#
# A fatal error has been detected by the Java Runtime Environment:
#
#  SIGSEGV (0xb) at pc=0x0000728050c80216, pid=64899, tid=64899
#
# JRE version: OpenJDK Runtime Environment (17.0.16+8) (build 17.0.16+8-Ubuntu-0ubuntu122.04.1)
# Java VM: OpenJDK 64-Bit Server VM (17.0.16+8-Ubuntu-0ubuntu122.04.1, mixed mode, sharing, tiered, compressed oops, compressed class ptrs, g1 gc, linux-amd64)
# Problematic frame:
# C  0x0000000000000000
#
# Core dump will be written. Default location: Core dumps may be processed with "/usr/share/apport/apport -p%p -s%s -c%c -d%d -P%P -u%u -g%g -F%F -- %E" (or dumping to /home/ubuntu/tbazzocchi/FRAG/MedRAG/core.64899)
#
# If you would like to submit a bug report, please visit:
#   https://bugs.launchpad.net/ubuntu/+source/openjdk-17
# The crash happened outside the Java Virtual Machine in native code.
# See problematic frame for where to report the bug.
#

---------------  S U M M A R Y ------------

Command Line: 

Host: Intel(R) Xeon(R) W-2255 CPU @ 3.70GHz, 20 cores, 377G, Ubuntu 22.04.4 LTS
Time: Fri Dec 19 18:37:33 2025 UTC elapsed time: 286.766752 seconds (0d 0h 4m 46s)

---------------  T H R E A D  ---------------

Current thread (0x0000651053867ce0):  JavaThread "main" [_thread_in_native, id=64899, stack(0x00007ffc842ad000,0x00007ffc843ad000)]

Stack: [0x00007ffc842ad000,0x00007ffc843ad000],  sp=0x00007ffc843a3330,  free space=984k

siginfo: si_signo: 11 (SIGSEGV), si_code: 2 (SEGV_ACCERR), si_addr: 0x0000728050c80216

Registers:
RAX=0x0000000000000124, RBX=0x000072761dc50f60, RCX=0x000072761e200fa0, RDX=0x000072761e1e76a0
RSP=0x00007ffc843a3328, RBP=0x0000000000000400, RSI=0x0000000000000c05, RDI=0x0000000000003800
R8 =0x0000000000007000, R9 =0x0000727976fcb080, R10=0x0000000000003800, R11=0x00007279920aa420
R12=0x0000000000000004, R13=0x000072761e1cb6a0, R14=0x0000727976fcd780, R15=0x0000000000015000
RIP=0x0000728050c80216, EFLAGS=0x0000000000010206, CSGSFS=0x002b000000000033, ERR=0x0000000000000015
  TRAPNO=0x000000000000000e

XMM[0]=0x3c5c5aebbb0f02f8 0xbbe3b5a43c45a002
XMM[1]=0x3c868aaebc85480c 0xbc149584bbd93061
XMM[2]=0xbbf16470bc4754fe 0xbbd7119bbb4bf1fb
XMM[3]=0xbbfceed8bb2ad066 0xbbab439bbac9ff30
XMM[4]=0x3b939b90bbc588a0 0x3bc8dec4ba98d458
XMM[5]=0x3b6b06083bb94486 0xba08bca8ba5ea0da
XMM[6]=0x3bab6ca83bb6b7cc 0x3bfb38c63bb13331
XMM[7]=0x3c5b86afbae74fc2 0x3934ac703b2b6182
XMM[8]=0xbb503c10bc693d25 0xbd803c41bc783dbc
XMM[9]=0x3c4dcbea3c6336e2 0xbc29a17e3bdd27ee
XMM[10]=0xbb96a946bc8a8516 0xbccaa9263d07cae8
XMM[11]=0xbb1fadca3c954aea 0x3cef27683c61de1f
XMM[12]=0x3c1000003d250000 0x3c4100003dbc0000
XMM[13]=0x3ca30000bc0a0000 0xbc6900003c1b0000
XMM[14]=0x0000000000000000 0x0000000000000000
XMM[15]=0x3f8000003f800000 0x3f8000003f800000
  MXCSR=0x00001fa3


Register to memory mapping:

RAX=0x0000000000000124 is an unknown value
RBX=0x000072761dc50f60 points into unknown readable memory: 0xb9dc3ba7bc253c14 | 14 3c 25 bc a7 3b dc b9
RCX=0x000072761e200fa0 points into unknown readable memory: 0xb81c3ba4bca1bc66 | 66 bc a1 bc a4 3b 1c b8
RDX=0x000072761e1e76a0 points into unknown readable memory: 0x3c42bc53ba3fbc9a | 9a bc 3f ba 53 bc 42 3c
RSP=0x00007ffc843a3328 is pointing into the stack for thread: 0x0000651053867ce0
RBP=0x0000000000000400 is an unknown value
RSI=0x0000000000000c05 is an unknown value
RDI=0x0000000000003800 is an unknown value
R8 =0x0000000000007000 is an unknown value
R9 =0x0000727976fcb080 points into unknown readable memory: 0xbc5f3d47bd3c3d7d | 7d 3d 3c bd 47 3d 5f bc
R10=0x0000000000003800 is an unknown value
R11=0x00007279920aa420 points into unknown readable memory: 0x0000000000000000 | 00 00 00 00 00 00 00 00
R12=0x0000000000000004 is an unknown value
R13=0x000072761e1cb6a0 points into unknown readable memory: 0x3cc1bb373bb83beb | eb 3b b8 3b 37 bb c1 3c
R14=0x0000727976fcd780 points into unknown readable memory: 0x3c983b23bcaeb989 | 89 b9 ae bc 23 3b 98 3c
R15=0x0000000000015000 is an unknown value


Top of Stack: (sp=0x00007ffc843a3328)
0x00007ffc843a3328:   0000000000000000 0000000000003800
0x00007ffc843a3338:   0000000000000000 0000000000000001
0x00007ffc843a3348:   000072761dc50f60 00007ffc843a3c70
0x00007ffc843a3358:   0000728323e225cd 00007ffc843a3420
0x00007ffc843a3368:   00007279920aa080 00007ffc843a3428
0x00007ffc843a3378:   0000728323e21968 0000000000000000
0x00007ffc843a3388:   0000000000000000 0000000000000000
0x00007ffc843a3398:   0000000000000000 0000000000000000
0x00007ffc843a33a8:   0000000000000000 0000000000000000
0x00007ffc843a33b8:   0000000000000000 0000000000000000
0x00007ffc843a33c8:   00007ffc843a3fc0 0000000000003800
0x00007ffc843a33d8:   0000727976fcb040 00007279920aa080
0x00007ffc843a33e8:   0000000000000ccd 000000003f800000
0x00007ffc843a33f8:   0000000000003800 3f80000000080010
0x00007ffc843a3408:   0000000000003800 0000000000000ccd
0x00007ffc843a3418:   0000000000003800 0000000000000001
0x00007ffc843a3428:   0000000000000001 0000000000000007
0x00007ffc843a3438:   00000000000000ff 3bed3be2bbea3c65
0x00007ffc843a3448:   3bcc39183c02b8df 3bf0ba87baf63bb7
0x00007ffc843a3458:   3c3abc23bbf0bc44 bbfab9573c95bb51
0x00007ffc843a3468:   bb78bc453c013c84 bbf3bc6f3a953c7e
0x00007ffc843a3478:   bc383b8e3c51bc7d 3c33bb80bc273bf7
0x00007ffc843a3488:   bc503be53bb43ada bc9fbc22bc1eba54
0x00007ffc843a3498:   3c18bbcc3ada3c02 bbfa00003c950000
0x00007ffc843a34a8:   bb7800003c010000 bbf300003a950000
0x00007ffc843a34b8:   bc3800003c510000 3a3e3abc3a3e3abc
0x00007ffc843a34c8:   3a3e3abc3a3e3abc 3a3e3abc3a3e3abc
0x00007ffc843a34d8:   3a3e3abc3a3e3abc 3d4fbb0f3d4fbb0f
0x00007ffc843a34e8:   3d4fbb0f3d4fbb0f 3d4fbb0f3d4fbb0f
0x00007ffc843a34f8:   3d4fbb0f3d4fbb0f 3d4f00003d4f0000
0x00007ffc843a3508:   3d4f00003d4f0000 3d4f00003d4f0000
0x00007ffc843a3518:   3d4f00003d4f0000 0000000000000000 

Instructions: (pc=0x0000000000000000)
0xffffffffffffff00:   


Stack slot to memory mapping:
stack at sp + 0 slots: 0x0000000000003800 is an unknown value
stack at sp + 1 slots: 0x0 is NULL
stack at sp + 2 slots: 0x0000000000000001 is an unknown value
stack at sp + 3 slots: 0x000072761dc50f60 points into unknown readable memory: 0xb9dc3ba7bc253c14 | 14 3c 25 bc a7 3b dc b9
stack at sp + 4 slots: 0x00007ffc843a3c70 is pointing into the stack for thread: 0x0000651053867ce0
stack at sp + 5 slots: 0x0000728323e225cd: <offset 0x000000000ee6f5cd> in /home/ubuntu/.local/lib/python3.10/site-packages/torch/lib/libtorch_cpu.so at 0x0000728314fb3000
stack at sp + 6 slots: 0x00007ffc843a3420 is pointing into the stack for thread: 0x0000651053867ce0
stack at sp + 7 slots: 0x00007279920aa080 points into unknown readable memory: 0xbd64cd55bd9e5c3a | 3a 5c 9e bd 55 cd 64 bd


---------------  P R O C E S S  ---------------

Threads class SMR info:
_java_thread_list=0x0000727a68000f90, length=12, elements={
0x0000651053867ce0, 0x0000651055a90b20, 0x0000651055a92270, 0x0000651055a966e0,
0x0000651055a97e00, 0x0000651055a99580, 0x0000651055a9af40, 0x0000651055a9c7e0,
0x0000651055a9dfc0, 0x0000651055aa5230, 0x0000651055ac7b50, 0x00007280b00011d0
}

Java Threads: ( => current thread )
=>0x0000651053867ce0 JavaThread "main" [_thread_in_native, id=64899, stack(0x00007ffc842ad000,0x00007ffc843ad000)]
  0x0000651055a90b20 JavaThread "Reference Handler" daemon [_thread_blocked, id=64965, stack(0x000072811d093000,0x000072811d193000)]
  0x0000651055a92270 JavaThread "Finalizer" daemon [_thread_blocked, id=64966, stack(0x000072811cf93000,0x000072811d093000)]
  0x0000651055a966e0 JavaThread "Signal Dispatcher" daemon [_thread_blocked, id=64967, stack(0x000072811ce93000,0x000072811cf93000)]
  0x0000651055a97e00 JavaThread "Service Thread" daemon [_thread_blocked, id=64968, stack(0x000072811cd93000,0x000072811ce93000)]
  0x0000651055a99580 JavaThread "Monitor Deflation Thread" daemon [_thread_blocked, id=64969, stack(0x000072811cc93000,0x000072811cd93000)]
  0x0000651055a9af40 JavaThread "C2 CompilerThread0" daemon [_thread_blocked, id=64970, stack(0x000072811cb93000,0x000072811cc93000)]
  0x0000651055a9c7e0 JavaThread "C1 CompilerThread0" daemon [_thread_blocked, id=64971, stack(0x000072811ca93000,0x000072811cb93000)]
  0x0000651055a9dfc0 JavaThread "Sweeper thread" daemon [_thread_blocked, id=64972, stack(0x000072811c993000,0x000072811ca93000)]
  0x0000651055aa5230 JavaThread "Notification Thread" daemon [_thread_blocked, id=64973, stack(0x000072811c893000,0x000072811c993000)]
  0x0000651055ac7b50 JavaThread "Common-Cleaner" daemon [_thread_blocked, id=64975, stack(0x000072811c592000,0x000072811c692000)]
  0x00007280b00011d0 JavaThread "SIGHUP handler" daemon [_thread_blocked, id=65780, stack(0x000072811c492000,0x000072811c592000)]

Other Threads:
  0x00006510537bb630 VMThread "VM Thread" [stack: 0x000072811d194000,0x000072811d294000] [id=64964]
  0x00006510534f0240 GCTaskThread "GC Thread#0" [stack: 0x000072811d76a000,0x000072811d86a000] [id=64959]
  0x00007281040075a0 GCTaskThread "GC Thread#1" [stack: 0x0000727bd71ff000,0x0000727bd72ff000] [id=65294]
  0x00007281040080b0 GCTaskThread "GC Thread#2" [stack: 0x0000727bd70fe000,0x0000727bd71fe000] [id=65295]
  0x0000728104008b00 GCTaskThread "GC Thread#3" [stack: 0x0000727bd6ffd000,0x0000727bd70fd000] [id=65296]
  0x0000728104009610 GCTaskThread "GC Thread#4" [stack: 0x0000727bd6efc000,0x0000727bd6ffc000] [id=65297]
  0x000072810400a120 GCTaskThread "GC Thread#5" [stack: 0x0000727bd6dfb000,0x0000727bd6efb000] [id=65298]
  0x000072810400aca0 GCTaskThread "GC Thread#6" [stack: 0x0000727bd6cfa000,0x0000727bd6dfa000] [id=65299]
  0x000072810400b910 GCTaskThread "GC Thread#7" [stack: 0x0000727bd6bf9000,0x0000727bd6cf9000] [id=65300]
  0x000072810400c580 GCTaskThread "GC Thread#8" [stack: 0x0000727bd6af8000,0x0000727bd6bf8000] [id=65301]
  0x000072810400d5e0 GCTaskThread "GC Thread#9" [stack: 0x0000727bd69f7000,0x0000727bd6af7000] [id=65302]
  0x000072810400e640 GCTaskThread "GC Thread#10" [stack: 0x0000727bd68f6000,0x0000727bd69f6000] [id=65303]
  0x000072810400f6a0 GCTaskThread "GC Thread#11" [stack: 0x0000727bd67f5000,0x0000727bd68f5000] [id=65304]
  0x0000728104010700 GCTaskThread "GC Thread#12" [stack: 0x0000727bd66f4000,0x0000727bd67f4000] [id=65305]
  0x0000728104011760 GCTaskThread "GC Thread#13" [stack: 0x0000727bd65f3000,0x0000727bd66f3000] [id=65306]
  0x00007281040127c0 GCTaskThread "GC Thread#14" [stack: 0x0000727bd64f2000,0x0000727bd65f2000] [id=65307]
  0x000065105490a0e0 ConcurrentGCThread "G1 Main Marker" terminated
  0x000065105490a860 ConcurrentGCThread "G1 Conc#0" [stack: 0x000072811d568000,0x000072811d668000] [id=64961]
  0x00006510537da430 ConcurrentGCThread "G1 Refine#0" terminated
  0x00006510537e3bf0 ConcurrentGCThread "G1 Service" terminated

Threads with active compile tasks:
C1 CompilerThread0  
[error occurred during error reporting (printing all threads), id 0xb, SIGSEGV (0xb) at pc=0x000072817c7cbd05]

VM state: at safepoint (shutting down)

VM Mutex/Monitor currently owned by a thread:  ([mutex/lock_event])
[0x00006510534ad530] Threads_lock - owner thread: 0x00006510537bb630
[0x0000651052dca8f0] Heap_lock - owner thread: 0x00007280b00011d0

Heap address: 0x0000000082000000, size: 30688 MB, Compressed Oops mode: Zero based, Oop shift amount: 3

CDS archive(s) mapped at: [0x00007280bf000000-0x00007280bfbca000-0x00007280bfbca000), size 12361728, SharedBaseAddress: 0x00007280bf000000, ArchiveRelocationMode: 1.
Compressed class space mapped at: 0x00007280c0000000-0x0000728100000000, reserved size: 1073741824
Narrow klass base: 0x00007280bf000000, Narrow klass shift: 0, Narrow klass range: 0x100000000

GC Precious Log:
 CPUs: 20 total, 20 available
 Memory: 377G
 Large Page Support: Disabled
 NUMA Support: Disabled
 Compressed Oops: Enabled (Zero based)
 Heap Region Size: 16M
 Heap Min Capacity: 16M
 Heap Initial Capacity: 2G
 Heap Max Capacity: 30688M
 Pre-touch: Disabled
 Parallel Workers: 15
 Concurrent Workers: 4
 Concurrent Refinement Workers: 15
 Periodic GC: Disabled

Heap:
 garbage-first heap   total 2129920K, used 41921K [0x0000000082000000, 0x0000000800000000)
  region size 16384K, 3 young (49152K), 1 survivors (16384K)
 Metaspace       used 18598K, committed 18752K, reserved 1114112K
  class space    used 2167K, committed 2240K, reserved 1048576K

Heap Regions: E=young(eden), S=young(survivor), O=old, HS=humongous(starts), HC=humongous(continues), CS=collection set, F=free, OA=open archive, CA=closed archive, TAMS=top-at-mark-start (previous, next)
|   0|0x0000000082000000, 0x0000000082000000, 0x0000000083000000|  0%| F|  |TAMS 0x0000000082000000, 0x0000000082000000| Untracked 
|   1|0x0000000083000000, 0x0000000083000000, 0x0000000084000000|  0%| F|  |TAMS 0x0000000083000000, 0x0000000083000000| Untracked 
|   2|0x0000000084000000, 0x0000000084000000, 0x0000000085000000|  0%| F|  |TAMS 0x0000000084000000, 0x0000000084000000| Untracked 
|   3|0x0000000085000000, 0x0000000085000000, 0x0000000086000000|  0%| F|  |TAMS 0x0000000085000000, 0x0000000085000000| Untracked 
|   4|0x0000000086000000, 0x0000000086000000, 0x0000000087000000|  0%| F|  |TAMS 0x0000000086000000, 0x0000000086000000| Untracked 
|   5|0x0000000087000000, 0x0000000087000000, 0x0000000088000000|  0%| F|  |TAMS 0x0000000087000000, 0x0000000087000000| Untracked 
|   6|0x0000000088000000, 0x0000000088000000, 0x0000000089000000|  0%| F|  |TAMS 0x0000000088000000, 0x0000000088000000| Untracked 
|   7|0x0000000089000000, 0x0000000089000000, 0x000000008a000000|  0%| F|  |TAMS 0x0000000089000000, 0x0000000089000000| Untracked 
|   8|0x000000008a000000, 0x000000008a000000, 0x000000008b000000|  0%| F|  |TAMS 0x000000008a000000, 0x000000008a000000| Untracked 
|   9|0x000000008b000000, 0x000000008b000000, 0x000000008c000000|  0%| F|  |TAMS 0x000000008b000000, 0x000000008b000000| Untracked 
|  10|0x000000008c000000, 0x000000008c000000, 0x000000008d000000|  0%| F|  |TAMS 0x000000008c000000, 0x000000008c000000| Untracked 
|  11|0x000000008d000000, 0x000000008d000000, 0x000000008e000000|  0%| F|  |TAMS 0x000000008d000000, 0x000000008d000000| Untracked 
|  12|0x000000008e000000, 0x000000008e000000, 0x000000008f000000|  0%| F|  |TAMS 0x000000008e000000, 0x000000008e000000| Untracked 
|  13|0x000000008f000000, 0x000000008f000000, 0x0000000090000000|  0%| F|  |TAMS 0x000000008f000000, 0x000000008f000000| Untracked 
|  14|0x0000000090000000, 0x0000000090000000, 0x0000000091000000|  0%| F|  |TAMS 0x0000000090000000, 0x0000000090000000| Untracked 
|  15|0x0000000091000000, 0x0000000091000000, 0x0000000092000000|  0%| F|  |TAMS 0x0000000091000000, 0x0000000091000000| Untracked 
|  16|0x0000000092000000, 0x0000000092000000, 0x0000000093000000|  0%| F|  |TAMS 0x0000000092000000, 0x0000000092000000| Untracked 
|  17|0x0000000093000000, 0x0000000093000000, 0x0000000094000000|  0%| F|  |TAMS 0x0000000093000000, 0x0000000093000000| Untracked 
|  18|0x0000000094000000, 0x0000000094000000, 0x0000000095000000|  0%| F|  |TAMS 0x0000000094000000, 0x0000000094000000| Untracked 
|  19|0x0000000095000000, 0x0000000095000000, 0x0000000096000000|  0%| F|  |TAMS 0x0000000095000000, 0x0000000095000000| Untracked 
|  20|0x0000000096000000, 0x0000000096000000, 0x0000000097000000|  0%| F|  |TAMS 0x0000000096000000, 0x0000000096000000| Untracked 
|  21|0x0000000097000000, 0x0000000097000000, 0x0000000098000000|  0%| F|  |TAMS 0x0000000097000000, 0x0000000097000000| Untracked 
|  22|0x0000000098000000, 0x0000000098000000, 0x0000000099000000|  0%| F|  |TAMS 0x0000000098000000, 0x0000000098000000| Untracked 
|  23|0x0000000099000000, 0x0000000099000000, 0x000000009a000000|  0%| F|  |TAMS 0x0000000099000000, 0x0000000099000000| Untracked 
|  24|0x000000009a000000, 0x000000009a000000, 0x000000009b000000|  0%| F|  |TAMS 0x000000009a000000, 0x000000009a000000| Untracked 
|  25|0x000000009b000000, 0x000000009b000000, 0x000000009c000000|  0%| F|  |TAMS 0x000000009b000000, 0x000000009b000000| Untracked 
|  26|0x000000009c000000, 0x000000009c000000, 0x000000009d000000|  0%| F|  |TAMS 0x000000009c000000, 0x000000009c000000| Untracked 
|  27|0x000000009d000000, 0x000000009d000000, 0x000000009e000000|  0%| F|  |TAMS 0x000000009d000000, 0x000000009d000000| Untracked 
|  28|0x000000009e000000, 0x000000009e000000, 0x000000009f000000|  0%| F|  |TAMS 0x000000009e000000, 0x000000009e000000| Untracked 
|  29|0x000000009f000000, 0x000000009f000000, 0x00000000a0000000|  0%| F|  |TAMS 0x000000009f000000, 0x000000009f000000| Untracked 
|  30|0x00000000a0000000, 0x00000000a0000000, 0x00000000a1000000|  0%| F|  |TAMS 0x00000000a0000000, 0x00000000a0000000| Untracked 
|  31|0x00000000a1000000, 0x00000000a1000000, 0x00000000a2000000|  0%| F|  |TAMS 0x00000000a1000000, 0x00000000a1000000| Untracked 
|  32|0x00000000a2000000, 0x00000000a2000000, 0x00000000a3000000|  0%| F|  |TAMS 0x00000000a2000000, 0x00000000a2000000| Untracked 
|  33|0x00000000a3000000, 0x00000000a3000000, 0x00000000a4000000|  0%| F|  |TAMS 0x00000000a3000000, 0x00000000a3000000| Untracked 
|  34|0x00000000a4000000, 0x00000000a4000000, 0x00000000a5000000|  0%| F|  |TAMS 0x00000000a4000000, 0x00000000a4000000| Untracked 
|  35|0x00000000a5000000, 0x00000000a5000000, 0x00000000a6000000|  0%| F|  |TAMS 0x00000000a5000000, 0x00000000a5000000| Untracked 
|  36|0x00000000a6000000, 0x00000000a6000000, 0x00000000a7000000|  0%| F|  |TAMS 0x00000000a6000000, 0x00000000a6000000| Untracked 
|  37|0x00000000a7000000, 0x00000000a7000000, 0x00000000a8000000|  0%| F|  |TAMS 0x00000000a7000000, 0x00000000a7000000| Untracked 
|  38|0x00000000a8000000, 0x00000000a8000000, 0x00000000a9000000|  0%| F|  |TAMS 0x00000000a8000000, 0x00000000a8000000| Untracked 
|  39|0x00000000a9000000, 0x00000000a9000000, 0x00000000aa000000|  0%| F|  |TAMS 0x00000000a9000000, 0x00000000a9000000| Untracked 
|  40|0x00000000aa000000, 0x00000000aa000000, 0x00000000ab000000|  0%| F|  |TAMS 0x00000000aa000000, 0x00000000aa000000| Untracked 
|  41|0x00000000ab000000, 0x00000000ab000000, 0x00000000ac000000|  0%| F|  |TAMS 0x00000000ab000000, 0x00000000ab000000| Untracked 
|  42|0x00000000ac000000, 0x00000000ac000000, 0x00000000ad000000|  0%| F|  |TAMS 0x00000000ac000000, 0x00000000ac000000| Untracked 
|  43|0x00000000ad000000, 0x00000000ad000000, 0x00000000ae000000|  0%| F|  |TAMS 0x00000000ad000000, 0x00000000ad000000| Untracked 
|  44|0x00000000ae000000, 0x00000000ae000000, 0x00000000af000000|  0%| F|  |TAMS 0x00000000ae000000, 0x00000000ae000000| Untracked 
|  45|0x00000000af000000, 0x00000000af000000, 0x00000000b0000000|  0%| F|  |TAMS 0x00000000af000000, 0x00000000af000000| Untracked 
|  46|0x00000000b0000000, 0x00000000b0000000, 0x00000000b1000000|  0%| F|  |TAMS 0x00000000b0000000, 0x00000000b0000000| Untracked 
|  47|0x00000000b1000000, 0x00000000b1000000, 0x00000000b2000000|  0%| F|  |TAMS 0x00000000b1000000, 0x00000000b1000000| Untracked 
|  48|0x00000000b2000000, 0x00000000b2000000, 0x00000000b3000000|  0%| F|  |TAMS 0x00000000b2000000, 0x00000000b2000000| Untracked 
|  49|0x00000000b3000000, 0x00000000b3000000, 0x00000000b4000000|  0%| F|  |TAMS 0x00000000b3000000, 0x00000000b3000000| Untracked 
|  50|0x00000000b4000000, 0x00000000b4000000, 0x00000000b5000000|  0%| F|  |TAMS 0x00000000b4000000, 0x00000000b4000000| Untracked 
|  51|0x00000000b5000000, 0x00000000b5000000, 0x00000000b6000000|  0%| F|  |TAMS 0x00000000b5000000, 0x00000000b5000000| Untracked 
|  52|0x00000000b6000000, 0x00000000b6000000, 0x00000000b7000000|  0%| F|  |TAMS 0x00000000b6000000, 0x00000000b6000000| Untracked 
|  53|0x00000000b7000000, 0x00000000b7000000, 0x00000000b8000000|  0%| F|  |TAMS 0x00000000b7000000, 0x00000000b7000000| Untracked 
|  54|0x00000000b8000000, 0x00000000b8000000, 0x00000000b9000000|  0%| F|  |TAMS 0x00000000b8000000, 0x00000000b8000000| Untracked 
|  55|0x00000000b9000000, 0x00000000b9000000, 0x00000000ba000000|  0%| F|  |TAMS 0x00000000b9000000, 0x00000000b9000000| Untracked 
|  56|0x00000000ba000000, 0x00000000ba000000, 0x00000000bb000000|  0%| F|  |TAMS 0x00000000ba000000, 0x00000000ba000000| Untracked 
|  57|0x00000000bb000000, 0x00000000bb000000, 0x00000000bc000000|  0%| F|  |TAMS 0x00000000bb000000, 0x00000000bb000000| Untracked 
|  58|0x00000000bc000000, 0x00000000bc000000, 0x00000000bd000000|  0%| F|  |TAMS 0x00000000bc000000, 0x00000000bc000000| Untracked 
|  59|0x00000000bd000000, 0x00000000bd000000, 0x00000000be000000|  0%| F|  |TAMS 0x00000000bd000000, 0x00000000bd000000| Untracked 
|  60|0x00000000be000000, 0x00000000be000000, 0x00000000bf000000|  0%| F|  |TAMS 0x00000000be000000, 0x00000000be000000| Untracked 
|  61|0x00000000bf000000, 0x00000000bf000000, 0x00000000c0000000|  0%| F|  |TAMS 0x00000000bf000000, 0x00000000bf000000| Untracked 
|  62|0x00000000c0000000, 0x00000000c0000000, 0x00000000c1000000|  0%| F|  |TAMS 0x00000000c0000000, 0x00000000c0000000| Untracked 
|  63|0x00000000c1000000, 0x00000000c1000000, 0x00000000c2000000|  0%| F|  |TAMS 0x00000000c1000000, 0x00000000c1000000| Untracked 
|  64|0x00000000c2000000, 0x00000000c2000000, 0x00000000c3000000|  0%| F|  |TAMS 0x00000000c2000000, 0x00000000c2000000| Untracked 
|  65|0x00000000c3000000, 0x00000000c3000000, 0x00000000c4000000|  0%| F|  |TAMS 0x00000000c3000000, 0x00000000c3000000| Untracked 
|  66|0x00000000c4000000, 0x00000000c4000000, 0x00000000c5000000|  0%| F|  |TAMS 0x00000000c4000000, 0x00000000c4000000| Untracked 
|  67|0x00000000c5000000, 0x00000000c5000000, 0x00000000c6000000|  0%| F|  |TAMS 0x00000000c5000000, 0x00000000c5000000| Untracked 
|  68|0x00000000c6000000, 0x00000000c6000000, 0x00000000c7000000|  0%| F|  |TAMS 0x00000000c6000000, 0x00000000c6000000| Untracked 
|  69|0x00000000c7000000, 0x00000000c7000000, 0x00000000c8000000|  0%| F|  |TAMS 0x00000000c7000000, 0x00000000c7000000| Untracked 
|  70|0x00000000c8000000, 0x00000000c8000000, 0x00000000c9000000|  0%| F|  |TAMS 0x00000000c8000000, 0x00000000c8000000| Untracked 
|  71|0x00000000c9000000, 0x00000000c9000000, 0x00000000ca000000|  0%| F|  |TAMS 0x00000000c9000000, 0x00000000c9000000| Untracked 
|  72|0x00000000ca000000, 0x00000000ca000000, 0x00000000cb000000|  0%| F|  |TAMS 0x00000000ca000000, 0x00000000ca000000| Untracked 
|  73|0x00000000cb000000, 0x00000000cb000000, 0x00000000cc000000|  0%| F|  |TAMS 0x00000000cb000000, 0x00000000cb000000| Untracked 
|  74|0x00000000cc000000, 0x00000000cc000000, 0x00000000cd000000|  0%| F|  |TAMS 0x00000000cc000000, 0x00000000cc000000| Untracked 
|  75|0x00000000cd000000, 0x00000000cd000000, 0x00000000ce000000|  0%| F|  |TAMS 0x00000000cd000000, 0x00000000cd000000| Untracked 
|  76|0x00000000ce000000, 0x00000000ce000000, 0x00000000cf000000|  0%| F|  |TAMS 0x00000000ce000000, 0x00000000ce000000| Untracked 
|  77|0x00000000cf000000, 0x00000000cf000000, 0x00000000d0000000|  0%| F|  |TAMS 0x00000000cf000000, 0x00000000cf000000| Untracked 
|  78|0x00000000d0000000, 0x00000000d0000000, 0x00000000d1000000|  0%| F|  |TAMS 0x00000000d0000000, 0x00000000d0000000| Untracked 
|  79|0x00000000d1000000, 0x00000000d1000000, 0x00000000d2000000|  0%| F|  |TAMS 0x00000000d1000000, 0x00000000d1000000| Untracked 
|  80|0x00000000d2000000, 0x00000000d2000000, 0x00000000d3000000|  0%| F|  |TAMS 0x00000000d2000000, 0x00000000d2000000| Untracked 
|  81|0x00000000d3000000, 0x00000000d3000000, 0x00000000d4000000|  0%| F|  |TAMS 0x00000000d3000000, 0x00000000d3000000| Untracked 
|  82|0x00000000d4000000, 0x00000000d4000000, 0x00000000d5000000|  0%| F|  |TAMS 0x00000000d4000000, 0x00000000d4000000| Untracked 
|  83|0x00000000d5000000, 0x00000000d5000000, 0x00000000d6000000|  0%| F|  |TAMS 0x00000000d5000000, 0x00000000d5000000| Untracked 
|  84|0x00000000d6000000, 0x00000000d6000000, 0x00000000d7000000|  0%| F|  |TAMS 0x00000000d6000000, 0x00000000d6000000| Untracked 
|  85|0x00000000d7000000, 0x00000000d7000000, 0x00000000d8000000|  0%| F|  |TAMS 0x00000000d7000000, 0x00000000d7000000| Untracked 
|  86|0x00000000d8000000, 0x00000000d8000000, 0x00000000d9000000|  0%| F|  |TAMS 0x00000000d8000000, 0x00000000d8000000| Untracked 
|  87|0x00000000d9000000, 0x00000000d9000000, 0x00000000da000000|  0%| F|  |TAMS 0x00000000d9000000, 0x00000000d9000000| Untracked 
|  88|0x00000000da000000, 0x00000000da000000, 0x00000000db000000|  0%| F|  |TAMS 0x00000000da000000, 0x00000000da000000| Untracked 
|  89|0x00000000db000000, 0x00000000db000000, 0x00000000dc000000|  0%| F|  |TAMS 0x00000000db000000, 0x00000000db000000| Untracked 
|  90|0x00000000dc000000, 0x00000000dc000000, 0x00000000dd000000|  0%| F|  |TAMS 0x00000000dc000000, 0x00000000dc000000| Untracked 
|  91|0x00000000dd000000, 0x00000000dd000000, 0x00000000de000000|  0%| F|  |TAMS 0x00000000dd000000, 0x00000000dd000000| Untracked 
|  92|0x00000000de000000, 0x00000000de000000, 0x00000000df000000|  0%| F|  |TAMS 0x00000000de000000, 0x00000000de000000| Untracked 
|  93|0x00000000df000000, 0x00000000df000000, 0x00000000e0000000|  0%| F|  |TAMS 0x00000000df000000, 0x00000000df000000| Untracked 
|  94|0x00000000e0000000, 0x00000000e0000000, 0x00000000e1000000|  0%| F|  |TAMS 0x00000000e0000000, 0x00000000e0000000| Untracked 
|  95|0x00000000e1000000, 0x00000000e1000000, 0x00000000e2000000|  0%| F|  |TAMS 0x00000000e1000000, 0x00000000e1000000| Untracked 
|  96|0x00000000e2000000, 0x00000000e2000000, 0x00000000e3000000|  0%| F|  |TAMS 0x00000000e2000000, 0x00000000e2000000| Untracked 
|  97|0x00000000e3000000, 0x00000000e3000000, 0x00000000e4000000|  0%| F|  |TAMS 0x00000000e3000000, 0x00000000e3000000| Untracked 
|  98|0x00000000e4000000, 0x00000000e4000000, 0x00000000e5000000|  0%| F|  |TAMS 0x00000000e4000000, 0x00000000e4000000| Untracked 
|  99|0x00000000e5000000, 0x00000000e5000000, 0x00000000e6000000|  0%| F|  |TAMS 0x00000000e5000000, 0x00000000e5000000| Untracked 
| 100|0x00000000e6000000, 0x00000000e6000000, 0x00000000e7000000|  0%| F|  |TAMS 0x00000000e6000000, 0x00000000e6000000| Untracked 
| 101|0x00000000e7000000, 0x00000000e7000000, 0x00000000e8000000|  0%| F|  |TAMS 0x00000000e7000000, 0x00000000e7000000| Untracked 
| 102|0x00000000e8000000, 0x00000000e8000000, 0x00000000e9000000|  0%| F|  |TAMS 0x00000000e8000000, 0x00000000e8000000| Untracked 
| 103|0x00000000e9000000, 0x00000000e9000000, 0x00000000ea000000|  0%| F|  |TAMS 0x00000000e9000000, 0x00000000e9000000| Untracked 
| 104|0x00000000ea000000, 0x00000000ea000000, 0x00000000eb000000|  0%| F|  |TAMS 0x00000000ea000000, 0x00000000ea000000| Untracked 
| 105|0x00000000eb000000, 0x00000000eb000000, 0x00000000ec000000|  0%| F|  |TAMS 0x00000000eb000000, 0x00000000eb000000| Untracked 
| 106|0x00000000ec000000, 0x00000000ec000000, 0x00000000ed000000|  0%| F|  |TAMS 0x00000000ec000000, 0x00000000ec000000| Untracked 
| 107|0x00000000ed000000, 0x00000000ed000000, 0x00000000ee000000|  0%| F|  |TAMS 0x00000000ed000000, 0x00000000ed000000| Untracked 
| 108|0x00000000ee000000, 0x00000000ee000000, 0x00000000ef000000|  0%| F|  |TAMS 0x00000000ee000000, 0x00000000ee000000| Untracked 
| 109|0x00000000ef000000, 0x00000000ef000000, 0x00000000f0000000|  0%| F|  |TAMS 0x00000000ef000000, 0x00000000ef000000| Untracked 
| 110|0x00000000f0000000, 0x00000000f0000000, 0x00000000f1000000|  0%| F|  |TAMS 0x00000000f0000000, 0x00000000f0000000| Untracked 
| 111|0x00000000f1000000, 0x00000000f1000000, 0x00000000f2000000|  0%| F|  |TAMS 0x00000000f1000000, 0x00000000f1000000| Untracked 
| 112|0x00000000f2000000, 0x00000000f2000000, 0x00000000f3000000|  0%| F|  |TAMS 0x00000000f2000000, 0x00000000f2000000| Untracked 
| 113|0x00000000f3000000, 0x00000000f3000000, 0x00000000f4000000|  0%| F|  |TAMS 0x00000000f3000000, 0x00000000f3000000| Untracked 
| 114|0x00000000f4000000, 0x00000000f4000000, 0x00000000f5000000|  0%| F|  |TAMS 0x00000000f4000000, 0x00000000f4000000| Untracked 
| 115|0x00000000f5000000, 0x00000000f5000000, 0x00000000f6000000|  0%| F|  |TAMS 0x00000000f5000000, 0x00000000f5000000| Untracked 
| 116|0x00000000f6000000, 0x00000000f6000000, 0x00000000f7000000|  0%| F|  |TAMS 0x00000000f6000000, 0x00000000f6000000| Untracked 
| 117|0x00000000f7000000, 0x00000000f7000000, 0x00000000f8000000|  0%| F|  |TAMS 0x00000000f7000000, 0x00000000f7000000| Untracked 
| 118|0x00000000f8000000, 0x00000000f8000000, 0x00000000f9000000|  0%| F|  |TAMS 0x00000000f8000000, 0x00000000f8000000| Untracked 
| 119|0x00000000f9000000, 0x00000000f9000000, 0x00000000fa000000|  0%| F|  |TAMS 0x00000000f9000000, 0x00000000f9000000| Untracked 
| 120|0x00000000fa000000, 0x00000000fa000000, 0x00000000fb000000|  0%| F|  |TAMS 0x00000000fa000000, 0x00000000fa000000| Untracked 
| 121|0x00000000fb000000, 0x00000000fb903548, 0x00000000fc000000| 56%| S|CS|TAMS 0x00000000fb000000, 0x00000000fb000000| Complete 
| 122|0x00000000fc000000, 0x00000000fc000000, 0x00000000fd000000|  0%| F|  |TAMS 0x00000000fc000000, 0x00000000fc000000| Untracked 
| 123|0x00000000fd000000, 0x00000000fd000000, 0x00000000fe000000|  0%| F|  |TAMS 0x00000000fd000000, 0x00000000fd000000| Untracked 
| 124|0x00000000fe000000, 0x00000000fe000000, 0x00000000ff000000|  0%| F|  |TAMS 0x00000000fe000000, 0x00000000fe000000| Untracked 
| 125|0x00000000ff000000, 0x00000000ff000000, 0x0000000100000000|  0%| F|  |TAMS 0x00000000ff000000, 0x00000000ff000000| Untracked 
| 126|0x0000000100000000, 0x0000000100d5c810, 0x0000000101000000| 83%| E|  |TAMS 0x0000000100000000, 0x0000000100000000| Complete 
| 127|0x0000000101000000, 0x0000000102000000, 0x0000000102000000|100%| E|CS|TAMS 0x0000000101000000, 0x0000000101000000| Complete 
|1916|0x00000007fe000000, 0x00000007fef75000, 0x00000007ff000000| 96%|OA|  |TAMS 0x00000007fe000000, 0x00000007fe000000| Untracked 
|1917|0x00000007ff000000, 0x00000007ff078000, 0x0000000800000000|  2%|CA|  |TAMS 0x00000007ff000000, 0x00000007ff000000| Untracked 

Card table byte_map: [0x000072815d44e000,0x000072816103e000] _byte_map_base: 0x000072815d03e000

Marking Bits (Prev, Next): (CMBitMap*) 0x00006510548fa770, (CMBitMap*) 0x00006510548fa7b0
 Prev Bits: [0x000072813b8de000, 0x000072815985e000)
 Next Bits: [0x000072811d95e000, 0x000072813b8de000)

Polling page: 0x0000728332e3d000

Metaspace:

Usage:
  Non-class:     16.05 MB used.
      Class:      2.12 MB used.
       Both:     18.16 MB used.

Virtual space:
  Non-class space:       64.00 MB reserved,      16.12 MB ( 25%) committed,  1 nodes.
      Class space:        1.00 GB reserved,       2.19 MB ( <1%) committed,  1 nodes.
             Both:        1.06 GB reserved,      18.31 MB (  2%) committed. 

Chunk freelists:
   Non-Class:  15.25 MB
       Class:  13.82 MB
        Both:  29.07 MB

MaxMetaspaceSize: unlimited
CompressedClassSpaceSize: 1.00 GB
Initial GC threshold: 21.00 MB
Current GC threshold: 21.00 MB
CDS: on
MetaspaceReclaimPolicy: balanced
 - commit_granule_bytes: 65536.
 - commit_granule_words: 8192.
 - virtual_space_node_default_size: 8388608.
 - enlarge_chunks_in_place: 1.
 - new_chunks_are_fully_committed: 0.
 - uncommit_free_chunks: 1.
 - use_allocation_guard: 0.
 - handle_deallocations: 1.


Internal statistics:

num_allocs_failed_limit: 0.
num_arena_births: 200.
num_arena_deaths: 0.
num_vsnodes_births: 2.
num_vsnodes_deaths: 0.
num_space_committed: 293.
num_space_uncommitted: 0.
num_chunks_returned_to_freelist: 0.
num_chunks_taken_from_freelist: 715.
num_chunk_merges: 0.
num_chunk_splits: 513.
num_chunks_enlarged: 407.
num_inconsistent_stats: 0.

CodeHeap 'non-profiled nmethods': size=119168Kb used=2172Kb max_used=2172Kb free=116995Kb
 bounds [0x000072816c9a0000, 0x000072816cc10000, 0x0000728173e00000]
CodeHeap 'profiled nmethods': size=119164Kb used=4256Kb max_used=4256Kb free=114907Kb
 bounds [0x0000728164e00000, 0x0000728165230000, 0x000072816c25f000]
CodeHeap 'non-nmethods': size=7428Kb used=1232Kb max_used=3044Kb free=6195Kb
 bounds [0x000072816c25f000, 0x000072816c55f000, 0x000072816c9a0000]
 total_blobs=3190 nmethods=2660 adapters=443
 compilation: enabled
              stopped_count=0, restarted_count=0
 full_count=0

Compilation events (20 events):
Event: 118.068 Thread 0x000072809c5d03d0 nmethod 2635 0x000072816cba6510 code [0x000072816cba6680, 0x000072816cba66f8]
Event: 118.075 Thread 0x0000727bcc00c700 nmethod 2593 0x000072816cba6810 code [0x000072816cba6aa0, 0x000072816cba8d18]
Event: 118.077 Thread 0x0000727bd0035960 nmethod 2632 0x000072816cbaa110 code [0x000072816cbaa340, 0x000072816cbab1e8]
Event: 118.089 Thread 0x000072809c031890 nmethod 2608 0x000072816cbabe10 code [0x000072816cbac060, 0x000072816cbae018]
Event: 118.094 Thread 0x0000727bd00363d0 nmethod 2588 0x000072816cbaf110 code [0x000072816cbaf3e0, 0x000072816cbb1b90]
Event: 118.099 Thread 0x0000651055a9af40 nmethod 2600 0x000072816cbb3510 code [0x000072816cbb37a0, 0x000072816cbb60b8]
Event: 118.114 Thread 0x0000727bd0037b80 nmethod 2626 0x000072816cbb7890 code [0x000072816cbb7c20, 0x000072816cbbbcf0]
Event: 286.451 Thread 0x0000651055a9c7e0 2654       1       java.util.concurrent.locks.AbstractQueuedSynchronizer::setState (6 bytes)
Event: 286.451 Thread 0x0000651055a9c7e0 nmethod 2654 0x000072816cbbe390 code [0x000072816cbbe520, 0x000072816cbbe5f0]
Event: 286.451 Thread 0x0000651055a9c7e0 2655       1       java.util.Formatter$Flags::valueOf (5 bytes)
Event: 286.451 Thread 0x0000651055a9c7e0 nmethod 2655 0x000072816cbbe690 code [0x000072816cbbe820, 0x000072816cbbe8f0]
Event: 286.451 Thread 0x0000651055a9c7e0 2656       1       java.util.concurrent.locks.AbstractOwnableSynchronizer::getExclusiveOwnerThread (5 bytes)
Event: 286.451 Thread 0x0000651055a9c7e0 nmethod 2656 0x000072816cbbe990 code [0x000072816cbbeb20, 0x000072816cbbebf0]
Event: 286.451 Thread 0x0000651055a9c7e0 2657       1       javax.management.ObjectName$Property::setKeyIndex (6 bytes)
Event: 286.452 Thread 0x0000651055a9c7e0 nmethod 2657 0x000072816cbbec90 code [0x000072816cbbee20, 0x000072816cbbeef0]
Event: 286.452 Thread 0x0000651055a9c7e0 2658       3       javax.management.ObjectName::getDomainLength (9 bytes)
Event: 286.452 Thread 0x0000651055a9c7e0 nmethod 2658 0x0000728165227890 code [0x0000728165227a20, 0x0000728165227b30]
Event: 286.452 Thread 0x0000651055a9c7e0 2659   !   3       java.lang.invoke.MethodHandleNatives::linkMethodHandleConstant (50 bytes)
Event: 286.452 Thread 0x0000651055a9c7e0 nmethod 2659 0x0000728165227b90 code [0x0000728165227d60, 0x0000728165227f40]
Event: 286.452 Thread 0x0000651055a9c7e0 2662       3       org.apache.logging.log4j.util.PropertiesUtil::getProperties (4 bytes)

GC Heap History (2 events):
Event: 117.691 GC heap before
{Heap before GC invocations=0 (full 0):
 garbage-first heap   total 2129920K, used 114612K [0x0000000082000000, 0x0000000800000000)
  region size 16384K, 6 young (98304K), 0 survivors (0K)
 Metaspace       used 18425K, committed 18624K, reserved 1114112K
  class space    used 2147K, committed 2240K, reserved 1048576K
}
Event: 117.695 GC heap after
{Heap after GC invocations=1 (full 0):
 garbage-first heap   total 2129920K, used 25537K [0x0000000082000000, 0x0000000800000000)
  region size 16384K, 1 young (16384K), 1 survivors (16384K)
 Metaspace       used 18425K, committed 18624K, reserved 1114112K
  class space    used 2147K, committed 2240K, reserved 1048576K
}

Dll operation events (8 events):
Event: 0.008 Loaded shared library /usr/lib/jvm/java-17-openjdk-amd64/lib/libjava.so
Event: 0.022 Loaded shared library /usr/lib/jvm/java-17-openjdk-amd64/lib/libjsvml.so
Event: 0.075 Loaded shared library /usr/lib/jvm/java-17-openjdk-amd64/lib/libnio.so
Event: 0.089 Loaded shared library /usr/lib/jvm/java-17-openjdk-amd64/lib/libzip.so
Event: 0.181 Loaded shared library /usr/lib/jvm/java-17-openjdk-amd64/lib/libjimage.so
Event: 0.237 Loaded shared library /usr/lib/jvm/java-17-openjdk-amd64/lib/libmanagement.so
Event: 0.241 Loaded shared library /usr/lib/jvm/java-17-openjdk-amd64/lib/libmanagement_ext.so
Event: 0.435 Loaded shared library /usr/lib/jvm/java-17-openjdk-amd64/lib/libnet.so

Deoptimization events (20 events):
Event: 118.025 Thread 0x0000651053867ce0 Uncommon trap: trap_request=0xffffffde fr.pc=0x000072816cad1f5c relative=0x0000000000000a1c
Event: 118.025 Thread 0x0000651053867ce0 Uncommon trap: reason=class_check action=maybe_recompile pc=0x000072816cad1f5c method=org.apache.lucene.codecs.lucene90.Lucene90SkipReader.readSkipData(ILorg/apache/lucene/store/IndexInput;)I @ 88 c2
Event: 118.025 Thread 0x0000651053867ce0 DEOPT PACKING pc=0x000072816cad1f5c sp=0x00007ffc843a9630
Event: 118.025 Thread 0x0000651053867ce0 DEOPT UNPACKING pc=0x000072816c2b8b19 sp=0x00007ffc843a9610 mode 2
Event: 118.025 Thread 0x0000651053867ce0 Uncommon trap: trap_request=0xffffffde fr.pc=0x000072816cad1f5c relative=0x0000000000000a1c
Event: 118.025 Thread 0x0000651053867ce0 Uncommon trap: reason=class_check action=maybe_recompile pc=0x000072816cad1f5c method=org.apache.lucene.codecs.lucene90.Lucene90SkipReader.readSkipData(ILorg/apache/lucene/store/IndexInput;)I @ 88 c2
Event: 118.025 Thread 0x0000651053867ce0 DEOPT PACKING pc=0x000072816cad1f5c sp=0x00007ffc843a9630
Event: 118.025 Thread 0x0000651053867ce0 DEOPT UNPACKING pc=0x000072816c2b8b19 sp=0x00007ffc843a9610 mode 2
Event: 118.025 Thread 0x0000651053867ce0 Uncommon trap: trap_request=0xffffffde fr.pc=0x000072816cad1f5c relative=0x0000000000000a1c
Event: 118.025 Thread 0x0000651053867ce0 Uncommon trap: reason=class_check action=maybe_recompile pc=0x000072816cad1f5c method=org.apache.lucene.codecs.lucene90.Lucene90SkipReader.readSkipData(ILorg/apache/lucene/store/IndexInput;)I @ 88 c2
Event: 118.025 Thread 0x0000651053867ce0 DEOPT PACKING pc=0x000072816cad1f5c sp=0x00007ffc843a9630
Event: 118.025 Thread 0x0000651053867ce0 DEOPT UNPACKING pc=0x000072816c2b8b19 sp=0x00007ffc843a9610 mode 2
Event: 118.025 Thread 0x0000651053867ce0 Uncommon trap: trap_request=0xffffffde fr.pc=0x000072816cad1f5c relative=0x0000000000000a1c
Event: 118.025 Thread 0x0000651053867ce0 Uncommon trap: reason=class_check action=maybe_recompile pc=0x000072816cad1f5c method=org.apache.lucene.codecs.lucene90.Lucene90SkipReader.readSkipData(ILorg/apache/lucene/store/IndexInput;)I @ 88 c2
Event: 118.025 Thread 0x0000651053867ce0 DEOPT PACKING pc=0x000072816cad1f5c sp=0x00007ffc843a9630
Event: 118.025 Thread 0x0000651053867ce0 DEOPT UNPACKING pc=0x000072816c2b8b19 sp=0x00007ffc843a9610 mode 2
Event: 118.039 Thread 0x0000651053867ce0 Uncommon trap: trap_request=0xffffff45 fr.pc=0x000072816ca3c584 relative=0x00000000000000e4
Event: 118.039 Thread 0x0000651053867ce0 Uncommon trap: reason=unstable_if action=reinterpret pc=0x000072816ca3c584 method=org.apache.lucene.util.ArrayUtil.oversize(II)I @ 91 c2
Event: 118.039 Thread 0x0000651053867ce0 DEOPT PACKING pc=0x000072816ca3c584 sp=0x00007ffc843a9520
Event: 118.039 Thread 0x0000651053867ce0 DEOPT UNPACKING pc=0x000072816c2b8b19 sp=0x00007ffc843a94d0 mode 2

Classes loaded (20 events):
Event: 112.993 Loading class java/util/stream/ForEachOps$ForEachOp$OfLong
Event: 112.993 Loading class java/util/stream/ForEachOps$ForEachOp$OfLong done
Event: 112.993 Loading class java/util/stream/ReduceOps$10
Event: 112.993 Loading class java/util/stream/ReduceOps$10 done
Event: 112.993 Loading class java/util/stream/ReduceOps$8ReducingSink
Event: 112.993 Loading class java/util/stream/ReduceOps$8ReducingSink done
Event: 112.997 Loading class java/nio/DirectLongBufferRU
Event: 112.997 Loading class java/nio/DirectLongBufferRU done
Event: 112.999 Loading class java/util/AbstractList$RandomAccessSubList
Event: 112.999 Loading class java/util/AbstractList$SubList
Event: 112.999 Loading class java/util/AbstractList$SubList done
Event: 112.999 Loading class java/util/AbstractList$RandomAccessSubList done
Event: 112.999 Loading class java/util/AbstractList$SubList$1
Event: 112.999 Loading class java/util/AbstractList$SubList$1 done
Event: 112.999 Loading class java/util/AbstractList$ListItr
Event: 112.999 Loading class java/util/AbstractList$Itr
Event: 112.999 Loading class java/util/AbstractList$Itr done
Event: 112.999 Loading class java/util/AbstractList$ListItr done
Event: 286.450 Loading class jdk/internal/misc/Signal$1
Event: 286.450 Loading class jdk/internal/misc/Signal$1 done

Classes unloaded (0 events):
No events

Classes redefined (0 events):
No events

Internal exceptions (20 events):
Event: 0.874 Thread 0x0000651053867ce0 Exception <a 'java/lang/NoSuchMethodError'{0x00000000fe262b58}: 'void java.lang.invoke.DirectMethodHandle$Holder.invokeInterface(java.lang.Object, java.lang.Object, int)'> (0x00000000fe262b58) 
thrown [./src/hotspot/share/interpreter/linkResolver.cpp, line 758]
Event: 0.874 Thread 0x0000651053867ce0 Exception <a 'java/lang/IncompatibleClassChangeError'{0x00000000fe266450}: Found class java.lang.Object, but interface was expected> (0x00000000fe266450) 
thrown [./src/hotspot/share/interpreter/linkResolver.cpp, line 826]
Event: 0.902 Thread 0x0000651053867ce0 Exception <a 'java/lang/NoSuchMethodError'{0x00000000fe476fd0}: 'void java.lang.invoke.Invokers$Holder.invokeExact_MT(java.lang.Object, java.lang.Object, java.lang.Object)'> (0x00000000fe476fd0) 
thrown [./src/hotspot/share/interpreter/linkResolver.cpp, line 758]
Event: 0.922 Thread 0x0000651053867ce0 Exception <a 'java/lang/NoSuchMethodError'{0x00000000fe50de68}: 'long java.lang.invoke.DirectMethodHandle$Holder.invokeStatic(java.lang.Object)'> (0x00000000fe50de68) 
thrown [./src/hotspot/share/interpreter/linkResolver.cpp, line 758]
Event: 0.922 Thread 0x0000651053867ce0 Exception <a 'java/lang/NoSuchMethodError'{0x00000000fe511268}: 'long java.lang.invoke.DirectMethodHandle$Holder.invokeStaticInit(java.lang.Object)'> (0x00000000fe511268) 
thrown [./src/hotspot/share/interpreter/linkResolver.cpp, line 758]
Event: 0.925 Thread 0x0000651053867ce0 Exception <a 'java/lang/NoSuchMethodError'{0x00000000fe53bfe0}: 'java.lang.Object java.lang.invoke.DirectMethodHandle$Holder.invokeStatic(java.lang.Object, java.lang.Object, int)'> (0x00000000fe53bfe0) 
thrown [./src/hotspot/share/interpreter/linkResolver.cpp, line 758]
Event: 0.926 Thread 0x0000651053867ce0 Exception <a 'java/lang/NoSuchMethodError'{0x00000000fe547c98}: 'void java.lang.invoke.DelegatingMethodHandle$Holder.delegate(java.lang.Object, java.lang.Object, int, java.lang.Object)'> (0x00000000fe547c98) 
thrown [./src/hotspot/share/interpreter/linkResolver.cpp, line 758]
Event: 0.928 Thread 0x0000651053867ce0 Exception <a 'java/lang/NoSuchMethodError'{0x00000000fe56b510}: 'void java.lang.invoke.DirectMethodHandle$Holder.invokeStaticInit(java.lang.Object, java.lang.Object)'> (0x00000000fe56b510) 
thrown [./src/hotspot/share/interpreter/linkResolver.cpp, line 758]
Event: 112.923 Thread 0x0000651053867ce0 Exception <a 'java/lang/NoSuchMethodError'{0x00000000fe9e23b8}: 'long java.lang.invoke.DirectMethodHandle$Holder.invokeStatic(java.lang.Object, java.lang.Object)'> (0x00000000fe9e23b8) 
thrown [./src/hotspot/share/interpreter/linkResolver.cpp, line 758]
Event: 112.935 Thread 0x0000651053867ce0 Exception <a 'java/lang/NoSuchMethodError'{0x00000000fea80640}: 'int java.lang.invoke.DirectMethodHandle$Holder.invokeStaticInit(java.lang.Object, java.lang.Object)'> (0x00000000fea80640) 
thrown [./src/hotspot/share/interpreter/linkResolver.cpp, line 758]
Event: 112.936 Thread 0x0000651053867ce0 Exception <a 'java/lang/NoSuchMethodError'{0x00000000fea8fc30}: 'int java.lang.invoke.DirectMethodHandle$Holder.invokeSpecialIFC(java.lang.Object, java.lang.Object, java.lang.Object, java.lang.Object, java.lang.Object)'> (0x00000000fea8fc30) 
thrown [./src/hotspot/share/interpreter/linkResolver.cpp, line 758]
Event: 112.990 Thread 0x0000651053867ce0 Exception <a 'java/lang/NoSuchMethodError'{0x00000000fc0c7840}: 'long java.lang.invoke.DirectMethodHandle$Holder.invokeVirtual(java.lang.Object, java.lang.Object)'> (0x00000000fc0c7840) 
thrown [./src/hotspot/share/interpreter/linkResolver.cpp, line 758]
Event: 112.992 Thread 0x0000651053867ce0 Exception <a 'java/lang/NoSuchMethodError'{0x00000000fc0d67f0}: 'java.lang.Object java.lang.invoke.DirectMethodHandle$Holder.invokeVirtual(java.lang.Object, java.lang.Object, java.lang.Object)'> (0x00000000fc0d67f0) 
thrown [./src/hotspot/share/interpreter/linkResolver.cpp, line 758]
Event: 114.396 Thread 0x0000651053867ce0 Implicit null exception at 0x000072816cabaec0 to 0x000072816cabaf94
Event: 114.396 Thread 0x0000651053867ce0 Implicit null exception at 0x000072816ca7e080 to 0x000072816ca7e730
Event: 114.396 Thread 0x0000651053867ce0 Implicit null exception at 0x000072816cb1c2c2 to 0x000072816cb1f87c
Event: 114.396 Thread 0x0000651053867ce0 Implicit null exception at 0x000072816cb19df1 to 0x000072816cb1a5c8
Event: 114.396 Thread 0x0000651053867ce0 Implicit null exception at 0x000072816cb1aef1 to 0x000072816cb1b620
Event: 114.397 Thread 0x0000651053867ce0 Implicit null exception at 0x000072816cb07171 to 0x000072816cb078ec
Event: 114.398 Thread 0x0000651053867ce0 Implicit null exception at 0x000072816cb18e71 to 0x000072816cb194c4

VM Operations (20 events):
Event: 1.945 Executing VM operation: Cleanup done
Event: 60.048 Executing VM operation: HandshakeAllThreads
Event: 60.048 Executing VM operation: HandshakeAllThreads done
Event: 113.053 Executing VM operation: Cleanup
Event: 113.053 Executing VM operation: Cleanup done
Event: 114.053 Executing VM operation: Cleanup
Event: 114.053 Executing VM operation: Cleanup done
Event: 115.054 Executing VM operation: Cleanup
Event: 115.054 Executing VM operation: Cleanup done
Event: 115.977 Executing VM operation: HandshakeAllThreads
Event: 115.977 Executing VM operation: HandshakeAllThreads done
Event: 116.977 Executing VM operation: Cleanup
Event: 116.977 Executing VM operation: Cleanup done
Event: 117.689 Executing VM operation: G1CollectForAllocation
Event: 117.695 Executing VM operation: G1CollectForAllocation done
Event: 118.025 Executing VM operation: HandshakeAllThreads
Event: 118.025 Executing VM operation: HandshakeAllThreads done
Event: 119.025 Executing VM operation: Cleanup
Event: 119.025 Executing VM operation: Cleanup done
Event: 286.452 Executing VM operation: Exit

Memory protections (20 events):
Event: 112.982 Protecting memory [0x0000727bd73ff000,0x0000727bd7403000] with protection modes 0
Event: 113.221 Protecting memory [0x0000727bd72ff000,0x0000727bd7303000] with protection modes 0
Event: 114.399 Protecting memory [0x000072811c292000,0x000072811c296000] with protection modes 0
Event: 114.401 Protecting memory [0x000072811c192000,0x000072811c196000] with protection modes 0
Event: 114.526 Protecting memory [0x000072811c492000,0x000072811c496000] with protection modes 0
Event: 114.526 Protecting memory [0x000072811c092000,0x000072811c096000] with protection modes 0
Event: 114.526 Protecting memory [0x0000727be41dd000,0x0000727be41e1000] with protection modes 0
Event: 116.334 Protecting memory [0x000072811c292000,0x000072811c296000] with protection modes 0
Event: 116.334 Protecting memory [0x000072811c192000,0x000072811c196000] with protection modes 0
Event: 116.727 Protecting memory [0x000072811c492000,0x000072811c496000] with protection modes 0
Event: 118.015 Protecting memory [0x000072811c492000,0x000072811c496000] with protection modes 0
Event: 118.017 Protecting memory [0x0000727be41dd000,0x0000727be41e1000] with protection modes 0
Event: 118.020 Protecting memory [0x000072811c092000,0x000072811c096000] with protection modes 0
Event: 118.020 Protecting memory [0x0000727be40dd000,0x0000727be40e1000] with protection modes 0
Event: 118.026 Protecting memory [0x0000727bd7e00000,0x0000727bd7e04000] with protection modes 0
Event: 118.027 Protecting memory [0x0000727bd72ff000,0x0000727bd7303000] with protection modes 0
Event: 118.031 Protecting memory [0x0000727bd73ff000,0x0000727bd7403000] with protection modes 0
Event: 286.450 Protecting memory [0x000072811c492000,0x000072811c496000] with protection modes 0
Event: 286.450 Protecting memory [0x0000727be41dd000,0x0000727be41e1000] with protection modes 0
Event: 286.450 Protecting memory [0x000072811c092000,0x000072811c096000] with protection modes 0

Nmethod flushes (0 events):
No events

Events (20 events):
Event: 118.020 Thread 0x00007280a0049850 Thread added: 0x0000727bd00363d0
Event: 118.026 Thread 0x0000651055a9af40 Thread added: 0x000072809c5d03d0
Event: 118.027 Thread 0x00007280a0049850 Thread added: 0x0000727bd0037b80
Event: 118.031 Thread 0x00007280a009ede0 Thread added: 0x0000727bcc00c700
Event: 123.046 Thread 0x00007280a009ede0 Thread exited: 0x00007280a009ede0
Event: 123.046 Thread 0x00007280a004d9e0 Thread exited: 0x00007280a004d9e0
Event: 123.075 Thread 0x0000727bcc00c700 Thread exited: 0x0000727bcc00c700
Event: 123.114 Thread 0x0000727bd0037b80 Thread exited: 0x0000727bd0037b80
Event: 128.046 Thread 0x00007280a0049850 Thread exited: 0x00007280a0049850
Event: 128.068 Thread 0x000072809c5d03d0 Thread exited: 0x000072809c5d03d0
Event: 128.094 Thread 0x0000727bd00363d0 Thread exited: 0x0000727bd00363d0
Event: 133.077 Thread 0x0000727bd0035960 Thread exited: 0x0000727bd0035960
Event: 133.089 Thread 0x000072809c031890 Thread exited: 0x000072809c031890
Event: 138.068 Thread 0x0000727bcc00ad60 Thread exited: 0x0000727bcc00ad60
Event: 286.450 Thread 0x0000651055a966e0 Thread added: 0x00007280b00011d0
Event: 286.450 Thread 0x00007280b00011d0 Thread added: 0x0000727a700ee540
Event: 286.450 Thread 0x00007280b00011d0 Thread added: 0x0000727a700eef20
Event: 286.451 Thread 0x0000727a700ee540 Thread exited: 0x0000727a700ee540
Event: 286.452 Thread 0x0000727a700eef20 Thread exited: 0x0000727a700eef20
Event: 286.452 Thread 0x00007280b00011d0 Before exit entered


Dynamic libraries:
82000000-102000000 rw-p 00000000 00:00 0 
102000000-7fe000000 ---p 00000000 00:00 0 
7fe000000-7fef00000 rw-p 00000000 00:00 0 
7fef00000-7fef75000 rw-p 00c7a000 00:6a 10553192                         /usr/lib/jvm/java-17-openjdk-amd64/lib/server/classes.jsa
7fef75000-7ff000000 rw-p 00000000 00:00 0 
7ff000000-7ff078000 rw-p 00c02000 00:6a 10553192                         /usr/lib/jvm/java-17-openjdk-amd64/lib/server/classes.jsa
7ff078000-800000000 rw-p 00000000 00:00 0 
800000000-800200000 ---p 00000000 00:00 0 
800200000-800400000 rw-s 00000000 00:05 1199                             /dev/nvidia0
800400000-803c00000 rw-s 00000000 00:05 1197                             /dev/nvidiactl
803c00000-804a00000 ---p 00000000 00:00 0 
804a00000-804c00000 rw-s 00000000 00:05 1197                             /dev/nvidiactl
804c00000-804e00000 rw-s 00000000 00:05 1197                             /dev/nvidiactl
804e00000-805000000 rw-s 804e00000 00:05 1223                            /dev/nvidia-uvm
805000000-805600000 ---p 00000000 00:00 0 
805600000-805800000 rw-s 00000000 00:01 18100                            /dev/zero (deleted)
805800000-900200000 ---p 00000000 00:00 0 
10000000000-10004000000 ---p 00000000 00:00 0 
651018007000-651018074000 r--p 00000000 00:6a 9914583                    /usr/bin/python3.10
651018074000-651018329000 r-xp 0006d000 00:6a 9914583                    /usr/bin/python3.10
651018329000-65101856b000 r--p 00322000 00:6a 9914583                    /usr/bin/python3.10
65101856b000-651018572000 r--p 00563000 00:6a 9914583                    /usr/bin/python3.10
651018572000-6510185b1000 rw-p 0056a000 00:6a 9914583                    /usr/bin/python3.10
6510185b1000-6510185f7000 rw-p 00000000 00:00 0 
651047516000-6516ec9d8000 rw-p 00000000 00:00 0                          [heap]
7275bc000000-7275bfcd2000 rw-p 00000000 00:00 0 
7275bfcd2000-7275c0000000 ---p 00000000 00:00 0 
7275c0000000-7275c3cd2000 rw-p 00000000 00:00 0 
7275c3cd2000-7275c4000000 ---p 00000000 00:00 0 
7275c4000000-7275c7cd2000 rw-p 00000000 00:00 0 
7275c7cd2000-7275c8000000 ---p 00000000 00:00 0 
7275cc000000-7275cfcd2000 rw-p 00000000 00:00 0 
7275cfcd2000-7275d0000000 ---p 00000000 00:00 0 
7275d0000000-7275d3cd2000 rw-p 00000000 00:00 0 
7275d3cd2000-7275d4000000 ---p 00000000 00:00 0 
7275d4000000-7275d7cd2000 rw-p 00000000 00:00 0 
7275d7cd2000-7275d8000000 ---p 00000000 00:00 0 
7275d8000000-7275dbcd2000 rw-p 00000000 00:00 0 
7275dbcd2000-7275dc000000 ---p 00000000 00:00 0 
7275dc000000-7275dfcd2000 rw-p 00000000 00:00 0 
7275dfcd2000-7275e0000000 ---p 00000000 00:00 0 
7275e4000000-7275e7cd2000 rw-p 00000000 00:00 0 
7275e7cd2000-7275e8000000 ---p 00000000 00:00 0 
7275e9c44000-727713c73000 rw-p 00000000 00:6a 10554823                   /home/ubuntu/.cache/huggingface/hub/models--meta-llama--Meta-Llama-3-8B-Instruct/blobs/8d4782b4a69ef03845159ce1a15e272aadaaf134dc138d68f616098e8531729c
727718c73000-72783dca2000 rw-p 00000000 00:6a 10554836                   /home/ubuntu/.cache/huggingface/hub/models--meta-llama--Meta-Llama-3-8B-Instruct/blobs/3acdd690e65c24f42a24581b8467af98bd3ca357444580f8012aacd2bd607921
72783dca2000-7279666c9000 rw-p 00000000 00:6a 10554808                   /home/ubuntu/.cache/huggingface/hub/models--meta-llama--Meta-Llama-3-8B-Instruct/blobs/d8cf9c4d0dd972e1a2131bfe656235ee98221679711a3beef6d46dadf0f20b5c
727975d3a000-72798171d000 rw-p 00000000 00:00 0 
7279920aa000-72799c000000 rw-p 00000000 00:00 0 
72799c000000-72799ff4b000 rw-p 00000000 00:00 0 
72799ff4b000-7279a0000000 ---p 00000000 00:00 0 
7279a0000000-7279a3f4b000 rw-p 00000000 00:00 0 
7279a3f4b000-7279a4000000 ---p 00000000 00:00 0 
7279a4000000-7279a7f4b000 rw-p 00000000 00:00 0 
7279a7f4b000-7279a8000000 ---p 00000000 00:00 0 
7279a8000000-7279abf4b000 rw-p 00000000 00:00 0 
7279abf4b000-7279ac000000 ---p 00000000 00:00 0 
7279ac000000-7279aff4b000 rw-p 00000000 00:00 0 
7279aff4b000-7279b0000000 ---p 00000000 00:00 0 
7279b0000000-7279b3f4b000 rw-p 00000000 00:00 0 
7279b3f4b000-7279b4000000 ---p 00000000 00:00 0 
7279b4000000-7279b4021000 rw-p 00000000 00:00 0 
7279b4021000-7279b8000000 ---p 00000000 00:00 0 
7279b8000000-7279bbf4b000 rw-p 00000000 00:00 0 
7279bbf4b000-7279bc000000 ---p 00000000 00:00 0 
7279bc000000-7279bc021000 rw-p 00000000 00:00 0 
7279bc021000-7279c0000000 ---p 00000000 00:00 0 
7279c0000000-7279c0021000 rw-p 00000000 00:00 0 
7279c0021000-7279c4000000 ---p 00000000 00:00 0 
7279c4000000-7279c4021000 rw-p 00000000 00:00 0 
7279c4021000-7279c8000000 ---p 00000000 00:00 0 
7279c8000000-7279c8021000 rw-p 00000000 00:00 0 
7279c8021000-7279cc000000 ---p 00000000 00:00 0 
7279cc000000-7279cc021000 rw-p 00000000 00:00 0 
7279cc021000-7279d0000000 ---p 00000000 00:00 0 
7279d0000000-7279d0021000 rw-p 00000000 00:00 0 
7279d0021000-7279d4000000 ---p 00000000 00:00 0 
7279d4000000-7279d4021000 rw-p 00000000 00:00 0 
7279d4021000-7279d8000000 ---p 00000000 00:00 0 
7279d8000000-7279dbf4b000 rw-p 00000000 00:00 0 
7279dbf4b000-7279dc000000 ---p 00000000 00:00 0 
7279dc000000-7279dc021000 rw-p 00000000 00:00 0 
7279dc021000-7279e0000000 ---p 00000000 00:00 0 
7279e0000000-7279e0021000 rw-p 00000000 00:00 0 
7279e0021000-7279e4000000 ---p 00000000 00:00 0 
7279e4000000-7279e4021000 rw-p 00000000 00:00 0 
7279e4021000-7279e8000000 ---p 00000000 00:00 0 
7279e8000000-7279e8021000 rw-p 00000000 00:00 0 
7279e8021000-7279ec000000 ---p 00000000 00:00 0 
7279ec000000-7279ec021000 rw-p 00000000 00:00 0 
7279ec021000-7279f0000000 ---p 00000000 00:00 0 
7279f0000000-7279f0021000 rw-p 00000000 00:00 0 
7279f0021000-7279f4000000 ---p 00000000 00:00 0 
7279f4000000-7279f4021000 rw-p 00000000 00:00 0 
7279f4021000-7279f8000000 ---p 00000000 00:00 0 
7279f8000000-7279f8021000 rw-p 00000000 00:00 0 
7279f8021000-7279fc000000 ---p 00000000 00:00 0 
7279fc000000-7279fc021000 rw-p 00000000 00:00 0 
7279fc021000-727a00000000 ---p 00000000 00:00 0 
727a007c5000-727a03ce2000 rw-p 00000000 00:00 0 
727a03ce2000-727a496e9000 rw-p 00000000 00:6a 10554867                   /home/ubuntu/.cache/huggingface/hub/models--meta-llama--Meta-Llama-3-8B-Instruct/blobs/67e9ad31c8c32abf3a55ee7fc7217b3ecb35fd3c74d98a5bd233e0e4d6964f46
727a4c000000-727a4ff4b000 rw-p 00000000 00:00 0 
727a4ff4b000-727a50000000 ---p 00000000 00:00 0 
727a50000000-727a50021000 rw-p 00000000 00:00 0 
727a50021000-727a54000000 ---p 00000000 00:00 0 
727a54000000-727a54021000 rw-p 00000000 00:00 0 
727a54021000-727a58000000 ---p 00000000 00:00 0 
727a58000000-727a5839e000 rw-p 00000000 00:00 0 
727a5839e000-727a5c000000 ---p 00000000 00:00 0 
727a5c000000-727a5c021000 rw-p 00000000 00:00 0 
727a5c021000-727a60000000 ---p 00000000 00:00 0 
727a60000000-727a603df000 rw-p 00000000 00:00 0 
727a603df000-727a64000000 ---p 00000000 00:00 0 
727a64000000-727a647a4000 rw-p 00000000 00:00 0 
727a647a4000-727a68000000 ---p 00000000 00:00 0 
727a68000000-727a6838c000 rw-p 00000000 00:00 0 
727a6838c000-727a6c000000 ---p 00000000 00:00 0 
727a6c000000-727a6c61c000 rw-p 00000000 00:00 0 
727a6c61c000-727a70000000 ---p 00000000 00:00 0 
727a70000000-727a703bb000 rw-p 00000000 00:00 0 
727a703bb000-727a74000000 ---p 00000000 00:00 0 
727a74000000-727a74563000 rw-p 00000000 00:00 0 
727a74563000-727a78000000 ---p 00000000 00:00 0 
727a78000000-727a78021000 rw-p 00000000 00:00 0 
727a78021000-727a7c000000 ---p 00000000 00:00 0 
727a7c000000-727a7c021000 rw-p 00000000 00:00 0 
727a7c021000-727a80000000 ---p 00000000 00:00 0 
727a80000000-727a80021000 rw-p 00000000 00:00 0 
727a80021000-727a84000000 ---p 00000000 00:00 0 
727a84000000-727a84021000 rw-p 00000000 00:00 0 
727a84021000-727a88000000 ---p 00000000 00:00 0 
727a88000000-727a88021000 rw-p 00000000 00:00 0 
727a88021000-727a8c000000 ---p 00000000 00:00 0 
727a8d8ed000-727a8d8ee000 ---p 00000000 00:00 0 
727a8d8ee000-727a8e0ee000 rw-p 00000000 00:00 0 
727a8e0ee000-727a8e0ef000 ---p 00000000 00:00 0 
727a8e0ef000-727a8e8ef000 rw-p 00000000 00:00 0 
727a8e8ef000-727a8e8f0000 ---p 00000000 00:00 0 
727a8e8f0000-727a8f0f0000 rw-p 00000000 00:00 0 
727a8f0f0000-727ba48f1000 rw-p 00000000 00:00 0 
727ba4bf8000-727ba4bf9000 ---p 00000000 00:00 0 
727ba4bf9000-727ba53f9000 rw-p 00000000 00:00 0 
727ba53f9000-727ba53fa000 ---p 00000000 00:00 0 
727ba53fa000-727ba5bfa000 rw-p 00000000 00:00 0 
727ba5bfa000-727ba5bfb000 ---p 00000000 00:00 0 
727ba5bfb000-727ba63fb000 rw-p 00000000 00:00 0 
727ba63fb000-727ba63fc000 ---p 00000000 00:00 0 
727ba63fc000-727ba6bfc000 rw-p 00000000 00:00 0 
727ba6bfc000-727ba6bfd000 ---p 00000000 00:00 0 
727ba6bfd000-727ba73fd000 rw-p 00000000 00:00 0 
727ba73fd000-727ba73fe000 ---p 00000000 00:00 0 
727ba73fe000-727ba7bfe000 rw-p 00000000 00:00 0 
727ba7bfe000-727ba7bff000 ---p 00000000 00:00 0 
727ba7bff000-727ba7dff000 rw-p 00000000 00:00 0 
727ba7dff000-727ba7e00000 ---p 00000000 00:00 0 
727ba7e00000-727ba8000000 rw-p 00000000 00:00 0 
727ba8000000-727ba8021000 rw-p 00000000 00:00 0 
727ba8021000-727bac000000 ---p 00000000 00:00 0 
727bac000000-727bac021000 rw-p 00000000 00:00 0 
727bac021000-727bb0000000 ---p 00000000 00:00 0 
727bb0000000-727bb10d2000 rw-p 00000000 00:00 0 
727bb10d2000-727bb4000000 ---p 00000000 00:00 0 
727bb4000000-727bb46af000 rw-p 00000000 00:00 0 
727bb46af000-727bb8000000 ---p 00000000 00:00 0 
727bb8000000-727bb8ed7000 rw-p 00000000 00:00 0 
727bb8ed7000-727bbc000000 ---p 00000000 00:00 0 
727bbc000000-727bbce16000 rw-p 00000000 00:00 0 
727bbce16000-727bc0000000 ---p 00000000 00:00 0 
727bc0000000-727bc12b0000 rw-p 00000000 00:00 0 
727bc12b0000-727bc4000000 ---p 00000000 00:00 0 
727bc4000000-727bc4e58000 rw-p 00000000 00:00 0 
727bc4e58000-727bc8000000 ---p 00000000 00:00 0 
727bc8000000-727bc8a64000 rw-p 00000000 00:00 0 
727bc8a64000-727bcc000000 ---p 00000000 00:00 0 
727bcc000000-727bcc974000 rw-p 00000000 00:00 0 
727bcc974000-727bd0000000 ---p 00000000 00:00 0 
727bd0000000-727bd00bb000 rw-p 00000000 00:00 0 
727bd00bb000-727bd4000000 ---p 00000000 00:00 0 
727bd40df000-727bd40e0000 ---p 00000000 00:00 0 
727bd40e0000-727bd42e0000 rw-p 00000000 00:00 0 
727bd42e0000-727bd42e1000 ---p 00000000 00:00 0 
727bd42e1000-727bd44e1000 rw-p 00000000 00:00 0 
727bd44e1000-727bd44e2000 ---p 00000000 00:00 0 
727bd44e2000-727bd46e2000 rw-p 00000000 00:00 0 
727bd46e2000-727bd46e3000 ---p 00000000 00:00 0 
727bd46e3000-727bd48e3000 rw-p 00000000 00:00 0 
727bd48e3000-727bd48e4000 ---p 00000000 00:00 0 
727bd48e4000-727bd4ae4000 rw-p 00000000 00:00 0 
727bd4ae4000-727bd4ae5000 ---p 00000000 00:00 0 
727bd4ae5000-727bd4ce5000 rw-p 00000000 00:00 0 
727bd4ce5000-727bd4ce6000 ---p 00000000 00:00 0 
727bd4ce6000-727bd4ee6000 rw-p 00000000 00:00 0 
727bd4ee6000-727bd4ee7000 ---p 00000000 00:00 0 
727bd4ee7000-727bd50e7000 rw-p 00000000 00:00 0 
727bd50e7000-727bd50e8000 ---p 00000000 00:00 0 
727bd50e8000-727bd52e8000 rw-p 00000000 00:00 0 
727bd52e8000-727bd52e9000 ---p 00000000 00:00 0 
727bd52e9000-727bd54e9000 rw-p 00000000 00:00 0 
727bd54e9000-727bd54ea000 ---p 00000000 00:00 0 
727bd54ea000-727bd56ea000 rw-p 00000000 00:00 0 
727bd56ea000-727bd56eb000 ---p 00000000 00:00 0 
727bd56eb000-727bd58eb000 rw-p 00000000 00:00 0 
727bd58eb000-727bd58ec000 ---p 00000000 00:00 0 
727bd58ec000-727bd5aec000 rw-p 00000000 00:00 0 
727bd5aec000-727bd5aed000 ---p 00000000 00:00 0 
727bd5aed000-727bd5ced000 rw-p 00000000 00:00 0 
727bd5ced000-727bd5cee000 ---p 00000000 00:00 0 
727bd5cee000-727bd5eee000 rw-p 00000000 00:00 0 
727bd5eee000-727bd5eef000 ---p 00000000 00:00 0 
727bd5eef000-727bd60ef000 rw-p 00000000 00:00 0 
727bd60ef000-727bd60f0000 ---p 00000000 00:00 0 
727bd60f0000-727bd62f0000 rw-p 00000000 00:00 0 
727bd62f0000-727bd62f1000 ---p 00000000 00:00 0 
727bd62f1000-727bd64f1000 rw-p 00000000 00:00 0 
727bd64f1000-727bd64f2000 ---p 00000000 00:00 0 
727bd64f2000-727bd65f2000 rw-p 00000000 00:00 0 
727bd65f2000-727bd65f3000 ---p 00000000 00:00 0 
727bd65f3000-727bd66f3000 rw-p 00000000 00:00 0 
727bd66f3000-727bd66f4000 ---p 00000000 00:00 0 
727bd66f4000-727bd67f4000 rw-p 00000000 00:00 0 
727bd67f4000-727bd67f5000 ---p 00000000 00:00 0 
727bd67f5000-727bd68f5000 rw-p 00000000 00:00 0 
727bd68f5000-727bd68f6000 ---p 00000000 00:00 0 
727bd68f6000-727bd69f6000 rw-p 00000000 00:00 0 
727bd69f6000-727bd69f7000 ---p 00000000 00:00 0 
727bd69f7000-727bd6af7000 rw-p 00000000 00:00 0 
727bd6af7000-727bd6af8000 ---p 00000000 00:00 0 
727bd6af8000-727bd6bf8000 rw-p 00000000 00:00 0 
727bd6bf8000-727bd6bf9000 ---p 00000000 00:00 0 
727bd6bf9000-727bd6cf9000 rw-p 00000000 00:00 0 
727bd6cf9000-727bd6cfa000 ---p 00000000 00:00 0 
727bd6cfa000-727bd6dfa000 rw-p 00000000 00:00 0 
727bd6dfa000-727bd6dfb000 ---p 00000000 00:00 0 
727bd6dfb000-727bd6efb000 rw-p 00000000 00:00 0 
727bd6efb000-727bd6efc000 ---p 00000000 00:00 0 
727bd6efc000-727bd6ffc000 rw-p 00000000 00:00 0 
727bd6ffc000-727bd6ffd000 ---p 00000000 00:00 0 
727bd6ffd000-727bd70fd000 rw-p 00000000 00:00 0 
727bd70fd000-727bd70fe000 ---p 00000000 00:00 0 
727bd70fe000-727bd71fe000 rw-p 00000000 00:00 0 
727bd71fe000-727bd71ff000 ---p 00000000 00:00 0 
727bd71ff000-727bd72ff000 rw-p 00000000 00:00 0 
727bd72ff000-727bd7303000 ---p 00000000 00:00 0 
727bd7303000-727bd73ff000 rw-p 00000000 00:00 0 
727bd73ff000-727bd7403000 ---p 00000000 00:00 0 
727bd7403000-727bd74ff000 rw-p 00000000 00:00 0 
727bd74ff000-727bd7500000 ---p 00000000 00:00 0 
727bd7500000-727bd7d00000 rw-p 00000000 00:00 0 
727bd7d00000-727bd7e00000 rw-p 00000000 00:00 0 
727bd7e00000-727bd7e04000 ---p 00000000 00:00 0 
727bd7e04000-727bd7f00000 rw-p 00000000 00:00 0 
727bd7f00000-727bd8000000 rw-p 00000000 00:00 0 
727bd8000000-727be2400000 ---p 00000000 00:00 0 
727be2400000-727be2600000 rw-s 00000000 00:05 1197                       /dev/nvidiactl
727be2600000-727be2800000 rw-s 00000000 00:01 18097                      /dev/zero (deleted)
727be2800000-727be2a00000 rw-s 00000000 00:01 18098                      /dev/zero (deleted)
727be2a00000-727be3000000 ---p 00000000 00:00 0 
727be3000000-727be3200000 rw-s 00000000 00:05 1197                       /dev/nvidiactl
727be3200000-727be3400000 ---p 00000000 00:00 0 
727be3400000-727be3600000 rw-s 00000000 00:01 18101                      /dev/zero (deleted)
727be3600000-727be3777000 rw-s 00000000 00:05 1197                       /dev/nvidiactl
727be3777000-727be4000000 ---p 00000000 00:00 0 
727be40dd000-727be40e1000 ---p 00000000 00:00 0 
727be40e1000-727be41dd000 rw-p 00000000 00:00 0 
727be41dd000-727be41e1000 ---p 00000000 00:00 0 
727be41e1000-727be42dd000 rw-p 00000000 00:00 0 
727be42dd000-727be45dd000 rw-p 00000000 00:00 0 
727be45dd000-727be47dd000 rw-s 00000000 00:01 18099                      /dev/zero (deleted)
727be47dd000-727be47de000 rw-s 00000000 00:05 1197                       /dev/nvidiactl
727be47de000-727be47df000 rw-s 00000000 00:05 1197                       /dev/nvidiactl
727be47df000-727be47e0000 rw-s 00000000 00:05 1197                       /dev/nvidiactl
727be47e0000-727be47e1000 rw-s 00000000 00:05 1197                       /dev/nvidiactl
727be47e1000-727be47e2000 rw-s 00000000 00:05 1197                       /dev/nvidiactl
727be47e2000-727be47e3000 rw-s 00000000 00:05 1197                       /dev/nvidiactl
727be47e3000-727be47e4000 rw-s 00000000 00:05 1197                       /dev/nvidiactl
727be47e4000-727be47e5000 rw-s 00000000 00:05 1197                       /dev/nvidiactl
727be47e5000-727be47e6000 rw-s 00000000 00:05 1197                       /dev/nvidiactl
727be47e6000-727be47e7000 rw-s 00000000 00:05 1197                       /dev/nvidiactl
727be47e7000-727be47e8000 rw-s 00000000 00:05 1197                       /dev/nvidiactl
727be47e8000-727be47e9000 rw-s 00000000 00:05 1197                       /dev/nvidiactl
727be47e9000-727be47ea000 rw-s 00000000 00:05 1197                       /dev/nvidiactl
727be47ea000-727be47eb000 rw-s 00000000 00:05 1197                       /dev/nvidiactl
727be47eb000-727be47ec000 rw-s 00000000 00:05 1197                       /dev/nvidiactl
727be47ec000-727be47ed000 rw-s 00000000 00:05 1197                       /dev/nvidiactl
727be47ed000-727be47ee000 rw-s 00000000 00:05 1197                       /dev/nvidiactl
727be47ee000-727be47ef000 rw-s 00000000 00:05 1197                       /dev/nvidiactl
727be47ef000-727be47f0000 rw-s 00000000 00:05 1197                       /dev/nvidiactl
727be47f0000-727be47f1000 rw-s 00000000 00:05 1197                       /dev/nvidiactl
727be47f1000-727be59fe000 ---p 00000000 00:00 0 
727be59fe000-727be59ff000 ---p 00000000 00:00 0 
727be59ff000-727be61ff000 rw-p 00000000 00:00 0 
727be61ff000-727be6200000 ---p 00000000 00:00 0 
727be6200000-727be6a00000 rw-p 00000000 00:00 0 
727be6a00000-727be6a1b000 r--p 00000000 103:03 106299485                 /usr/lib/x86_64-linux-gnu/libnvidia-ml.so.580.95.05
727be6a1b000-727be6b97000 r-xp 0001b000 103:03 106299485                 /usr/lib/x86_64-linux-gnu/libnvidia-ml.so.580.95.05
727be6b97000-727be6bfb000 r--p 00197000 103:03 106299485                 /usr/lib/x86_64-linux-gnu/libnvidia-ml.so.580.95.05
727be6bfb000-727be6bfc000 ---p 001fb000 103:03 106299485                 /usr/lib/x86_64-linux-gnu/libnvidia-ml.so.580.95.05
727be6bfc000-727be6c2c000 r--p 001fb000 103:03 106299485                 /usr/lib/x86_64-linux-gnu/libnvidia-ml.so.580.95.05
727be6c2c000-727be6c2f000 rw-p 0022b000 103:03 106299485                 /usr/lib/x86_64-linux-gnu/libnvidia-ml.so.580.95.05
727be6c2f000-727be7985000 rw-p 00000000 00:00 0 
727be79f7000-727be7af7000 rw-p 00000000 00:00 0 
727be7af7000-727be7af8000 ---p 00000000 00:00 0 
727be7af8000-727be82f8000 rw-p 00000000 00:00 0 
727be82f8000-727be92f8000 rw-p 00000000 00:00 0 
727be92f8000-727bec877000 r--p 00000000 00:6a 10095985                   /home/ubuntu/.local/lib/python3.10/site-packages/triton/_C/libtriton.so
727bec877000-727bf191c000 r-xp 0357e000 00:6a 10095985                   /home/ubuntu/.local/lib/python3.10/site-packages/triton/_C/libtriton.so
727bf191c000-727bf1a4c000 r--p 08622000 00:6a 10095985                   /home/ubuntu/.local/lib/python3.10/site-packages/triton/_C/libtriton.so
727bf1a4c000-727bf1a6f000 rw-p 08751000 00:6a 10095985                   /home/ubuntu/.local/lib/python3.10/site-packages/triton/_C/libtriton.so
727bf1a6f000-727bf3200000 rw-p 00000000 00:00 0 
727bf3200000-727bf32a9000 r-xp 00000000 00:6a 10163489                   /home/ubuntu/.local/lib/python3.10/site-packages/torchvision.libs/libcudart.45e7f3ed.so.12
727bf32a9000-727bf34a9000 ---p 000a9000 00:6a 10163489                   /home/ubuntu/.local/lib/python3.10/site-packages/torchvision.libs/libcudart.45e7f3ed.so.12
727bf34a9000-727bf34ae000 r--p 000a9000 00:6a 10163489                   /home/ubuntu/.local/lib/python3.10/site-packages/torchvision.libs/libcudart.45e7f3ed.so.12
727bf34ae000-727bf34af000 rw-p 000ae000 00:6a 10163489                   /home/ubuntu/.local/lib/python3.10/site-packages/torchvision.libs/libcudart.45e7f3ed.so.12
727bf34af000-727bf34b1000 rw-p 00000000 00:00 0 
727bf3500000-727bf3600000 rw-p 00000000 00:00 0 
727bf3600000-727bf3c5a000 r-xp 00000000 00:6a 10163488                   /home/ubuntu/.local/lib/python3.10/site-packages/torchvision.libs/libnvjpeg.e5f20359.so.12
727bf3c5a000-727bf3e5a000 ---p 0065a000 00:6a 10163488                   /home/ubuntu/.local/lib/python3.10/site-packages/torchvision.libs/libnvjpeg.e5f20359.so.12
727bf3e5a000-727bf3e67000 r--p 0065a000 00:6a 10163488                   /home/ubuntu/.local/lib/python3.10/site-packages/torchvision.libs/libnvjpeg.e5f20359.so.12
727bf3e67000-727bf3e68000 rw-p 00667000 00:6a 10163488                   /home/ubuntu/.local/lib/python3.10/site-packages/torchvision.libs/libnvjpeg.e5f20359.so.12
727bf3e68000-727bf3e6d000 rw-p 00000000 00:00 0 
727bf3ea1000-727bf3eae000 r--p 00000000 00:6a 10100093                   /home/ubuntu/.local/lib/python3.10/site-packages/pillow.libs/libfreetype-083ff72c.so.6.20.2
727bf3eae000-727bf3f75000 r-xp 0000d000 00:6a 10100093                   /home/ubuntu/.local/lib/python3.10/site-packages/pillow.libs/libfreetype-083ff72c.so.6.20.2
727bf3f75000-727bf3fa1000 r--p 000d4000 00:6a 10100093                   /home/ubuntu/.local/lib/python3.10/site-packages/pillow.libs/libfreetype-083ff72c.so.6.20.2
727bf3fa1000-727bf3fa8000 r--p 00100000 00:6a 10100093                   /home/ubuntu/.local/lib/python3.10/site-packages/pillow.libs/libfreetype-083ff72c.so.6.20.2
727bf3fa8000-727bf3faa000 rw-p 00107000 00:6a 10100093                   /home/ubuntu/.local/lib/python3.10/site-packages/pillow.libs/libfreetype-083ff72c.so.6.20.2
727bf3faa000-727bf3fac000 rw-p 0015a000 00:6a 10100093                   /home/ubuntu/.local/lib/python3.10/site-packages/pillow.libs/libfreetype-083ff72c.so.6.20.2
727bf3fac000-727bf3fae000 rw-p 0015c000 00:6a 10100093                   /home/ubuntu/.local/lib/python3.10/site-packages/pillow.libs/libfreetype-083ff72c.so.6.20.2
727bf3fae000-727bf40ae000 rw-p 00000000 00:00 0 
727bf40ae000-727bf4152000 r--p 00000000 00:6a 10163275                   /home/ubuntu/.local/lib/python3.10/site-packages/torchvision/_C.so
727bf4152000-727bf4268000 r-xp 000a4000 00:6a 10163275                   /home/ubuntu/.local/lib/python3.10/site-packages/torchvision/_C.so
727bf4268000-727bf47e8000 r--p 001ba000 00:6a 10163275                   /home/ubuntu/.local/lib/python3.10/site-packages/torchvision/_C.so
727bf47e8000-727bf47eb000 r--p 00739000 00:6a 10163275                   /home/ubuntu/.local/lib/python3.10/site-packages/torchvision/_C.so
727bf47eb000-727bf47f0000 rw-p 0073c000 00:6a 10163275                   /home/ubuntu/.local/lib/python3.10/site-packages/torchvision/_C.so
727bf47f0000-727d698f2000 rw-p 00000000 00:00 0 
727d698f4000-727e6c3f4000 rw-p 00000000 00:00 0 
727e6c3f6000-727eee4f6000 rw-p 00000000 00:00 0 
727eee4f8000-727f2e3f8000 rw-p 00000000 00:00 0 
727f2e3fa000-727f4e9fa000 rw-p 00000000 00:00 0 
727f4e9fc000-727f5e8fc000 rw-p 00000000 00:00 0 
727f5e8fe000-727f672fe000 rw-p 00000000 00:00 0 
727f67300000-727f6c400000 rw-p 00000000 00:00 0 
727f6c400000-727f75998000 r--s 00000000 08:00 45646671                   /home/ubuntu/tbazzocchi/FRAG/MedRAG/corpus/wikipedia/index/bm25/_s_Lucene90_0.dvd
727f75a00000-727f78b1c000 r--s 00000000 08:00 45646518                   /home/ubuntu/tbazzocchi/FRAG/MedRAG/corpus/wikipedia/index/bm25/_s.fdt
727f78c00000-727f79228000 r--s 00000000 08:00 45646519                   /home/ubuntu/tbazzocchi/FRAG/MedRAG/corpus/wikipedia/index/bm25/_s.nvd
727f79300000-727f79400000 rw-p 00000000 00:00 0 
727f79400000-727f79658000 r--s 00000000 08:00 45646528                   /home/ubuntu/tbazzocchi/FRAG/MedRAG/corpus/wikipedia/index/bm25/_s_Lucene90_0.tip
727f79700000-727f79800000 rw-p 00000000 00:00 0 
727f79800000-727f7e5c9000 r--s 00000000 08:00 45646527                   /home/ubuntu/tbazzocchi/FRAG/MedRAG/corpus/wikipedia/index/bm25/_s_Lucene90_0.tim
727f7e600000-727fa3eb2000 r--s 00000000 08:00 45646526                   /home/ubuntu/tbazzocchi/FRAG/MedRAG/corpus/wikipedia/index/bm25/_s_Lucene90_0.doc
727fa3f00000-727fa4000000 rw-p 00000000 00:00 0 
727fa4000000-727fb2460000 r--s 00000000 08:00 45646432                   /home/ubuntu/tbazzocchi/FRAG/MedRAG/corpus/wikipedia/index/bm25/_13_Lucene90_0.dvd
727fb2500000-727fb2600000 rw-p 00000000 00:00 0 
727fb2600000-727fb706a000 r--s 00000000 08:00 45646676                   /home/ubuntu/tbazzocchi/FRAG/MedRAG/corpus/wikipedia/index/bm25/_13.fdt
727fb7100000-727fb7200000 rw-p 00000000 00:00 0 
727fb7200000-727fb7b65000 r--s 00000000 08:00 45646503                   /home/ubuntu/tbazzocchi/FRAG/MedRAG/corpus/wikipedia/index/bm25/_13.nvd
727fb7c00000-727fb7f5f000 r--s 00000000 08:00 45646685                   /home/ubuntu/tbazzocchi/FRAG/MedRAG/corpus/wikipedia/index/bm25/_13_Lucene90_0.tip
727fb8000000-727fbec9f000 r--s 00000000 08:00 45646684                   /home/ubuntu/tbazzocchi/FRAG/MedRAG/corpus/wikipedia/index/bm25/_13_Lucene90_0.tim
727fbed00000-727fbee00000 rw-p 00000000 00:00 0 
727fbee00000-727ff89d9000 r--s 00000000 08:00 45646678                   /home/ubuntu/tbazzocchi/FRAG/MedRAG/corpus/wikipedia/index/bm25/_13_Lucene90_0.doc
727ff8a00000-727ffa36c000 r--s 00000000 08:00 45646497                   /home/ubuntu/tbazzocchi/FRAG/MedRAG/corpus/wikipedia/index/bm25/_a_Lucene90_0.dvd
727ffa400000-727ffac4f000 r--s 00000000 08:00 45646313                   /home/ubuntu/tbazzocchi/FRAG/MedRAG/corpus/wikipedia/index/bm25/_a.fdt
727ffad00000-727ffae00000 rw-p 00000000 00:00 0 
727ffae00000-727ffbf91000 r--s 00000000 08:00 45646505                   /home/ubuntu/tbazzocchi/FRAG/MedRAG/corpus/wikipedia/index/bm25/_a_Lucene90_0.tim
727ffc000000-728002460000 r--s 00000000 08:00 45646504                   /home/ubuntu/tbazzocchi/FRAG/MedRAG/corpus/wikipedia/index/bm25/_a_Lucene90_0.doc
728002500000-728002600000 rw-p 00000000 00:00 0 
728002600000-72800418a000 r--s 00000000 08:00 45646510                   /home/ubuntu/tbazzocchi/FRAG/MedRAG/corpus/wikipedia/index/bm25/_6_Lucene90_0.dvd
728004200000-728004aff000 r--s 00000000 08:00 45646303                   /home/ubuntu/tbazzocchi/FRAG/MedRAG/corpus/wikipedia/index/bm25/_6.fdt
728004b00000-728004c00000 rw-p 00000000 00:00 0 
728004c00000-728005ea6000 r--s 00000000 08:00 45646523                   /home/ubuntu/tbazzocchi/FRAG/MedRAG/corpus/wikipedia/index/bm25/_6_Lucene90_0.tim
728005f00000-728006000000 rw-p 00000000 00:00 0 
728006000000-72800ccae000 r--s 00000000 08:00 45646522                   /home/ubuntu/tbazzocchi/FRAG/MedRAG/corpus/wikipedia/index/bm25/_6_Lucene90_0.doc
72800cd00000-72800ce00000 rw-p 00000000 00:00 0 
72800ce00000-72800eb99000 r--s 00000000 08:00 45646532                   /home/ubuntu/tbazzocchi/FRAG/MedRAG/corpus/wikipedia/index/bm25/_8_Lucene90_0.dvd
72800ec00000-72800f5aa000 r--s 00000000 08:00 45646317                   /home/ubuntu/tbazzocchi/FRAG/MedRAG/corpus/wikipedia/index/bm25/_8.fdt
72800f600000-7280109b7000 r--s 00000000 08:00 45646540                   /home/ubuntu/tbazzocchi/FRAG/MedRAG/corpus/wikipedia/index/bm25/_8_Lucene90_0.tim
728010a00000-728017ee6000 r--s 00000000 08:00 45646539                   /home/ubuntu/tbazzocchi/FRAG/MedRAG/corpus/wikipedia/index/bm25/_8_Lucene90_0.doc
728017f00000-728018000000 rw-p 00000000 00:00 0 
728018000000-728019fed000 r--s 00000000 08:00 45646545                   /home/ubuntu/tbazzocchi/FRAG/MedRAG/corpus/wikipedia/index/bm25/_2_Lucene90_0.dvd
72801a000000-72801aa69000 r--s 00000000 08:00 45646308                   /home/ubuntu/tbazzocchi/FRAG/MedRAG/corpus/wikipedia/index/bm25/_2.fdt
72801ab00000-72801ac00000 rw-p 00000000 00:00 0 
72801ac00000-72801c0d6000 r--s 00000000 08:00 45646553                   /home/ubuntu/tbazzocchi/FRAG/MedRAG/corpus/wikipedia/index/bm25/_2_Lucene90_0.tim
72801c100000-72801c200000 rw-p 00000000 00:00 0 
72801c200000-728023ff4000 r--s 00000000 08:00 45646552                   /home/ubuntu/tbazzocchi/FRAG/MedRAG/corpus/wikipedia/index/bm25/_2_Lucene90_0.doc
728024000000-7280258e9000 r--s 00000000 08:00 45646658                   /home/ubuntu/tbazzocchi/FRAG/MedRAG/corpus/wikipedia/index/bm25/_o_Lucene90_0.dvd
728025900000-728025a00000 rw-p 00000000 00:00 0 
728025a00000-72802621d000 r--s 00000000 08:00 45646468                   /home/ubuntu/tbazzocchi/FRAG/MedRAG/corpus/wikipedia/index/bm25/_o.fdt
728026300000-728026400000 rw-p 00000000 00:00 0 
728026400000-728027516000 r--s 00000000 08:00 45646666                   /home/ubuntu/tbazzocchi/FRAG/MedRAG/corpus/wikipedia/index/bm25/_o_Lucene90_0.tim
728027600000-72802d89e000 r--s 00000000 08:00 45646665                   /home/ubuntu/tbazzocchi/FRAG/MedRAG/corpus/wikipedia/index/bm25/_o_Lucene90_0.doc
72802d900000-72802da00000 rw-p 00000000 00:00 0 
72802da00000-72802f4ff000 r--s 00000000 08:00 45646681                   /home/ubuntu/tbazzocchi/FRAG/MedRAG/corpus/wikipedia/index/bm25/_q_Lucene90_0.dvd
72802f500000-72802f600000 rw-p 00000000 00:00 0 
72802f600000-72802fe72000 r--s 00000000 08:00 45646501                   /home/ubuntu/tbazzocchi/FRAG/MedRAG/corpus/wikipedia/index/bm25/_q.fdt
72802ff00000-728030000000 rw-p 00000000 00:00 0 
728030000000-728031168000 r--s 00000000 08:00 45646290                   /home/ubuntu/tbazzocchi/FRAG/MedRAG/corpus/wikipedia/index/bm25/_q_Lucene90_0.tim
728031200000-728037cff000 r--s 00000000 08:00 45646289                   /home/ubuntu/tbazzocchi/FRAG/MedRAG/corpus/wikipedia/index/bm25/_q_Lucene90_0.doc
728037d00000-728037e00000 rw-p 00000000 00:00 0 
728037e00000-728039216000 r--s 00000000 08:00 45646299                   /home/ubuntu/tbazzocchi/FRAG/MedRAG/corpus/wikipedia/index/bm25/_r_Lucene90_0.dvd
728039300000-728039400000 rw-p 00000000 00:00 0 
728039400000-728039a88000 r--s 00000000 08:00 45646514                   /home/ubuntu/tbazzocchi/FRAG/MedRAG/corpus/wikipedia/index/bm25/_r.fdt
728039b00000-728039c00000 rw-p 00000000 00:00 0 
728039c00000-72803aa6c000 r--s 00000000 08:00 45646306                   /home/ubuntu/tbazzocchi/FRAG/MedRAG/corpus/wikipedia/index/bm25/_r_Lucene90_0.tim
72803ab00000-72803ac00000 rw-p 00000000 00:00 0 
72803ac00000-72803fb8e000 r--s 00000000 08:00 45646305                   /home/ubuntu/tbazzocchi/FRAG/MedRAG/corpus/wikipedia/index/bm25/_r_Lucene90_0.doc
72803fc00000-728040600000 r--s 00000000 08:00 45646318                   /home/ubuntu/tbazzocchi/FRAG/MedRAG/corpus/wikipedia/index/bm25/_x_Lucene90_0.dvd
728040600000-728040942000 r--s 00000000 08:00 45646592                   /home/ubuntu/tbazzocchi/FRAG/MedRAG/corpus/wikipedia/index/bm25/_x.fdt
728040a00000-728041269000 r--s 00000000 08:00 45646325                   /home/ubuntu/tbazzocchi/FRAG/MedRAG/corpus/wikipedia/index/bm25/_x_Lucene90_0.tim
728041300000-728041400000 rw-p 00000000 00:00 0 
728041400000-728043b72000 r--s 00000000 08:00 45646324                   /home/ubuntu/tbazzocchi/FRAG/MedRAG/corpus/wikipedia/index/bm25/_x_Lucene90_0.doc
728043c00000-728043e69000 r--s 00000000 08:00 45646341                   /home/ubuntu/tbazzocchi/FRAG/MedRAG/corpus/wikipedia/index/bm25/_12_Lucene90_0.tim
728043f00000-728044000000 rw-p 00000000 00:00 0 
728044000000-7280446f8000 r--s 00000000 08:00 45646340                   /home/ubuntu/tbazzocchi/FRAG/MedRAG/corpus/wikipedia/index/bm25/_12_Lucene90_0.doc
728044700000-728044800000 rw-p 00000000 00:00 0 
728044800000-72804504d000 r--s 00000000 08:00 45646350                   /home/ubuntu/tbazzocchi/FRAG/MedRAG/corpus/wikipedia/index/bm25/_10_Lucene90_0.dvd
728045100000-728045200000 rw-p 00000000 00:00 0 
728045200000-728045493000 r--s 00000000 08:00 45646627                   /home/ubuntu/tbazzocchi/FRAG/MedRAG/corpus/wikipedia/index/bm25/_10.fdt
728045500000-728045600000 rw-p 00000000 00:00 0 
728045600000-728045ce5000 r--s 00000000 08:00 45646354                   /home/ubuntu/tbazzocchi/FRAG/MedRAG/corpus/wikipedia/index/bm25/_10_Lucene90_0.tim
728045d00000-728045e00000 rw-p 00000000 00:00 0 
728045e00000-728047e57000 r--s 00000000 08:00 45646353                   /home/ubuntu/tbazzocchi/FRAG/MedRAG/corpus/wikipedia/index/bm25/_10_Lucene90_0.doc
728047ec0000-728047f00000 rwxp 00000000 00:00 0 
728047f00000-728048000000 rw-p 00000000 00:00 0 
728048000000-728048fc4000 r--s 00000000 08:00 45646361                   /home/ubuntu/tbazzocchi/FRAG/MedRAG/corpus/wikipedia/index/bm25/_u_Lucene90_0.dvd
728049000000-728049520000 r--s 00000000 08:00 45646549                   /home/ubuntu/tbazzocchi/FRAG/MedRAG/corpus/wikipedia/index/bm25/_u.fdt
72804955c000-72804955f000 r--p 00000000 00:6a 10163487                   /home/ubuntu/.local/lib/python3.10/site-packages/torchvision.libs/libwebp.32d871e4.so.7
72804955f000-7280495e9000 r-xp 00003000 00:6a 10163487                   /home/ubuntu/.local/lib/python3.10/site-packages/torchvision.libs/libwebp.32d871e4.so.7
7280495e9000-7280495fc000 r--p 0008d000 00:6a 10163487                   /home/ubuntu/.local/lib/python3.10/site-packages/torchvision.libs/libwebp.32d871e4.so.7
7280495fc000-7280495fd000 r--p 000a0000 00:6a 10163487                   /home/ubuntu/.local/lib/python3.10/site-packages/torchvision.libs/libwebp.32d871e4.so.7
7280495fd000-7280495fe000 rw-p 000a1000 00:6a 10163487                   /home/ubuntu/.local/lib/python3.10/site-packages/torchvision.libs/libwebp.32d871e4.so.7
7280495fe000-7280495ff000 rw-p 00000000 00:00 0 
7280495ff000-728049600000 rw-p 000ad000 00:6a 10163487                   /home/ubuntu/.local/lib/python3.10/site-packages/torchvision.libs/libwebp.32d871e4.so.7
728049600000-72804a200000 r--s 00000000 08:00 45646365                   /home/ubuntu/tbazzocchi/FRAG/MedRAG/corpus/wikipedia/index/bm25/_u_Lucene90_0.tim
72804a200000-72804e06b000 r--s 00000000 08:00 45646364                   /home/ubuntu/tbazzocchi/FRAG/MedRAG/corpus/wikipedia/index/bm25/_u_Lucene90_0.doc
72804e100000-72804e200000 rw-p 00000000 00:00 0 
72804e200000-72804e6e9000 r--s 00000000 08:00 45646376                   /home/ubuntu/tbazzocchi/FRAG/MedRAG/corpus/wikipedia/index/bm25/_11_Lucene90_0.dvd
72804e700000-72804e800000 rw-p 00000000 00:00 0 
72804e800000-72804ecd6000 r--s 00000000 08:00 45646384                   /home/ubuntu/tbazzocchi/FRAG/MedRAG/corpus/wikipedia/index/bm25/_11_Lucene90_0.tim
72804ed00000-72804ee00000 rw-p 00000000 00:00 0 
72804ee00000-728050112000 r--s 00000000 08:00 45646379                   /home/ubuntu/tbazzocchi/FRAG/MedRAG/corpus/wikipedia/index/bm25/_11_Lucene90_0.doc
728050122000-72805012e000 r--p 00000000 00:6a 10100094                   /home/ubuntu/.local/lib/python3.10/site-packages/pillow.libs/libharfbuzz-fe5b8f8d.so.0.61121.0
72805012e000-7280501ab000 r-xp 0000c000 00:6a 10100094                   /home/ubuntu/.local/lib/python3.10/site-packages/pillow.libs/libharfbuzz-fe5b8f8d.so.0.61121.0
7280501ab000-7280501f4000 r--p 00089000 00:6a 10100094                   /home/ubuntu/.local/lib/python3.10/site-packages/pillow.libs/libharfbuzz-fe5b8f8d.so.0.61121.0
7280501f4000-7280501f5000 r--p 000d1000 00:6a 10100094                   /home/ubuntu/.local/lib/python3.10/site-packages/pillow.libs/libharfbuzz-fe5b8f8d.so.0.61121.0
7280501f5000-7280501f7000 rw-p 000d2000 00:6a 10100094                   /home/ubuntu/.local/lib/python3.10/site-packages/pillow.libs/libharfbuzz-fe5b8f8d.so.0.61121.0
7280501f7000-7280501fc000 rw-p 000d5000 00:6a 10100094                   /home/ubuntu/.local/lib/python3.10/site-packages/pillow.libs/libharfbuzz-fe5b8f8d.so.0.61121.0
7280501fc000-728050200000 rw-p 000da000 00:6a 10100094                   /home/ubuntu/.local/lib/python3.10/site-packages/pillow.libs/libharfbuzz-fe5b8f8d.so.0.61121.0
728050200000-728050c7f000 r--s 00000000 08:00 45646391                   /home/ubuntu/tbazzocchi/FRAG/MedRAG/corpus/wikipedia/index/bm25/_w_Lucene90_0.dvd
728050d00000-728050e00000 rw-p 00000000 00:00 0 
728050e00000-72805116a000 r--s 00000000 08:00 45646582                   /home/ubuntu/tbazzocchi/FRAG/MedRAG/corpus/wikipedia/index/bm25/_w.fdt
728051200000-728051ad2000 r--s 00000000 08:00 45646399                   /home/ubuntu/tbazzocchi/FRAG/MedRAG/corpus/wikipedia/index/bm25/_w_Lucene90_0.tim
728051b00000-728051c00000 rw-p 00000000 00:00 0 
728051c00000-728054558000 r--s 00000000 08:00 45646398                   /home/ubuntu/tbazzocchi/FRAG/MedRAG/corpus/wikipedia/index/bm25/_w_Lucene90_0.doc
728054569000-72805456e000 r--p 00000000 00:6a 10163486                   /home/ubuntu/.local/lib/python3.10/site-packages/torchvision.libs/libjpeg.37781fad.so.8
72805456e000-7280545c3000 r-xp 00005000 00:6a 10163486                   /home/ubuntu/.local/lib/python3.10/site-packages/torchvision.libs/libjpeg.37781fad.so.8
7280545c3000-7280545fe000 r--p 0005a000 00:6a 10163486                   /home/ubuntu/.local/lib/python3.10/site-packages/torchvision.libs/libjpeg.37781fad.so.8
7280545fe000-7280545ff000 r--p 00094000 00:6a 10163486                   /home/ubuntu/.local/lib/python3.10/site-packages/torchvision.libs/libjpeg.37781fad.so.8
7280545ff000-728054600000 rw-p 00095000 00:6a 10163486                   /home/ubuntu/.local/lib/python3.10/site-packages/torchvision.libs/libjpeg.37781fad.so.8
728054600000-72805627f000 r--s 00000000 08:00 45646406                   /home/ubuntu/tbazzocchi/FRAG/MedRAG/corpus/wikipedia/index/bm25/_p_Lucene90_0.dvd
728056300000-728056400000 rw-p 00000000 00:00 0 
728056400000-728056cee000 r--s 00000000 08:00 45646488                   /home/ubuntu/tbazzocchi/FRAG/MedRAG/corpus/wikipedia/index/bm25/_p.fdt
728056d00000-728056e00000 rw-p 00000000 00:00 0 
728056e00000-728058029000 r--s 00000000 08:00 45646414                   /home/ubuntu/tbazzocchi/FRAG/MedRAG/corpus/wikipedia/index/bm25/_p_Lucene90_0.tim
728058055000-72805806c000 r--p 00000000 00:6a 10163281                   /home/ubuntu/.local/lib/python3.10/site-packages/torchvision/image.so
72805806c000-72805809f000 r-xp 00017000 00:6a 10163281                   /home/ubuntu/.local/lib/python3.10/site-packages/torchvision/image.so
72805809f000-7280580b5000 r--p 0004a000 00:6a 10163281                   /home/ubuntu/.local/lib/python3.10/site-packages/torchvision/image.so
7280580b5000-7280580b6000 r--p 0005f000 00:6a 10163281                   /home/ubuntu/.local/lib/python3.10/site-packages/torchvision/image.so
7280580b6000-7280580b8000 rw-p 00060000 00:6a 10163281                   /home/ubuntu/.local/lib/python3.10/site-packages/torchvision/image.so
7280580b8000-7280580c4000 rw-p 0007a000 00:6a 10163281                   /home/ubuntu/.local/lib/python3.10/site-packages/torchvision/image.so
7280580c4000-7280580d0000 rw-p 00086000 00:6a 10163281                   /home/ubuntu/.local/lib/python3.10/site-packages/torchvision/image.so
7280580d0000-7280580dc000 rw-p 00092000 00:6a 10163281                   /home/ubuntu/.local/lib/python3.10/site-packages/torchvision/image.so
7280580dc000-7280580e8000 rw-p 0009e000 00:6a 10163281                   /home/ubuntu/.local/lib/python3.10/site-packages/torchvision/image.so
7280580e8000-7280580f4000 rw-p 000aa000 00:6a 10163281                   /home/ubuntu/.local/lib/python3.10/site-packages/torchvision/image.so
7280580f4000-728058200000 r--s 00000000 08:00 45646495                   /home/ubuntu/tbazzocchi/FRAG/MedRAG/corpus/wikipedia/index/bm25/_a.nvd
728058200000-72805f29b000 r--s 00000000 08:00 45646413                   /home/ubuntu/tbazzocchi/FRAG/MedRAG/corpus/wikipedia/index/bm25/_p_Lucene90_0.doc
72805f2de000-72805f400000 r--s 00000000 08:00 45646508                   /home/ubuntu/tbazzocchi/FRAG/MedRAG/corpus/wikipedia/index/bm25/_6.nvd
72805f400000-72805fc2f000 r--s 00000000 08:00 45646421                   /home/ubuntu/tbazzocchi/FRAG/MedRAG/corpus/wikipedia/index/bm25/_z_Lucene90_0.dvd
72805fc33000-72805fcc8000 r--s 00000000 08:00 45646506                   /home/ubuntu/tbazzocchi/FRAG/MedRAG/corpus/wikipedia/index/bm25/_a_Lucene90_0.tip
72805fcc8000-72805fe00000 r--s 00000000 08:00 45646530                   /home/ubuntu/tbazzocchi/FRAG/MedRAG/corpus/wikipedia/index/bm25/_8.nvd
72805fe00000-7280600a2000 r--s 00000000 08:00 45646614                   /home/ubuntu/tbazzocchi/FRAG/MedRAG/corpus/wikipedia/index/bm25/_z.fdt
7280600b0000-728060200000 r--s 00000000 08:00 45646543                   /home/ubuntu/tbazzocchi/FRAG/MedRAG/corpus/wikipedia/index/bm25/_2.nvd
728060200000-728060929000 r--s 00000000 08:00 45646429                   /home/ubuntu/tbazzocchi/FRAG/MedRAG/corpus/wikipedia/index/bm25/_z_Lucene90_0.tim
728060962000-728060a00000 r--s 00000000 08:00 45646524                   /home/ubuntu/tbazzocchi/FRAG/MedRAG/corpus/wikipedia/index/bm25/_6_Lucene90_0.tip
728060a00000-728062a02000 r--s 00000000 08:00 45646428                   /home/ubuntu/tbazzocchi/FRAG/MedRAG/corpus/wikipedia/index/bm25/_z_Lucene90_0.doc
728062a52000-728062af9000 r--s 00000000 08:00 45646541                   /home/ubuntu/tbazzocchi/FRAG/MedRAG/corpus/wikipedia/index/bm25/_8_Lucene90_0.tip
728062af9000-728062c00000 r--s 00000000 08:00 45646656                   /home/ubuntu/tbazzocchi/FRAG/MedRAG/corpus/wikipedia/index/bm25/_o.nvd
728062c00000-728063e05000 r--s 00000000 08:00 45646442                   /home/ubuntu/tbazzocchi/FRAG/MedRAG/corpus/wikipedia/index/bm25/_t_Lucene90_0.dvd
728063e34000-728063ee4000 r--s 00000000 08:00 45646554                   /home/ubuntu/tbazzocchi/FRAG/MedRAG/corpus/wikipedia/index/bm25/_2_Lucene90_0.tip
728063ee4000-728064000000 r--s 00000000 08:00 45646679                   /home/ubuntu/tbazzocchi/FRAG/MedRAG/corpus/wikipedia/index/bm25/_q.nvd
728064000000-728064d55000 r--s 00000000 08:00 45646446                   /home/ubuntu/tbazzocchi/FRAG/MedRAG/corpus/wikipedia/index/bm25/_t_Lucene90_0.tim
728064d6f000-728064e00000 r--s 00000000 08:00 45646667                   /home/ubuntu/tbazzocchi/FRAG/MedRAG/corpus/wikipedia/index/bm25/_o_Lucene90_0.tip
728064e00000-728069559000 r--s 00000000 08:00 45646445                   /home/ubuntu/tbazzocchi/FRAG/MedRAG/corpus/wikipedia/index/bm25/_t_Lucene90_0.doc
72806956b000-728069600000 r--s 00000000 08:00 45646291                   /home/ubuntu/tbazzocchi/FRAG/MedRAG/corpus/wikipedia/index/bm25/_q_Lucene90_0.tip
728069600000-72806a4a5000 r--s 00000000 08:00 45646457                   /home/ubuntu/tbazzocchi/FRAG/MedRAG/corpus/wikipedia/index/bm25/_v_Lucene90_0.dvd
72806a52c000-72806a600000 r--s 00000000 08:00 45646295                   /home/ubuntu/tbazzocchi/FRAG/MedRAG/corpus/wikipedia/index/bm25/_r.nvd
72806a600000-72806dfb7000 r--s 00000000 08:00 45646296                   /home/ubuntu/tbazzocchi/FRAG/MedRAG/corpus/wikipedia/index/bm25/_v_Lucene90_0.doc
72806e000000-728074000000 ---p 00000000 00:00 0 
728074000000-728074021000 rw-p 00000000 00:00 0 
728074021000-728078000000 ---p 00000000 00:00 0 
728078032000-728078200000 r--s 00000000 08:00 45646334                   /home/ubuntu/tbazzocchi/FRAG/MedRAG/corpus/wikipedia/index/bm25/_12_Lucene90_0.dvd
728078200000-7280787dc000 r--s 00000000 08:00 45646536                   /home/ubuntu/tbazzocchi/FRAG/MedRAG/corpus/wikipedia/index/bm25/_t.fdt
728078800000-728078cb9000 r--s 00000000 08:00 45646562                   /home/ubuntu/tbazzocchi/FRAG/MedRAG/corpus/wikipedia/index/bm25/_v.fdt
728078cdc000-728078ce2000 r--p 00000000 00:6a 10163485                   /home/ubuntu/.local/lib/python3.10/site-packages/torchvision.libs/libpng16.e328d493.so.16
728078ce2000-728078d0b000 r-xp 00006000 00:6a 10163485                   /home/ubuntu/.local/lib/python3.10/site-packages/torchvision.libs/libpng16.e328d493.so.16
728078d0b000-728078d16000 r--p 0002f000 00:6a 10163485                   /home/ubuntu/.local/lib/python3.10/site-packages/torchvision.libs/libpng16.e328d493.so.16
728078d16000-728078d17000 ---p 0003a000 00:6a 10163485                   /home/ubuntu/.local/lib/python3.10/site-packages/torchvision.libs/libpng16.e328d493.so.16
728078d17000-728078d18000 r--p 0003a000 00:6a 10163485                   /home/ubuntu/.local/lib/python3.10/site-packages/torchvision.libs/libpng16.e328d493.so.16
728078d18000-728078d19000 rw-p 0003b000 00:6a 10163485                   /home/ubuntu/.local/lib/python3.10/site-packages/torchvision.libs/libpng16.e328d493.so.16
728078d19000-728078d1c000 rw-p 00042000 00:6a 10163485                   /home/ubuntu/.local/lib/python3.10/site-packages/torchvision.libs/libpng16.e328d493.so.16
728078d1c000-728078d97000 r--s 00000000 08:00 45646309                   /home/ubuntu/tbazzocchi/FRAG/MedRAG/corpus/wikipedia/index/bm25/_r_Lucene90_0.tip
728078d97000-728078e00000 r--s 00000000 08:00 45646315                   /home/ubuntu/tbazzocchi/FRAG/MedRAG/corpus/wikipedia/index/bm25/_x.nvd
728078e00000-728079913000 r--s 00000000 08:00 45646301                   /home/ubuntu/tbazzocchi/FRAG/MedRAG/corpus/wikipedia/index/bm25/_v_Lucene90_0.tim
728079926000-72807992b000 r--p 00000000 00:6a 10100099                   /home/ubuntu/.local/lib/python3.10/site-packages/pillow.libs/libpng16-d00bd151.so.16.49.0
72807992b000-72807995d000 r-xp 00005000 00:6a 10100099                   /home/ubuntu/.local/lib/python3.10/site-packages/pillow.libs/libpng16-d00bd151.so.16.49.0
72807995d000-728079967000 r--p 00037000 00:6a 10100099                   /home/ubuntu/.local/lib/python3.10/site-packages/pillow.libs/libpng16-d00bd151.so.16.49.0
728079967000-728079968000 r--p 00040000 00:6a 10100099                   /home/ubuntu/.local/lib/python3.10/site-packages/pillow.libs/libpng16-d00bd151.so.16.49.0
728079968000-728079969000 rw-p 00041000 00:6a 10100099                   /home/ubuntu/.local/lib/python3.10/site-packages/pillow.libs/libpng16-d00bd151.so.16.49.0
728079969000-72807996b000 rw-p 00042000 00:6a 10100099                   /home/ubuntu/.local/lib/python3.10/site-packages/pillow.libs/libpng16-d00bd151.so.16.49.0
72807996b000-728079a00000 r--s 00000000 08:00 45646649                   /home/ubuntu/tbazzocchi/FRAG/MedRAG/corpus/wikipedia/index/bm25/_12.fdt
728079a00000-72807bf4d000 r--s 00000000 08:00 45646371                   /home/ubuntu/tbazzocchi/FRAG/MedRAG/corpus/wikipedia/index/bm25/_y_Lucene90_0.doc
72807bf5a000-72807c000000 r--s 00000000 08:00 45646359                   /home/ubuntu/tbazzocchi/FRAG/MedRAG/corpus/wikipedia/index/bm25/_u.nvd
72807c000000-72807c180000 rw-p 00000000 00:00 0 
72807c180000-728080000000 ---p 00000000 00:00 0 
728080000000-728081343000 rw-p 00000000 00:00 0 
728081343000-728084000000 ---p 00000000 00:00 0 
728084000000-728084134000 rw-p 00000000 00:00 0 
728084134000-728088000000 ---p 00000000 00:00 0 
728088000000-7280881a7000 rw-p 00000000 00:00 0 
7280881a7000-72808c000000 ---p 00000000 00:00 0 
72808c000000-72808c021000 rw-p 00000000 00:00 0 
72808c021000-728090000000 ---p 00000000 00:00 0 
728090000000-728090021000 rw-p 00000000 00:00 0 
728090021000-728094000000 ---p 00000000 00:00 0 
728094000000-728094021000 rw-p 00000000 00:00 0 
728094021000-728098000000 ---p 00000000 00:00 0 
728098000000-728098021000 rw-p 00000000 00:00 0 
728098021000-72809c000000 ---p 00000000 00:00 0 
72809c000000-72809d468000 rw-p 00000000 00:00 0 
72809d468000-7280a0000000 ---p 00000000 00:00 0 
7280a0000000-7280a0179000 rw-p 00000000 00:00 0 
7280a0179000-7280a4000000 ---p 00000000 00:00 0 
7280a4000000-7280a4021000 rw-p 00000000 00:00 0 
7280a4021000-7280a8000000 ---p 00000000 00:00 0 
7280a8000000-7280a8021000 rw-p 00000000 00:00 0 
7280a8021000-7280ac000000 ---p 00000000 00:00 0 
7280ac000000-7280ac021000 rw-p 00000000 00:00 0 
7280ac021000-7280b0000000 ---p 00000000 00:00 0 
7280b0000000-7280b0021000 rw-p 00000000 00:00 0 
7280b0021000-7280b4000000 ---p 00000000 00:00 0 
7280b4000000-7280b4021000 rw-p 00000000 00:00 0 
7280b4021000-7280b8000000 ---p 00000000 00:00 0 
7280b800c000-7280b800e000 r--p 00000000 00:6a 9914557                    /usr/lib/x86_64-linux-gnu/libfribidi.so.0.4.0
7280b800e000-7280b8011000 r-xp 00002000 00:6a 9914557                    /usr/lib/x86_64-linux-gnu/libfribidi.so.0.4.0
7280b8011000-7280b8026000 r--p 00005000 00:6a 9914557                    /usr/lib/x86_64-linux-gnu/libfribidi.so.0.4.0
7280b8026000-7280b8027000 r--p 00019000 00:6a 9914557                    /usr/lib/x86_64-linux-gnu/libfribidi.so.0.4.0
7280b8027000-7280b8028000 rw-p 0001a000 00:6a 9914557                    /usr/lib/x86_64-linux-gnu/libfribidi.so.0.4.0
7280b8028000-7280b8071000 r--s 00000000 08:00 45646326                   /home/ubuntu/tbazzocchi/FRAG/MedRAG/corpus/wikipedia/index/bm25/_x_Lucene90_0.tip
7280b8071000-7280b8200000 r--s 00000000 08:00 45646640                   /home/ubuntu/tbazzocchi/FRAG/MedRAG/corpus/wikipedia/index/bm25/_11.fdt
7280b8200000-7280b8b72000 r--s 00000000 08:00 45646337                   /home/ubuntu/tbazzocchi/FRAG/MedRAG/corpus/wikipedia/index/bm25/_y_Lucene90_0.dvd
7280b8b73000-7280b8b75000 r--p 00000000 00:6a 10045270                   /usr/lib/python3.10/lib-dynload/_lsprof.cpython-310-x86_64-linux-gnu.so
7280b8b75000-7280b8b78000 r-xp 00002000 00:6a 10045270                   /usr/lib/python3.10/lib-dynload/_lsprof.cpython-310-x86_64-linux-gnu.so
7280b8b78000-7280b8b7a000 r--p 00005000 00:6a 10045270                   /usr/lib/python3.10/lib-dynload/_lsprof.cpython-310-x86_64-linux-gnu.so
7280b8b7a000-7280b8b7b000 r--p 00006000 00:6a 10045270                   /usr/lib/python3.10/lib-dynload/_lsprof.cpython-310-x86_64-linux-gnu.so
7280b8b7b000-7280b8b7c000 rw-p 00007000 00:6a 10045270                   /usr/lib/python3.10/lib-dynload/_lsprof.cpython-310-x86_64-linux-gnu.so
7280b8b7c000-7280b8b7d000 r--p 00000000 00:6a 10163491                   /home/ubuntu/.local/lib/python3.10/site-packages/torchvision.libs/libsharpyuv.0032f495.so.0
7280b8b7d000-7280b8b82000 r-xp 00001000 00:6a 10163491                   /home/ubuntu/.local/lib/python3.10/site-packages/torchvision.libs/libsharpyuv.0032f495.so.0
7280b8b82000-7280b8b83000 r--p 00006000 00:6a 10163491                   /home/ubuntu/.local/lib/python3.10/site-packages/torchvision.libs/libsharpyuv.0032f495.so.0
7280b8b83000-7280b8b84000 r--p 00006000 00:6a 10163491                   /home/ubuntu/.local/lib/python3.10/site-packages/torchvision.libs/libsharpyuv.0032f495.so.0
7280b8b84000-7280b8b85000 rw-p 00007000 00:6a 10163491                   /home/ubuntu/.local/lib/python3.10/site-packages/torchvision.libs/libsharpyuv.0032f495.so.0
7280b8b85000-7280b8b86000 rw-p 00000000 00:00 0 
7280b8b86000-7280b8b87000 r--p 00000000 00:6a 10100091                   /home/ubuntu/.local/lib/python3.10/site-packages/pillow.libs/libbrotlicommon-c55a5f7a.so.1.1.0
7280b8b87000-7280b8b88000 r-xp 00001000 00:6a 10100091                   /home/ubuntu/.local/lib/python3.10/site-packages/pillow.libs/libbrotlicommon-c55a5f7a.so.1.1.0
7280b8b88000-7280b8ba7000 r--p 00002000 00:6a 10100091                   /home/ubuntu/.local/lib/python3.10/site-packages/pillow.libs/libbrotlicommon-c55a5f7a.so.1.1.0
7280b8ba7000-7280b8ba8000 r--p 00021000 00:6a 10100091                   /home/ubuntu/.local/lib/python3.10/site-packages/pillow.libs/libbrotlicommon-c55a5f7a.so.1.1.0
7280b8ba8000-7280b8ba9000 rw-p 00022000 00:6a 10100091                   /home/ubuntu/.local/lib/python3.10/site-packages/pillow.libs/libbrotlicommon-c55a5f7a.so.1.1.0
7280b8ba9000-7280b8baa000 rw-p 00023000 00:6a 10100091                   /home/ubuntu/.local/lib/python3.10/site-packages/pillow.libs/libbrotlicommon-c55a5f7a.so.1.1.0
7280b8baa000-7280b8c00000 r--s 00000000 08:00 45646348                   /home/ubuntu/tbazzocchi/FRAG/MedRAG/corpus/wikipedia/index/bm25/_10.nvd
7280b8c00000-7280b8f15000 r--s 00000000 08:00 45646598                   /home/ubuntu/tbazzocchi/FRAG/MedRAG/corpus/wikipedia/index/bm25/_y.fdt
7280b8f16000-7280b8f19000 r--p 00000000 00:6a 10163490                   /home/ubuntu/.local/lib/python3.10/site-packages/torchvision.libs/libz.81d90590.so.1
7280b8f19000-7280b8f27000 r-xp 00003000 00:6a 10163490                   /home/ubuntu/.local/lib/python3.10/site-packages/torchvision.libs/libz.81d90590.so.1
7280b8f27000-7280b8f2e000 r--p 00011000 00:6a 10163490                   /home/ubuntu/.local/lib/python3.10/site-packages/torchvision.libs/libz.81d90590.so.1
7280b8f2e000-7280b8f2f000 r--p 00017000 00:6a 10163490                   /home/ubuntu/.local/lib/python3.10/site-packages/torchvision.libs/libz.81d90590.so.1
7280b8f2f000-7280b8f30000 rw-p 00018000 00:6a 10163490                   /home/ubuntu/.local/lib/python3.10/site-packages/torchvision.libs/libz.81d90590.so.1
7280b8f30000-7280b8f31000 r--p 00000000 00:6a 10100092                   /home/ubuntu/.local/lib/python3.10/site-packages/pillow.libs/libbrotlidec-2ced2f3a.so.1.1.0
7280b8f31000-7280b8f3a000 r-xp 00001000 00:6a 10100092                   /home/ubuntu/.local/lib/python3.10/site-packages/pillow.libs/libbrotlidec-2ced2f3a.so.1.1.0
7280b8f3a000-7280b8f3d000 r--p 0000a000 00:6a 10100092                   /home/ubuntu/.local/lib/python3.10/site-packages/pillow.libs/libbrotlidec-2ced2f3a.so.1.1.0
7280b8f3d000-7280b8f3e000 r--p 0000c000 00:6a 10100092                   /home/ubuntu/.local/lib/python3.10/site-packages/pillow.libs/libbrotlidec-2ced2f3a.so.1.1.0
7280b8f3e000-7280b8f3f000 rw-p 0000d000 00:6a 10100092                   /home/ubuntu/.local/lib/python3.10/site-packages/pillow.libs/libbrotlidec-2ced2f3a.so.1.1.0
7280b8f3f000-7280b8f40000 rw-p 0000e000 00:6a 10100092                   /home/ubuntu/.local/lib/python3.10/site-packages/pillow.libs/libbrotlidec-2ced2f3a.so.1.1.0
7280b8f40000-7280b8f41000 rw-p 0000f000 00:6a 10100092                   /home/ubuntu/.local/lib/python3.10/site-packages/pillow.libs/libbrotlidec-2ced2f3a.so.1.1.0
7280b8f41000-7280b8f45000 r--p 00000000 00:6a 10100071                   /home/ubuntu/.local/lib/python3.10/site-packages/PIL/_imagingft.cpython-310-x86_64-linux-gnu.so
7280b8f45000-7280b8f4e000 r-xp 00004000 00:6a 10100071                   /home/ubuntu/.local/lib/python3.10/site-packages/PIL/_imagingft.cpython-310-x86_64-linux-gnu.so
7280b8f4e000-7280b8f50000 r--p 0000d000 00:6a 10100071                   /home/ubuntu/.local/lib/python3.10/site-packages/PIL/_imagingft.cpython-310-x86_64-linux-gnu.so
7280b8f50000-7280b8f51000 r--p 0000f000 00:6a 10100071                   /home/ubuntu/.local/lib/python3.10/site-packages/PIL/_imagingft.cpython-310-x86_64-linux-gnu.so
7280b8f51000-7280b8f52000 rw-p 00010000 00:6a 10100071                   /home/ubuntu/.local/lib/python3.10/site-packages/PIL/_imagingft.cpython-310-x86_64-linux-gnu.so
7280b8f52000-7280b8f53000 rw-p 00047000 00:6a 10100071                   /home/ubuntu/.local/lib/python3.10/site-packages/PIL/_imagingft.cpython-310-x86_64-linux-gnu.so
7280b8f53000-7280b8f54000 rw-p 00048000 00:6a 10100071                   /home/ubuntu/.local/lib/python3.10/site-packages/PIL/_imagingft.cpython-310-x86_64-linux-gnu.so
7280b8f54000-7280b8f5c000 r--s 00000000 08:00 45646502                   /home/ubuntu/tbazzocchi/FRAG/MedRAG/corpus/wikipedia/index/bm25/_13.fdx
7280b8f5c000-7280b8f99000 r--s 00000000 08:00 45646355                   /home/ubuntu/tbazzocchi/FRAG/MedRAG/corpus/wikipedia/index/bm25/_10_Lucene90_0.tip
7280b8f99000-7280b9000000 r--s 00000000 08:00 45646366                   /home/ubuntu/tbazzocchi/FRAG/MedRAG/corpus/wikipedia/index/bm25/_u_Lucene90_0.tip
7280b9000000-7280b981a000 r--s 00000000 08:00 45646380                   /home/ubuntu/tbazzocchi/FRAG/MedRAG/corpus/wikipedia/index/bm25/_y_Lucene90_0.tim
7280b9820000-7280b9833000 r--s 00000000 08:00 45646332                   /home/ubuntu/tbazzocchi/FRAG/MedRAG/corpus/wikipedia/index/bm25/_12.nvd
7280b9833000-7280b98a1000 r--s 00000000 08:00 45646389                   /home/ubuntu/tbazzocchi/FRAG/MedRAG/corpus/wikipedia/index/bm25/_w.nvd
7280b98a1000-7280b99cc000 r--s 00000000 08:00 45646404                   /home/ubuntu/tbazzocchi/FRAG/MedRAG/corpus/wikipedia/index/bm25/_p.nvd
7280b99cc000-7280b9a7d000 r--p 00000000 00:6a 10237031                   /home/ubuntu/.local/lib/python3.10/site-packages/onnxruntime/capi/onnxruntime_pybind11_state.cpython-310-x86_64-linux-gnu.so
7280b9a7d000-7280babb8000 r-xp 000b1000 00:6a 10237031                   /home/ubuntu/.local/lib/python3.10/site-packages/onnxruntime/capi/onnxruntime_pybind11_state.cpython-310-x86_64-linux-gnu.so
7280babb8000-7280bafb6000 r--p 011ec000 00:6a 10237031                   /home/ubuntu/.local/lib/python3.10/site-packages/onnxruntime/capi/onnxruntime_pybind11_state.cpython-310-x86_64-linux-gnu.so
7280bafb6000-7280baff6000 r--p 015ea000 00:6a 10237031                   /home/ubuntu/.local/lib/python3.10/site-packages/onnxruntime/capi/onnxruntime_pybind11_state.cpython-310-x86_64-linux-gnu.so
7280baff6000-7280baff9000 rw-p 0162a000 00:6a 10237031                   /home/ubuntu/.local/lib/python3.10/site-packages/onnxruntime/capi/onnxruntime_pybind11_state.cpython-310-x86_64-linux-gnu.so
7280baff9000-7280bb3f0000 rw-p 00000000 00:00 0 
7280bb3f0000-7280bb8f0000 rw-p 00000000 00:00 0 
7280bb8f0000-7280bbef0000 rw-p 00000000 00:00 0 
7280bbef0000-7280bbf60000 rw-p 00000000 00:00 0 
7280bbf60000-7280bc000000 ---p 00000000 00:00 0 
7280bc000000-7280bc0c0000 rw-p 00000000 00:00 0 
7280bc0c0000-7280bf000000 ---p 00000000 00:00 0 
7280bf000000-7280bf455000 rw-p 00001000 00:6a 10553192                   /usr/lib/jvm/java-17-openjdk-amd64/lib/server/classes.jsa
7280bf455000-7280bfbca000 rw-p 00456000 00:6a 10553192                   /usr/lib/jvm/java-17-openjdk-amd64/lib/server/classes.jsa
7280bfbca000-7280c0000000 ---p 00000000 00:00 0 
7280c0000000-7280c0030000 rw-p 00000000 00:00 0 
7280c0030000-7280c0070000 rw-p 00000000 00:00 0 
7280c0070000-7280c00d0000 rw-p 00000000 00:00 0 
7280c00d0000-7280c0130000 rw-p 00000000 00:00 0 
7280c0130000-7280c0230000 rw-p 00000000 00:00 0 
7280c0230000-728100000000 ---p 00000000 00:00 0 
728100000000-728100021000 rw-p 00000000 00:00 0 
728100021000-728104000000 ---p 00000000 00:00 0 
728104000000-728104021000 rw-p 00000000 00:00 0 
728104021000-728108000000 ---p 00000000 00:00 0 
728108000000-728108021000 rw-p 00000000 00:00 0 
728108021000-72810c000000 ---p 00000000 00:00 0 
72810c004000-72810c037000 r--s 00000000 08:00 45646374                   /home/ubuntu/tbazzocchi/FRAG/MedRAG/corpus/wikipedia/index/bm25/_11.nvd
72810c037000-72810c083000 r--s 00000000 08:00 45646400                   /home/ubuntu/tbazzocchi/FRAG/MedRAG/corpus/wikipedia/index/bm25/_w_Lucene90_0.tip
72810c083000-72810c11f000 r--s 00000000 08:00 45646415                   /home/ubuntu/tbazzocchi/FRAG/MedRAG/corpus/wikipedia/index/bm25/_p_Lucene90_0.tip
72810c11f000-72810c175000 r--s 00000000 08:00 45646419                   /home/ubuntu/tbazzocchi/FRAG/MedRAG/corpus/wikipedia/index/bm25/_z.nvd
72810c175000-72810c1b3000 r--s 00000000 08:00 45646430                   /home/ubuntu/tbazzocchi/FRAG/MedRAG/corpus/wikipedia/index/bm25/_z_Lucene90_0.tip
72810c1b3000-72810c271000 r--s 00000000 08:00 45646440                   /home/ubuntu/tbazzocchi/FRAG/MedRAG/corpus/wikipedia/index/bm25/_t.nvd
72810c271000-72810c2e4000 r--s 00000000 08:00 45646447                   /home/ubuntu/tbazzocchi/FRAG/MedRAG/corpus/wikipedia/index/bm25/_t_Lucene90_0.tip
72810c2e4000-72810c37e000 r--s 00000000 08:00 45646455                   /home/ubuntu/tbazzocchi/FRAG/MedRAG/corpus/wikipedia/index/bm25/_v.nvd
72810c37e000-72810c3de000 r--s 00000000 08:00 45646307                   /home/ubuntu/tbazzocchi/FRAG/MedRAG/corpus/wikipedia/index/bm25/_v_Lucene90_0.tip
72810c3de000-72810c4de000 rw-p 00000000 00:00 0 
72810c4de000-72810d6ff000 ---p 00000000 00:00 0 
72810d6ff000-72810d700000 ---p 00000000 00:00 0 
72810d700000-72810df00000 rw-p 00000000 00:00 0 
72810df00000-728110000000 rw-p 00000000 00:00 0 
728110000000-728110021000 rw-p 00000000 00:00 0 
728110021000-728114000000 ---p 00000000 00:00 0 
728114000000-728114021000 rw-p 00000000 00:00 0 
728114021000-728118000000 ---p 00000000 00:00 0 
728118000000-728118021000 rw-p 00000000 00:00 0 
728118021000-72811c000000 ---p 00000000 00:00 0 
72811c004000-72811c02e000 r--s 00000000 08:00 45646385                   /home/ubuntu/tbazzocchi/FRAG/MedRAG/corpus/wikipedia/index/bm25/_11_Lucene90_0.tip
72811c02e000-72811c092000 r--s 00000000 08:00 45646327                   /home/ubuntu/tbazzocchi/FRAG/MedRAG/corpus/wikipedia/index/bm25/_y.nvd
72811c092000-72811c096000 ---p 00000000 00:00 0 
72811c096000-72811c192000 rw-p 00000000 00:00 0 
72811c192000-72811c196000 ---p 00000000 00:00 0 
72811c196000-72811c292000 rw-p 00000000 00:00 0 
72811c292000-72811c296000 ---p 00000000 00:00 0 
72811c296000-72811c392000 rw-p 00000000 00:00 0 
72811c392000-72811c396000 ---p 00000000 00:00 0 
72811c396000-72811c492000 rw-p 00000000 00:00 0 
72811c492000-72811c496000 ---p 00000000 00:00 0 
72811c496000-72811c592000 rw-p 00000000 00:00 0 
72811c592000-72811c596000 ---p 00000000 00:00 0 
72811c596000-72811c692000 rw-p 00000000 00:00 0 
72811c692000-72811c792000 rw-p 00000000 00:00 0 
72811c792000-72811c793000 ---p 00000000 00:00 0 
72811c793000-72811c893000 rw-p 00000000 00:00 0 
72811c893000-72811c897000 ---p 00000000 00:00 0 
72811c897000-72811c993000 rw-p 00000000 00:00 0 
72811c993000-72811c997000 ---p 00000000 00:00 0 
72811c997000-72811ca93000 rw-p 00000000 00:00 0 
72811ca93000-72811ca97000 ---p 00000000 00:00 0 
72811ca97000-72811cb93000 rw-p 00000000 00:00 0 
72811cb93000-72811cb97000 ---p 00000000 00:00 0 
72811cb97000-72811cc93000 rw-p 00000000 00:00 0 
72811cc93000-72811cc97000 ---p 00000000 00:00 0 
72811cc97000-72811cd93000 rw-p 00000000 00:00 0 
72811cd93000-72811cd97000 ---p 00000000 00:00 0 
72811cd97000-72811ce93000 rw-p 00000000 00:00 0 
72811ce93000-72811ce97000 ---p 00000000 00:00 0 
72811ce97000-72811cf93000 rw-p 00000000 00:00 0 
72811cf93000-72811cf97000 ---p 00000000 00:00 0 
72811cf97000-72811d093000 rw-p 00000000 00:00 0 
72811d093000-72811d097000 ---p 00000000 00:00 0 
72811d097000-72811d193000 rw-p 00000000 00:00 0 
72811d193000-72811d194000 ---p 00000000 00:00 0 
72811d194000-72811d294000 rw-p 00000000 00:00 0 
72811d294000-72811d299000 r--p 00000000 00:6a 10553174                   /usr/lib/jvm/java-17-openjdk-amd64/lib/libjsvml.so
72811d299000-72811d2da000 r-xp 00005000 00:6a 10553174                   /usr/lib/jvm/java-17-openjdk-amd64/lib/libjsvml.so
72811d2da000-72811d363000 r--p 00046000 00:6a 10553174                   /usr/lib/jvm/java-17-openjdk-amd64/lib/libjsvml.so
72811d363000-72811d364000 r--p 000ce000 00:6a 10553174                   /usr/lib/jvm/java-17-openjdk-amd64/lib/libjsvml.so
72811d364000-72811d365000 rw-p 000cf000 00:6a 10553174                   /usr/lib/jvm/java-17-openjdk-amd64/lib/libjsvml.so
72811d365000-72811d366000 ---p 00000000 00:00 0 
72811d366000-72811d466000 rw-p 00000000 00:00 0 
72811d466000-72811d467000 ---p 00000000 00:00 0 
72811d467000-72811d567000 rw-p 00000000 00:00 0 
72811d567000-72811d568000 ---p 00000000 00:00 0 
72811d568000-72811d668000 rw-p 00000000 00:00 0 
72811d668000-72811d669000 ---p 00000000 00:00 0 
72811d669000-72811d769000 rw-p 00000000 00:00 0 
72811d769000-72811d76a000 ---p 00000000 00:00 0 
72811d76a000-72811d86a000 rw-p 00000000 00:00 0 
72811d86a000-72811f95e000 rw-p 00000000 00:00 0 
72811f95e000-72813b85e000 ---p 00000000 00:00 0 
72813b85e000-72813d8de000 rw-p 00000000 00:00 0 
72813d8de000-7281597de000 ---p 00000000 00:00 0 
7281597de000-728159c5e000 rw-p 00000000 00:00 0 
728159c5e000-72815d43e000 ---p 00000000 00:00 0 
72815d43e000-72815d84e000 rw-p 00000000 00:00 0 
72815d84e000-72816102e000 ---p 00000000 00:00 0 
72816102e000-72816143e000 rw-p 00000000 00:00 0 
72816143e000-728164c1e000 ---p 00000000 00:00 0 
728164c1e000-728164c33000 rw-p 00000000 00:00 0 
728164c33000-728164d17000 ---p 00000000 00:00 0 
728164d17000-728164d20000 rw-p 00000000 00:00 0 
728164d20000-728164e00000 ---p 00000000 00:00 0 
728164e00000-728165230000 rwxp 00000000 00:00 0 
728165230000-72816c25f000 ---p 00000000 00:00 0 
72816c25f000-72816c55f000 rwxp 00000000 00:00 0 
72816c55f000-72816c9a0000 ---p 00000000 00:00 0 
72816c9a0000-72816cc10000 rwxp 00000000 00:00 0 
72816cc10000-728173e00000 ---p 00000000 00:00 0 
728173e00000-728173e46000 r--s 00000000 08:00 45646381                   /home/ubuntu/tbazzocchi/FRAG/MedRAG/corpus/wikipedia/index/bm25/_y_Lucene90_0.tip
728173e46000-72817b8fb000 r--s 00000000 00:6a 10553189                   /usr/lib/jvm/java-17-openjdk-amd64/lib/modules
72817b8fb000-72817bb4c000 r--p 00000000 00:6a 10553195                   /usr/lib/jvm/java-17-openjdk-amd64/lib/server/libjvm.so
72817bb4c000-72817c8c1000 r-xp 00251000 00:6a 10553195                   /usr/lib/jvm/java-17-openjdk-amd64/lib/server/libjvm.so
72817c8c1000-72817cb44000 r--p 00fc6000 00:6a 10553195                   /usr/lib/jvm/java-17-openjdk-amd64/lib/server/libjvm.so
72817cb44000-72817cb45000 ---p 01249000 00:6a 10553195                   /usr/lib/jvm/java-17-openjdk-amd64/lib/server/libjvm.so
72817cb45000-72817cbfd000 r--p 01249000 00:6a 10553195                   /usr/lib/jvm/java-17-openjdk-amd64/lib/server/libjvm.so
72817cbfd000-72817cc32000 rw-p 01301000 00:6a 10553195                   /usr/lib/jvm/java-17-openjdk-amd64/lib/server/libjvm.so
72817cc32000-72817cc8c000 rw-p 00000000 00:00 0 
72817cc8c000-72817cc96000 r--p 00000000 00:6a 10171408                   /home/ubuntu/.local/lib/python3.10/site-packages/jnius/jnius.cpython-310-x86_64-linux-gnu.so
72817cc96000-72817cd11000 r-xp 0000a000 00:6a 10171408                   /home/ubuntu/.local/lib/python3.10/site-packages/jnius/jnius.cpython-310-x86_64-linux-gnu.so
72817cd11000-72817cd20000 r--p 00085000 00:6a 10171408                   /home/ubuntu/.local/lib/python3.10/site-packages/jnius/jnius.cpython-310-x86_64-linux-gnu.so
72817cd20000-72817cd23000 r--p 00093000 00:6a 10171408                   /home/ubuntu/.local/lib/python3.10/site-packages/jnius/jnius.cpython-310-x86_64-linux-gnu.so
72817cd23000-72817cd27000 rw-p 00096000 00:6a 10171408                   /home/ubuntu/.local/lib/python3.10/site-packages/jnius/jnius.cpython-310-x86_64-linux-gnu.so
72817cd27000-72817d028000 rw-p 00000000 00:00 0 
72817d028000-72817d156000 r--p 00000000 00:6a 10171480                   /home/ubuntu/.local/lib/python3.10/site-packages/faiss/_swigfaiss_avx2.cpython-310-x86_64-linux-gnu.so
72817d156000-72817d15a000 r-xp 0012e000 00:6a 10171480                   /home/ubuntu/.local/lib/python3.10/site-packages/faiss/_swigfaiss_avx2.cpython-310-x86_64-linux-gnu.so
72817d15a000-72817d160000 ---p 00132000 00:6a 10171480                   /home/ubuntu/.local/lib/python3.10/site-packages/faiss/_swigfaiss_avx2.cpython-310-x86_64-linux-gnu.so
72817d160000-72817ee8d000 r-xp 00138000 00:6a 10171480                   /home/ubuntu/.local/lib/python3.10/site-packages/faiss/_swigfaiss_avx2.cpython-310-x86_64-linux-gnu.so
72817ee8d000-72817f114000 r--p 01e65000 00:6a 10171480                   /home/ubuntu/.local/lib/python3.10/site-packages/faiss/_swigfaiss_avx2.cpython-310-x86_64-linux-gnu.so
72817f114000-72817f123000 r--p 020eb000 00:6a 10171480                   /home/ubuntu/.local/lib/python3.10/site-packages/faiss/_swigfaiss_avx2.cpython-310-x86_64-linux-gnu.so
72817f123000-72817f164000 rw-p 020fa000 00:6a 10171480                   /home/ubuntu/.local/lib/python3.10/site-packages/faiss/_swigfaiss_avx2.cpython-310-x86_64-linux-gnu.so
72817f164000-72817f170000 rw-p 00000000 00:00 0 
72817f170000-72817f1c1000 rw-p 0213c000 00:6a 10171480                   /home/ubuntu/.local/lib/python3.10/site-packages/faiss/_swigfaiss_avx2.cpython-310-x86_64-linux-gnu.so
72817f1c1000-72817f1ff000 rw-p 0218d000 00:6a 10171480                   /home/ubuntu/.local/lib/python3.10/site-packages/faiss/_swigfaiss_avx2.cpython-310-x86_64-linux-gnu.so
72817f1ff000-728180a00000 rw-p 00000000 00:00 0 
728180a00000-728180a39000 r-xp 00000000 00:6a 11013269                   /home/ubuntu/.local/lib/python3.10/site-packages/kiwisolver/_cext.cpython-310-x86_64-linux-gnu.so
728180a39000-728180c38000 ---p 00039000 00:6a 11013269                   /home/ubuntu/.local/lib/python3.10/site-packages/kiwisolver/_cext.cpython-310-x86_64-linux-gnu.so
728180c38000-728180c39000 r--p 00038000 00:6a 11013269                   /home/ubuntu/.local/lib/python3.10/site-packages/kiwisolver/_cext.cpython-310-x86_64-linux-gnu.so
728180c39000-728180c3a000 rw-p 00039000 00:6a 11013269                   /home/ubuntu/.local/lib/python3.10/site-packages/kiwisolver/_cext.cpython-310-x86_64-linux-gnu.so
728180c3a000-728180c3b000 rw-p 00000000 00:00 0 
728180c3b000-728180c50000 r--s 00000000 08:00 45646342                   /home/ubuntu/tbazzocchi/FRAG/MedRAG/corpus/wikipedia/index/bm25/_12_Lucene90_0.tip
728180c50000-728180c60000 -w-s 00000000 00:05 1199                       /dev/nvidia0
728180c60000-728180d60000 rw-p 00000000 00:00 0 
728180d60000-728180d79000 r--p 00000000 00:6a 11014157                   /home/ubuntu/.local/lib/python3.10/site-packages/matplotlib/ft2font.cpython-310-x86_64-linux-gnu.so
728180d79000-728180e46000 r-xp 00019000 00:6a 11014157                   /home/ubuntu/.local/lib/python3.10/site-packages/matplotlib/ft2font.cpython-310-x86_64-linux-gnu.so
728180e46000-728180e83000 r--p 000e6000 00:6a 11014157                   /home/ubuntu/.local/lib/python3.10/site-packages/matplotlib/ft2font.cpython-310-x86_64-linux-gnu.so
728180e83000-728180e8a000 r--p 00122000 00:6a 11014157                   /home/ubuntu/.local/lib/python3.10/site-packages/matplotlib/ft2font.cpython-310-x86_64-linux-gnu.so
728180e8a000-728180e8b000 rw-p 00129000 00:6a 11014157                   /home/ubuntu/.local/lib/python3.10/site-packages/matplotlib/ft2font.cpython-310-x86_64-linux-gnu.so
728180e8b000-72818118c000 rw-p 00000000 00:00 0 
72818118c000-72818119b000 r--p 00000000 00:6a 11014100                   /home/ubuntu/.local/lib/python3.10/site-packages/matplotlib/_image.cpython-310-x86_64-linux-gnu.so
72818119b000-7281811ec000 r-xp 0000f000 00:6a 11014100                   /home/ubuntu/.local/lib/python3.10/site-packages/matplotlib/_image.cpython-310-x86_64-linux-gnu.so
7281811ec000-7281811fd000 r--p 00060000 00:6a 11014100                   /home/ubuntu/.local/lib/python3.10/site-packages/matplotlib/_image.cpython-310-x86_64-linux-gnu.so
7281811fd000-7281811fe000 r--p 00070000 00:6a 11014100                   /home/ubuntu/.local/lib/python3.10/site-packages/matplotlib/_image.cpython-310-x86_64-linux-gnu.so
7281811fe000-7281811ff000 rw-p 00071000 00:6a 11014100                   /home/ubuntu/.local/lib/python3.10/site-packages/matplotlib/_image.cpython-310-x86_64-linux-gnu.so
7281811ff000-728181a00000 rw-p 00000000 00:00 0 
728181a00000-728181a03000 r-xp 00000000 00:6a 10100089                   /home/ubuntu/.local/lib/python3.10/site-packages/pillow.libs/libXau-154567c4.so.6.0.0
728181a03000-728181c02000 ---p 00003000 00:6a 10100089                   /home/ubuntu/.local/lib/python3.10/site-packages/pillow.libs/libXau-154567c4.so.6.0.0
728181c02000-728181c03000 r--p 00002000 00:6a 10100089                   /home/ubuntu/.local/lib/python3.10/site-packages/pillow.libs/libXau-154567c4.so.6.0.0
728181c03000-728181c04000 rw-p 00000000 00:00 0 
728181c04000-728181c05000 rw-p 00005000 00:6a 10100089                   /home/ubuntu/.local/lib/python3.10/site-packages/pillow.libs/libXau-154567c4.so.6.0.0
728181c09000-728181c0d000 r--p 00000000 00:6a 10553180                   /usr/lib/jvm/java-17-openjdk-amd64/lib/libnet.so
728181c0d000-728181c1b000 r-xp 00004000 00:6a 10553180                   /usr/lib/jvm/java-17-openjdk-amd64/lib/libnet.so
728181c1b000-728181c1f000 r--p 00012000 00:6a 10553180                   /usr/lib/jvm/java-17-openjdk-amd64/lib/libnet.so
728181c1f000-728181c20000 r--p 00015000 00:6a 10553180                   /usr/lib/jvm/java-17-openjdk-amd64/lib/libnet.so
728181c20000-728181c21000 rw-p 00016000 00:6a 10553180                   /usr/lib/jvm/java-17-openjdk-amd64/lib/libnet.so
728181c21000-728181c28000 r--p 00000000 00:6a 10553181                   /usr/lib/jvm/java-17-openjdk-amd64/lib/libnio.so
728181c28000-728181c31000 r-xp 00007000 00:6a 10553181                   /usr/lib/jvm/java-17-openjdk-amd64/lib/libnio.so
728181c31000-728181c35000 r--p 00010000 00:6a 10553181                   /usr/lib/jvm/java-17-openjdk-amd64/lib/libnio.so
728181c35000-728181c36000 ---p 00014000 00:6a 10553181                   /usr/lib/jvm/java-17-openjdk-amd64/lib/libnio.so
728181c36000-728181c37000 r--p 00014000 00:6a 10553181                   /usr/lib/jvm/java-17-openjdk-amd64/lib/libnio.so
728181c37000-728181c38000 rw-p 00015000 00:6a 10553181                   /usr/lib/jvm/java-17-openjdk-amd64/lib/libnio.so
728181c38000-728181c3e000 rw-p 00000000 00:00 0 
728181c3e000-728181c47000 ---p 00000000 00:00 0 
728181c47000-728181c53000 r--p 00000000 00:6a 10553167                   /usr/lib/jvm/java-17-openjdk-amd64/lib/libjava.so
728181c53000-728181c66000 r-xp 0000c000 00:6a 10553167                   /usr/lib/jvm/java-17-openjdk-amd64/lib/libjava.so
728181c66000-728181c6c000 r--p 0001f000 00:6a 10553167                   /usr/lib/jvm/java-17-openjdk-amd64/lib/libjava.so
728181c6c000-728181c6d000 r--p 00024000 00:6a 10553167                   /usr/lib/jvm/java-17-openjdk-amd64/lib/libjava.so
728181c6d000-728181c6e000 rw-p 00025000 00:6a 10553167                   /usr/lib/jvm/java-17-openjdk-amd64/lib/libjava.so
728181c6e000-728181c6f000 rw-p 00000000 00:00 0 
728181c6f000-728181c7e000 r--p 00000000 00:6a 11014106                   /home/ubuntu/.local/lib/python3.10/site-packages/matplotlib/_path.cpython-310-x86_64-linux-gnu.so
728181c7e000-728181cbe000 r-xp 0000f000 00:6a 11014106                   /home/ubuntu/.local/lib/python3.10/site-packages/matplotlib/_path.cpython-310-x86_64-linux-gnu.so
728181cbe000-728181cce000 r--p 0004f000 00:6a 11014106                   /home/ubuntu/.local/lib/python3.10/site-packages/matplotlib/_path.cpython-310-x86_64-linux-gnu.so
728181cce000-728181ccf000 ---p 0005f000 00:6a 11014106                   /home/ubuntu/.local/lib/python3.10/site-packages/matplotlib/_path.cpython-310-x86_64-linux-gnu.so
728181ccf000-728181cd0000 r--p 0005f000 00:6a 11014106                   /home/ubuntu/.local/lib/python3.10/site-packages/matplotlib/_path.cpython-310-x86_64-linux-gnu.so
728181cd0000-728181cd1000 rw-p 00060000 00:6a 11014106                   /home/ubuntu/.local/lib/python3.10/site-packages/matplotlib/_path.cpython-310-x86_64-linux-gnu.so
728181cd1000-728181cd2000 rw-p 00000000 00:00 0 
728181cd2000-728181cdf000 r--p 00000000 00:6a 11014086                   /home/ubuntu/.local/lib/python3.10/site-packages/matplotlib/_c_internal_utils.cpython-310-x86_64-linux-gnu.so
728181cdf000-728181cf9000 r-xp 0000d000 00:6a 11014086                   /home/ubuntu/.local/lib/python3.10/site-packages/matplotlib/_c_internal_utils.cpython-310-x86_64-linux-gnu.so
728181cf9000-728181d02000 r--p 00027000 00:6a 11014086                   /home/ubuntu/.local/lib/python3.10/site-packages/matplotlib/_c_internal_utils.cpython-310-x86_64-linux-gnu.so
728181d02000-728181d03000 r--p 0002f000 00:6a 11014086                   /home/ubuntu/.local/lib/python3.10/site-packages/matplotlib/_c_internal_utils.cpython-310-x86_64-linux-gnu.so
728181d03000-728181d04000 rw-p 00030000 00:6a 11014086                   /home/ubuntu/.local/lib/python3.10/site-packages/matplotlib/_c_internal_utils.cpython-310-x86_64-linux-gnu.so
728181d04000-728181e04000 rw-p 00000000 00:00 0 
728181e04000-728181e08000 r--p 00000000 00:6a 10100097                   /home/ubuntu/.local/lib/python3.10/site-packages/pillow.libs/liblzma-64b7ab39.so.5.8.1
728181e08000-728181e35000 r-xp 00004000 00:6a 10100097                   /home/ubuntu/.local/lib/python3.10/site-packages/pillow.libs/liblzma-64b7ab39.so.5.8.1
728181e35000-728181e42000 r--p 00031000 00:6a 10100097                   /home/ubuntu/.local/lib/python3.10/site-packages/pillow.libs/liblzma-64b7ab39.so.5.8.1
728181e42000-728181e43000 r--p 0003e000 00:6a 10100097                   /home/ubuntu/.local/lib/python3.10/site-packages/pillow.libs/liblzma-64b7ab39.so.5.8.1
728181e43000-728181e44000 rw-p 0003f000 00:6a 10100097                   /home/ubuntu/.local/lib/python3.10/site-packages/pillow.libs/liblzma-64b7ab39.so.5.8.1
728181e44000-728181e46000 rw-p 00040000 00:6a 10100097                   /home/ubuntu/.local/lib/python3.10/site-packages/pillow.libs/liblzma-64b7ab39.so.5.8.1
728181e46000-728181e52000 r--p 00000000 00:6a 10100105                   /home/ubuntu/.local/lib/python3.10/site-packages/pillow.libs/libxcb-64009ff3.so.1.1.0
728181e52000-728181e6d000 r-xp 0000c000 00:6a 10100105                   /home/ubuntu/.local/lib/python3.10/site-packages/pillow.libs/libxcb-64009ff3.so.1.1.0
728181e6d000-728181e77000 r--p 00027000 00:6a 10100105                   /home/ubuntu/.local/lib/python3.10/site-packages/pillow.libs/libxcb-64009ff3.so.1.1.0
728181e77000-728181e78000 r--p 00030000 00:6a 10100105                   /home/ubuntu/.local/lib/python3.10/site-packages/pillow.libs/libxcb-64009ff3.so.1.1.0
728181e78000-728181e79000 rw-p 00031000 00:6a 10100105                   /home/ubuntu/.local/lib/python3.10/site-packages/pillow.libs/libxcb-64009ff3.so.1.1.0
728181e79000-728181e7f000 rw-p 00033000 00:6a 10100105                   /home/ubuntu/.local/lib/python3.10/site-packages/pillow.libs/libxcb-64009ff3.so.1.1.0
728181e7f000-728181e84000 rw-p 00039000 00:6a 10100105                   /home/ubuntu/.local/lib/python3.10/site-packages/pillow.libs/libxcb-64009ff3.so.1.1.0
728181e84000-728181e8c000 r--p 00000000 00:6a 10100098                   /home/ubuntu/.local/lib/python3.10/site-packages/pillow.libs/libopenjp2-56811f71.so.2.5.3
728181e8c000-728181efb000 r-xp 00008000 00:6a 10100098                   /home/ubuntu/.local/lib/python3.10/site-packages/pillow.libs/libopenjp2-56811f71.so.2.5.3
728181efb000-728181f0e000 r--p 00077000 00:6a 10100098                   /home/ubuntu/.local/lib/python3.10/site-packages/pillow.libs/libopenjp2-56811f71.so.2.5.3
728181f0e000-728181f0f000 r--p 0008a000 00:6a 10100098                   /home/ubuntu/.local/lib/python3.10/site-packages/pillow.libs/libopenjp2-56811f71.so.2.5.3
728181f0f000-728181f10000 rw-p 0008b000 00:6a 10100098                   /home/ubuntu/.local/lib/python3.10/site-packages/pillow.libs/libopenjp2-56811f71.so.2.5.3
728181f10000-728181f13000 rw-p 0008d000 00:6a 10100098                   /home/ubuntu/.local/lib/python3.10/site-packages/pillow.libs/libopenjp2-56811f71.so.2.5.3
728181f13000-728181f19000 r--p 00000000 00:6a 10100095                   /home/ubuntu/.local/lib/python3.10/site-packages/pillow.libs/libjpeg-8a13c6e0.so.62.4.0
728181f19000-728181fb0000 r-xp 00006000 00:6a 10100095                   /home/ubuntu/.local/lib/python3.10/site-packages/pillow.libs/libjpeg-8a13c6e0.so.62.4.0
728181fb0000-728181fd9000 r--p 0009d000 00:6a 10100095                   /home/ubuntu/.local/lib/python3.10/site-packages/pillow.libs/libjpeg-8a13c6e0.so.62.4.0
728181fd9000-728181fda000 r--p 000c6000 00:6a 10100095                   /home/ubuntu/.local/lib/python3.10/site-packages/pillow.libs/libjpeg-8a13c6e0.so.62.4.0
728181fda000-728181fdb000 rw-p 000c7000 00:6a 10100095                   /home/ubuntu/.local/lib/python3.10/site-packages/pillow.libs/libjpeg-8a13c6e0.so.62.4.0
728181fdb000-728181fdd000 rw-p 000c8000 00:6a 10100095                   /home/ubuntu/.local/lib/python3.10/site-packages/pillow.libs/libjpeg-8a13c6e0.so.62.4.0
728181fdd000-728181fdf000 rw-p 000ca000 00:6a 10100095                   /home/ubuntu/.local/lib/python3.10/site-packages/pillow.libs/libjpeg-8a13c6e0.so.62.4.0
728181fdf000-728181fe7000 r--p 00000000 00:6a 10100101                   /home/ubuntu/.local/lib/python3.10/site-packages/pillow.libs/libtiff-13a02c81.so.6.1.0
728181fe7000-72818205a000 r-xp 00008000 00:6a 10100101                   /home/ubuntu/.local/lib/python3.10/site-packages/pillow.libs/libtiff-13a02c81.so.6.1.0
72818205a000-72818208c000 r--p 0007b000 00:6a 10100101                   /home/ubuntu/.local/lib/python3.10/site-packages/pillow.libs/libtiff-13a02c81.so.6.1.0
72818208c000-728182090000 r--p 000ad000 00:6a 10100101                   /home/ubuntu/.local/lib/python3.10/site-packages/pillow.libs/libtiff-13a02c81.so.6.1.0
728182090000-728182091000 rw-p 000b1000 00:6a 10100101                   /home/ubuntu/.local/lib/python3.10/site-packages/pillow.libs/libtiff-13a02c81.so.6.1.0
728182091000-728182093000 rw-p 000b3000 00:6a 10100101                   /home/ubuntu/.local/lib/python3.10/site-packages/pillow.libs/libtiff-13a02c81.so.6.1.0
728182093000-728182095000 rw-p 000b5000 00:6a 10100101                   /home/ubuntu/.local/lib/python3.10/site-packages/pillow.libs/libtiff-13a02c81.so.6.1.0
728182095000-7281820a9000 r--p 00000000 00:6a 10100067                   /home/ubuntu/.local/lib/python3.10/site-packages/PIL/_imaging.cpython-310-x86_64-linux-gnu.so
7281820a9000-72818212f000 r-xp 00014000 00:6a 10100067                   /home/ubuntu/.local/lib/python3.10/site-packages/PIL/_imaging.cpython-310-x86_64-linux-gnu.so
72818212f000-728182140000 r--p 0009a000 00:6a 10100067                   /home/ubuntu/.local/lib/python3.10/site-packages/PIL/_imaging.cpython-310-x86_64-linux-gnu.so
728182140000-728182144000 r--p 000ab000 00:6a 10100067                   /home/ubuntu/.local/lib/python3.10/site-packages/PIL/_imaging.cpython-310-x86_64-linux-gnu.so
728182144000-728182148000 rw-p 000af000 00:6a 10100067                   /home/ubuntu/.local/lib/python3.10/site-packages/PIL/_imaging.cpython-310-x86_64-linux-gnu.so
728182148000-72818214c000 rw-p 0032a000 00:6a 10100067                   /home/ubuntu/.local/lib/python3.10/site-packages/PIL/_imaging.cpython-310-x86_64-linux-gnu.so
72818214c000-72818214f000 rw-p 0032e000 00:6a 10100067                   /home/ubuntu/.local/lib/python3.10/site-packages/PIL/_imaging.cpython-310-x86_64-linux-gnu.so
72818214f000-72818215b000 r--p 00000000 00:6a 10892898                   /home/ubuntu/.local/lib/python3.10/site-packages/optree/_C.cpython-310-x86_64-linux-gnu.so
72818215b000-7281821df000 r-xp 0000c000 00:6a 10892898                   /home/ubuntu/.local/lib/python3.10/site-packages/optree/_C.cpython-310-x86_64-linux-gnu.so
7281821df000-728182201000 r--p 00090000 00:6a 10892898                   /home/ubuntu/.local/lib/python3.10/site-packages/optree/_C.cpython-310-x86_64-linux-gnu.so
728182201000-728182203000 r--p 000b1000 00:6a 10892898                   /home/ubuntu/.local/lib/python3.10/site-packages/optree/_C.cpython-310-x86_64-linux-gnu.so
728182203000-728182204000 rw-p 000b3000 00:6a 10892898                   /home/ubuntu/.local/lib/python3.10/site-packages/optree/_C.cpython-310-x86_64-linux-gnu.so
728182204000-728182305000 rw-p 00000000 00:00 0 
728182305000-7281857e3000 r--p 00000000 00:6a 11010071                   /home/ubuntu/.local/lib/python3.10/site-packages/tensorflow/python/profiler/internal/_pywrap_profiler_plugin.so
7281857e3000-7281867fc000 r-xp 034dd000 00:6a 11010071                   /home/ubuntu/.local/lib/python3.10/site-packages/tensorflow/python/profiler/internal/_pywrap_profiler_plugin.so
7281867fc000-72818686b000 r--p 044f5000 00:6a 11010071                   /home/ubuntu/.local/lib/python3.10/site-packages/tensorflow/python/profiler/internal/_pywrap_profiler_plugin.so
72818686b000-7281868da000 rw-p 04563000 00:6a 11010071                   /home/ubuntu/.local/lib/python3.10/site-packages/tensorflow/python/profiler/internal/_pywrap_profiler_plugin.so
7281868da000-728186aec000 rw-p 00000000 00:00 0 
728186aec000-728186af6000 r--p 00000000 00:6a 10962211                   /home/ubuntu/.local/lib/python3.10/site-packages/tensorflow/python/_pywrap_quantize_training.so
728186af6000-728186b08000 r-xp 00009000 00:6a 10962211                   /home/ubuntu/.local/lib/python3.10/site-packages/tensorflow/python/_pywrap_quantize_training.so
728186b08000-728186b0a000 r--p 0001a000 00:6a 10962211                   /home/ubuntu/.local/lib/python3.10/site-packages/tensorflow/python/_pywrap_quantize_training.so
728186b0a000-728186b0b000 rw-p 0001b000 00:6a 10962211                   /home/ubuntu/.local/lib/python3.10/site-packages/tensorflow/python/_pywrap_quantize_training.so
728186b0b000-728186b19000 r--p 00000000 00:6a 10962853                   /home/ubuntu/.local/lib/python3.10/site-packages/tensorflow/python/tpu/_pywrap_sparse_core_layout.so
728186b19000-728186b30000 r-xp 0000d000 00:6a 10962853                   /home/ubuntu/.local/lib/python3.10/site-packages/tensorflow/python/tpu/_pywrap_sparse_core_layout.so
728186b30000-728186b32000 r--p 00023000 00:6a 10962853                   /home/ubuntu/.local/lib/python3.10/site-packages/tensorflow/python/tpu/_pywrap_sparse_core_layout.so
728186b32000-728186b33000 rw-p 00024000 00:6a 10962853                   /home/ubuntu/.local/lib/python3.10/site-packages/tensorflow/python/tpu/_pywrap_sparse_core_layout.so
728186b33000-728186d33000 rw-p 00000000 00:00 0 
728186d33000-728186d43000 r--p 00000000 00:6a 10895905                   /home/ubuntu/.local/lib/python3.10/site-packages/tensorflow/compiler/mlir/quantization/tensorflow/python/pywrap_quantize_model.so
728186d43000-728186d5b000 r-xp 0000f000 00:6a 10895905                   /home/ubuntu/.local/lib/python3.10/site-packages/tensorflow/compiler/mlir/quantization/tensorflow/python/pywrap_quantize_model.so
728186d5b000-728186d5d000 r--p 00026000 00:6a 10895905                   /home/ubuntu/.local/lib/python3.10/site-packages/tensorflow/compiler/mlir/quantization/tensorflow/python/pywrap_quantize_model.so
728186d5d000-728186d5e000 rw-p 00027000 00:6a 10895905                   /home/ubuntu/.local/lib/python3.10/site-packages/tensorflow/compiler/mlir/quantization/tensorflow/python/pywrap_quantize_model.so
728186d5e000-728186d6a000 r--p 00000000 00:6a 10962952                   /home/ubuntu/.local/lib/python3.10/site-packages/tensorflow/python/util/_pywrap_tfprof.so
728186d6a000-728186d7c000 r-xp 0000b000 00:6a 10962952                   /home/ubuntu/.local/lib/python3.10/site-packages/tensorflow/python/util/_pywrap_tfprof.so
728186d7c000-728186d7e000 r--p 0001c000 00:6a 10962952                   /home/ubuntu/.local/lib/python3.10/site-packages/tensorflow/python/util/_pywrap_tfprof.so
728186d7e000-728186d7f000 rw-p 0001d000 00:6a 10962952                   /home/ubuntu/.local/lib/python3.10/site-packages/tensorflow/python/util/_pywrap_tfprof.so
728186d7f000-728186d8b000 r--p 00000000 00:6a 10962227                   /home/ubuntu/.local/lib/python3.10/site-packages/tensorflow/python/_pywrap_mlir.so
728186d8b000-728186da0000 r-xp 0000b000 00:6a 10962227                   /home/ubuntu/.local/lib/python3.10/site-packages/tensorflow/python/_pywrap_mlir.so
728186da0000-728186da2000 r--p 0001f000 00:6a 10962227                   /home/ubuntu/.local/lib/python3.10/site-packages/tensorflow/python/_pywrap_mlir.so
728186da2000-728186da3000 rw-p 00020000 00:6a 10962227                   /home/ubuntu/.local/lib/python3.10/site-packages/tensorflow/python/_pywrap_mlir.so
728186da3000-728186ea3000 rw-p 00000000 00:00 0 
728186ea3000-728186ee8000 r--p 00000000 00:6a 11010662                   /home/ubuntu/.local/lib/python3.10/site-packages/tensorflow/lite/experimental/microfrontend/python/ops/_audio_microfrontend_op.so
728186ee8000-728186f7d000 r-xp 00044000 00:6a 11010662                   /home/ubuntu/.local/lib/python3.10/site-packages/tensorflow/lite/experimental/microfrontend/python/ops/_audio_microfrontend_op.so
728186f7d000-728186f83000 r--p 000d9000 00:6a 11010662                   /home/ubuntu/.local/lib/python3.10/site-packages/tensorflow/lite/experimental/microfrontend/python/ops/_audio_microfrontend_op.so
728186f83000-728186f84000 rw-p 000de000 00:6a 11010662                   /home/ubuntu/.local/lib/python3.10/site-packages/tensorflow/lite/experimental/microfrontend/python/ops/_audio_microfrontend_op.so
728186f84000-728187286000 rw-p 00000000 00:00 0 
728187286000-728187298000 r--p 00000000 00:6a 10895909                   /home/ubuntu/.local/lib/python3.10/site-packages/tensorflow/compiler/mlir/quantization/tensorflow/python/pywrap_function_lib.so
728187298000-7281872b6000 r-xp 00011000 00:6a 10895909                   /home/ubuntu/.local/lib/python3.10/site-packages/tensorflow/compiler/mlir/quantization/tensorflow/python/pywrap_function_lib.so
7281872b6000-7281872b8000 r--p 0002e000 00:6a 10895909                   /home/ubuntu/.local/lib/python3.10/site-packages/tensorflow/compiler/mlir/quantization/tensorflow/python/pywrap_function_lib.so
7281872b8000-7281872b9000 rw-p 0002f000 00:6a 10895909                   /home/ubuntu/.local/lib/python3.10/site-packages/tensorflow/compiler/mlir/quantization/tensorflow/python/pywrap_function_lib.so
7281872b9000-7281872c5000 r--p 00000000 00:6a 10895886                   /home/ubuntu/.local/lib/python3.10/site-packages/tensorflow/compiler/mlir/lite/python/_pywrap_converter_api.so
7281872c5000-7281872da000 r-xp 0000b000 00:6a 10895886                   /home/ubuntu/.local/lib/python3.10/site-packages/tensorflow/compiler/mlir/lite/python/_pywrap_converter_api.so
7281872da000-7281872dc000 r--p 0001f000 00:6a 10895886                   /home/ubuntu/.local/lib/python3.10/site-packages/tensorflow/compiler/mlir/lite/python/_pywrap_converter_api.so
7281872dc000-7281872dd000 rw-p 00020000 00:6a 10895886                   /home/ubuntu/.local/lib/python3.10/site-packages/tensorflow/compiler/mlir/lite/python/_pywrap_converter_api.so
7281872dd000-7281873dd000 rw-p 00000000 00:00 0 
7281873dd000-7281873e7000 r--p 00000000 00:6a 10963266                   /home/ubuntu/.local/lib/python3.10/site-packages/tensorflow/python/framework/_pywrap_python_op_gen.so
7281873e7000-7281873f8000 r-xp 00009000 00:6a 10963266                   /home/ubuntu/.local/lib/python3.10/site-packages/tensorflow/python/framework/_pywrap_python_op_gen.so
7281873f8000-7281873fa000 r--p 00019000 00:6a 10963266                   /home/ubuntu/.local/lib/python3.10/site-packages/tensorflow/python/framework/_pywrap_python_op_gen.so
7281873fa000-7281873fb000 rw-p 0001a000 00:6a 10963266                   /home/ubuntu/.local/lib/python3.10/site-packages/tensorflow/python/framework/_pywrap_python_op_gen.so
7281873fb000-728187407000 r--p 00000000 00:6a 10962883                   /home/ubuntu/.local/lib/python3.10/site-packages/tensorflow/python/client/_pywrap_debug_events_writer.so
728187407000-72818741c000 r-xp 0000b000 00:6a 10962883                   /home/ubuntu/.local/lib/python3.10/site-packages/tensorflow/python/client/_pywrap_debug_events_writer.so
72818741c000-72818741d000 r--p 0001f000 00:6a 10962883                   /home/ubuntu/.local/lib/python3.10/site-packages/tensorflow/python/client/_pywrap_debug_events_writer.so
72818741d000-72818741f000 rw-p 0001f000 00:6a 10962883                   /home/ubuntu/.local/lib/python3.10/site-packages/tensorflow/python/client/_pywrap_debug_events_writer.so
72818741f000-72818751f000 rw-p 00000000 00:00 0 
72818751f000-72818752b000 r--p 00000000 00:6a 10962956                   /home/ubuntu/.local/lib/python3.10/site-packages/tensorflow/python/util/fast_module_type.so
72818752b000-72818753d000 r-xp 0000b000 00:6a 10962956                   /home/ubuntu/.local/lib/python3.10/site-packages/tensorflow/python/util/fast_module_type.so
72818753d000-72818753f000 r--p 0001c000 00:6a 10962956                   /home/ubuntu/.local/lib/python3.10/site-packages/tensorflow/python/util/fast_module_type.so
72818753f000-728187540000 rw-p 0001d000 00:6a 10962956                   /home/ubuntu/.local/lib/python3.10/site-packages/tensorflow/python/util/fast_module_type.so
728187540000-728187840000 rw-p 00000000 00:00 0 
728187840000-728187857000 r--p 00000000 00:6a 10963189                   /home/ubuntu/.local/lib/python3.10/site-packages/tensorflow/python/grappler/_pywrap_tf_cluster.so
728187857000-728187879000 r-xp 00016000 00:6a 10963189                   /home/ubuntu/.local/lib/python3.10/site-packages/tensorflow/python/grappler/_pywrap_tf_cluster.so
728187879000-72818787b000 r--p 00037000 00:6a 10963189                   /home/ubuntu/.local/lib/python3.10/site-packages/tensorflow/python/grappler/_pywrap_tf_cluster.so
72818787b000-72818787c000 rw-p 00038000 00:6a 10963189                   /home/ubuntu/.local/lib/python3.10/site-packages/tensorflow/python/grappler/_pywrap_tf_cluster.so
72818787c000-72818788c000 r--p 00000000 00:6a 10963186                   /home/ubuntu/.local/lib/python3.10/site-packages/tensorflow/python/grappler/_pywrap_tf_optimizer.so
72818788c000-7281878a2000 r-xp 0000f000 00:6a 10963186                   /home/ubuntu/.local/lib/python3.10/site-packages/tensorflow/python/grappler/_pywrap_tf_optimizer.so
7281878a2000-7281878a4000 r--p 00024000 00:6a 10963186                   /home/ubuntu/.local/lib/python3.10/site-packages/tensorflow/python/grappler/_pywrap_tf_optimizer.so
7281878a4000-7281878a5000 rw-p 00025000 00:6a 10963186                   /home/ubuntu/.local/lib/python3.10/site-packages/tensorflow/python/grappler/_pywrap_tf_optimizer.so
7281878a5000-7281878b0000 r--p 00000000 00:6a 10895864                   /home/ubuntu/.local/lib/python3.10/site-packages/tensorflow/compiler/tf2tensorrt/_pywrap_py_utils.so
7281878b0000-7281878c2000 r-xp 0000a000 00:6a 10895864                   /home/ubuntu/.local/lib/python3.10/site-packages/tensorflow/compiler/tf2tensorrt/_pywrap_py_utils.so
7281878c2000-7281878c4000 r--p 0001b000 00:6a 10895864                   /home/ubuntu/.local/lib/python3.10/site-packages/tensorflow/compiler/tf2tensorrt/_pywrap_py_utils.so
7281878c4000-7281878c5000 rw-p 0001c000 00:6a 10895864                   /home/ubuntu/.local/lib/python3.10/site-packages/tensorflow/compiler/tf2tensorrt/_pywrap_py_utils.so
7281878c5000-728187ec5000 rw-p 00000000 00:00 0 
728187ec5000-728187ed2000 r--p 00000000 00:6a 10962881                   /home/ubuntu/.local/lib/python3.10/site-packages/tensorflow/python/client/_pywrap_events_writer.so
728187ed2000-728187eea000 r-xp 0000c000 00:6a 10962881                   /home/ubuntu/.local/lib/python3.10/site-packages/tensorflow/python/client/_pywrap_events_writer.so
728187eea000-728187eec000 r--p 00023000 00:6a 10962881                   /home/ubuntu/.local/lib/python3.10/site-packages/tensorflow/python/client/_pywrap_events_writer.so
728187eec000-728187eed000 rw-p 00024000 00:6a 10962881                   /home/ubuntu/.local/lib/python3.10/site-packages/tensorflow/python/client/_pywrap_events_writer.so
728187eed000-728187fed000 rw-p 00000000 00:00 0 
728187fed000-728187ff7000 r--p 00000000 00:6a 10962946                   /home/ubuntu/.local/lib/python3.10/site-packages/tensorflow/python/util/_pywrap_util_port.so
728187ff7000-728188009000 r-xp 00009000 00:6a 10962946                   /home/ubuntu/.local/lib/python3.10/site-packages/tensorflow/python/util/_pywrap_util_port.so
728188009000-72818800a000 r--p 0001a000 00:6a 10962946                   /home/ubuntu/.local/lib/python3.10/site-packages/tensorflow/python/util/_pywrap_util_port.so
72818800a000-72818800b000 rw-p 0001a000 00:6a 10962946                   /home/ubuntu/.local/lib/python3.10/site-packages/tensorflow/python/util/_pywrap_util_port.so
72818800b000-728188015000 r--p 00000000 00:6a 10962601                   /home/ubuntu/.local/lib/python3.10/site-packages/tensorflow/python/platform/_pywrap_stacktrace_handler.so
728188015000-728188026000 r-xp 00009000 00:6a 10962601                   /home/ubuntu/.local/lib/python3.10/site-packages/tensorflow/python/platform/_pywrap_stacktrace_handler.so
728188026000-728188028000 r--p 00019000 00:6a 10962601                   /home/ubuntu/.local/lib/python3.10/site-packages/tensorflow/python/platform/_pywrap_stacktrace_handler.so
728188028000-728188029000 rw-p 0001a000 00:6a 10962601                   /home/ubuntu/.local/lib/python3.10/site-packages/tensorflow/python/platform/_pywrap_stacktrace_handler.so
728188029000-728188033000 r--p 00000000 00:6a 10963247                   /home/ubuntu/.local/lib/python3.10/site-packages/tensorflow/python/framework/_test_metrics_util.so
728188033000-728188045000 r-xp 00009000 00:6a 10963247                   /home/ubuntu/.local/lib/python3.10/site-packages/tensorflow/python/framework/_test_metrics_util.so
728188045000-728188046000 r--p 0001a000 00:6a 10963247                   /home/ubuntu/.local/lib/python3.10/site-packages/tensorflow/python/framework/_test_metrics_util.so
728188046000-728188047000 rw-p 0001a000 00:6a 10963247                   /home/ubuntu/.local/lib/python3.10/site-packages/tensorflow/python/framework/_test_metrics_util.so
728188047000-728188051000 r--p 00000000 00:6a 10962234                   /home/ubuntu/.local/lib/python3.10/site-packages/tensorflow/python/_pywrap_sanitizers.so
728188051000-728188062000 r-xp 00009000 00:6a 10962234                   /home/ubuntu/.local/lib/python3.10/site-packages/tensorflow/python/_pywrap_sanitizers.so
728188062000-728188064000 r--p 00019000 00:6a 10962234                   /home/ubuntu/.local/lib/python3.10/site-packages/tensorflow/python/_pywrap_sanitizers.so
728188064000-728188065000 rw-p 0001a000 00:6a 10962234                   /home/ubuntu/.local/lib/python3.10/site-packages/tensorflow/python/_pywrap_sanitizers.so
728188065000-728188365000 rw-p 00000000 00:00 0 
728188365000-728188378000 r--p 00000000 00:6a 11010069                   /home/ubuntu/.local/lib/python3.10/site-packages/tensorflow/python/profiler/internal/_pywrap_profiler.so
728188378000-728188393000 r-xp 00012000 00:6a 11010069                   /home/ubuntu/.local/lib/python3.10/site-packages/tensorflow/python/profiler/internal/_pywrap_profiler.so
728188393000-728188395000 r--p 0002c000 00:6a 11010069                   /home/ubuntu/.local/lib/python3.10/site-packages/tensorflow/python/profiler/internal/_pywrap_profiler.so
728188395000-728188396000 rw-p 0002d000 00:6a 11010069                   /home/ubuntu/.local/lib/python3.10/site-packages/tensorflow/python/profiler/internal/_pywrap_profiler.so
728188396000-728188696000 rw-p 00000000 00:00 0 
728188696000-7281886a0000 r--p 00000000 00:6a 10962252                   /home/ubuntu/.local/lib/python3.10/site-packages/tensorflow/python/lib/core/_pywrap_py_func.so
7281886a0000-7281886b1000 r-xp 00009000 00:6a 10962252                   /home/ubuntu/.local/lib/python3.10/site-packages/tensorflow/python/lib/core/_pywrap_py_func.so
7281886b1000-7281886b3000 r--p 00019000 00:6a 10962252                   /home/ubuntu/.local/lib/python3.10/site-packages/tensorflow/python/lib/core/_pywrap_py_func.so
7281886b3000-7281886b4000 rw-p 0001a000 00:6a 10962252                   /home/ubuntu/.local/lib/python3.10/site-packages/tensorflow/python/lib/core/_pywrap_py_func.so
7281886b4000-7281886c2000 r--p 00000000 00:6a 10962905                   /home/ubuntu/.local/lib/python3.10/site-packages/tensorflow/python/util/_pywrap_checkpoint_reader.so
7281886c2000-7281886da000 r-xp 0000d000 00:6a 10962905                   /home/ubuntu/.local/lib/python3.10/site-packages/tensorflow/python/util/_pywrap_checkpoint_reader.so
7281886da000-7281886dc000 r--p 00024000 00:6a 10962905                   /home/ubuntu/.local/lib/python3.10/site-packages/tensorflow/python/util/_pywrap_checkpoint_reader.so
7281886dc000-7281886dd000 rw-p 00025000 00:6a 10962905                   /home/ubuntu/.local/lib/python3.10/site-packages/tensorflow/python/util/_pywrap_checkpoint_reader.so
7281886dd000-7281886f0000 r--p 00000000 00:6a 10963031                   /home/ubuntu/.local/lib/python3.10/site-packages/tensorflow/python/saved_model/pywrap_saved_model.so
7281886f0000-728188710000 r-xp 00012000 00:6a 10963031                   /home/ubuntu/.local/lib/python3.10/site-packages/tensorflow/python/saved_model/pywrap_saved_model.so
728188710000-728188711000 r--p 00031000 00:6a 10963031                   /home/ubuntu/.local/lib/python3.10/site-packages/tensorflow/python/saved_model/pywrap_saved_model.so
728188711000-728188712000 rw-p 00031000 00:6a 10963031                   /home/ubuntu/.local/lib/python3.10/site-packages/tensorflow/python/saved_model/pywrap_saved_model.so
728188712000-728188713000 rw-p 00000000 00:00 0 
728188713000-728188725000 r--p 00000000 00:6a 10962250                   /home/ubuntu/.local/lib/python3.10/site-packages/tensorflow/python/lib/io/_pywrap_file_io.so
728188725000-728188745000 r-xp 00011000 00:6a 10962250                   /home/ubuntu/.local/lib/python3.10/site-packages/tensorflow/python/lib/io/_pywrap_file_io.so
728188745000-728188747000 r--p 00030000 00:6a 10962250                   /home/ubuntu/.local/lib/python3.10/site-packages/tensorflow/python/lib/io/_pywrap_file_io.so
728188747000-728188748000 rw-p 00031000 00:6a 10962250                   /home/ubuntu/.local/lib/python3.10/site-packages/tensorflow/python/lib/io/_pywrap_file_io.so
728188748000-728188948000 rw-p 00000000 00:00 0 
728188948000-728188952000 r--p 00000000 00:6a 11010235                   /home/ubuntu/.local/lib/python3.10/site-packages/tensorflow/python/data/experimental/service/_pywrap_utils_exp.so
728188952000-728188963000 r-xp 00009000 00:6a 11010235                   /home/ubuntu/.local/lib/python3.10/site-packages/tensorflow/python/data/experimental/service/_pywrap_utils_exp.so
728188963000-728188965000 r--p 00019000 00:6a 11010235                   /home/ubuntu/.local/lib/python3.10/site-packages/tensorflow/python/data/experimental/service/_pywrap_utils_exp.so
728188965000-728188966000 rw-p 0001a000 00:6a 11010235                   /home/ubuntu/.local/lib/python3.10/site-packages/tensorflow/python/data/experimental/service/_pywrap_utils_exp.so
728188966000-728188976000 r--p 00000000 00:6a 11010231                   /home/ubuntu/.local/lib/python3.10/site-packages/tensorflow/python/data/experimental/service/_pywrap_server_lib.so
728188976000-728188993000 r-xp 0000f000 00:6a 11010231                   /home/ubuntu/.local/lib/python3.10/site-packages/tensorflow/python/data/experimental/service/_pywrap_server_lib.so
728188993000-728188995000 r--p 0002b000 00:6a 11010231                   /home/ubuntu/.local/lib/python3.10/site-packages/tensorflow/python/data/experimental/service/_pywrap_server_lib.so
728188995000-728188996000 rw-p 0002c000 00:6a 11010231                   /home/ubuntu/.local/lib/python3.10/site-packages/tensorflow/python/data/experimental/service/_pywrap_server_lib.so
728188996000-728189096000 rw-p 00000000 00:00 0 
728189096000-7281890a8000 r--p 00000000 00:6a 10962216                   /home/ubuntu/.local/lib/python3.10/site-packages/tensorflow/python/_pywrap_parallel_device.so
7281890a8000-7281890c4000 r-xp 00011000 00:6a 10962216                   /home/ubuntu/.local/lib/python3.10/site-packages/tensorflow/python/_pywrap_parallel_device.so
7281890c4000-7281890c6000 r--p 0002c000 00:6a 10962216                   /home/ubuntu/.local/lib/python3.10/site-packages/tensorflow/python/_pywrap_parallel_device.so
7281890c6000-7281890c7000 rw-p 0002d000 00:6a 10962216                   /home/ubuntu/.local/lib/python3.10/site-packages/tensorflow/python/_pywrap_parallel_device.so
7281890c7000-7281895c7000 rw-p 00000000 00:00 0 
7281895c7000-7281895d4000 r--p 00000000 00:6a 10963265                   /home/ubuntu/.local/lib/python3.10/site-packages/tensorflow/python/framework/_proto_comparators.so
7281895d4000-7281895eb000 r-xp 0000c000 00:6a 10963265                   /home/ubuntu/.local/lib/python3.10/site-packages/tensorflow/python/framework/_proto_comparators.so
7281895eb000-7281895ec000 r--p 00022000 00:6a 10963265                   /home/ubuntu/.local/lib/python3.10/site-packages/tensorflow/python/framework/_proto_comparators.so
7281895ec000-7281895ed000 rw-p 00022000 00:6a 10963265                   /home/ubuntu/.local/lib/python3.10/site-packages/tensorflow/python/framework/_proto_comparators.so
7281895ed000-7281895ee000 rw-p 00000000 00:00 0 
7281895ee000-7281895ff000 r--p 00000000 00:6a 10962243                   /home/ubuntu/.local/lib/python3.10/site-packages/tensorflow/python/lib/io/_pywrap_record_io.so
7281895ff000-72818961d000 r-xp 00010000 00:6a 10962243                   /home/ubuntu/.local/lib/python3.10/site-packages/tensorflow/python/lib/io/_pywrap_record_io.so
72818961d000-72818961f000 r--p 0002d000 00:6a 10962243                   /home/ubuntu/.local/lib/python3.10/site-packages/tensorflow/python/lib/io/_pywrap_record_io.so
72818961f000-728189620000 rw-p 0002e000 00:6a 10962243                   /home/ubuntu/.local/lib/python3.10/site-packages/tensorflow/python/lib/io/_pywrap_record_io.so
728189620000-728189820000 rw-p 00000000 00:00 0 
728189820000-72818982b000 r--p 00000000 00:6a 10962873                   /home/ubuntu/.local/lib/python3.10/site-packages/tensorflow/python/client/_pywrap_device_lib.so
72818982b000-72818983d000 r-xp 0000a000 00:6a 10962873                   /home/ubuntu/.local/lib/python3.10/site-packages/tensorflow/python/client/_pywrap_device_lib.so
72818983d000-72818983e000 r--p 0001b000 00:6a 10962873                   /home/ubuntu/.local/lib/python3.10/site-packages/tensorflow/python/client/_pywrap_device_lib.so
72818983e000-72818983f000 rw-p 0001b000 00:6a 10962873                   /home/ubuntu/.local/lib/python3.10/site-packages/tensorflow/python/client/_pywrap_device_lib.so
72818983f000-72818aa3f000 rw-p 00000000 00:00 0 
72818aa3f000-72818aa55000 r--p 00000000 00:6a 10963267                   /home/ubuntu/.local/lib/python3.10/site-packages/tensorflow/python/framework/_pywrap_python_api_dispatcher.so
72818aa55000-72818aa7e000 r-xp 00015000 00:6a 10963267                   /home/ubuntu/.local/lib/python3.10/site-packages/tensorflow/python/framework/_pywrap_python_api_dispatcher.so
72818aa7e000-72818aa80000 r--p 0003d000 00:6a 10963267                   /home/ubuntu/.local/lib/python3.10/site-packages/tensorflow/python/framework/_pywrap_python_api_dispatcher.so
72818aa80000-72818aa81000 rw-p 0003e000 00:6a 10963267                   /home/ubuntu/.local/lib/python3.10/site-packages/tensorflow/python/framework/_pywrap_python_api_dispatcher.so
72818aa81000-72818aa95000 r--p 00000000 00:6a 10963208                   /home/ubuntu/.local/lib/python3.10/site-packages/tensorflow/python/framework/_op_def_library_pybind.so
72818aa95000-72818aab3000 r-xp 00013000 00:6a 10963208                   /home/ubuntu/.local/lib/python3.10/site-packages/tensorflow/python/framework/_op_def_library_pybind.so
72818aab3000-72818aab5000 r--p 00030000 00:6a 10963208                   /home/ubuntu/.local/lib/python3.10/site-packages/tensorflow/python/framework/_op_def_library_pybind.so
72818aab5000-72818aab6000 rw-p 00031000 00:6a 10963208                   /home/ubuntu/.local/lib/python3.10/site-packages/tensorflow/python/framework/_op_def_library_pybind.so
72818aab6000-72818aac0000 r--p 00000000 00:6a 10963259                   /home/ubuntu/.local/lib/python3.10/site-packages/tensorflow/python/framework/_op_def_registry.so
72818aac0000-72818aad2000 r-xp 00009000 00:6a 10963259                   /home/ubuntu/.local/lib/python3.10/site-packages/tensorflow/python/framework/_op_def_registry.so
72818aad2000-72818aad3000 r--p 0001a000 00:6a 10963259                   /home/ubuntu/.local/lib/python3.10/site-packages/tensorflow/python/framework/_op_def_registry.so
72818aad3000-72818aad4000 rw-p 0001a000 00:6a 10963259                   /home/ubuntu/.local/lib/python3.10/site-packages/tensorflow/python/framework/_op_def_registry.so
72818aad4000-72818abd4000 rw-p 00000000 00:00 0 
72818abd4000-72818abf2000 r--p 00000000 00:6a 10962232                   /home/ubuntu/.local/lib/python3.10/site-packages/tensorflow/python/_pywrap_dtensor_device.so
72818abf2000-72818ac27000 r-xp 0001d000 00:6a 10962232                   /home/ubuntu/.local/lib/python3.10/site-packages/tensorflow/python/_pywrap_dtensor_device.so
72818ac27000-72818ac29000 r--p 00051000 00:6a 10962232                   /home/ubuntu/.local/lib/python3.10/site-packages/tensorflow/python/_pywrap_dtensor_device.so
72818ac29000-72818ac2a000 rw-p 00052000 00:6a 10962232                   /home/ubuntu/.local/lib/python3.10/site-packages/tensorflow/python/_pywrap_dtensor_device.so
72818ac2a000-72818ac34000 r--p 00000000 00:6a 10962927                   /home/ubuntu/.local/lib/python3.10/site-packages/tensorflow/python/util/_pywrap_tensor_float_32_execution.so
72818ac34000-72818ac46000 r-xp 00009000 00:6a 10962927                   /home/ubuntu/.local/lib/python3.10/site-packages/tensorflow/python/util/_pywrap_tensor_float_32_execution.so
72818ac46000-72818ac47000 r--p 0001a000 00:6a 10962927                   /home/ubuntu/.local/lib/python3.10/site-packages/tensorflow/python/util/_pywrap_tensor_float_32_execution.so
72818ac47000-72818ac48000 rw-p 0001a000 00:6a 10962927                   /home/ubuntu/.local/lib/python3.10/site-packages/tensorflow/python/util/_pywrap_tensor_float_32_execution.so
72818ac48000-72818ac52000 r--p 00000000 00:6a 10962921                   /home/ubuntu/.local/lib/python3.10/site-packages/tensorflow/python/util/_pywrap_determinism.so
72818ac52000-72818ac64000 r-xp 00009000 00:6a 10962921                   /home/ubuntu/.local/lib/python3.10/site-packages/tensorflow/python/util/_pywrap_determinism.so
72818ac64000-72818ac65000 r--p 0001a000 00:6a 10962921                   /home/ubuntu/.local/lib/python3.10/site-packages/tensorflow/python/util/_pywrap_determinism.so
72818ac65000-72818ac66000 rw-p 0001a000 00:6a 10962921                   /home/ubuntu/.local/lib/python3.10/site-packages/tensorflow/python/util/_pywrap_determinism.so
72818ac66000-72818ac73000 r--p 00000000 00:6a 10962231                   /home/ubuntu/.local/lib/python3.10/site-packages/tensorflow/python/flags_pybind.so
72818ac73000-72818ac8b000 r-xp 0000c000 00:6a 10962231                   /home/ubuntu/.local/lib/python3.10/site-packages/tensorflow/python/flags_pybind.so
72818ac8b000-72818ac8d000 r--p 00023000 00:6a 10962231                   /home/ubuntu/.local/lib/python3.10/site-packages/tensorflow/python/flags_pybind.so
72818ac8d000-72818ac8e000 rw-p 00024000 00:6a 10962231                   /home/ubuntu/.local/lib/python3.10/site-packages/tensorflow/python/flags_pybind.so
72818ac8e000-72818ac9b000 r--p 00000000 00:6a 11010072                   /home/ubuntu/.local/lib/python3.10/site-packages/tensorflow/python/profiler/internal/_pywrap_traceme.so
72818ac9b000-72818acb2000 r-xp 0000c000 00:6a 11010072                   /home/ubuntu/.local/lib/python3.10/site-packages/tensorflow/python/profiler/internal/_pywrap_traceme.so
72818acb2000-72818acb3000 r--p 00022000 00:6a 11010072                   /home/ubuntu/.local/lib/python3.10/site-packages/tensorflow/python/profiler/internal/_pywrap_traceme.so
72818acb3000-72818acb4000 rw-p 00022000 00:6a 11010072                   /home/ubuntu/.local/lib/python3.10/site-packages/tensorflow/python/profiler/internal/_pywrap_traceme.so
72818acb4000-72818adb4000 rw-p 00000000 00:00 0 
72818adb4000-72818adc1000 r--p 00000000 00:6a 10962941                   /home/ubuntu/.local/lib/python3.10/site-packages/tensorflow/python/util/_pywrap_utils.so
72818adc1000-72818add6000 r-xp 0000c000 00:6a 10962941                   /home/ubuntu/.local/lib/python3.10/site-packages/tensorflow/python/util/_pywrap_utils.so
72818add6000-72818add7000 r--p 00020000 00:6a 10962941                   /home/ubuntu/.local/lib/python3.10/site-packages/tensorflow/python/util/_pywrap_utils.so
72818add7000-72818add8000 rw-p 00020000 00:6a 10962941                   /home/ubuntu/.local/lib/python3.10/site-packages/tensorflow/python/util/_pywrap_utils.so
72818add8000-72818ade2000 r--p 00000000 00:6a 10962908                   /home/ubuntu/.local/lib/python3.10/site-packages/tensorflow/python/util/_pywrap_nest.so
72818ade2000-72818adf3000 r-xp 00009000 00:6a 10962908                   /home/ubuntu/.local/lib/python3.10/site-packages/tensorflow/python/util/_pywrap_nest.so
72818adf3000-72818adf5000 r--p 00019000 00:6a 10962908                   /home/ubuntu/.local/lib/python3.10/site-packages/tensorflow/python/util/_pywrap_nest.so
72818adf5000-72818adf6000 rw-p 0001a000 00:6a 10962908                   /home/ubuntu/.local/lib/python3.10/site-packages/tensorflow/python/util/_pywrap_nest.so
72818adf6000-72818aef6000 rw-p 00000000 00:00 0 
72818aef6000-72818af04000 r--p 00000000 00:6a 10963243                   /home/ubuntu/.local/lib/python3.10/site-packages/tensorflow/python/framework/_dtypes.so
72818af04000-72818af1e000 r-xp 0000d000 00:6a 10963243                   /home/ubuntu/.local/lib/python3.10/site-packages/tensorflow/python/framework/_dtypes.so
72818af1e000-72818af1f000 r--p 00026000 00:6a 10963243                   /home/ubuntu/.local/lib/python3.10/site-packages/tensorflow/python/framework/_dtypes.so
72818af1f000-72818af20000 rw-p 00026000 00:6a 10963243                   /home/ubuntu/.local/lib/python3.10/site-packages/tensorflow/python/framework/_dtypes.so
72818af20000-72818af21000 rw-p 00000000 00:00 0 
72818af21000-72818af26000 r--p 00000000 00:6a 10893015                   /home/ubuntu/.local/lib/python3.10/site-packages/ml_dtypes/_ml_dtypes_ext.cpython-310-x86_64-linux-gnu.so
72818af26000-72818b05c000 r-xp 00005000 00:6a 10893015                   /home/ubuntu/.local/lib/python3.10/site-packages/ml_dtypes/_ml_dtypes_ext.cpython-310-x86_64-linux-gnu.so
72818b05c000-72818b092000 r--p 0013b000 00:6a 10893015                   /home/ubuntu/.local/lib/python3.10/site-packages/ml_dtypes/_ml_dtypes_ext.cpython-310-x86_64-linux-gnu.so
72818b092000-72818b093000 r--p 00170000 00:6a 10893015                   /home/ubuntu/.local/lib/python3.10/site-packages/ml_dtypes/_ml_dtypes_ext.cpython-310-x86_64-linux-gnu.so
72818b093000-72818b095000 rw-p 00171000 00:6a 10893015                   /home/ubuntu/.local/lib/python3.10/site-packages/ml_dtypes/_ml_dtypes_ext.cpython-310-x86_64-linux-gnu.so
72818b095000-72818b097000 rw-p 00000000 00:00 0 
72818b097000-72818b0a8000 r--p 00000000 00:6a 10962226                   /home/ubuntu/.local/lib/python3.10/site-packages/tensorflow/python/_pywrap_py_exception_registry.so
72818b0a8000-72818b0c9000 r-xp 00010000 00:6a 10962226                   /home/ubuntu/.local/lib/python3.10/site-packages/tensorflow/python/_pywrap_py_exception_registry.so
72818b0c9000-72818b0cb000 r--p 00030000 00:6a 10962226                   /home/ubuntu/.local/lib/python3.10/site-packages/tensorflow/python/_pywrap_py_exception_registry.so
72818b0cb000-72818b0cc000 rw-p 00031000 00:6a 10962226                   /home/ubuntu/.local/lib/python3.10/site-packages/tensorflow/python/_pywrap_py_exception_registry.so
72818b0cc000-72818b1cc000 rw-p 00000000 00:00 0 
72818b1cc000-72818b1e2000 r--p 00000000 00:6a 10962919                   /home/ubuntu/.local/lib/python3.10/site-packages/tensorflow/python/util/_tf_stack.so
72818b1e2000-72818b206000 r-xp 00015000 00:6a 10962919                   /home/ubuntu/.local/lib/python3.10/site-packages/tensorflow/python/util/_tf_stack.so
72818b206000-72818b209000 r--p 00038000 00:6a 10962919                   /home/ubuntu/.local/lib/python3.10/site-packages/tensorflow/python/util/_tf_stack.so
72818b209000-72818b20a000 rw-p 0003a000 00:6a 10962919                   /home/ubuntu/.local/lib/python3.10/site-packages/tensorflow/python/util/_tf_stack.so
72818b20a000-72818b248000 r--p 00000000 00:6a 10962874                   /home/ubuntu/.local/lib/python3.10/site-packages/tensorflow/python/client/_pywrap_tf_session.so
72818b248000-72818b2b1000 r-xp 0003d000 00:6a 10962874                   /home/ubuntu/.local/lib/python3.10/site-packages/tensorflow/python/client/_pywrap_tf_session.so
72818b2b1000-72818b2b5000 r--p 000a5000 00:6a 10962874                   /home/ubuntu/.local/lib/python3.10/site-packages/tensorflow/python/client/_pywrap_tf_session.so
72818b2b5000-72818b2b6000 rw-p 000a8000 00:6a 10962874                   /home/ubuntu/.local/lib/python3.10/site-packages/tensorflow/python/client/_pywrap_tf_session.so
72818b2b6000-72818b2f5000 r--p 00000000 00:6a 10962220                   /home/ubuntu/.local/lib/python3.10/site-packages/tensorflow/python/_pywrap_tfe.so
72818b2f5000-72818b351000 r-xp 0003e000 00:6a 10962220                   /home/ubuntu/.local/lib/python3.10/site-packages/tensorflow/python/_pywrap_tfe.so
72818b351000-72818b356000 r--p 00099000 00:6a 10962220                   /home/ubuntu/.local/lib/python3.10/site-packages/tensorflow/python/_pywrap_tfe.so
72818b356000-72818b357000 rw-p 0009d000 00:6a 10962220                   /home/ubuntu/.local/lib/python3.10/site-packages/tensorflow/python/_pywrap_tfe.so
72818b357000-72818b457000 rw-p 00000000 00:00 0 
72818b457000-72818b461000 r--p 00000000 00:6a 10174647                   /home/ubuntu/.local/lib/python3.10/site-packages/google/_upb/_message.abi3.so
72818b461000-72818b48d000 r-xp 0000a000 00:6a 10174647                   /home/ubuntu/.local/lib/python3.10/site-packages/google/_upb/_message.abi3.so
72818b48d000-72818b4a2000 r--p 00036000 00:6a 10174647                   /home/ubuntu/.local/lib/python3.10/site-packages/google/_upb/_message.abi3.so
72818b4a2000-72818b4a3000 r--p 0004a000 00:6a 10174647                   /home/ubuntu/.local/lib/python3.10/site-packages/google/_upb/_message.abi3.so
72818b4a3000-72818b4a7000 rw-p 0004b000 00:6a 10174647                   /home/ubuntu/.local/lib/python3.10/site-packages/google/_upb/_message.abi3.so
72818b4a7000-72818b5a7000 rw-p 00000000 00:00 0 
72818b5a7000-72818b5b1000 r--p 00000000 00:6a 10962598                   /home/ubuntu/.local/lib/python3.10/site-packages/tensorflow/python/platform/_pywrap_tf2.so
72818b5b1000-72818b5c3000 r-xp 00009000 00:6a 10962598                   /home/ubuntu/.local/lib/python3.10/site-packages/tensorflow/python/platform/_pywrap_tf2.so
72818b5c3000-72818b5c4000 r--p 0001a000 00:6a 10962598                   /home/ubuntu/.local/lib/python3.10/site-packages/tensorflow/python/platform/_pywrap_tf2.so
72818b5c4000-72818b5c5000 rw-p 0001a000 00:6a 10962598                   /home/ubuntu/.local/lib/python3.10/site-packages/tensorflow/python/platform/_pywrap_tf2.so
72818b5c5000-72818b5cf000 r--p 00000000 00:6a 10962235                   /home/ubuntu/.local/lib/python3.10/site-packages/tensorflow/python/_pywrap_tensorflow_internal.so
72818b5cf000-72818b5e0000 r-xp 00009000 00:6a 10962235                   /home/ubuntu/.local/lib/python3.10/site-packages/tensorflow/python/_pywrap_tensorflow_internal.so
72818b5e0000-72818b5e2000 r--p 00019000 00:6a 10962235                   /home/ubuntu/.local/lib/python3.10/site-packages/tensorflow/python/_pywrap_tensorflow_internal.so
72818b5e2000-72818b5e3000 rw-p 0001a000 00:6a 10962235                   /home/ubuntu/.local/lib/python3.10/site-packages/tensorflow/python/_pywrap_tensorflow_internal.so
72818b5e3000-72818b872000 r--p 00000000 00:6a 10962214                   /home/ubuntu/.local/lib/python3.10/site-packages/tensorflow/python/lib_pywrap_tensorflow_common.so
72818b872000-72818bb43000 r-xp 0028e000 00:6a 10962214                   /home/ubuntu/.local/lib/python3.10/site-packages/tensorflow/python/lib_pywrap_tensorflow_common.so
72818bb43000-72818bb5e000 r--p 0055e000 00:6a 10962214                   /home/ubuntu/.local/lib/python3.10/site-packages/tensorflow/python/lib_pywrap_tensorflow_common.so
72818bb5e000-72818bb7d000 rw-p 00578000 00:6a 10962214                   /home/ubuntu/.local/lib/python3.10/site-packages/tensorflow/python/lib_pywrap_tensorflow_common.so
72818bb7d000-72818bb7e000 rw-p 00000000 00:00 0 
72818bb7e000-7281a6c2b000 r--p 00000000 00:6a 10895824                   /home/ubuntu/.local/lib/python3.10/site-packages/tensorflow/libtensorflow_cc.so.2
7281a6c2b000-7281bb7c4000 r-xp 1b0ac000 00:6a 10895824                   /home/ubuntu/.local/lib/python3.10/site-packages/tensorflow/libtensorflow_cc.so.2
7281bb7c4000-7281bbf62000 r--p 2fc44000 00:6a 10895824                   /home/ubuntu/.local/lib/python3.10/site-packages/tensorflow/libtensorflow_cc.so.2
7281bbf62000-7281bbfdc000 rw-p 303e1000 00:6a 10895824                   /home/ubuntu/.local/lib/python3.10/site-packages/tensorflow/libtensorflow_cc.so.2
7281bbfdc000-7281bc0b6000 rw-p 00000000 00:00 0 
7281bc0b6000-7281c7264000 r--p 00000000 00:6a 10895821                   /home/ubuntu/.local/lib/python3.10/site-packages/tensorflow/libtensorflow_framework.so.2
7281c7264000-7281c9ac9000 r-xp 0b1ad000 00:6a 10895821                   /home/ubuntu/.local/lib/python3.10/site-packages/tensorflow/libtensorflow_framework.so.2
7281c9ac9000-7281c9bd1000 r--p 0da11000 00:6a 10895821                   /home/ubuntu/.local/lib/python3.10/site-packages/tensorflow/libtensorflow_framework.so.2
7281c9bd1000-7281c9c6f000 rw-p 0db18000 00:6a 10895821                   /home/ubuntu/.local/lib/python3.10/site-packages/tensorflow/libtensorflow_framework.so.2
7281c9c6f000-7281c9cb6000 rw-p 00000000 00:00 0 
7281c9cb6000-7281c9cc0000 r--p 00000000 00:6a 10962599                   /home/ubuntu/.local/lib/python3.10/site-packages/tensorflow/python/platform/_pywrap_cpu_feature_guard.so
7281c9cc0000-7281c9cd1000 r-xp 00009000 00:6a 10962599                   /home/ubuntu/.local/lib/python3.10/site-packages/tensorflow/python/platform/_pywrap_cpu_feature_guard.so
7281c9cd1000-7281c9cd3000 r--p 00019000 00:6a 10962599                   /home/ubuntu/.local/lib/python3.10/site-packages/tensorflow/python/platform/_pywrap_cpu_feature_guard.so
7281c9cd3000-7281c9cd4000 rw-p 0001a000 00:6a 10962599                   /home/ubuntu/.local/lib/python3.10/site-packages/tensorflow/python/platform/_pywrap_cpu_feature_guard.so
7281c9cd4000-7281c9cda000 r--p 00000000 00:6a 10893116                   /home/ubuntu/.local/lib/python3.10/site-packages/h5py/_selector.cpython-310-x86_64-linux-gnu.so
7281c9cda000-7281c9d02000 r-xp 00006000 00:6a 10893116                   /home/ubuntu/.local/lib/python3.10/site-packages/h5py/_selector.cpython-310-x86_64-linux-gnu.so
7281c9d02000-7281c9d0b000 r--p 0002e000 00:6a 10893116                   /home/ubuntu/.local/lib/python3.10/site-packages/h5py/_selector.cpython-310-x86_64-linux-gnu.so
7281c9d0b000-7281c9d0c000 r--p 00037000 00:6a 10893116                   /home/ubuntu/.local/lib/python3.10/site-packages/h5py/_selector.cpython-310-x86_64-linux-gnu.so
7281c9d0c000-7281c9d0e000 rw-p 00038000 00:6a 10893116                   /home/ubuntu/.local/lib/python3.10/site-packages/h5py/_selector.cpython-310-x86_64-linux-gnu.so
7281c9d0e000-7281c9d0f000 rw-p 00000000 00:00 0 
7281c9d0f000-7281c9d12000 rw-p 00059000 00:6a 10893116                   /home/ubuntu/.local/lib/python3.10/site-packages/h5py/_selector.cpython-310-x86_64-linux-gnu.so
7281c9d12000-7281c9d14000 rw-p 0005c000 00:6a 10893116                   /home/ubuntu/.local/lib/python3.10/site-packages/h5py/_selector.cpython-310-x86_64-linux-gnu.so
7281c9d14000-7281c9d19000 r--p 00000000 00:6a 10893127                   /home/ubuntu/.local/lib/python3.10/site-packages/h5py/h5l.cpython-310-x86_64-linux-gnu.so
7281c9d19000-7281c9d36000 r-xp 00005000 00:6a 10893127                   /home/ubuntu/.local/lib/python3.10/site-packages/h5py/h5l.cpython-310-x86_64-linux-gnu.so
7281c9d36000-7281c9d3e000 r--p 00022000 00:6a 10893127                   /home/ubuntu/.local/lib/python3.10/site-packages/h5py/h5l.cpython-310-x86_64-linux-gnu.so
7281c9d3e000-7281c9d3f000 r--p 0002a000 00:6a 10893127                   /home/ubuntu/.local/lib/python3.10/site-packages/h5py/h5l.cpython-310-x86_64-linux-gnu.so
7281c9d3f000-7281c9d41000 rw-p 0002b000 00:6a 10893127                   /home/ubuntu/.local/lib/python3.10/site-packages/h5py/h5l.cpython-310-x86_64-linux-gnu.so
7281c9d41000-7281c9d43000 rw-p 00046000 00:6a 10893127                   /home/ubuntu/.local/lib/python3.10/site-packages/h5py/h5l.cpython-310-x86_64-linux-gnu.so
7281c9d43000-7281c9d44000 rw-p 00048000 00:6a 10893127                   /home/ubuntu/.local/lib/python3.10/site-packages/h5py/h5l.cpython-310-x86_64-linux-gnu.so
7281c9d44000-7281c9e44000 rw-p 00000000 00:00 0 
7281c9e44000-7281c9e48000 r--p 00000000 00:6a 10893130                   /home/ubuntu/.local/lib/python3.10/site-packages/h5py/h5pl.cpython-310-x86_64-linux-gnu.so
7281c9e48000-7281c9e55000 r-xp 00004000 00:6a 10893130                   /home/ubuntu/.local/lib/python3.10/site-packages/h5py/h5pl.cpython-310-x86_64-linux-gnu.so
7281c9e55000-7281c9e59000 r--p 00011000 00:6a 10893130                   /home/ubuntu/.local/lib/python3.10/site-packages/h5py/h5pl.cpython-310-x86_64-linux-gnu.so
7281c9e59000-7281c9e5a000 r--p 00015000 00:6a 10893130                   /home/ubuntu/.local/lib/python3.10/site-packages/h5py/h5pl.cpython-310-x86_64-linux-gnu.so
7281c9e5a000-7281c9e5b000 rw-p 00016000 00:6a 10893130                   /home/ubuntu/.local/lib/python3.10/site-packages/h5py/h5pl.cpython-310-x86_64-linux-gnu.so
7281c9e5b000-7281c9e5d000 rw-p 00025000 00:6a 10893130                   /home/ubuntu/.local/lib/python3.10/site-packages/h5py/h5pl.cpython-310-x86_64-linux-gnu.so
7281c9e5d000-7281c9e5e000 rw-p 00027000 00:6a 10893130                   /home/ubuntu/.local/lib/python3.10/site-packages/h5py/h5pl.cpython-310-x86_64-linux-gnu.so
7281c9e5e000-7281c9e64000 r--p 00000000 00:6a 10893124                   /home/ubuntu/.local/lib/python3.10/site-packages/h5py/h5fd.cpython-310-x86_64-linux-gnu.so
7281c9e64000-7281c9e8e000 r-xp 00006000 00:6a 10893124                   /home/ubuntu/.local/lib/python3.10/site-packages/h5py/h5fd.cpython-310-x86_64-linux-gnu.so
7281c9e8e000-7281c9e97000 r--p 00030000 00:6a 10893124                   /home/ubuntu/.local/lib/python3.10/site-packages/h5py/h5fd.cpython-310-x86_64-linux-gnu.so
7281c9e97000-7281c9e98000 r--p 00039000 00:6a 10893124                   /home/ubuntu/.local/lib/python3.10/site-packages/h5py/h5fd.cpython-310-x86_64-linux-gnu.so
7281c9e98000-7281c9e9a000 rw-p 0003a000 00:6a 10893124                   /home/ubuntu/.local/lib/python3.10/site-packages/h5py/h5fd.cpython-310-x86_64-linux-gnu.so
7281c9e9a000-7281c9e9d000 rw-p 0005d000 00:6a 10893124                   /home/ubuntu/.local/lib/python3.10/site-packages/h5py/h5fd.cpython-310-x86_64-linux-gnu.so
7281c9e9d000-7281c9e9f000 rw-p 00060000 00:6a 10893124                   /home/ubuntu/.local/lib/python3.10/site-packages/h5py/h5fd.cpython-310-x86_64-linux-gnu.so
7281c9e9f000-7281c9ea5000 r--p 00000000 00:6a 10893128                   /home/ubuntu/.local/lib/python3.10/site-packages/h5py/h5o.cpython-310-x86_64-linux-gnu.so
7281c9ea5000-7281c9ec8000 r-xp 00006000 00:6a 10893128                   /home/ubuntu/.local/lib/python3.10/site-packages/h5py/h5o.cpython-310-x86_64-linux-gnu.so
7281c9ec8000-7281c9ed2000 r--p 00029000 00:6a 10893128                   /home/ubuntu/.local/lib/python3.10/site-packages/h5py/h5o.cpython-310-x86_64-linux-gnu.so
7281c9ed2000-7281c9ed3000 r--p 00033000 00:6a 10893128                   /home/ubuntu/.local/lib/python3.10/site-packages/h5py/h5o.cpython-310-x86_64-linux-gnu.so
7281c9ed3000-7281c9ed6000 rw-p 00034000 00:6a 10893128                   /home/ubuntu/.local/lib/python3.10/site-packages/h5py/h5o.cpython-310-x86_64-linux-gnu.so
7281c9ed6000-7281c9ed7000 rw-p 00000000 00:00 0 
7281c9ed7000-7281c9ed9000 rw-p 00058000 00:6a 10893128                   /home/ubuntu/.local/lib/python3.10/site-packages/h5py/h5o.cpython-310-x86_64-linux-gnu.so
7281c9ed9000-7281c9eda000 rw-p 0005a000 00:6a 10893128                   /home/ubuntu/.local/lib/python3.10/site-packages/h5py/h5o.cpython-310-x86_64-linux-gnu.so
7281c9eda000-7281c9ede000 r--p 00000000 00:6a 10893126                   /home/ubuntu/.local/lib/python3.10/site-packages/h5py/h5i.cpython-310-x86_64-linux-gnu.so
7281c9ede000-7281c9eed000 r-xp 00004000 00:6a 10893126                   /home/ubuntu/.local/lib/python3.10/site-packages/h5py/h5i.cpython-310-x86_64-linux-gnu.so
7281c9eed000-7281c9ef2000 r--p 00013000 00:6a 10893126                   /home/ubuntu/.local/lib/python3.10/site-packages/h5py/h5i.cpython-310-x86_64-linux-gnu.so
7281c9ef2000-7281c9ef3000 r--p 00017000 00:6a 10893126                   /home/ubuntu/.local/lib/python3.10/site-packages/h5py/h5i.cpython-310-x86_64-linux-gnu.so
7281c9ef3000-7281c9ef4000 rw-p 00018000 00:6a 10893126                   /home/ubuntu/.local/lib/python3.10/site-packages/h5py/h5i.cpython-310-x86_64-linux-gnu.so
7281c9ef4000-7281c9ef6000 rw-p 00028000 00:6a 10893126                   /home/ubuntu/.local/lib/python3.10/site-packages/h5py/h5i.cpython-310-x86_64-linux-gnu.so
7281c9ef6000-7281c9ef7000 rw-p 0002a000 00:6a 10893126                   /home/ubuntu/.local/lib/python3.10/site-packages/h5py/h5i.cpython-310-x86_64-linux-gnu.so
7281c9ef7000-7281c9efd000 r--p 00000000 00:6a 10893125                   /home/ubuntu/.local/lib/python3.10/site-packages/h5py/h5g.cpython-310-x86_64-linux-gnu.so
7281c9efd000-7281c9f2a000 r-xp 00006000 00:6a 10893125                   /home/ubuntu/.local/lib/python3.10/site-packages/h5py/h5g.cpython-310-x86_64-linux-gnu.so
7281c9f2a000-7281c9f34000 r--p 00033000 00:6a 10893125                   /home/ubuntu/.local/lib/python3.10/site-packages/h5py/h5g.cpython-310-x86_64-linux-gnu.so
7281c9f34000-7281c9f36000 r--p 0003c000 00:6a 10893125                   /home/ubuntu/.local/lib/python3.10/site-packages/h5py/h5g.cpython-310-x86_64-linux-gnu.so
7281c9f36000-7281c9f38000 rw-p 0003e000 00:6a 10893125                   /home/ubuntu/.local/lib/python3.10/site-packages/h5py/h5g.cpython-310-x86_64-linux-gnu.so
7281c9f38000-7281c9f39000 rw-p 00000000 00:00 0 
7281c9f39000-7281c9f3b000 rw-p 00063000 00:6a 10893125                   /home/ubuntu/.local/lib/python3.10/site-packages/h5py/h5g.cpython-310-x86_64-linux-gnu.so
7281c9f3b000-7281c9f3c000 rw-p 00065000 00:6a 10893125                   /home/ubuntu/.local/lib/python3.10/site-packages/h5py/h5g.cpython-310-x86_64-linux-gnu.so
7281c9f3c000-7281c9f42000 r--p 00000000 00:6a 10893123                   /home/ubuntu/.local/lib/python3.10/site-packages/h5py/h5f.cpython-310-x86_64-linux-gnu.so
7281c9f42000-7281c9f69000 r-xp 00006000 00:6a 10893123                   /home/ubuntu/.local/lib/python3.10/site-packages/h5py/h5f.cpython-310-x86_64-linux-gnu.so
7281c9f69000-7281c9f73000 r--p 0002d000 00:6a 10893123                   /home/ubuntu/.local/lib/python3.10/site-packages/h5py/h5f.cpython-310-x86_64-linux-gnu.so
7281c9f73000-7281c9f74000 r--p 00037000 00:6a 10893123                   /home/ubuntu/.local/lib/python3.10/site-packages/h5py/h5f.cpython-310-x86_64-linux-gnu.so
7281c9f74000-7281c9f76000 rw-p 00038000 00:6a 10893123                   /home/ubuntu/.local/lib/python3.10/site-packages/h5py/h5f.cpython-310-x86_64-linux-gnu.so
7281c9f76000-7281c9f77000 rw-p 00000000 00:00 0 
7281c9f77000-7281c9f79000 rw-p 0005b000 00:6a 10893123                   /home/ubuntu/.local/lib/python3.10/site-packages/h5py/h5f.cpython-310-x86_64-linux-gnu.so
7281c9f79000-7281c9f7a000 rw-p 0005d000 00:6a 10893123                   /home/ubuntu/.local/lib/python3.10/site-packages/h5py/h5f.cpython-310-x86_64-linux-gnu.so
7281c9f7a000-7281c9f7f000 r--p 00000000 00:6a 10893122                   /home/ubuntu/.local/lib/python3.10/site-packages/h5py/h5ds.cpython-310-x86_64-linux-gnu.so
7281c9f7f000-7281c9f95000 r-xp 00005000 00:6a 10893122                   /home/ubuntu/.local/lib/python3.10/site-packages/h5py/h5ds.cpython-310-x86_64-linux-gnu.so
7281c9f95000-7281c9f9b000 r--p 0001b000 00:6a 10893122                   /home/ubuntu/.local/lib/python3.10/site-packages/h5py/h5ds.cpython-310-x86_64-linux-gnu.so
7281c9f9b000-7281c9f9c000 r--p 00021000 00:6a 10893122                   /home/ubuntu/.local/lib/python3.10/site-packages/h5py/h5ds.cpython-310-x86_64-linux-gnu.so
7281c9f9c000-7281c9f9d000 rw-p 00022000 00:6a 10893122                   /home/ubuntu/.local/lib/python3.10/site-packages/h5py/h5ds.cpython-310-x86_64-linux-gnu.so
7281c9f9d000-7281c9f9e000 rw-p 00000000 00:00 0 
7281c9f9e000-7281c9fa0000 rw-p 00037000 00:6a 10893122                   /home/ubuntu/.local/lib/python3.10/site-packages/h5py/h5ds.cpython-310-x86_64-linux-gnu.so
7281c9fa0000-7281c9fa1000 rw-p 00039000 00:6a 10893122                   /home/ubuntu/.local/lib/python3.10/site-packages/h5py/h5ds.cpython-310-x86_64-linux-gnu.so
7281c9fa1000-7281c9fa9000 r--p 00000000 00:6a 10893121                   /home/ubuntu/.local/lib/python3.10/site-packages/h5py/h5d.cpython-310-x86_64-linux-gnu.so
7281c9fa9000-7281c9ff1000 r-xp 00008000 00:6a 10893121                   /home/ubuntu/.local/lib/python3.10/site-packages/h5py/h5d.cpython-310-x86_64-linux-gnu.so
7281c9ff1000-7281ca001000 r--p 00050000 00:6a 10893121                   /home/ubuntu/.local/lib/python3.10/site-packages/h5py/h5d.cpython-310-x86_64-linux-gnu.so
7281ca001000-7281ca003000 r--p 00060000 00:6a 10893121                   /home/ubuntu/.local/lib/python3.10/site-packages/h5py/h5d.cpython-310-x86_64-linux-gnu.so
7281ca003000-7281ca006000 rw-p 00062000 00:6a 10893121                   /home/ubuntu/.local/lib/python3.10/site-packages/h5py/h5d.cpython-310-x86_64-linux-gnu.so
7281ca006000-7281ca007000 rw-p 00000000 00:00 0 
7281ca007000-7281ca00a000 rw-p 0009a000 00:6a 10893121                   /home/ubuntu/.local/lib/python3.10/site-packages/h5py/h5d.cpython-310-x86_64-linux-gnu.so
7281ca00a000-7281ca00c000 rw-p 0009d000 00:6a 10893121                   /home/ubuntu/.local/lib/python3.10/site-packages/h5py/h5d.cpython-310-x86_64-linux-gnu.so
7281ca00c000-7281ca011000 r--p 00000000 00:6a 10893119                   /home/ubuntu/.local/lib/python3.10/site-packages/h5py/h5a.cpython-310-x86_64-linux-gnu.so
7281ca011000-7281ca034000 r-xp 00005000 00:6a 10893119                   /home/ubuntu/.local/lib/python3.10/site-packages/h5py/h5a.cpython-310-x86_64-linux-gnu.so
7281ca034000-7281ca03d000 r--p 00028000 00:6a 10893119                   /home/ubuntu/.local/lib/python3.10/site-packages/h5py/h5a.cpython-310-x86_64-linux-gnu.so
7281ca03d000-7281ca03e000 r--p 00030000 00:6a 10893119                   /home/ubuntu/.local/lib/python3.10/site-packages/h5py/h5a.cpython-310-x86_64-linux-gnu.so
7281ca03e000-7281ca040000 rw-p 00031000 00:6a 10893119                   /home/ubuntu/.local/lib/python3.10/site-packages/h5py/h5a.cpython-310-x86_64-linux-gnu.so
7281ca040000-7281ca041000 rw-p 00000000 00:00 0 
7281ca041000-7281ca043000 rw-p 0004f000 00:6a 10893119                   /home/ubuntu/.local/lib/python3.10/site-packages/h5py/h5a.cpython-310-x86_64-linux-gnu.so
7281ca043000-7281ca044000 rw-p 00051000 00:6a 10893119                   /home/ubuntu/.local/lib/python3.10/site-packages/h5py/h5a.cpython-310-x86_64-linux-gnu.so
7281ca044000-7281ca048000 r--p 00000000 00:6a 10893135                   /home/ubuntu/.local/lib/python3.10/site-packages/h5py/h5z.cpython-310-x86_64-linux-gnu.so
7281ca048000-7281ca055000 r-xp 00004000 00:6a 10893135                   /home/ubuntu/.local/lib/python3.10/site-packages/h5py/h5z.cpython-310-x86_64-linux-gnu.so
7281ca055000-7281ca059000 r--p 00011000 00:6a 10893135                   /home/ubuntu/.local/lib/python3.10/site-packages/h5py/h5z.cpython-310-x86_64-linux-gnu.so
7281ca059000-7281ca05a000 r--p 00015000 00:6a 10893135                   /home/ubuntu/.local/lib/python3.10/site-packages/h5py/h5z.cpython-310-x86_64-linux-gnu.so
7281ca05a000-7281ca05b000 rw-p 00016000 00:6a 10893135                   /home/ubuntu/.local/lib/python3.10/site-packages/h5py/h5z.cpython-310-x86_64-linux-gnu.so
7281ca05b000-7281ca05d000 rw-p 00025000 00:6a 10893135                   /home/ubuntu/.local/lib/python3.10/site-packages/h5py/h5z.cpython-310-x86_64-linux-gnu.so
7281ca05d000-7281ca05e000 rw-p 00027000 00:6a 10893135                   /home/ubuntu/.local/lib/python3.10/site-packages/h5py/h5z.cpython-310-x86_64-linux-gnu.so
7281ca05e000-7281ca062000 r--p 00000000 00:6a 10893120                   /home/ubuntu/.local/lib/python3.10/site-packages/h5py/h5ac.cpython-310-x86_64-linux-gnu.so
7281ca062000-7281ca072000 r-xp 00004000 00:6a 10893120                   /home/ubuntu/.local/lib/python3.10/site-packages/h5py/h5ac.cpython-310-x86_64-linux-gnu.so
7281ca072000-7281ca079000 r--p 00014000 00:6a 10893120                   /home/ubuntu/.local/lib/python3.10/site-packages/h5py/h5ac.cpython-310-x86_64-linux-gnu.so
7281ca079000-7281ca07a000 r--p 0001a000 00:6a 10893120                   /home/ubuntu/.local/lib/python3.10/site-packages/h5py/h5ac.cpython-310-x86_64-linux-gnu.so
7281ca07a000-7281ca07c000 rw-p 0001b000 00:6a 10893120                   /home/ubuntu/.local/lib/python3.10/site-packages/h5py/h5ac.cpython-310-x86_64-linux-gnu.so
7281ca07c000-7281ca07e000 rw-p 00032000 00:6a 10893120                   /home/ubuntu/.local/lib/python3.10/site-packages/h5py/h5ac.cpython-310-x86_64-linux-gnu.so
7281ca07e000-7281ca07f000 rw-p 00034000 00:6a 10893120                   /home/ubuntu/.local/lib/python3.10/site-packages/h5py/h5ac.cpython-310-x86_64-linux-gnu.so
7281ca07f000-7281ca08b000 r--p 00000000 00:6a 10893134                   /home/ubuntu/.local/lib/python3.10/site-packages/h5py/h5t.cpython-310-x86_64-linux-gnu.so
7281ca08b000-7281ca0f8000 r-xp 0000c000 00:6a 10893134                   /home/ubuntu/.local/lib/python3.10/site-packages/h5py/h5t.cpython-310-x86_64-linux-gnu.so
7281ca0f8000-7281ca10b000 r--p 00079000 00:6a 10893134                   /home/ubuntu/.local/lib/python3.10/site-packages/h5py/h5t.cpython-310-x86_64-linux-gnu.so
7281ca10b000-7281ca10e000 r--p 0008b000 00:6a 10893134                   /home/ubuntu/.local/lib/python3.10/site-packages/h5py/h5t.cpython-310-x86_64-linux-gnu.so
7281ca10e000-7281ca112000 rw-p 0008e000 00:6a 10893134                   /home/ubuntu/.local/lib/python3.10/site-packages/h5py/h5t.cpython-310-x86_64-linux-gnu.so
7281ca112000-7281ca115000 rw-p 00000000 00:00 0 
7281ca115000-7281ca118000 rw-p 000e1000 00:6a 10893134                   /home/ubuntu/.local/lib/python3.10/site-packages/h5py/h5t.cpython-310-x86_64-linux-gnu.so
7281ca118000-7281ca11a000 rw-p 000e4000 00:6a 10893134                   /home/ubuntu/.local/lib/python3.10/site-packages/h5py/h5t.cpython-310-x86_64-linux-gnu.so
7281ca11a000-7281ca126000 r--p 00000000 00:6a 10893129                   /home/ubuntu/.local/lib/python3.10/site-packages/h5py/h5p.cpython-310-x86_64-linux-gnu.so
7281ca126000-7281ca198000 r-xp 0000c000 00:6a 10893129                   /home/ubuntu/.local/lib/python3.10/site-packages/h5py/h5p.cpython-310-x86_64-linux-gnu.so
7281ca198000-7281ca1b1000 r--p 0007e000 00:6a 10893129                   /home/ubuntu/.local/lib/python3.10/site-packages/h5py/h5p.cpython-310-x86_64-linux-gnu.so
7281ca1b1000-7281ca1b4000 r--p 00097000 00:6a 10893129                   /home/ubuntu/.local/lib/python3.10/site-packages/h5py/h5p.cpython-310-x86_64-linux-gnu.so
7281ca1b4000-7281ca1b9000 rw-p 0009a000 00:6a 10893129                   /home/ubuntu/.local/lib/python3.10/site-packages/h5py/h5p.cpython-310-x86_64-linux-gnu.so
7281ca1b9000-7281ca1bb000 rw-p 00000000 00:00 0 
7281ca1bb000-7281ca1be000 rw-p 000f4000 00:6a 10893129                   /home/ubuntu/.local/lib/python3.10/site-packages/h5py/h5p.cpython-310-x86_64-linux-gnu.so
7281ca1be000-7281ca1c0000 rw-p 000f7000 00:6a 10893129                   /home/ubuntu/.local/lib/python3.10/site-packages/h5py/h5p.cpython-310-x86_64-linux-gnu.so
7281ca1c0000-7281ca400000 rw-p 00000000 00:00 0 
7281ca406000-7281ca409000 r--p 00000000 00:6a 10893115                   /home/ubuntu/.local/lib/python3.10/site-packages/h5py/_proxy.cpython-310-x86_64-linux-gnu.so
7281ca409000-7281ca416000 r-xp 00003000 00:6a 10893115                   /home/ubuntu/.local/lib/python3.10/site-packages/h5py/_proxy.cpython-310-x86_64-linux-gnu.so
7281ca416000-7281ca419000 r--p 00010000 00:6a 10893115                   /home/ubuntu/.local/lib/python3.10/site-packages/h5py/_proxy.cpython-310-x86_64-linux-gnu.so
7281ca419000-7281ca41a000 r--p 00012000 00:6a 10893115                   /home/ubuntu/.local/lib/python3.10/site-packages/h5py/_proxy.cpython-310-x86_64-linux-gnu.so
7281ca41a000-7281ca41b000 rw-p 00013000 00:6a 10893115                   /home/ubuntu/.local/lib/python3.10/site-packages/h5py/_proxy.cpython-310-x86_64-linux-gnu.so
7281ca41b000-7281ca41d000 rw-p 0001f000 00:6a 10893115                   /home/ubuntu/.local/lib/python3.10/site-packages/h5py/_proxy.cpython-310-x86_64-linux-gnu.so
7281ca41d000-7281ca41e000 rw-p 00021000 00:6a 10893115                   /home/ubuntu/.local/lib/python3.10/site-packages/h5py/_proxy.cpython-310-x86_64-linux-gnu.so
7281ca41e000-7281ca424000 r--p 00000000 00:6a 10893133                   /home/ubuntu/.local/lib/python3.10/site-packages/h5py/h5s.cpython-310-x86_64-linux-gnu.so
7281ca424000-7281ca444000 r-xp 00006000 00:6a 10893133                   /home/ubuntu/.local/lib/python3.10/site-packages/h5py/h5s.cpython-310-x86_64-linux-gnu.so
7281ca444000-7281ca44d000 r--p 00026000 00:6a 10893133                   /home/ubuntu/.local/lib/python3.10/site-packages/h5py/h5s.cpython-310-x86_64-linux-gnu.so
7281ca44d000-7281ca44e000 r--p 0002f000 00:6a 10893133                   /home/ubuntu/.local/lib/python3.10/site-packages/h5py/h5s.cpython-310-x86_64-linux-gnu.so
7281ca44e000-7281ca450000 rw-p 00030000 00:6a 10893133                   /home/ubuntu/.local/lib/python3.10/site-packages/h5py/h5s.cpython-310-x86_64-linux-gnu.so
7281ca450000-7281ca452000 rw-p 0004e000 00:6a 10893133                   /home/ubuntu/.local/lib/python3.10/site-packages/h5py/h5s.cpython-310-x86_64-linux-gnu.so
7281ca452000-7281ca453000 rw-p 00050000 00:6a 10893133                   /home/ubuntu/.local/lib/python3.10/site-packages/h5py/h5s.cpython-310-x86_64-linux-gnu.so
7281ca453000-7281ca457000 r--p 00000000 00:6a 10893137                   /home/ubuntu/.local/lib/python3.10/site-packages/h5py/utils.cpython-310-x86_64-linux-gnu.so
7281ca457000-7281ca467000 r-xp 00004000 00:6a 10893137                   /home/ubuntu/.local/lib/python3.10/site-packages/h5py/utils.cpython-310-x86_64-linux-gnu.so
7281ca467000-7281ca46c000 r--p 00014000 00:6a 10893137                   /home/ubuntu/.local/lib/python3.10/site-packages/h5py/utils.cpython-310-x86_64-linux-gnu.so
7281ca46c000-7281ca46d000 r--p 00018000 00:6a 10893137                   /home/ubuntu/.local/lib/python3.10/site-packages/h5py/utils.cpython-310-x86_64-linux-gnu.so
7281ca46d000-7281ca46e000 rw-p 00019000 00:6a 10893137                   /home/ubuntu/.local/lib/python3.10/site-packages/h5py/utils.cpython-310-x86_64-linux-gnu.so
7281ca46e000-7281ca470000 rw-p 00029000 00:6a 10893137                   /home/ubuntu/.local/lib/python3.10/site-packages/h5py/utils.cpython-310-x86_64-linux-gnu.so
7281ca470000-7281ca471000 rw-p 0002b000 00:6a 10893137                   /home/ubuntu/.local/lib/python3.10/site-packages/h5py/utils.cpython-310-x86_64-linux-gnu.so
7281ca471000-7281ca475000 r--p 00000000 00:6a 10893132                   /home/ubuntu/.local/lib/python3.10/site-packages/h5py/h5r.cpython-310-x86_64-linux-gnu.so
7281ca475000-7281ca486000 r-xp 00004000 00:6a 10893132                   /home/ubuntu/.local/lib/python3.10/site-packages/h5py/h5r.cpython-310-x86_64-linux-gnu.so
7281ca486000-7281ca48c000 r--p 00015000 00:6a 10893132                   /home/ubuntu/.local/lib/python3.10/site-packages/h5py/h5r.cpython-310-x86_64-linux-gnu.so
7281ca48c000-7281ca48d000 r--p 0001a000 00:6a 10893132                   /home/ubuntu/.local/lib/python3.10/site-packages/h5py/h5r.cpython-310-x86_64-linux-gnu.so
7281ca48d000-7281ca48f000 rw-p 0001b000 00:6a 10893132                   /home/ubuntu/.local/lib/python3.10/site-packages/h5py/h5r.cpython-310-x86_64-linux-gnu.so
7281ca48f000-7281ca491000 rw-p 0002e000 00:6a 10893132                   /home/ubuntu/.local/lib/python3.10/site-packages/h5py/h5r.cpython-310-x86_64-linux-gnu.so
7281ca491000-7281ca492000 rw-p 00030000 00:6a 10893132                   /home/ubuntu/.local/lib/python3.10/site-packages/h5py/h5r.cpython-310-x86_64-linux-gnu.so
7281ca492000-7281ca499000 r--p 00000000 00:6a 10893111                   /home/ubuntu/.local/lib/python3.10/site-packages/h5py/_conv.cpython-310-x86_64-linux-gnu.so
7281ca499000-7281ca4ce000 r-xp 00007000 00:6a 10893111                   /home/ubuntu/.local/lib/python3.10/site-packages/h5py/_conv.cpython-310-x86_64-linux-gnu.so
7281ca4ce000-7281ca4d9000 r--p 0003c000 00:6a 10893111                   /home/ubuntu/.local/lib/python3.10/site-packages/h5py/_conv.cpython-310-x86_64-linux-gnu.so
7281ca4d9000-7281ca4da000 r--p 00047000 00:6a 10893111                   /home/ubuntu/.local/lib/python3.10/site-packages/h5py/_conv.cpython-310-x86_64-linux-gnu.so
7281ca4da000-7281ca4dc000 rw-p 00048000 00:6a 10893111                   /home/ubuntu/.local/lib/python3.10/site-packages/h5py/_conv.cpython-310-x86_64-linux-gnu.so
7281ca4dc000-7281ca4dd000 rw-p 00000000 00:00 0 
7281ca4dd000-7281ca4e0000 rw-p 00073000 00:6a 10893111                   /home/ubuntu/.local/lib/python3.10/site-packages/h5py/_conv.cpython-310-x86_64-linux-gnu.so
7281ca4e0000-7281ca4e2000 rw-p 00076000 00:6a 10893111                   /home/ubuntu/.local/lib/python3.10/site-packages/h5py/_conv.cpython-310-x86_64-linux-gnu.so
7281ca4e2000-7281ca4e8000 r--p 00000000 00:6a 10893114                   /home/ubuntu/.local/lib/python3.10/site-packages/h5py/_objects.cpython-310-x86_64-linux-gnu.so
7281ca4e8000-7281ca50a000 r-xp 00006000 00:6a 10893114                   /home/ubuntu/.local/lib/python3.10/site-packages/h5py/_objects.cpython-310-x86_64-linux-gnu.so
7281ca50a000-7281ca512000 r--p 00028000 00:6a 10893114                   /home/ubuntu/.local/lib/python3.10/site-packages/h5py/_objects.cpython-310-x86_64-linux-gnu.so
7281ca512000-7281ca513000 r--p 00030000 00:6a 10893114                   /home/ubuntu/.local/lib/python3.10/site-packages/h5py/_objects.cpython-310-x86_64-linux-gnu.so
7281ca513000-7281ca515000 rw-p 00031000 00:6a 10893114                   /home/ubuntu/.local/lib/python3.10/site-packages/h5py/_objects.cpython-310-x86_64-linux-gnu.so
7281ca515000-7281ca516000 rw-p 00000000 00:00 0 
7281ca516000-7281ca519000 rw-p 00050000 00:6a 10893114                   /home/ubuntu/.local/lib/python3.10/site-packages/h5py/_objects.cpython-310-x86_64-linux-gnu.so
7281ca519000-7281ca51b000 rw-p 00053000 00:6a 10893114                   /home/ubuntu/.local/lib/python3.10/site-packages/h5py/_objects.cpython-310-x86_64-linux-gnu.so
7281ca51b000-7281ca526000 r--p 00000000 00:6a 10893117                   /home/ubuntu/.local/lib/python3.10/site-packages/h5py/defs.cpython-310-x86_64-linux-gnu.so
7281ca526000-7281ca568000 r-xp 0000b000 00:6a 10893117                   /home/ubuntu/.local/lib/python3.10/site-packages/h5py/defs.cpython-310-x86_64-linux-gnu.so
7281ca568000-7281ca57b000 r--p 0004d000 00:6a 10893117                   /home/ubuntu/.local/lib/python3.10/site-packages/h5py/defs.cpython-310-x86_64-linux-gnu.so
7281ca57b000-7281ca57d000 r--p 0005f000 00:6a 10893117                   /home/ubuntu/.local/lib/python3.10/site-packages/h5py/defs.cpython-310-x86_64-linux-gnu.so
7281ca57d000-7281ca57e000 rw-p 00061000 00:6a 10893117                   /home/ubuntu/.local/lib/python3.10/site-packages/h5py/defs.cpython-310-x86_64-linux-gnu.so
7281ca57e000-7281ca57f000 rw-p 00000000 00:00 0 
7281ca57f000-7281ca584000 rw-p 00094000 00:6a 10893117                   /home/ubuntu/.local/lib/python3.10/site-packages/h5py/defs.cpython-310-x86_64-linux-gnu.so
7281ca584000-7281ca587000 rw-p 00099000 00:6a 10893117                   /home/ubuntu/.local/lib/python3.10/site-packages/h5py/defs.cpython-310-x86_64-linux-gnu.so
7281ca587000-7281ca58c000 r--p 00000000 00:6a 10893118                   /home/ubuntu/.local/lib/python3.10/site-packages/h5py/h5.cpython-310-x86_64-linux-gnu.so
7281ca58c000-7281ca5a5000 r-xp 00005000 00:6a 10893118                   /home/ubuntu/.local/lib/python3.10/site-packages/h5py/h5.cpython-310-x86_64-linux-gnu.so
7281ca5a5000-7281ca5ac000 r--p 0001e000 00:6a 10893118                   /home/ubuntu/.local/lib/python3.10/site-packages/h5py/h5.cpython-310-x86_64-linux-gnu.so
7281ca5ac000-7281ca5ad000 r--p 00025000 00:6a 10893118                   /home/ubuntu/.local/lib/python3.10/site-packages/h5py/h5.cpython-310-x86_64-linux-gnu.so
7281ca5ad000-7281ca5af000 rw-p 00026000 00:6a 10893118                   /home/ubuntu/.local/lib/python3.10/site-packages/h5py/h5.cpython-310-x86_64-linux-gnu.so
7281ca5af000-7281ca5b1000 rw-p 0003f000 00:6a 10893118                   /home/ubuntu/.local/lib/python3.10/site-packages/h5py/h5.cpython-310-x86_64-linux-gnu.so
7281ca5b1000-7281ca5b2000 rw-p 00041000 00:6a 10893118                   /home/ubuntu/.local/lib/python3.10/site-packages/h5py/h5.cpython-310-x86_64-linux-gnu.so
7281ca5b2000-7281ca5b8000 r--p 00000000 00:6a 10893204                   /home/ubuntu/.local/lib/python3.10/site-packages/h5py.libs/libhdf5_hl-0ce065ed.so.310.0.6
7281ca5b8000-7281ca5cf000 r-xp 00006000 00:6a 10893204                   /home/ubuntu/.local/lib/python3.10/site-packages/h5py.libs/libhdf5_hl-0ce065ed.so.310.0.6
7281ca5cf000-7281ca5d4000 r--p 0001d000 00:6a 10893204                   /home/ubuntu/.local/lib/python3.10/site-packages/h5py.libs/libhdf5_hl-0ce065ed.so.310.0.6
7281ca5d4000-7281ca5d5000 r--p 00022000 00:6a 10893204                   /home/ubuntu/.local/lib/python3.10/site-packages/h5py.libs/libhdf5_hl-0ce065ed.so.310.0.6
7281ca5d5000-7281ca5d6000 rw-p 00023000 00:6a 10893204                   /home/ubuntu/.local/lib/python3.10/site-packages/h5py.libs/libhdf5_hl-0ce065ed.so.310.0.6
7281ca5d6000-7281ca5d7000 rw-p 00000000 00:00 0 
7281ca5d7000-7281ca5d9000 rw-p 00029000 00:6a 10893204                   /home/ubuntu/.local/lib/python3.10/site-packages/h5py.libs/libhdf5_hl-0ce065ed.so.310.0.6
7281ca5d9000-7281ca5db000 rw-p 0002b000 00:6a 10893204                   /home/ubuntu/.local/lib/python3.10/site-packages/h5py.libs/libhdf5_hl-0ce065ed.so.310.0.6
7281ca5db000-7281ca62c000 r--p 00000000 00:6a 10893203                   /home/ubuntu/.local/lib/python3.10/site-packages/h5py.libs/libhdf5-7d060e2f.so.310.5.1
7281ca62c000-7281ca940000 r-xp 00051000 00:6a 10893203                   /home/ubuntu/.local/lib/python3.10/site-packages/h5py.libs/libhdf5-7d060e2f.so.310.5.1
7281ca940000-7281ca9f8000 r--p 00365000 00:6a 10893203                   /home/ubuntu/.local/lib/python3.10/site-packages/h5py.libs/libhdf5-7d060e2f.so.310.5.1
7281ca9f8000-7281caa05000 r--p 0041d000 00:6a 10893203                   /home/ubuntu/.local/lib/python3.10/site-packages/h5py.libs/libhdf5-7d060e2f.so.310.5.1
7281caa05000-7281caa0e000 rw-p 0042a000 00:6a 10893203                   /home/ubuntu/.local/lib/python3.10/site-packages/h5py.libs/libhdf5-7d060e2f.so.310.5.1
7281caa0e000-7281caa11000 rw-p 00000000 00:00 0 
7281caa11000-7281caa2a000 rw-p 00494000 00:6a 10893203                   /home/ubuntu/.local/lib/python3.10/site-packages/h5py.libs/libhdf5-7d060e2f.so.310.5.1
7281caa2a000-7281caa3c000 rw-p 004ad000 00:6a 10893203                   /home/ubuntu/.local/lib/python3.10/site-packages/h5py.libs/libhdf5-7d060e2f.so.310.5.1
7281caa3c000-7281caa40000 r--p 00000000 00:6a 10893112                   /home/ubuntu/.local/lib/python3.10/site-packages/h5py/_errors.cpython-310-x86_64-linux-gnu.so
7281caa40000-7281caa4c000 r-xp 00004000 00:6a 10893112                   /home/ubuntu/.local/lib/python3.10/site-packages/h5py/_errors.cpython-310-x86_64-linux-gnu.so
7281caa4c000-7281caa4f000 r--p 00010000 00:6a 10893112                   /home/ubuntu/.local/lib/python3.10/site-packages/h5py/_errors.cpython-310-x86_64-linux-gnu.so
7281caa4f000-7281caa50000 r--p 00013000 00:6a 10893112                   /home/ubuntu/.local/lib/python3.10/site-packages/h5py/_errors.cpython-310-x86_64-linux-gnu.so
7281caa50000-7281caa51000 rw-p 00014000 00:6a 10893112                   /home/ubuntu/.local/lib/python3.10/site-packages/h5py/_errors.cpython-310-x86_64-linux-gnu.so
7281caa51000-7281caa53000 rw-p 00022000 00:6a 10893112                   /home/ubuntu/.local/lib/python3.10/site-packages/h5py/_errors.cpython-310-x86_64-linux-gnu.so
7281caa53000-7281caa54000 rw-p 00024000 00:6a 10893112                   /home/ubuntu/.local/lib/python3.10/site-packages/h5py/_errors.cpython-310-x86_64-linux-gnu.so
7281caa54000-7281cab54000 rw-p 00000000 00:00 0 
7281cab54000-7281cab59000 r--p 00000000 00:6a 10173769                   /home/ubuntu/.local/lib/python3.10/site-packages/pyarrow/_json.cpython-310-x86_64-linux-gnu.so
7281cab59000-7281cab67000 r-xp 00005000 00:6a 10173769                   /home/ubuntu/.local/lib/python3.10/site-packages/pyarrow/_json.cpython-310-x86_64-linux-gnu.so
7281cab67000-7281cab6c000 r--p 00013000 00:6a 10173769                   /home/ubuntu/.local/lib/python3.10/site-packages/pyarrow/_json.cpython-310-x86_64-linux-gnu.so
7281cab6c000-7281cab6d000 r--p 00018000 00:6a 10173769                   /home/ubuntu/.local/lib/python3.10/site-packages/pyarrow/_json.cpython-310-x86_64-linux-gnu.so
7281cab6d000-7281cab6f000 rw-p 00019000 00:6a 10173769                   /home/ubuntu/.local/lib/python3.10/site-packages/pyarrow/_json.cpython-310-x86_64-linux-gnu.so
7281cab6f000-7281cac6f000 rw-p 00000000 00:00 0 
7281cac6f000-7281cac72000 r--p 00000000 00:6a 10171548                   /home/ubuntu/.local/lib/python3.10/site-packages/xxhash/_xxhash.cpython-310-x86_64-linux-gnu.so
7281cac72000-7281cac7d000 r-xp 00003000 00:6a 10171548                   /home/ubuntu/.local/lib/python3.10/site-packages/xxhash/_xxhash.cpython-310-x86_64-linux-gnu.so
7281cac7d000-7281cac80000 r--p 0000e000 00:6a 10171548                   /home/ubuntu/.local/lib/python3.10/site-packages/xxhash/_xxhash.cpython-310-x86_64-linux-gnu.so
7281cac80000-7281cac81000 r--p 00010000 00:6a 10171548                   /home/ubuntu/.local/lib/python3.10/site-packages/xxhash/_xxhash.cpython-310-x86_64-linux-gnu.so
7281cac81000-7281cac83000 rw-p 00011000 00:6a 10171548                   /home/ubuntu/.local/lib/python3.10/site-packages/xxhash/_xxhash.cpython-310-x86_64-linux-gnu.so
7281cac83000-7281caf83000 rw-p 00000000 00:00 0 
7281caf83000-7281caf8a000 r--p 00000000 00:6a 10173784                   /home/ubuntu/.local/lib/python3.10/site-packages/pyarrow/_s3fs.cpython-310-x86_64-linux-gnu.so
7281caf8a000-7281cafa5000 r-xp 00007000 00:6a 10173784                   /home/ubuntu/.local/lib/python3.10/site-packages/pyarrow/_s3fs.cpython-310-x86_64-linux-gnu.so
7281cafa5000-7281cafac000 r--p 00022000 00:6a 10173784                   /home/ubuntu/.local/lib/python3.10/site-packages/pyarrow/_s3fs.cpython-310-x86_64-linux-gnu.so
7281cafac000-7281cafad000 r--p 00029000 00:6a 10173784                   /home/ubuntu/.local/lib/python3.10/site-packages/pyarrow/_s3fs.cpython-310-x86_64-linux-gnu.so
7281cafad000-7281cafaf000 rw-p 0002a000 00:6a 10173784                   /home/ubuntu/.local/lib/python3.10/site-packages/pyarrow/_s3fs.cpython-310-x86_64-linux-gnu.so
7281cafaf000-7281cafb5000 r--p 00000000 00:6a 10173764                   /home/ubuntu/.local/lib/python3.10/site-packages/pyarrow/_gcsfs.cpython-310-x86_64-linux-gnu.so
7281cafb5000-7281cafc5000 r-xp 00006000 00:6a 10173764                   /home/ubuntu/.local/lib/python3.10/site-packages/pyarrow/_gcsfs.cpython-310-x86_64-linux-gnu.so
7281cafc5000-7281cafc9000 r--p 00016000 00:6a 10173764                   /home/ubuntu/.local/lib/python3.10/site-packages/pyarrow/_gcsfs.cpython-310-x86_64-linux-gnu.so
7281cafc9000-7281cafca000 r--p 0001a000 00:6a 10173764                   /home/ubuntu/.local/lib/python3.10/site-packages/pyarrow/_gcsfs.cpython-310-x86_64-linux-gnu.so
7281cafca000-7281cafcb000 rw-p 0001b000 00:6a 10173764                   /home/ubuntu/.local/lib/python3.10/site-packages/pyarrow/_gcsfs.cpython-310-x86_64-linux-gnu.so
7281cafcb000-7281cafcc000 rw-p 00000000 00:00 0 
7281cafcc000-7281cafd2000 r--p 00000000 00:6a 10173767                   /home/ubuntu/.local/lib/python3.10/site-packages/pyarrow/_hdfs.cpython-310-x86_64-linux-gnu.so
7281cafd2000-7281cafe2000 r-xp 00006000 00:6a 10173767                   /home/ubuntu/.local/lib/python3.10/site-packages/pyarrow/_hdfs.cpython-310-x86_64-linux-gnu.so
7281cafe2000-7281cafe6000 r--p 00016000 00:6a 10173767                   /home/ubuntu/.local/lib/python3.10/site-packages/pyarrow/_hdfs.cpython-310-x86_64-linux-gnu.so
7281cafe6000-7281cafe7000 r--p 0001a000 00:6a 10173767                   /home/ubuntu/.local/lib/python3.10/site-packages/pyarrow/_hdfs.cpython-310-x86_64-linux-gnu.so
7281cafe7000-7281cafe8000 rw-p 0001b000 00:6a 10173767                   /home/ubuntu/.local/lib/python3.10/site-packages/pyarrow/_hdfs.cpython-310-x86_64-linux-gnu.so
7281cafe8000-7281cafe9000 rw-p 00000000 00:00 0 
7281cafe9000-7281cafee000 r--p 00000000 00:6a 10173735                   /home/ubuntu/.local/lib/python3.10/site-packages/pyarrow/_azurefs.cpython-310-x86_64-linux-gnu.so
7281cafee000-7281caffe000 r-xp 00005000 00:6a 10173735                   /home/ubuntu/.local/lib/python3.10/site-packages/pyarrow/_azurefs.cpython-310-x86_64-linux-gnu.so
7281caffe000-7281cb002000 r--p 00015000 00:6a 10173735                   /home/ubuntu/.local/lib/python3.10/site-packages/pyarrow/_azurefs.cpython-310-x86_64-linux-gnu.so
7281cb002000-7281cb003000 r--p 00019000 00:6a 10173735                   /home/ubuntu/.local/lib/python3.10/site-packages/pyarrow/_azurefs.cpython-310-x86_64-linux-gnu.so
7281cb003000-7281cb004000 rw-p 0001a000 00:6a 10173735                   /home/ubuntu/.local/lib/python3.10/site-packages/pyarrow/_azurefs.cpython-310-x86_64-linux-gnu.so
7281cb004000-7281cb005000 rw-p 00000000 00:00 0 
7281cb005000-7281cb013000 r--p 00000000 00:6a 10173761                   /home/ubuntu/.local/lib/python3.10/site-packages/pyarrow/_fs.cpython-310-x86_64-linux-gnu.so
7281cb013000-7281cb048000 r-xp 0000e000 00:6a 10173761                   /home/ubuntu/.local/lib/python3.10/site-packages/pyarrow/_fs.cpython-310-x86_64-linux-gnu.so
7281cb048000-7281cb05b000 r--p 00043000 00:6a 10173761                   /home/ubuntu/.local/lib/python3.10/site-packages/pyarrow/_fs.cpython-310-x86_64-linux-gnu.so
7281cb05b000-7281cb05d000 r--p 00056000 00:6a 10173761                   /home/ubuntu/.local/lib/python3.10/site-packages/pyarrow/_fs.cpython-310-x86_64-linux-gnu.so
7281cb05d000-7281cb060000 rw-p 00058000 00:6a 10173761                   /home/ubuntu/.local/lib/python3.10/site-packages/pyarrow/_fs.cpython-310-x86_64-linux-gnu.so
7281cb060000-7281cb061000 rw-p 00000000 00:00 0 
7281cb061000-7281cb074000 r--p 00000000 00:6a 10173775                   /home/ubuntu/.local/lib/python3.10/site-packages/pyarrow/_parquet.cpython-310-x86_64-linux-gnu.so
7281cb074000-7281cb0c8000 r-xp 00013000 00:6a 10173775                   /home/ubuntu/.local/lib/python3.10/site-packages/pyarrow/_parquet.cpython-310-x86_64-linux-gnu.so
7281cb0c8000-7281cb0dd000 r--p 00067000 00:6a 10173775                   /home/ubuntu/.local/lib/python3.10/site-packages/pyarrow/_parquet.cpython-310-x86_64-linux-gnu.so
7281cb0dd000-7281cb0e0000 r--p 0007b000 00:6a 10173775                   /home/ubuntu/.local/lib/python3.10/site-packages/pyarrow/_parquet.cpython-310-x86_64-linux-gnu.so
7281cb0e0000-7281cb0e5000 rw-p 0007e000 00:6a 10173775                   /home/ubuntu/.local/lib/python3.10/site-packages/pyarrow/_parquet.cpython-310-x86_64-linux-gnu.so
7281cb0e5000-7281cb5e7000 rw-p 00000000 00:00 0 
7281cb5e7000-7281cb5eb000 r--p 00000000 00:6a 10235694                   /home/ubuntu/.local/lib/python3.10/site-packages/sklearn/metrics/_pairwise_fast.cpython-310-x86_64-linux-gnu.so
7281cb5eb000-7281cb603000 r-xp 00004000 00:6a 10235694                   /home/ubuntu/.local/lib/python3.10/site-packages/sklearn/metrics/_pairwise_fast.cpython-310-x86_64-linux-gnu.so
7281cb603000-7281cb608000 r--p 0001c000 00:6a 10235694                   /home/ubuntu/.local/lib/python3.10/site-packages/sklearn/metrics/_pairwise_fast.cpython-310-x86_64-linux-gnu.so
7281cb608000-7281cb609000 ---p 00021000 00:6a 10235694                   /home/ubuntu/.local/lib/python3.10/site-packages/sklearn/metrics/_pairwise_fast.cpython-310-x86_64-linux-gnu.so
7281cb609000-7281cb60a000 r--p 00021000 00:6a 10235694                   /home/ubuntu/.local/lib/python3.10/site-packages/sklearn/metrics/_pairwise_fast.cpython-310-x86_64-linux-gnu.so
7281cb60a000-7281cb60b000 rw-p 00022000 00:6a 10235694                   /home/ubuntu/.local/lib/python3.10/site-packages/sklearn/metrics/_pairwise_fast.cpython-310-x86_64-linux-gnu.so
7281cb60b000-7281cb60c000 rw-p 00000000 00:00 0 
7281cb60c000-7281cb60e000 rw-p 00029000 00:6a 10235694                   /home/ubuntu/.local/lib/python3.10/site-packages/sklearn/metrics/_pairwise_fast.cpython-310-x86_64-linux-gnu.so
7281cb60e000-7281cb60f000 rw-p 0002b000 00:6a 10235694                   /home/ubuntu/.local/lib/python3.10/site-packages/sklearn/metrics/_pairwise_fast.cpython-310-x86_64-linux-gnu.so
7281cb60f000-7281cb614000 r--p 00000000 00:6a 10235722                   /home/ubuntu/.local/lib/python3.10/site-packages/sklearn/metrics/_pairwise_distances_reduction/_radius_neighbors_classmode.cpython-310-x86_64-linux-gnu.so
7281cb614000-7281cb62b000 r-xp 00005000 00:6a 10235722                   /home/ubuntu/.local/lib/python3.10/site-packages/sklearn/metrics/_pairwise_distances_reduction/_radius_neighbors_classmode.cpython-310-x86_64-linux-gnu.so
7281cb62b000-7281cb631000 r--p 0001c000 00:6a 10235722                   /home/ubuntu/.local/lib/python3.10/site-packages/sklearn/metrics/_pairwise_distances_reduction/_radius_neighbors_classmode.cpython-310-x86_64-linux-gnu.so
7281cb631000-7281cb632000 ---p 00022000 00:6a 10235722                   /home/ubuntu/.local/lib/python3.10/site-packages/sklearn/metrics/_pairwise_distances_reduction/_radius_neighbors_classmode.cpython-310-x86_64-linux-gnu.so
7281cb632000-7281cb633000 r--p 00022000 00:6a 10235722                   /home/ubuntu/.local/lib/python3.10/site-packages/sklearn/metrics/_pairwise_distances_reduction/_radius_neighbors_classmode.cpython-310-x86_64-linux-gnu.so
7281cb633000-7281cb634000 rw-p 00023000 00:6a 10235722                   /home/ubuntu/.local/lib/python3.10/site-packages/sklearn/metrics/_pairwise_distances_reduction/_radius_neighbors_classmode.cpython-310-x86_64-linux-gnu.so
7281cb634000-7281cb635000 rw-p 00000000 00:00 0 
7281cb635000-7281cb637000 rw-p 0002f000 00:6a 10235722                   /home/ubuntu/.local/lib/python3.10/site-packages/sklearn/metrics/_pairwise_distances_reduction/_radius_neighbors_classmode.cpython-310-x86_64-linux-gnu.so
7281cb637000-7281cb638000 rw-p 00031000 00:6a 10235722                   /home/ubuntu/.local/lib/python3.10/site-packages/sklearn/metrics/_pairwise_distances_reduction/_radius_neighbors_classmode.cpython-310-x86_64-linux-gnu.so
7281cb638000-7281cb63d000 r--p 00000000 00:6a 10236017                   /home/ubuntu/.local/lib/python3.10/site-packages/sklearn/utils/_vector_sentinel.cpython-310-x86_64-linux-gnu.so
7281cb63d000-7281cb650000 r-xp 00005000 00:6a 10236017                   /home/ubuntu/.local/lib/python3.10/site-packages/sklearn/utils/_vector_sentinel.cpython-310-x86_64-linux-gnu.so
7281cb650000-7281cb655000 r--p 00018000 00:6a 10236017                   /home/ubuntu/.local/lib/python3.10/site-packages/sklearn/utils/_vector_sentinel.cpython-310-x86_64-linux-gnu.so
7281cb655000-7281cb656000 ---p 0001d000 00:6a 10236017                   /home/ubuntu/.local/lib/python3.10/site-packages/sklearn/utils/_vector_sentinel.cpython-310-x86_64-linux-gnu.so
7281cb656000-7281cb657000 r--p 0001d000 00:6a 10236017                   /home/ubuntu/.local/lib/python3.10/site-packages/sklearn/utils/_vector_sentinel.cpython-310-x86_64-linux-gnu.so
7281cb657000-7281cb659000 rw-p 0001e000 00:6a 10236017                   /home/ubuntu/.local/lib/python3.10/site-packages/sklearn/utils/_vector_sentinel.cpython-310-x86_64-linux-gnu.so
7281cb659000-7281cb65f000 r--p 00000000 00:6a 10235719                   /home/ubuntu/.local/lib/python3.10/site-packages/sklearn/metrics/_pairwise_distances_reduction/_radius_neighbors.cpython-310-x86_64-linux-gnu.so
7281cb65f000-7281cb681000 r-xp 00006000 00:6a 10235719                   /home/ubuntu/.local/lib/python3.10/site-packages/sklearn/metrics/_pairwise_distances_reduction/_radius_neighbors.cpython-310-x86_64-linux-gnu.so
7281cb681000-7281cb68a000 r--p 00028000 00:6a 10235719                   /home/ubuntu/.local/lib/python3.10/site-packages/sklearn/metrics/_pairwise_distances_reduction/_radius_neighbors.cpython-310-x86_64-linux-gnu.so
7281cb68a000-7281cb68b000 ---p 00031000 00:6a 10235719                   /home/ubuntu/.local/lib/python3.10/site-packages/sklearn/metrics/_pairwise_distances_reduction/_radius_neighbors.cpython-310-x86_64-linux-gnu.so
7281cb68b000-7281cb68c000 r--p 00031000 00:6a 10235719                   /home/ubuntu/.local/lib/python3.10/site-packages/sklearn/metrics/_pairwise_distances_reduction/_radius_neighbors.cpython-310-x86_64-linux-gnu.so
7281cb68c000-7281cb68e000 rw-p 00032000 00:6a 10235719                   /home/ubuntu/.local/lib/python3.10/site-packages/sklearn/metrics/_pairwise_distances_reduction/_radius_neighbors.cpython-310-x86_64-linux-gnu.so
7281cb68e000-7281cb68f000 rw-p 00000000 00:00 0 
7281cb68f000-7281cb691000 rw-p 00045000 00:6a 10235719                   /home/ubuntu/.local/lib/python3.10/site-packages/sklearn/metrics/_pairwise_distances_reduction/_radius_neighbors.cpython-310-x86_64-linux-gnu.so
7281cb691000-7281cb693000 rw-p 00047000 00:6a 10235719                   /home/ubuntu/.local/lib/python3.10/site-packages/sklearn/metrics/_pairwise_distances_reduction/_radius_neighbors.cpython-310-x86_64-linux-gnu.so
7281cb693000-7281cb697000 r--p 00000000 00:6a 10235706                   /home/ubuntu/.local/lib/python3.10/site-packages/sklearn/metrics/_pairwise_distances_reduction/_argkmin_classmode.cpython-310-x86_64-linux-gnu.so
7281cb697000-7281cb6aa000 r-xp 00004000 00:6a 10235706                   /home/ubuntu/.local/lib/python3.10/site-packages/sklearn/metrics/_pairwise_distances_reduction/_argkmin_classmode.cpython-310-x86_64-linux-gnu.so
7281cb6aa000-7281cb6b0000 r--p 00017000 00:6a 10235706                   /home/ubuntu/.local/lib/python3.10/site-packages/sklearn/metrics/_pairwise_distances_reduction/_argkmin_classmode.cpython-310-x86_64-linux-gnu.so
7281cb6b0000-7281cb6b1000 r--p 0001c000 00:6a 10235706                   /home/ubuntu/.local/lib/python3.10/site-packages/sklearn/metrics/_pairwise_distances_reduction/_argkmin_classmode.cpython-310-x86_64-linux-gnu.so
7281cb6b1000-7281cb6b2000 rw-p 0001d000 00:6a 10235706                   /home/ubuntu/.local/lib/python3.10/site-packages/sklearn/metrics/_pairwise_distances_reduction/_argkmin_classmode.cpython-310-x86_64-linux-gnu.so
7281cb6b2000-7281cb6b3000 rw-p 00000000 00:00 0 
7281cb6b3000-7281cb6b5000 rw-p 00027000 00:6a 10235706                   /home/ubuntu/.local/lib/python3.10/site-packages/sklearn/metrics/_pairwise_distances_reduction/_argkmin_classmode.cpython-310-x86_64-linux-gnu.so
7281cb6b5000-7281cb6b6000 rw-p 00029000 00:6a 10235706                   /home/ubuntu/.local/lib/python3.10/site-packages/sklearn/metrics/_pairwise_distances_reduction/_argkmin_classmode.cpython-310-x86_64-linux-gnu.so
7281cb6b6000-7281cb6bc000 r--p 00000000 00:6a 10235716                   /home/ubuntu/.local/lib/python3.10/site-packages/sklearn/metrics/_pairwise_distances_reduction/_middle_term_computer.cpython-310-x86_64-linux-gnu.so
7281cb6bc000-7281cb6f2000 r-xp 00006000 00:6a 10235716                   /home/ubuntu/.local/lib/python3.10/site-packages/sklearn/metrics/_pairwise_distances_reduction/_middle_term_computer.cpython-310-x86_64-linux-gnu.so
7281cb6f2000-7281cb6fe000 r--p 0003c000 00:6a 10235716                   /home/ubuntu/.local/lib/python3.10/site-packages/sklearn/metrics/_pairwise_distances_reduction/_middle_term_computer.cpython-310-x86_64-linux-gnu.so
7281cb6fe000-7281cb6ff000 r--p 00047000 00:6a 10235716                   /home/ubuntu/.local/lib/python3.10/site-packages/sklearn/metrics/_pairwise_distances_reduction/_middle_term_computer.cpython-310-x86_64-linux-gnu.so
7281cb6ff000-7281cb701000 rw-p 00048000 00:6a 10235716                   /home/ubuntu/.local/lib/python3.10/site-packages/sklearn/metrics/_pairwise_distances_reduction/_middle_term_computer.cpython-310-x86_64-linux-gnu.so
7281cb701000-7281cb702000 rw-p 00000000 00:00 0 
7281cb702000-7281cb707000 r--p 00000000 00:6a 10235973                   /home/ubuntu/.local/lib/python3.10/site-packages/sklearn/utils/_cython_blas.cpython-310-x86_64-linux-gnu.so
7281cb707000-7281cb746000 r-xp 00005000 00:6a 10235973                   /home/ubuntu/.local/lib/python3.10/site-packages/sklearn/utils/_cython_blas.cpython-310-x86_64-linux-gnu.so
7281cb746000-7281cb74f000 r--p 00044000 00:6a 10235973                   /home/ubuntu/.local/lib/python3.10/site-packages/sklearn/utils/_cython_blas.cpython-310-x86_64-linux-gnu.so
7281cb74f000-7281cb750000 r--p 0004c000 00:6a 10235973                   /home/ubuntu/.local/lib/python3.10/site-packages/sklearn/utils/_cython_blas.cpython-310-x86_64-linux-gnu.so
7281cb750000-7281cb752000 rw-p 0004d000 00:6a 10235973                   /home/ubuntu/.local/lib/python3.10/site-packages/sklearn/utils/_cython_blas.cpython-310-x86_64-linux-gnu.so
7281cb752000-7281cb758000 r--p 00000000 00:6a 10235712                   /home/ubuntu/.local/lib/python3.10/site-packages/sklearn/metrics/_pairwise_distances_reduction/_datasets_pair.cpython-310-x86_64-linux-gnu.so
7281cb758000-7281cb78c000 r-xp 00006000 00:6a 10235712                   /home/ubuntu/.local/lib/python3.10/site-packages/sklearn/metrics/_pairwise_distances_reduction/_datasets_pair.cpython-310-x86_64-linux-gnu.so
7281cb78c000-7281cb798000 r--p 0003a000 00:6a 10235712                   /home/ubuntu/.local/lib/python3.10/site-packages/sklearn/metrics/_pairwise_distances_reduction/_datasets_pair.cpython-310-x86_64-linux-gnu.so
7281cb798000-7281cb799000 ---p 00046000 00:6a 10235712                   /home/ubuntu/.local/lib/python3.10/site-packages/sklearn/metrics/_pairwise_distances_reduction/_datasets_pair.cpython-310-x86_64-linux-gnu.so
7281cb799000-7281cb79a000 r--p 00046000 00:6a 10235712                   /home/ubuntu/.local/lib/python3.10/site-packages/sklearn/metrics/_pairwise_distances_reduction/_datasets_pair.cpython-310-x86_64-linux-gnu.so
7281cb79a000-7281cb79d000 rw-p 00047000 00:6a 10235712                   /home/ubuntu/.local/lib/python3.10/site-packages/sklearn/metrics/_pairwise_distances_reduction/_datasets_pair.cpython-310-x86_64-linux-gnu.so
7281cb79d000-7281cb7a2000 r--p 00000000 00:6a 10235708                   /home/ubuntu/.local/lib/python3.10/site-packages/sklearn/metrics/_pairwise_distances_reduction/_base.cpython-310-x86_64-linux-gnu.so
7281cb7a2000-7281cb7be000 r-xp 00005000 00:6a 10235708                   /home/ubuntu/.local/lib/python3.10/site-packages/sklearn/metrics/_pairwise_distances_reduction/_base.cpython-310-x86_64-linux-gnu.so
7281cb7be000-7281cb7c5000 r--p 00021000 00:6a 10235708                   /home/ubuntu/.local/lib/python3.10/site-packages/sklearn/metrics/_pairwise_distances_reduction/_base.cpython-310-x86_64-linux-gnu.so
7281cb7c5000-7281cb7c6000 r--p 00027000 00:6a 10235708                   /home/ubuntu/.local/lib/python3.10/site-packages/sklearn/metrics/_pairwise_distances_reduction/_base.cpython-310-x86_64-linux-gnu.so
7281cb7c6000-7281cb7c8000 rw-p 00028000 00:6a 10235708                   /home/ubuntu/.local/lib/python3.10/site-packages/sklearn/metrics/_pairwise_distances_reduction/_base.cpython-310-x86_64-linux-gnu.so
7281cb7c8000-7281cb7ca000 rw-p 00037000 00:6a 10235708                   /home/ubuntu/.local/lib/python3.10/site-packages/sklearn/metrics/_pairwise_distances_reduction/_base.cpython-310-x86_64-linux-gnu.so
7281cb7ca000-7281cb7cb000 rw-p 00039000 00:6a 10235708                   /home/ubuntu/.local/lib/python3.10/site-packages/sklearn/metrics/_pairwise_distances_reduction/_base.cpython-310-x86_64-linux-gnu.so
7281cb7cb000-7281cb7d4000 r--p 00000000 00:6a 10235690                   /home/ubuntu/.local/lib/python3.10/site-packages/sklearn/metrics/_dist_metrics.cpython-310-x86_64-linux-gnu.so
7281cb7d4000-7281cb832000 r-xp 00009000 00:6a 10235690                   /home/ubuntu/.local/lib/python3.10/site-packages/sklearn/metrics/_dist_metrics.cpython-310-x86_64-linux-gnu.so
7281cb832000-7281cb847000 r--p 00067000 00:6a 10235690                   /home/ubuntu/.local/lib/python3.10/site-packages/sklearn/metrics/_dist_metrics.cpython-310-x86_64-linux-gnu.so
7281cb847000-7281cb849000 r--p 0007b000 00:6a 10235690                   /home/ubuntu/.local/lib/python3.10/site-packages/sklearn/metrics/_dist_metrics.cpython-310-x86_64-linux-gnu.so
7281cb849000-7281cb84f000 rw-p 0007d000 00:6a 10235690                   /home/ubuntu/.local/lib/python3.10/site-packages/sklearn/metrics/_dist_metrics.cpython-310-x86_64-linux-gnu.so
7281cb84f000-7281cb952000 rw-p 00000000 00:00 0 
7281cb952000-7281cb957000 r--p 00000000 00:6a 10235850                   /home/ubuntu/.local/lib/python3.10/site-packages/sklearn/preprocessing/_target_encoder_fast.cpython-310-x86_64-linux-gnu.so
7281cb957000-7281cb9a3000 r-xp 00005000 00:6a 10235850                   /home/ubuntu/.local/lib/python3.10/site-packages/sklearn/preprocessing/_target_encoder_fast.cpython-310-x86_64-linux-gnu.so
7281cb9a3000-7281cb9aa000 r--p 00051000 00:6a 10235850                   /home/ubuntu/.local/lib/python3.10/site-packages/sklearn/preprocessing/_target_encoder_fast.cpython-310-x86_64-linux-gnu.so
7281cb9aa000-7281cb9ab000 ---p 00058000 00:6a 10235850                   /home/ubuntu/.local/lib/python3.10/site-packages/sklearn/preprocessing/_target_encoder_fast.cpython-310-x86_64-linux-gnu.so
7281cb9ab000-7281cb9ac000 r--p 00058000 00:6a 10235850                   /home/ubuntu/.local/lib/python3.10/site-packages/sklearn/preprocessing/_target_encoder_fast.cpython-310-x86_64-linux-gnu.so
7281cb9ac000-7281cb9ae000 rw-p 00059000 00:6a 10235850                   /home/ubuntu/.local/lib/python3.10/site-packages/sklearn/preprocessing/_target_encoder_fast.cpython-310-x86_64-linux-gnu.so
7281cb9ae000-7281cb9b3000 r--p 00000000 00:6a 10235841                   /home/ubuntu/.local/lib/python3.10/site-packages/sklearn/preprocessing/_csr_polynomial_expansion.cpython-310-x86_64-linux-gnu.so
7281cb9b3000-7281cb9f5000 r-xp 00005000 00:6a 10235841                   /home/ubuntu/.local/lib/python3.10/site-packages/sklearn/preprocessing/_csr_polynomial_expansion.cpython-310-x86_64-linux-gnu.so
7281cb9f5000-7281cb9fc000 r--p 00047000 00:6a 10235841                   /home/ubuntu/.local/lib/python3.10/site-packages/sklearn/preprocessing/_csr_polynomial_expansion.cpython-310-x86_64-linux-gnu.so
7281cb9fc000-7281cb9fd000 ---p 0004e000 00:6a 10235841                   /home/ubuntu/.local/lib/python3.10/site-packages/sklearn/preprocessing/_csr_polynomial_expansion.cpython-310-x86_64-linux-gnu.so
7281cb9fd000-7281cb9fe000 r--p 0004e000 00:6a 10235841                   /home/ubuntu/.local/lib/python3.10/site-packages/sklearn/preprocessing/_csr_polynomial_expansion.cpython-310-x86_64-linux-gnu.so
7281cb9fe000-7281cba00000 rw-p 0004f000 00:6a 10235841                   /home/ubuntu/.local/lib/python3.10/site-packages/sklearn/preprocessing/_csr_polynomial_expansion.cpython-310-x86_64-linux-gnu.so
7281cba00000-7281cba25000 r-xp 00000000 00:6a 10235043                   /home/ubuntu/.local/lib/python3.10/site-packages/scikit_learn.libs/libgomp-a34b3233.so.1.0.0
7281cba25000-7281cbc24000 ---p 00025000 00:6a 10235043                   /home/ubuntu/.local/lib/python3.10/site-packages/scikit_learn.libs/libgomp-a34b3233.so.1.0.0
7281cbc24000-7281cbc25000 r--p 00024000 00:6a 10235043                   /home/ubuntu/.local/lib/python3.10/site-packages/scikit_learn.libs/libgomp-a34b3233.so.1.0.0
7281cbc25000-7281cbc26000 rw-p 00025000 00:6a 10235043                   /home/ubuntu/.local/lib/python3.10/site-packages/scikit_learn.libs/libgomp-a34b3233.so.1.0.0
7281cbc26000-7281cbc2a000 rw-p 00026000 00:6a 10235043                   /home/ubuntu/.local/lib/python3.10/site-packages/scikit_learn.libs/libgomp-a34b3233.so.1.0.0
7281cbc2a000-7281cbc2e000 r--p 00000000 00:6a 10171567                   /home/ubuntu/.local/lib/python3.10/site-packages/wrapt/_wrappers.cpython-310-x86_64-linux-gnu.so
7281cbc2e000-7281cbc34000 r-xp 00004000 00:6a 10171567                   /home/ubuntu/.local/lib/python3.10/site-packages/wrapt/_wrappers.cpython-310-x86_64-linux-gnu.so
7281cbc34000-7281cbc37000 r--p 0000a000 00:6a 10171567                   /home/ubuntu/.local/lib/python3.10/site-packages/wrapt/_wrappers.cpython-310-x86_64-linux-gnu.so
7281cbc37000-7281cbc38000 r--p 0000c000 00:6a 10171567                   /home/ubuntu/.local/lib/python3.10/site-packages/wrapt/_wrappers.cpython-310-x86_64-linux-gnu.so
7281cbc38000-7281cbc3a000 rw-p 0000d000 00:6a 10171567                   /home/ubuntu/.local/lib/python3.10/site-packages/wrapt/_wrappers.cpython-310-x86_64-linux-gnu.so
7281cbc3a000-7281cbc3f000 r--p 00000000 00:6a 10235703                   /home/ubuntu/.local/lib/python3.10/site-packages/sklearn/metrics/_pairwise_distances_reduction/_argkmin.cpython-310-x86_64-linux-gnu.so
7281cbc3f000-7281cbc60000 r-xp 00005000 00:6a 10235703                   /home/ubuntu/.local/lib/python3.10/site-packages/sklearn/metrics/_pairwise_distances_reduction/_argkmin.cpython-310-x86_64-linux-gnu.so
7281cbc60000-7281cbc68000 r--p 00026000 00:6a 10235703                   /home/ubuntu/.local/lib/python3.10/site-packages/sklearn/metrics/_pairwise_distances_reduction/_argkmin.cpython-310-x86_64-linux-gnu.so
7281cbc68000-7281cbc69000 r--p 0002d000 00:6a 10235703                   /home/ubuntu/.local/lib/python3.10/site-packages/sklearn/metrics/_pairwise_distances_reduction/_argkmin.cpython-310-x86_64-linux-gnu.so
7281cbc69000-7281cbc6b000 rw-p 0002e000 00:6a 10235703                   /home/ubuntu/.local/lib/python3.10/site-packages/sklearn/metrics/_pairwise_distances_reduction/_argkmin.cpython-310-x86_64-linux-gnu.so
7281cbc6b000-7281cbc6c000 rw-p 00000000 00:00 0 
7281cbc6c000-7281cbc6e000 rw-p 0003f000 00:6a 10235703                   /home/ubuntu/.local/lib/python3.10/site-packages/sklearn/metrics/_pairwise_distances_reduction/_argkmin.cpython-310-x86_64-linux-gnu.so
7281cbc6e000-7281cbc6f000 rw-p 00041000 00:6a 10235703                   /home/ubuntu/.local/lib/python3.10/site-packages/sklearn/metrics/_pairwise_distances_reduction/_argkmin.cpython-310-x86_64-linux-gnu.so
7281cbc6f000-7281cbc73000 r--p 00000000 00:6a 10235743                   /home/ubuntu/.local/lib/python3.10/site-packages/sklearn/metrics/cluster/_expected_mutual_info_fast.cpython-310-x86_64-linux-gnu.so
7281cbc73000-7281cbc80000 r-xp 00004000 00:6a 10235743                   /home/ubuntu/.local/lib/python3.10/site-packages/sklearn/metrics/cluster/_expected_mutual_info_fast.cpython-310-x86_64-linux-gnu.so
7281cbc80000-7281cbc84000 r--p 00011000 00:6a 10235743                   /home/ubuntu/.local/lib/python3.10/site-packages/sklearn/metrics/cluster/_expected_mutual_info_fast.cpython-310-x86_64-linux-gnu.so
7281cbc84000-7281cbc85000 r--p 00014000 00:6a 10235743                   /home/ubuntu/.local/lib/python3.10/site-packages/sklearn/metrics/cluster/_expected_mutual_info_fast.cpython-310-x86_64-linux-gnu.so
7281cbc85000-7281cbc86000 rw-p 00015000 00:6a 10235743                   /home/ubuntu/.local/lib/python3.10/site-packages/sklearn/metrics/cluster/_expected_mutual_info_fast.cpython-310-x86_64-linux-gnu.so
7281cbc86000-7281cbc89000 r--p 00000000 00:6a 10235991                   /home/ubuntu/.local/lib/python3.10/site-packages/sklearn/utils/_openmp_helpers.cpython-310-x86_64-linux-gnu.so
7281cbc89000-7281cbc90000 r-xp 00003000 00:6a 10235991                   /home/ubuntu/.local/lib/python3.10/site-packages/sklearn/utils/_openmp_helpers.cpython-310-x86_64-linux-gnu.so
7281cbc90000-7281cbc92000 r--p 0000a000 00:6a 10235991                   /home/ubuntu/.local/lib/python3.10/site-packages/sklearn/utils/_openmp_helpers.cpython-310-x86_64-linux-gnu.so
7281cbc92000-7281cbc93000 ---p 0000c000 00:6a 10235991                   /home/ubuntu/.local/lib/python3.10/site-packages/sklearn/utils/_openmp_helpers.cpython-310-x86_64-linux-gnu.so
7281cbc93000-7281cbc94000 r--p 0000c000 00:6a 10235991                   /home/ubuntu/.local/lib/python3.10/site-packages/sklearn/utils/_openmp_helpers.cpython-310-x86_64-linux-gnu.so
7281cbc94000-7281cbc95000 rw-p 0000d000 00:6a 10235991                   /home/ubuntu/.local/lib/python3.10/site-packages/sklearn/utils/_openmp_helpers.cpython-310-x86_64-linux-gnu.so
7281cbc95000-7281cbc97000 rw-p 00012000 00:6a 10235991                   /home/ubuntu/.local/lib/python3.10/site-packages/sklearn/utils/_openmp_helpers.cpython-310-x86_64-linux-gnu.so
7281cbc97000-7281cbc98000 rw-p 00014000 00:6a 10235991                   /home/ubuntu/.local/lib/python3.10/site-packages/sklearn/utils/_openmp_helpers.cpython-310-x86_64-linux-gnu.so
7281cbc98000-7281cbd98000 rw-p 00000000 00:00 0 
7281cbd98000-7281cbd9d000 r--p 00000000 00:6a 10236043                   /home/ubuntu/.local/lib/python3.10/site-packages/sklearn/utils/sparsefuncs_fast.cpython-310-x86_64-linux-gnu.so
7281cbd9d000-7281cbe36000 r-xp 00005000 00:6a 10236043                   /home/ubuntu/.local/lib/python3.10/site-packages/sklearn/utils/sparsefuncs_fast.cpython-310-x86_64-linux-gnu.so
7281cbe36000-7281cbe42000 r--p 0009e000 00:6a 10236043                   /home/ubuntu/.local/lib/python3.10/site-packages/sklearn/utils/sparsefuncs_fast.cpython-310-x86_64-linux-gnu.so
7281cbe42000-7281cbe44000 r--p 000a9000 00:6a 10236043                   /home/ubuntu/.local/lib/python3.10/site-packages/sklearn/utils/sparsefuncs_fast.cpython-310-x86_64-linux-gnu.so
7281cbe44000-7281cbe46000 rw-p 000ab000 00:6a 10236043                   /home/ubuntu/.local/lib/python3.10/site-packages/sklearn/utils/sparsefuncs_fast.cpython-310-x86_64-linux-gnu.so
7281cbe46000-7281cbe47000 rw-p 00000000 00:00 0 
7281cbe47000-7281cbe4c000 r--p 00000000 00:6a 10235048                   /home/ubuntu/.local/lib/python3.10/site-packages/sklearn/_cyutility.cpython-310-x86_64-linux-gnu.so
7281cbe4c000-7281cbe69000 r-xp 00005000 00:6a 10235048                   /home/ubuntu/.local/lib/python3.10/site-packages/sklearn/_cyutility.cpython-310-x86_64-linux-gnu.so
7281cbe69000-7281cbe6f000 r--p 00022000 00:6a 10235048                   /home/ubuntu/.local/lib/python3.10/site-packages/sklearn/_cyutility.cpython-310-x86_64-linux-gnu.so
7281cbe6f000-7281cbe70000 ---p 00028000 00:6a 10235048                   /home/ubuntu/.local/lib/python3.10/site-packages/sklearn/_cyutility.cpython-310-x86_64-linux-gnu.so
7281cbe70000-7281cbe71000 r--p 00028000 00:6a 10235048                   /home/ubuntu/.local/lib/python3.10/site-packages/sklearn/_cyutility.cpython-310-x86_64-linux-gnu.so
7281cbe71000-7281cbe73000 rw-p 00029000 00:6a 10235048                   /home/ubuntu/.local/lib/python3.10/site-packages/sklearn/_cyutility.cpython-310-x86_64-linux-gnu.so
7281cbe73000-7281cbf73000 rw-p 00000000 00:00 0 
7281cbf73000-7281cbf7d000 r--p 00000000 00:6a 10229399                   /home/ubuntu/.local/lib/python3.10/site-packages/pandas/_libs/parsers.cpython-310-x86_64-linux-gnu.so
7281cbf7d000-7281cbfeb000 r-xp 0000a000 00:6a 10229399                   /home/ubuntu/.local/lib/python3.10/site-packages/pandas/_libs/parsers.cpython-310-x86_64-linux-gnu.so
7281cbfeb000-7281cbff8000 r--p 00078000 00:6a 10229399                   /home/ubuntu/.local/lib/python3.10/site-packages/pandas/_libs/parsers.cpython-310-x86_64-linux-gnu.so
7281cbff8000-7281cbffb000 r--p 00084000 00:6a 10229399                   /home/ubuntu/.local/lib/python3.10/site-packages/pandas/_libs/parsers.cpython-310-x86_64-linux-gnu.so
7281cbffb000-7281cbffe000 rw-p 00087000 00:6a 10229399                   /home/ubuntu/.local/lib/python3.10/site-packages/pandas/_libs/parsers.cpython-310-x86_64-linux-gnu.so
7281cbffe000-7281cc000000 rw-p 00000000 00:00 0 
7281cc000000-7281cc021000 rw-p 00000000 00:00 0 
7281cc021000-7281d0000000 ---p 00000000 00:00 0 
7281d0001000-7281d0005000 r--p 00000000 00:6a 10236036                   /home/ubuntu/.local/lib/python3.10/site-packages/sklearn/utils/murmurhash.cpython-310-x86_64-linux-gnu.so
7281d0005000-7281d0017000 r-xp 00004000 00:6a 10236036                   /home/ubuntu/.local/lib/python3.10/site-packages/sklearn/utils/murmurhash.cpython-310-x86_64-linux-gnu.so
7281d0017000-7281d001c000 r--p 00016000 00:6a 10236036                   /home/ubuntu/.local/lib/python3.10/site-packages/sklearn/utils/murmurhash.cpython-310-x86_64-linux-gnu.so
7281d001c000-7281d001d000 ---p 0001b000 00:6a 10236036                   /home/ubuntu/.local/lib/python3.10/site-packages/sklearn/utils/murmurhash.cpython-310-x86_64-linux-gnu.so
7281d001d000-7281d001e000 r--p 0001b000 00:6a 10236036                   /home/ubuntu/.local/lib/python3.10/site-packages/sklearn/utils/murmurhash.cpython-310-x86_64-linux-gnu.so
7281d001e000-7281d001f000 rw-p 0001c000 00:6a 10236036                   /home/ubuntu/.local/lib/python3.10/site-packages/sklearn/utils/murmurhash.cpython-310-x86_64-linux-gnu.so
7281d001f000-7281d0023000 r--p 00000000 00:6a 10235985                   /home/ubuntu/.local/lib/python3.10/site-packages/sklearn/utils/_isfinite.cpython-310-x86_64-linux-gnu.so
7281d0023000-7281d0031000 r-xp 00004000 00:6a 10235985                   /home/ubuntu/.local/lib/python3.10/site-packages/sklearn/utils/_isfinite.cpython-310-x86_64-linux-gnu.so
7281d0031000-7281d0035000 r--p 00012000 00:6a 10235985                   /home/ubuntu/.local/lib/python3.10/site-packages/sklearn/utils/_isfinite.cpython-310-x86_64-linux-gnu.so
7281d0035000-7281d0036000 ---p 00016000 00:6a 10235985                   /home/ubuntu/.local/lib/python3.10/site-packages/sklearn/utils/_isfinite.cpython-310-x86_64-linux-gnu.so
7281d0036000-7281d0037000 r--p 00016000 00:6a 10235985                   /home/ubuntu/.local/lib/python3.10/site-packages/sklearn/utils/_isfinite.cpython-310-x86_64-linux-gnu.so
7281d0037000-7281d0038000 rw-p 00017000 00:6a 10235985                   /home/ubuntu/.local/lib/python3.10/site-packages/sklearn/utils/_isfinite.cpython-310-x86_64-linux-gnu.so
7281d0038000-7281d0039000 rw-p 00000000 00:00 0 
7281d0039000-7281d003d000 r--p 00000000 00:6a 10229409                   /home/ubuntu/.local/lib/python3.10/site-packages/pandas/_libs/testing.cpython-310-x86_64-linux-gnu.so
7281d003d000-7281d0051000 r-xp 00004000 00:6a 10229409                   /home/ubuntu/.local/lib/python3.10/site-packages/pandas/_libs/testing.cpython-310-x86_64-linux-gnu.so
7281d0051000-7281d0054000 r--p 00018000 00:6a 10229409                   /home/ubuntu/.local/lib/python3.10/site-packages/pandas/_libs/testing.cpython-310-x86_64-linux-gnu.so
7281d0054000-7281d0055000 r--p 0001b000 00:6a 10229409                   /home/ubuntu/.local/lib/python3.10/site-packages/pandas/_libs/testing.cpython-310-x86_64-linux-gnu.so
7281d0055000-7281d0056000 rw-p 0001c000 00:6a 10229409                   /home/ubuntu/.local/lib/python3.10/site-packages/pandas/_libs/testing.cpython-310-x86_64-linux-gnu.so
7281d0056000-7281d0058000 r--p 00000000 00:6a 10229387                   /home/ubuntu/.local/lib/python3.10/site-packages/pandas/_libs/json.cpython-310-x86_64-linux-gnu.so
7281d0058000-7281d0061000 r-xp 00002000 00:6a 10229387                   /home/ubuntu/.local/lib/python3.10/site-packages/pandas/_libs/json.cpython-310-x86_64-linux-gnu.so
7281d0061000-7281d0064000 r--p 0000b000 00:6a 10229387                   /home/ubuntu/.local/lib/python3.10/site-packages/pandas/_libs/json.cpython-310-x86_64-linux-gnu.so
7281d0064000-7281d0065000 r--p 0000e000 00:6a 10229387                   /home/ubuntu/.local/lib/python3.10/site-packages/pandas/_libs/json.cpython-310-x86_64-linux-gnu.so
7281d0065000-7281d0066000 rw-p 0000f000 00:6a 10229387                   /home/ubuntu/.local/lib/python3.10/site-packages/pandas/_libs/json.cpython-310-x86_64-linux-gnu.so
7281d0066000-7281d0266000 rw-p 00000000 00:00 0 
7281d0266000-7281d0272000 r--p 00000000 00:6a 10229371                   /home/ubuntu/.local/lib/python3.10/site-packages/pandas/_libs/groupby.cpython-310-x86_64-linux-gnu.so
7281d0272000-7281d04c2000 r-xp 0000c000 00:6a 10229371                   /home/ubuntu/.local/lib/python3.10/site-packages/pandas/_libs/groupby.cpython-310-x86_64-linux-gnu.so
7281d04c2000-7281d04df000 r--p 0025c000 00:6a 10229371                   /home/ubuntu/.local/lib/python3.10/site-packages/pandas/_libs/groupby.cpython-310-x86_64-linux-gnu.so
7281d04df000-7281d04e2000 r--p 00279000 00:6a 10229371                   /home/ubuntu/.local/lib/python3.10/site-packages/pandas/_libs/groupby.cpython-310-x86_64-linux-gnu.so
7281d04e2000-7281d04e8000 rw-p 0027c000 00:6a 10229371                   /home/ubuntu/.local/lib/python3.10/site-packages/pandas/_libs/groupby.cpython-310-x86_64-linux-gnu.so
7281d04e8000-7281d04ec000 rw-p 00000000 00:00 0 
7281d04ec000-7281d04f3000 r--p 00000000 00:6a 10229403                   /home/ubuntu/.local/lib/python3.10/site-packages/pandas/_libs/reshape.cpython-310-x86_64-linux-gnu.so
7281d04f3000-7281d052c000 r-xp 00007000 00:6a 10229403                   /home/ubuntu/.local/lib/python3.10/site-packages/pandas/_libs/reshape.cpython-310-x86_64-linux-gnu.so
7281d052c000-7281d0535000 r--p 00040000 00:6a 10229403                   /home/ubuntu/.local/lib/python3.10/site-packages/pandas/_libs/reshape.cpython-310-x86_64-linux-gnu.so
7281d0535000-7281d0537000 r--p 00048000 00:6a 10229403                   /home/ubuntu/.local/lib/python3.10/site-packages/pandas/_libs/reshape.cpython-310-x86_64-linux-gnu.so
7281d0537000-7281d0539000 rw-p 0004a000 00:6a 10229403                   /home/ubuntu/.local/lib/python3.10/site-packages/pandas/_libs/reshape.cpython-310-x86_64-linux-gnu.so
7281d0539000-7281d053a000 rw-p 00000000 00:00 0 
7281d053a000-7281d0540000 r--p 00000000 00:6a 10229452                   /home/ubuntu/.local/lib/python3.10/site-packages/pandas/_libs/window/indexers.cpython-310-x86_64-linux-gnu.so
7281d0540000-7281d0563000 r-xp 00006000 00:6a 10229452                   /home/ubuntu/.local/lib/python3.10/site-packages/pandas/_libs/window/indexers.cpython-310-x86_64-linux-gnu.so
7281d0563000-7281d056a000 r--p 00029000 00:6a 10229452                   /home/ubuntu/.local/lib/python3.10/site-packages/pandas/_libs/window/indexers.cpython-310-x86_64-linux-gnu.so
7281d056a000-7281d056b000 r--p 00030000 00:6a 10229452                   /home/ubuntu/.local/lib/python3.10/site-packages/pandas/_libs/window/indexers.cpython-310-x86_64-linux-gnu.so
7281d056b000-7281d056d000 rw-p 00031000 00:6a 10229452                   /home/ubuntu/.local/lib/python3.10/site-packages/pandas/_libs/window/indexers.cpython-310-x86_64-linux-gnu.so
7281d056d000-7281d056e000 rw-p 00000000 00:00 0 
7281d056e000-7281d0576000 r--p 00000000 00:6a 10229450                   /home/ubuntu/.local/lib/python3.10/site-packages/pandas/_libs/window/aggregations.cpython-310-x86_64-linux-gnu.so
7281d0576000-7281d05c5000 r-xp 00008000 00:6a 10229450                   /home/ubuntu/.local/lib/python3.10/site-packages/pandas/_libs/window/aggregations.cpython-310-x86_64-linux-gnu.so
7281d05c5000-7281d05cf000 r--p 00057000 00:6a 10229450                   /home/ubuntu/.local/lib/python3.10/site-packages/pandas/_libs/window/aggregations.cpython-310-x86_64-linux-gnu.so
7281d05cf000-7281d05d1000 r--p 00061000 00:6a 10229450                   /home/ubuntu/.local/lib/python3.10/site-packages/pandas/_libs/window/aggregations.cpython-310-x86_64-linux-gnu.so
7281d05d1000-7281d05d3000 rw-p 00063000 00:6a 10229450                   /home/ubuntu/.local/lib/python3.10/site-packages/pandas/_libs/window/aggregations.cpython-310-x86_64-linux-gnu.so
7281d05d3000-7281d07d4000 rw-p 00000000 00:00 0 
7281d07d4000-7281d07dc000 r--p 00000000 00:6a 10229385                   /home/ubuntu/.local/lib/python3.10/site-packages/pandas/_libs/join.cpython-310-x86_64-linux-gnu.so
7281d07dc000-7281d091e000 r-xp 00008000 00:6a 10229385                   /home/ubuntu/.local/lib/python3.10/site-packages/pandas/_libs/join.cpython-310-x86_64-linux-gnu.so
7281d091e000-7281d092c000 r--p 0014a000 00:6a 10229385                   /home/ubuntu/.local/lib/python3.10/site-packages/pandas/_libs/join.cpython-310-x86_64-linux-gnu.so
7281d092c000-7281d092e000 r--p 00157000 00:6a 10229385                   /home/ubuntu/.local/lib/python3.10/site-packages/pandas/_libs/join.cpython-310-x86_64-linux-gnu.so
7281d092e000-7281d0931000 rw-p 00159000 00:6a 10229385                   /home/ubuntu/.local/lib/python3.10/site-packages/pandas/_libs/join.cpython-310-x86_64-linux-gnu.so
7281d0931000-7281d0933000 rw-p 00000000 00:00 0 
7281d0933000-7281d0939000 r--p 00000000 00:6a 10229413                   /home/ubuntu/.local/lib/python3.10/site-packages/pandas/_libs/writers.cpython-310-x86_64-linux-gnu.so
7281d0939000-7281d0964000 r-xp 00006000 00:6a 10229413                   /home/ubuntu/.local/lib/python3.10/site-packages/pandas/_libs/writers.cpython-310-x86_64-linux-gnu.so
7281d0964000-7281d096c000 r--p 00031000 00:6a 10229413                   /home/ubuntu/.local/lib/python3.10/site-packages/pandas/_libs/writers.cpython-310-x86_64-linux-gnu.so
7281d096c000-7281d096e000 r--p 00038000 00:6a 10229413                   /home/ubuntu/.local/lib/python3.10/site-packages/pandas/_libs/writers.cpython-310-x86_64-linux-gnu.so
7281d096e000-7281d0970000 rw-p 0003a000 00:6a 10229413                   /home/ubuntu/.local/lib/python3.10/site-packages/pandas/_libs/writers.cpython-310-x86_64-linux-gnu.so
7281d0970000-7281d0971000 rw-p 00000000 00:00 0 
7281d0971000-7281d097e000 r--p 00000000 00:6a 10229377                   /home/ubuntu/.local/lib/python3.10/site-packages/pandas/_libs/index.cpython-310-x86_64-linux-gnu.so
7281d097e000-7281d0a28000 r-xp 0000d000 00:6a 10229377                   /home/ubuntu/.local/lib/python3.10/site-packages/pandas/_libs/index.cpython-310-x86_64-linux-gnu.so
7281d0a28000-7281d0a40000 r--p 000b7000 00:6a 10229377                   /home/ubuntu/.local/lib/python3.10/site-packages/pandas/_libs/index.cpython-310-x86_64-linux-gnu.so
7281d0a40000-7281d0a43000 r--p 000ce000 00:6a 10229377                   /home/ubuntu/.local/lib/python3.10/site-packages/pandas/_libs/index.cpython-310-x86_64-linux-gnu.so
7281d0a43000-7281d0a4b000 rw-p 000d1000 00:6a 10229377                   /home/ubuntu/.local/lib/python3.10/site-packages/pandas/_libs/index.cpython-310-x86_64-linux-gnu.so
7281d0a4b000-7281d0b4f000 rw-p 00000000 00:00 0 
7281d0b4f000-7281d0b57000 r--p 00000000 00:6a 10229381                   /home/ubuntu/.local/lib/python3.10/site-packages/pandas/_libs/internals.cpython-310-x86_64-linux-gnu.so
7281d0b57000-7281d0ba1000 r-xp 00008000 00:6a 10229381                   /home/ubuntu/.local/lib/python3.10/site-packages/pandas/_libs/internals.cpython-310-x86_64-linux-gnu.so
7281d0ba1000-7281d0bad000 r--p 00052000 00:6a 10229381                   /home/ubuntu/.local/lib/python3.10/site-packages/pandas/_libs/internals.cpython-310-x86_64-linux-gnu.so
7281d0bad000-7281d0baf000 r--p 0005d000 00:6a 10229381                   /home/ubuntu/.local/lib/python3.10/site-packages/pandas/_libs/internals.cpython-310-x86_64-linux-gnu.so
7281d0baf000-7281d0bb2000 rw-p 0005f000 00:6a 10229381                   /home/ubuntu/.local/lib/python3.10/site-packages/pandas/_libs/internals.cpython-310-x86_64-linux-gnu.so
7281d0bb2000-7281d0cb4000 rw-p 00000000 00:00 0 
7281d0cb4000-7281d0cbc000 r--p 00000000 00:6a 10229407                   /home/ubuntu/.local/lib/python3.10/site-packages/pandas/_libs/sparse.cpython-310-x86_64-linux-gnu.so
7281d0cbc000-7281d0d96000 r-xp 00008000 00:6a 10229407                   /home/ubuntu/.local/lib/python3.10/site-packages/pandas/_libs/sparse.cpython-310-x86_64-linux-gnu.so
7281d0d96000-7281d0da3000 r--p 000e2000 00:6a 10229407                   /home/ubuntu/.local/lib/python3.10/site-packages/pandas/_libs/sparse.cpython-310-x86_64-linux-gnu.so
7281d0da3000-7281d0da5000 r--p 000ef000 00:6a 10229407                   /home/ubuntu/.local/lib/python3.10/site-packages/pandas/_libs/sparse.cpython-310-x86_64-linux-gnu.so
7281d0da5000-7281d0da8000 rw-p 000f1000 00:6a 10229407                   /home/ubuntu/.local/lib/python3.10/site-packages/pandas/_libs/sparse.cpython-310-x86_64-linux-gnu.so
7281d0da8000-7281d0daa000 rw-p 00000000 00:00 0 
7281d0daa000-7281d0db1000 r--p 00000000 00:6a 10229411                   /home/ubuntu/.local/lib/python3.10/site-packages/pandas/_libs/tslib.cpython-310-x86_64-linux-gnu.so
7281d0db1000-7281d0def000 r-xp 00007000 00:6a 10229411                   /home/ubuntu/.local/lib/python3.10/site-packages/pandas/_libs/tslib.cpython-310-x86_64-linux-gnu.so
7281d0def000-7281d0df9000 r--p 00045000 00:6a 10229411                   /home/ubuntu/.local/lib/python3.10/site-packages/pandas/_libs/tslib.cpython-310-x86_64-linux-gnu.so
7281d0df9000-7281d0dfb000 r--p 0004e000 00:6a 10229411                   /home/ubuntu/.local/lib/python3.10/site-packages/pandas/_libs/tslib.cpython-310-x86_64-linux-gnu.so
7281d0dfb000-7281d0dfd000 rw-p 00050000 00:6a 10229411                   /home/ubuntu/.local/lib/python3.10/site-packages/pandas/_libs/tslib.cpython-310-x86_64-linux-gnu.so
7281d0dfd000-7281d0efe000 rw-p 00000000 00:00 0 
7281d0efe000-7281d0f04000 r--p 00000000 00:6a 10229373                   /home/ubuntu/.local/lib/python3.10/site-packages/pandas/_libs/hashing.cpython-310-x86_64-linux-gnu.so
7281d0f04000-7281d0f28000 r-xp 00006000 00:6a 10229373                   /home/ubuntu/.local/lib/python3.10/site-packages/pandas/_libs/hashing.cpython-310-x86_64-linux-gnu.so
7281d0f28000-7281d0f2f000 r--p 0002a000 00:6a 10229373                   /home/ubuntu/.local/lib/python3.10/site-packages/pandas/_libs/hashing.cpython-310-x86_64-linux-gnu.so
7281d0f2f000-7281d0f30000 r--p 00031000 00:6a 10229373                   /home/ubuntu/.local/lib/python3.10/site-packages/pandas/_libs/hashing.cpython-310-x86_64-linux-gnu.so
7281d0f30000-7281d0f32000 rw-p 00032000 00:6a 10229373                   /home/ubuntu/.local/lib/python3.10/site-packages/pandas/_libs/hashing.cpython-310-x86_64-linux-gnu.so
7281d0f32000-7281d0f33000 rw-p 00000000 00:00 0 
7281d0f33000-7281d0f39000 r--p 00000000 00:6a 10229393                   /home/ubuntu/.local/lib/python3.10/site-packages/pandas/_libs/ops.cpython-310-x86_64-linux-gnu.so
7281d0f39000-7281d0f67000 r-xp 00006000 00:6a 10229393                   /home/ubuntu/.local/lib/python3.10/site-packages/pandas/_libs/ops.cpython-310-x86_64-linux-gnu.so
7281d0f67000-7281d0f6f000 r--p 00034000 00:6a 10229393                   /home/ubuntu/.local/lib/python3.10/site-packages/pandas/_libs/ops.cpython-310-x86_64-linux-gnu.so
7281d0f6f000-7281d0f71000 r--p 0003b000 00:6a 10229393                   /home/ubuntu/.local/lib/python3.10/site-packages/pandas/_libs/ops.cpython-310-x86_64-linux-gnu.so
7281d0f71000-7281d0f73000 rw-p 0003d000 00:6a 10229393                   /home/ubuntu/.local/lib/python3.10/site-packages/pandas/_libs/ops.cpython-310-x86_64-linux-gnu.so
7281d0f73000-7281d1174000 rw-p 00000000 00:00 0 
7281d1174000-7281d11a8000 r--p 00000000 00:6a 10173737                   /home/ubuntu/.local/lib/python3.10/site-packages/pyarrow/_compute.cpython-310-x86_64-linux-gnu.so
7281d11a8000-7281d1238000 r-xp 00034000 00:6a 10173737                   /home/ubuntu/.local/lib/python3.10/site-packages/pyarrow/_compute.cpython-310-x86_64-linux-gnu.so
7281d1238000-7281d1267000 r--p 000c4000 00:6a 10173737                   /home/ubuntu/.local/lib/python3.10/site-packages/pyarrow/_compute.cpython-310-x86_64-linux-gnu.so
7281d1267000-7281d126d000 r--p 000f3000 00:6a 10173737                   /home/ubuntu/.local/lib/python3.10/site-packages/pyarrow/_compute.cpython-310-x86_64-linux-gnu.so
7281d126d000-7281d127a000 rw-p 000f9000 00:6a 10173737                   /home/ubuntu/.local/lib/python3.10/site-packages/pyarrow/_compute.cpython-310-x86_64-linux-gnu.so
7281d127a000-7281d127e000 rw-p 00000000 00:00 0 
7281d127e000-7281d128a000 r--p 00000000 00:6a 10229389                   /home/ubuntu/.local/lib/python3.10/site-packages/pandas/_libs/lib.cpython-310-x86_64-linux-gnu.so
7281d128a000-7281d1330000 r-xp 0000c000 00:6a 10229389                   /home/ubuntu/.local/lib/python3.10/site-packages/pandas/_libs/lib.cpython-310-x86_64-linux-gnu.so
7281d1330000-7281d1349000 r--p 000b2000 00:6a 10229389                   /home/ubuntu/.local/lib/python3.10/site-packages/pandas/_libs/lib.cpython-310-x86_64-linux-gnu.so
7281d1349000-7281d134d000 r--p 000ca000 00:6a 10229389                   /home/ubuntu/.local/lib/python3.10/site-packages/pandas/_libs/lib.cpython-310-x86_64-linux-gnu.so
7281d134d000-7281d1353000 rw-p 000ce000 00:6a 10229389                   /home/ubuntu/.local/lib/python3.10/site-packages/pandas/_libs/lib.cpython-310-x86_64-linux-gnu.so
7281d1353000-7281d1355000 rw-p 00000000 00:00 0 
7281d1355000-7281d1361000 r--p 00000000 00:6a 10229365                   /home/ubuntu/.local/lib/python3.10/site-packages/pandas/_libs/algos.cpython-310-x86_64-linux-gnu.so
7281d1361000-7281d1545000 r-xp 0000c000 00:6a 10229365                   /home/ubuntu/.local/lib/python3.10/site-packages/pandas/_libs/algos.cpython-310-x86_64-linux-gnu.so
7281d1545000-7281d1562000 r--p 001f0000 00:6a 10229365                   /home/ubuntu/.local/lib/python3.10/site-packages/pandas/_libs/algos.cpython-310-x86_64-linux-gnu.so
7281d1562000-7281d1565000 r--p 0020d000 00:6a 10229365                   /home/ubuntu/.local/lib/python3.10/site-packages/pandas/_libs/algos.cpython-310-x86_64-linux-gnu.so
7281d1565000-7281d1569000 rw-p 00210000 00:6a 10229365                   /home/ubuntu/.local/lib/python3.10/site-packages/pandas/_libs/algos.cpython-310-x86_64-linux-gnu.so
7281d1569000-7281d166e000 rw-p 00000000 00:00 0 
7281d166e000-7281d1674000 r--p 00000000 00:6a 10229446                   /home/ubuntu/.local/lib/python3.10/site-packages/pandas/_libs/tslibs/vectorized.cpython-310-x86_64-linux-gnu.so
7281d1674000-7281d169e000 r-xp 00006000 00:6a 10229446                   /home/ubuntu/.local/lib/python3.10/site-packages/pandas/_libs/tslibs/vectorized.cpython-310-x86_64-linux-gnu.so
7281d169e000-7281d16a6000 r--p 00030000 00:6a 10229446                   /home/ubuntu/.local/lib/python3.10/site-packages/pandas/_libs/tslibs/vectorized.cpython-310-x86_64-linux-gnu.so
7281d16a6000-7281d16a7000 r--p 00038000 00:6a 10229446                   /home/ubuntu/.local/lib/python3.10/site-packages/pandas/_libs/tslibs/vectorized.cpython-310-x86_64-linux-gnu.so
7281d16a7000-7281d16a9000 rw-p 00039000 00:6a 10229446                   /home/ubuntu/.local/lib/python3.10/site-packages/pandas/_libs/tslibs/vectorized.cpython-310-x86_64-linux-gnu.so
7281d16a9000-7281d16aa000 rw-p 00000000 00:00 0 
7281d16aa000-7281d16b3000 r--p 00000000 00:6a 10229434                   /home/ubuntu/.local/lib/python3.10/site-packages/pandas/_libs/tslibs/period.cpython-310-x86_64-linux-gnu.so
7281d16b3000-7281d1709000 r-xp 00009000 00:6a 10229434                   /home/ubuntu/.local/lib/python3.10/site-packages/pandas/_libs/tslibs/period.cpython-310-x86_64-linux-gnu.so
7281d1709000-7281d1722000 r--p 0005f000 00:6a 10229434                   /home/ubuntu/.local/lib/python3.10/site-packages/pandas/_libs/tslibs/period.cpython-310-x86_64-linux-gnu.so
7281d1722000-7281d1725000 r--p 00077000 00:6a 10229434                   /home/ubuntu/.local/lib/python3.10/site-packages/pandas/_libs/tslibs/period.cpython-310-x86_64-linux-gnu.so
7281d1725000-7281d1728000 rw-p 0007a000 00:6a 10229434                   /home/ubuntu/.local/lib/python3.10/site-packages/pandas/_libs/tslibs/period.cpython-310-x86_64-linux-gnu.so
7281d1728000-7281d1729000 rw-p 00000000 00:00 0 
7281d1729000-7281d1731000 r--p 00000000 00:6a 10229436                   /home/ubuntu/.local/lib/python3.10/site-packages/pandas/_libs/tslibs/strptime.cpython-310-x86_64-linux-gnu.so
7281d1731000-7281d1779000 r-xp 00008000 00:6a 10229436                   /home/ubuntu/.local/lib/python3.10/site-packages/pandas/_libs/tslibs/strptime.cpython-310-x86_64-linux-gnu.so
7281d1779000-7281d1783000 r--p 00050000 00:6a 10229436                   /home/ubuntu/.local/lib/python3.10/site-packages/pandas/_libs/tslibs/strptime.cpython-310-x86_64-linux-gnu.so
7281d1783000-7281d1785000 r--p 0005a000 00:6a 10229436                   /home/ubuntu/.local/lib/python3.10/site-packages/pandas/_libs/tslibs/strptime.cpython-310-x86_64-linux-gnu.so
7281d1785000-7281d1787000 rw-p 0005c000 00:6a 10229436                   /home/ubuntu/.local/lib/python3.10/site-packages/pandas/_libs/tslibs/strptime.cpython-310-x86_64-linux-gnu.so
7281d1787000-7281d1789000 rw-p 00000000 00:00 0 
7281d1789000-7281d1792000 r--p 00000000 00:6a 10229432                   /home/ubuntu/.local/lib/python3.10/site-packages/pandas/_libs/tslibs/parsing.cpython-310-x86_64-linux-gnu.so
7281d1792000-7281d17e3000 r-xp 00009000 00:6a 10229432                   /home/ubuntu/.local/lib/python3.10/site-packages/pandas/_libs/tslibs/parsing.cpython-310-x86_64-linux-gnu.so
7281d17e3000-7281d17f0000 r--p 0005a000 00:6a 10229432                   /home/ubuntu/.local/lib/python3.10/site-packages/pandas/_libs/tslibs/parsing.cpython-310-x86_64-linux-gnu.so
7281d17f0000-7281d17f2000 r--p 00067000 00:6a 10229432                   /home/ubuntu/.local/lib/python3.10/site-packages/pandas/_libs/tslibs/parsing.cpython-310-x86_64-linux-gnu.so
7281d17f2000-7281d17f5000 rw-p 00069000 00:6a 10229432                   /home/ubuntu/.local/lib/python3.10/site-packages/pandas/_libs/tslibs/parsing.cpython-310-x86_64-linux-gnu.so
7281d17f5000-7281d17f6000 rw-p 00000000 00:00 0 
7281d17f6000-7281d17fd000 r--p 00000000 00:6a 10229444                   /home/ubuntu/.local/lib/python3.10/site-packages/pandas/_libs/tslibs/tzconversion.cpython-310-x86_64-linux-gnu.so
7281d17fd000-7281d183a000 r-xp 00007000 00:6a 10229444                   /home/ubuntu/.local/lib/python3.10/site-packages/pandas/_libs/tslibs/tzconversion.cpython-310-x86_64-linux-gnu.so
7281d183a000-7281d1843000 r--p 00044000 00:6a 10229444                   /home/ubuntu/.local/lib/python3.10/site-packages/pandas/_libs/tslibs/tzconversion.cpython-310-x86_64-linux-gnu.so
7281d1843000-7281d1845000 r--p 0004d000 00:6a 10229444                   /home/ubuntu/.local/lib/python3.10/site-packages/pandas/_libs/tslibs/tzconversion.cpython-310-x86_64-linux-gnu.so
7281d1845000-7281d1847000 rw-p 0004f000 00:6a 10229444                   /home/ubuntu/.local/lib/python3.10/site-packages/pandas/_libs/tslibs/tzconversion.cpython-310-x86_64-linux-gnu.so
7281d1847000-7281d1848000 rw-p 00000000 00:00 0 
7281d1848000-7281d184f000 r--p 00000000 00:6a 10229424                   /home/ubuntu/.local/lib/python3.10/site-packages/pandas/_libs/tslibs/fields.cpython-310-x86_64-linux-gnu.so
7281d184f000-7281d188d000 r-xp 00007000 00:6a 10229424                   /home/ubuntu/.local/lib/python3.10/site-packages/pandas/_libs/tslibs/fields.cpython-310-x86_64-linux-gnu.so
7281d188d000-7281d1897000 r--p 00045000 00:6a 10229424                   /home/ubuntu/.local/lib/python3.10/site-packages/pandas/_libs/tslibs/fields.cpython-310-x86_64-linux-gnu.so
7281d1897000-7281d1899000 r--p 0004e000 00:6a 10229424                   /home/ubuntu/.local/lib/python3.10/site-packages/pandas/_libs/tslibs/fields.cpython-310-x86_64-linux-gnu.so
7281d1899000-7281d189b000 rw-p 00050000 00:6a 10229424                   /home/ubuntu/.local/lib/python3.10/site-packages/pandas/_libs/tslibs/fields.cpython-310-x86_64-linux-gnu.so
7281d189b000-7281d1b9c000 rw-p 00000000 00:00 0 
7281d1b9c000-7281d1ba2000 r--p 00000000 00:6a 10229442                   /home/ubuntu/.local/lib/python3.10/site-packages/pandas/_libs/tslibs/timezones.cpython-310-x86_64-linux-gnu.so
7281d1ba2000-7281d1bd4000 r-xp 00006000 00:6a 10229442                   /home/ubuntu/.local/lib/python3.10/site-packages/pandas/_libs/tslibs/timezones.cpython-310-x86_64-linux-gnu.so
7281d1bd4000-7281d1bdd000 r--p 00038000 00:6a 10229442                   /home/ubuntu/.local/lib/python3.10/site-packages/pandas/_libs/tslibs/timezones.cpython-310-x86_64-linux-gnu.so
7281d1bdd000-7281d1bdf000 r--p 00040000 00:6a 10229442                   /home/ubuntu/.local/lib/python3.10/site-packages/pandas/_libs/tslibs/timezones.cpython-310-x86_64-linux-gnu.so
7281d1bdf000-7281d1be1000 rw-p 00042000 00:6a 10229442                   /home/ubuntu/.local/lib/python3.10/site-packages/pandas/_libs/tslibs/timezones.cpython-310-x86_64-linux-gnu.so
7281d1be1000-7281d1be2000 rw-p 00000000 00:00 0 
7281d1be2000-7281d1bec000 r--p 00000000 00:6a 10229438                   /home/ubuntu/.local/lib/python3.10/site-packages/pandas/_libs/tslibs/timedeltas.cpython-310-x86_64-linux-gnu.so
7281d1bec000-7281d1c5a000 r-xp 0000a000 00:6a 10229438                   /home/ubuntu/.local/lib/python3.10/site-packages/pandas/_libs/tslibs/timedeltas.cpython-310-x86_64-linux-gnu.so
7281d1c5a000-7281d1c6f000 r--p 00078000 00:6a 10229438                   /home/ubuntu/.local/lib/python3.10/site-packages/pandas/_libs/tslibs/timedeltas.cpython-310-x86_64-linux-gnu.so
7281d1c6f000-7281d1c72000 r--p 0008c000 00:6a 10229438                   /home/ubuntu/.local/lib/python3.10/site-packages/pandas/_libs/tslibs/timedeltas.cpython-310-x86_64-linux-gnu.so
7281d1c72000-7281d1c75000 rw-p 0008f000 00:6a 10229438                   /home/ubuntu/.local/lib/python3.10/site-packages/pandas/_libs/tslibs/timedeltas.cpython-310-x86_64-linux-gnu.so
7281d1c75000-7281d1c77000 rw-p 00000000 00:00 0 
7281d1c78000-7281d2178000 rw-p 00000000 00:00 0 
7281d2178000-7281d218d000 r--p 00000000 00:6a 10229375                   /home/ubuntu/.local/lib/python3.10/site-packages/pandas/_libs/hashtable.cpython-310-x86_64-linux-gnu.so
7281d218d000-7281d2356000 r-xp 00015000 00:6a 10229375                   /home/ubuntu/.local/lib/python3.10/site-packages/pandas/_libs/hashtable.cpython-310-x86_64-linux-gnu.so
7281d2356000-7281d238d000 r--p 001de000 00:6a 10229375                   /home/ubuntu/.local/lib/python3.10/site-packages/pandas/_libs/hashtable.cpython-310-x86_64-linux-gnu.so
7281d238d000-7281d2392000 r--p 00215000 00:6a 10229375                   /home/ubuntu/.local/lib/python3.10/site-packages/pandas/_libs/hashtable.cpython-310-x86_64-linux-gnu.so
7281d2392000-7281d239f000 rw-p 0021a000 00:6a 10229375                   /home/ubuntu/.local/lib/python3.10/site-packages/pandas/_libs/hashtable.cpython-310-x86_64-linux-gnu.so
7281d239f000-7281d23a7000 rw-p 00000000 00:00 0 
7281d23a7000-7281d23b4000 r--p 00000000 00:6a 10229383                   /home/ubuntu/.local/lib/python3.10/site-packages/pandas/_libs/interval.cpython-310-x86_64-linux-gnu.so
7281d23b4000-7281d24d6000 r-xp 0000d000 00:6a 10229383                   /home/ubuntu/.local/lib/python3.10/site-packages/pandas/_libs/interval.cpython-310-x86_64-linux-gnu.so
7281d24d6000-7281d24f4000 r--p 0012f000 00:6a 10229383                   /home/ubuntu/.local/lib/python3.10/site-packages/pandas/_libs/interval.cpython-310-x86_64-linux-gnu.so
7281d24f4000-7281d24f6000 r--p 0014d000 00:6a 10229383                   /home/ubuntu/.local/lib/python3.10/site-packages/pandas/_libs/interval.cpython-310-x86_64-linux-gnu.so
7281d24f6000-7281d24fd000 rw-p 0014f000 00:6a 10229383                   /home/ubuntu/.local/lib/python3.10/site-packages/pandas/_libs/interval.cpython-310-x86_64-linux-gnu.so
7281d24fd000-7281d25ff000 rw-p 00000000 00:00 0 
7281d25ff000-7281d2600000 ---p 00000000 00:00 0 
7281d2600000-7281d2e00000 rw-p 00000000 00:00 0 
7281d2e00000-7281d3600000 rw-p 00000000 00:00 0 
7281d3603000-7281d3608000 r--p 00000000 00:6a 10229367                   /home/ubuntu/.local/lib/python3.10/site-packages/pandas/_libs/arrays.cpython-310-x86_64-linux-gnu.so
7281d3608000-7281d361b000 r-xp 00005000 00:6a 10229367                   /home/ubuntu/.local/lib/python3.10/site-packages/pandas/_libs/arrays.cpython-310-x86_64-linux-gnu.so
7281d361b000-7281d361f000 r--p 00018000 00:6a 10229367                   /home/ubuntu/.local/lib/python3.10/site-packages/pandas/_libs/arrays.cpython-310-x86_64-linux-gnu.so
7281d361f000-7281d3620000 r--p 0001c000 00:6a 10229367                   /home/ubuntu/.local/lib/python3.10/site-packages/pandas/_libs/arrays.cpython-310-x86_64-linux-gnu.so
7281d3620000-7281d3622000 rw-p 0001d000 00:6a 10229367                   /home/ubuntu/.local/lib/python3.10/site-packages/pandas/_libs/arrays.cpython-310-x86_64-linux-gnu.so
7281d3622000-7281d3629000 r--p 00000000 00:6a 10229422                   /home/ubuntu/.local/lib/python3.10/site-packages/pandas/_libs/tslibs/dtypes.cpython-310-x86_64-linux-gnu.so
7281d3629000-7281d3645000 r-xp 00007000 00:6a 10229422                   /home/ubuntu/.local/lib/python3.10/site-packages/pandas/_libs/tslibs/dtypes.cpython-310-x86_64-linux-gnu.so
7281d3645000-7281d364b000 r--p 00023000 00:6a 10229422                   /home/ubuntu/.local/lib/python3.10/site-packages/pandas/_libs/tslibs/dtypes.cpython-310-x86_64-linux-gnu.so
7281d364b000-7281d364d000 r--p 00029000 00:6a 10229422                   /home/ubuntu/.local/lib/python3.10/site-packages/pandas/_libs/tslibs/dtypes.cpython-310-x86_64-linux-gnu.so
7281d364d000-7281d364e000 rw-p 0002b000 00:6a 10229422                   /home/ubuntu/.local/lib/python3.10/site-packages/pandas/_libs/tslibs/dtypes.cpython-310-x86_64-linux-gnu.so
7281d364e000-7281d3650000 rw-p 00000000 00:00 0 
7281d3650000-7281d3656000 r--p 00000000 00:6a 10229391                   /home/ubuntu/.local/lib/python3.10/site-packages/pandas/_libs/missing.cpython-310-x86_64-linux-gnu.so
7281d3656000-7281d3676000 r-xp 00006000 00:6a 10229391                   /home/ubuntu/.local/lib/python3.10/site-packages/pandas/_libs/missing.cpython-310-x86_64-linux-gnu.so
7281d3676000-7281d367d000 r--p 00026000 00:6a 10229391                   /home/ubuntu/.local/lib/python3.10/site-packages/pandas/_libs/missing.cpython-310-x86_64-linux-gnu.so
7281d367d000-7281d367f000 r--p 0002c000 00:6a 10229391                   /home/ubuntu/.local/lib/python3.10/site-packages/pandas/_libs/missing.cpython-310-x86_64-linux-gnu.so
7281d367f000-7281d3681000 rw-p 0002e000 00:6a 10229391                   /home/ubuntu/.local/lib/python3.10/site-packages/pandas/_libs/missing.cpython-310-x86_64-linux-gnu.so
7281d3681000-7281d3782000 rw-p 00000000 00:00 0 
7281d3782000-7281d3bc1000 r--p 00000000 00:6a 10173817                   /home/ubuntu/.local/lib/python3.10/site-packages/pyarrow/libarrow.so.2200
7281d3bc1000-7281d57fb000 r-xp 0043f000 00:6a 10173817                   /home/ubuntu/.local/lib/python3.10/site-packages/pyarrow/libarrow.so.2200
7281d57fb000-7281d5f5a000 r--p 02079000 00:6a 10173817                   /home/ubuntu/.local/lib/python3.10/site-packages/pyarrow/libarrow.so.2200
7281d5f5a000-7281d6059000 r--p 027d8000 00:6a 10173817                   /home/ubuntu/.local/lib/python3.10/site-packages/pyarrow/libarrow.so.2200
7281d6059000-7281d6094000 rw-p 028d7000 00:6a 10173817                   /home/ubuntu/.local/lib/python3.10/site-packages/pyarrow/libarrow.so.2200
7281d6094000-7281d62bf000 rw-p 00000000 00:00 0 
7281d62bf000-7281d63c8000 r--p 00000000 00:6a 10173819                   /home/ubuntu/.local/lib/python3.10/site-packages/pyarrow/libarrow_compute.so.2200
7281d63c8000-7281d6ede000 r-xp 00109000 00:6a 10173819                   /home/ubuntu/.local/lib/python3.10/site-packages/pyarrow/libarrow_compute.so.2200
7281d6ede000-7281d70f2000 r--p 00c1f000 00:6a 10173819                   /home/ubuntu/.local/lib/python3.10/site-packages/pyarrow/libarrow_compute.so.2200
7281d70f2000-7281d7111000 r--p 00e33000 00:6a 10173819                   /home/ubuntu/.local/lib/python3.10/site-packages/pyarrow/libarrow_compute.so.2200
7281d7111000-7281d7116000 rw-p 00e52000 00:6a 10173819                   /home/ubuntu/.local/lib/python3.10/site-packages/pyarrow/libarrow_compute.so.2200
7281d7116000-7281d7123000 rw-p 00000000 00:00 0 
7281d7123000-7281d7178000 r--p 00000000 00:6a 10173818                   /home/ubuntu/.local/lib/python3.10/site-packages/pyarrow/libarrow_acero.so.2200
7281d7178000-7281d726a000 r-xp 00055000 00:6a 10173818                   /home/ubuntu/.local/lib/python3.10/site-packages/pyarrow/libarrow_acero.so.2200
7281d726a000-7281d72a2000 r--p 00147000 00:6a 10173818                   /home/ubuntu/.local/lib/python3.10/site-packages/pyarrow/libarrow_acero.so.2200
7281d72a2000-7281d72a8000 r--p 0017e000 00:6a 10173818                   /home/ubuntu/.local/lib/python3.10/site-packages/pyarrow/libarrow_acero.so.2200
7281d72a8000-7281d72ab000 rw-p 00184000 00:6a 10173818                   /home/ubuntu/.local/lib/python3.10/site-packages/pyarrow/libarrow_acero.so.2200
7281d72ab000-7281d74a5000 r--p 00000000 00:6a 10173832                   /home/ubuntu/.local/lib/python3.10/site-packages/pyarrow/libparquet.so.2200
7281d74a5000-7281d7a39000 r-xp 001fa000 00:6a 10173832                   /home/ubuntu/.local/lib/python3.10/site-packages/pyarrow/libparquet.so.2200
7281d7a39000-7281d7bfc000 r--p 0078e000 00:6a 10173832                   /home/ubuntu/.local/lib/python3.10/site-packages/pyarrow/libparquet.so.2200
7281d7bfc000-7281d7c97000 r--p 00951000 00:6a 10173832                   /home/ubuntu/.local/lib/python3.10/site-packages/pyarrow/libparquet.so.2200
7281d7c97000-7281d7ca5000 rw-p 009ec000 00:6a 10173832                   /home/ubuntu/.local/lib/python3.10/site-packages/pyarrow/libparquet.so.2200
7281d7ca5000-7281d7ca9000 rw-p 00000000 00:00 0 
7281d7ca9000-7281d7d4e000 r--p 00000000 00:6a 10173820                   /home/ubuntu/.local/lib/python3.10/site-packages/pyarrow/libarrow_dataset.so.2200
7281d7d4e000-7281d7e2b000 r-xp 000a5000 00:6a 10173820                   /home/ubuntu/.local/lib/python3.10/site-packages/pyarrow/libarrow_dataset.so.2200
7281d7e2b000-7281d7e6e000 r--p 00182000 00:6a 10173820                   /home/ubuntu/.local/lib/python3.10/site-packages/pyarrow/libarrow_dataset.so.2200
7281d7e6e000-7281d7e77000 r--p 001c4000 00:6a 10173820                   /home/ubuntu/.local/lib/python3.10/site-packages/pyarrow/libarrow_dataset.so.2200
7281d7e77000-7281d7e79000 rw-p 001cd000 00:6a 10173820                   /home/ubuntu/.local/lib/python3.10/site-packages/pyarrow/libarrow_dataset.so.2200
7281d7e79000-7281d7eec000 r--p 00000000 00:6a 10173831                   /home/ubuntu/.local/lib/python3.10/site-packages/pyarrow/libarrow_substrait.so.2200
7281d7eec000-7281d81d5000 r-xp 00073000 00:6a 10173831                   /home/ubuntu/.local/lib/python3.10/site-packages/pyarrow/libarrow_substrait.so.2200
7281d81d5000-7281d828c000 r--p 0035c000 00:6a 10173831                   /home/ubuntu/.local/lib/python3.10/site-packages/pyarrow/libarrow_substrait.so.2200
7281d828c000-7281d8299000 r--p 00413000 00:6a 10173831                   /home/ubuntu/.local/lib/python3.10/site-packages/pyarrow/libarrow_substrait.so.2200
7281d8299000-7281d82af000 rw-p 00420000 00:6a 10173831                   /home/ubuntu/.local/lib/python3.10/site-packages/pyarrow/libarrow_substrait.so.2200
7281d82af000-7281d82b1000 rw-p 00000000 00:00 0 
7281d82b1000-7281d833c000 r--p 00000000 00:6a 10173823                   /home/ubuntu/.local/lib/python3.10/site-packages/pyarrow/libarrow_python.so.2200
7281d833c000-7281d845e000 r-xp 0008b000 00:6a 10173823                   /home/ubuntu/.local/lib/python3.10/site-packages/pyarrow/libarrow_python.so.2200
7281d845e000-7281d84a1000 r--p 001ad000 00:6a 10173823                   /home/ubuntu/.local/lib/python3.10/site-packages/pyarrow/libarrow_python.so.2200
7281d84a1000-7281d84ad000 r--p 001f0000 00:6a 10173823                   /home/ubuntu/.local/lib/python3.10/site-packages/pyarrow/libarrow_python.so.2200
7281d84ad000-7281d84b0000 rw-p 001fc000 00:6a 10173823                   /home/ubuntu/.local/lib/python3.10/site-packages/pyarrow/libarrow_python.so.2200
7281d84b0000-7281d850e000 r--p 00000000 00:6a 10173812                   /home/ubuntu/.local/lib/python3.10/site-packages/pyarrow/lib.cpython-310-x86_64-linux-gnu.so
7281d850e000-7281d875f000 r-xp 0005e000 00:6a 10173812                   /home/ubuntu/.local/lib/python3.10/site-packages/pyarrow/lib.cpython-310-x86_64-linux-gnu.so
7281d875f000-7281d884c000 r--p 002af000 00:6a 10173812                   /home/ubuntu/.local/lib/python3.10/site-packages/pyarrow/lib.cpython-310-x86_64-linux-gnu.so
7281d884c000-7281d885b000 r--p 0039b000 00:6a 10173812                   /home/ubuntu/.local/lib/python3.10/site-packages/pyarrow/lib.cpython-310-x86_64-linux-gnu.so
7281d885b000-7281d8883000 rw-p 003aa000 00:6a 10173812                   /home/ubuntu/.local/lib/python3.10/site-packages/pyarrow/lib.cpython-310-x86_64-linux-gnu.so
7281d8883000-7281d8891000 rw-p 00000000 00:00 0 
7281d8891000-7281d8896000 r--p 00000000 00:6a 10226752                   /home/ubuntu/.local/lib/python3.10/site-packages/scipy/ndimage/_ni_label.cpython-310-x86_64-linux-gnu.so
7281d8896000-7281d88e2000 r-xp 00005000 00:6a 10226752                   /home/ubuntu/.local/lib/python3.10/site-packages/scipy/ndimage/_ni_label.cpython-310-x86_64-linux-gnu.so
7281d88e2000-7281d88eb000 r--p 00051000 00:6a 10226752                   /home/ubuntu/.local/lib/python3.10/site-packages/scipy/ndimage/_ni_label.cpython-310-x86_64-linux-gnu.so
7281d88eb000-7281d88ec000 ---p 0005a000 00:6a 10226752                   /home/ubuntu/.local/lib/python3.10/site-packages/scipy/ndimage/_ni_label.cpython-310-x86_64-linux-gnu.so
7281d88ec000-7281d88ed000 r--p 0005a000 00:6a 10226752                   /home/ubuntu/.local/lib/python3.10/site-packages/scipy/ndimage/_ni_label.cpython-310-x86_64-linux-gnu.so
7281d88ed000-7281d88f0000 rw-p 0005b000 00:6a 10226752                   /home/ubuntu/.local/lib/python3.10/site-packages/scipy/ndimage/_ni_label.cpython-310-x86_64-linux-gnu.so
7281d88f0000-7281d88f2000 r--p 00000000 00:6a 10226766                   /home/ubuntu/.local/lib/python3.10/site-packages/scipy/ndimage/_nd_image.cpython-310-x86_64-linux-gnu.so
7281d88f2000-7281d890d000 r-xp 00002000 00:6a 10226766                   /home/ubuntu/.local/lib/python3.10/site-packages/scipy/ndimage/_nd_image.cpython-310-x86_64-linux-gnu.so
7281d890d000-7281d8911000 r--p 0001d000 00:6a 10226766                   /home/ubuntu/.local/lib/python3.10/site-packages/scipy/ndimage/_nd_image.cpython-310-x86_64-linux-gnu.so
7281d8911000-7281d8912000 r--p 00020000 00:6a 10226766                   /home/ubuntu/.local/lib/python3.10/site-packages/scipy/ndimage/_nd_image.cpython-310-x86_64-linux-gnu.so
7281d8912000-7281d8913000 rw-p 00021000 00:6a 10226766                   /home/ubuntu/.local/lib/python3.10/site-packages/scipy/ndimage/_nd_image.cpython-310-x86_64-linux-gnu.so
7281d8913000-7281d8a13000 rw-p 00000000 00:00 0 
7281d8a13000-7281d8a18000 r--p 00000000 00:6a 10227388                   /home/ubuntu/.local/lib/python3.10/site-packages/scipy/stats/_rcont/rcont.cpython-310-x86_64-linux-gnu.so
7281d8a18000-7281d8a40000 r-xp 00005000 00:6a 10227388                   /home/ubuntu/.local/lib/python3.10/site-packages/scipy/stats/_rcont/rcont.cpython-310-x86_64-linux-gnu.so
7281d8a40000-7281d8a49000 r--p 0002d000 00:6a 10227388                   /home/ubuntu/.local/lib/python3.10/site-packages/scipy/stats/_rcont/rcont.cpython-310-x86_64-linux-gnu.so
7281d8a49000-7281d8a4a000 ---p 00036000 00:6a 10227388                   /home/ubuntu/.local/lib/python3.10/site-packages/scipy/stats/_rcont/rcont.cpython-310-x86_64-linux-gnu.so
7281d8a4a000-7281d8a4b000 r--p 00036000 00:6a 10227388                   /home/ubuntu/.local/lib/python3.10/site-packages/scipy/stats/_rcont/rcont.cpython-310-x86_64-linux-gnu.so
7281d8a4b000-7281d8a4d000 rw-p 00037000 00:6a 10227388                   /home/ubuntu/.local/lib/python3.10/site-packages/scipy/stats/_rcont/rcont.cpython-310-x86_64-linux-gnu.so
7281d8a4d000-7281d8a4e000 rw-p 00000000 00:00 0 
7281d8a4e000-7281d8a50000 r--p 00000000 00:6a 10227269                   /home/ubuntu/.local/lib/python3.10/site-packages/scipy/stats/_mvn.cpython-310-x86_64-linux-gnu.so
7281d8a50000-7281d8a59000 r-xp 00002000 00:6a 10227269                   /home/ubuntu/.local/lib/python3.10/site-packages/scipy/stats/_mvn.cpython-310-x86_64-linux-gnu.so
7281d8a59000-7281d8a5f000 r--p 0000b000 00:6a 10227269                   /home/ubuntu/.local/lib/python3.10/site-packages/scipy/stats/_mvn.cpython-310-x86_64-linux-gnu.so
7281d8a5f000-7281d8a60000 r--p 00010000 00:6a 10227269                   /home/ubuntu/.local/lib/python3.10/site-packages/scipy/stats/_mvn.cpython-310-x86_64-linux-gnu.so
7281d8a60000-7281d8a62000 rw-p 00011000 00:6a 10227269                   /home/ubuntu/.local/lib/python3.10/site-packages/scipy/stats/_mvn.cpython-310-x86_64-linux-gnu.so
7281d8a62000-7281d8b59000 rw-p 00000000 00:00 0 
7281d8b59000-7281d8b5e000 r--p 00000000 00:6a 10227257                   /home/ubuntu/.local/lib/python3.10/site-packages/scipy/stats/_ansari_swilk_statistics.cpython-310-x86_64-linux-gnu.so
7281d8b5e000-7281d8b8b000 r-xp 00005000 00:6a 10227257                   /home/ubuntu/.local/lib/python3.10/site-packages/scipy/stats/_ansari_swilk_statistics.cpython-310-x86_64-linux-gnu.so
7281d8b8b000-7281d8b93000 r--p 00032000 00:6a 10227257                   /home/ubuntu/.local/lib/python3.10/site-packages/scipy/stats/_ansari_swilk_statistics.cpython-310-x86_64-linux-gnu.so
7281d8b93000-7281d8b94000 r--p 00039000 00:6a 10227257                   /home/ubuntu/.local/lib/python3.10/site-packages/scipy/stats/_ansari_swilk_statistics.cpython-310-x86_64-linux-gnu.so
7281d8b94000-7281d8b96000 rw-p 0003a000 00:6a 10227257                   /home/ubuntu/.local/lib/python3.10/site-packages/scipy/stats/_ansari_swilk_statistics.cpython-310-x86_64-linux-gnu.so
7281d8b96000-7281d8c97000 rw-p 00000000 00:00 0 
7281d8c97000-7281d8c9b000 r--p 00000000 00:6a 10227300                   /home/ubuntu/.local/lib/python3.10/site-packages/scipy/stats/_stats_pythran.cpython-310-x86_64-linux-gnu.so
7281d8c9b000-7281d8cb5000 r-xp 00004000 00:6a 10227300                   /home/ubuntu/.local/lib/python3.10/site-packages/scipy/stats/_stats_pythran.cpython-310-x86_64-linux-gnu.so
7281d8cb5000-7281d8cbb000 r--p 0001e000 00:6a 10227300                   /home/ubuntu/.local/lib/python3.10/site-packages/scipy/stats/_stats_pythran.cpython-310-x86_64-linux-gnu.so
7281d8cbb000-7281d8cbc000 r--p 00023000 00:6a 10227300                   /home/ubuntu/.local/lib/python3.10/site-packages/scipy/stats/_stats_pythran.cpython-310-x86_64-linux-gnu.so
7281d8cbc000-7281d8cbd000 rw-p 00024000 00:6a 10227300                   /home/ubuntu/.local/lib/python3.10/site-packages/scipy/stats/_stats_pythran.cpython-310-x86_64-linux-gnu.so
7281d8cbd000-7281d8cc2000 r--p 00000000 00:6a 10227279                   /home/ubuntu/.local/lib/python3.10/site-packages/scipy/stats/_biasedurn.cpython-310-x86_64-linux-gnu.so
7281d8cc2000-7281d8cec000 r-xp 00005000 00:6a 10227279                   /home/ubuntu/.local/lib/python3.10/site-packages/scipy/stats/_biasedurn.cpython-310-x86_64-linux-gnu.so
7281d8cec000-7281d8cf8000 r--p 0002f000 00:6a 10227279                   /home/ubuntu/.local/lib/python3.10/site-packages/scipy/stats/_biasedurn.cpython-310-x86_64-linux-gnu.so
7281d8cf8000-7281d8cf9000 r--p 0003a000 00:6a 10227279                   /home/ubuntu/.local/lib/python3.10/site-packages/scipy/stats/_biasedurn.cpython-310-x86_64-linux-gnu.so
7281d8cf9000-7281d8cfc000 rw-p 0003b000 00:6a 10227279                   /home/ubuntu/.local/lib/python3.10/site-packages/scipy/stats/_biasedurn.cpython-310-x86_64-linux-gnu.so
7281d8cfc000-7281d8dff000 rw-p 00000000 00:00 0 
7281d8dff000-7281d8e05000 r--p 00000000 00:6a 10227315                   /home/ubuntu/.local/lib/python3.10/site-packages/scipy/stats/_qmc_cy.cpython-310-x86_64-linux-gnu.so
7281d8e05000-7281d8e30000 r-xp 00006000 00:6a 10227315                   /home/ubuntu/.local/lib/python3.10/site-packages/scipy/stats/_qmc_cy.cpython-310-x86_64-linux-gnu.so
7281d8e30000-7281d8e39000 r--p 00031000 00:6a 10227315                   /home/ubuntu/.local/lib/python3.10/site-packages/scipy/stats/_qmc_cy.cpython-310-x86_64-linux-gnu.so
7281d8e39000-7281d8e3a000 r--p 00039000 00:6a 10227315                   /home/ubuntu/.local/lib/python3.10/site-packages/scipy/stats/_qmc_cy.cpython-310-x86_64-linux-gnu.so
7281d8e3a000-7281d8e3c000 rw-p 0003a000 00:6a 10227315                   /home/ubuntu/.local/lib/python3.10/site-packages/scipy/stats/_qmc_cy.cpython-310-x86_64-linux-gnu.so
7281d8e3c000-7281d8e3d000 rw-p 00000000 00:00 0 
7281d8e3d000-7281d8e42000 r--p 00000000 00:6a 10227297                   /home/ubuntu/.local/lib/python3.10/site-packages/scipy/stats/_sobol.cpython-310-x86_64-linux-gnu.so
7281d8e42000-7281d8e8a000 r-xp 00005000 00:6a 10227297                   /home/ubuntu/.local/lib/python3.10/site-packages/scipy/stats/_sobol.cpython-310-x86_64-linux-gnu.so
7281d8e8a000-7281d8e94000 r--p 0004d000 00:6a 10227297                   /home/ubuntu/.local/lib/python3.10/site-packages/scipy/stats/_sobol.cpython-310-x86_64-linux-gnu.so
7281d8e94000-7281d8e95000 r--p 00056000 00:6a 10227297                   /home/ubuntu/.local/lib/python3.10/site-packages/scipy/stats/_sobol.cpython-310-x86_64-linux-gnu.so
7281d8e95000-7281d8e98000 rw-p 00057000 00:6a 10227297                   /home/ubuntu/.local/lib/python3.10/site-packages/scipy/stats/_sobol.cpython-310-x86_64-linux-gnu.so
7281d8e98000-7281d8f98000 rw-p 00000000 00:00 0 
7281d8f98000-7281d8fa6000 r--p 00000000 00:6a 10226464                   /home/ubuntu/.local/lib/python3.10/site-packages/scipy/special/cython_special.cpython-310-x86_64-linux-gnu.so
7281d8fa6000-7281d926b000 r-xp 0000e000 00:6a 10226464                   /home/ubuntu/.local/lib/python3.10/site-packages/scipy/special/cython_special.cpython-310-x86_64-linux-gnu.so
7281d926b000-7281d92b3000 r--p 002d3000 00:6a 10226464                   /home/ubuntu/.local/lib/python3.10/site-packages/scipy/special/cython_special.cpython-310-x86_64-linux-gnu.so
7281d92b3000-7281d92b4000 r--p 0031a000 00:6a 10226464                   /home/ubuntu/.local/lib/python3.10/site-packages/scipy/special/cython_special.cpython-310-x86_64-linux-gnu.so
7281d92b4000-7281d92b9000 rw-p 0031b000 00:6a 10226464                   /home/ubuntu/.local/lib/python3.10/site-packages/scipy/special/cython_special.cpython-310-x86_64-linux-gnu.so
7281d92b9000-7281d92bc000 rw-p 00000000 00:00 0 
7281d92bc000-7281d92c2000 r--p 00000000 00:6a 10227263                   /home/ubuntu/.local/lib/python3.10/site-packages/scipy/stats/_stats.cpython-310-x86_64-linux-gnu.so
7281d92c2000-7281d9356000 r-xp 00006000 00:6a 10227263                   /home/ubuntu/.local/lib/python3.10/site-packages/scipy/stats/_stats.cpython-310-x86_64-linux-gnu.so
7281d9356000-7281d9364000 r--p 0009a000 00:6a 10227263                   /home/ubuntu/.local/lib/python3.10/site-packages/scipy/stats/_stats.cpython-310-x86_64-linux-gnu.so
7281d9364000-7281d9365000 r--p 000a7000 00:6a 10227263                   /home/ubuntu/.local/lib/python3.10/site-packages/scipy/stats/_stats.cpython-310-x86_64-linux-gnu.so
7281d9365000-7281d9368000 rw-p 000a8000 00:6a 10227263                   /home/ubuntu/.local/lib/python3.10/site-packages/scipy/stats/_stats.cpython-310-x86_64-linux-gnu.so
7281d9368000-7281d936a000 rw-p 00000000 00:00 0 
7281d936a000-7281d9370000 r--p 00000000 00:6a 10227514                   /home/ubuntu/.local/lib/python3.10/site-packages/scipy/interpolate/_bspl.cpython-310-x86_64-linux-gnu.so
7281d9370000-7281d93a6000 r-xp 00006000 00:6a 10227514                   /home/ubuntu/.local/lib/python3.10/site-packages/scipy/interpolate/_bspl.cpython-310-x86_64-linux-gnu.so
7281d93a6000-7281d93b3000 r--p 0003c000 00:6a 10227514                   /home/ubuntu/.local/lib/python3.10/site-packages/scipy/interpolate/_bspl.cpython-310-x86_64-linux-gnu.so
7281d93b3000-7281d93b4000 r--p 00048000 00:6a 10227514                   /home/ubuntu/.local/lib/python3.10/site-packages/scipy/interpolate/_bspl.cpython-310-x86_64-linux-gnu.so
7281d93b4000-7281d93b6000 rw-p 00049000 00:6a 10227514                   /home/ubuntu/.local/lib/python3.10/site-packages/scipy/interpolate/_bspl.cpython-310-x86_64-linux-gnu.so
7281d93b6000-7281d93b7000 rw-p 00000000 00:00 0 
7281d93b7000-7281d93ba000 rw-p 0005f000 00:6a 10227514                   /home/ubuntu/.local/lib/python3.10/site-packages/scipy/interpolate/_bspl.cpython-310-x86_64-linux-gnu.so
7281d93ba000-7281d93bc000 rw-p 00062000 00:6a 10227514                   /home/ubuntu/.local/lib/python3.10/site-packages/scipy/interpolate/_bspl.cpython-310-x86_64-linux-gnu.so
7281d93bc000-7281d93c1000 r--p 00000000 00:6a 10227517                   /home/ubuntu/.local/lib/python3.10/site-packages/scipy/interpolate/_rgi_cython.cpython-310-x86_64-linux-gnu.so
7281d93c1000-7281d93f2000 r-xp 00005000 00:6a 10227517                   /home/ubuntu/.local/lib/python3.10/site-packages/scipy/interpolate/_rgi_cython.cpython-310-x86_64-linux-gnu.so
7281d93f2000-7281d93fa000 r--p 00036000 00:6a 10227517                   /home/ubuntu/.local/lib/python3.10/site-packages/scipy/interpolate/_rgi_cython.cpython-310-x86_64-linux-gnu.so
7281d93fa000-7281d93fb000 r--p 0003d000 00:6a 10227517                   /home/ubuntu/.local/lib/python3.10/site-packages/scipy/interpolate/_rgi_cython.cpython-310-x86_64-linux-gnu.so
7281d93fb000-7281d93fd000 rw-p 0003e000 00:6a 10227517                   /home/ubuntu/.local/lib/python3.10/site-packages/scipy/interpolate/_rgi_cython.cpython-310-x86_64-linux-gnu.so
7281d93fd000-7281d93fe000 rw-p 00000000 00:00 0 
7281d93fe000-7281d9402000 r--p 00000000 00:6a 10227507                   /home/ubuntu/.local/lib/python3.10/site-packages/scipy/interpolate/_rbfinterp_pythran.cpython-310-x86_64-linux-gnu.so
7281d9402000-7281d942d000 r-xp 00004000 00:6a 10227507                   /home/ubuntu/.local/lib/python3.10/site-packages/scipy/interpolate/_rbfinterp_pythran.cpython-310-x86_64-linux-gnu.so
7281d942d000-7281d9433000 r--p 0002f000 00:6a 10227507                   /home/ubuntu/.local/lib/python3.10/site-packages/scipy/interpolate/_rbfinterp_pythran.cpython-310-x86_64-linux-gnu.so
7281d9433000-7281d9434000 r--p 00034000 00:6a 10227507                   /home/ubuntu/.local/lib/python3.10/site-packages/scipy/interpolate/_rbfinterp_pythran.cpython-310-x86_64-linux-gnu.so
7281d9434000-7281d9435000 rw-p 00035000 00:6a 10227507                   /home/ubuntu/.local/lib/python3.10/site-packages/scipy/interpolate/_rbfinterp_pythran.cpython-310-x86_64-linux-gnu.so
7281d9435000-7281d943b000 r--p 00000000 00:6a 10227521                   /home/ubuntu/.local/lib/python3.10/site-packages/scipy/interpolate/_interpnd.cpython-310-x86_64-linux-gnu.so
7281d943b000-7281d948b000 r-xp 00006000 00:6a 10227521                   /home/ubuntu/.local/lib/python3.10/site-packages/scipy/interpolate/_interpnd.cpython-310-x86_64-linux-gnu.so
7281d948b000-7281d9497000 r--p 00056000 00:6a 10227521                   /home/ubuntu/.local/lib/python3.10/site-packages/scipy/interpolate/_interpnd.cpython-310-x86_64-linux-gnu.so
7281d9497000-7281d9498000 r--p 00061000 00:6a 10227521                   /home/ubuntu/.local/lib/python3.10/site-packages/scipy/interpolate/_interpnd.cpython-310-x86_64-linux-gnu.so
7281d9498000-7281d949b000 rw-p 00062000 00:6a 10227521                   /home/ubuntu/.local/lib/python3.10/site-packages/scipy/interpolate/_interpnd.cpython-310-x86_64-linux-gnu.so
7281d949b000-7281d949c000 rw-p 00000000 00:00 0 
7281d949c000-7281d94a1000 r--p 00000000 00:6a 10227494                   /home/ubuntu/.local/lib/python3.10/site-packages/scipy/interpolate/_ppoly.cpython-310-x86_64-linux-gnu.so
7281d94a1000-7281d94f7000 r-xp 00005000 00:6a 10227494                   /home/ubuntu/.local/lib/python3.10/site-packages/scipy/interpolate/_ppoly.cpython-310-x86_64-linux-gnu.so
7281d94f7000-7281d9502000 r--p 0005b000 00:6a 10227494                   /home/ubuntu/.local/lib/python3.10/site-packages/scipy/interpolate/_ppoly.cpython-310-x86_64-linux-gnu.so
7281d9502000-7281d9503000 r--p 00065000 00:6a 10227494                   /home/ubuntu/.local/lib/python3.10/site-packages/scipy/interpolate/_ppoly.cpython-310-x86_64-linux-gnu.so
7281d9503000-7281d9505000 rw-p 00066000 00:6a 10227494                   /home/ubuntu/.local/lib/python3.10/site-packages/scipy/interpolate/_ppoly.cpython-310-x86_64-linux-gnu.so
7281d9505000-7281d9606000 rw-p 00000000 00:00 0 
7281d9606000-7281d960a000 r--p 00000000 00:6a 10227502                   /home/ubuntu/.local/lib/python3.10/site-packages/scipy/interpolate/_dfitpack.cpython-310-x86_64-linux-gnu.so
7281d960a000-7281d9640000 r-xp 00004000 00:6a 10227502                   /home/ubuntu/.local/lib/python3.10/site-packages/scipy/interpolate/_dfitpack.cpython-310-x86_64-linux-gnu.so
7281d9640000-7281d964c000 r--p 0003a000 00:6a 10227502                   /home/ubuntu/.local/lib/python3.10/site-packages/scipy/interpolate/_dfitpack.cpython-310-x86_64-linux-gnu.so
7281d964c000-7281d964d000 ---p 00046000 00:6a 10227502                   /home/ubuntu/.local/lib/python3.10/site-packages/scipy/interpolate/_dfitpack.cpython-310-x86_64-linux-gnu.so
7281d964d000-7281d964e000 r--p 00046000 00:6a 10227502                   /home/ubuntu/.local/lib/python3.10/site-packages/scipy/interpolate/_dfitpack.cpython-310-x86_64-linux-gnu.so
7281d964e000-7281d9656000 rw-p 00047000 00:6a 10227502                   /home/ubuntu/.local/lib/python3.10/site-packages/scipy/interpolate/_dfitpack.cpython-310-x86_64-linux-gnu.so
7281d9656000-7281d9658000 rw-p 00052000 00:6a 10227502                   /home/ubuntu/.local/lib/python3.10/site-packages/scipy/interpolate/_dfitpack.cpython-310-x86_64-linux-gnu.so
7281d9658000-7281d9659000 rw-p 00054000 00:6a 10227502                   /home/ubuntu/.local/lib/python3.10/site-packages/scipy/interpolate/_dfitpack.cpython-310-x86_64-linux-gnu.so
7281d9659000-7281d9759000 rw-p 00000000 00:00 0 
7281d9759000-7281d9775000 r--p 00000000 00:6a 10226111                   /home/ubuntu/.local/lib/python3.10/site-packages/scipy/integrate/_vode.cpython-310-x86_64-linux-gnu.so
7281d9775000-7281d979a000 r-xp 0001c000 00:6a 10226111                   /home/ubuntu/.local/lib/python3.10/site-packages/scipy/integrate/_vode.cpython-310-x86_64-linux-gnu.so
7281d979a000-7281d97ab000 r--p 00041000 00:6a 10226111                   /home/ubuntu/.local/lib/python3.10/site-packages/scipy/integrate/_vode.cpython-310-x86_64-linux-gnu.so
7281d97ab000-7281d97ac000 r--p 00051000 00:6a 10226111                   /home/ubuntu/.local/lib/python3.10/site-packages/scipy/integrate/_vode.cpython-310-x86_64-linux-gnu.so
7281d97ac000-7281d97b1000 rw-p 00052000 00:6a 10226111                   /home/ubuntu/.local/lib/python3.10/site-packages/scipy/integrate/_vode.cpython-310-x86_64-linux-gnu.so
7281d97b1000-7281d97c2000 rw-p 00073000 00:6a 10226111                   /home/ubuntu/.local/lib/python3.10/site-packages/scipy/integrate/_vode.cpython-310-x86_64-linux-gnu.so
7281d97c2000-7281d97c9000 rw-p 00084000 00:6a 10226111                   /home/ubuntu/.local/lib/python3.10/site-packages/scipy/integrate/_vode.cpython-310-x86_64-linux-gnu.so
7281d97c9000-7281d98c9000 rw-p 00000000 00:00 0 
7281d98c9000-7281d98d0000 r--p 00000000 00:6a 10227483                   /home/ubuntu/.local/lib/python3.10/site-packages/scipy/fft/_pocketfft/pypocketfft.cpython-310-x86_64-linux-gnu.so
7281d98d0000-7281d99a9000 r-xp 00007000 00:6a 10227483                   /home/ubuntu/.local/lib/python3.10/site-packages/scipy/fft/_pocketfft/pypocketfft.cpython-310-x86_64-linux-gnu.so
7281d99a9000-7281d99c3000 r--p 000e0000 00:6a 10227483                   /home/ubuntu/.local/lib/python3.10/site-packages/scipy/fft/_pocketfft/pypocketfft.cpython-310-x86_64-linux-gnu.so
7281d99c3000-7281d99c4000 ---p 000fa000 00:6a 10227483                   /home/ubuntu/.local/lib/python3.10/site-packages/scipy/fft/_pocketfft/pypocketfft.cpython-310-x86_64-linux-gnu.so
7281d99c4000-7281d99c5000 r--p 000fa000 00:6a 10227483                   /home/ubuntu/.local/lib/python3.10/site-packages/scipy/fft/_pocketfft/pypocketfft.cpython-310-x86_64-linux-gnu.so
7281d99c5000-7281d99c6000 rw-p 000fb000 00:6a 10227483                   /home/ubuntu/.local/lib/python3.10/site-packages/scipy/fft/_pocketfft/pypocketfft.cpython-310-x86_64-linux-gnu.so
7281d99c6000-7281d99c8000 rw-p 00000000 00:00 0 
7281d99c8000-7281d99cd000 r--p 00000000 00:6a 10226387                   /home/ubuntu/.local/lib/python3.10/site-packages/scipy/linalg/_decomp_interpolative.cpython-310-x86_64-linux-gnu.so
7281d99cd000-7281d9aaa000 r-xp 00005000 00:6a 10226387                   /home/ubuntu/.local/lib/python3.10/site-packages/scipy/linalg/_decomp_interpolative.cpython-310-x86_64-linux-gnu.so
7281d9aaa000-7281d9ab7000 r--p 000e2000 00:6a 10226387                   /home/ubuntu/.local/lib/python3.10/site-packages/scipy/linalg/_decomp_interpolative.cpython-310-x86_64-linux-gnu.so
7281d9ab7000-7281d9ab8000 r--p 000ee000 00:6a 10226387                   /home/ubuntu/.local/lib/python3.10/site-packages/scipy/linalg/_decomp_interpolative.cpython-310-x86_64-linux-gnu.so
7281d9ab8000-7281d9aba000 rw-p 000ef000 00:6a 10226387                   /home/ubuntu/.local/lib/python3.10/site-packages/scipy/linalg/_decomp_interpolative.cpython-310-x86_64-linux-gnu.so
7281d9aba000-7281d9abc000 rw-p 00000000 00:00 0 
7281d9abc000-7281d9ace000 r--p 00000000 00:6a 10226225                   /home/ubuntu/.local/lib/python3.10/site-packages/scipy/optimize/_highspy/_core.cpython-310-x86_64-linux-gnu.so
7281d9ace000-7281d9ebb000 r-xp 00012000 00:6a 10226225                   /home/ubuntu/.local/lib/python3.10/site-packages/scipy/optimize/_highspy/_core.cpython-310-x86_64-linux-gnu.so
7281d9ebb000-7281d9f5c000 r--p 003ff000 00:6a 10226225                   /home/ubuntu/.local/lib/python3.10/site-packages/scipy/optimize/_highspy/_core.cpython-310-x86_64-linux-gnu.so
7281d9f5c000-7281d9f61000 r--p 0049f000 00:6a 10226225                   /home/ubuntu/.local/lib/python3.10/site-packages/scipy/optimize/_highspy/_core.cpython-310-x86_64-linux-gnu.so
7281d9f61000-7281d9f62000 rw-p 004a4000 00:6a 10226225                   /home/ubuntu/.local/lib/python3.10/site-packages/scipy/optimize/_highspy/_core.cpython-310-x86_64-linux-gnu.so
7281d9f62000-7281da167000 rw-p 00000000 00:00 0 
7281da167000-7281da16e000 r--p 00000000 00:6a 10227552                   /home/ubuntu/.local/lib/python3.10/site-packages/scipy/spatial/_qhull.cpython-310-x86_64-linux-gnu.so
7281da16e000-7281da239000 r-xp 00007000 00:6a 10227552                   /home/ubuntu/.local/lib/python3.10/site-packages/scipy/spatial/_qhull.cpython-310-x86_64-linux-gnu.so
7281da239000-7281da271000 r--p 000d2000 00:6a 10227552                   /home/ubuntu/.local/lib/python3.10/site-packages/scipy/spatial/_qhull.cpython-310-x86_64-linux-gnu.so
7281da271000-7281da272000 r--p 00109000 00:6a 10227552                   /home/ubuntu/.local/lib/python3.10/site-packages/scipy/spatial/_qhull.cpython-310-x86_64-linux-gnu.so
7281da272000-7281da275000 rw-p 0010a000 00:6a 10227552                   /home/ubuntu/.local/lib/python3.10/site-packages/scipy/spatial/_qhull.cpython-310-x86_64-linux-gnu.so
7281da275000-7281da377000 rw-p 00000000 00:00 0 
7281da377000-7281da37a000 r--p 00000000 00:6a 10226480                   /home/ubuntu/.local/lib/python3.10/site-packages/scipy/special/_special_ufuncs.cpython-310-x86_64-linux-gnu.so
7281da37a000-7281da47d000 r-xp 00003000 00:6a 10226480                   /home/ubuntu/.local/lib/python3.10/site-packages/scipy/special/_special_ufuncs.cpython-310-x86_64-linux-gnu.so
7281da47d000-7281da4c0000 r--p 00106000 00:6a 10226480                   /home/ubuntu/.local/lib/python3.10/site-packages/scipy/special/_special_ufuncs.cpython-310-x86_64-linux-gnu.so
7281da4c0000-7281da4c1000 r--p 00148000 00:6a 10226480                   /home/ubuntu/.local/lib/python3.10/site-packages/scipy/special/_special_ufuncs.cpython-310-x86_64-linux-gnu.so
7281da4c1000-7281da4c2000 rw-p 00149000 00:6a 10226480                   /home/ubuntu/.local/lib/python3.10/site-packages/scipy/special/_special_ufuncs.cpython-310-x86_64-linux-gnu.so
7281da4c2000-7281da5c2000 rw-p 00000000 00:00 0 
7281da5c2000-7281da5c7000 r--p 00000000 00:6a 10226468                   /home/ubuntu/.local/lib/python3.10/site-packages/scipy/special/_ufuncs_cxx.cpython-310-x86_64-linux-gnu.so
7281da5c7000-7281da716000 r-xp 00005000 00:6a 10226468                   /home/ubuntu/.local/lib/python3.10/site-packages/scipy/special/_ufuncs_cxx.cpython-310-x86_64-linux-gnu.so
7281da716000-7281da749000 r--p 00154000 00:6a 10226468                   /home/ubuntu/.local/lib/python3.10/site-packages/scipy/special/_ufuncs_cxx.cpython-310-x86_64-linux-gnu.so
7281da749000-7281da74a000 r--p 00186000 00:6a 10226468                   /home/ubuntu/.local/lib/python3.10/site-packages/scipy/special/_ufuncs_cxx.cpython-310-x86_64-linux-gnu.so
7281da74a000-7281da74b000 rw-p 00187000 00:6a 10226468                   /home/ubuntu/.local/lib/python3.10/site-packages/scipy/special/_ufuncs_cxx.cpython-310-x86_64-linux-gnu.so
7281da74b000-7281da74c000 rw-p 00000000 00:00 0 
7281da74c000-7281da752000 r--p 00000000 00:6a 10226473                   /home/ubuntu/.local/lib/python3.10/site-packages/scipy/special/_ufuncs.cpython-310-x86_64-linux-gnu.so
7281da752000-7281da857000 r-xp 00006000 00:6a 10226473                   /home/ubuntu/.local/lib/python3.10/site-packages/scipy/special/_ufuncs.cpython-310-x86_64-linux-gnu.so
7281da857000-7281da8ac000 r--p 0010b000 00:6a 10226473                   /home/ubuntu/.local/lib/python3.10/site-packages/scipy/special/_ufuncs.cpython-310-x86_64-linux-gnu.so
7281da8ac000-7281da8ad000 r--p 0015f000 00:6a 10226473                   /home/ubuntu/.local/lib/python3.10/site-packages/scipy/special/_ufuncs.cpython-310-x86_64-linux-gnu.so
7281da8ad000-7281da8ae000 rw-p 00160000 00:6a 10226473                   /home/ubuntu/.local/lib/python3.10/site-packages/scipy/special/_ufuncs.cpython-310-x86_64-linux-gnu.so
7281da8ae000-7281da8b6000 rw-p 00000000 00:00 0 
7281da8b6000-7281da8b9000 rw-p 00189000 00:6a 10226473                   /home/ubuntu/.local/lib/python3.10/site-packages/scipy/special/_ufuncs.cpython-310-x86_64-linux-gnu.so
7281da8b9000-7281da8bb000 rw-p 0018c000 00:6a 10226473                   /home/ubuntu/.local/lib/python3.10/site-packages/scipy/special/_ufuncs.cpython-310-x86_64-linux-gnu.so
7281da8bb000-7281da9bb000 rw-p 00000000 00:00 0 
7281da9bb000-7281da9f8000 r--p 00000000 00:6a 10226371                   /home/ubuntu/.local/lib/python3.10/site-packages/scipy/linalg/_flapack.cpython-310-x86_64-linux-gnu.so
7281da9f8000-7281daac5000 r-xp 0003d000 00:6a 10226371                   /home/ubuntu/.local/lib/python3.10/site-packages/scipy/linalg/_flapack.cpython-310-x86_64-linux-gnu.so
7281daac5000-7281dab45000 r--p 0010a000 00:6a 10226371                   /home/ubuntu/.local/lib/python3.10/site-packages/scipy/linalg/_flapack.cpython-310-x86_64-linux-gnu.so
7281dab45000-7281dab46000 r--p 00189000 00:6a 10226371                   /home/ubuntu/.local/lib/python3.10/site-packages/scipy/linalg/_flapack.cpython-310-x86_64-linux-gnu.so
7281dab46000-7281dabd5000 rw-p 0018a000 00:6a 10226371                   /home/ubuntu/.local/lib/python3.10/site-packages/scipy/linalg/_flapack.cpython-310-x86_64-linux-gnu.so
7281dabd5000-7281dabe6000 rw-p 00246000 00:6a 10226371                   /home/ubuntu/.local/lib/python3.10/site-packages/scipy/linalg/_flapack.cpython-310-x86_64-linux-gnu.so
7281dabe6000-7281dabed000 rw-p 00257000 00:6a 10226371                   /home/ubuntu/.local/lib/python3.10/site-packages/scipy/linalg/_flapack.cpython-310-x86_64-linux-gnu.so
7281dabed000-7281dabee000 ---p 00000000 00:00 0 
7281dabee000-7281db3ee000 rw-p 00000000 00:00 0 
7281db3ee000-7281db3ef000 ---p 00000000 00:00 0 
7281db3ef000-7281dbbef000 rw-p 00000000 00:00 0 
7281dbbef000-7281dbbf0000 ---p 00000000 00:00 0 
7281dbbf0000-7281dc3f0000 rw-p 00000000 00:00 0 
7281dc3f0000-7281dc3f1000 ---p 00000000 00:00 0 
7281dc3f1000-7281dcbf1000 rw-p 00000000 00:00 0 
7281dcbf1000-7281dcbf2000 ---p 00000000 00:00 0 
7281dcbf2000-7281dd3f2000 rw-p 00000000 00:00 0 
7281dd3f2000-7281dd3f3000 ---p 00000000 00:00 0 
7281dd3f3000-7281ddbf3000 rw-p 00000000 00:00 0 
7281ddbf3000-7281ddbf4000 ---p 00000000 00:00 0 
7281ddbf4000-7281de3f4000 rw-p 00000000 00:00 0 
7281de3f4000-7281de3f5000 ---p 00000000 00:00 0 
7281de3f5000-7281debf5000 rw-p 00000000 00:00 0 
7281debf5000-7281debf6000 ---p 00000000 00:00 0 
7281debf6000-7281df3f6000 rw-p 00000000 00:00 0 
7281df3f6000-7281df3f7000 ---p 00000000 00:00 0 
7281df3f7000-7281dfbf7000 rw-p 00000000 00:00 0 
7281dfbf7000-7281dfbf8000 ---p 00000000 00:00 0 
7281dfbf8000-7281e03f8000 rw-p 00000000 00:00 0 
7281e03f8000-7281e03f9000 ---p 00000000 00:00 0 
7281e03f9000-7281e0bf9000 rw-p 00000000 00:00 0 
7281e0bf9000-7281e0bfa000 ---p 00000000 00:00 0 
7281e0bfa000-7281e13fa000 rw-p 00000000 00:00 0 
7281e13fa000-7281e13fb000 ---p 00000000 00:00 0 
7281e13fb000-7281e1bfb000 rw-p 00000000 00:00 0 
7281e1bfb000-7281e1bfc000 ---p 00000000 00:00 0 
7281e1bfc000-7281e23fc000 rw-p 00000000 00:00 0 
7281e23fc000-7281e23fd000 ---p 00000000 00:00 0 
7281e23fd000-7281e2bfd000 rw-p 00000000 00:00 0 
7281e2bfd000-7281e2bfe000 ---p 00000000 00:00 0 
7281e2bfe000-7281e33fe000 rw-p 00000000 00:00 0 
7281e33fe000-7281e33ff000 ---p 00000000 00:00 0 
7281e33ff000-7281e3bff000 rw-p 00000000 00:00 0 
7281e3bff000-7281e3c00000 ---p 00000000 00:00 0 
7281e3c00000-7281e4400000 rw-p 00000000 00:00 0 
7281e4400000-72820c400000 rw-p 00000000 00:00 0 
72820c400000-72820c43b000 r-xp 00000000 00:6a 10227622                   /home/ubuntu/.local/lib/python3.10/site-packages/scipy.libs/libquadmath-96973f99-934c22de.so.0.0.0
72820c43b000-72820c63a000 ---p 0003b000 00:6a 10227622                   /home/ubuntu/.local/lib/python3.10/site-packages/scipy.libs/libquadmath-96973f99-934c22de.so.0.0.0
72820c63a000-72820c63b000 r--p 0003a000 00:6a 10227622                   /home/ubuntu/.local/lib/python3.10/site-packages/scipy.libs/libquadmath-96973f99-934c22de.so.0.0.0
72820c63b000-72820c63c000 rw-p 0003b000 00:6a 10227622                   /home/ubuntu/.local/lib/python3.10/site-packages/scipy.libs/libquadmath-96973f99-934c22de.so.0.0.0
72820c63c000-72820c63d000 rw-p 0003c000 00:6a 10227622                   /home/ubuntu/.local/lib/python3.10/site-packages/scipy.libs/libquadmath-96973f99-934c22de.so.0.0.0
72820c63d000-72820c63e000 rw-p 0003d000 00:6a 10227622                   /home/ubuntu/.local/lib/python3.10/site-packages/scipy.libs/libquadmath-96973f99-934c22de.so.0.0.0
72820c63e000-72820c65a000 r--p 00000000 00:6a 10226100                   /home/ubuntu/.local/lib/python3.10/site-packages/scipy/integrate/_lsoda.cpython-310-x86_64-linux-gnu.so
72820c65a000-72820c675000 r-xp 0001c000 00:6a 10226100                   /home/ubuntu/.local/lib/python3.10/site-packages/scipy/integrate/_lsoda.cpython-310-x86_64-linux-gnu.so
72820c675000-72820c684000 r--p 00037000 00:6a 10226100                   /home/ubuntu/.local/lib/python3.10/site-packages/scipy/integrate/_lsoda.cpython-310-x86_64-linux-gnu.so
72820c684000-72820c685000 ---p 00046000 00:6a 10226100                   /home/ubuntu/.local/lib/python3.10/site-packages/scipy/integrate/_lsoda.cpython-310-x86_64-linux-gnu.so
72820c685000-72820c686000 r--p 00046000 00:6a 10226100                   /home/ubuntu/.local/lib/python3.10/site-packages/scipy/integrate/_lsoda.cpython-310-x86_64-linux-gnu.so
72820c686000-72820c68b000 rw-p 00047000 00:6a 10226100                   /home/ubuntu/.local/lib/python3.10/site-packages/scipy/integrate/_lsoda.cpython-310-x86_64-linux-gnu.so
72820c68b000-72820c69c000 rw-p 00067000 00:6a 10226100                   /home/ubuntu/.local/lib/python3.10/site-packages/scipy/integrate/_lsoda.cpython-310-x86_64-linux-gnu.so
72820c69c000-72820c6a3000 rw-p 00078000 00:6a 10226100                   /home/ubuntu/.local/lib/python3.10/site-packages/scipy/integrate/_lsoda.cpython-310-x86_64-linux-gnu.so
72820c6a3000-72820c6be000 r--p 00000000 00:6a 10226108                   /home/ubuntu/.local/lib/python3.10/site-packages/scipy/integrate/_odepack.cpython-310-x86_64-linux-gnu.so
72820c6be000-72820c6d6000 r-xp 0001b000 00:6a 10226108                   /home/ubuntu/.local/lib/python3.10/site-packages/scipy/integrate/_odepack.cpython-310-x86_64-linux-gnu.so
72820c6d6000-72820c6e4000 r--p 00033000 00:6a 10226108                   /home/ubuntu/.local/lib/python3.10/site-packages/scipy/integrate/_odepack.cpython-310-x86_64-linux-gnu.so
72820c6e4000-72820c6e5000 r--p 00040000 00:6a 10226108                   /home/ubuntu/.local/lib/python3.10/site-packages/scipy/integrate/_odepack.cpython-310-x86_64-linux-gnu.so
72820c6e5000-72820c6e9000 rw-p 00041000 00:6a 10226108                   /home/ubuntu/.local/lib/python3.10/site-packages/scipy/integrate/_odepack.cpython-310-x86_64-linux-gnu.so
72820c6e9000-72820c6ea000 rw-p 00000000 00:00 0 
72820c6ea000-72820c6fa000 rw-p 0005f000 00:6a 10226108                   /home/ubuntu/.local/lib/python3.10/site-packages/scipy/integrate/_odepack.cpython-310-x86_64-linux-gnu.so
72820c6fa000-72820c700000 rw-p 0006f000 00:6a 10226108                   /home/ubuntu/.local/lib/python3.10/site-packages/scipy/integrate/_odepack.cpython-310-x86_64-linux-gnu.so
72820c700000-72820c800000 rw-p 00000000 00:00 0 
72820c800000-72820ca76000 r-xp 00000000 00:6a 10227618                   /home/ubuntu/.local/lib/python3.10/site-packages/scipy.libs/libgfortran-040039e1-0352e75f.so.5.0.0
72820ca76000-72820cc75000 ---p 00276000 00:6a 10227618                   /home/ubuntu/.local/lib/python3.10/site-packages/scipy.libs/libgfortran-040039e1-0352e75f.so.5.0.0
72820cc75000-72820cc76000 r--p 00275000 00:6a 10227618                   /home/ubuntu/.local/lib/python3.10/site-packages/scipy.libs/libgfortran-040039e1-0352e75f.so.5.0.0
72820cc76000-72820cc78000 rw-p 00276000 00:6a 10227618                   /home/ubuntu/.local/lib/python3.10/site-packages/scipy.libs/libgfortran-040039e1-0352e75f.so.5.0.0
72820cc78000-72820cc84000 rw-p 0027b000 00:6a 10227618                   /home/ubuntu/.local/lib/python3.10/site-packages/scipy.libs/libgfortran-040039e1-0352e75f.so.5.0.0
72820cc84000-72820cc8d000 rw-p 00287000 00:6a 10227618                   /home/ubuntu/.local/lib/python3.10/site-packages/scipy.libs/libgfortran-040039e1-0352e75f.so.5.0.0
72820cc8d000-72820cc96000 rw-p 00290000 00:6a 10227618                   /home/ubuntu/.local/lib/python3.10/site-packages/scipy.libs/libgfortran-040039e1-0352e75f.so.5.0.0
72820cc96000-72820cc9f000 rw-p 00299000 00:6a 10227618                   /home/ubuntu/.local/lib/python3.10/site-packages/scipy.libs/libgfortran-040039e1-0352e75f.so.5.0.0
72820cc9f000-72820cca8000 rw-p 002a2000 00:6a 10227618                   /home/ubuntu/.local/lib/python3.10/site-packages/scipy.libs/libgfortran-040039e1-0352e75f.so.5.0.0
72820cca8000-72820ccb1000 rw-p 002ab000 00:6a 10227618                   /home/ubuntu/.local/lib/python3.10/site-packages/scipy.libs/libgfortran-040039e1-0352e75f.so.5.0.0
72820ccb3000-72820ccb5000 r--p 00000000 00:6a 10553188                   /usr/lib/jvm/java-17-openjdk-amd64/lib/libzip.so
72820ccb5000-72820ccba000 r-xp 00002000 00:6a 10553188                   /usr/lib/jvm/java-17-openjdk-amd64/lib/libzip.so
72820ccba000-72820ccbc000 r--p 00007000 00:6a 10553188                   /usr/lib/jvm/java-17-openjdk-amd64/lib/libzip.so
72820ccbc000-72820ccbd000 r--p 00008000 00:6a 10553188                   /usr/lib/jvm/java-17-openjdk-amd64/lib/libzip.so
72820ccbd000-72820ccbe000 rw-p 00009000 00:6a 10553188                   /usr/lib/jvm/java-17-openjdk-amd64/lib/libzip.so
72820ccbe000-72820ccc4000 r--p 00000000 00:6a 10226214                   /home/ubuntu/.local/lib/python3.10/site-packages/scipy/optimize/_bglu_dense.cpython-310-x86_64-linux-gnu.so
72820ccc4000-72820ccff000 r-xp 00006000 00:6a 10226214                   /home/ubuntu/.local/lib/python3.10/site-packages/scipy/optimize/_bglu_dense.cpython-310-x86_64-linux-gnu.so
72820ccff000-72820cd09000 r--p 00041000 00:6a 10226214                   /home/ubuntu/.local/lib/python3.10/site-packages/scipy/optimize/_bglu_dense.cpython-310-x86_64-linux-gnu.so
72820cd09000-72820cd0a000 ---p 0004b000 00:6a 10226214                   /home/ubuntu/.local/lib/python3.10/site-packages/scipy/optimize/_bglu_dense.cpython-310-x86_64-linux-gnu.so
72820cd0a000-72820cd0b000 r--p 0004b000 00:6a 10226214                   /home/ubuntu/.local/lib/python3.10/site-packages/scipy/optimize/_bglu_dense.cpython-310-x86_64-linux-gnu.so
72820cd0b000-72820cd0e000 rw-p 0004c000 00:6a 10226214                   /home/ubuntu/.local/lib/python3.10/site-packages/scipy/optimize/_bglu_dense.cpython-310-x86_64-linux-gnu.so
72820cd0e000-72820ce0f000 rw-p 00000000 00:00 0 
72820ce0f000-72820ceba000 r--p 00000000 00:6a 10227621                   /home/ubuntu/.local/lib/python3.10/site-packages/scipy.libs/libscipy_openblas-68440149.so
72820ceba000-72820dfcb000 r-xp 000ab000 00:6a 10227621                   /home/ubuntu/.local/lib/python3.10/site-packages/scipy.libs/libscipy_openblas-68440149.so
72820dfcb000-72820e17a000 r--p 011bc000 00:6a 10227621                   /home/ubuntu/.local/lib/python3.10/site-packages/scipy.libs/libscipy_openblas-68440149.so
72820e17a000-72820e180000 r--p 0136a000 00:6a 10227621                   /home/ubuntu/.local/lib/python3.10/site-packages/scipy.libs/libscipy_openblas-68440149.so
72820e180000-72820e18b000 rw-p 01370000 00:6a 10227621                   /home/ubuntu/.local/lib/python3.10/site-packages/scipy.libs/libscipy_openblas-68440149.so
72820e18b000-72820e193000 rw-p 00000000 00:00 0 
72820e193000-72820e1d5000 rw-p 01435000 00:6a 10227621                   /home/ubuntu/.local/lib/python3.10/site-packages/scipy.libs/libscipy_openblas-68440149.so
72820e1d5000-72820e203000 rw-p 01477000 00:6a 10227621                   /home/ubuntu/.local/lib/python3.10/site-packages/scipy.libs/libscipy_openblas-68440149.so
72820e203000-72820e231000 rw-p 014a5000 00:6a 10227621                   /home/ubuntu/.local/lib/python3.10/site-packages/scipy.libs/libscipy_openblas-68440149.so
72820e231000-72820e25f000 rw-p 014d3000 00:6a 10227621                   /home/ubuntu/.local/lib/python3.10/site-packages/scipy.libs/libscipy_openblas-68440149.so
72820e25f000-72820e28d000 rw-p 01501000 00:6a 10227621                   /home/ubuntu/.local/lib/python3.10/site-packages/scipy.libs/libscipy_openblas-68440149.so
72820e28d000-72820e38d000 rw-p 00000000 00:00 0 
72820e38d000-72820e390000 r--p 00000000 00:6a 10226810                   /home/ubuntu/.local/lib/python3.10/site-packages/scipy/sparse/_sparsetools.cpython-310-x86_64-linux-gnu.so
72820e390000-72820e747000 r-xp 00003000 00:6a 10226810                   /home/ubuntu/.local/lib/python3.10/site-packages/scipy/sparse/_sparsetools.cpython-310-x86_64-linux-gnu.so
72820e747000-72820e799000 r--p 003ba000 00:6a 10226810                   /home/ubuntu/.local/lib/python3.10/site-packages/scipy/sparse/_sparsetools.cpython-310-x86_64-linux-gnu.so
72820e799000-72820e79a000 r--p 0040b000 00:6a 10226810                   /home/ubuntu/.local/lib/python3.10/site-packages/scipy/sparse/_sparsetools.cpython-310-x86_64-linux-gnu.so
72820e79a000-72820e79b000 rw-p 0040c000 00:6a 10226810                   /home/ubuntu/.local/lib/python3.10/site-packages/scipy/sparse/_sparsetools.cpython-310-x86_64-linux-gnu.so
72820e79b000-72820e89b000 rw-p 00000000 00:00 0 
72820e89b000-72820e8e8000 r--p 00000000 00:6a 10235024                   /home/ubuntu/.local/lib/python3.10/site-packages/tiktoken/_tiktoken.cpython-310-x86_64-linux-gnu.so
72820e8e8000-72820ea47000 r-xp 0004d000 00:6a 10235024                   /home/ubuntu/.local/lib/python3.10/site-packages/tiktoken/_tiktoken.cpython-310-x86_64-linux-gnu.so
72820ea47000-72820eacb000 r--p 001ac000 00:6a 10235024                   /home/ubuntu/.local/lib/python3.10/site-packages/tiktoken/_tiktoken.cpython-310-x86_64-linux-gnu.so
72820eacb000-72820eacc000 ---p 00230000 00:6a 10235024                   /home/ubuntu/.local/lib/python3.10/site-packages/tiktoken/_tiktoken.cpython-310-x86_64-linux-gnu.so
72820eacc000-72820eb0b000 r--p 00230000 00:6a 10235024                   /home/ubuntu/.local/lib/python3.10/site-packages/tiktoken/_tiktoken.cpython-310-x86_64-linux-gnu.so
72820eb0b000-72820eb0c000 rw-p 0026f000 00:6a 10235024                   /home/ubuntu/.local/lib/python3.10/site-packages/tiktoken/_tiktoken.cpython-310-x86_64-linux-gnu.so
72820eb0c000-72820f00c000 rw-p 00000000 00:00 0 
72820f00c000-72820f0a3000 r--p 00000000 00:6a 10238461                   /home/ubuntu/.local/lib/python3.10/site-packages/tokenizers/tokenizers.cpython-310-x86_64-linux-gnu.so
72820f0a3000-72820f44f000 r-xp 00097000 00:6a 10238461                   /home/ubuntu/.local/lib/python3.10/site-packages/tokenizers/tokenizers.cpython-310-x86_64-linux-gnu.so
72820f44f000-72820f5d1000 r--p 00443000 00:6a 10238461                   /home/ubuntu/.local/lib/python3.10/site-packages/tokenizers/tokenizers.cpython-310-x86_64-linux-gnu.so
72820f5d1000-72820f64b000 r--p 005c4000 00:6a 10238461                   /home/ubuntu/.local/lib/python3.10/site-packages/tokenizers/tokenizers.cpython-310-x86_64-linux-gnu.so
72820f64b000-72820f652000 rw-p 0063e000 00:6a 10238461                   /home/ubuntu/.local/lib/python3.10/site-packages/tokenizers/tokenizers.cpython-310-x86_64-linux-gnu.so
72820f652000-72820f6a7000 r--p 00000000 00:6a 10172736                   /home/ubuntu/.local/lib/python3.10/site-packages/sentencepiece/_sentencepiece.cpython-310-x86_64-linux-gnu.so
72820f6a7000-72820f7e5000 r-xp 00055000 00:6a 10172736                   /home/ubuntu/.local/lib/python3.10/site-packages/sentencepiece/_sentencepiece.cpython-310-x86_64-linux-gnu.so
72820f7e5000-72820f835000 r--p 00193000 00:6a 10172736                   /home/ubuntu/.local/lib/python3.10/site-packages/sentencepiece/_sentencepiece.cpython-310-x86_64-linux-gnu.so
72820f835000-72820f838000 r--p 001e3000 00:6a 10172736                   /home/ubuntu/.local/lib/python3.10/site-packages/sentencepiece/_sentencepiece.cpython-310-x86_64-linux-gnu.so
72820f838000-72820f83b000 rw-p 001e6000 00:6a 10172736                   /home/ubuntu/.local/lib/python3.10/site-packages/sentencepiece/_sentencepiece.cpython-310-x86_64-linux-gnu.so
72820f83b000-72821093b000 rw-p 00000000 00:00 0 
72821093c000-72821093e000 r--p 00000000 00:6a 10553178                   /usr/lib/jvm/java-17-openjdk-amd64/lib/libmanagement_ext.so
72821093e000-728210941000 r-xp 00002000 00:6a 10553178                   /usr/lib/jvm/java-17-openjdk-amd64/lib/libmanagement_ext.so
728210941000-728210943000 r--p 00005000 00:6a 10553178                   /usr/lib/jvm/java-17-openjdk-amd64/lib/libmanagement_ext.so
728210943000-728210944000 r--p 00006000 00:6a 10553178                   /usr/lib/jvm/java-17-openjdk-amd64/lib/libmanagement_ext.so
728210944000-728210945000 rw-p 00007000 00:6a 10553178                   /usr/lib/jvm/java-17-openjdk-amd64/lib/libmanagement_ext.so
728210945000-728210949000 r--p 00000000 00:6a 10229401                   /home/ubuntu/.local/lib/python3.10/site-packages/pandas/_libs/properties.cpython-310-x86_64-linux-gnu.so
728210949000-728210955000 r-xp 00004000 00:6a 10229401                   /home/ubuntu/.local/lib/python3.10/site-packages/pandas/_libs/properties.cpython-310-x86_64-linux-gnu.so
728210955000-728210958000 r--p 00010000 00:6a 10229401                   /home/ubuntu/.local/lib/python3.10/site-packages/pandas/_libs/properties.cpython-310-x86_64-linux-gnu.so
728210958000-728210959000 r--p 00012000 00:6a 10229401                   /home/ubuntu/.local/lib/python3.10/site-packages/pandas/_libs/properties.cpython-310-x86_64-linux-gnu.so
728210959000-72821095a000 rw-p 00013000 00:6a 10229401                   /home/ubuntu/.local/lib/python3.10/site-packages/pandas/_libs/properties.cpython-310-x86_64-linux-gnu.so
72821095a000-72821095b000 rw-p 00000000 00:00 0 
72821095b000-728210961000 r--p 00000000 00:6a 10229426                   /home/ubuntu/.local/lib/python3.10/site-packages/pandas/_libs/tslibs/nattype.cpython-310-x86_64-linux-gnu.so
728210961000-728210982000 r-xp 00006000 00:6a 10229426                   /home/ubuntu/.local/lib/python3.10/site-packages/pandas/_libs/tslibs/nattype.cpython-310-x86_64-linux-gnu.so
728210982000-728210990000 r--p 00027000 00:6a 10229426                   /home/ubuntu/.local/lib/python3.10/site-packages/pandas/_libs/tslibs/nattype.cpython-310-x86_64-linux-gnu.so
728210990000-728210992000 r--p 00034000 00:6a 10229426                   /home/ubuntu/.local/lib/python3.10/site-packages/pandas/_libs/tslibs/nattype.cpython-310-x86_64-linux-gnu.so
728210992000-728210994000 rw-p 00036000 00:6a 10229426                   /home/ubuntu/.local/lib/python3.10/site-packages/pandas/_libs/tslibs/nattype.cpython-310-x86_64-linux-gnu.so
728210994000-728210995000 rw-p 00000000 00:00 0 
728210995000-7282109a0000 r--p 00000000 00:6a 10229440                   /home/ubuntu/.local/lib/python3.10/site-packages/pandas/_libs/tslibs/timestamps.cpython-310-x86_64-linux-gnu.so
7282109a0000-728210a07000 r-xp 0000b000 00:6a 10229440                   /home/ubuntu/.local/lib/python3.10/site-packages/pandas/_libs/tslibs/timestamps.cpython-310-x86_64-linux-gnu.so
728210a07000-728210a28000 r--p 00072000 00:6a 10229440                   /home/ubuntu/.local/lib/python3.10/site-packages/pandas/_libs/tslibs/timestamps.cpython-310-x86_64-linux-gnu.so
728210a28000-728210a2b000 r--p 00092000 00:6a 10229440                   /home/ubuntu/.local/lib/python3.10/site-packages/pandas/_libs/tslibs/timestamps.cpython-310-x86_64-linux-gnu.so
728210a2b000-728210a2e000 rw-p 00095000 00:6a 10229440                   /home/ubuntu/.local/lib/python3.10/site-packages/pandas/_libs/tslibs/timestamps.cpython-310-x86_64-linux-gnu.so
728210a2e000-728210a30000 rw-p 00000000 00:00 0 
728210a30000-728210a40000 r--p 00000000 00:6a 10229430                   /home/ubuntu/.local/lib/python3.10/site-packages/pandas/_libs/tslibs/offsets.cpython-310-x86_64-linux-gnu.so
728210a40000-728210aff000 r-xp 00010000 00:6a 10229430                   /home/ubuntu/.local/lib/python3.10/site-packages/pandas/_libs/tslibs/offsets.cpython-310-x86_64-linux-gnu.so
728210aff000-728210b24000 r--p 000cf000 00:6a 10229430                   /home/ubuntu/.local/lib/python3.10/site-packages/pandas/_libs/tslibs/offsets.cpython-310-x86_64-linux-gnu.so
728210b24000-728210b28000 r--p 000f3000 00:6a 10229430                   /home/ubuntu/.local/lib/python3.10/site-packages/pandas/_libs/tslibs/offsets.cpython-310-x86_64-linux-gnu.so
728210b28000-728210b32000 rw-p 000f7000 00:6a 10229430                   /home/ubuntu/.local/lib/python3.10/site-packages/pandas/_libs/tslibs/offsets.cpython-310-x86_64-linux-gnu.so
728210b32000-728210b36000 rw-p 00000000 00:00 0 
728210b36000-728210b3d000 r--p 00000000 00:6a 10229420                   /home/ubuntu/.local/lib/python3.10/site-packages/pandas/_libs/tslibs/conversion.cpython-310-x86_64-linux-gnu.so
728210b3d000-728210b73000 r-xp 00007000 00:6a 10229420                   /home/ubuntu/.local/lib/python3.10/site-packages/pandas/_libs/tslibs/conversion.cpython-310-x86_64-linux-gnu.so
728210b73000-728210b7d000 r--p 0003d000 00:6a 10229420                   /home/ubuntu/.local/lib/python3.10/site-packages/pandas/_libs/tslibs/conversion.cpython-310-x86_64-linux-gnu.so
728210b7d000-728210b7f000 r--p 00046000 00:6a 10229420                   /home/ubuntu/.local/lib/python3.10/site-packages/pandas/_libs/tslibs/conversion.cpython-310-x86_64-linux-gnu.so
728210b7f000-728210b81000 rw-p 00048000 00:6a 10229420                   /home/ubuntu/.local/lib/python3.10/site-packages/pandas/_libs/tslibs/conversion.cpython-310-x86_64-linux-gnu.so
728210b81000-728210b82000 rw-p 00000000 00:00 0 
728210b82000-728210b86000 r--p 00000000 00:6a 10229428                   /home/ubuntu/.local/lib/python3.10/site-packages/pandas/_libs/tslibs/np_datetime.cpython-310-x86_64-linux-gnu.so
728210b86000-728210b9d000 r-xp 00004000 00:6a 10229428                   /home/ubuntu/.local/lib/python3.10/site-packages/pandas/_libs/tslibs/np_datetime.cpython-310-x86_64-linux-gnu.so
728210b9d000-728210ba2000 r--p 0001b000 00:6a 10229428                   /home/ubuntu/.local/lib/python3.10/site-packages/pandas/_libs/tslibs/np_datetime.cpython-310-x86_64-linux-gnu.so
728210ba2000-728210ba3000 r--p 00020000 00:6a 10229428                   /home/ubuntu/.local/lib/python3.10/site-packages/pandas/_libs/tslibs/np_datetime.cpython-310-x86_64-linux-gnu.so
728210ba3000-728210ba4000 rw-p 00021000 00:6a 10229428                   /home/ubuntu/.local/lib/python3.10/site-packages/pandas/_libs/tslibs/np_datetime.cpython-310-x86_64-linux-gnu.so
728210ba4000-728210ba5000 rw-p 00000000 00:00 0 
728210ba5000-728210ba9000 r--p 00000000 00:6a 10229418                   /home/ubuntu/.local/lib/python3.10/site-packages/pandas/_libs/tslibs/ccalendar.cpython-310-x86_64-linux-gnu.so
728210ba9000-728210bb7000 r-xp 00004000 00:6a 10229418                   /home/ubuntu/.local/lib/python3.10/site-packages/pandas/_libs/tslibs/ccalendar.cpython-310-x86_64-linux-gnu.so
728210bb7000-728210bba000 r--p 00012000 00:6a 10229418                   /home/ubuntu/.local/lib/python3.10/site-packages/pandas/_libs/tslibs/ccalendar.cpython-310-x86_64-linux-gnu.so
728210bba000-728210bbb000 r--p 00015000 00:6a 10229418                   /home/ubuntu/.local/lib/python3.10/site-packages/pandas/_libs/tslibs/ccalendar.cpython-310-x86_64-linux-gnu.so
728210bbb000-728210bbc000 rw-p 00016000 00:6a 10229418                   /home/ubuntu/.local/lib/python3.10/site-packages/pandas/_libs/tslibs/ccalendar.cpython-310-x86_64-linux-gnu.so
728210bbc000-7282111bc000 rw-p 00000000 00:00 0 
7282111bc000-72821126e000 r--p 00000000 00:6a 25773368                   /usr/lib/x86_64-linux-gnu/libcrypto.so.3
72821126e000-7282114cd000 r-xp 000b2000 00:6a 25773368                   /usr/lib/x86_64-linux-gnu/libcrypto.so.3
7282114cd000-72821159f000 r--p 00311000 00:6a 25773368                   /usr/lib/x86_64-linux-gnu/libcrypto.so.3
72821159f000-7282115fa000 r--p 003e2000 00:6a 25773368                   /usr/lib/x86_64-linux-gnu/libcrypto.so.3
7282115fa000-7282115fd000 rw-p 0043d000 00:6a 25773368                   /usr/lib/x86_64-linux-gnu/libcrypto.so.3
7282115fd000-728215600000 rw-p 00000000 00:00 0 
728215602000-728215608000 r--p 00000000 00:6a 10226226                   /home/ubuntu/.local/lib/python3.10/site-packages/scipy/optimize/_highspy/_highs_options.cpython-310-x86_64-linux-gnu.so
728215608000-72821563d000 r-xp 00006000 00:6a 10226226                   /home/ubuntu/.local/lib/python3.10/site-packages/scipy/optimize/_highspy/_highs_options.cpython-310-x86_64-linux-gnu.so
72821563d000-72821564e000 r--p 0003b000 00:6a 10226226                   /home/ubuntu/.local/lib/python3.10/site-packages/scipy/optimize/_highspy/_highs_options.cpython-310-x86_64-linux-gnu.so
72821564e000-72821564f000 r--p 0004b000 00:6a 10226226                   /home/ubuntu/.local/lib/python3.10/site-packages/scipy/optimize/_highspy/_highs_options.cpython-310-x86_64-linux-gnu.so
72821564f000-728215650000 rw-p 0004c000 00:6a 10226226                   /home/ubuntu/.local/lib/python3.10/site-packages/scipy/optimize/_highspy/_highs_options.cpython-310-x86_64-linux-gnu.so
728215650000-72821566b000 r--p 00000000 00:6a 10226211                   /home/ubuntu/.local/lib/python3.10/site-packages/scipy/optimize/_lbfgsb.cpython-310-x86_64-linux-gnu.so
72821566b000-728215680000 r-xp 0001b000 00:6a 10226211                   /home/ubuntu/.local/lib/python3.10/site-packages/scipy/optimize/_lbfgsb.cpython-310-x86_64-linux-gnu.so
728215680000-72821568c000 r--p 00030000 00:6a 10226211                   /home/ubuntu/.local/lib/python3.10/site-packages/scipy/optimize/_lbfgsb.cpython-310-x86_64-linux-gnu.so
72821568c000-72821568d000 ---p 0003c000 00:6a 10226211                   /home/ubuntu/.local/lib/python3.10/site-packages/scipy/optimize/_lbfgsb.cpython-310-x86_64-linux-gnu.so
72821568d000-72821568e000 r--p 0003c000 00:6a 10226211                   /home/ubuntu/.local/lib/python3.10/site-packages/scipy/optimize/_lbfgsb.cpython-310-x86_64-linux-gnu.so
72821568e000-728215692000 rw-p 0003d000 00:6a 10226211                   /home/ubuntu/.local/lib/python3.10/site-packages/scipy/optimize/_lbfgsb.cpython-310-x86_64-linux-gnu.so
728215692000-7282156a2000 rw-p 0005b000 00:6a 10226211                   /home/ubuntu/.local/lib/python3.10/site-packages/scipy/optimize/_lbfgsb.cpython-310-x86_64-linux-gnu.so
7282156a2000-7282156a8000 rw-p 0006b000 00:6a 10226211                   /home/ubuntu/.local/lib/python3.10/site-packages/scipy/optimize/_lbfgsb.cpython-310-x86_64-linux-gnu.so
7282156a8000-7282156ad000 r--p 00000000 00:6a 10226308                   /home/ubuntu/.local/lib/python3.10/site-packages/scipy/optimize/_trlib/_trlib.cpython-310-x86_64-linux-gnu.so
7282156ad000-7282156ec000 r-xp 00005000 00:6a 10226308                   /home/ubuntu/.local/lib/python3.10/site-packages/scipy/optimize/_trlib/_trlib.cpython-310-x86_64-linux-gnu.so
7282156ec000-7282156f6000 r--p 00044000 00:6a 10226308                   /home/ubuntu/.local/lib/python3.10/site-packages/scipy/optimize/_trlib/_trlib.cpython-310-x86_64-linux-gnu.so
7282156f6000-7282156f7000 r--p 0004d000 00:6a 10226308                   /home/ubuntu/.local/lib/python3.10/site-packages/scipy/optimize/_trlib/_trlib.cpython-310-x86_64-linux-gnu.so
7282156f7000-7282156f9000 rw-p 0004e000 00:6a 10226308                   /home/ubuntu/.local/lib/python3.10/site-packages/scipy/optimize/_trlib/_trlib.cpython-310-x86_64-linux-gnu.so
7282156f9000-7282156fa000 rw-p 00000000 00:00 0 
7282156fa000-7282156fd000 rw-p 00059000 00:6a 10226308                   /home/ubuntu/.local/lib/python3.10/site-packages/scipy/optimize/_trlib/_trlib.cpython-310-x86_64-linux-gnu.so
7282156fd000-7282156ff000 rw-p 0005c000 00:6a 10226308                   /home/ubuntu/.local/lib/python3.10/site-packages/scipy/optimize/_trlib/_trlib.cpython-310-x86_64-linux-gnu.so
7282156ff000-7282157ff000 rw-p 00000000 00:00 0 
7282157ff000-728215800000 ---p 00000000 00:00 0 
728215800000-728216000000 rw-p 00000000 00:00 0 
728216000000-728218000000 rw-p 00000000 00:00 0 
728218000000-728218004000 r--p 00000000 00:6a 10229379                   /home/ubuntu/.local/lib/python3.10/site-packages/pandas/_libs/indexing.cpython-310-x86_64-linux-gnu.so
728218004000-72821800c000 r-xp 00004000 00:6a 10229379                   /home/ubuntu/.local/lib/python3.10/site-packages/pandas/_libs/indexing.cpython-310-x86_64-linux-gnu.so
72821800c000-72821800f000 r--p 0000c000 00:6a 10229379                   /home/ubuntu/.local/lib/python3.10/site-packages/pandas/_libs/indexing.cpython-310-x86_64-linux-gnu.so
72821800f000-728218010000 r--p 0000e000 00:6a 10229379                   /home/ubuntu/.local/lib/python3.10/site-packages/pandas/_libs/indexing.cpython-310-x86_64-linux-gnu.so
728218010000-728218011000 rw-p 0000f000 00:6a 10229379                   /home/ubuntu/.local/lib/python3.10/site-packages/pandas/_libs/indexing.cpython-310-x86_64-linux-gnu.so
728218011000-728218018000 r--p 00000000 00:6a 10227608                   /home/ubuntu/.local/lib/python3.10/site-packages/scipy/spatial/transform/_rotation.cpython-310-x86_64-linux-gnu.so
728218018000-7282180c5000 r-xp 00007000 00:6a 10227608                   /home/ubuntu/.local/lib/python3.10/site-packages/scipy/spatial/transform/_rotation.cpython-310-x86_64-linux-gnu.so
7282180c5000-7282180f8000 r--p 000b4000 00:6a 10227608                   /home/ubuntu/.local/lib/python3.10/site-packages/scipy/spatial/transform/_rotation.cpython-310-x86_64-linux-gnu.so
7282180f8000-7282180f9000 r--p 000e6000 00:6a 10227608                   /home/ubuntu/.local/lib/python3.10/site-packages/scipy/spatial/transform/_rotation.cpython-310-x86_64-linux-gnu.so
7282180f9000-7282180fd000 rw-p 000e7000 00:6a 10227608                   /home/ubuntu/.local/lib/python3.10/site-packages/scipy/spatial/transform/_rotation.cpython-310-x86_64-linux-gnu.so
7282180fd000-7282181ff000 rw-p 00000000 00:00 0 
7282181ff000-728218200000 ---p 00000000 00:00 0 
728218200000-728218a00000 rw-p 00000000 00:00 0 
728218a00000-72821aa00000 rw-p 00000000 00:00 0 
72821aa00000-72821aa06000 r--s 00000000 08:00 45646521                   /home/ubuntu/tbazzocchi/FRAG/MedRAG/corpus/wikipedia/index/bm25/_s.fdx
72821aa06000-72821aa0a000 r--p 00000000 00:6a 10229395                   /home/ubuntu/.local/lib/python3.10/site-packages/pandas/_libs/ops_dispatch.cpython-310-x86_64-linux-gnu.so
72821aa0a000-72821aa11000 r-xp 00004000 00:6a 10229395                   /home/ubuntu/.local/lib/python3.10/site-packages/pandas/_libs/ops_dispatch.cpython-310-x86_64-linux-gnu.so
72821aa11000-72821aa13000 r--p 0000b000 00:6a 10229395                   /home/ubuntu/.local/lib/python3.10/site-packages/pandas/_libs/ops_dispatch.cpython-310-x86_64-linux-gnu.so
72821aa13000-72821aa14000 r--p 0000d000 00:6a 10229395                   /home/ubuntu/.local/lib/python3.10/site-packages/pandas/_libs/ops_dispatch.cpython-310-x86_64-linux-gnu.so
72821aa14000-72821aa15000 rw-p 0000e000 00:6a 10229395                   /home/ubuntu/.local/lib/python3.10/site-packages/pandas/_libs/ops_dispatch.cpython-310-x86_64-linux-gnu.so
72821aa15000-72821aa1a000 r--p 00000000 00:6a 10226229                   /home/ubuntu/.local/lib/python3.10/site-packages/scipy/optimize/_lsq/givens_elimination.cpython-310-x86_64-linux-gnu.so
72821aa1a000-72821aa3d000 r-xp 00005000 00:6a 10226229                   /home/ubuntu/.local/lib/python3.10/site-packages/scipy/optimize/_lsq/givens_elimination.cpython-310-x86_64-linux-gnu.so
72821aa3d000-72821aa44000 r--p 00028000 00:6a 10226229                   /home/ubuntu/.local/lib/python3.10/site-packages/scipy/optimize/_lsq/givens_elimination.cpython-310-x86_64-linux-gnu.so
72821aa44000-72821aa45000 ---p 0002f000 00:6a 10226229                   /home/ubuntu/.local/lib/python3.10/site-packages/scipy/optimize/_lsq/givens_elimination.cpython-310-x86_64-linux-gnu.so
72821aa45000-72821aa46000 r--p 0002f000 00:6a 10226229                   /home/ubuntu/.local/lib/python3.10/site-packages/scipy/optimize/_lsq/givens_elimination.cpython-310-x86_64-linux-gnu.so
72821aa46000-72821aa48000 rw-p 00030000 00:6a 10226229                   /home/ubuntu/.local/lib/python3.10/site-packages/scipy/optimize/_lsq/givens_elimination.cpython-310-x86_64-linux-gnu.so
72821aa48000-72821aa4e000 r--p 00000000 00:6a 10227543                   /home/ubuntu/.local/lib/python3.10/site-packages/scipy/spatial/_distance_pybind.cpython-310-x86_64-linux-gnu.so
72821aa4e000-72821aab4000 r-xp 00006000 00:6a 10227543                   /home/ubuntu/.local/lib/python3.10/site-packages/scipy/spatial/_distance_pybind.cpython-310-x86_64-linux-gnu.so
72821aab4000-72821aac5000 r--p 0006c000 00:6a 10227543                   /home/ubuntu/.local/lib/python3.10/site-packages/scipy/spatial/_distance_pybind.cpython-310-x86_64-linux-gnu.so
72821aac5000-72821aac6000 r--p 0007c000 00:6a 10227543                   /home/ubuntu/.local/lib/python3.10/site-packages/scipy/spatial/_distance_pybind.cpython-310-x86_64-linux-gnu.so
72821aac6000-72821aac7000 rw-p 0007d000 00:6a 10227543                   /home/ubuntu/.local/lib/python3.10/site-packages/scipy/spatial/_distance_pybind.cpython-310-x86_64-linux-gnu.so
72821aac7000-72821aacc000 r--p 00000000 00:6a 10227557                   /home/ubuntu/.local/lib/python3.10/site-packages/scipy/spatial/_hausdorff.cpython-310-x86_64-linux-gnu.so
72821aacc000-72821aaf3000 r-xp 00005000 00:6a 10227557                   /home/ubuntu/.local/lib/python3.10/site-packages/scipy/spatial/_hausdorff.cpython-310-x86_64-linux-gnu.so
72821aaf3000-72821aafa000 r--p 0002c000 00:6a 10227557                   /home/ubuntu/.local/lib/python3.10/site-packages/scipy/spatial/_hausdorff.cpython-310-x86_64-linux-gnu.so
72821aafa000-72821aafb000 ---p 00033000 00:6a 10227557                   /home/ubuntu/.local/lib/python3.10/site-packages/scipy/spatial/_hausdorff.cpython-310-x86_64-linux-gnu.so
72821aafb000-72821aafc000 r--p 00033000 00:6a 10227557                   /home/ubuntu/.local/lib/python3.10/site-packages/scipy/spatial/_hausdorff.cpython-310-x86_64-linux-gnu.so
72821aafc000-72821aafe000 rw-p 00034000 00:6a 10227557                   /home/ubuntu/.local/lib/python3.10/site-packages/scipy/spatial/_hausdorff.cpython-310-x86_64-linux-gnu.so
72821aafe000-72821abff000 rw-p 00000000 00:00 0 
72821abff000-72821ac00000 ---p 00000000 00:00 0 
72821ac00000-72821b400000 rw-p 00000000 00:00 0 
72821b400000-72821d400000 rw-p 00000000 00:00 0 
72821d401000-72821d403000 r--p 00000000 00:6a 10045286                   /usr/lib/python3.10/lib-dynload/_zoneinfo.cpython-310-x86_64-linux-gnu.so
72821d403000-72821d409000 r-xp 00002000 00:6a 10045286                   /usr/lib/python3.10/lib-dynload/_zoneinfo.cpython-310-x86_64-linux-gnu.so
72821d409000-72821d40b000 r--p 00008000 00:6a 10045286                   /usr/lib/python3.10/lib-dynload/_zoneinfo.cpython-310-x86_64-linux-gnu.so
72821d40b000-72821d40c000 r--p 00009000 00:6a 10045286                   /usr/lib/python3.10/lib-dynload/_zoneinfo.cpython-310-x86_64-linux-gnu.so
72821d40c000-72821d40d000 rw-p 0000a000 00:6a 10045286                   /usr/lib/python3.10/lib-dynload/_zoneinfo.cpython-310-x86_64-linux-gnu.so
72821d40d000-72821d410000 r--p 00000000 00:6a 10227515                   /home/ubuntu/.local/lib/python3.10/site-packages/scipy/interpolate/_dierckx.cpython-310-x86_64-linux-gnu.so
72821d410000-72821d41c000 r-xp 00003000 00:6a 10227515                   /home/ubuntu/.local/lib/python3.10/site-packages/scipy/interpolate/_dierckx.cpython-310-x86_64-linux-gnu.so
72821d41c000-72821d421000 r--p 0000f000 00:6a 10227515                   /home/ubuntu/.local/lib/python3.10/site-packages/scipy/interpolate/_dierckx.cpython-310-x86_64-linux-gnu.so
72821d421000-72821d422000 r--p 00013000 00:6a 10227515                   /home/ubuntu/.local/lib/python3.10/site-packages/scipy/interpolate/_dierckx.cpython-310-x86_64-linux-gnu.so
72821d422000-72821d424000 rw-p 00014000 00:6a 10227515                   /home/ubuntu/.local/lib/python3.10/site-packages/scipy/interpolate/_dierckx.cpython-310-x86_64-linux-gnu.so
72821d424000-72821d426000 rw-p 00020000 00:6a 10227515                   /home/ubuntu/.local/lib/python3.10/site-packages/scipy/interpolate/_dierckx.cpython-310-x86_64-linux-gnu.so
72821d426000-72821d427000 rw-p 00022000 00:6a 10227515                   /home/ubuntu/.local/lib/python3.10/site-packages/scipy/interpolate/_dierckx.cpython-310-x86_64-linux-gnu.so
72821d427000-72821d42f000 r--p 00000000 00:6a 10227558                   /home/ubuntu/.local/lib/python3.10/site-packages/scipy/spatial/_ckdtree.cpython-310-x86_64-linux-gnu.so
72821d42f000-72821d4d9000 r-xp 00008000 00:6a 10227558                   /home/ubuntu/.local/lib/python3.10/site-packages/scipy/spatial/_ckdtree.cpython-310-x86_64-linux-gnu.so
72821d4d9000-72821d4f8000 r--p 000b2000 00:6a 10227558                   /home/ubuntu/.local/lib/python3.10/site-packages/scipy/spatial/_ckdtree.cpython-310-x86_64-linux-gnu.so
72821d4f8000-72821d4f9000 ---p 000d1000 00:6a 10227558                   /home/ubuntu/.local/lib/python3.10/site-packages/scipy/spatial/_ckdtree.cpython-310-x86_64-linux-gnu.so
72821d4f9000-72821d4fa000 r--p 000d1000 00:6a 10227558                   /home/ubuntu/.local/lib/python3.10/site-packages/scipy/spatial/_ckdtree.cpython-310-x86_64-linux-gnu.so
72821d4fa000-72821d4fe000 rw-p 000d2000 00:6a 10227558                   /home/ubuntu/.local/lib/python3.10/site-packages/scipy/spatial/_ckdtree.cpython-310-x86_64-linux-gnu.so
72821d4fe000-72821d5ff000 rw-p 00000000 00:00 0 
72821d5ff000-72821d600000 ---p 00000000 00:00 0 
72821d600000-72821de00000 rw-p 00000000 00:00 0 
72821de00000-72821fe00000 rw-p 00000000 00:00 0 
72821fe00000-72821fe01000 r--p 00000000 00:6a 10227498                   /home/ubuntu/.local/lib/python3.10/site-packages/scipy/interpolate/_fitpack.cpython-310-x86_64-linux-gnu.so
72821fe01000-72821fe11000 r-xp 00001000 00:6a 10227498                   /home/ubuntu/.local/lib/python3.10/site-packages/scipy/interpolate/_fitpack.cpython-310-x86_64-linux-gnu.so
72821fe11000-72821fe13000 r--p 00011000 00:6a 10227498                   /home/ubuntu/.local/lib/python3.10/site-packages/scipy/interpolate/_fitpack.cpython-310-x86_64-linux-gnu.so
72821fe13000-72821fe14000 r--p 00012000 00:6a 10227498                   /home/ubuntu/.local/lib/python3.10/site-packages/scipy/interpolate/_fitpack.cpython-310-x86_64-linux-gnu.so
72821fe14000-72821fe15000 rw-p 00013000 00:6a 10227498                   /home/ubuntu/.local/lib/python3.10/site-packages/scipy/interpolate/_fitpack.cpython-310-x86_64-linux-gnu.so
72821fe15000-72821fe16000 rw-p 00015000 00:6a 10227498                   /home/ubuntu/.local/lib/python3.10/site-packages/scipy/interpolate/_fitpack.cpython-310-x86_64-linux-gnu.so
72821fe16000-72821fe17000 rw-p 00016000 00:6a 10227498                   /home/ubuntu/.local/lib/python3.10/site-packages/scipy/interpolate/_fitpack.cpython-310-x86_64-linux-gnu.so
72821fe17000-72821fe1a000 r--p 00000000 00:6a 10226101                   /home/ubuntu/.local/lib/python3.10/site-packages/scipy/integrate/_dop.cpython-310-x86_64-linux-gnu.so
72821fe1a000-72821fe28000 r-xp 00003000 00:6a 10226101                   /home/ubuntu/.local/lib/python3.10/site-packages/scipy/integrate/_dop.cpython-310-x86_64-linux-gnu.so
72821fe28000-72821fe2c000 r--p 00011000 00:6a 10226101                   /home/ubuntu/.local/lib/python3.10/site-packages/scipy/integrate/_dop.cpython-310-x86_64-linux-gnu.so
72821fe2c000-72821fe2d000 r--p 00014000 00:6a 10226101                   /home/ubuntu/.local/lib/python3.10/site-packages/scipy/integrate/_dop.cpython-310-x86_64-linux-gnu.so
72821fe2d000-72821fe2f000 rw-p 00015000 00:6a 10226101                   /home/ubuntu/.local/lib/python3.10/site-packages/scipy/integrate/_dop.cpython-310-x86_64-linux-gnu.so
72821fe2f000-72821fe31000 rw-p 0001a000 00:6a 10226101                   /home/ubuntu/.local/lib/python3.10/site-packages/scipy/integrate/_dop.cpython-310-x86_64-linux-gnu.so
72821fe31000-72821fe32000 rw-p 0001c000 00:6a 10226101                   /home/ubuntu/.local/lib/python3.10/site-packages/scipy/integrate/_dop.cpython-310-x86_64-linux-gnu.so
72821fe32000-72821fe37000 r--p 00000000 00:6a 10227550                   /home/ubuntu/.local/lib/python3.10/site-packages/scipy/spatial/_voronoi.cpython-310-x86_64-linux-gnu.so
72821fe37000-72821fe5c000 r-xp 00005000 00:6a 10227550                   /home/ubuntu/.local/lib/python3.10/site-packages/scipy/spatial/_voronoi.cpython-310-x86_64-linux-gnu.so
72821fe5c000-72821fe63000 r--p 0002a000 00:6a 10227550                   /home/ubuntu/.local/lib/python3.10/site-packages/scipy/spatial/_voronoi.cpython-310-x86_64-linux-gnu.so
72821fe63000-72821fe64000 ---p 00031000 00:6a 10227550                   /home/ubuntu/.local/lib/python3.10/site-packages/scipy/spatial/_voronoi.cpython-310-x86_64-linux-gnu.so
72821fe64000-72821fe65000 r--p 00031000 00:6a 10227550                   /home/ubuntu/.local/lib/python3.10/site-packages/scipy/spatial/_voronoi.cpython-310-x86_64-linux-gnu.so
72821fe65000-72821fe67000 rw-p 00032000 00:6a 10227550                   /home/ubuntu/.local/lib/python3.10/site-packages/scipy/spatial/_voronoi.cpython-310-x86_64-linux-gnu.so
72821fe67000-72821fe68000 rw-p 00000000 00:00 0 
72821fe68000-72821fe6a000 r--p 00000000 00:6a 10226444                   /home/ubuntu/.local/lib/python3.10/site-packages/scipy/special/_gufuncs.cpython-310-x86_64-linux-gnu.so
72821fe6a000-72821fef0000 r-xp 00002000 00:6a 10226444                   /home/ubuntu/.local/lib/python3.10/site-packages/scipy/special/_gufuncs.cpython-310-x86_64-linux-gnu.so
72821fef0000-72821fefd000 r--p 00088000 00:6a 10226444                   /home/ubuntu/.local/lib/python3.10/site-packages/scipy/special/_gufuncs.cpython-310-x86_64-linux-gnu.so
72821fefd000-72821fefe000 r--p 00094000 00:6a 10226444                   /home/ubuntu/.local/lib/python3.10/site-packages/scipy/special/_gufuncs.cpython-310-x86_64-linux-gnu.so
72821fefe000-72821feff000 rw-p 00095000 00:6a 10226444                   /home/ubuntu/.local/lib/python3.10/site-packages/scipy/special/_gufuncs.cpython-310-x86_64-linux-gnu.so
72821feff000-72821ffff000 rw-p 00000000 00:00 0 
72821ffff000-728220000000 ---p 00000000 00:00 0 
728220000000-728220800000 rw-p 00000000 00:00 0 
728220800000-728222800000 rw-p 00000000 00:00 0 
728222802000-72822280a000 rw-s 00000000 00:6a 10176869                   /tmp/hsperfdata_ubuntu/64899 (deleted)
72822280a000-72822280c000 r--p 00000000 00:6a 10226112                   /home/ubuntu/.local/lib/python3.10/site-packages/scipy/integrate/_quadpack.cpython-310-x86_64-linux-gnu.so
72822280c000-728222820000 r-xp 00002000 00:6a 10226112                   /home/ubuntu/.local/lib/python3.10/site-packages/scipy/integrate/_quadpack.cpython-310-x86_64-linux-gnu.so
728222820000-728222823000 r--p 00016000 00:6a 10226112                   /home/ubuntu/.local/lib/python3.10/site-packages/scipy/integrate/_quadpack.cpython-310-x86_64-linux-gnu.so
728222823000-728222824000 r--p 00018000 00:6a 10226112                   /home/ubuntu/.local/lib/python3.10/site-packages/scipy/integrate/_quadpack.cpython-310-x86_64-linux-gnu.so
728222824000-728222825000 rw-p 00019000 00:6a 10226112                   /home/ubuntu/.local/lib/python3.10/site-packages/scipy/integrate/_quadpack.cpython-310-x86_64-linux-gnu.so
728222825000-72822282a000 r--p 00000000 00:6a 10226451                   /home/ubuntu/.local/lib/python3.10/site-packages/scipy/special/_specfun.cpython-310-x86_64-linux-gnu.so
72822282a000-72822285d000 r-xp 00005000 00:6a 10226451                   /home/ubuntu/.local/lib/python3.10/site-packages/scipy/special/_specfun.cpython-310-x86_64-linux-gnu.so
72822285d000-728222864000 r--p 00038000 00:6a 10226451                   /home/ubuntu/.local/lib/python3.10/site-packages/scipy/special/_specfun.cpython-310-x86_64-linux-gnu.so
728222864000-728222865000 r--p 0003e000 00:6a 10226451                   /home/ubuntu/.local/lib/python3.10/site-packages/scipy/special/_specfun.cpython-310-x86_64-linux-gnu.so
728222865000-728222867000 rw-p 0003f000 00:6a 10226451                   /home/ubuntu/.local/lib/python3.10/site-packages/scipy/special/_specfun.cpython-310-x86_64-linux-gnu.so
728222867000-72822286c000 r--p 00000000 00:6a 10226853                   /home/ubuntu/.local/lib/python3.10/site-packages/scipy/sparse/csgraph/_traversal.cpython-310-x86_64-linux-gnu.so
72822286c000-7282228ea000 r-xp 00005000 00:6a 10226853                   /home/ubuntu/.local/lib/python3.10/site-packages/scipy/sparse/csgraph/_traversal.cpython-310-x86_64-linux-gnu.so
7282228ea000-7282228fb000 r--p 00083000 00:6a 10226853                   /home/ubuntu/.local/lib/python3.10/site-packages/scipy/sparse/csgraph/_traversal.cpython-310-x86_64-linux-gnu.so
7282228fb000-7282228fc000 r--p 00093000 00:6a 10226853                   /home/ubuntu/.local/lib/python3.10/site-packages/scipy/sparse/csgraph/_traversal.cpython-310-x86_64-linux-gnu.so
7282228fc000-7282228fe000 rw-p 00094000 00:6a 10226853                   /home/ubuntu/.local/lib/python3.10/site-packages/scipy/sparse/csgraph/_traversal.cpython-310-x86_64-linux-gnu.so
7282228fe000-7282229ff000 rw-p 00000000 00:00 0 
7282229ff000-728222a00000 ---p 00000000 00:00 0 
728222a00000-728223200000 rw-p 00000000 00:00 0 
728223200000-728225200000 rw-p 00000000 00:00 0 
728225200000-728225202000 r--p 00000000 00:6a 10553170                   /usr/lib/jvm/java-17-openjdk-amd64/lib/libjimage.so
728225202000-728225205000 r-xp 00002000 00:6a 10553170                   /usr/lib/jvm/java-17-openjdk-amd64/lib/libjimage.so
728225205000-728225206000 r--p 00005000 00:6a 10553170                   /usr/lib/jvm/java-17-openjdk-amd64/lib/libjimage.so
728225206000-728225207000 ---p 00006000 00:6a 10553170                   /usr/lib/jvm/java-17-openjdk-amd64/lib/libjimage.so
728225207000-728225208000 r--p 00006000 00:6a 10553170                   /usr/lib/jvm/java-17-openjdk-amd64/lib/libjimage.so
728225208000-728225209000 rw-p 00007000 00:6a 10553170                   /usr/lib/jvm/java-17-openjdk-amd64/lib/libjimage.so
728225209000-72822520e000 r--p 00000000 00:6a 10226218                   /home/ubuntu/.local/lib/python3.10/site-packages/scipy/optimize/_pava_pybind.cpython-310-x86_64-linux-gnu.so
72822520e000-728225227000 r-xp 00005000 00:6a 10226218                   /home/ubuntu/.local/lib/python3.10/site-packages/scipy/optimize/_pava_pybind.cpython-310-x86_64-linux-gnu.so
728225227000-728225230000 r--p 0001e000 00:6a 10226218                   /home/ubuntu/.local/lib/python3.10/site-packages/scipy/optimize/_pava_pybind.cpython-310-x86_64-linux-gnu.so
728225230000-728225231000 r--p 00026000 00:6a 10226218                   /home/ubuntu/.local/lib/python3.10/site-packages/scipy/optimize/_pava_pybind.cpython-310-x86_64-linux-gnu.so
728225231000-728225232000 rw-p 00027000 00:6a 10226218                   /home/ubuntu/.local/lib/python3.10/site-packages/scipy/optimize/_pava_pybind.cpython-310-x86_64-linux-gnu.so
728225232000-728225237000 r--p 00000000 00:6a 10226848                   /home/ubuntu/.local/lib/python3.10/site-packages/scipy/sparse/csgraph/_reordering.cpython-310-x86_64-linux-gnu.so
728225237000-72822526e000 r-xp 00005000 00:6a 10226848                   /home/ubuntu/.local/lib/python3.10/site-packages/scipy/sparse/csgraph/_reordering.cpython-310-x86_64-linux-gnu.so
72822526e000-728225278000 r--p 0003c000 00:6a 10226848                   /home/ubuntu/.local/lib/python3.10/site-packages/scipy/sparse/csgraph/_reordering.cpython-310-x86_64-linux-gnu.so
728225278000-728225279000 r--p 00045000 00:6a 10226848                   /home/ubuntu/.local/lib/python3.10/site-packages/scipy/sparse/csgraph/_reordering.cpython-310-x86_64-linux-gnu.so
728225279000-72822527b000 rw-p 00046000 00:6a 10226848                   /home/ubuntu/.local/lib/python3.10/site-packages/scipy/sparse/csgraph/_reordering.cpython-310-x86_64-linux-gnu.so
72822527b000-72822527c000 rw-p 00000000 00:00 0 
72822527c000-728225281000 r--p 00000000 00:6a 10226849                   /home/ubuntu/.local/lib/python3.10/site-packages/scipy/sparse/csgraph/_shortest_path.cpython-310-x86_64-linux-gnu.so
728225281000-7282252e4000 r-xp 00005000 00:6a 10226849                   /home/ubuntu/.local/lib/python3.10/site-packages/scipy/sparse/csgraph/_shortest_path.cpython-310-x86_64-linux-gnu.so
7282252e4000-7282252f9000 r--p 00068000 00:6a 10226849                   /home/ubuntu/.local/lib/python3.10/site-packages/scipy/sparse/csgraph/_shortest_path.cpython-310-x86_64-linux-gnu.so
7282252f9000-7282252fa000 ---p 0007d000 00:6a 10226849                   /home/ubuntu/.local/lib/python3.10/site-packages/scipy/sparse/csgraph/_shortest_path.cpython-310-x86_64-linux-gnu.so
7282252fa000-7282252fb000 r--p 0007d000 00:6a 10226849                   /home/ubuntu/.local/lib/python3.10/site-packages/scipy/sparse/csgraph/_shortest_path.cpython-310-x86_64-linux-gnu.so
7282252fb000-7282252fd000 rw-p 0007e000 00:6a 10226849                   /home/ubuntu/.local/lib/python3.10/site-packages/scipy/sparse/csgraph/_shortest_path.cpython-310-x86_64-linux-gnu.so
7282252fd000-7282253ff000 rw-p 00000000 00:00 0 
7282253ff000-728225400000 ---p 00000000 00:00 0 
728225400000-728225c00000 rw-p 00000000 00:00 0 
728225c00000-728227c00000 rw-p 00000000 00:00 0 
728227c02000-728227c05000 r--p 00000000 00:6a 10045293                   /usr/lib/python3.10/lib-dynload/termios.cpython-310-x86_64-linux-gnu.so
728227c05000-728227c06000 r-xp 00003000 00:6a 10045293                   /usr/lib/python3.10/lib-dynload/termios.cpython-310-x86_64-linux-gnu.so
728227c06000-728227c08000 r--p 00004000 00:6a 10045293                   /usr/lib/python3.10/lib-dynload/termios.cpython-310-x86_64-linux-gnu.so
728227c08000-728227c09000 r--p 00005000 00:6a 10045293                   /usr/lib/python3.10/lib-dynload/termios.cpython-310-x86_64-linux-gnu.so
728227c09000-728227c0b000 rw-p 00006000 00:6a 10045293                   /usr/lib/python3.10/lib-dynload/termios.cpython-310-x86_64-linux-gnu.so
728227c0b000-728227c10000 r--p 00000000 00:6a 10226851                   /home/ubuntu/.local/lib/python3.10/site-packages/scipy/sparse/csgraph/_matching.cpython-310-x86_64-linux-gnu.so
728227c10000-728227c49000 r-xp 00005000 00:6a 10226851                   /home/ubuntu/.local/lib/python3.10/site-packages/scipy/sparse/csgraph/_matching.cpython-310-x86_64-linux-gnu.so
728227c49000-728227c57000 r--p 0003e000 00:6a 10226851                   /home/ubuntu/.local/lib/python3.10/site-packages/scipy/sparse/csgraph/_matching.cpython-310-x86_64-linux-gnu.so
728227c57000-728227c58000 r--p 0004b000 00:6a 10226851                   /home/ubuntu/.local/lib/python3.10/site-packages/scipy/sparse/csgraph/_matching.cpython-310-x86_64-linux-gnu.so
728227c58000-728227c5a000 rw-p 0004c000 00:6a 10226851                   /home/ubuntu/.local/lib/python3.10/site-packages/scipy/sparse/csgraph/_matching.cpython-310-x86_64-linux-gnu.so
728227c5a000-728227c5b000 rw-p 00000000 00:00 0 
728227c5b000-728227c78000 r--p 00000000 00:6a 10226963                   /home/ubuntu/.local/lib/python3.10/site-packages/scipy/sparse/linalg/_propack/_zpropack.cpython-310-x86_64-linux-gnu.so
728227c78000-728227c97000 r-xp 0001d000 00:6a 10226963                   /home/ubuntu/.local/lib/python3.10/site-packages/scipy/sparse/linalg/_propack/_zpropack.cpython-310-x86_64-linux-gnu.so
728227c97000-728227ca7000 r--p 0003c000 00:6a 10226963                   /home/ubuntu/.local/lib/python3.10/site-packages/scipy/sparse/linalg/_propack/_zpropack.cpython-310-x86_64-linux-gnu.so
728227ca7000-728227ca8000 ---p 0004c000 00:6a 10226963                   /home/ubuntu/.local/lib/python3.10/site-packages/scipy/sparse/linalg/_propack/_zpropack.cpython-310-x86_64-linux-gnu.so
728227ca8000-728227ca9000 r--p 0004c000 00:6a 10226963                   /home/ubuntu/.local/lib/python3.10/site-packages/scipy/sparse/linalg/_propack/_zpropack.cpython-310-x86_64-linux-gnu.so
728227ca9000-728227cb1000 rw-p 0004d000 00:6a 10226963                   /home/ubuntu/.local/lib/python3.10/site-packages/scipy/sparse/linalg/_propack/_zpropack.cpython-310-x86_64-linux-gnu.so
728227cb1000-728227ce7000 rw-p 00000000 00:00 0 
728227ce7000-728227cf8000 rw-p 00071000 00:6a 10226963                   /home/ubuntu/.local/lib/python3.10/site-packages/scipy/sparse/linalg/_propack/_zpropack.cpython-310-x86_64-linux-gnu.so
728227cf8000-728227cff000 rw-p 00082000 00:6a 10226963                   /home/ubuntu/.local/lib/python3.10/site-packages/scipy/sparse/linalg/_propack/_zpropack.cpython-310-x86_64-linux-gnu.so
728227cff000-728227dff000 rw-p 00000000 00:00 0 
728227dff000-728227e00000 ---p 00000000 00:00 0 
728227e00000-728228600000 rw-p 00000000 00:00 0 
728228600000-72822a600000 rw-p 00000000 00:00 0 
72822a600000-72822a602000 r--p 00000000 00:6a 10553176                   /usr/lib/jvm/java-17-openjdk-amd64/lib/libmanagement.so
72822a602000-72822a603000 r-xp 00002000 00:6a 10553176                   /usr/lib/jvm/java-17-openjdk-amd64/lib/libmanagement.so
72822a603000-72822a604000 r--p 00003000 00:6a 10553176                   /usr/lib/jvm/java-17-openjdk-amd64/lib/libmanagement.so
72822a604000-72822a605000 r--p 00003000 00:6a 10553176                   /usr/lib/jvm/java-17-openjdk-amd64/lib/libmanagement.so
72822a605000-72822a606000 rw-p 00004000 00:6a 10553176                   /usr/lib/jvm/java-17-openjdk-amd64/lib/libmanagement.so
72822a606000-72822a60a000 r--p 00000000 00:6a 10226661                   /home/ubuntu/.local/lib/python3.10/site-packages/scipy/_lib/_uarray/_uarray.cpython-310-x86_64-linux-gnu.so
72822a60a000-72822a61d000 r-xp 00004000 00:6a 10226661                   /home/ubuntu/.local/lib/python3.10/site-packages/scipy/_lib/_uarray/_uarray.cpython-310-x86_64-linux-gnu.so
72822a61d000-72822a623000 r--p 00017000 00:6a 10226661                   /home/ubuntu/.local/lib/python3.10/site-packages/scipy/_lib/_uarray/_uarray.cpython-310-x86_64-linux-gnu.so
72822a623000-72822a624000 r--p 0001c000 00:6a 10226661                   /home/ubuntu/.local/lib/python3.10/site-packages/scipy/_lib/_uarray/_uarray.cpython-310-x86_64-linux-gnu.so
72822a624000-72822a625000 rw-p 0001d000 00:6a 10226661                   /home/ubuntu/.local/lib/python3.10/site-packages/scipy/_lib/_uarray/_uarray.cpython-310-x86_64-linux-gnu.so
72822a625000-72822a62a000 r--p 00000000 00:6a 10226844                   /home/ubuntu/.local/lib/python3.10/site-packages/scipy/sparse/csgraph/_flow.cpython-310-x86_64-linux-gnu.so
72822a62a000-72822a663000 r-xp 00005000 00:6a 10226844                   /home/ubuntu/.local/lib/python3.10/site-packages/scipy/sparse/csgraph/_flow.cpython-310-x86_64-linux-gnu.so
72822a663000-72822a66f000 r--p 0003e000 00:6a 10226844                   /home/ubuntu/.local/lib/python3.10/site-packages/scipy/sparse/csgraph/_flow.cpython-310-x86_64-linux-gnu.so
72822a66f000-72822a670000 ---p 0004a000 00:6a 10226844                   /home/ubuntu/.local/lib/python3.10/site-packages/scipy/sparse/csgraph/_flow.cpython-310-x86_64-linux-gnu.so
72822a670000-72822a671000 r--p 0004a000 00:6a 10226844                   /home/ubuntu/.local/lib/python3.10/site-packages/scipy/sparse/csgraph/_flow.cpython-310-x86_64-linux-gnu.so
72822a671000-72822a673000 rw-p 0004b000 00:6a 10226844                   /home/ubuntu/.local/lib/python3.10/site-packages/scipy/sparse/csgraph/_flow.cpython-310-x86_64-linux-gnu.so
72822a673000-72822a674000 rw-p 00000000 00:00 0 
72822a674000-72822a691000 r--p 00000000 00:6a 10226962                   /home/ubuntu/.local/lib/python3.10/site-packages/scipy/sparse/linalg/_propack/_cpropack.cpython-310-x86_64-linux-gnu.so
72822a691000-72822a6b2000 r-xp 0001d000 00:6a 10226962                   /home/ubuntu/.local/lib/python3.10/site-packages/scipy/sparse/linalg/_propack/_cpropack.cpython-310-x86_64-linux-gnu.so
72822a6b2000-72822a6c2000 r--p 0003e000 00:6a 10226962                   /home/ubuntu/.local/lib/python3.10/site-packages/scipy/sparse/linalg/_propack/_cpropack.cpython-310-x86_64-linux-gnu.so
72822a6c2000-72822a6c3000 ---p 0004e000 00:6a 10226962                   /home/ubuntu/.local/lib/python3.10/site-packages/scipy/sparse/linalg/_propack/_cpropack.cpython-310-x86_64-linux-gnu.so
72822a6c3000-72822a6c4000 r--p 0004e000 00:6a 10226962                   /home/ubuntu/.local/lib/python3.10/site-packages/scipy/sparse/linalg/_propack/_cpropack.cpython-310-x86_64-linux-gnu.so
72822a6c4000-72822a6cc000 rw-p 0004f000 00:6a 10226962                   /home/ubuntu/.local/lib/python3.10/site-packages/scipy/sparse/linalg/_propack/_cpropack.cpython-310-x86_64-linux-gnu.so
72822a6cc000-72822a6e7000 rw-p 00000000 00:00 0 
72822a6e7000-72822a6f8000 rw-p 00073000 00:6a 10226962                   /home/ubuntu/.local/lib/python3.10/site-packages/scipy/sparse/linalg/_propack/_cpropack.cpython-310-x86_64-linux-gnu.so
72822a6f8000-72822a6ff000 rw-p 00084000 00:6a 10226962                   /home/ubuntu/.local/lib/python3.10/site-packages/scipy/sparse/linalg/_propack/_cpropack.cpython-310-x86_64-linux-gnu.so
72822a6ff000-72822a7ff000 rw-p 00000000 00:00 0 
72822a7ff000-72822a800000 ---p 00000000 00:00 0 
72822a800000-72822b000000 rw-p 00000000 00:00 0 
72822b000000-72822d000000 rw-p 00000000 00:00 0 
72822d004000-72822d007000 r--p 00000000 00:6a 10229417                   /home/ubuntu/.local/lib/python3.10/site-packages/pandas/_libs/tslibs/base.cpython-310-x86_64-linux-gnu.so
72822d007000-72822d00e000 r-xp 00003000 00:6a 10229417                   /home/ubuntu/.local/lib/python3.10/site-packages/pandas/_libs/tslibs/base.cpython-310-x86_64-linux-gnu.so
72822d00e000-72822d010000 r--p 0000a000 00:6a 10229417                   /home/ubuntu/.local/lib/python3.10/site-packages/pandas/_libs/tslibs/base.cpython-310-x86_64-linux-gnu.so
72822d010000-72822d011000 r--p 0000c000 00:6a 10229417                   /home/ubuntu/.local/lib/python3.10/site-packages/pandas/_libs/tslibs/base.cpython-310-x86_64-linux-gnu.so
72822d011000-72822d012000 rw-p 0000d000 00:6a 10229417                   /home/ubuntu/.local/lib/python3.10/site-packages/pandas/_libs/tslibs/base.cpython-310-x86_64-linux-gnu.so
72822d012000-72822d015000 r--p 00000000 00:6a 10226186                   /home/ubuntu/.local/lib/python3.10/site-packages/scipy/optimize/_cython_nnls.cpython-310-x86_64-linux-gnu.so
72822d015000-72822d027000 r-xp 00003000 00:6a 10226186                   /home/ubuntu/.local/lib/python3.10/site-packages/scipy/optimize/_cython_nnls.cpython-310-x86_64-linux-gnu.so
72822d027000-72822d02b000 r--p 00015000 00:6a 10226186                   /home/ubuntu/.local/lib/python3.10/site-packages/scipy/optimize/_cython_nnls.cpython-310-x86_64-linux-gnu.so
72822d02b000-72822d02c000 r--p 00018000 00:6a 10226186                   /home/ubuntu/.local/lib/python3.10/site-packages/scipy/optimize/_cython_nnls.cpython-310-x86_64-linux-gnu.so
72822d02c000-72822d02d000 rw-p 00019000 00:6a 10226186                   /home/ubuntu/.local/lib/python3.10/site-packages/scipy/optimize/_cython_nnls.cpython-310-x86_64-linux-gnu.so
72822d02d000-72822d04a000 r--p 00000000 00:6a 10226961                   /home/ubuntu/.local/lib/python3.10/site-packages/scipy/sparse/linalg/_propack/_dpropack.cpython-310-x86_64-linux-gnu.so
72822d04a000-72822d065000 r-xp 0001d000 00:6a 10226961                   /home/ubuntu/.local/lib/python3.10/site-packages/scipy/sparse/linalg/_propack/_dpropack.cpython-310-x86_64-linux-gnu.so
72822d065000-72822d075000 r--p 00038000 00:6a 10226961                   /home/ubuntu/.local/lib/python3.10/site-packages/scipy/sparse/linalg/_propack/_dpropack.cpython-310-x86_64-linux-gnu.so
72822d075000-72822d076000 r--p 00047000 00:6a 10226961                   /home/ubuntu/.local/lib/python3.10/site-packages/scipy/sparse/linalg/_propack/_dpropack.cpython-310-x86_64-linux-gnu.so
72822d076000-72822d07e000 rw-p 00048000 00:6a 10226961                   /home/ubuntu/.local/lib/python3.10/site-packages/scipy/sparse/linalg/_propack/_dpropack.cpython-310-x86_64-linux-gnu.so
72822d07e000-72822d08f000 rw-p 0006b000 00:6a 10226961                   /home/ubuntu/.local/lib/python3.10/site-packages/scipy/sparse/linalg/_propack/_dpropack.cpython-310-x86_64-linux-gnu.so
72822d08f000-72822d096000 rw-p 0007c000 00:6a 10226961                   /home/ubuntu/.local/lib/python3.10/site-packages/scipy/sparse/linalg/_propack/_dpropack.cpython-310-x86_64-linux-gnu.so
72822d096000-72822d0b3000 r--p 00000000 00:6a 10226964                   /home/ubuntu/.local/lib/python3.10/site-packages/scipy/sparse/linalg/_propack/_spropack.cpython-310-x86_64-linux-gnu.so
72822d0b3000-72822d0ce000 r-xp 0001d000 00:6a 10226964                   /home/ubuntu/.local/lib/python3.10/site-packages/scipy/sparse/linalg/_propack/_spropack.cpython-310-x86_64-linux-gnu.so
72822d0ce000-72822d0de000 r--p 00038000 00:6a 10226964                   /home/ubuntu/.local/lib/python3.10/site-packages/scipy/sparse/linalg/_propack/_spropack.cpython-310-x86_64-linux-gnu.so
72822d0de000-72822d0df000 r--p 00047000 00:6a 10226964                   /home/ubuntu/.local/lib/python3.10/site-packages/scipy/sparse/linalg/_propack/_spropack.cpython-310-x86_64-linux-gnu.so
72822d0df000-72822d0e7000 rw-p 00048000 00:6a 10226964                   /home/ubuntu/.local/lib/python3.10/site-packages/scipy/sparse/linalg/_propack/_spropack.cpython-310-x86_64-linux-gnu.so
72822d0e7000-72822d0f8000 rw-p 0006b000 00:6a 10226964                   /home/ubuntu/.local/lib/python3.10/site-packages/scipy/sparse/linalg/_propack/_spropack.cpython-310-x86_64-linux-gnu.so
72822d0f8000-72822d0ff000 rw-p 0007c000 00:6a 10226964                   /home/ubuntu/.local/lib/python3.10/site-packages/scipy/sparse/linalg/_propack/_spropack.cpython-310-x86_64-linux-gnu.so
72822d0ff000-72822d1ff000 rw-p 00000000 00:00 0 
72822d1ff000-72822d200000 ---p 00000000 00:00 0 
72822d200000-72822da00000 rw-p 00000000 00:00 0 
72822da00000-72822fa00000 rw-p 00000000 00:00 0 
72822fa00000-72822fa01000 r--p 00000000 00:6a 10893202                   /home/ubuntu/.local/lib/python3.10/site-packages/h5py.libs/libaec-187855bc.so.0.1.3
72822fa01000-72822fa06000 r-xp 00001000 00:6a 10893202                   /home/ubuntu/.local/lib/python3.10/site-packages/h5py.libs/libaec-187855bc.so.0.1.3
72822fa06000-72822fa07000 r--p 00006000 00:6a 10893202                   /home/ubuntu/.local/lib/python3.10/site-packages/h5py.libs/libaec-187855bc.so.0.1.3
72822fa07000-72822fa08000 r--p 00007000 00:6a 10893202                   /home/ubuntu/.local/lib/python3.10/site-packages/h5py.libs/libaec-187855bc.so.0.1.3
72822fa08000-72822fa09000 rw-p 00008000 00:6a 10893202                   /home/ubuntu/.local/lib/python3.10/site-packages/h5py.libs/libaec-187855bc.so.0.1.3
72822fa09000-72822fa0a000 rw-p 00021000 00:6a 10893202                   /home/ubuntu/.local/lib/python3.10/site-packages/h5py.libs/libaec-187855bc.so.0.1.3
72822fa0a000-72822fa0f000 r--p 00000000 00:6a 10226846                   /home/ubuntu/.local/lib/python3.10/site-packages/scipy/sparse/csgraph/_min_spanning_tree.cpython-310-x86_64-linux-gnu.so
72822fa0f000-72822fa39000 r-xp 00005000 00:6a 10226846                   /home/ubuntu/.local/lib/python3.10/site-packages/scipy/sparse/csgraph/_min_spanning_tree.cpython-310-x86_64-linux-gnu.so
72822fa39000-72822fa42000 r--p 0002f000 00:6a 10226846                   /home/ubuntu/.local/lib/python3.10/site-packages/scipy/sparse/csgraph/_min_spanning_tree.cpython-310-x86_64-linux-gnu.so
72822fa42000-72822fa43000 r--p 00037000 00:6a 10226846                   /home/ubuntu/.local/lib/python3.10/site-packages/scipy/sparse/csgraph/_min_spanning_tree.cpython-310-x86_64-linux-gnu.so
72822fa43000-72822fa45000 rw-p 00038000 00:6a 10226846                   /home/ubuntu/.local/lib/python3.10/site-packages/scipy/sparse/csgraph/_min_spanning_tree.cpython-310-x86_64-linux-gnu.so
72822fa45000-72822fa46000 rw-p 00000000 00:00 0 
72822fa46000-72822fa64000 r--p 00000000 00:6a 10226926                   /home/ubuntu/.local/lib/python3.10/site-packages/scipy/sparse/linalg/_eigen/arpack/_arpack.cpython-310-x86_64-linux-gnu.so
72822fa64000-72822fabb000 r-xp 0001e000 00:6a 10226926                   /home/ubuntu/.local/lib/python3.10/site-packages/scipy/sparse/linalg/_eigen/arpack/_arpack.cpython-310-x86_64-linux-gnu.so
72822fabb000-72822fad7000 r--p 00075000 00:6a 10226926                   /home/ubuntu/.local/lib/python3.10/site-packages/scipy/sparse/linalg/_eigen/arpack/_arpack.cpython-310-x86_64-linux-gnu.so
72822fad7000-72822fad8000 r--p 00090000 00:6a 10226926                   /home/ubuntu/.local/lib/python3.10/site-packages/scipy/sparse/linalg/_eigen/arpack/_arpack.cpython-310-x86_64-linux-gnu.so
72822fad8000-72822fae6000 rw-p 00091000 00:6a 10226926                   /home/ubuntu/.local/lib/python3.10/site-packages/scipy/sparse/linalg/_eigen/arpack/_arpack.cpython-310-x86_64-linux-gnu.so
72822fae6000-72822fae7000 rw-p 00000000 00:00 0 
72822fae7000-72822faf8000 rw-p 000bf000 00:6a 10226926                   /home/ubuntu/.local/lib/python3.10/site-packages/scipy/sparse/linalg/_eigen/arpack/_arpack.cpython-310-x86_64-linux-gnu.so
72822faf8000-72822faff000 rw-p 000d0000 00:6a 10226926                   /home/ubuntu/.local/lib/python3.10/site-packages/scipy/sparse/linalg/_eigen/arpack/_arpack.cpython-310-x86_64-linux-gnu.so
72822faff000-72822fbff000 rw-p 00000000 00:00 0 
72822fbff000-72822fc00000 ---p 00000000 00:00 0 
72822fc00000-728230400000 rw-p 00000000 00:00 0 
728230400000-728232400000 rw-p 00000000 00:00 0 
728232400000-728232401000 r--p 00000000 00:6a 10229397                   /home/ubuntu/.local/lib/python3.10/site-packages/pandas/_libs/pandas_datetime.cpython-310-x86_64-linux-gnu.so
728232401000-728232407000 r-xp 00001000 00:6a 10229397                   /home/ubuntu/.local/lib/python3.10/site-packages/pandas/_libs/pandas_datetime.cpython-310-x86_64-linux-gnu.so
728232407000-728232408000 r--p 00007000 00:6a 10229397                   /home/ubuntu/.local/lib/python3.10/site-packages/pandas/_libs/pandas_datetime.cpython-310-x86_64-linux-gnu.so
728232408000-728232409000 r--p 00008000 00:6a 10229397                   /home/ubuntu/.local/lib/python3.10/site-packages/pandas/_libs/pandas_datetime.cpython-310-x86_64-linux-gnu.so
728232409000-72823240a000 rw-p 00009000 00:6a 10229397                   /home/ubuntu/.local/lib/python3.10/site-packages/pandas/_libs/pandas_datetime.cpython-310-x86_64-linux-gnu.so
72823240a000-728232426000 r--p 00000000 00:6a 10226934                   /home/ubuntu/.local/lib/python3.10/site-packages/scipy/sparse/linalg/_dsolve/_superlu.cpython-310-x86_64-linux-gnu.so
728232426000-72823247f000 r-xp 0001c000 00:6a 10226934                   /home/ubuntu/.local/lib/python3.10/site-packages/scipy/sparse/linalg/_dsolve/_superlu.cpython-310-x86_64-linux-gnu.so
72823247f000-728232495000 r--p 00075000 00:6a 10226934                   /home/ubuntu/.local/lib/python3.10/site-packages/scipy/sparse/linalg/_dsolve/_superlu.cpython-310-x86_64-linux-gnu.so
728232495000-728232496000 r--p 0008a000 00:6a 10226934                   /home/ubuntu/.local/lib/python3.10/site-packages/scipy/sparse/linalg/_dsolve/_superlu.cpython-310-x86_64-linux-gnu.so
728232496000-72823249b000 rw-p 0008b000 00:6a 10226934                   /home/ubuntu/.local/lib/python3.10/site-packages/scipy/sparse/linalg/_dsolve/_superlu.cpython-310-x86_64-linux-gnu.so
72823249b000-7282324ac000 rw-p 000af000 00:6a 10226934                   /home/ubuntu/.local/lib/python3.10/site-packages/scipy/sparse/linalg/_dsolve/_superlu.cpython-310-x86_64-linux-gnu.so
7282324ac000-7282324b3000 rw-p 000c0000 00:6a 10226934                   /home/ubuntu/.local/lib/python3.10/site-packages/scipy/sparse/linalg/_dsolve/_superlu.cpython-310-x86_64-linux-gnu.so
7282324b3000-7282324ba000 r--p 00000000 00:6a 10226373                   /home/ubuntu/.local/lib/python3.10/site-packages/scipy/linalg/cython_blas.cpython-310-x86_64-linux-gnu.so
7282324ba000-7282324e6000 r-xp 00007000 00:6a 10226373                   /home/ubuntu/.local/lib/python3.10/site-packages/scipy/linalg/cython_blas.cpython-310-x86_64-linux-gnu.so
7282324e6000-7282324f4000 r--p 00033000 00:6a 10226373                   /home/ubuntu/.local/lib/python3.10/site-packages/scipy/linalg/cython_blas.cpython-310-x86_64-linux-gnu.so
7282324f4000-7282324f5000 ---p 00041000 00:6a 10226373                   /home/ubuntu/.local/lib/python3.10/site-packages/scipy/linalg/cython_blas.cpython-310-x86_64-linux-gnu.so
7282324f5000-7282324f6000 r--p 00041000 00:6a 10226373                   /home/ubuntu/.local/lib/python3.10/site-packages/scipy/linalg/cython_blas.cpython-310-x86_64-linux-gnu.so
7282324f6000-7282324f8000 rw-p 00042000 00:6a 10226373                   /home/ubuntu/.local/lib/python3.10/site-packages/scipy/linalg/cython_blas.cpython-310-x86_64-linux-gnu.so
7282324f8000-7282324f9000 rw-p 00000000 00:00 0 
7282324f9000-7282324fd000 rw-p 00051000 00:6a 10226373                   /home/ubuntu/.local/lib/python3.10/site-packages/scipy/linalg/cython_blas.cpython-310-x86_64-linux-gnu.so
7282324fd000-7282324ff000 rw-p 00055000 00:6a 10226373                   /home/ubuntu/.local/lib/python3.10/site-packages/scipy/linalg/cython_blas.cpython-310-x86_64-linux-gnu.so
7282324ff000-7282325ff000 rw-p 00000000 00:00 0 
7282325ff000-728232600000 ---p 00000000 00:00 0 
728232600000-728232e00000 rw-p 00000000 00:00 0 
728232e00000-728234e00000 rw-p 00000000 00:00 0 
728234e02000-728234e03000 r--p 00000000 00:6a 10893205                   /home/ubuntu/.local/lib/python3.10/site-packages/h5py.libs/libsz-daeb5235.so.2.0.1
728234e03000-728234e04000 r-xp 00001000 00:6a 10893205                   /home/ubuntu/.local/lib/python3.10/site-packages/h5py.libs/libsz-daeb5235.so.2.0.1
728234e04000-728234e05000 r--p 00002000 00:6a 10893205                   /home/ubuntu/.local/lib/python3.10/site-packages/h5py.libs/libsz-daeb5235.so.2.0.1
728234e05000-728234e06000 r--p 00002000 00:6a 10893205                   /home/ubuntu/.local/lib/python3.10/site-packages/h5py.libs/libsz-daeb5235.so.2.0.1
728234e06000-728234e07000 rw-p 00003000 00:6a 10893205                   /home/ubuntu/.local/lib/python3.10/site-packages/h5py.libs/libsz-daeb5235.so.2.0.1
728234e07000-728234e08000 rw-p 00008000 00:6a 10893205                   /home/ubuntu/.local/lib/python3.10/site-packages/h5py.libs/libsz-daeb5235.so.2.0.1
728234e08000-728234e09000 rw-p 00009000 00:6a 10893205                   /home/ubuntu/.local/lib/python3.10/site-packages/h5py.libs/libsz-daeb5235.so.2.0.1
728234e09000-728234e0b000 r--p 00000000 00:6a 10229398                   /home/ubuntu/.local/lib/python3.10/site-packages/pandas/_libs/pandas_parser.cpython-310-x86_64-linux-gnu.so
728234e0b000-728234e11000 r-xp 00002000 00:6a 10229398                   /home/ubuntu/.local/lib/python3.10/site-packages/pandas/_libs/pandas_parser.cpython-310-x86_64-linux-gnu.so
728234e11000-728234e13000 r--p 00008000 00:6a 10229398                   /home/ubuntu/.local/lib/python3.10/site-packages/pandas/_libs/pandas_parser.cpython-310-x86_64-linux-gnu.so
728234e13000-728234e14000 r--p 00009000 00:6a 10229398                   /home/ubuntu/.local/lib/python3.10/site-packages/pandas/_libs/pandas_parser.cpython-310-x86_64-linux-gnu.so
728234e14000-728234e15000 rw-p 0000a000 00:6a 10229398                   /home/ubuntu/.local/lib/python3.10/site-packages/pandas/_libs/pandas_parser.cpython-310-x86_64-linux-gnu.so
728234e15000-728234e18000 r--p 00000000 00:6a 10226847                   /home/ubuntu/.local/lib/python3.10/site-packages/scipy/sparse/csgraph/_tools.cpython-310-x86_64-linux-gnu.so
728234e18000-728234e39000 r-xp 00003000 00:6a 10226847                   /home/ubuntu/.local/lib/python3.10/site-packages/scipy/sparse/csgraph/_tools.cpython-310-x86_64-linux-gnu.so
728234e39000-728234e43000 r--p 00024000 00:6a 10226847                   /home/ubuntu/.local/lib/python3.10/site-packages/scipy/sparse/csgraph/_tools.cpython-310-x86_64-linux-gnu.so
728234e43000-728234e44000 r--p 0002d000 00:6a 10226847                   /home/ubuntu/.local/lib/python3.10/site-packages/scipy/sparse/csgraph/_tools.cpython-310-x86_64-linux-gnu.so
728234e44000-728234e45000 rw-p 0002e000 00:6a 10226847                   /home/ubuntu/.local/lib/python3.10/site-packages/scipy/sparse/csgraph/_tools.cpython-310-x86_64-linux-gnu.so
728234e45000-728234e46000 rw-p 00000000 00:00 0 
728234e46000-728234e4a000 r--p 00000000 00:6a 10226393                   /home/ubuntu/.local/lib/python3.10/site-packages/scipy/linalg/_decomp_update.cpython-310-x86_64-linux-gnu.so
728234e4a000-728234e88000 r-xp 00004000 00:6a 10226393                   /home/ubuntu/.local/lib/python3.10/site-packages/scipy/linalg/_decomp_update.cpython-310-x86_64-linux-gnu.so
728234e88000-728234e98000 r--p 00042000 00:6a 10226393                   /home/ubuntu/.local/lib/python3.10/site-packages/scipy/linalg/_decomp_update.cpython-310-x86_64-linux-gnu.so
728234e98000-728234e99000 r--p 00051000 00:6a 10226393                   /home/ubuntu/.local/lib/python3.10/site-packages/scipy/linalg/_decomp_update.cpython-310-x86_64-linux-gnu.so
728234e99000-728234e9a000 rw-p 00052000 00:6a 10226393                   /home/ubuntu/.local/lib/python3.10/site-packages/scipy/linalg/_decomp_update.cpython-310-x86_64-linux-gnu.so
728234e9a000-728234e9b000 rw-p 00000000 00:00 0 
728234e9b000-728234eb6000 r--p 00000000 00:6a 10226363                   /home/ubuntu/.local/lib/python3.10/site-packages/scipy/linalg/_matfuncs_expm.cpython-310-x86_64-linux-gnu.so
728234eb6000-728234ed6000 r-xp 0001b000 00:6a 10226363                   /home/ubuntu/.local/lib/python3.10/site-packages/scipy/linalg/_matfuncs_expm.cpython-310-x86_64-linux-gnu.so
728234ed6000-728234ee4000 r--p 0003b000 00:6a 10226363                   /home/ubuntu/.local/lib/python3.10/site-packages/scipy/linalg/_matfuncs_expm.cpython-310-x86_64-linux-gnu.so
728234ee4000-728234ee5000 r--p 00048000 00:6a 10226363                   /home/ubuntu/.local/lib/python3.10/site-packages/scipy/linalg/_matfuncs_expm.cpython-310-x86_64-linux-gnu.so
728234ee5000-728234ee9000 rw-p 00049000 00:6a 10226363                   /home/ubuntu/.local/lib/python3.10/site-packages/scipy/linalg/_matfuncs_expm.cpython-310-x86_64-linux-gnu.so
728234ee9000-728234ef9000 rw-p 00067000 00:6a 10226363                   /home/ubuntu/.local/lib/python3.10/site-packages/scipy/linalg/_matfuncs_expm.cpython-310-x86_64-linux-gnu.so
728234ef9000-728234eff000 rw-p 00077000 00:6a 10226363                   /home/ubuntu/.local/lib/python3.10/site-packages/scipy/linalg/_matfuncs_expm.cpython-310-x86_64-linux-gnu.so
728234eff000-728234fff000 rw-p 00000000 00:00 0 
728234fff000-728235000000 ---p 00000000 00:00 0 
728235000000-728235800000 rw-p 00000000 00:00 0 
728235800000-728239800000 rw-p 00000000 00:00 0 
728239800000-728239801000 r--p 00000000 00:6a 10237028                   /home/ubuntu/.local/lib/python3.10/site-packages/onnxruntime/capi/libonnxruntime_providers_shared.so
728239801000-728239802000 r-xp 00001000 00:6a 10237028                   /home/ubuntu/.local/lib/python3.10/site-packages/onnxruntime/capi/libonnxruntime_providers_shared.so
728239802000-728239803000 r--p 00002000 00:6a 10237028                   /home/ubuntu/.local/lib/python3.10/site-packages/onnxruntime/capi/libonnxruntime_providers_shared.so
728239803000-728239804000 r--p 00002000 00:6a 10237028                   /home/ubuntu/.local/lib/python3.10/site-packages/onnxruntime/capi/libonnxruntime_providers_shared.so
728239804000-728239805000 rw-p 00000000 00:00 0 
728239805000-728239808000 r--p 00000000 00:6a 10227390                   /home/ubuntu/.local/lib/python3.10/site-packages/scipy/stats/_levy_stable/levyst.cpython-310-x86_64-linux-gnu.so
728239808000-72823980f000 r-xp 00003000 00:6a 10227390                   /home/ubuntu/.local/lib/python3.10/site-packages/scipy/stats/_levy_stable/levyst.cpython-310-x86_64-linux-gnu.so
72823980f000-728239811000 r--p 0000a000 00:6a 10227390                   /home/ubuntu/.local/lib/python3.10/site-packages/scipy/stats/_levy_stable/levyst.cpython-310-x86_64-linux-gnu.so
728239811000-728239812000 r--p 0000b000 00:6a 10227390                   /home/ubuntu/.local/lib/python3.10/site-packages/scipy/stats/_levy_stable/levyst.cpython-310-x86_64-linux-gnu.so
728239812000-728239813000 rw-p 0000c000 00:6a 10227390                   /home/ubuntu/.local/lib/python3.10/site-packages/scipy/stats/_levy_stable/levyst.cpython-310-x86_64-linux-gnu.so
728239813000-728239818000 r--p 00000000 00:6a 10226359                   /home/ubuntu/.local/lib/python3.10/site-packages/scipy/linalg/_matfuncs_sqrtm_triu.cpython-310-x86_64-linux-gnu.so
728239818000-728239846000 r-xp 00005000 00:6a 10226359                   /home/ubuntu/.local/lib/python3.10/site-packages/scipy/linalg/_matfuncs_sqrtm_triu.cpython-310-x86_64-linux-gnu.so
728239846000-72823984e000 r--p 00033000 00:6a 10226359                   /home/ubuntu/.local/lib/python3.10/site-packages/scipy/linalg/_matfuncs_sqrtm_triu.cpython-310-x86_64-linux-gnu.so
72823984e000-72823984f000 r--p 0003a000 00:6a 10226359                   /home/ubuntu/.local/lib/python3.10/site-packages/scipy/linalg/_matfuncs_sqrtm_triu.cpython-310-x86_64-linux-gnu.so
72823984f000-728239851000 rw-p 0003b000 00:6a 10226359                   /home/ubuntu/.local/lib/python3.10/site-packages/scipy/linalg/_matfuncs_sqrtm_triu.cpython-310-x86_64-linux-gnu.so
728239851000-728239852000 rw-p 00000000 00:00 0 
728239852000-72823986c000 r--p 00000000 00:6a 10226353                   /home/ubuntu/.local/lib/python3.10/site-packages/scipy/linalg/cython_lapack.cpython-310-x86_64-linux-gnu.so
72823986c000-72823988b000 r-xp 0001a000 00:6a 10226353                   /home/ubuntu/.local/lib/python3.10/site-packages/scipy/linalg/cython_lapack.cpython-310-x86_64-linux-gnu.so
72823988b000-7282398e3000 r--p 00039000 00:6a 10226353                   /home/ubuntu/.local/lib/python3.10/site-packages/scipy/linalg/cython_lapack.cpython-310-x86_64-linux-gnu.so
7282398e3000-7282398e4000 ---p 00091000 00:6a 10226353                   /home/ubuntu/.local/lib/python3.10/site-packages/scipy/linalg/cython_lapack.cpython-310-x86_64-linux-gnu.so
7282398e4000-7282398e5000 r--p 00091000 00:6a 10226353                   /home/ubuntu/.local/lib/python3.10/site-packages/scipy/linalg/cython_lapack.cpython-310-x86_64-linux-gnu.so
7282398e5000-7282398e9000 rw-p 00092000 00:6a 10226353                   /home/ubuntu/.local/lib/python3.10/site-packages/scipy/linalg/cython_lapack.cpython-310-x86_64-linux-gnu.so
7282398e9000-7282398f9000 rw-p 000c1000 00:6a 10226353                   /home/ubuntu/.local/lib/python3.10/site-packages/scipy/linalg/cython_lapack.cpython-310-x86_64-linux-gnu.so
7282398f9000-7282398ff000 rw-p 000d1000 00:6a 10226353                   /home/ubuntu/.local/lib/python3.10/site-packages/scipy/linalg/cython_lapack.cpython-310-x86_64-linux-gnu.so
7282398ff000-7282399ff000 rw-p 00000000 00:00 0 
7282399ff000-728239a00000 ---p 00000000 00:00 0 
728239a00000-72823a200000 rw-p 00000000 00:00 0 
72823a200000-72823c200000 rw-p 00000000 00:00 0 
72823c201000-72823c203000 r--p 00000000 00:6a 10236007                   /home/ubuntu/.local/lib/python3.10/site-packages/sklearn/utils/_sorting.cpython-310-x86_64-linux-gnu.so
72823c203000-72823c205000 r-xp 00002000 00:6a 10236007                   /home/ubuntu/.local/lib/python3.10/site-packages/sklearn/utils/_sorting.cpython-310-x86_64-linux-gnu.so
72823c205000-72823c206000 r--p 00004000 00:6a 10236007                   /home/ubuntu/.local/lib/python3.10/site-packages/sklearn/utils/_sorting.cpython-310-x86_64-linux-gnu.so
72823c206000-72823c207000 r--p 00004000 00:6a 10236007                   /home/ubuntu/.local/lib/python3.10/site-packages/sklearn/utils/_sorting.cpython-310-x86_64-linux-gnu.so
72823c207000-72823c208000 rw-p 00005000 00:6a 10236007                   /home/ubuntu/.local/lib/python3.10/site-packages/sklearn/utils/_sorting.cpython-310-x86_64-linux-gnu.so
72823c208000-72823c20a000 r--p 00000000 00:6a 10226217                   /home/ubuntu/.local/lib/python3.10/site-packages/scipy/optimize/_minpack.cpython-310-x86_64-linux-gnu.so
72823c20a000-72823c21c000 r-xp 00002000 00:6a 10226217                   /home/ubuntu/.local/lib/python3.10/site-packages/scipy/optimize/_minpack.cpython-310-x86_64-linux-gnu.so
72823c21c000-72823c21e000 r--p 00014000 00:6a 10226217                   /home/ubuntu/.local/lib/python3.10/site-packages/scipy/optimize/_minpack.cpython-310-x86_64-linux-gnu.so
72823c21e000-72823c21f000 r--p 00015000 00:6a 10226217                   /home/ubuntu/.local/lib/python3.10/site-packages/scipy/optimize/_minpack.cpython-310-x86_64-linux-gnu.so
72823c21f000-72823c220000 rw-p 00016000 00:6a 10226217                   /home/ubuntu/.local/lib/python3.10/site-packages/scipy/optimize/_minpack.cpython-310-x86_64-linux-gnu.so
72823c220000-72823c247000 r--p 00000000 00:6a 10226386                   /home/ubuntu/.local/lib/python3.10/site-packages/scipy/linalg/_fblas.cpython-310-x86_64-linux-gnu.so
72823c247000-72823c28f000 r-xp 00027000 00:6a 10226386                   /home/ubuntu/.local/lib/python3.10/site-packages/scipy/linalg/_fblas.cpython-310-x86_64-linux-gnu.so
72823c28f000-72823c2bc000 r--p 0006f000 00:6a 10226386                   /home/ubuntu/.local/lib/python3.10/site-packages/scipy/linalg/_fblas.cpython-310-x86_64-linux-gnu.so
72823c2bc000-72823c2bd000 r--p 0009b000 00:6a 10226386                   /home/ubuntu/.local/lib/python3.10/site-packages/scipy/linalg/_fblas.cpython-310-x86_64-linux-gnu.so
72823c2bd000-72823c2e6000 rw-p 0009c000 00:6a 10226386                   /home/ubuntu/.local/lib/python3.10/site-packages/scipy/linalg/_fblas.cpython-310-x86_64-linux-gnu.so
72823c2e6000-72823c2f7000 rw-p 000e5000 00:6a 10226386                   /home/ubuntu/.local/lib/python3.10/site-packages/scipy/linalg/_fblas.cpython-310-x86_64-linux-gnu.so
72823c2f7000-72823c2fe000 rw-p 000f6000 00:6a 10226386                   /home/ubuntu/.local/lib/python3.10/site-packages/scipy/linalg/_fblas.cpython-310-x86_64-linux-gnu.so
72823c2fe000-72823c3fe000 rw-p 00000000 00:00 0 
72823c3fe000-72823c3ff000 ---p 00000000 00:00 0 
72823c3ff000-72823cbff000 rw-p 00000000 00:00 0 
72823cbff000-72823cc00000 ---p 00000000 00:00 0 
72823cc00000-72823d400000 rw-p 00000000 00:00 0 
72823d400000-72823f400000 rw-p 00000000 00:00 0 
72823f401000-72823f403000 r--p 00000000 00:6a 10226156                   /home/ubuntu/.local/lib/python3.10/site-packages/scipy/optimize/_slsqp.cpython-310-x86_64-linux-gnu.so
72823f403000-72823f410000 r-xp 00002000 00:6a 10226156                   /home/ubuntu/.local/lib/python3.10/site-packages/scipy/optimize/_slsqp.cpython-310-x86_64-linux-gnu.so
72823f410000-72823f413000 r--p 0000f000 00:6a 10226156                   /home/ubuntu/.local/lib/python3.10/site-packages/scipy/optimize/_slsqp.cpython-310-x86_64-linux-gnu.so
72823f413000-72823f414000 r--p 00011000 00:6a 10226156                   /home/ubuntu/.local/lib/python3.10/site-packages/scipy/optimize/_slsqp.cpython-310-x86_64-linux-gnu.so
72823f414000-72823f415000 rw-p 00012000 00:6a 10226156                   /home/ubuntu/.local/lib/python3.10/site-packages/scipy/optimize/_slsqp.cpython-310-x86_64-linux-gnu.so
72823f415000-72823f417000 r--p 00000000 00:6a 10226204                   /home/ubuntu/.local/lib/python3.10/site-packages/scipy/optimize/_cobyla.cpython-310-x86_64-linux-gnu.so
72823f417000-72823f425000 r-xp 00002000 00:6a 10226204                   /home/ubuntu/.local/lib/python3.10/site-packages/scipy/optimize/_cobyla.cpython-310-x86_64-linux-gnu.so
72823f425000-72823f428000 r--p 00010000 00:6a 10226204                   /home/ubuntu/.local/lib/python3.10/site-packages/scipy/optimize/_cobyla.cpython-310-x86_64-linux-gnu.so
72823f428000-72823f429000 r--p 00012000 00:6a 10226204                   /home/ubuntu/.local/lib/python3.10/site-packages/scipy/optimize/_cobyla.cpython-310-x86_64-linux-gnu.so
72823f429000-72823f42a000 rw-p 00013000 00:6a 10226204                   /home/ubuntu/.local/lib/python3.10/site-packages/scipy/optimize/_cobyla.cpython-310-x86_64-linux-gnu.so
72823f42a000-72823f42b000 rw-p 00017000 00:6a 10226204                   /home/ubuntu/.local/lib/python3.10/site-packages/scipy/optimize/_cobyla.cpython-310-x86_64-linux-gnu.so
72823f42b000-72823f42c000 rw-p 00019000 00:6a 10226204                   /home/ubuntu/.local/lib/python3.10/site-packages/scipy/optimize/_cobyla.cpython-310-x86_64-linux-gnu.so
72823f42c000-72823f43c000 r--p 00000000 00:6a 10172787                   /home/ubuntu/.local/lib/python3.10/site-packages/regex/_regex.cpython-310-x86_64-linux-gnu.so
72823f43c000-72823f476000 r-xp 00010000 00:6a 10172787                   /home/ubuntu/.local/lib/python3.10/site-packages/regex/_regex.cpython-310-x86_64-linux-gnu.so
72823f476000-72823f4f5000 r--p 0004a000 00:6a 10172787                   /home/ubuntu/.local/lib/python3.10/site-packages/regex/_regex.cpython-310-x86_64-linux-gnu.so
72823f4f5000-72823f4f6000 r--p 000c8000 00:6a 10172787                   /home/ubuntu/.local/lib/python3.10/site-packages/regex/_regex.cpython-310-x86_64-linux-gnu.so
72823f4f6000-72823f4ff000 rw-p 000c9000 00:6a 10172787                   /home/ubuntu/.local/lib/python3.10/site-packages/regex/_regex.cpython-310-x86_64-linux-gnu.so
72823f4ff000-72823f5ff000 rw-p 00000000 00:00 0 
72823f5ff000-72823f600000 ---p 00000000 00:00 0 
72823f600000-72823fe00000 rw-p 00000000 00:00 0 
72823fe00000-728241e00000 rw-p 00000000 00:00 0 
728241e02000-728241e05000 r--p 00000000 00:6a 10226206                   /home/ubuntu/.local/lib/python3.10/site-packages/scipy/optimize/_moduleTNC.cpython-310-x86_64-linux-gnu.so
728241e05000-728241e1e000 r-xp 00003000 00:6a 10226206                   /home/ubuntu/.local/lib/python3.10/site-packages/scipy/optimize/_moduleTNC.cpython-310-x86_64-linux-gnu.so
728241e1e000-728241e22000 r--p 0001c000 00:6a 10226206                   /home/ubuntu/.local/lib/python3.10/site-packages/scipy/optimize/_moduleTNC.cpython-310-x86_64-linux-gnu.so
728241e22000-728241e23000 r--p 0001f000 00:6a 10226206                   /home/ubuntu/.local/lib/python3.10/site-packages/scipy/optimize/_moduleTNC.cpython-310-x86_64-linux-gnu.so
728241e23000-728241e24000 rw-p 00020000 00:6a 10226206                   /home/ubuntu/.local/lib/python3.10/site-packages/scipy/optimize/_moduleTNC.cpython-310-x86_64-linux-gnu.so
728241e24000-728241e32000 r--p 00000000 00:6a 10172773                   /home/ubuntu/.local/lib/python3.10/site-packages/safetensors/_safetensors_rust.abi3.so
728241e32000-728241ec8000 r-xp 0000e000 00:6a 10172773                   /home/ubuntu/.local/lib/python3.10/site-packages/safetensors/_safetensors_rust.abi3.so
728241ec8000-728241ef3000 r--p 000a4000 00:6a 10172773                   /home/ubuntu/.local/lib/python3.10/site-packages/safetensors/_safetensors_rust.abi3.so
728241ef3000-728241efc000 r--p 000ce000 00:6a 10172773                   /home/ubuntu/.local/lib/python3.10/site-packages/safetensors/_safetensors_rust.abi3.so
728241efc000-728241efe000 rw-p 000d7000 00:6a 10172773                   /home/ubuntu/.local/lib/python3.10/site-packages/safetensors/_safetensors_rust.abi3.so
728241efe000-728241ffe000 rw-p 00000000 00:00 0 
728241ffe000-728241fff000 ---p 00000000 00:00 0 
728241fff000-7282427ff000 rw-p 00000000 00:00 0 
7282427ff000-728242800000 ---p 00000000 00:00 0 
728242800000-728243000000 rw-p 00000000 00:00 0 
728243000000-72824303b000 r-xp 00000000 00:6a 10175842                   /home/ubuntu/.local/lib/python3.10/site-packages/numpy.libs/libquadmath-96973f99.so.0.0.0
72824303b000-72824323a000 ---p 0003b000 00:6a 10175842                   /home/ubuntu/.local/lib/python3.10/site-packages/numpy.libs/libquadmath-96973f99.so.0.0.0
72824323a000-72824323b000 r--p 0003a000 00:6a 10175842                   /home/ubuntu/.local/lib/python3.10/site-packages/numpy.libs/libquadmath-96973f99.so.0.0.0
72824323b000-72824323c000 rw-p 0003b000 00:6a 10175842                   /home/ubuntu/.local/lib/python3.10/site-packages/numpy.libs/libquadmath-96973f99.so.0.0.0
72824323c000-72824323d000 rw-p 0003c000 00:6a 10175842                   /home/ubuntu/.local/lib/python3.10/site-packages/numpy.libs/libquadmath-96973f99.so.0.0.0
72824323f000-728243240000 r--s 00000000 08:00 45646499                   /home/ubuntu/tbazzocchi/FRAG/MedRAG/corpus/wikipedia/index/bm25/_a.fdx
728243240000-728243241000 r--s 00000000 08:00 45646512                   /home/ubuntu/tbazzocchi/FRAG/MedRAG/corpus/wikipedia/index/bm25/_6.fdx
728243241000-728243247000 r--p 00000000 00:6a 10226838                   /home/ubuntu/.local/lib/python3.10/site-packages/scipy/sparse/_csparsetools.cpython-310-x86_64-linux-gnu.so
728243247000-7282432eb000 r-xp 00006000 00:6a 10226838                   /home/ubuntu/.local/lib/python3.10/site-packages/scipy/sparse/_csparsetools.cpython-310-x86_64-linux-gnu.so
7282432eb000-7282432fa000 r--p 000aa000 00:6a 10226838                   /home/ubuntu/.local/lib/python3.10/site-packages/scipy/sparse/_csparsetools.cpython-310-x86_64-linux-gnu.so
7282432fa000-7282432fb000 r--p 000b8000 00:6a 10226838                   /home/ubuntu/.local/lib/python3.10/site-packages/scipy/sparse/_csparsetools.cpython-310-x86_64-linux-gnu.so
7282432fb000-7282432fe000 rw-p 000b9000 00:6a 10226838                   /home/ubuntu/.local/lib/python3.10/site-packages/scipy/sparse/_csparsetools.cpython-310-x86_64-linux-gnu.so
7282432fe000-728243400000 rw-p 00000000 00:00 0 
728243400000-728243676000 r-xp 00000000 00:6a 10175843                   /home/ubuntu/.local/lib/python3.10/site-packages/numpy.libs/libgfortran-040039e1.so.5.0.0
728243676000-728243875000 ---p 00276000 00:6a 10175843                   /home/ubuntu/.local/lib/python3.10/site-packages/numpy.libs/libgfortran-040039e1.so.5.0.0
728243875000-728243876000 r--p 00275000 00:6a 10175843                   /home/ubuntu/.local/lib/python3.10/site-packages/numpy.libs/libgfortran-040039e1.so.5.0.0
728243876000-728243878000 rw-p 00276000 00:6a 10175843                   /home/ubuntu/.local/lib/python3.10/site-packages/numpy.libs/libgfortran-040039e1.so.5.0.0
728243878000-728243884000 rw-p 0027b000 00:6a 10175843                   /home/ubuntu/.local/lib/python3.10/site-packages/numpy.libs/libgfortran-040039e1.so.5.0.0
728243884000-72824388d000 rw-p 00287000 00:6a 10175843                   /home/ubuntu/.local/lib/python3.10/site-packages/numpy.libs/libgfortran-040039e1.so.5.0.0
72824388d000-72824388e000 r--s 00000000 08:00 45646534                   /home/ubuntu/tbazzocchi/FRAG/MedRAG/corpus/wikipedia/index/bm25/_8.fdx
72824388e000-72824388f000 r--p 00000000 00:6a 10103491                   /home/ubuntu/.local/lib/python3.10/site-packages/markupsafe/_speedups.cpython-310-x86_64-linux-gnu.so
72824388f000-728243890000 r-xp 00001000 00:6a 10103491                   /home/ubuntu/.local/lib/python3.10/site-packages/markupsafe/_speedups.cpython-310-x86_64-linux-gnu.so
728243890000-728243891000 r--p 00002000 00:6a 10103491                   /home/ubuntu/.local/lib/python3.10/site-packages/markupsafe/_speedups.cpython-310-x86_64-linux-gnu.so
728243891000-728243892000 r--p 00002000 00:6a 10103491                   /home/ubuntu/.local/lib/python3.10/site-packages/markupsafe/_speedups.cpython-310-x86_64-linux-gnu.so
728243892000-728243893000 rw-p 00003000 00:6a 10103491                   /home/ubuntu/.local/lib/python3.10/site-packages/markupsafe/_speedups.cpython-310-x86_64-linux-gnu.so
728243893000-728243894000 r--p 00000000 00:6a 10226176                   /home/ubuntu/.local/lib/python3.10/site-packages/scipy/optimize/_direct.cpython-310-x86_64-linux-gnu.so
728243894000-72824389a000 r-xp 00001000 00:6a 10226176                   /home/ubuntu/.local/lib/python3.10/site-packages/scipy/optimize/_direct.cpython-310-x86_64-linux-gnu.so
72824389a000-72824389c000 r--p 00007000 00:6a 10226176                   /home/ubuntu/.local/lib/python3.10/site-packages/scipy/optimize/_direct.cpython-310-x86_64-linux-gnu.so
72824389c000-72824389d000 r--p 00008000 00:6a 10226176                   /home/ubuntu/.local/lib/python3.10/site-packages/scipy/optimize/_direct.cpython-310-x86_64-linux-gnu.so
72824389d000-72824389e000 rw-p 00009000 00:6a 10226176                   /home/ubuntu/.local/lib/python3.10/site-packages/scipy/optimize/_direct.cpython-310-x86_64-linux-gnu.so
72824389e000-7282438a1000 r--p 00000000 00:6a 10226192                   /home/ubuntu/.local/lib/python3.10/site-packages/scipy/optimize/_group_columns.cpython-310-x86_64-linux-gnu.so
7282438a1000-7282438ae000 r-xp 00003000 00:6a 10226192                   /home/ubuntu/.local/lib/python3.10/site-packages/scipy/optimize/_group_columns.cpython-310-x86_64-linux-gnu.so
7282438ae000-7282438b1000 r--p 00010000 00:6a 10226192                   /home/ubuntu/.local/lib/python3.10/site-packages/scipy/optimize/_group_columns.cpython-310-x86_64-linux-gnu.so
7282438b1000-7282438b2000 r--p 00012000 00:6a 10226192                   /home/ubuntu/.local/lib/python3.10/site-packages/scipy/optimize/_group_columns.cpython-310-x86_64-linux-gnu.so
7282438b2000-7282438b3000 rw-p 00013000 00:6a 10226192                   /home/ubuntu/.local/lib/python3.10/site-packages/scipy/optimize/_group_columns.cpython-310-x86_64-linux-gnu.so
7282438b3000-7282439bd000 r--p 00000000 00:6a 10175841                   /home/ubuntu/.local/lib/python3.10/site-packages/numpy.libs/libopenblas64_p-r0-0cf96a72.3.23.dev.so
7282439bd000-7282439c5000 r-xp 0010a000 00:6a 10175841                   /home/ubuntu/.local/lib/python3.10/site-packages/numpy.libs/libopenblas64_p-r0-0cf96a72.3.23.dev.so
7282439c5000-7282439cb000 ---p 00112000 00:6a 10175841                   /home/ubuntu/.local/lib/python3.10/site-packages/numpy.libs/libopenblas64_p-r0-0cf96a72.3.23.dev.so
7282439cb000-72824564c000 r-xp 00118000 00:6a 10175841                   /home/ubuntu/.local/lib/python3.10/site-packages/numpy.libs/libopenblas64_p-r0-0cf96a72.3.23.dev.so
72824564c000-72824585c000 r--p 01d99000 00:6a 10175841                   /home/ubuntu/.local/lib/python3.10/site-packages/numpy.libs/libopenblas64_p-r0-0cf96a72.3.23.dev.so
72824585c000-72824585d000 ---p 01fa9000 00:6a 10175841                   /home/ubuntu/.local/lib/python3.10/site-packages/numpy.libs/libopenblas64_p-r0-0cf96a72.3.23.dev.so
72824585d000-728245863000 r--p 01fa9000 00:6a 10175841                   /home/ubuntu/.local/lib/python3.10/site-packages/numpy.libs/libopenblas64_p-r0-0cf96a72.3.23.dev.so
728245863000-72824587a000 rw-p 01faf000 00:6a 10175841                   /home/ubuntu/.local/lib/python3.10/site-packages/numpy.libs/libopenblas64_p-r0-0cf96a72.3.23.dev.so
72824587a000-728245886000 rw-p 00000000 00:00 0 
728245886000-7282458e9000 rw-p 020d4000 00:6a 10175841                   /home/ubuntu/.local/lib/python3.10/site-packages/numpy.libs/libopenblas64_p-r0-0cf96a72.3.23.dev.so
7282458e9000-728245932000 rw-p 02137000 00:6a 10175841                   /home/ubuntu/.local/lib/python3.10/site-packages/numpy.libs/libopenblas64_p-r0-0cf96a72.3.23.dev.so
728245932000-72824595d000 r--p 00000000 00:6a 10175524                   /home/ubuntu/.local/lib/python3.10/site-packages/numpy/core/_multiarray_umath.cpython-310-x86_64-linux-gnu.so
72824595d000-728245e3b000 r-xp 0002b000 00:6a 10175524                   /home/ubuntu/.local/lib/python3.10/site-packages/numpy/core/_multiarray_umath.cpython-310-x86_64-linux-gnu.so
728245e3b000-728245faf000 r--p 00509000 00:6a 10175524                   /home/ubuntu/.local/lib/python3.10/site-packages/numpy/core/_multiarray_umath.cpython-310-x86_64-linux-gnu.so
728245faf000-728245fb0000 ---p 0067d000 00:6a 10175524                   /home/ubuntu/.local/lib/python3.10/site-packages/numpy/core/_multiarray_umath.cpython-310-x86_64-linux-gnu.so
728245fb0000-728245fb2000 r--p 0067d000 00:6a 10175524                   /home/ubuntu/.local/lib/python3.10/site-packages/numpy/core/_multiarray_umath.cpython-310-x86_64-linux-gnu.so
728245fb2000-728245fd5000 rw-p 0067f000 00:6a 10175524                   /home/ubuntu/.local/lib/python3.10/site-packages/numpy/core/_multiarray_umath.cpython-310-x86_64-linux-gnu.so
728245fd5000-728245ff5000 rw-p 00000000 00:00 0 
728245ff5000-728245ffb000 rw-p 0070b000 00:6a 10175524                   /home/ubuntu/.local/lib/python3.10/site-packages/numpy/core/_multiarray_umath.cpython-310-x86_64-linux-gnu.so
728245ffb000-728246000000 rw-p 00711000 00:6a 10175524                   /home/ubuntu/.local/lib/python3.10/site-packages/numpy/core/_multiarray_umath.cpython-310-x86_64-linux-gnu.so
728246000000-728246166000 r--p 00000000 103:03 106299480                 /usr/lib/x86_64-linux-gnu/libcuda.so.580.95.05
728246166000-7282470e8000 r-xp 00166000 103:03 106299480                 /usr/lib/x86_64-linux-gnu/libcuda.so.580.95.05
7282470e8000-72824ba93000 r--p 010e8000 103:03 106299480                 /usr/lib/x86_64-linux-gnu/libcuda.so.580.95.05
72824ba93000-72824ba94000 ---p 05a93000 103:03 106299480                 /usr/lib/x86_64-linux-gnu/libcuda.so.580.95.05
72824ba94000-72824bbc9000 r--p 05a93000 103:03 106299480                 /usr/lib/x86_64-linux-gnu/libcuda.so.580.95.05
72824bbc9000-72824bbd2000 rw-p 05bc8000 103:03 106299480                 /usr/lib/x86_64-linux-gnu/libcuda.so.580.95.05
72824bbd2000-72824bc49000 rw-p 00000000 00:00 0 
72824bc49000-72824bc4a000 r--s 00000000 08:00 45646547                   /home/ubuntu/tbazzocchi/FRAG/MedRAG/corpus/wikipedia/index/bm25/_2.fdx
72824bc4a000-72824bc4b000 r--s 00000000 08:00 45646660                   /home/ubuntu/tbazzocchi/FRAG/MedRAG/corpus/wikipedia/index/bm25/_o.fdx
72824bc4b000-72824bc4c000 r--s 00000000 08:00 45646683                   /home/ubuntu/tbazzocchi/FRAG/MedRAG/corpus/wikipedia/index/bm25/_q.fdx
72824bc4c000-72824bc4d000 r--p 00000000 00:6a 10226763                   /home/ubuntu/.local/lib/python3.10/site-packages/scipy/ndimage/_rank_filter_1d.cpython-310-x86_64-linux-gnu.so
72824bc4d000-72824bc50000 r-xp 00001000 00:6a 10226763                   /home/ubuntu/.local/lib/python3.10/site-packages/scipy/ndimage/_rank_filter_1d.cpython-310-x86_64-linux-gnu.so
72824bc50000-72824bc51000 r--p 00004000 00:6a 10226763                   /home/ubuntu/.local/lib/python3.10/site-packages/scipy/ndimage/_rank_filter_1d.cpython-310-x86_64-linux-gnu.so
72824bc51000-72824bc52000 r--p 00004000 00:6a 10226763                   /home/ubuntu/.local/lib/python3.10/site-packages/scipy/ndimage/_rank_filter_1d.cpython-310-x86_64-linux-gnu.so
72824bc52000-72824bc53000 rw-p 00005000 00:6a 10226763                   /home/ubuntu/.local/lib/python3.10/site-packages/scipy/ndimage/_rank_filter_1d.cpython-310-x86_64-linux-gnu.so
72824bc53000-72824bc56000 r--p 00000000 00:6a 10226463                   /home/ubuntu/.local/lib/python3.10/site-packages/scipy/special/_ellip_harm_2.cpython-310-x86_64-linux-gnu.so
72824bc56000-72824bc6a000 r-xp 00003000 00:6a 10226463                   /home/ubuntu/.local/lib/python3.10/site-packages/scipy/special/_ellip_harm_2.cpython-310-x86_64-linux-gnu.so
72824bc6a000-72824bc6d000 r--p 00017000 00:6a 10226463                   /home/ubuntu/.local/lib/python3.10/site-packages/scipy/special/_ellip_harm_2.cpython-310-x86_64-linux-gnu.so
72824bc6d000-72824bc6e000 r--p 00019000 00:6a 10226463                   /home/ubuntu/.local/lib/python3.10/site-packages/scipy/special/_ellip_harm_2.cpython-310-x86_64-linux-gnu.so
72824bc6e000-72824bc6f000 rw-p 0001a000 00:6a 10226463                   /home/ubuntu/.local/lib/python3.10/site-packages/scipy/special/_ellip_harm_2.cpython-310-x86_64-linux-gnu.so
72824bc6f000-72824bc71000 rw-p 0001f000 00:6a 10226463                   /home/ubuntu/.local/lib/python3.10/site-packages/scipy/special/_ellip_harm_2.cpython-310-x86_64-linux-gnu.so
72824bc71000-72824bc72000 rw-p 00021000 00:6a 10226463                   /home/ubuntu/.local/lib/python3.10/site-packages/scipy/special/_ellip_harm_2.cpython-310-x86_64-linux-gnu.so
72824bc72000-72824bc78000 r--p 00000000 00:6a 10226385                   /home/ubuntu/.local/lib/python3.10/site-packages/scipy/linalg/_cythonized_array_utils.cpython-310-x86_64-linux-gnu.so
72824bc78000-72824bcec000 r-xp 00006000 00:6a 10226385                   /home/ubuntu/.local/lib/python3.10/site-packages/scipy/linalg/_cythonized_array_utils.cpython-310-x86_64-linux-gnu.so
72824bcec000-72824bcfa000 r--p 0007a000 00:6a 10226385                   /home/ubuntu/.local/lib/python3.10/site-packages/scipy/linalg/_cythonized_array_utils.cpython-310-x86_64-linux-gnu.so
72824bcfa000-72824bcfb000 ---p 00088000 00:6a 10226385                   /home/ubuntu/.local/lib/python3.10/site-packages/scipy/linalg/_cythonized_array_utils.cpython-310-x86_64-linux-gnu.so
72824bcfb000-72824bcfc000 r--p 00088000 00:6a 10226385                   /home/ubuntu/.local/lib/python3.10/site-packages/scipy/linalg/_cythonized_array_utils.cpython-310-x86_64-linux-gnu.so
72824bcfc000-72824bcff000 rw-p 00089000 00:6a 10226385                   /home/ubuntu/.local/lib/python3.10/site-packages/scipy/linalg/_cythonized_array_utils.cpython-310-x86_64-linux-gnu.so
72824bcff000-72824be00000 rw-p 00000000 00:00 0 
72824be00000-728254643000 r-xp 00000000 00:6a 10100322                   /home/ubuntu/.local/lib/python3.10/site-packages/nvidia/nvshmem/lib/libnvshmem_host.so.3
728254643000-728254843000 ---p 08843000 00:6a 10100322                   /home/ubuntu/.local/lib/python3.10/site-packages/nvidia/nvshmem/lib/libnvshmem_host.so.3
728254843000-728254848000 r--p 08843000 00:6a 10100322                   /home/ubuntu/.local/lib/python3.10/site-packages/nvidia/nvshmem/lib/libnvshmem_host.so.3
728254848000-72825484f000 rw-p 08848000 00:6a 10100322                   /home/ubuntu/.local/lib/python3.10/site-packages/nvidia/nvshmem/lib/libnvshmem_host.so.3
72825484f000-728254875000 rw-p 00000000 00:00 0 
728254875000-728254876000 r--s 00000000 08:00 45646304                   /home/ubuntu/tbazzocchi/FRAG/MedRAG/corpus/wikipedia/index/bm25/_r.fdx
728254876000-728254877000 r--s 00000000 08:00 45646321                   /home/ubuntu/tbazzocchi/FRAG/MedRAG/corpus/wikipedia/index/bm25/_x.fdx
728254877000-728254878000 r--s 00000000 08:00 45646338                   /home/ubuntu/tbazzocchi/FRAG/MedRAG/corpus/wikipedia/index/bm25/_12.fdx
728254878000-728254879000 r--s 00000000 08:00 45646352                   /home/ubuntu/tbazzocchi/FRAG/MedRAG/corpus/wikipedia/index/bm25/_10.fdx
728254879000-72825487a000 r--p 00000000 00:6a 10226175                   /home/ubuntu/.local/lib/python3.10/site-packages/scipy/optimize/_lsap.cpython-310-x86_64-linux-gnu.so
72825487a000-72825487c000 r-xp 00001000 00:6a 10226175                   /home/ubuntu/.local/lib/python3.10/site-packages/scipy/optimize/_lsap.cpython-310-x86_64-linux-gnu.so
72825487c000-72825487e000 r--p 00003000 00:6a 10226175                   /home/ubuntu/.local/lib/python3.10/site-packages/scipy/optimize/_lsap.cpython-310-x86_64-linux-gnu.so
72825487e000-72825487f000 r--p 00004000 00:6a 10226175                   /home/ubuntu/.local/lib/python3.10/site-packages/scipy/optimize/_lsap.cpython-310-x86_64-linux-gnu.so
72825487f000-728254880000 rw-p 00005000 00:6a 10226175                   /home/ubuntu/.local/lib/python3.10/site-packages/scipy/optimize/_lsap.cpython-310-x86_64-linux-gnu.so
728254880000-728254885000 r--p 00000000 00:6a 10226354                   /home/ubuntu/.local/lib/python3.10/site-packages/scipy/linalg/_decomp_lu_cython.cpython-310-x86_64-linux-gnu.so
728254885000-7282548b1000 r-xp 00005000 00:6a 10226354                   /home/ubuntu/.local/lib/python3.10/site-packages/scipy/linalg/_decomp_lu_cython.cpython-310-x86_64-linux-gnu.so
7282548b1000-7282548b9000 r--p 00031000 00:6a 10226354                   /home/ubuntu/.local/lib/python3.10/site-packages/scipy/linalg/_decomp_lu_cython.cpython-310-x86_64-linux-gnu.so
7282548b9000-7282548ba000 r--p 00038000 00:6a 10226354                   /home/ubuntu/.local/lib/python3.10/site-packages/scipy/linalg/_decomp_lu_cython.cpython-310-x86_64-linux-gnu.so
7282548ba000-7282548bc000 rw-p 00039000 00:6a 10226354                   /home/ubuntu/.local/lib/python3.10/site-packages/scipy/linalg/_decomp_lu_cython.cpython-310-x86_64-linux-gnu.so
7282548bc000-7282548bd000 rw-p 00000000 00:00 0 
7282548bd000-7282548c2000 r--p 00000000 00:6a 10226382                   /home/ubuntu/.local/lib/python3.10/site-packages/scipy/linalg/_solve_toeplitz.cpython-310-x86_64-linux-gnu.so
7282548c2000-7282548f3000 r-xp 00005000 00:6a 10226382                   /home/ubuntu/.local/lib/python3.10/site-packages/scipy/linalg/_solve_toeplitz.cpython-310-x86_64-linux-gnu.so
7282548f3000-7282548fb000 r--p 00036000 00:6a 10226382                   /home/ubuntu/.local/lib/python3.10/site-packages/scipy/linalg/_solve_toeplitz.cpython-310-x86_64-linux-gnu.so
7282548fb000-7282548fc000 ---p 0003e000 00:6a 10226382                   /home/ubuntu/.local/lib/python3.10/site-packages/scipy/linalg/_solve_toeplitz.cpython-310-x86_64-linux-gnu.so
7282548fc000-7282548fd000 r--p 0003e000 00:6a 10226382                   /home/ubuntu/.local/lib/python3.10/site-packages/scipy/linalg/_solve_toeplitz.cpython-310-x86_64-linux-gnu.so
7282548fd000-7282548ff000 rw-p 0003f000 00:6a 10226382                   /home/ubuntu/.local/lib/python3.10/site-packages/scipy/linalg/_solve_toeplitz.cpython-310-x86_64-linux-gnu.so
7282548ff000-728254a00000 rw-p 00000000 00:00 0 
728254a00000-72826e269000 r-xp 00000000 00:6a 10100646                   /home/ubuntu/.local/lib/python3.10/site-packages/nvidia/cublas/lib/libcublasLt.so.12
72826e269000-72826e469000 ---p 19869000 00:6a 10100646                   /home/ubuntu/.local/lib/python3.10/site-packages/nvidia/cublas/lib/libcublasLt.so.12
72826e469000-72826e6a7000 r--p 19869000 00:6a 10100646                   /home/ubuntu/.local/lib/python3.10/site-packages/nvidia/cublas/lib/libcublasLt.so.12
72826e6a7000-72827205b000 rw-p 19aa7000 00:6a 10100646                   /home/ubuntu/.local/lib/python3.10/site-packages/nvidia/cublas/lib/libcublasLt.so.12
72827205b000-72827622c000 rw-p 00000000 00:00 0 
72827622c000-72827622d000 r--s 00000000 08:00 45646363                   /home/ubuntu/tbazzocchi/FRAG/MedRAG/corpus/wikipedia/index/bm25/_u.fdx
72827622d000-72827622f000 r--p 00000000 00:6a 10227561                   /home/ubuntu/.local/lib/python3.10/site-packages/scipy/spatial/_distance_wrap.cpython-310-x86_64-linux-gnu.so
72827622f000-728276243000 r-xp 00002000 00:6a 10227561                   /home/ubuntu/.local/lib/python3.10/site-packages/scipy/spatial/_distance_wrap.cpython-310-x86_64-linux-gnu.so
728276243000-728276245000 r--p 00016000 00:6a 10227561                   /home/ubuntu/.local/lib/python3.10/site-packages/scipy/spatial/_distance_wrap.cpython-310-x86_64-linux-gnu.so
728276245000-728276246000 ---p 00018000 00:6a 10227561                   /home/ubuntu/.local/lib/python3.10/site-packages/scipy/spatial/_distance_wrap.cpython-310-x86_64-linux-gnu.so
728276246000-728276247000 r--p 00018000 00:6a 10227561                   /home/ubuntu/.local/lib/python3.10/site-packages/scipy/spatial/_distance_wrap.cpython-310-x86_64-linux-gnu.so
728276247000-728276248000 rw-p 00019000 00:6a 10227561                   /home/ubuntu/.local/lib/python3.10/site-packages/scipy/spatial/_distance_wrap.cpython-310-x86_64-linux-gnu.so
728276248000-72827624b000 r--p 00000000 00:6a 10226400                   /home/ubuntu/.local/lib/python3.10/site-packages/scipy/linalg/_linalg_pythran.cpython-310-x86_64-linux-gnu.so
72827624b000-72827625f000 r-xp 00003000 00:6a 10226400                   /home/ubuntu/.local/lib/python3.10/site-packages/scipy/linalg/_linalg_pythran.cpython-310-x86_64-linux-gnu.so
72827625f000-728276263000 r--p 00017000 00:6a 10226400                   /home/ubuntu/.local/lib/python3.10/site-packages/scipy/linalg/_linalg_pythran.cpython-310-x86_64-linux-gnu.so
728276263000-728276264000 r--p 0001a000 00:6a 10226400                   /home/ubuntu/.local/lib/python3.10/site-packages/scipy/linalg/_linalg_pythran.cpython-310-x86_64-linux-gnu.so
728276264000-728276265000 rw-p 0001b000 00:6a 10226400                   /home/ubuntu/.local/lib/python3.10/site-packages/scipy/linalg/_linalg_pythran.cpython-310-x86_64-linux-gnu.so
728276265000-728276269000 r--p 00000000 00:6a 10226637                   /home/ubuntu/.local/lib/python3.10/site-packages/scipy/_lib/_ccallback_c.cpython-310-x86_64-linux-gnu.so
728276269000-728276277000 r-xp 00004000 00:6a 10226637                   /home/ubuntu/.local/lib/python3.10/site-packages/scipy/_lib/_ccallback_c.cpython-310-x86_64-linux-gnu.so
728276277000-72827627a000 r--p 00012000 00:6a 10226637                   /home/ubuntu/.local/lib/python3.10/site-packages/scipy/_lib/_ccallback_c.cpython-310-x86_64-linux-gnu.so
72827627a000-72827627b000 r--p 00014000 00:6a 10226637                   /home/ubuntu/.local/lib/python3.10/site-packages/scipy/_lib/_ccallback_c.cpython-310-x86_64-linux-gnu.so
72827627b000-72827627c000 rw-p 00015000 00:6a 10226637                   /home/ubuntu/.local/lib/python3.10/site-packages/scipy/_lib/_ccallback_c.cpython-310-x86_64-linux-gnu.so
72827627c000-72827627d000 rw-p 00000000 00:00 0 
72827627d000-728276282000 r--p 00000000 00:6a 10224197                   /home/ubuntu/.local/lib/python3.10/site-packages/frozenlist/_frozenlist.cpython-310-x86_64-linux-gnu.so
728276282000-72827628e000 r-xp 00005000 00:6a 10224197                   /home/ubuntu/.local/lib/python3.10/site-packages/frozenlist/_frozenlist.cpython-310-x86_64-linux-gnu.so
72827628e000-728276292000 r--p 00011000 00:6a 10224197                   /home/ubuntu/.local/lib/python3.10/site-packages/frozenlist/_frozenlist.cpython-310-x86_64-linux-gnu.so
728276292000-728276293000 r--p 00014000 00:6a 10224197                   /home/ubuntu/.local/lib/python3.10/site-packages/frozenlist/_frozenlist.cpython-310-x86_64-linux-gnu.so
728276293000-728276295000 rw-p 00015000 00:6a 10224197                   /home/ubuntu/.local/lib/python3.10/site-packages/frozenlist/_frozenlist.cpython-310-x86_64-linux-gnu.so
728276295000-72827629f000 r--p 00000000 00:6a 10238240                   /home/ubuntu/.local/lib/python3.10/site-packages/aiohttp/_http_parser.cpython-310-x86_64-linux-gnu.so
72827629f000-7282762ed000 r-xp 0000a000 00:6a 10238240                   /home/ubuntu/.local/lib/python3.10/site-packages/aiohttp/_http_parser.cpython-310-x86_64-linux-gnu.so
7282762ed000-7282762f9000 r--p 00058000 00:6a 10238240                   /home/ubuntu/.local/lib/python3.10/site-packages/aiohttp/_http_parser.cpython-310-x86_64-linux-gnu.so
7282762f9000-7282762fb000 r--p 00063000 00:6a 10238240                   /home/ubuntu/.local/lib/python3.10/site-packages/aiohttp/_http_parser.cpython-310-x86_64-linux-gnu.so
7282762fb000-7282762fe000 rw-p 00065000 00:6a 10238240                   /home/ubuntu/.local/lib/python3.10/site-packages/aiohttp/_http_parser.cpython-310-x86_64-linux-gnu.so
7282762fe000-728276400000 rw-p 00000000 00:00 0 
728276400000-72827cb28000 r-xp 00000000 00:6a 10100645                   /home/ubuntu/.local/lib/python3.10/site-packages/nvidia/cublas/lib/libcublas.so.12
72827cb28000-72827cd28000 ---p 06728000 00:6a 10100645                   /home/ubuntu/.local/lib/python3.10/site-packages/nvidia/cublas/lib/libcublas.so.12
72827cd28000-72827cd34000 r--p 06728000 00:6a 10100645                   /home/ubuntu/.local/lib/python3.10/site-packages/nvidia/cublas/lib/libcublas.so.12
72827cd34000-72827cd3b000 rw-p 06734000 00:6a 10100645                   /home/ubuntu/.local/lib/python3.10/site-packages/nvidia/cublas/lib/libcublas.so.12
72827cd3b000-72827cd47000 rw-p 00000000 00:00 0 
72827cd47000-72827cd4a000 r--p 00000000 00:6a 10226654                   /home/ubuntu/.local/lib/python3.10/site-packages/scipy/_lib/messagestream.cpython-310-x86_64-linux-gnu.so
72827cd4a000-72827cd54000 r-xp 00003000 00:6a 10226654                   /home/ubuntu/.local/lib/python3.10/site-packages/scipy/_lib/messagestream.cpython-310-x86_64-linux-gnu.so
72827cd54000-72827cd57000 r--p 0000d000 00:6a 10226654                   /home/ubuntu/.local/lib/python3.10/site-packages/scipy/_lib/messagestream.cpython-310-x86_64-linux-gnu.so
72827cd57000-72827cd58000 r--p 0000f000 00:6a 10226654                   /home/ubuntu/.local/lib/python3.10/site-packages/scipy/_lib/messagestream.cpython-310-x86_64-linux-gnu.so
72827cd58000-72827cd59000 rw-p 00010000 00:6a 10226654                   /home/ubuntu/.local/lib/python3.10/site-packages/scipy/_lib/messagestream.cpython-310-x86_64-linux-gnu.so
72827cd59000-72827cd5f000 r--p 00000000 00:6a 10238305                   /home/ubuntu/.local/lib/python3.10/site-packages/aiohttp/_websocket/reader_c.cpython-310-x86_64-linux-gnu.so
72827cd5f000-72827cd83000 r-xp 00006000 00:6a 10238305                   /home/ubuntu/.local/lib/python3.10/site-packages/aiohttp/_websocket/reader_c.cpython-310-x86_64-linux-gnu.so
72827cd83000-72827cd89000 r--p 0002a000 00:6a 10238305                   /home/ubuntu/.local/lib/python3.10/site-packages/aiohttp/_websocket/reader_c.cpython-310-x86_64-linux-gnu.so
72827cd89000-72827cd8b000 r--p 0002f000 00:6a 10238305                   /home/ubuntu/.local/lib/python3.10/site-packages/aiohttp/_websocket/reader_c.cpython-310-x86_64-linux-gnu.so
72827cd8b000-72827cd8d000 rw-p 00031000 00:6a 10238305                   /home/ubuntu/.local/lib/python3.10/site-packages/aiohttp/_websocket/reader_c.cpython-310-x86_64-linux-gnu.so
72827cd8d000-72827cd8e000 rw-p 00000000 00:00 0 
72827cd8e000-72827cd92000 r--p 00000000 00:6a 10174777                   /home/ubuntu/.local/lib/python3.10/site-packages/propcache/_helpers_c.cpython-310-x86_64-linux-gnu.so
72827cd92000-72827cd9e000 r-xp 00004000 00:6a 10174777                   /home/ubuntu/.local/lib/python3.10/site-packages/propcache/_helpers_c.cpython-310-x86_64-linux-gnu.so
72827cd9e000-72827cda2000 r--p 00010000 00:6a 10174777                   /home/ubuntu/.local/lib/python3.10/site-packages/propcache/_helpers_c.cpython-310-x86_64-linux-gnu.so
72827cda2000-72827cda3000 r--p 00013000 00:6a 10174777                   /home/ubuntu/.local/lib/python3.10/site-packages/propcache/_helpers_c.cpython-310-x86_64-linux-gnu.so
72827cda3000-72827cda4000 rw-p 00014000 00:6a 10174777                   /home/ubuntu/.local/lib/python3.10/site-packages/propcache/_helpers_c.cpython-310-x86_64-linux-gnu.so
72827cda4000-72827cda5000 rw-p 00000000 00:00 0 
72827cda5000-72827cdac000 r--p 00000000 00:6a 10172809                   /home/ubuntu/.local/lib/python3.10/site-packages/yaml/_yaml.cpython-310-x86_64-linux-gnu.so
72827cdac000-72827cdf2000 r-xp 00007000 00:6a 10172809                   /home/ubuntu/.local/lib/python3.10/site-packages/yaml/_yaml.cpython-310-x86_64-linux-gnu.so
72827cdf2000-72827cdfb000 r--p 0004d000 00:6a 10172809                   /home/ubuntu/.local/lib/python3.10/site-packages/yaml/_yaml.cpython-310-x86_64-linux-gnu.so
72827cdfb000-72827cdfd000 r--p 00055000 00:6a 10172809                   /home/ubuntu/.local/lib/python3.10/site-packages/yaml/_yaml.cpython-310-x86_64-linux-gnu.so
72827cdfd000-72827cdff000 rw-p 00057000 00:6a 10172809                   /home/ubuntu/.local/lib/python3.10/site-packages/yaml/_yaml.cpython-310-x86_64-linux-gnu.so
72827cdff000-72827ce00000 rw-p 00000000 00:00 0 
72827ce00000-7282815cf000 r-xp 00000000 00:6a 10100399                   /home/ubuntu/.local/lib/python3.10/site-packages/nvidia/curand/lib/libcurand.so.10
7282815cf000-7282817cf000 ---p 047cf000 00:6a 10100399                   /home/ubuntu/.local/lib/python3.10/site-packages/nvidia/curand/lib/libcurand.so.10
7282817cf000-7282817d5000 r--p 047cf000 00:6a 10100399                   /home/ubuntu/.local/lib/python3.10/site-packages/nvidia/curand/lib/libcurand.so.10
7282817d5000-728282c01000 rw-p 047d5000 00:6a 10100399                   /home/ubuntu/.local/lib/python3.10/site-packages/nvidia/curand/lib/libcurand.so.10
728282c01000-728283239000 rw-p 00000000 00:00 0 
728283239000-72828323b000 r--p 00000000 00:6a 10235981                   /home/ubuntu/.local/lib/python3.10/site-packages/sklearn/utils/_heap.cpython-310-x86_64-linux-gnu.so
72828323b000-72828323c000 r-xp 00002000 00:6a 10235981                   /home/ubuntu/.local/lib/python3.10/site-packages/sklearn/utils/_heap.cpython-310-x86_64-linux-gnu.so
72828323c000-72828323d000 r--p 00003000 00:6a 10235981                   /home/ubuntu/.local/lib/python3.10/site-packages/sklearn/utils/_heap.cpython-310-x86_64-linux-gnu.so
72828323d000-72828323e000 r--p 00003000 00:6a 10235981                   /home/ubuntu/.local/lib/python3.10/site-packages/sklearn/utils/_heap.cpython-310-x86_64-linux-gnu.so
72828323e000-72828323f000 rw-p 00004000 00:6a 10235981                   /home/ubuntu/.local/lib/python3.10/site-packages/sklearn/utils/_heap.cpython-310-x86_64-linux-gnu.so
72828323f000-728283244000 r--p 00000000 00:6a 10225146                   /home/ubuntu/.local/lib/python3.10/site-packages/yarl/_quoting_c.cpython-310-x86_64-linux-gnu.so
728283244000-728283259000 r-xp 00005000 00:6a 10225146                   /home/ubuntu/.local/lib/python3.10/site-packages/yarl/_quoting_c.cpython-310-x86_64-linux-gnu.so
728283259000-72828325d000 r--p 0001a000 00:6a 10225146                   /home/ubuntu/.local/lib/python3.10/site-packages/yarl/_quoting_c.cpython-310-x86_64-linux-gnu.so
72828325d000-72828325e000 r--p 0001d000 00:6a 10225146                   /home/ubuntu/.local/lib/python3.10/site-packages/yarl/_quoting_c.cpython-310-x86_64-linux-gnu.so
72828325e000-72828325f000 rw-p 0001e000 00:6a 10225146                   /home/ubuntu/.local/lib/python3.10/site-packages/yarl/_quoting_c.cpython-310-x86_64-linux-gnu.so
72828325f000-728283260000 rw-p 00000000 00:00 0 
728283260000-728283264000 r--p 00000000 00:6a 10176417                   /home/ubuntu/.local/lib/python3.10/site-packages/multidict/_multidict.cpython-310-x86_64-linux-gnu.so
728283264000-728283275000 r-xp 00004000 00:6a 10176417                   /home/ubuntu/.local/lib/python3.10/site-packages/multidict/_multidict.cpython-310-x86_64-linux-gnu.so
728283275000-728283279000 r--p 00015000 00:6a 10176417                   /home/ubuntu/.local/lib/python3.10/site-packages/multidict/_multidict.cpython-310-x86_64-linux-gnu.so
728283279000-72828327a000 r--p 00018000 00:6a 10176417                   /home/ubuntu/.local/lib/python3.10/site-packages/multidict/_multidict.cpython-310-x86_64-linux-gnu.so
72828327a000-72828327c000 rw-p 00019000 00:6a 10176417                   /home/ubuntu/.local/lib/python3.10/site-packages/multidict/_multidict.cpython-310-x86_64-linux-gnu.so
72828327c000-72828329a000 r--p 00000000 00:6a 25773465                   /usr/lib/x86_64-linux-gnu/libssl.so.3
72828329a000-7282832f5000 r-xp 0001e000 00:6a 25773465                   /usr/lib/x86_64-linux-gnu/libssl.so.3
7282832f5000-728283312000 r--p 00079000 00:6a 25773465                   /usr/lib/x86_64-linux-gnu/libssl.so.3
728283312000-72828331c000 r--p 00095000 00:6a 25773465                   /usr/lib/x86_64-linux-gnu/libssl.so.3
72828331c000-728283320000 rw-p 0009f000 00:6a 25773465                   /usr/lib/x86_64-linux-gnu/libssl.so.3
728283320000-728283327000 r--p 00000000 00:6a 10175431                   /home/ubuntu/.local/lib/python3.10/site-packages/numpy/random/_generator.cpython-310-x86_64-linux-gnu.so
728283327000-7282833a7000 r-xp 00007000 00:6a 10175431                   /home/ubuntu/.local/lib/python3.10/site-packages/numpy/random/_generator.cpython-310-x86_64-linux-gnu.so
7282833a7000-7282833fb000 r--p 00087000 00:6a 10175431                   /home/ubuntu/.local/lib/python3.10/site-packages/numpy/random/_generator.cpython-310-x86_64-linux-gnu.so
7282833fb000-7282833fc000 r--p 000da000 00:6a 10175431                   /home/ubuntu/.local/lib/python3.10/site-packages/numpy/random/_generator.cpython-310-x86_64-linux-gnu.so
7282833fc000-7282833fe000 rw-p 000db000 00:6a 10175431                   /home/ubuntu/.local/lib/python3.10/site-packages/numpy/random/_generator.cpython-310-x86_64-linux-gnu.so
7282833fe000-728283400000 rw-p 00000000 00:00 0 
728283400000-72829bc50000 r-xp 00000000 00:6a 10100367                   /home/ubuntu/.local/lib/python3.10/site-packages/nvidia/nccl/lib/libnccl.so.2
72829bc50000-72829be50000 ---p 18850000 00:6a 10100367                   /home/ubuntu/.local/lib/python3.10/site-packages/nvidia/nccl/lib/libnccl.so.2
72829be50000-72829be59000 r--p 18850000 00:6a 10100367                   /home/ubuntu/.local/lib/python3.10/site-packages/nvidia/nccl/lib/libnccl.so.2
72829be59000-72829be6e000 rw-p 18859000 00:6a 10100367                   /home/ubuntu/.local/lib/python3.10/site-packages/nvidia/nccl/lib/libnccl.so.2
72829be6e000-72829bea6000 rw-p 00000000 00:00 0 
72829bea6000-72829bea7000 r--s 00000000 08:00 45646378                   /home/ubuntu/tbazzocchi/FRAG/MedRAG/corpus/wikipedia/index/bm25/_11.fdx
72829bea7000-72829bea8000 r--p 00000000 00:6a 11010630                   /home/ubuntu/.local/lib/python3.10/site-packages/tensorflow/lite/python/analyzer_wrapper/_pywrap_analyzer_wrapper.so
72829bea8000-72829bea9000 r-xp 00000000 00:6a 11010630                   /home/ubuntu/.local/lib/python3.10/site-packages/tensorflow/lite/python/analyzer_wrapper/_pywrap_analyzer_wrapper.so
72829bea9000-72829beaa000 r--p 00000000 00:6a 11010630                   /home/ubuntu/.local/lib/python3.10/site-packages/tensorflow/lite/python/analyzer_wrapper/_pywrap_analyzer_wrapper.so
72829beaa000-72829beab000 rw-p 00000000 00:6a 11010630                   /home/ubuntu/.local/lib/python3.10/site-packages/tensorflow/lite/python/analyzer_wrapper/_pywrap_analyzer_wrapper.so
72829beab000-72829beaf000 r--p 00000000 00:6a 10175416                   /home/ubuntu/.local/lib/python3.10/site-packages/numpy/random/_bounded_integers.cpython-310-x86_64-linux-gnu.so
72829beaf000-72829bef4000 r-xp 00004000 00:6a 10175416                   /home/ubuntu/.local/lib/python3.10/site-packages/numpy/random/_bounded_integers.cpython-310-x86_64-linux-gnu.so
72829bef4000-72829befd000 r--p 00049000 00:6a 10175416                   /home/ubuntu/.local/lib/python3.10/site-packages/numpy/random/_bounded_integers.cpython-310-x86_64-linux-gnu.so
72829befd000-72829befe000 r--p 00051000 00:6a 10175416                   /home/ubuntu/.local/lib/python3.10/site-packages/numpy/random/_bounded_integers.cpython-310-x86_64-linux-gnu.so
72829befe000-72829beff000 rw-p 00052000 00:6a 10175416                   /home/ubuntu/.local/lib/python3.10/site-packages/numpy/random/_bounded_integers.cpython-310-x86_64-linux-gnu.so
72829beff000-72829c000000 rw-p 00000000 00:00 0 
72829c000000-72829c57a000 r-xp 00000000 00:6a 10103692                   /home/ubuntu/.local/lib/python3.10/site-packages/nvidia/cufft/lib/libcufft.so.11
72829c57a000-72829c779000 ---p 0057a000 00:6a 10103692                   /home/ubuntu/.local/lib/python3.10/site-packages/nvidia/cufft/lib/libcufft.so.11
72829c779000-72829c786000 r--p 00579000 00:6a 10103692                   /home/ubuntu/.local/lib/python3.10/site-packages/nvidia/cufft/lib/libcufft.so.11
72829c786000-7282acb63000 rw-p 00586000 00:6a 10103692                   /home/ubuntu/.local/lib/python3.10/site-packages/nvidia/cufft/lib/libcufft.so.11
7282acb63000-7282aceaa000 rw-p 00000000 00:00 0 
7282aceaa000-7282ad000000 ---p 10eaa000 00:6a 10103692                   /home/ubuntu/.local/lib/python3.10/site-packages/nvidia/cufft/lib/libcufft.so.11
7282ad000000-7282ad001000 rw-p 10a00000 00:6a 10103692                   /home/ubuntu/.local/lib/python3.10/site-packages/nvidia/cufft/lib/libcufft.so.11
7282ad001000-7282ad002000 r--s 00000000 08:00 45646397                   /home/ubuntu/tbazzocchi/FRAG/MedRAG/corpus/wikipedia/index/bm25/_w.fdx
7282ad002000-7282ad005000 r--p 00000000 00:6a 10226445                   /home/ubuntu/.local/lib/python3.10/site-packages/scipy/special/_comb.cpython-310-x86_64-linux-gnu.so
7282ad005000-7282ad00c000 r-xp 00003000 00:6a 10226445                   /home/ubuntu/.local/lib/python3.10/site-packages/scipy/special/_comb.cpython-310-x86_64-linux-gnu.so
7282ad00c000-7282ad00e000 r--p 0000a000 00:6a 10226445                   /home/ubuntu/.local/lib/python3.10/site-packages/scipy/special/_comb.cpython-310-x86_64-linux-gnu.so
7282ad00e000-7282ad00f000 r--p 0000b000 00:6a 10226445                   /home/ubuntu/.local/lib/python3.10/site-packages/scipy/special/_comb.cpython-310-x86_64-linux-gnu.so
7282ad00f000-7282ad010000 rw-p 0000c000 00:6a 10226445                   /home/ubuntu/.local/lib/python3.10/site-packages/scipy/special/_comb.cpython-310-x86_64-linux-gnu.so
7282ad010000-7282ad01e000 r--p 00000000 00:6a 10224959                   /home/ubuntu/.local/lib/python3.10/site-packages/charset_normalizer/md__mypyc.cpython-310-x86_64-linux-gnu.so
7282ad01e000-7282ad03d000 r-xp 0000e000 00:6a 10224959                   /home/ubuntu/.local/lib/python3.10/site-packages/charset_normalizer/md__mypyc.cpython-310-x86_64-linux-gnu.so
7282ad03d000-7282ad047000 r--p 0002d000 00:6a 10224959                   /home/ubuntu/.local/lib/python3.10/site-packages/charset_normalizer/md__mypyc.cpython-310-x86_64-linux-gnu.so
7282ad047000-7282ad048000 r--p 00036000 00:6a 10224959                   /home/ubuntu/.local/lib/python3.10/site-packages/charset_normalizer/md__mypyc.cpython-310-x86_64-linux-gnu.so
7282ad048000-7282ad04c000 rw-p 00037000 00:6a 10224959                   /home/ubuntu/.local/lib/python3.10/site-packages/charset_normalizer/md__mypyc.cpython-310-x86_64-linux-gnu.so
7282ad04c000-7282ad04d000 rw-p 00000000 00:00 0 
7282ad04d000-7282ad052000 r--p 00000000 00:6a 10175422                   /home/ubuntu/.local/lib/python3.10/site-packages/numpy/random/mtrand.cpython-310-x86_64-linux-gnu.so
7282ad052000-7282ad0ab000 r-xp 00005000 00:6a 10175422                   /home/ubuntu/.local/lib/python3.10/site-packages/numpy/random/mtrand.cpython-310-x86_64-linux-gnu.so
7282ad0ab000-7282ad0fb000 r--p 0005e000 00:6a 10175422                   /home/ubuntu/.local/lib/python3.10/site-packages/numpy/random/mtrand.cpython-310-x86_64-linux-gnu.so
7282ad0fb000-7282ad0fc000 ---p 000ae000 00:6a 10175422                   /home/ubuntu/.local/lib/python3.10/site-packages/numpy/random/mtrand.cpython-310-x86_64-linux-gnu.so
7282ad0fc000-7282ad0fd000 r--p 000ae000 00:6a 10175422                   /home/ubuntu/.local/lib/python3.10/site-packages/numpy/random/mtrand.cpython-310-x86_64-linux-gnu.so
7282ad0fd000-7282ad0fe000 rw-p 000af000 00:6a 10175422                   /home/ubuntu/.local/lib/python3.10/site-packages/numpy/random/mtrand.cpython-310-x86_64-linux-gnu.so
7282ad0fe000-7282ad200000 rw-p 00000000 00:00 0 
7282ad200000-7282be9ba000 r-xp 00000000 00:6a 10103668                   /home/ubuntu/.local/lib/python3.10/site-packages/nvidia/cusparse/lib/libcusparse.so.12
7282be9ba000-7282bebba000 ---p 117ba000 00:6a 10103668                   /home/ubuntu/.local/lib/python3.10/site-packages/nvidia/cusparse/lib/libcusparse.so.12
7282bebba000-7282bebc9000 r--p 117ba000 00:6a 10103668                   /home/ubuntu/.local/lib/python3.10/site-packages/nvidia/cusparse/lib/libcusparse.so.12
7282bebc9000-7282bebe5000 rw-p 117c9000 00:6a 10103668                   /home/ubuntu/.local/lib/python3.10/site-packages/nvidia/cusparse/lib/libcusparse.so.12
7282bebe5000-7282bebea000 rw-p 00000000 00:00 0 
7282bebea000-7282bec00000 ---p 119ea000 00:6a 10103668                   /home/ubuntu/.local/lib/python3.10/site-packages/nvidia/cusparse/lib/libcusparse.so.12
7282bec00000-7282bec05000 rw-p 11800000 00:6a 10103668                   /home/ubuntu/.local/lib/python3.10/site-packages/nvidia/cusparse/lib/libcusparse.so.12
7282bec05000-7282bec06000 r--s 00000000 08:00 45646408                   /home/ubuntu/tbazzocchi/FRAG/MedRAG/corpus/wikipedia/index/bm25/_p.fdx
7282bec06000-7282bec07000 r--s 00000000 08:00 45646427                   /home/ubuntu/tbazzocchi/FRAG/MedRAG/corpus/wikipedia/index/bm25/_z.fdx
7282bec07000-7282bec08000 r--p 00000000 00:6a 10226173                   /home/ubuntu/.local/lib/python3.10/site-packages/scipy/optimize/_zeros.cpython-310-x86_64-linux-gnu.so
7282bec08000-7282bec0a000 r-xp 00001000 00:6a 10226173                   /home/ubuntu/.local/lib/python3.10/site-packages/scipy/optimize/_zeros.cpython-310-x86_64-linux-gnu.so
7282bec0a000-7282bec0b000 r--p 00003000 00:6a 10226173                   /home/ubuntu/.local/lib/python3.10/site-packages/scipy/optimize/_zeros.cpython-310-x86_64-linux-gnu.so
7282bec0b000-7282bec0c000 r--p 00003000 00:6a 10226173                   /home/ubuntu/.local/lib/python3.10/site-packages/scipy/optimize/_zeros.cpython-310-x86_64-linux-gnu.so
7282bec0c000-7282bec0d000 rw-p 00004000 00:6a 10226173                   /home/ubuntu/.local/lib/python3.10/site-packages/scipy/optimize/_zeros.cpython-310-x86_64-linux-gnu.so
7282bec0d000-7282bec11000 r--p 00000000 00:6a 10045253                   /usr/lib/python3.10/lib-dynload/_asyncio.cpython-310-x86_64-linux-gnu.so
7282bec11000-7282bec19000 r-xp 00004000 00:6a 10045253                   /usr/lib/python3.10/lib-dynload/_asyncio.cpython-310-x86_64-linux-gnu.so
7282bec19000-7282bec1d000 r--p 0000c000 00:6a 10045253                   /usr/lib/python3.10/lib-dynload/_asyncio.cpython-310-x86_64-linux-gnu.so
7282bec1d000-7282bec1e000 ---p 00010000 00:6a 10045253                   /usr/lib/python3.10/lib-dynload/_asyncio.cpython-310-x86_64-linux-gnu.so
7282bec1e000-7282bec1f000 r--p 00010000 00:6a 10045253                   /usr/lib/python3.10/lib-dynload/_asyncio.cpython-310-x86_64-linux-gnu.so
7282bec1f000-7282bec21000 rw-p 00011000 00:6a 10045253                   /usr/lib/python3.10/lib-dynload/_asyncio.cpython-310-x86_64-linux-gnu.so
7282bec21000-7282bec33000 r--p 00000000 00:6a 10045508                   /usr/lib/python3.10/lib-dynload/_ssl.cpython-310-x86_64-linux-gnu.so
7282bec33000-7282bec40000 r-xp 00012000 00:6a 10045508                   /usr/lib/python3.10/lib-dynload/_ssl.cpython-310-x86_64-linux-gnu.so
7282bec40000-7282bec4e000 r--p 0001f000 00:6a 10045508                   /usr/lib/python3.10/lib-dynload/_ssl.cpython-310-x86_64-linux-gnu.so
7282bec4e000-7282bec4f000 ---p 0002d000 00:6a 10045508                   /usr/lib/python3.10/lib-dynload/_ssl.cpython-310-x86_64-linux-gnu.so
7282bec4f000-7282bec50000 r--p 0002d000 00:6a 10045508                   /usr/lib/python3.10/lib-dynload/_ssl.cpython-310-x86_64-linux-gnu.so
7282bec50000-7282bec59000 rw-p 0002e000 00:6a 10045508                   /usr/lib/python3.10/lib-dynload/_ssl.cpython-310-x86_64-linux-gnu.so
7282bec59000-7282bed59000 rw-p 00000000 00:00 0 
7282bed59000-7282bed74000 r--p 00000000 00:6a 10159921                   /home/ubuntu/.local/lib/python3.10/site-packages/torch/lib/libtorch_nvshmem.so
7282bed74000-7282bee10000 r-xp 0001b000 00:6a 10159921                   /home/ubuntu/.local/lib/python3.10/site-packages/torch/lib/libtorch_nvshmem.so
7282bee10000-7282bf5ad000 r--p 000b7000 00:6a 10159921                   /home/ubuntu/.local/lib/python3.10/site-packages/torch/lib/libtorch_nvshmem.so
7282bf5ad000-7282bf5b3000 r--p 00854000 00:6a 10159921                   /home/ubuntu/.local/lib/python3.10/site-packages/torch/lib/libtorch_nvshmem.so
7282bf5b3000-7282bf5b5000 rw-p 0085a000 00:6a 10159921                   /home/ubuntu/.local/lib/python3.10/site-packages/torch/lib/libtorch_nvshmem.so
7282bf5b5000-7282bf5b9000 rw-p 00000000 00:00 0 
7282bf5b9000-7282bf5c4000 rw-p 008b1000 00:6a 10159921                   /home/ubuntu/.local/lib/python3.10/site-packages/torch/lib/libtorch_nvshmem.so
7282bf5c4000-7282bf67f000 r--p 00000000 00:6a 10100616                   /home/ubuntu/.local/lib/python3.10/site-packages/nvidia/cuda_cupti/lib/libcupti.so.12
7282bf67f000-7282bfb1c000 r-xp 000bb000 00:6a 10100616                   /home/ubuntu/.local/lib/python3.10/site-packages/nvidia/cuda_cupti/lib/libcupti.so.12
7282bfb1c000-7282bfc73000 r--p 00558000 00:6a 10100616                   /home/ubuntu/.local/lib/python3.10/site-packages/nvidia/cuda_cupti/lib/libcupti.so.12
7282bfc73000-7282bfcc0000 r--p 006ae000 00:6a 10100616                   /home/ubuntu/.local/lib/python3.10/site-packages/nvidia/cuda_cupti/lib/libcupti.so.12
7282bfcc0000-7282bfd77000 rw-p 006fb000 00:6a 10100616                   /home/ubuntu/.local/lib/python3.10/site-packages/nvidia/cuda_cupti/lib/libcupti.so.12
7282bfd77000-7282bfdb8000 rw-p 00000000 00:00 0 
7282bfdb8000-7282bfde6000 r--p 00000000 00:6a 10100420                   /home/ubuntu/.local/lib/python3.10/site-packages/nvidia/cufile/lib/libcufile.so.0
7282bfde6000-7282bffc9000 r-xp 0002e000 00:6a 10100420                   /home/ubuntu/.local/lib/python3.10/site-packages/nvidia/cufile/lib/libcufile.so.0
7282bffc9000-7282c006b000 r--p 00211000 00:6a 10100420                   /home/ubuntu/.local/lib/python3.10/site-packages/nvidia/cufile/lib/libcufile.so.0
7282c006b000-7282c006c000 ---p 002b3000 00:6a 10100420                   /home/ubuntu/.local/lib/python3.10/site-packages/nvidia/cufile/lib/libcufile.so.0
7282c006c000-7282c0071000 r--p 002b3000 00:6a 10100420                   /home/ubuntu/.local/lib/python3.10/site-packages/nvidia/cufile/lib/libcufile.so.0
7282c0071000-7282c0079000 rw-p 002b8000 00:6a 10100420                   /home/ubuntu/.local/lib/python3.10/site-packages/nvidia/cufile/lib/libcufile.so.0
7282c0079000-7282c0084000 rw-p 00000000 00:00 0 
7282c0084000-7282c0090000 rw-p 002db000 00:6a 10100420                   /home/ubuntu/.local/lib/python3.10/site-packages/nvidia/cufile/lib/libcufile.so.0
7282c0090000-7282c2037000 r--p 00000000 00:6a 10095764                   /home/ubuntu/.local/lib/python3.10/site-packages/nvidia/cusparselt/lib/libcusparseLt.so.0
7282c2037000-7282c5045000 r-xp 01fa7000 00:6a 10095764                   /home/ubuntu/.local/lib/python3.10/site-packages/nvidia/cusparselt/lib/libcusparseLt.so.0
7282c5045000-7282d9481000 r--p 04fb5000 00:6a 10095764                   /home/ubuntu/.local/lib/python3.10/site-packages/nvidia/cusparselt/lib/libcusparseLt.so.0
7282d9481000-7282d9482000 ---p 193f1000 00:6a 10095764                   /home/ubuntu/.local/lib/python3.10/site-packages/nvidia/cusparselt/lib/libcusparseLt.so.0
7282d9482000-7282d95a5000 r--p 193f1000 00:6a 10095764                   /home/ubuntu/.local/lib/python3.10/site-packages/nvidia/cusparselt/lib/libcusparseLt.so.0
7282d95a5000-7282d95d2000 rw-p 19514000 00:6a 10095764                   /home/ubuntu/.local/lib/python3.10/site-packages/nvidia/cusparselt/lib/libcusparseLt.so.0
7282d95d2000-7282d9837000 rw-p 00000000 00:00 0 
7282d9837000-7282db200000 rw-p 19542000 00:6a 10095764                   /home/ubuntu/.local/lib/python3.10/site-packages/nvidia/cusparselt/lib/libcusparseLt.so.0
7282db200000-7282db21e000 r-xp 00000000 00:6a 10103724                   /home/ubuntu/.local/lib/python3.10/site-packages/nvidia/cudnn/lib/libcudnn.so.9
7282db21e000-7282db41d000 ---p 0001e000 00:6a 10103724                   /home/ubuntu/.local/lib/python3.10/site-packages/nvidia/cudnn/lib/libcudnn.so.9
7282db41d000-7282db41e000 r--p 0001d000 00:6a 10103724                   /home/ubuntu/.local/lib/python3.10/site-packages/nvidia/cudnn/lib/libcudnn.so.9
7282db41e000-7282db41f000 rw-p 0001e000 00:6a 10103724                   /home/ubuntu/.local/lib/python3.10/site-packages/nvidia/cudnn/lib/libcudnn.so.9
7282db41f000-7282db420000 r--s 00000000 08:00 45646444                   /home/ubuntu/tbazzocchi/FRAG/MedRAG/corpus/wikipedia/index/bm25/_t.fdx
7282db420000-7282db421000 r--s 00000000 08:00 45646459                   /home/ubuntu/tbazzocchi/FRAG/MedRAG/corpus/wikipedia/index/bm25/_v.fdx
7282db421000-7282db424000 r--p 00000000 00:6a 10554495                   /home/ubuntu/.local/lib/python3.10/site-packages/psutil/_psutil_linux.abi3.so
7282db424000-7282db427000 r-xp 00003000 00:6a 10554495                   /home/ubuntu/.local/lib/python3.10/site-packages/psutil/_psutil_linux.abi3.so
7282db427000-7282db428000 r--p 00006000 00:6a 10554495                   /home/ubuntu/.local/lib/python3.10/site-packages/psutil/_psutil_linux.abi3.so
7282db428000-7282db429000 r--p 00007000 00:6a 10554495                   /home/ubuntu/.local/lib/python3.10/site-packages/psutil/_psutil_linux.abi3.so
7282db429000-7282db42a000 rw-p 00008000 00:6a 10554495                   /home/ubuntu/.local/lib/python3.10/site-packages/psutil/_psutil_linux.abi3.so
7282db42a000-7282db42c000 r--p 00000000 00:6a 10045292                   /usr/lib/python3.10/lib-dynload/resource.cpython-310-x86_64-linux-gnu.so
7282db42c000-7282db42d000 r-xp 00002000 00:6a 10045292                   /usr/lib/python3.10/lib-dynload/resource.cpython-310-x86_64-linux-gnu.so
7282db42d000-7282db42e000 r--p 00003000 00:6a 10045292                   /usr/lib/python3.10/lib-dynload/resource.cpython-310-x86_64-linux-gnu.so
7282db42e000-7282db42f000 r--p 00003000 00:6a 10045292                   /usr/lib/python3.10/lib-dynload/resource.cpython-310-x86_64-linux-gnu.so
7282db42f000-7282db430000 rw-p 00004000 00:6a 10045292                   /usr/lib/python3.10/lib-dynload/resource.cpython-310-x86_64-linux-gnu.so
7282db430000-7282db433000 r--p 00000000 00:6a 10175411                   /home/ubuntu/.local/lib/python3.10/site-packages/numpy/random/_pcg64.cpython-310-x86_64-linux-gnu.so
7282db433000-7282db445000 r-xp 00003000 00:6a 10175411                   /home/ubuntu/.local/lib/python3.10/site-packages/numpy/random/_pcg64.cpython-310-x86_64-linux-gnu.so
7282db445000-7282db44a000 r--p 00015000 00:6a 10175411                   /home/ubuntu/.local/lib/python3.10/site-packages/numpy/random/_pcg64.cpython-310-x86_64-linux-gnu.so
7282db44a000-7282db44b000 r--p 00019000 00:6a 10175411                   /home/ubuntu/.local/lib/python3.10/site-packages/numpy/random/_pcg64.cpython-310-x86_64-linux-gnu.so
7282db44b000-7282db44c000 rw-p 0001a000 00:6a 10175411                   /home/ubuntu/.local/lib/python3.10/site-packages/numpy/random/_pcg64.cpython-310-x86_64-linux-gnu.so
7282db44c000-7282dc258000 r--p 00000000 00:6a 10159918                   /home/ubuntu/.local/lib/python3.10/site-packages/torch/lib/libtorch_cuda.so
7282dc258000-7282df228000 r-xp 00e0c000 00:6a 10159918                   /home/ubuntu/.local/lib/python3.10/site-packages/torch/lib/libtorch_cuda.so
7282df228000-7283136b5000 r--p 03ddc000 00:6a 10159918                   /home/ubuntu/.local/lib/python3.10/site-packages/torch/lib/libtorch_cuda.so
7283136b5000-72831372f000 r--p 38268000 00:6a 10159918                   /home/ubuntu/.local/lib/python3.10/site-packages/torch/lib/libtorch_cuda.so
72831372f000-728313755000 rw-p 382e2000 00:6a 10159918                   /home/ubuntu/.local/lib/python3.10/site-packages/torch/lib/libtorch_cuda.so
728313755000-72831449f000 rw-p 00000000 00:00 0 
72831449f000-728314fb3000 rw-p 39cdf000 00:6a 10159918                   /home/ubuntu/.local/lib/python3.10/site-packages/torch/lib/libtorch_cuda.so
728314fb3000-728315ee3000 r--p 00000000 00:6a 10159917                   /home/ubuntu/.local/lib/python3.10/site-packages/torch/lib/libtorch_cpu.so
728315ee3000-72832648f000 r-xp 00f30000 00:6a 10159917                   /home/ubuntu/.local/lib/python3.10/site-packages/torch/lib/libtorch_cpu.so
72832648f000-728328f58000 r--p 114dc000 00:6a 10159917                   /home/ubuntu/.local/lib/python3.10/site-packages/torch/lib/libtorch_cpu.so
728328f58000-7283291c0000 r--p 13fa4000 00:6a 10159917                   /home/ubuntu/.local/lib/python3.10/site-packages/torch/lib/libtorch_cpu.so
7283291c0000-728329233000 rw-p 1420c000 00:6a 10159917                   /home/ubuntu/.local/lib/python3.10/site-packages/torch/lib/libtorch_cpu.so
728329233000-728329343000 rw-p 00000000 00:00 0 
728329343000-72832990a000 rw-p 19aed000 00:6a 10159917                   /home/ubuntu/.local/lib/python3.10/site-packages/torch/lib/libtorch_cpu.so
72832990a000-728329ab4000 r--p 00000000 00:6a 10159922                   /home/ubuntu/.local/lib/python3.10/site-packages/torch/lib/libtorch_python.so
728329ab4000-72832a7b3000 r-xp 001aa000 00:6a 10159922                   /home/ubuntu/.local/lib/python3.10/site-packages/torch/lib/libtorch_python.so
72832a7b3000-72832ac60000 r--p 00ea9000 00:6a 10159922                   /home/ubuntu/.local/lib/python3.10/site-packages/torch/lib/libtorch_python.so
72832ac60000-72832ac89000 r--p 01355000 00:6a 10159922                   /home/ubuntu/.local/lib/python3.10/site-packages/torch/lib/libtorch_python.so
72832ac89000-72832acf1000 rw-p 0137e000 00:6a 10159922                   /home/ubuntu/.local/lib/python3.10/site-packages/torch/lib/libtorch_python.so
72832acf1000-72832ad65000 rw-p 00000000 00:00 0 
72832ad65000-72832ae00000 rw-p 01da9000 00:6a 10159922                   /home/ubuntu/.local/lib/python3.10/site-packages/torch/lib/libtorch_python.so
72832ae00000-72832d877000 r-xp 00000000 00:6a 10100349                   /home/ubuntu/.local/lib/python3.10/site-packages/nvidia/nvjitlink/lib/libnvJitLink.so.12
72832d877000-72832da77000 ---p 02a77000 00:6a 10100349                   /home/ubuntu/.local/lib/python3.10/site-packages/nvidia/nvjitlink/lib/libnvJitLink.so.12
72832da77000-72832dfa2000 r--p 02a77000 00:6a 10100349                   /home/ubuntu/.local/lib/python3.10/site-packages/nvidia/nvjitlink/lib/libnvJitLink.so.12
72832dfa2000-72832e015000 rw-p 02fa2000 00:6a 10100349                   /home/ubuntu/.local/lib/python3.10/site-packages/nvidia/nvjitlink/lib/libnvJitLink.so.12
72832e015000-72832e089000 rw-p 00000000 00:00 0 
72832e089000-72832e08a000 r--p 00000000 00:6a 11010646                   /home/ubuntu/.local/lib/python3.10/site-packages/tensorflow/lite/python/interpreter_wrapper/_pywrap_tensorflow_interpreter_wrapper.so
72832e08a000-72832e08b000 r-xp 00000000 00:6a 11010646                   /home/ubuntu/.local/lib/python3.10/site-packages/tensorflow/lite/python/interpreter_wrapper/_pywrap_tensorflow_interpreter_wrapper.so
72832e08b000-72832e08c000 r--p 00000000 00:6a 11010646                   /home/ubuntu/.local/lib/python3.10/site-packages/tensorflow/lite/python/interpreter_wrapper/_pywrap_tensorflow_interpreter_wrapper.so
72832e08c000-72832e08d000 rw-p 00000000 00:6a 11010646                   /home/ubuntu/.local/lib/python3.10/site-packages/tensorflow/lite/python/interpreter_wrapper/_pywrap_tensorflow_interpreter_wrapper.so
72832e08d000-72832e08f000 r--p 00000000 00:6a 10235070                   /home/ubuntu/.local/lib/python3.10/site-packages/sklearn/__check_build/_check_build.cpython-310-x86_64-linux-gnu.so
72832e08f000-72832e092000 r-xp 00002000 00:6a 10235070                   /home/ubuntu/.local/lib/python3.10/site-packages/sklearn/__check_build/_check_build.cpython-310-x86_64-linux-gnu.so
72832e092000-72832e093000 r--p 00005000 00:6a 10235070                   /home/ubuntu/.local/lib/python3.10/site-packages/sklearn/__check_build/_check_build.cpython-310-x86_64-linux-gnu.so
72832e093000-72832e094000 ---p 00006000 00:6a 10235070                   /home/ubuntu/.local/lib/python3.10/site-packages/sklearn/__check_build/_check_build.cpython-310-x86_64-linux-gnu.so
72832e094000-72832e095000 r--p 00006000 00:6a 10235070                   /home/ubuntu/.local/lib/python3.10/site-packages/sklearn/__check_build/_check_build.cpython-310-x86_64-linux-gnu.so
72832e095000-72832e096000 rw-p 00007000 00:6a 10235070                   /home/ubuntu/.local/lib/python3.10/site-packages/sklearn/__check_build/_check_build.cpython-310-x86_64-linux-gnu.so
72832e096000-72832e09a000 r--p 00000000 00:6a 10175412                   /home/ubuntu/.local/lib/python3.10/site-packages/numpy/random/_common.cpython-310-x86_64-linux-gnu.so
72832e09a000-72832e0cc000 r-xp 00004000 00:6a 10175412                   /home/ubuntu/.local/lib/python3.10/site-packages/numpy/random/_common.cpython-310-x86_64-linux-gnu.so
72832e0cc000-72832e0d0000 r--p 00036000 00:6a 10175412                   /home/ubuntu/.local/lib/python3.10/site-packages/numpy/random/_common.cpython-310-x86_64-linux-gnu.so
72832e0d0000-72832e0d1000 ---p 0003a000 00:6a 10175412                   /home/ubuntu/.local/lib/python3.10/site-packages/numpy/random/_common.cpython-310-x86_64-linux-gnu.so
72832e0d1000-72832e0d2000 r--p 0003a000 00:6a 10175412                   /home/ubuntu/.local/lib/python3.10/site-packages/numpy/random/_common.cpython-310-x86_64-linux-gnu.so
72832e0d2000-72832e0d3000 rw-p 0003b000 00:6a 10175412                   /home/ubuntu/.local/lib/python3.10/site-packages/numpy/random/_common.cpython-310-x86_64-linux-gnu.so
72832e0d3000-72832e1d4000 rw-p 00000000 00:00 0 
72832e1d4000-72832e26e000 r--p 00000000 00:6a 25773467                   /usr/lib/x86_64-linux-gnu/libstdc++.so.6.0.30
72832e26e000-72832e37f000 r-xp 0009a000 00:6a 25773467                   /usr/lib/x86_64-linux-gnu/libstdc++.so.6.0.30
72832e37f000-72832e3ee000 r--p 001ab000 00:6a 25773467                   /usr/lib/x86_64-linux-gnu/libstdc++.so.6.0.30
72832e3ee000-72832e3ef000 ---p 0021a000 00:6a 25773467                   /usr/lib/x86_64-linux-gnu/libstdc++.so.6.0.30
72832e3ef000-72832e3fa000 r--p 0021a000 00:6a 25773467                   /usr/lib/x86_64-linux-gnu/libstdc++.so.6.0.30
72832e3fa000-72832e3fd000 rw-p 00225000 00:6a 25773467                   /usr/lib/x86_64-linux-gnu/libstdc++.so.6.0.30
72832e3fd000-72832e400000 rw-p 00000000 00:00 0 
72832e400000-72832e913000 r-xp 00000000 00:6a 10100555                   /home/ubuntu/.local/lib/python3.10/site-packages/nvidia/cuda_nvrtc/lib/libnvrtc-builtins.so.12.6
72832e913000-72832eb12000 ---p 00513000 00:6a 10100555                   /home/ubuntu/.local/lib/python3.10/site-packages/nvidia/cuda_nvrtc/lib/libnvrtc-builtins.so.12.6
72832eb12000-72832eb13000 r--p 00512000 00:6a 10100555                   /home/ubuntu/.local/lib/python3.10/site-packages/nvidia/cuda_nvrtc/lib/libnvrtc-builtins.so.12.6
72832eb13000-72832eb14000 rw-p 00513000 00:6a 10100555                   /home/ubuntu/.local/lib/python3.10/site-packages/nvidia/cuda_nvrtc/lib/libnvrtc-builtins.so.12.6
72832eb14000-72832eb15000 r--p 00000000 00:6a 10226471                   /home/ubuntu/.local/lib/python3.10/site-packages/scipy/special/libsf_error_state.so
72832eb15000-72832eb16000 r-xp 00001000 00:6a 10226471                   /home/ubuntu/.local/lib/python3.10/site-packages/scipy/special/libsf_error_state.so
72832eb16000-72832eb17000 r--p 00002000 00:6a 10226471                   /home/ubuntu/.local/lib/python3.10/site-packages/scipy/special/libsf_error_state.so
72832eb17000-72832eb18000 r--p 00002000 00:6a 10226471                   /home/ubuntu/.local/lib/python3.10/site-packages/scipy/special/libsf_error_state.so
72832eb18000-72832eb19000 rw-p 00003000 00:6a 10226471                   /home/ubuntu/.local/lib/python3.10/site-packages/scipy/special/libsf_error_state.so
72832eb19000-72832eb1e000 r--p 00000000 00:6a 10175433                   /home/ubuntu/.local/lib/python3.10/site-packages/numpy/random/bit_generator.cpython-310-x86_64-linux-gnu.so
72832eb1e000-72832eb41000 r-xp 00005000 00:6a 10175433                   /home/ubuntu/.local/lib/python3.10/site-packages/numpy/random/bit_generator.cpython-310-x86_64-linux-gnu.so
72832eb41000-72832eb4b000 r--p 00028000 00:6a 10175433                   /home/ubuntu/.local/lib/python3.10/site-packages/numpy/random/bit_generator.cpython-310-x86_64-linux-gnu.so
72832eb4b000-72832eb4c000 r--p 00031000 00:6a 10175433                   /home/ubuntu/.local/lib/python3.10/site-packages/numpy/random/bit_generator.cpython-310-x86_64-linux-gnu.so
72832eb4c000-72832eb4e000 rw-p 00032000 00:6a 10175433                   /home/ubuntu/.local/lib/python3.10/site-packages/numpy/random/bit_generator.cpython-310-x86_64-linux-gnu.so
72832eb4e000-72832ec00000 rw-p 00000000 00:00 0 
72832ec00000-728331cef000 r-xp 00000000 00:6a 10100556                   /home/ubuntu/.local/lib/python3.10/site-packages/nvidia/cuda_nvrtc/lib/libnvrtc.so.12
728331cef000-728331eee000 ---p 030ef000 00:6a 10100556                   /home/ubuntu/.local/lib/python3.10/site-packages/nvidia/cuda_nvrtc/lib/libnvrtc.so.12
728331eee000-728332477000 r--p 030ee000 00:6a 10100556                   /home/ubuntu/.local/lib/python3.10/site-packages/nvidia/cuda_nvrtc/lib/libnvrtc.so.12
728332477000-72833255e000 rw-p 03677000 00:6a 10100556                   /home/ubuntu/.local/lib/python3.10/site-packages/nvidia/cuda_nvrtc/lib/libnvrtc.so.12
72833255e000-72833283a000 rw-p 00000000 00:00 0 
72833283a000-728332a00000 ---p 03c3a000 00:6a 10100556                   /home/ubuntu/.local/lib/python3.10/site-packages/nvidia/cuda_nvrtc/lib/libnvrtc.so.12
728332a00000-728332a02000 rw-p 03800000 00:6a 10100556                   /home/ubuntu/.local/lib/python3.10/site-packages/nvidia/cuda_nvrtc/lib/libnvrtc.so.12
728332a02000-728332a05000 r--p 00000000 00:6a 10175418                   /home/ubuntu/.local/lib/python3.10/site-packages/numpy/random/_philox.cpython-310-x86_64-linux-gnu.so
728332a05000-728332a14000 r-xp 00003000 00:6a 10175418                   /home/ubuntu/.local/lib/python3.10/site-packages/numpy/random/_philox.cpython-310-x86_64-linux-gnu.so
728332a14000-728332a18000 r--p 00012000 00:6a 10175418                   /home/ubuntu/.local/lib/python3.10/site-packages/numpy/random/_philox.cpython-310-x86_64-linux-gnu.so
728332a18000-728332a19000 r--p 00015000 00:6a 10175418                   /home/ubuntu/.local/lib/python3.10/site-packages/numpy/random/_philox.cpython-310-x86_64-linux-gnu.so
728332a19000-728332a1a000 rw-p 00016000 00:6a 10175418                   /home/ubuntu/.local/lib/python3.10/site-packages/numpy/random/_philox.cpython-310-x86_64-linux-gnu.so
728332a1a000-728332b27000 rw-p 00000000 00:00 0 
728332b27000-728332b28000 r--s 00000000 08:00 45646370                   /home/ubuntu/tbazzocchi/FRAG/MedRAG/corpus/wikipedia/index/bm25/_y.fdx
728332b28000-728332b29000 rw-s 00000000 00:71 19                         /dev/shm/sem.gasoIJ (deleted)
728332b29000-728332b2c000 r--p 00000000 00:6a 10238300                   /home/ubuntu/.local/lib/python3.10/site-packages/aiohttp/_websocket/mask.cpython-310-x86_64-linux-gnu.so
728332b2c000-728332b30000 r-xp 00003000 00:6a 10238300                   /home/ubuntu/.local/lib/python3.10/site-packages/aiohttp/_websocket/mask.cpython-310-x86_64-linux-gnu.so
728332b30000-728332b32000 r--p 00007000 00:6a 10238300                   /home/ubuntu/.local/lib/python3.10/site-packages/aiohttp/_websocket/mask.cpython-310-x86_64-linux-gnu.so
728332b32000-728332b33000 r--p 00008000 00:6a 10238300                   /home/ubuntu/.local/lib/python3.10/site-packages/aiohttp/_websocket/mask.cpython-310-x86_64-linux-gnu.so
728332b33000-728332b34000 rw-p 00009000 00:6a 10238300                   /home/ubuntu/.local/lib/python3.10/site-packages/aiohttp/_websocket/mask.cpython-310-x86_64-linux-gnu.so
728332b34000-728332b37000 r--p 00000000 00:6a 10175421                   /home/ubuntu/.local/lib/python3.10/site-packages/numpy/random/_mt19937.cpython-310-x86_64-linux-gnu.so
728332b37000-728332b48000 r-xp 00003000 00:6a 10175421                   /home/ubuntu/.local/lib/python3.10/site-packages/numpy/random/_mt19937.cpython-310-x86_64-linux-gnu.so
728332b48000-728332b4d000 r--p 00014000 00:6a 10175421                   /home/ubuntu/.local/lib/python3.10/site-packages/numpy/random/_mt19937.cpython-310-x86_64-linux-gnu.so
728332b4d000-728332b4e000 r--p 00018000 00:6a 10175421                   /home/ubuntu/.local/lib/python3.10/site-packages/numpy/random/_mt19937.cpython-310-x86_64-linux-gnu.so
728332b4e000-728332b4f000 rw-p 00019000 00:6a 10175421                   /home/ubuntu/.local/lib/python3.10/site-packages/numpy/random/_mt19937.cpython-310-x86_64-linux-gnu.so
728332b4f000-728332b55000 r--p 00000000 00:6a 10175371                   /home/ubuntu/.local/lib/python3.10/site-packages/numpy/linalg/_umath_linalg.cpython-310-x86_64-linux-gnu.so
728332b55000-728332b75000 r-xp 00006000 00:6a 10175371                   /home/ubuntu/.local/lib/python3.10/site-packages/numpy/linalg/_umath_linalg.cpython-310-x86_64-linux-gnu.so
728332b75000-728332b7a000 r--p 00026000 00:6a 10175371                   /home/ubuntu/.local/lib/python3.10/site-packages/numpy/linalg/_umath_linalg.cpython-310-x86_64-linux-gnu.so
728332b7a000-728332b7b000 r--p 0002a000 00:6a 10175371                   /home/ubuntu/.local/lib/python3.10/site-packages/numpy/linalg/_umath_linalg.cpython-310-x86_64-linux-gnu.so
728332b7b000-728332b7c000 rw-p 0002b000 00:6a 10175371                   /home/ubuntu/.local/lib/python3.10/site-packages/numpy/linalg/_umath_linalg.cpython-310-x86_64-linux-gnu.so
728332b7c000-728332b7d000 rw-p 00000000 00:00 0 
728332b7d000-728332b7f000 rw-p 00032000 00:6a 10175371                   /home/ubuntu/.local/lib/python3.10/site-packages/numpy/linalg/_umath_linalg.cpython-310-x86_64-linux-gnu.so
728332b7f000-728332b80000 rw-p 00034000 00:6a 10175371                   /home/ubuntu/.local/lib/python3.10/site-packages/numpy/linalg/_umath_linalg.cpython-310-x86_64-linux-gnu.so
728332b80000-728332c00000 rw-p 00000000 00:00 0 
728332c00000-728332c37000 r-xp 00000000 00:6a 10159930                   /home/ubuntu/.local/lib/python3.10/site-packages/torch/lib/libgomp.so.1
728332c37000-728332e36000 ---p 00037000 00:6a 10159930                   /home/ubuntu/.local/lib/python3.10/site-packages/torch/lib/libgomp.so.1
728332e36000-728332e37000 r--p 00036000 00:6a 10159930                   /home/ubuntu/.local/lib/python3.10/site-packages/torch/lib/libgomp.so.1
728332e37000-728332e38000 rw-p 00037000 00:6a 10159930                   /home/ubuntu/.local/lib/python3.10/site-packages/torch/lib/libgomp.so.1
728332e38000-728332e3d000 rw-p 0003a000 00:6a 10159930                   /home/ubuntu/.local/lib/python3.10/site-packages/torch/lib/libgomp.so.1
728332e3d000-728332e3e000 ---p 00000000 00:00 0 
728332e3e000-728332e3f000 r--p 00000000 00:00 0 
728332e3f000-728332e42000 r--p 00000000 00:6a 10238242                   /home/ubuntu/.local/lib/python3.10/site-packages/aiohttp/_http_writer.cpython-310-x86_64-linux-gnu.so
728332e42000-728332e4c000 r-xp 00003000 00:6a 10238242                   /home/ubuntu/.local/lib/python3.10/site-packages/aiohttp/_http_writer.cpython-310-x86_64-linux-gnu.so
728332e4c000-728332e4e000 r--p 0000d000 00:6a 10238242                   /home/ubuntu/.local/lib/python3.10/site-packages/aiohttp/_http_writer.cpython-310-x86_64-linux-gnu.so
728332e4e000-728332e4f000 r--p 0000e000 00:6a 10238242                   /home/ubuntu/.local/lib/python3.10/site-packages/aiohttp/_http_writer.cpython-310-x86_64-linux-gnu.so
728332e4f000-728332e50000 rw-p 0000f000 00:6a 10238242                   /home/ubuntu/.local/lib/python3.10/site-packages/aiohttp/_http_writer.cpython-310-x86_64-linux-gnu.so
728332e50000-728332e53000 r--p 00000000 00:6a 10045272                   /usr/lib/python3.10/lib-dynload/_multibytecodec.cpython-310-x86_64-linux-gnu.so
728332e53000-728332e59000 r-xp 00003000 00:6a 10045272                   /usr/lib/python3.10/lib-dynload/_multibytecodec.cpython-310-x86_64-linux-gnu.so
728332e59000-728332e5b000 r--p 00009000 00:6a 10045272                   /usr/lib/python3.10/lib-dynload/_multibytecodec.cpython-310-x86_64-linux-gnu.so
728332e5b000-728332e5c000 r--p 0000a000 00:6a 10045272                   /usr/lib/python3.10/lib-dynload/_multibytecodec.cpython-310-x86_64-linux-gnu.so
728332e5c000-728332e5d000 rw-p 0000b000 00:6a 10045272                   /usr/lib/python3.10/lib-dynload/_multibytecodec.cpython-310-x86_64-linux-gnu.so
728332e5d000-728332e5e000 r--p 00000000 00:6a 10224957                   /home/ubuntu/.local/lib/python3.10/site-packages/charset_normalizer/md.cpython-310-x86_64-linux-gnu.so
728332e5e000-728332e5f000 r-xp 00001000 00:6a 10224957                   /home/ubuntu/.local/lib/python3.10/site-packages/charset_normalizer/md.cpython-310-x86_64-linux-gnu.so
728332e5f000-728332e60000 r--p 00002000 00:6a 10224957                   /home/ubuntu/.local/lib/python3.10/site-packages/charset_normalizer/md.cpython-310-x86_64-linux-gnu.so
728332e60000-728332e61000 r--p 00002000 00:6a 10224957                   /home/ubuntu/.local/lib/python3.10/site-packages/charset_normalizer/md.cpython-310-x86_64-linux-gnu.so
728332e61000-728332e62000 rw-p 00003000 00:6a 10224957                   /home/ubuntu/.local/lib/python3.10/site-packages/charset_normalizer/md.cpython-310-x86_64-linux-gnu.so
728332e62000-728332e64000 r--p 00000000 00:6a 10045273                   /usr/lib/python3.10/lib-dynload/_multiprocessing.cpython-310-x86_64-linux-gnu.so
728332e64000-728332e66000 r-xp 00002000 00:6a 10045273                   /usr/lib/python3.10/lib-dynload/_multiprocessing.cpython-310-x86_64-linux-gnu.so
728332e66000-728332e67000 r--p 00004000 00:6a 10045273                   /usr/lib/python3.10/lib-dynload/_multiprocessing.cpython-310-x86_64-linux-gnu.so
728332e67000-728332e68000 r--p 00004000 00:6a 10045273                   /usr/lib/python3.10/lib-dynload/_multiprocessing.cpython-310-x86_64-linux-gnu.so
728332e68000-728332e69000 rw-p 00005000 00:6a 10045273                   /usr/lib/python3.10/lib-dynload/_multiprocessing.cpython-310-x86_64-linux-gnu.so
728332e69000-728332e6e000 r--p 00000000 00:6a 42012583                   /usr/lib/x86_64-linux-gnu/libmpdec.so.2.5.1
728332e6e000-728332e8f000 r-xp 00005000 00:6a 42012583                   /usr/lib/x86_64-linux-gnu/libmpdec.so.2.5.1
728332e8f000-728332e96000 r--p 00026000 00:6a 42012583                   /usr/lib/x86_64-linux-gnu/libmpdec.so.2.5.1
728332e96000-728332e97000 r--p 0002c000 00:6a 42012583                   /usr/lib/x86_64-linux-gnu/libmpdec.so.2.5.1
728332e97000-728332e98000 rw-p 0002d000 00:6a 42012583                   /usr/lib/x86_64-linux-gnu/libmpdec.so.2.5.1
728332e98000-728332ea0000 r--p 00000000 00:6a 10045268                   /usr/lib/python3.10/lib-dynload/_decimal.cpython-310-x86_64-linux-gnu.so
728332ea0000-728332eb5000 r-xp 00008000 00:6a 10045268                   /usr/lib/python3.10/lib-dynload/_decimal.cpython-310-x86_64-linux-gnu.so
728332eb5000-728332ec1000 r--p 0001d000 00:6a 10045268                   /usr/lib/python3.10/lib-dynload/_decimal.cpython-310-x86_64-linux-gnu.so
728332ec1000-728332ec2000 r--p 00028000 00:6a 10045268                   /usr/lib/python3.10/lib-dynload/_decimal.cpython-310-x86_64-linux-gnu.so
728332ec2000-728332ec5000 rw-p 00029000 00:6a 10045268                   /usr/lib/python3.10/lib-dynload/_decimal.cpython-310-x86_64-linux-gnu.so
728332ec5000-728332ec7000 r--p 00000000 00:6a 25773485                   /usr/lib/x86_64-linux-gnu/libuuid.so.1.3.0
728332ec7000-728332ecb000 r-xp 00002000 00:6a 25773485                   /usr/lib/x86_64-linux-gnu/libuuid.so.1.3.0
728332ecb000-728332ecc000 r--p 00006000 00:6a 25773485                   /usr/lib/x86_64-linux-gnu/libuuid.so.1.3.0
728332ecc000-728332ecd000 r--p 00006000 00:6a 25773485                   /usr/lib/x86_64-linux-gnu/libuuid.so.1.3.0
728332ecd000-728332ece000 rw-p 00007000 00:6a 25773485                   /usr/lib/x86_64-linux-gnu/libuuid.so.1.3.0
728332ece000-728332ecf000 r--p 00000000 00:6a 10045274                   /usr/lib/python3.10/lib-dynload/_posixshmem.cpython-310-x86_64-linux-gnu.so
728332ecf000-728332ed0000 r-xp 00001000 00:6a 10045274                   /usr/lib/python3.10/lib-dynload/_posixshmem.cpython-310-x86_64-linux-gnu.so
728332ed0000-728332ed1000 r--p 00002000 00:6a 10045274                   /usr/lib/python3.10/lib-dynload/_posixshmem.cpython-310-x86_64-linux-gnu.so
728332ed1000-728332ed2000 r--p 00002000 00:6a 10045274                   /usr/lib/python3.10/lib-dynload/_posixshmem.cpython-310-x86_64-linux-gnu.so
728332ed2000-728332ed3000 rw-p 00003000 00:6a 10045274                   /usr/lib/python3.10/lib-dynload/_posixshmem.cpython-310-x86_64-linux-gnu.so
728332ed3000-728332ed4000 r--p 00000000 00:6a 10045283                   /usr/lib/python3.10/lib-dynload/_uuid.cpython-310-x86_64-linux-gnu.so
728332ed4000-728332ed5000 r-xp 00001000 00:6a 10045283                   /usr/lib/python3.10/lib-dynload/_uuid.cpython-310-x86_64-linux-gnu.so
728332ed5000-728332ed6000 r--p 00002000 00:6a 10045283                   /usr/lib/python3.10/lib-dynload/_uuid.cpython-310-x86_64-linux-gnu.so
728332ed6000-728332ed7000 r--p 00002000 00:6a 10045283                   /usr/lib/python3.10/lib-dynload/_uuid.cpython-310-x86_64-linux-gnu.so
728332ed7000-728332ed8000 rw-p 00003000 00:6a 10045283                   /usr/lib/python3.10/lib-dynload/_uuid.cpython-310-x86_64-linux-gnu.so
728332ed8000-728332eda000 r--p 00000000 00:6a 10045275                   /usr/lib/python3.10/lib-dynload/_queue.cpython-310-x86_64-linux-gnu.so
728332eda000-728332edc000 r-xp 00002000 00:6a 10045275                   /usr/lib/python3.10/lib-dynload/_queue.cpython-310-x86_64-linux-gnu.so
728332edc000-728332edd000 r--p 00004000 00:6a 10045275                   /usr/lib/python3.10/lib-dynload/_queue.cpython-310-x86_64-linux-gnu.so
728332edd000-728332ede000 r--p 00004000 00:6a 10045275                   /usr/lib/python3.10/lib-dynload/_queue.cpython-310-x86_64-linux-gnu.so
728332ede000-728332edf000 rw-p 00005000 00:6a 10045275                   /usr/lib/python3.10/lib-dynload/_queue.cpython-310-x86_64-linux-gnu.so
728332edf000-728332f08000 r--p 00000000 00:6a 10159912                   /home/ubuntu/.local/lib/python3.10/site-packages/torch/lib/libc10.so
728332f08000-728332faa000 r-xp 00029000 00:6a 10159912                   /home/ubuntu/.local/lib/python3.10/site-packages/torch/lib/libc10.so
728332faa000-728332fdf000 r--p 000cb000 00:6a 10159912                   /home/ubuntu/.local/lib/python3.10/site-packages/torch/lib/libc10.so
728332fdf000-728332fe2000 r--p 000ff000 00:6a 10159912                   /home/ubuntu/.local/lib/python3.10/site-packages/torch/lib/libc10.so
728332fe2000-728332fe9000 rw-p 00102000 00:6a 10159912                   /home/ubuntu/.local/lib/python3.10/site-packages/torch/lib/libc10.so
728332fe9000-728332feb000 rw-p 00000000 00:00 0 
728332feb000-728333000000 rw-p 0014f000 00:6a 10159912                   /home/ubuntu/.local/lib/python3.10/site-packages/torch/lib/libc10.so
728333000000-7283330a9000 r-xp 00000000 00:6a 10100534                   /home/ubuntu/.local/lib/python3.10/site-packages/nvidia/cuda_runtime/lib/libcudart.so.12
7283330a9000-7283332a9000 ---p 000a9000 00:6a 10100534                   /home/ubuntu/.local/lib/python3.10/site-packages/nvidia/cuda_runtime/lib/libcudart.so.12
7283332a9000-7283332ae000 r--p 000a9000 00:6a 10100534                   /home/ubuntu/.local/lib/python3.10/site-packages/nvidia/cuda_runtime/lib/libcudart.so.12
7283332ae000-7283332af000 rw-p 000ae000 00:6a 10100534                   /home/ubuntu/.local/lib/python3.10/site-packages/nvidia/cuda_runtime/lib/libcudart.so.12
7283332af000-7283332b1000 rw-p 00000000 00:00 0 
7283332b1000-7283332b4000 r--p 00000000 00:6a 10175414                   /home/ubuntu/.local/lib/python3.10/site-packages/numpy/random/_sfc64.cpython-310-x86_64-linux-gnu.so
7283332b4000-7283332bd000 r-xp 00003000 00:6a 10175414                   /home/ubuntu/.local/lib/python3.10/site-packages/numpy/random/_sfc64.cpython-310-x86_64-linux-gnu.so
7283332bd000-7283332c0000 r--p 0000c000 00:6a 10175414                   /home/ubuntu/.local/lib/python3.10/site-packages/numpy/random/_sfc64.cpython-310-x86_64-linux-gnu.so
7283332c0000-7283332c1000 r--p 0000e000 00:6a 10175414                   /home/ubuntu/.local/lib/python3.10/site-packages/numpy/random/_sfc64.cpython-310-x86_64-linux-gnu.so
7283332c1000-7283332c2000 rw-p 0000f000 00:6a 10175414                   /home/ubuntu/.local/lib/python3.10/site-packages/numpy/random/_sfc64.cpython-310-x86_64-linux-gnu.so
7283332c2000-7283332c6000 r--p 00000000 00:6a 10045506                   /usr/lib/python3.10/lib-dynload/_hashlib.cpython-310-x86_64-linux-gnu.so
7283332c6000-7283332cc000 r-xp 00004000 00:6a 10045506                   /usr/lib/python3.10/lib-dynload/_hashlib.cpython-310-x86_64-linux-gnu.so
7283332cc000-7283332d0000 r--p 0000a000 00:6a 10045506                   /usr/lib/python3.10/lib-dynload/_hashlib.cpython-310-x86_64-linux-gnu.so
7283332d0000-7283332d1000 r--p 0000d000 00:6a 10045506                   /usr/lib/python3.10/lib-dynload/_hashlib.cpython-310-x86_64-linux-gnu.so
7283332d1000-7283332d3000 rw-p 0000e000 00:6a 10045506                   /usr/lib/python3.10/lib-dynload/_hashlib.cpython-310-x86_64-linux-gnu.so
7283332d3000-7283332d4000 r--p 00000000 00:6a 42020368                   /usr/lib/x86_64-linux-gnu/libutil.so.1
7283332d4000-7283332d5000 r-xp 00001000 00:6a 42020368                   /usr/lib/x86_64-linux-gnu/libutil.so.1
7283332d5000-7283332d6000 r--p 00002000 00:6a 42020368                   /usr/lib/x86_64-linux-gnu/libutil.so.1
7283332d6000-7283332d7000 r--p 00002000 00:6a 42020368                   /usr/lib/x86_64-linux-gnu/libutil.so.1
7283332d7000-7283332d8000 rw-p 00003000 00:6a 42020368                   /usr/lib/x86_64-linux-gnu/libutil.so.1
7283332d8000-7283332e8000 r--p 00000000 00:6a 10159913                   /home/ubuntu/.local/lib/python3.10/site-packages/torch/lib/libc10_cuda.so
7283332e8000-72833333b000 r-xp 00010000 00:6a 10159913                   /home/ubuntu/.local/lib/python3.10/site-packages/torch/lib/libc10_cuda.so
72833333b000-728333352000 r--p 00063000 00:6a 10159913                   /home/ubuntu/.local/lib/python3.10/site-packages/torch/lib/libc10_cuda.so
728333352000-728333354000 r--p 00079000 00:6a 10159913                   /home/ubuntu/.local/lib/python3.10/site-packages/torch/lib/libc10_cuda.so
728333354000-728333355000 rw-p 0007b000 00:6a 10159913                   /home/ubuntu/.local/lib/python3.10/site-packages/torch/lib/libc10_cuda.so
728333355000-72833337b000 rw-p 00000000 00:00 0 
72833337b000-728333383000 rw-p 000a3000 00:6a 10159913                   /home/ubuntu/.local/lib/python3.10/site-packages/torch/lib/libc10_cuda.so
728333383000-728333386000 r--p 00000000 00:6a 10159915                   /home/ubuntu/.local/lib/python3.10/site-packages/torch/lib/libshm.so
728333386000-728333389000 r-xp 00003000 00:6a 10159915                   /home/ubuntu/.local/lib/python3.10/site-packages/torch/lib/libshm.so
728333389000-72833338a000 r--p 00006000 00:6a 10159915                   /home/ubuntu/.local/lib/python3.10/site-packages/torch/lib/libshm.so
72833338a000-72833338b000 r--p 00006000 00:6a 10159915                   /home/ubuntu/.local/lib/python3.10/site-packages/torch/lib/libshm.so
72833338b000-72833338c000 rw-p 00007000 00:6a 10159915                   /home/ubuntu/.local/lib/python3.10/site-packages/torch/lib/libshm.so
72833338c000-72833338e000 rw-p 0000b000 00:6a 10159915                   /home/ubuntu/.local/lib/python3.10/site-packages/torch/lib/libshm.so
72833338e000-728333399000 r--p 00000000 00:6a 10159916                   /home/ubuntu/.local/lib/python3.10/site-packages/torch/lib/libtorch.so
728333399000-7283333c1000 r-xp 0000b000 00:6a 10159916                   /home/ubuntu/.local/lib/python3.10/site-packages/torch/lib/libtorch.so
7283333c1000-7283333cb000 r--p 00033000 00:6a 10159916                   /home/ubuntu/.local/lib/python3.10/site-packages/torch/lib/libtorch.so
7283333cb000-7283333cc000 r--p 0003c000 00:6a 10159916                   /home/ubuntu/.local/lib/python3.10/site-packages/torch/lib/libtorch.so
7283333cc000-7283333cd000 rw-p 0003d000 00:6a 10159916                   /home/ubuntu/.local/lib/python3.10/site-packages/torch/lib/libtorch.so
7283333cd000-7283333d3000 rw-p 0004e000 00:6a 10159916                   /home/ubuntu/.local/lib/python3.10/site-packages/torch/lib/libtorch.so
7283333d3000-7283333d4000 r--p 00000000 00:6a 10103858                   /home/ubuntu/.local/lib/python3.10/site-packages/torch/_C.cpython-310-x86_64-linux-gnu.so
7283333d4000-7283333d5000 r-xp 00001000 00:6a 10103858                   /home/ubuntu/.local/lib/python3.10/site-packages/torch/_C.cpython-310-x86_64-linux-gnu.so
7283333d5000-7283333d6000 r--p 00002000 00:6a 10103858                   /home/ubuntu/.local/lib/python3.10/site-packages/torch/_C.cpython-310-x86_64-linux-gnu.so
7283333d6000-7283333d7000 r--p 00002000 00:6a 10103858                   /home/ubuntu/.local/lib/python3.10/site-packages/torch/_C.cpython-310-x86_64-linux-gnu.so
7283333d7000-7283333d8000 rw-p 00003000 00:6a 10103858                   /home/ubuntu/.local/lib/python3.10/site-packages/torch/_C.cpython-310-x86_64-linux-gnu.so
7283333d8000-7283333d9000 rw-p 00006000 00:6a 10103858                   /home/ubuntu/.local/lib/python3.10/site-packages/torch/_C.cpython-310-x86_64-linux-gnu.so
7283333d9000-7283333dc000 r--p 00000000 00:6a 25773383                   /usr/lib/x86_64-linux-gnu/libgcc_s.so.1
7283333dc000-7283333f3000 r-xp 00003000 00:6a 25773383                   /usr/lib/x86_64-linux-gnu/libgcc_s.so.1
7283333f3000-7283333f7000 r--p 0001a000 00:6a 25773383                   /usr/lib/x86_64-linux-gnu/libgcc_s.so.1
7283333f7000-7283333f8000 r--p 0001d000 00:6a 25773383                   /usr/lib/x86_64-linux-gnu/libgcc_s.so.1
7283333f8000-7283333f9000 rw-p 0001e000 00:6a 25773383                   /usr/lib/x86_64-linux-gnu/libgcc_s.so.1
7283333f9000-7283333fa000 r--p 00000000 00:6a 42020364                   /usr/lib/x86_64-linux-gnu/librt.so.1
7283333fa000-7283333fb000 r-xp 00001000 00:6a 42020364                   /usr/lib/x86_64-linux-gnu/librt.so.1
7283333fb000-7283333fc000 r--p 00002000 00:6a 42020364                   /usr/lib/x86_64-linux-gnu/librt.so.1
7283333fc000-7283333fd000 r--p 00002000 00:6a 42020364                   /usr/lib/x86_64-linux-gnu/librt.so.1
7283333fd000-7283333fe000 rw-p 00003000 00:6a 42020364                   /usr/lib/x86_64-linux-gnu/librt.so.1
7283333fe000-7283333ff000 r--p 00000000 00:6a 42020340                   /usr/lib/x86_64-linux-gnu/libdl.so.2
7283333ff000-728333400000 r-xp 00001000 00:6a 42020340                   /usr/lib/x86_64-linux-gnu/libdl.so.2
728333400000-728333401000 r--p 00002000 00:6a 42020340                   /usr/lib/x86_64-linux-gnu/libdl.so.2
728333401000-728333402000 r--p 00002000 00:6a 42020340                   /usr/lib/x86_64-linux-gnu/libdl.so.2
728333402000-728333403000 rw-p 00003000 00:6a 42020340                   /usr/lib/x86_64-linux-gnu/libdl.so.2
728333403000-728333404000 r--p 00000000 00:6a 42020360                   /usr/lib/x86_64-linux-gnu/libpthread.so.0
728333404000-728333405000 r-xp 00001000 00:6a 42020360                   /usr/lib/x86_64-linux-gnu/libpthread.so.0
728333405000-728333406000 r--p 00002000 00:6a 42020360                   /usr/lib/x86_64-linux-gnu/libpthread.so.0
728333406000-728333407000 r--p 00002000 00:6a 42020360                   /usr/lib/x86_64-linux-gnu/libpthread.so.0
728333407000-728333408000 rw-p 00003000 00:6a 42020360                   /usr/lib/x86_64-linux-gnu/libpthread.so.0
728333408000-728333409000 r--p 00000000 00:6a 10159920                   /home/ubuntu/.local/lib/python3.10/site-packages/torch/lib/libtorch_global_deps.so
728333409000-72833340a000 r-xp 00001000 00:6a 10159920                   /home/ubuntu/.local/lib/python3.10/site-packages/torch/lib/libtorch_global_deps.so
72833340a000-72833340b000 r--p 00002000 00:6a 10159920                   /home/ubuntu/.local/lib/python3.10/site-packages/torch/lib/libtorch_global_deps.so
72833340b000-72833340c000 r--p 00002000 00:6a 10159920                   /home/ubuntu/.local/lib/python3.10/site-packages/torch/lib/libtorch_global_deps.so
72833340c000-72833340d000 rw-p 00003000 00:6a 10159920                   /home/ubuntu/.local/lib/python3.10/site-packages/torch/lib/libtorch_global_deps.so
72833340d000-72833340e000 rw-p 00004000 00:6a 10159920                   /home/ubuntu/.local/lib/python3.10/site-packages/torch/lib/libtorch_global_deps.so
72833340e000-72833350e000 rw-p 00000000 00:00 0 
72833350e000-728333511000 r--p 00000000 00:6a 25773409                   /usr/lib/x86_64-linux-gnu/liblzma.so.5.2.5
728333511000-72833352c000 r-xp 00003000 00:6a 25773409                   /usr/lib/x86_64-linux-gnu/liblzma.so.5.2.5
72833352c000-728333537000 r--p 0001e000 00:6a 25773409                   /usr/lib/x86_64-linux-gnu/liblzma.so.5.2.5
728333537000-728333538000 r--p 00028000 00:6a 25773409                   /usr/lib/x86_64-linux-gnu/liblzma.so.5.2.5
728333538000-728333539000 rw-p 00029000 00:6a 25773409                   /usr/lib/x86_64-linux-gnu/liblzma.so.5.2.5
728333539000-72833353c000 r--p 00000000 00:6a 10045271                   /usr/lib/python3.10/lib-dynload/_lzma.cpython-310-x86_64-linux-gnu.so
72833353c000-728333540000 r-xp 00003000 00:6a 10045271                   /usr/lib/python3.10/lib-dynload/_lzma.cpython-310-x86_64-linux-gnu.so
728333540000-728333543000 r--p 00007000 00:6a 10045271                   /usr/lib/python3.10/lib-dynload/_lzma.cpython-310-x86_64-linux-gnu.so
728333543000-728333544000 r--p 00009000 00:6a 10045271                   /usr/lib/python3.10/lib-dynload/_lzma.cpython-310-x86_64-linux-gnu.so
728333544000-728333545000 rw-p 0000a000 00:6a 10045271                   /usr/lib/python3.10/lib-dynload/_lzma.cpython-310-x86_64-linux-gnu.so
728333545000-728333745000 rw-p 00000000 00:00 0 
728333745000-728333746000 r--s 00000000 00:05 1197                       /dev/nvidiactl
728333746000-728333748000 r--p 00000000 00:6a 10045288                   /usr/lib/python3.10/lib-dynload/mmap.cpython-310-x86_64-linux-gnu.so
728333748000-72833374b000 r-xp 00002000 00:6a 10045288                   /usr/lib/python3.10/lib-dynload/mmap.cpython-310-x86_64-linux-gnu.so
72833374b000-72833374d000 r--p 00005000 00:6a 10045288                   /usr/lib/python3.10/lib-dynload/mmap.cpython-310-x86_64-linux-gnu.so
72833374d000-72833374e000 r--p 00006000 00:6a 10045288                   /usr/lib/python3.10/lib-dynload/mmap.cpython-310-x86_64-linux-gnu.so
72833374e000-72833374f000 rw-p 00007000 00:6a 10045288                   /usr/lib/python3.10/lib-dynload/mmap.cpython-310-x86_64-linux-gnu.so
72833374f000-728333750000 r--p 00000000 00:6a 10174975                   /home/ubuntu/.local/lib/python3.10/site-packages/numpy/fft/_pocketfft_internal.cpython-310-x86_64-linux-gnu.so
728333750000-728333763000 r-xp 00001000 00:6a 10174975                   /home/ubuntu/.local/lib/python3.10/site-packages/numpy/fft/_pocketfft_internal.cpython-310-x86_64-linux-gnu.so
728333763000-728333765000 r--p 00014000 00:6a 10174975                   /home/ubuntu/.local/lib/python3.10/site-packages/numpy/fft/_pocketfft_internal.cpython-310-x86_64-linux-gnu.so
728333765000-728333766000 r--p 00015000 00:6a 10174975                   /home/ubuntu/.local/lib/python3.10/site-packages/numpy/fft/_pocketfft_internal.cpython-310-x86_64-linux-gnu.so
728333766000-728333767000 rw-p 00016000 00:6a 10174975                   /home/ubuntu/.local/lib/python3.10/site-packages/numpy/fft/_pocketfft_internal.cpython-310-x86_64-linux-gnu.so
728333767000-72833376e000 r--p 00000000 00:6a 10175495                   /home/ubuntu/.local/lib/python3.10/site-packages/numpy/core/_multiarray_tests.cpython-310-x86_64-linux-gnu.so
72833376e000-728333785000 r-xp 00007000 00:6a 10175495                   /home/ubuntu/.local/lib/python3.10/site-packages/numpy/core/_multiarray_tests.cpython-310-x86_64-linux-gnu.so
728333785000-72833378b000 r--p 0001e000 00:6a 10175495                   /home/ubuntu/.local/lib/python3.10/site-packages/numpy/core/_multiarray_tests.cpython-310-x86_64-linux-gnu.so
72833378b000-72833378c000 r--p 00023000 00:6a 10175495                   /home/ubuntu/.local/lib/python3.10/site-packages/numpy/core/_multiarray_tests.cpython-310-x86_64-linux-gnu.so
72833378c000-72833378e000 rw-p 00024000 00:6a 10175495                   /home/ubuntu/.local/lib/python3.10/site-packages/numpy/core/_multiarray_tests.cpython-310-x86_64-linux-gnu.so
72833378e000-728333790000 r--p 00000000 00:6a 25773378                   /usr/lib/x86_64-linux-gnu/libffi.so.8.1.0
728333790000-728333797000 r-xp 00002000 00:6a 25773378                   /usr/lib/x86_64-linux-gnu/libffi.so.8.1.0
728333797000-728333798000 r--p 00009000 00:6a 25773378                   /usr/lib/x86_64-linux-gnu/libffi.so.8.1.0
728333798000-728333799000 ---p 0000a000 00:6a 25773378                   /usr/lib/x86_64-linux-gnu/libffi.so.8.1.0
728333799000-72833379a000 r--p 0000a000 00:6a 25773378                   /usr/lib/x86_64-linux-gnu/libffi.so.8.1.0
72833379a000-72833379b000 rw-p 0000b000 00:6a 25773378                   /usr/lib/x86_64-linux-gnu/libffi.so.8.1.0
72833379b000-7283337a1000 r--p 00000000 00:6a 10045263                   /usr/lib/python3.10/lib-dynload/_ctypes.cpython-310-x86_64-linux-gnu.so
7283337a1000-7283337b1000 r-xp 00006000 00:6a 10045263                   /usr/lib/python3.10/lib-dynload/_ctypes.cpython-310-x86_64-linux-gnu.so
7283337b1000-7283337b7000 r--p 00016000 00:6a 10045263                   /usr/lib/python3.10/lib-dynload/_ctypes.cpython-310-x86_64-linux-gnu.so
7283337b7000-7283337b8000 r--p 0001b000 00:6a 10045263                   /usr/lib/python3.10/lib-dynload/_ctypes.cpython-310-x86_64-linux-gnu.so
7283337b8000-7283337bc000 rw-p 0001c000 00:6a 10045263                   /usr/lib/python3.10/lib-dynload/_ctypes.cpython-310-x86_64-linux-gnu.so
7283337bc000-7283337be000 r--p 00000000 00:6a 10045269                   /usr/lib/python3.10/lib-dynload/_json.cpython-310-x86_64-linux-gnu.so
7283337be000-7283337c5000 r-xp 00002000 00:6a 10045269                   /usr/lib/python3.10/lib-dynload/_json.cpython-310-x86_64-linux-gnu.so
7283337c5000-7283337c7000 r--p 00009000 00:6a 10045269                   /usr/lib/python3.10/lib-dynload/_json.cpython-310-x86_64-linux-gnu.so
7283337c7000-7283337c8000 r--p 0000a000 00:6a 10045269                   /usr/lib/python3.10/lib-dynload/_json.cpython-310-x86_64-linux-gnu.so
7283337c8000-7283337c9000 rw-p 0000b000 00:6a 10045269                   /usr/lib/python3.10/lib-dynload/_json.cpython-310-x86_64-linux-gnu.so
7283337c9000-7283338c9000 rw-p 00000000 00:00 0 
7283338c9000-7283338ca000 r--p 00000000 00:6a 11010632                   /home/ubuntu/.local/lib/python3.10/site-packages/tensorflow/lite/python/metrics/_pywrap_tensorflow_lite_metrics_wrapper.so
7283338ca000-7283338cb000 r-xp 00000000 00:6a 11010632                   /home/ubuntu/.local/lib/python3.10/site-packages/tensorflow/lite/python/metrics/_pywrap_tensorflow_lite_metrics_wrapper.so
7283338cb000-7283338cc000 r--p 00000000 00:6a 11010632                   /home/ubuntu/.local/lib/python3.10/site-packages/tensorflow/lite/python/metrics/_pywrap_tensorflow_lite_metrics_wrapper.so
7283338cc000-7283338cd000 rw-p 00000000 00:6a 11010632                   /home/ubuntu/.local/lib/python3.10/site-packages/tensorflow/lite/python/metrics/_pywrap_tensorflow_lite_metrics_wrapper.so
7283338cd000-7283338cf000 r--p 00000000 00:6a 25773357                   /usr/lib/x86_64-linux-gnu/libbz2.so.1.0.4
7283338cf000-7283338dc000 r-xp 00002000 00:6a 25773357                   /usr/lib/x86_64-linux-gnu/libbz2.so.1.0.4
7283338dc000-7283338de000 r--p 0000f000 00:6a 25773357                   /usr/lib/x86_64-linux-gnu/libbz2.so.1.0.4
7283338de000-7283338df000 r--p 00010000 00:6a 25773357                   /usr/lib/x86_64-linux-gnu/libbz2.so.1.0.4
7283338df000-7283338e0000 rw-p 00011000 00:6a 25773357                   /usr/lib/x86_64-linux-gnu/libbz2.so.1.0.4
7283338e0000-7283338e1000 r--p 00000000 00:6a 10045261                   /usr/lib/python3.10/lib-dynload/_contextvars.cpython-310-x86_64-linux-gnu.so
7283338e1000-7283338e2000 r-xp 00001000 00:6a 10045261                   /usr/lib/python3.10/lib-dynload/_contextvars.cpython-310-x86_64-linux-gnu.so
7283338e2000-7283338e3000 r--p 00002000 00:6a 10045261                   /usr/lib/python3.10/lib-dynload/_contextvars.cpython-310-x86_64-linux-gnu.so
7283338e3000-7283338e4000 r--p 00002000 00:6a 10045261                   /usr/lib/python3.10/lib-dynload/_contextvars.cpython-310-x86_64-linux-gnu.so
7283338e4000-7283338e5000 rw-p 00003000 00:6a 10045261                   /usr/lib/python3.10/lib-dynload/_contextvars.cpython-310-x86_64-linux-gnu.so
7283338e5000-7283338e7000 r--p 00000000 00:6a 10045254                   /usr/lib/python3.10/lib-dynload/_bz2.cpython-310-x86_64-linux-gnu.so
7283338e7000-7283338ea000 r-xp 00002000 00:6a 10045254                   /usr/lib/python3.10/lib-dynload/_bz2.cpython-310-x86_64-linux-gnu.so
7283338ea000-7283338ec000 r--p 00005000 00:6a 10045254                   /usr/lib/python3.10/lib-dynload/_bz2.cpython-310-x86_64-linux-gnu.so
7283338ec000-7283338ed000 r--p 00006000 00:6a 10045254                   /usr/lib/python3.10/lib-dynload/_bz2.cpython-310-x86_64-linux-gnu.so
7283338ed000-7283338ee000 rw-p 00007000 00:6a 10045254                   /usr/lib/python3.10/lib-dynload/_bz2.cpython-310-x86_64-linux-gnu.so
7283338ee000-728333b50000 rw-p 00000000 00:00 0 
728333b50000-728333b57000 r--s 00000000 00:6a 42020870                   /usr/lib/x86_64-linux-gnu/gconv/gconv-modules.cache
728333b57000-728333bae000 r--p 00000000 00:6a 25642035                   /usr/lib/locale/C.utf8/LC_CTYPE
728333bae000-728333bb0000 rw-p 00000000 00:00 0 
728333bb0000-728333bd8000 r--p 00000000 00:6a 42020336                   /usr/lib/x86_64-linux-gnu/libc.so.6
728333bd8000-728333d6d000 r-xp 00028000 00:6a 42020336                   /usr/lib/x86_64-linux-gnu/libc.so.6
728333d6d000-728333dc5000 r--p 001bd000 00:6a 42020336                   /usr/lib/x86_64-linux-gnu/libc.so.6
728333dc5000-728333dc6000 ---p 00215000 00:6a 42020336                   /usr/lib/x86_64-linux-gnu/libc.so.6
728333dc6000-728333dca000 r--p 00215000 00:6a 42020336                   /usr/lib/x86_64-linux-gnu/libc.so.6
728333dca000-728333dcc000 rw-p 00219000 00:6a 42020336                   /usr/lib/x86_64-linux-gnu/libc.so.6
728333dcc000-728333dd9000 rw-p 00000000 00:00 0 
728333dd9000-728333ddb000 r--p 00000000 00:6a 25773489                   /usr/lib/x86_64-linux-gnu/libz.so.1.2.11
728333ddb000-728333dec000 r-xp 00002000 00:6a 25773489                   /usr/lib/x86_64-linux-gnu/libz.so.1.2.11
728333dec000-728333df2000 r--p 00013000 00:6a 25773489                   /usr/lib/x86_64-linux-gnu/libz.so.1.2.11
728333df2000-728333df3000 ---p 00019000 00:6a 25773489                   /usr/lib/x86_64-linux-gnu/libz.so.1.2.11
728333df3000-728333df4000 r--p 00019000 00:6a 25773489                   /usr/lib/x86_64-linux-gnu/libz.so.1.2.11
728333df4000-728333df5000 rw-p 0001a000 00:6a 25773489                   /usr/lib/x86_64-linux-gnu/libz.so.1.2.11
728333df5000-728333df9000 r--p 00000000 00:6a 9914585                    /usr/lib/x86_64-linux-gnu/libexpat.so.1.8.7
728333df9000-728333e18000 r-xp 00004000 00:6a 9914585                    /usr/lib/x86_64-linux-gnu/libexpat.so.1.8.7
728333e18000-728333e22000 r--p 00023000 00:6a 9914585                    /usr/lib/x86_64-linux-gnu/libexpat.so.1.8.7
728333e22000-728333e23000 ---p 0002d000 00:6a 9914585                    /usr/lib/x86_64-linux-gnu/libexpat.so.1.8.7
728333e23000-728333e25000 r--p 0002d000 00:6a 9914585                    /usr/lib/x86_64-linux-gnu/libexpat.so.1.8.7
728333e25000-728333e26000 rw-p 0002f000 00:6a 9914585                    /usr/lib/x86_64-linux-gnu/libexpat.so.1.8.7
728333e26000-728333e34000 r--p 00000000 00:6a 42020342                   /usr/lib/x86_64-linux-gnu/libm.so.6
728333e34000-728333eb0000 r-xp 0000e000 00:6a 42020342                   /usr/lib/x86_64-linux-gnu/libm.so.6
728333eb0000-728333f0b000 r--p 0008a000 00:6a 42020342                   /usr/lib/x86_64-linux-gnu/libm.so.6
728333f0b000-728333f0c000 r--p 000e4000 00:6a 42020342                   /usr/lib/x86_64-linux-gnu/libm.so.6
728333f0c000-728333f0d000 rw-p 000e5000 00:6a 42020342                   /usr/lib/x86_64-linux-gnu/libm.so.6
728333f0d000-728333f0e000 r--p 00000000 00:6a 10045507                   /usr/lib/python3.10/lib-dynload/_opcode.cpython-310-x86_64-linux-gnu.so
728333f0e000-728333f0f000 r-xp 00001000 00:6a 10045507                   /usr/lib/python3.10/lib-dynload/_opcode.cpython-310-x86_64-linux-gnu.so
728333f0f000-728333f10000 r--p 00002000 00:6a 10045507                   /usr/lib/python3.10/lib-dynload/_opcode.cpython-310-x86_64-linux-gnu.so
728333f10000-728333f11000 r--p 00002000 00:6a 10045507                   /usr/lib/python3.10/lib-dynload/_opcode.cpython-310-x86_64-linux-gnu.so
728333f11000-728333f12000 rw-p 00003000 00:6a 10045507                   /usr/lib/python3.10/lib-dynload/_opcode.cpython-310-x86_64-linux-gnu.so
728333f12000-728333f14000 rw-p 00000000 00:00 0 
728333f14000-728333f16000 r--p 00000000 00:6a 42020330                   /usr/lib/x86_64-linux-gnu/ld-linux-x86-64.so.2
728333f16000-728333f40000 r-xp 00002000 00:6a 42020330                   /usr/lib/x86_64-linux-gnu/ld-linux-x86-64.so.2
728333f40000-728333f4b000 r--p 0002c000 00:6a 42020330                   /usr/lib/x86_64-linux-gnu/ld-linux-x86-64.so.2
728333f4b000-728333f4c000 ---p 00000000 00:00 0 
728333f4c000-728333f4e000 r--p 00037000 00:6a 42020330                   /usr/lib/x86_64-linux-gnu/ld-linux-x86-64.so.2
728333f4e000-728333f50000 rw-p 00039000 00:6a 42020330                   /usr/lib/x86_64-linux-gnu/ld-linux-x86-64.so.2
7ffc842ad000-7ffc842b1000 ---p 00000000 00:00 0 
7ffc842b1000-7ffc843ad000 rw-p 00000000 00:00 0                          [stack]
7ffc843de000-7ffc843e2000 r--p 00000000 00:00 0                          [vvar]
7ffc843e2000-7ffc843e4000 r-xp 00000000 00:00 0                          [vdso]
ffffffffff600000-ffffffffff601000 --xp 00000000 00:00 0                  [vsyscall]


VM Arguments:
java_command: <unknown>
java_class_path (initial): /home/ubuntu/.local/lib/python3.10/site-packages/pyserini/resources/jars/anserini-0.22.1-fatjar.jar:/home/ubuntu/.local/lib/python3.10/site-packages/jnius/src
Launcher Type: generic

[Global flags]
     intx CICompilerCount                          = 12                                        {product} {ergonomic}
     uint ConcGCThreads                            = 4                                         {product} {ergonomic}
     uint G1ConcRefinementThreads                  = 15                                        {product} {ergonomic}
   size_t G1HeapRegionSize                         = 16777216                                  {product} {ergonomic}
    uintx GCDrainStackTargetSize                   = 64                                        {product} {ergonomic}
   size_t InitialHeapSize                          = 2147483648                                {product} {ergonomic}
   size_t MarkStackSize                            = 4194304                                   {product} {ergonomic}
   size_t MaxHeapSize                              = 32178700288                               {product} {ergonomic}
   size_t MaxNewSize                               = 19293798400                               {product} {ergonomic}
   size_t MinHeapDeltaBytes                        = 16777216                                  {product} {ergonomic}
   size_t MinHeapSize                              = 16777216                                  {product} {ergonomic}
    uintx NonNMethodCodeHeapSize                   = 7602480                                {pd product} {ergonomic}
    uintx NonProfiledCodeHeapSize                  = 122027880                              {pd product} {ergonomic}
    uintx ProfiledCodeHeapSize                     = 122027880                              {pd product} {ergonomic}
    uintx ReservedCodeCacheSize                    = 251658240                              {pd product} {ergonomic}
     bool SegmentedCodeCache                       = true                                      {product} {ergonomic}
   size_t SoftMaxHeapSize                          = 32178700288                            {manageable} {ergonomic}
     bool UseCompressedClassPointers               = true                           {product lp64_product} {ergonomic}
     bool UseCompressedOops                        = true                           {product lp64_product} {ergonomic}
     bool UseG1GC                                  = true                                      {product} {ergonomic}

Logging:
Log output configuration:
 #0: stdout all=off uptime,level,tags
 #1: stderr all=off uptime,level,tags

Environment Variables:
PATH=/home/ubuntu/.local/bin:/usr/local/sbin:/usr/local/bin:/usr/sbin:/usr/bin:/sbin:/bin:/usr/games:/usr/local/games:/snap/bin
SHELL=/bin/bash
LC_CTYPE=C.UTF-8
TERM=xterm-256color

Active Locale:
LC_ALL=LC_CTYPE=C.UTF-8;LC_NUMERIC=C;LC_TIME=C;LC_COLLATE=C;LC_MONETARY=C;LC_MESSAGES=C;LC_PAPER=C;LC_NAME=C;LC_ADDRESS=C;LC_TELEPHONE=C;LC_MEASUREMENT=C;LC_IDENTIFICATION=C
LC_COLLATE=C
LC_CTYPE=C.UTF-8
LC_MESSAGES=C
LC_MONETARY=C
LC_NUMERIC=C
LC_TIME=C

Signal Handlers:
   SIGSEGV: crash_handler in libjvm.so, mask=11100100010111111101111111111110, flags=SA_RESTART|SA_SIGINFO, unblocked
    SIGBUS: crash_handler in libjvm.so, mask=11100100010111111101111111111110, flags=SA_RESTART|SA_SIGINFO, unblocked
    SIGFPE: crash_handler in libjvm.so, mask=11100100010111111101111111111110, flags=SA_RESTART|SA_SIGINFO, unblocked
   SIGPIPE: javaSignalHandler in libjvm.so, mask=11100100010111111101111111111110, flags=SA_RESTART|SA_SIGINFO, blocked
  *** Handler was modified!
  *** Expected: 0x00006510530c5600, mask=00001111111101101110000011001010, flags=SA_RESTART|SA_SIGINFO
   SIGXFSZ: javaSignalHandler in libjvm.so, mask=11100100010111111101111111111110, flags=SA_RESTART|SA_SIGINFO, blocked
  *** Handler was modified!
  *** Expected: 0x00006510533cb590, mask=00000100100101000010111001101010, flags=SA_RESTART|SA_SIGINFO
    SIGILL: crash_handler in libjvm.so, mask=11100100010111111101111111111110, flags=SA_RESTART|SA_SIGINFO, unblocked
   SIGUSR2: SR_handler in libjvm.so, mask=00100000000000000000000000000000, flags=SA_RESTART|SA_SIGINFO, blocked
  *** Handler was modified!
  *** Expected: 0x00006510532e4300, mask=00001001101011010011110011001010, flags=SA_RESTART|SA_SIGINFO
    SIGHUP: UserHandler in libjvm.so, mask=11100100010111111101111111111110, flags=SA_RESTART|SA_SIGINFO, blocked
    SIGINT: UserHandler in libjvm.so, mask=11100100010111111101111111111110, flags=SA_RESTART|SA_SIGINFO, blocked
   SIGTERM: UserHandler in libjvm.so, mask=11100100010111111101111111111110, flags=SA_RESTART|SA_SIGINFO, blocked
   SIGQUIT: UserHandler in libjvm.so, mask=11100100010111111101111111111110, flags=SA_RESTART|SA_SIGINFO, blocked
   SIGTRAP: crash_handler in libjvm.so, mask=11100100010111111101111111111110, flags=SA_RESTART|SA_SIGINFO, unblocked


Periodic native trim disabled


---------------  S Y S T E M  ---------------

OS:
DISTRIB_ID=Ubuntu
DISTRIB_RELEASE=22.04
DISTRIB_CODENAME=jammy
DISTRIB_DESCRIPTION="Ubuntu 22.04.4 LTS"
uname: Linux 6.8.0-88-generic #89-Ubuntu SMP PREEMPT_DYNAMIC Sat Oct 11 01:02:46 UTC 2025 x86_64
OS uptime: 8 days 4:26 hours
libc: glibc 2.35 NPTL 2.35 
rlimit (soft/hard): STACK 8192k/infinity , CORE infinity/infinity , NPROC infinity/infinity , NOFILE 1048576/1048576 , AS infinity/infinity , CPU infinity/infinity , DATA infinity/infinity , FSIZE infinity/infinity , MEMLOCK 8192k/8192k
load average: 10.94 9.40 8.01

/proc/meminfo:
MemTotal:       395724324 kB
MemFree:        64849876 kB
MemAvailable:   185798528 kB
Buffers:         3619168 kB
Cached:         115554924 kB
SwapCached:          128 kB
Active:         146001712 kB
Inactive:       82425724 kB
Active(anon):   108880552 kB
Inactive(anon):   416708 kB
Active(file):   37121160 kB
Inactive(file): 82009016 kB
Unevictable:           0 kB
Mlocked:               0 kB
SwapTotal:      268435452 kB
SwapFree:       268400636 kB
Zswap:                 0 kB
Zswapped:              0 kB
Dirty:              5980 kB
Writeback:             0 kB
AnonPages:      109253264 kB
Mapped:         18045052 kB
Shmem:             43952 kB
KReclaimable:    4818088 kB
Slab:            6059884 kB
SReclaimable:    4818088 kB
SUnreclaim:      1241796 kB
KernelStack:       28080 kB
PageTables:       406064 kB
SecPageTables:         0 kB
NFS_Unstable:          0 kB
Bounce:                0 kB
WritebackTmp:          0 kB
CommitLimit:    466297612 kB
Committed_AS:   153936188 kB
VmallocTotal:   34359738367 kB
VmallocUsed:      338300 kB
VmallocChunk:          0 kB
Percpu:            58400 kB
HardwareCorrupted: 95003124 kB
AnonHugePages:      6144 kB
ShmemHugePages:        0 kB
ShmemPmdMapped:        0 kB
FileHugePages:         0 kB
FilePmdMapped:         0 kB
Unaccepted:            0 kB
HugePages_Total:       0
HugePages_Free:        0
HugePages_Rsvd:        0
HugePages_Surp:        0
Hugepagesize:       2048 kB
Hugetlb:               0 kB
DirectMap4k:     7910320 kB
DirectMap2M:    184702976 kB
DirectMap1G:    209715200 kB

/sys/kernel/mm/transparent_hugepage/enabled: always [madvise] never
/sys/kernel/mm/transparent_hugepage/hpage_pmd_size: 2097152
/sys/kernel/mm/transparent_hugepage/defrag (defrag/compaction efforts parameter): always defer defer+madvise [madvise] never

Process Memory:
Virtual Size: 119182476K (peak: 122967632K)
Resident Set Size: 55853616K (peak: 72483164K) (anon: 49060896K, file: 6782480K, shmem: 10240K)
Swapped out: 0K
C-Heap outstanding allocations: 29098630K, retained: 1846497K
glibc malloc tunables: (default)

/proc/sys/kernel/threads-max (system-wide limit on the number of threads): 3090908
/proc/sys/vm/max_map_count (maximum number of memory map areas a process may have): 1048576
/proc/sys/vm/swappiness (control to define how aggressively the kernel swaps out anonymous memory): 60
/proc/sys/kernel/pid_max (system-wide limit on number of process identifiers): 4194304

container (cgroup) information:
container_type: cgroupv2
cpu_cpuset_cpus: not supported
cpu_memory_nodes: not supported
active_processor_count: 20
cpu_quota: no quota
cpu_period: 100000
cpu_shares: no shares
memory_limit_in_bytes: unlimited
memory_and_swap_limit_in_bytes: unlimited
memory_soft_limit_in_bytes: 0
memory_usage_in_bytes: 104905832 k
memory_max_usage_in_bytes: not supported
memory_swap_current_in_bytes: 0
memory_swap_max_limit_in_bytes: unlimited
maximum number of tasks: 463636
current number of tasks: 365

Steal ticks since vm start: 0
Steal ticks percentage since vm start:  0.000

CPU: total 20 (initial active 20) (10 cores per cpu, 2 threads per core) family 6 model 85 stepping 7 microcode 0x5003901, cx8, cmov, fxsr, ht, mmx, 3dnowpref, sse, sse2, sse3, ssse3, sse4.1, sse4.2, popcnt, lzcnt, tsc, tscinvbit, avx, avx2, aes, erms, clmul, bmi1, bmi2, adx, avx512f, avx512dq, avx512cd, avx512bw, avx512vl, fma, vzeroupper, avx512_vnni, clflush, clflushopt, clwb
CPU Model and flags from /proc/cpuinfo:
model name	: Intel(R) Xeon(R) W-2255 CPU @ 3.70GHz
flags		: fpu vme de pse tsc msr pae mce cx8 apic sep mtrr pge mca cmov pat pse36 clflush dts acpi mmx fxsr sse sse2 ss ht tm pbe syscall nx pdpe1gb rdtscp lm constant_tsc art arch_perfmon pebs bts rep_good nopl xtopology nonstop_tsc cpuid aperfmperf pni pclmulqdq dtes64 monitor ds_cpl vmx smx est tm2 ssse3 sdbg fma cx16 xtpr pdcm pcid dca sse4_1 sse4_2 x2apic movbe popcnt tsc_deadline_timer aes xsave avx f16c rdrand lahf_lm abm 3dnowprefetch cpuid_fault epb cat_l3 cdp_l3 intel_ppin ssbd mba ibrs ibpb stibp ibrs_enhanced tpr_shadow flexpriority ept vpid ept_ad fsgsbase tsc_adjust bmi1 avx2 smep bmi2 erms invpcid cqm mpx rdt_a avx512f avx512dq rdseed adx smap clflushopt clwb intel_pt avx512cd avx512bw avx512vl xsaveopt xsavec xgetbv1 xsaves cqm_llc cqm_occup_llc cqm_mbm_total cqm_mbm_local dtherm ida arat pln pts hwp hwp_act_window hwp_epp hwp_pkg_req vnmi avx512_vnni md_clear flush_l1d arch_capabilities ibpb_exit_to_user

Online cpus: 0-19
Offline cpus: 
BIOS frequency limitation: <Not Available>
Frequency switch latency (ns): 0
Available cpu frequencies: <Not Available>
Current governor: powersave
Core performance/turbo boost: <Not Available>

Memory: 4k page, physical 395724324k(64837860k free), swap 268435452k(268400636k free)
Page Sizes: 4k

vm_info: OpenJDK 64-Bit Server VM (17.0.16+8-Ubuntu-0ubuntu122.04.1) for linux-amd64 JRE (17.0.16+8-Ubuntu-0ubuntu122.04.1), built on Jul 17 2025 00:00:46 by "buildd" with gcc 11.4.0

END.
