#
# A fatal error has been detected by the Java Runtime Environment:
#
#  SIGSEGV (0xb) at pc=0x00007fa97408131a, pid=265955, tid=269535
#
# JRE version: OpenJDK Runtime Environment (17.0.16+8) (build 17.0.16+8-Ubuntu-0ubuntu122.04.1)
# Java VM: OpenJDK 64-Bit Server VM (17.0.16+8-Ubuntu-0ubuntu122.04.1, mixed mode, sharing, tiered, compressed oops, compressed class ptrs, g1 gc, linux-amd64)
# Problematic frame:
# C  0x65d870deab502d00
#
# Core dump will be written. Default location: Core dumps may be processed with "/usr/share/apport/apport -p%p -s%s -c%c -d%d -P%P -u%u -g%g -F%F -- %E" (or dumping to /home/ubuntu/tbazzocchi/FRAG/MedRAG/core.265955)
#
# If you would like to submit a bug report, please visit:
#   https://bugs.launchpad.net/ubuntu/+source/openjdk-17
#

---------------  S U M M A R Y ------------

Command Line: 

Host: Intel(R) Xeon(R) W-2255 CPU @ 3.70GHz, 20 cores, 377G, Ubuntu 22.04.4 LTS
Time: Sun Nov  9 19:29:34 2025 UTC elapsed time: 3717.715419 seconds (0d 1h 1m 57s)

---------------  T H R E A D  ---------------

Current thread is native thread

Stack: [0x00007fa93c02c000,0x00007fa93c82c000],  sp=0x00007fa93c82a3a0,  free space=8184k
Native frames: (J=compiled Java code, j=interpreted, Vv=VM code, C=native code)
C  0x65d870deab502d00


siginfo: si_signo: 11 (SIGSEGV), si_code: 2 (SEGV_ACCERR), si_addr: 0x00007fa97408131a

Registers:
RAX=0x0000000000000003, RBX=0x00007fa6135b8440, RCX=0x00007fa60728bac0, RDX=0x0000000000000300
RSP=0x00007fa93c82a398, RBP=0x00007fa61366047c, RSI=0x0000000000000180, RDI=0x0000000000000030
R8 =0x00007fa607278200, R9 =0x00007fa607c3e200, R10=0x00007fa6135b8500, R11=0x000000000001c000
R12=0x0000000000000180, R13=0x0000000000000030, R14=0x00007fa607289900, R15=0x00007fa607c41080
RIP=0x00007fa97408131a, EFLAGS=0x0000000000010206, CSGSFS=0x002b000000000033, ERR=0x0000000000000015
  TRAPNO=0x000000000000000e

XMM[0]=0xbb65bb32bc623c56 0x3c793c2f3bc83bde
XMM[1]=0x3bcc3c7dbafbbc04 0x3bbc3c1a3b1fba8e
XMM[2]=0x3b003c523b9d39f2 0x3bcdbba93c0abc30
XMM[3]=0x3c7d0000bc040000 0x3c1a0000ba8e0000
XMM[4]=0x3e383e303e383e30 0x3e383e303e383e30
XMM[5]=0x3ec23db63ec23db6 0x3ec23db63ec23db6
XMM[6]=0x3db600003db60000 0x3db600003db60000
XMM[7]=0x0000000000000000 0x0000000000000000
XMM[8]=0x3d037f7b3b3efb5c 0x3d49760dbcb5d7b2
XMM[9]=0x3d2cb410bc933a25 0x3d008af73d9fb0db
XMM[10]=0xbcb3ae053cbfa370 0x3cb117703a16d110
XMM[11]=0xbd2bad623d217cf6 0x3cb8f76cbca118bb
XMM[12]=0xbc929712bca47b1a 0x3d2700603d746b82
XMM[13]=0x3cd02692bd2c1ebd 0x3d65e8ec3dba39a7
XMM[14]=0x3c829cdabd16033a 0x3c07e8193dc986f2
XMM[15]=0x3d6154033d3d8069 0x3cc35d9c3d8faa31
  MXCSR=0x00001fa3


Top of Stack: (sp=0x00007fa93c82a398)
0x00007fa93c82a398:   65d870deab502d00 00000000000f3476
0x00007fa93c82a3a8:   ffffffffffffff80 0000000000000000
0x00007fa93c82a3b8:   00007fa8bd93c2e0 00007fa8be870a60
0x00007fa93c82a3c8:   00007fa607ccf000 00007fa607cce000
0x00007fa93c82a3d8:   0000000000000004 00007fa93c82a4e0
0x00007fa93c82a3e8:   00007fb1bddfb64e 00007fa6135b8440
0x00007fa93c82a3f8:   0000000000007000 00007fa607cce000
0x00007fa93c82a408:   00007fa607ccf000 00000000000079a3
0x00007fa93c82a418:   0000000000000f34 0000000000000004
0x00007fa93c82a428:   00007fa93c82a860 00007fa6135b8440
0x00007fa93c82a438:   00007fa607c3e000 00007fa607278000
0x00007fa93c82a448:   0000000000000004 3f8000003f800000
0x00007fa93c82a458:   0000000000000300 0000000000000180
0x00007fa93c82a468:   0000000000000030 00007fa8be870a60
0x00007fa93c82a478:   00007fa8be870a64 00007fa8be870a64
0x00007fa93c82a488:   0000000000000080 00007fa8bd93c2e0
0x00007fa93c82a498:   00007fa8bd93c2e4 00007fa8bd93c2e4
0x00007fa93c82a4a8:   65d870deab502d00 00007fa93c82a860
0x00007fa93c82a4b8:   0000000000000000 0000000000000cf0
0x00007fa93c82a4c8:   00007fa6135b8440 0000000000000cf0
0x00007fa93c82a4d8:   0000000000000000 00007fa93c82a6a0
0x00007fa93c82a4e8:   00007fb1bddfc3b2 0000000000007000
0x00007fa93c82a4f8:   00007fa607ccf000 00007fa607cce000
0x00007fa93c82a508:   00007fa93c82a860 00007fa93c82a530
0x00007fa93c82a518:   0000000000000300 0000000000007000
0x00007fa93c82a528:   0000000000002700 00007fa606d9d700
0x00007fa93c82a538:   00007fa836ee9040 0000000000001800
0x00007fa93c82a548:   0000000000000001 0000000000000001
0x00007fa93c82a558:   0000000000002000 000000000001c000
0x00007fa93c82a568:   00007f95d1683b00 0000000000001800
0x00007fa93c82a578:   0000000000002000 0000000000002000
0x00007fa93c82a588:   000000000000a040 00007f953f800000 

Instructions: (pc=0x65d870deab502d00)
0x65d870deab502c00:   ?? ?? ?? ?? ?? ?? ?? ?? ?? ?? ?? ?? ?? ?? ?? ??
0x65d870deab502c10:   ?? ?? ?? ?? ?? ?? ?? ?? ?? ?? ?? ?? ?? ?? ?? ??
0x65d870deab502c20:   ?? ?? ?? ?? ?? ?? ?? ?? ?? ?? ?? ?? ?? ?? ?? ??
0x65d870deab502c30:   ?? ?? ?? ?? ?? ?? ?? ?? ?? ?? ?? ?? ?? ?? ?? ??
0x65d870deab502c40:   ?? ?? ?? ?? ?? ?? ?? ?? ?? ?? ?? ?? ?? ?? ?? ??
0x65d870deab502c50:   ?? ?? ?? ?? ?? ?? ?? ?? ?? ?? ?? ?? ?? ?? ?? ??
0x65d870deab502c60:   ?? ?? ?? ?? ?? ?? ?? ?? ?? ?? ?? ?? ?? ?? ?? ??
0x65d870deab502c70:   ?? ?? ?? ?? ?? ?? ?? ?? ?? ?? ?? ?? ?? ?? ?? ??
0x65d870deab502c80:   ?? ?? ?? ?? ?? ?? ?? ?? ?? ?? ?? ?? ?? ?? ?? ??
0x65d870deab502c90:   ?? ?? ?? ?? ?? ?? ?? ?? ?? ?? ?? ?? ?? ?? ?? ??
0x65d870deab502ca0:   ?? ?? ?? ?? ?? ?? ?? ?? ?? ?? ?? ?? ?? ?? ?? ??
0x65d870deab502cb0:   ?? ?? ?? ?? ?? ?? ?? ?? ?? ?? ?? ?? ?? ?? ?? ??
0x65d870deab502cc0:   ?? ?? ?? ?? ?? ?? ?? ?? ?? ?? ?? ?? ?? ?? ?? ??
0x65d870deab502cd0:   ?? ?? ?? ?? ?? ?? ?? ?? ?? ?? ?? ?? ?? ?? ?? ??
0x65d870deab502ce0:   ?? ?? ?? ?? ?? ?? ?? ?? ?? ?? ?? ?? ?? ?? ?? ??
0x65d870deab502cf0:   ?? ?? ?? ?? ?? ?? ?? ?? ?? ?? ?? ?? ?? ?? ?? ??
0x65d870deab502d00:   ?? ?? ?? ?? ?? ?? ?? ?? ?? ?? ?? ?? ?? ?? ?? ??
0x65d870deab502d10:   ?? ?? ?? ?? ?? ?? ?? ?? ?? ?? ?? ?? ?? ?? ?? ??
0x65d870deab502d20:   ?? ?? ?? ?? ?? ?? ?? ?? ?? ?? ?? ?? ?? ?? ?? ??
0x65d870deab502d30:   ?? ?? ?? ?? ?? ?? ?? ?? ?? ?? ?? ?? ?? ?? ?? ??
0x65d870deab502d40:   ?? ?? ?? ?? ?? ?? ?? ?? ?? ?? ?? ?? ?? ?? ?? ??
0x65d870deab502d50:   ?? ?? ?? ?? ?? ?? ?? ?? ?? ?? ?? ?? ?? ?? ?? ??
0x65d870deab502d60:   ?? ?? ?? ?? ?? ?? ?? ?? ?? ?? ?? ?? ?? ?? ?? ??
0x65d870deab502d70:   ?? ?? ?? ?? ?? ?? ?? ?? ?? ?? ?? ?? ?? ?? ?? ??
0x65d870deab502d80:   ?? ?? ?? ?? ?? ?? ?? ?? ?? ?? ?? ?? ?? ?? ?? ??
0x65d870deab502d90:   ?? ?? ?? ?? ?? ?? ?? ?? ?? ?? ?? ?? ?? ?? ?? ??
0x65d870deab502da0:   ?? ?? ?? ?? ?? ?? ?? ?? ?? ?? ?? ?? ?? ?? ?? ??
0x65d870deab502db0:   ?? ?? ?? ?? ?? ?? ?? ?? ?? ?? ?? ?? ?? ?? ?? ??
0x65d870deab502dc0:   ?? ?? ?? ?? ?? ?? ?? ?? ?? ?? ?? ?? ?? ?? ?? ??
0x65d870deab502dd0:   ?? ?? ?? ?? ?? ?? ?? ?? ?? ?? ?? ?? ?? ?? ?? ??
0x65d870deab502de0:   ?? ?? ?? ?? ?? ?? ?? ?? ?? ?? ?? ?? ?? ?? ?? ??
0x65d870deab502df0:   ?? ?? ?? ?? ?? ?? ?? ?? ?? ?? ?? ?? ?? ?? ?? ?? 



---------------  P R O C E S S  ---------------

VM state: at safepoint (shutting down)

VM Mutex/Monitor currently owned by a thread:  ([mutex/lock_event])
[0x000055f5a06f1870] Threads_lock - owner thread: 0x000055f5a07ac8f0
[0x000055f5a07ffa30] Heap_lock - owner thread: 0x00007faf940011d0

Heap address: 0x0000000082000000, size: 30688 MB, Compressed Oops mode: Zero based, Oop shift amount: 3

CDS archive(s) mapped at: [0x00007fafaf000000-0x00007fafafbca000-0x00007fafafbca000), size 12361728, SharedBaseAddress: 0x00007fafaf000000, ArchiveRelocationMode: 1.
Compressed class space mapped at: 0x00007fafb0000000-0x00007faff0000000, reserved size: 1073741824
Narrow klass base: 0x00007fafaf000000, Narrow klass shift: 0, Narrow klass range: 0x100000000

GC Precious Log:
<Skipped>

Heap:
 garbage-first heap   total 2129920K, used 98228K [0x0000000082000000, 0x0000000800000000)
  region size 16384K, 6 young (98304K), 0 survivors (0K)
 Metaspace       used 18592K, committed 18752K, reserved 1114112K
  class space    used 2167K, committed 2240K, reserved 1048576K

Heap Regions: E=young(eden), S=young(survivor), O=old, HS=humongous(starts), HC=humongous(continues), CS=collection set, F=free, OA=open archive, CA=closed archive, TAMS=top-at-mark-start (previous, next)
|   0|0x0000000082000000, 0x0000000082000000, 0x0000000083000000|  0%| F|  |TAMS 0x0000000082000000, 0x0000000082000000| Untracked 
|   1|0x0000000083000000, 0x0000000083000000, 0x0000000084000000|  0%| F|  |TAMS 0x0000000083000000, 0x0000000083000000| Untracked 
|   2|0x0000000084000000, 0x0000000084000000, 0x0000000085000000|  0%| F|  |TAMS 0x0000000084000000, 0x0000000084000000| Untracked 
|   3|0x0000000085000000, 0x0000000085000000, 0x0000000086000000|  0%| F|  |TAMS 0x0000000085000000, 0x0000000085000000| Untracked 
|   4|0x0000000086000000, 0x0000000086000000, 0x0000000087000000|  0%| F|  |TAMS 0x0000000086000000, 0x0000000086000000| Untracked 
|   5|0x0000000087000000, 0x0000000087000000, 0x0000000088000000|  0%| F|  |TAMS 0x0000000087000000, 0x0000000087000000| Untracked 
|   6|0x0000000088000000, 0x0000000088000000, 0x0000000089000000|  0%| F|  |TAMS 0x0000000088000000, 0x0000000088000000| Untracked 
|   7|0x0000000089000000, 0x0000000089000000, 0x000000008a000000|  0%| F|  |TAMS 0x0000000089000000, 0x0000000089000000| Untracked 
|   8|0x000000008a000000, 0x000000008a000000, 0x000000008b000000|  0%| F|  |TAMS 0x000000008a000000, 0x000000008a000000| Untracked 
|   9|0x000000008b000000, 0x000000008b000000, 0x000000008c000000|  0%| F|  |TAMS 0x000000008b000000, 0x000000008b000000| Untracked 
|  10|0x000000008c000000, 0x000000008c000000, 0x000000008d000000|  0%| F|  |TAMS 0x000000008c000000, 0x000000008c000000| Untracked 
|  11|0x000000008d000000, 0x000000008d000000, 0x000000008e000000|  0%| F|  |TAMS 0x000000008d000000, 0x000000008d000000| Untracked 
|  12|0x000000008e000000, 0x000000008e000000, 0x000000008f000000|  0%| F|  |TAMS 0x000000008e000000, 0x000000008e000000| Untracked 
|  13|0x000000008f000000, 0x000000008f000000, 0x0000000090000000|  0%| F|  |TAMS 0x000000008f000000, 0x000000008f000000| Untracked 
|  14|0x0000000090000000, 0x0000000090000000, 0x0000000091000000|  0%| F|  |TAMS 0x0000000090000000, 0x0000000090000000| Untracked 
|  15|0x0000000091000000, 0x0000000091000000, 0x0000000092000000|  0%| F|  |TAMS 0x0000000091000000, 0x0000000091000000| Untracked 
|  16|0x0000000092000000, 0x0000000092000000, 0x0000000093000000|  0%| F|  |TAMS 0x0000000092000000, 0x0000000092000000| Untracked 
|  17|0x0000000093000000, 0x0000000093000000, 0x0000000094000000|  0%| F|  |TAMS 0x0000000093000000, 0x0000000093000000| Untracked 
|  18|0x0000000094000000, 0x0000000094000000, 0x0000000095000000|  0%| F|  |TAMS 0x0000000094000000, 0x0000000094000000| Untracked 
|  19|0x0000000095000000, 0x0000000095000000, 0x0000000096000000|  0%| F|  |TAMS 0x0000000095000000, 0x0000000095000000| Untracked 
|  20|0x0000000096000000, 0x0000000096000000, 0x0000000097000000|  0%| F|  |TAMS 0x0000000096000000, 0x0000000096000000| Untracked 
|  21|0x0000000097000000, 0x0000000097000000, 0x0000000098000000|  0%| F|  |TAMS 0x0000000097000000, 0x0000000097000000| Untracked 
|  22|0x0000000098000000, 0x0000000098000000, 0x0000000099000000|  0%| F|  |TAMS 0x0000000098000000, 0x0000000098000000| Untracked 
|  23|0x0000000099000000, 0x0000000099000000, 0x000000009a000000|  0%| F|  |TAMS 0x0000000099000000, 0x0000000099000000| Untracked 
|  24|0x000000009a000000, 0x000000009a000000, 0x000000009b000000|  0%| F|  |TAMS 0x000000009a000000, 0x000000009a000000| Untracked 
|  25|0x000000009b000000, 0x000000009b000000, 0x000000009c000000|  0%| F|  |TAMS 0x000000009b000000, 0x000000009b000000| Untracked 
|  26|0x000000009c000000, 0x000000009c000000, 0x000000009d000000|  0%| F|  |TAMS 0x000000009c000000, 0x000000009c000000| Untracked 
|  27|0x000000009d000000, 0x000000009d000000, 0x000000009e000000|  0%| F|  |TAMS 0x000000009d000000, 0x000000009d000000| Untracked 
|  28|0x000000009e000000, 0x000000009e000000, 0x000000009f000000|  0%| F|  |TAMS 0x000000009e000000, 0x000000009e000000| Untracked 
|  29|0x000000009f000000, 0x000000009f000000, 0x00000000a0000000|  0%| F|  |TAMS 0x000000009f000000, 0x000000009f000000| Untracked 
|  30|0x00000000a0000000, 0x00000000a0000000, 0x00000000a1000000|  0%| F|  |TAMS 0x00000000a0000000, 0x00000000a0000000| Untracked 
|  31|0x00000000a1000000, 0x00000000a1000000, 0x00000000a2000000|  0%| F|  |TAMS 0x00000000a1000000, 0x00000000a1000000| Untracked 
|  32|0x00000000a2000000, 0x00000000a2000000, 0x00000000a3000000|  0%| F|  |TAMS 0x00000000a2000000, 0x00000000a2000000| Untracked 
|  33|0x00000000a3000000, 0x00000000a3000000, 0x00000000a4000000|  0%| F|  |TAMS 0x00000000a3000000, 0x00000000a3000000| Untracked 
|  34|0x00000000a4000000, 0x00000000a4000000, 0x00000000a5000000|  0%| F|  |TAMS 0x00000000a4000000, 0x00000000a4000000| Untracked 
|  35|0x00000000a5000000, 0x00000000a5000000, 0x00000000a6000000|  0%| F|  |TAMS 0x00000000a5000000, 0x00000000a5000000| Untracked 
|  36|0x00000000a6000000, 0x00000000a6000000, 0x00000000a7000000|  0%| F|  |TAMS 0x00000000a6000000, 0x00000000a6000000| Untracked 
|  37|0x00000000a7000000, 0x00000000a7000000, 0x00000000a8000000|  0%| F|  |TAMS 0x00000000a7000000, 0x00000000a7000000| Untracked 
|  38|0x00000000a8000000, 0x00000000a8000000, 0x00000000a9000000|  0%| F|  |TAMS 0x00000000a8000000, 0x00000000a8000000| Untracked 
|  39|0x00000000a9000000, 0x00000000a9000000, 0x00000000aa000000|  0%| F|  |TAMS 0x00000000a9000000, 0x00000000a9000000| Untracked 
|  40|0x00000000aa000000, 0x00000000aa000000, 0x00000000ab000000|  0%| F|  |TAMS 0x00000000aa000000, 0x00000000aa000000| Untracked 
|  41|0x00000000ab000000, 0x00000000ab000000, 0x00000000ac000000|  0%| F|  |TAMS 0x00000000ab000000, 0x00000000ab000000| Untracked 
|  42|0x00000000ac000000, 0x00000000ac000000, 0x00000000ad000000|  0%| F|  |TAMS 0x00000000ac000000, 0x00000000ac000000| Untracked 
|  43|0x00000000ad000000, 0x00000000ad000000, 0x00000000ae000000|  0%| F|  |TAMS 0x00000000ad000000, 0x00000000ad000000| Untracked 
|  44|0x00000000ae000000, 0x00000000ae000000, 0x00000000af000000|  0%| F|  |TAMS 0x00000000ae000000, 0x00000000ae000000| Untracked 
|  45|0x00000000af000000, 0x00000000af000000, 0x00000000b0000000|  0%| F|  |TAMS 0x00000000af000000, 0x00000000af000000| Untracked 
|  46|0x00000000b0000000, 0x00000000b0000000, 0x00000000b1000000|  0%| F|  |TAMS 0x00000000b0000000, 0x00000000b0000000| Untracked 
|  47|0x00000000b1000000, 0x00000000b1000000, 0x00000000b2000000|  0%| F|  |TAMS 0x00000000b1000000, 0x00000000b1000000| Untracked 
|  48|0x00000000b2000000, 0x00000000b2000000, 0x00000000b3000000|  0%| F|  |TAMS 0x00000000b2000000, 0x00000000b2000000| Untracked 
|  49|0x00000000b3000000, 0x00000000b3000000, 0x00000000b4000000|  0%| F|  |TAMS 0x00000000b3000000, 0x00000000b3000000| Untracked 
|  50|0x00000000b4000000, 0x00000000b4000000, 0x00000000b5000000|  0%| F|  |TAMS 0x00000000b4000000, 0x00000000b4000000| Untracked 
|  51|0x00000000b5000000, 0x00000000b5000000, 0x00000000b6000000|  0%| F|  |TAMS 0x00000000b5000000, 0x00000000b5000000| Untracked 
|  52|0x00000000b6000000, 0x00000000b6000000, 0x00000000b7000000|  0%| F|  |TAMS 0x00000000b6000000, 0x00000000b6000000| Untracked 
|  53|0x00000000b7000000, 0x00000000b7000000, 0x00000000b8000000|  0%| F|  |TAMS 0x00000000b7000000, 0x00000000b7000000| Untracked 
|  54|0x00000000b8000000, 0x00000000b8000000, 0x00000000b9000000|  0%| F|  |TAMS 0x00000000b8000000, 0x00000000b8000000| Untracked 
|  55|0x00000000b9000000, 0x00000000b9000000, 0x00000000ba000000|  0%| F|  |TAMS 0x00000000b9000000, 0x00000000b9000000| Untracked 
|  56|0x00000000ba000000, 0x00000000ba000000, 0x00000000bb000000|  0%| F|  |TAMS 0x00000000ba000000, 0x00000000ba000000| Untracked 
|  57|0x00000000bb000000, 0x00000000bb000000, 0x00000000bc000000|  0%| F|  |TAMS 0x00000000bb000000, 0x00000000bb000000| Untracked 
|  58|0x00000000bc000000, 0x00000000bc000000, 0x00000000bd000000|  0%| F|  |TAMS 0x00000000bc000000, 0x00000000bc000000| Untracked 
|  59|0x00000000bd000000, 0x00000000bd000000, 0x00000000be000000|  0%| F|  |TAMS 0x00000000bd000000, 0x00000000bd000000| Untracked 
|  60|0x00000000be000000, 0x00000000be000000, 0x00000000bf000000|  0%| F|  |TAMS 0x00000000be000000, 0x00000000be000000| Untracked 
|  61|0x00000000bf000000, 0x00000000bf000000, 0x00000000c0000000|  0%| F|  |TAMS 0x00000000bf000000, 0x00000000bf000000| Untracked 
|  62|0x00000000c0000000, 0x00000000c0000000, 0x00000000c1000000|  0%| F|  |TAMS 0x00000000c0000000, 0x00000000c0000000| Untracked 
|  63|0x00000000c1000000, 0x00000000c1000000, 0x00000000c2000000|  0%| F|  |TAMS 0x00000000c1000000, 0x00000000c1000000| Untracked 
|  64|0x00000000c2000000, 0x00000000c2000000, 0x00000000c3000000|  0%| F|  |TAMS 0x00000000c2000000, 0x00000000c2000000| Untracked 
|  65|0x00000000c3000000, 0x00000000c3000000, 0x00000000c4000000|  0%| F|  |TAMS 0x00000000c3000000, 0x00000000c3000000| Untracked 
|  66|0x00000000c4000000, 0x00000000c4000000, 0x00000000c5000000|  0%| F|  |TAMS 0x00000000c4000000, 0x00000000c4000000| Untracked 
|  67|0x00000000c5000000, 0x00000000c5000000, 0x00000000c6000000|  0%| F|  |TAMS 0x00000000c5000000, 0x00000000c5000000| Untracked 
|  68|0x00000000c6000000, 0x00000000c6000000, 0x00000000c7000000|  0%| F|  |TAMS 0x00000000c6000000, 0x00000000c6000000| Untracked 
|  69|0x00000000c7000000, 0x00000000c7000000, 0x00000000c8000000|  0%| F|  |TAMS 0x00000000c7000000, 0x00000000c7000000| Untracked 
|  70|0x00000000c8000000, 0x00000000c8000000, 0x00000000c9000000|  0%| F|  |TAMS 0x00000000c8000000, 0x00000000c8000000| Untracked 
|  71|0x00000000c9000000, 0x00000000c9000000, 0x00000000ca000000|  0%| F|  |TAMS 0x00000000c9000000, 0x00000000c9000000| Untracked 
|  72|0x00000000ca000000, 0x00000000ca000000, 0x00000000cb000000|  0%| F|  |TAMS 0x00000000ca000000, 0x00000000ca000000| Untracked 
|  73|0x00000000cb000000, 0x00000000cb000000, 0x00000000cc000000|  0%| F|  |TAMS 0x00000000cb000000, 0x00000000cb000000| Untracked 
|  74|0x00000000cc000000, 0x00000000cc000000, 0x00000000cd000000|  0%| F|  |TAMS 0x00000000cc000000, 0x00000000cc000000| Untracked 
|  75|0x00000000cd000000, 0x00000000cd000000, 0x00000000ce000000|  0%| F|  |TAMS 0x00000000cd000000, 0x00000000cd000000| Untracked 
|  76|0x00000000ce000000, 0x00000000ce000000, 0x00000000cf000000|  0%| F|  |TAMS 0x00000000ce000000, 0x00000000ce000000| Untracked 
|  77|0x00000000cf000000, 0x00000000cf000000, 0x00000000d0000000|  0%| F|  |TAMS 0x00000000cf000000, 0x00000000cf000000| Untracked 
|  78|0x00000000d0000000, 0x00000000d0000000, 0x00000000d1000000|  0%| F|  |TAMS 0x00000000d0000000, 0x00000000d0000000| Untracked 
|  79|0x00000000d1000000, 0x00000000d1000000, 0x00000000d2000000|  0%| F|  |TAMS 0x00000000d1000000, 0x00000000d1000000| Untracked 
|  80|0x00000000d2000000, 0x00000000d2000000, 0x00000000d3000000|  0%| F|  |TAMS 0x00000000d2000000, 0x00000000d2000000| Untracked 
|  81|0x00000000d3000000, 0x00000000d3000000, 0x00000000d4000000|  0%| F|  |TAMS 0x00000000d3000000, 0x00000000d3000000| Untracked 
|  82|0x00000000d4000000, 0x00000000d4000000, 0x00000000d5000000|  0%| F|  |TAMS 0x00000000d4000000, 0x00000000d4000000| Untracked 
|  83|0x00000000d5000000, 0x00000000d5000000, 0x00000000d6000000|  0%| F|  |TAMS 0x00000000d5000000, 0x00000000d5000000| Untracked 
|  84|0x00000000d6000000, 0x00000000d6000000, 0x00000000d7000000|  0%| F|  |TAMS 0x00000000d6000000, 0x00000000d6000000| Untracked 
|  85|0x00000000d7000000, 0x00000000d7000000, 0x00000000d8000000|  0%| F|  |TAMS 0x00000000d7000000, 0x00000000d7000000| Untracked 
|  86|0x00000000d8000000, 0x00000000d8000000, 0x00000000d9000000|  0%| F|  |TAMS 0x00000000d8000000, 0x00000000d8000000| Untracked 
|  87|0x00000000d9000000, 0x00000000d9000000, 0x00000000da000000|  0%| F|  |TAMS 0x00000000d9000000, 0x00000000d9000000| Untracked 
|  88|0x00000000da000000, 0x00000000da000000, 0x00000000db000000|  0%| F|  |TAMS 0x00000000da000000, 0x00000000da000000| Untracked 
|  89|0x00000000db000000, 0x00000000db000000, 0x00000000dc000000|  0%| F|  |TAMS 0x00000000db000000, 0x00000000db000000| Untracked 
|  90|0x00000000dc000000, 0x00000000dc000000, 0x00000000dd000000|  0%| F|  |TAMS 0x00000000dc000000, 0x00000000dc000000| Untracked 
|  91|0x00000000dd000000, 0x00000000dd000000, 0x00000000de000000|  0%| F|  |TAMS 0x00000000dd000000, 0x00000000dd000000| Untracked 
|  92|0x00000000de000000, 0x00000000de000000, 0x00000000df000000|  0%| F|  |TAMS 0x00000000de000000, 0x00000000de000000| Untracked 
|  93|0x00000000df000000, 0x00000000df000000, 0x00000000e0000000|  0%| F|  |TAMS 0x00000000df000000, 0x00000000df000000| Untracked 
|  94|0x00000000e0000000, 0x00000000e0000000, 0x00000000e1000000|  0%| F|  |TAMS 0x00000000e0000000, 0x00000000e0000000| Untracked 
|  95|0x00000000e1000000, 0x00000000e1000000, 0x00000000e2000000|  0%| F|  |TAMS 0x00000000e1000000, 0x00000000e1000000| Untracked 
|  96|0x00000000e2000000, 0x00000000e2000000, 0x00000000e3000000|  0%| F|  |TAMS 0x00000000e2000000, 0x00000000e2000000| Untracked 
|  97|0x00000000e3000000, 0x00000000e3000000, 0x00000000e4000000|  0%| F|  |TAMS 0x00000000e3000000, 0x00000000e3000000| Untracked 
|  98|0x00000000e4000000, 0x00000000e4000000, 0x00000000e5000000|  0%| F|  |TAMS 0x00000000e4000000, 0x00000000e4000000| Untracked 
|  99|0x00000000e5000000, 0x00000000e5000000, 0x00000000e6000000|  0%| F|  |TAMS 0x00000000e5000000, 0x00000000e5000000| Untracked 
| 100|0x00000000e6000000, 0x00000000e6000000, 0x00000000e7000000|  0%| F|  |TAMS 0x00000000e6000000, 0x00000000e6000000| Untracked 
| 101|0x00000000e7000000, 0x00000000e7000000, 0x00000000e8000000|  0%| F|  |TAMS 0x00000000e7000000, 0x00000000e7000000| Untracked 
| 102|0x00000000e8000000, 0x00000000e8000000, 0x00000000e9000000|  0%| F|  |TAMS 0x00000000e8000000, 0x00000000e8000000| Untracked 
| 103|0x00000000e9000000, 0x00000000e9000000, 0x00000000ea000000|  0%| F|  |TAMS 0x00000000e9000000, 0x00000000e9000000| Untracked 
| 104|0x00000000ea000000, 0x00000000ea000000, 0x00000000eb000000|  0%| F|  |TAMS 0x00000000ea000000, 0x00000000ea000000| Untracked 
| 105|0x00000000eb000000, 0x00000000eb000000, 0x00000000ec000000|  0%| F|  |TAMS 0x00000000eb000000, 0x00000000eb000000| Untracked 
| 106|0x00000000ec000000, 0x00000000ec000000, 0x00000000ed000000|  0%| F|  |TAMS 0x00000000ec000000, 0x00000000ec000000| Untracked 
| 107|0x00000000ed000000, 0x00000000ed000000, 0x00000000ee000000|  0%| F|  |TAMS 0x00000000ed000000, 0x00000000ed000000| Untracked 
| 108|0x00000000ee000000, 0x00000000ee000000, 0x00000000ef000000|  0%| F|  |TAMS 0x00000000ee000000, 0x00000000ee000000| Untracked 
| 109|0x00000000ef000000, 0x00000000ef000000, 0x00000000f0000000|  0%| F|  |TAMS 0x00000000ef000000, 0x00000000ef000000| Untracked 
| 110|0x00000000f0000000, 0x00000000f0000000, 0x00000000f1000000|  0%| F|  |TAMS 0x00000000f0000000, 0x00000000f0000000| Untracked 
| 111|0x00000000f1000000, 0x00000000f1000000, 0x00000000f2000000|  0%| F|  |TAMS 0x00000000f1000000, 0x00000000f1000000| Untracked 
| 112|0x00000000f2000000, 0x00000000f2000000, 0x00000000f3000000|  0%| F|  |TAMS 0x00000000f2000000, 0x00000000f2000000| Untracked 
| 113|0x00000000f3000000, 0x00000000f3000000, 0x00000000f4000000|  0%| F|  |TAMS 0x00000000f3000000, 0x00000000f3000000| Untracked 
| 114|0x00000000f4000000, 0x00000000f4000000, 0x00000000f5000000|  0%| F|  |TAMS 0x00000000f4000000, 0x00000000f4000000| Untracked 
| 115|0x00000000f5000000, 0x00000000f5000000, 0x00000000f6000000|  0%| F|  |TAMS 0x00000000f5000000, 0x00000000f5000000| Untracked 
| 116|0x00000000f6000000, 0x00000000f6000000, 0x00000000f7000000|  0%| F|  |TAMS 0x00000000f6000000, 0x00000000f6000000| Untracked 
| 117|0x00000000f7000000, 0x00000000f7000000, 0x00000000f8000000|  0%| F|  |TAMS 0x00000000f7000000, 0x00000000f7000000| Untracked 
| 118|0x00000000f8000000, 0x00000000f8000000, 0x00000000f9000000|  0%| F|  |TAMS 0x00000000f8000000, 0x00000000f8000000| Untracked 
| 119|0x00000000f9000000, 0x00000000f9000000, 0x00000000fa000000|  0%| F|  |TAMS 0x00000000f9000000, 0x00000000f9000000| Untracked 
| 120|0x00000000fa000000, 0x00000000fa000000, 0x00000000fb000000|  0%| F|  |TAMS 0x00000000fa000000, 0x00000000fa000000| Untracked 
| 121|0x00000000fb000000, 0x00000000fb000000, 0x00000000fc000000|  0%| F|  |TAMS 0x00000000fb000000, 0x00000000fb000000| Untracked 
| 122|0x00000000fc000000, 0x00000000fd000000, 0x00000000fd000000|100%| E|  |TAMS 0x00000000fc000000, 0x00000000fc000000| Complete 
| 123|0x00000000fd000000, 0x00000000fe000000, 0x00000000fe000000|100%| E|CS|TAMS 0x00000000fd000000, 0x00000000fd000000| Complete 
| 124|0x00000000fe000000, 0x00000000ff000000, 0x00000000ff000000|100%| E|CS|TAMS 0x00000000fe000000, 0x00000000fe000000| Complete 
| 125|0x00000000ff000000, 0x0000000100000000, 0x0000000100000000|100%| E|CS|TAMS 0x00000000ff000000, 0x00000000ff000000| Complete 
| 126|0x0000000100000000, 0x0000000101000000, 0x0000000101000000|100%| E|CS|TAMS 0x0000000100000000, 0x0000000100000000| Complete 
| 127|0x0000000101000000, 0x0000000102000000, 0x0000000102000000|100%| E|CS|TAMS 0x0000000101000000, 0x0000000101000000| Complete 
|1916|0x00000007fe000000, 0x00000007fef75000, 0x00000007ff000000| 96%|OA|  |TAMS 0x00000007fe000000, 0x00000007fe000000| Untracked 
|1917|0x00000007ff000000, 0x00000007ff078000, 0x0000000800000000|  2%|CA|  |TAMS 0x00000007ff000000, 0x00000007ff000000| Untracked 

Card table byte_map: [0x00007fb046195000,0x00007fb049d85000] _byte_map_base: 0x00007fb045d85000

Marking Bits (Prev, Next): (CMBitMap*) 0x000055f5a18cc170, (CMBitMap*) 0x000055f5a18cc1b0
 Prev Bits: [0x00007fb024625000, 0x00007fb0425a5000)
 Next Bits: [0x00007fb0066a5000, 0x00007fb024625000)

Polling page: 0x00007fb1cd7f3000

Metaspace:

Usage:
  Non-class:     16.04 MB used.
      Class:      2.12 MB used.
       Both:     18.16 MB used.

Virtual space:
  Non-class space:       64.00 MB reserved,      16.12 MB ( 25%) committed,  1 nodes.
      Class space:        1.00 GB reserved,       2.19 MB ( <1%) committed,  1 nodes.
             Both:        1.06 GB reserved,      18.31 MB (  2%) committed. 

Chunk freelists:
   Non-Class:  15.27 MB
       Class:  13.82 MB
        Both:  29.08 MB

MaxMetaspaceSize: unlimited
CompressedClassSpaceSize: 1.00 GB
Initial GC threshold: 21.00 MB
Current GC threshold: 21.00 MB
CDS: on
MetaspaceReclaimPolicy: balanced
 - commit_granule_bytes: 65536.
 - commit_granule_words: 8192.
 - virtual_space_node_default_size: 8388608.
 - enlarge_chunks_in_place: 1.
 - new_chunks_are_fully_committed: 0.
 - uncommit_free_chunks: 1.
 - use_allocation_guard: 0.
 - handle_deallocations: 1.


Internal statistics:

num_allocs_failed_limit: 0.
num_arena_births: 200.
num_arena_deaths: 0.
num_vsnodes_births: 2.
num_vsnodes_deaths: 0.
num_space_committed: 293.
num_space_uncommitted: 0.
num_chunks_returned_to_freelist: 0.
num_chunks_taken_from_freelist: 715.
num_chunk_merges: 0.
num_chunk_splits: 513.
num_chunks_enlarged: 406.
num_inconsistent_stats: 0.

CodeHeap 'non-profiled nmethods': size=119168Kb used=1935Kb max_used=1935Kb free=117232Kb
 bounds [0x00007fb0556e7000, 0x00007fb055957000, 0x00007fb05cb47000]
CodeHeap 'profiled nmethods': size=119164Kb used=4114Kb max_used=4114Kb free=115049Kb
 bounds [0x00007fb04db47000, 0x00007fb04df57000, 0x00007fb054fa6000]
CodeHeap 'non-nmethods': size=7428Kb used=1233Kb max_used=3032Kb free=6194Kb
 bounds [0x00007fb054fa6000, 0x00007fb0552b6000, 0x00007fb0556e7000]
 total_blobs=3044 nmethods=2514 adapters=443
 compilation: enabled
              stopped_count=0, restarted_count=0
 full_count=0

Compilation events (20 events):
Event: 1215.424 Thread 0x00007faf64039b30 nmethod 2461 0x00007fb0558b0390 code [0x00007fb0558b0660, 0x00007fb0558b18d0]
Event: 1215.425 Thread 0x00007faf8402e500 nmethod 2446 0x00007fb0558b2a10 code [0x00007fb0558b2c40, 0x00007fb0558b3e38]
Event: 1215.426 Thread 0x00007faf640d3dd0 nmethod 2447 0x00007fb0558b4b10 code [0x00007fb0558b4d40, 0x00007fb0558b6958]
Event: 1215.439 Thread 0x000055f5a2a5d440 nmethod 2457 0x00007fb0558b6f10 code [0x00007fb0558b7140, 0x00007fb0558b90a8]
Event: 1215.455 Thread 0x00007fa91c00aa10 nmethod 2424 0x00007fb0558b9b90 code [0x00007fb0558b9fc0, 0x00007fb0558bdde0]
Event: 1215.530 Thread 0x00007faf84117770 nmethod 2481 0x00007fb0558c0a10 code [0x00007fb0558c0e00, 0x00007fb0558c67f0]
Event: 1215.601 Thread 0x00007fa9340040d0 

Event: 3717.380 Thread 0x000055f5a2a5e7f0 2509       1       java.util.concurrent.locks.AbstractQueuedSynchronizer::setState (6 bytes)
Event: 3717.381 Thread 0x000055f5a2a5e7f0 nmethod 2509 0x00007fb0558c9d90 code [0x00007fb0558c9f20, 0x00007fb0558c9ff0]
Event: 3717.381 Thread 0x000055f5a2a5e7f0 2510       1       java.util.Formatter$Flags::valueOf (5 bytes)
Event: 3717.381 Thread 0x000055f5a2a5e7f0 nmethod 2510 0x00007fb0558ca090 code [0x00007fb0558ca220, 0x00007fb0558ca2f0]
Event: 3717.381 Thread 0x000055f5a2a5e7f0 2511       1       java.util.concurrent.locks.AbstractOwnableSynchronizer::getExclusiveOwnerThread (5 bytes)
Event: 3717.381 Thread 0x000055f5a2a5e7f0 nmethod 2511 0x00007fb0558ca390 code [0x00007fb0558ca520, 0x00007fb0558ca5f0]
Event: 3717.381 Thread 0x000055f5a2a5e7f0 2512       1       javax.management.ObjectName$Property::setKeyIndex (6 bytes)
Event: 3717.381 Thread 0x000055f5a2a5e7f0 nmethod 2512 0x00007fb0558ca690 code [0x00007fb0558ca820, 0x00007fb0558ca8f0]
Event: 3717.381 Thread 0x000055f5a2a5e7f0 2513       3       javax.management.ObjectName::getDomainLength (9 bytes)
Event: 3717.381 Thread 0x000055f5a2a5e7f0 nmethod 2513 0x00007fb04df4b210 code [0x00007fb04df4b3a0, 0x00007fb04df4b4b0]
Event: 3717.381 Thread 0x000055f5a2a5e7f0 2514   !   3       java.lang.invoke.MethodHandleNatives::linkMethodHandleConstant (50 bytes)
Event: 3717.382 Thread 0x000055f5a2a5e7f0 nmethod 2514 0x00007fb04df4b510 code [0x00007fb04df4b6e0, 0x00007fb04df4b8c0]
Event: 3717.382 Thread 0x000055f5a2a5e7f0 2515       3       java.lang.invoke.MethodHandles$Lookup::linkMethodHandleConstant (223 bytes)

GC Heap History (0 events):
No events

Dll operation events (8 events):
Event: 0.006 Loaded shared library /usr/lib/jvm/java-17-openjdk-amd64/lib/libjava.so
Event: 0.019 Loaded shared library /usr/lib/jvm/java-17-openjdk-amd64/lib/libjsvml.so
Event: 0.077 Loaded shared library /usr/lib/jvm/java-17-openjdk-amd64/lib/libnio.so
Event: 0.091 Loaded shared library /usr/lib/jvm/java-17-openjdk-amd64/lib/libzip.so
Event: 0.185 Loaded shared library /usr/lib/jvm/java-17-openjdk-amd64/lib/libjimage.so
Event: 0.218 Loaded shared library /usr/lib/jvm/java-17-openjdk-amd64/lib/libmanagement.so
Event: 0.220 Loaded shared library /usr/lib/jvm/java-17-openjdk-amd64/lib/libmanagement_ext.so
Event: 0.383 Loaded shared library /usr/lib/jvm/java-17-openjdk-amd64/lib/libnet.so

Deoptimization events (20 events):
Event: 1215.389 Thread 0x000055f5a0839730 Uncommon trap: trap_request=0xffffffde fr.pc=0x00007fb055833978 relative=0x0000000000000ab8
Event: 1215.389 Thread 0x000055f5a0839730 Uncommon trap: reason=class_check action=maybe_recompile pc=0x00007fb055833978 method=org.apache.lucene.codecs.lucene90.Lucene90SkipReader.readSkipData(ILorg/apache/lucene/store/IndexInput;)I @ 88 c2
Event: 1215.389 Thread 0x000055f5a0839730 DEOPT PACKING pc=0x00007fb055833978 sp=0x00007ffc8cc16f90
Event: 1215.389 Thread 0x000055f5a0839730 DEOPT UNPACKING pc=0x00007fb054fffb19 sp=0x00007ffc8cc16f88 mode 2
Event: 1215.389 Thread 0x000055f5a0839730 Uncommon trap: trap_request=0xffffffde fr.pc=0x00007fb055833978 relative=0x0000000000000ab8
Event: 1215.389 Thread 0x000055f5a0839730 Uncommon trap: reason=class_check action=maybe_recompile pc=0x00007fb055833978 method=org.apache.lucene.codecs.lucene90.Lucene90SkipReader.readSkipData(ILorg/apache/lucene/store/IndexInput;)I @ 88 c2
Event: 1215.389 Thread 0x000055f5a0839730 DEOPT PACKING pc=0x00007fb055833978 sp=0x00007ffc8cc16f90
Event: 1215.389 Thread 0x000055f5a0839730 DEOPT UNPACKING pc=0x00007fb054fffb19 sp=0x00007ffc8cc16f88 mode 2
Event: 1215.389 Thread 0x000055f5a0839730 Uncommon trap: trap_request=0xffffffde fr.pc=0x00007fb055833978 relative=0x0000000000000ab8
Event: 1215.389 Thread 0x000055f5a0839730 Uncommon trap: reason=class_check action=maybe_recompile pc=0x00007fb055833978 method=org.apache.lucene.codecs.lucene90.Lucene90SkipReader.readSkipData(ILorg/apache/lucene/store/IndexInput;)I @ 88 c2
Event: 1215.389 Thread 0x000055f5a0839730 DEOPT PACKING pc=0x00007fb055833978 sp=0x00007ffc8cc16f90
Event: 1215.389 Thread 0x000055f5a0839730 DEOPT UNPACKING pc=0x00007fb054fffb19 sp=0x00007ffc8cc16f88 mode 2
Event: 1215.389 Thread 0x000055f5a0839730 Uncommon trap: trap_request=0xffffff66 fr.pc=0x00007fb05581412c relative=0x000000000000144c
Event: 1215.389 Thread 0x000055f5a0839730 Uncommon trap: reason=speculate_class_check action=maybe_recompile pc=0x00007fb05581412c method=org.apache.lucene.codecs.lucene90.Lucene90SkipReader.readSkipData(ILorg/apache/lucene/store/IndexInput;)I @ 88 c2
Event: 1215.389 Thread 0x000055f5a0839730 DEOPT PACKING pc=0x00007fb05581412c sp=0x00007ffc8cc17070
Event: 1215.389 Thread 0x000055f5a0839730 DEOPT UNPACKING pc=0x00007fb054fffb19 sp=0x00007ffc8cc16f90 mode 2
Event: 1215.396 Thread 0x000055f5a0839730 Uncommon trap: trap_request=0xffffff45 fr.pc=0x00007fb055868f84 relative=0x00000000000000e4
Event: 1215.396 Thread 0x000055f5a0839730 Uncommon trap: reason=unstable_if action=reinterpret pc=0x00007fb055868f84 method=org.apache.lucene.util.ArrayUtil.oversize(II)I @ 91 c2
Event: 1215.396 Thread 0x000055f5a0839730 DEOPT PACKING pc=0x00007fb055868f84 sp=0x00007ffc8cc16f10
Event: 1215.396 Thread 0x000055f5a0839730 DEOPT UNPACKING pc=0x00007fb054fffb19 sp=0x00007ffc8cc16ec0 mode 2

Classes loaded (20 events):
Event: 1214.670 Loading class java/util/stream/ForEachOps$ForEachOp$OfLong
Event: 1214.670 Loading class java/util/stream/ForEachOps$ForEachOp$OfLong done
Event: 1214.671 Loading class java/util/stream/ReduceOps$10
Event: 1214.671 Loading class java/util/stream/ReduceOps$10 done
Event: 1214.671 Loading class java/util/stream/ReduceOps$8ReducingSink
Event: 1214.671 Loading class java/util/stream/ReduceOps$8ReducingSink done
Event: 1214.674 Loading class java/nio/DirectLongBufferRU
Event: 1214.674 Loading class java/nio/DirectLongBufferRU done
Event: 1214.675 Loading class java/util/AbstractList$RandomAccessSubList
Event: 1214.675 Loading class java/util/AbstractList$SubList
Event: 1214.675 Loading class java/util/AbstractList$SubList done
Event: 1214.675 Loading class java/util/AbstractList$RandomAccessSubList done
Event: 1214.675 Loading class java/util/AbstractList$SubList$1
Event: 1214.675 Loading class java/util/AbstractList$SubList$1 done
Event: 1214.675 Loading class java/util/AbstractList$ListItr
Event: 1214.675 Loading class java/util/AbstractList$Itr
Event: 1214.675 Loading class java/util/AbstractList$Itr done
Event: 1214.675 Loading class java/util/AbstractList$ListItr done
Event: 3717.379 Loading class jdk/internal/misc/Signal$1
Event: 3717.379 Loading class jdk/internal/misc/Signal$1 done

Classes unloaded (0 events):
No events

Classes redefined (0 events):
No events

Internal exceptions (20 events):
Event: 0.442 Thread 0x000055f5a0839730 Exception <a 'java/lang/NoSuchMethodError'{0x0000000100cf6f68}: 'int java.lang.invoke.DirectMethodHandle$Holder.invokeInterface(java.lang.Object, java.lang.Object)'> (0x0000000100cf6f68) 
thrown [./src/hotspot/share/interpreter/linkResolver.cpp, line 758]
Event: 0.442 Thread 0x000055f5a0839730 Exception <a 'java/lang/IncompatibleClassChangeError'{0x0000000100cfa450}: Found class java.lang.Object, but interface was expected> (0x0000000100cfa450) 
thrown [./src/hotspot/share/interpreter/linkResolver.cpp, line 826]
Event: 0.443 Thread 0x000055f5a0839730 Exception <a 'java/lang/NoSuchMethodError'{0x0000000100cffe88}: 'void java.lang.invoke.DirectMethodHandle$Holder.invokeStatic(java.lang.Object, java.lang.Object)'> (0x0000000100cffe88) 
thrown [./src/hotspot/share/interpreter/linkResolver.cpp, line 758]
Event: 0.801 Thread 0x000055f5a0839730 Exception <a 'java/lang/NoSuchMethodError'{0x00000000ffef4268}: 'void java.lang.invoke.DirectMethodHandle$Holder.invokeSpecial(java.lang.Object, java.lang.Object, java.lang.Object)'> (0x00000000ffef4268) 
thrown [./src/hotspot/share/interpreter/linkResolver.cpp, line 758]
Event: 0.811 Thread 0x000055f5a0839730 Exception <a 'java/lang/NoSuchMethodError'{0x00000000fffa8520}: 'java.lang.Object java.lang.invoke.Invokers$Holder.invoke_MT(java.lang.Object, java.lang.Object, java.lang.Object)'> (0x00000000fffa8520) 
thrown [./src/hotspot/share/interpreter/linkResolver.cpp, line 758]
Event: 0.832 Thread 0x000055f5a0839730 Exception <a 'java/lang/NoSuchMethodError'{0x00000000fe1c7f90}: 'void java.lang.invoke.DirectMethodHandle$Holder.invokeInterface(java.lang.Object, java.lang.Object, int)'> (0x00000000fe1c7f90) 
thrown [./src/hotspot/share/interpreter/linkResolver.cpp, line 758]
Event: 0.832 Thread 0x000055f5a0839730 Exception <a 'java/lang/IncompatibleClassChangeError'{0x00000000fe1cb888}: Found class java.lang.Object, but interface was expected> (0x00000000fe1cb888) 
thrown [./src/hotspot/share/interpreter/linkResolver.cpp, line 826]
Event: 0.851 Thread 0x000055f5a0839730 Exception <a 'java/lang/NoSuchMethodError'{0x00000000fe3de958}: 'void java.lang.invoke.Invokers$Holder.invokeExact_MT(java.lang.Object, java.lang.Object, java.lang.Object)'> (0x00000000fe3de958) 
thrown [./src/hotspot/share/interpreter/linkResolver.cpp, line 758]
Event: 0.862 Thread 0x000055f5a0839730 Exception <a 'java/lang/NoSuchMethodError'{0x00000000fe4757f0}: 'long java.lang.invoke.DirectMethodHandle$Holder.invokeStatic(java.lang.Object)'> (0x00000000fe4757f0) 
thrown [./src/hotspot/share/interpreter/linkResolver.cpp, line 758]
Event: 0.862 Thread 0x000055f5a0839730 Exception <a 'java/lang/NoSuchMethodError'{0x00000000fe478bf0}: 'long java.lang.invoke.DirectMethodHandle$Holder.invokeStaticInit(java.lang.Object)'> (0x00000000fe478bf0) 
thrown [./src/hotspot/share/interpreter/linkResolver.cpp, line 758]
Event: 0.865 Thread 0x000055f5a0839730 Exception <a 'java/lang/NoSuchMethodError'{0x00000000fe4a3968}: 'java.lang.Object java.lang.invoke.DirectMethodHandle$Holder.invokeStatic(java.lang.Object, java.lang.Object, int)'> (0x00000000fe4a3968) 
thrown [./src/hotspot/share/interpreter/linkResolver.cpp, line 758]
Event: 0.866 Thread 0x000055f5a0839730 Exception <a 'java/lang/NoSuchMethodError'{0x00000000fe4af620}: 'void java.lang.invoke.DelegatingMethodHandle$Holder.delegate(java.lang.Object, java.lang.Object, int, java.lang.Object)'> (0x00000000fe4af620) 
thrown [./src/hotspot/share/interpreter/linkResolver.cpp, line 758]
Event: 0.868 Thread 0x000055f5a0839730 Exception <a 'java/lang/NoSuchMethodError'{0x00000000fe4d2e98}: 'void java.lang.invoke.DirectMethodHandle$Holder.invokeStaticInit(java.lang.Object, java.lang.Object)'> (0x00000000fe4d2e98) 
thrown [./src/hotspot/share/interpreter/linkResolver.cpp, line 758]
Event: 1214.605 Thread 0x000055f5a0839730 Exception <a 'java/lang/NoSuchMethodError'{0x00000000feb2ee98}: 'long java.lang.invoke.DirectMethodHandle$Holder.invokeStatic(java.lang.Object, java.lang.Object)'> (0x00000000feb2ee98) 
thrown [./src/hotspot/share/interpreter/linkResolver.cpp, line 758]
Event: 1214.623 Thread 0x000055f5a0839730 Exception <a 'java/lang/NoSuchMethodError'{0x00000000febc8468}: 'int java.lang.invoke.DirectMethodHandle$Holder.invokeStaticInit(java.lang.Object, java.lang.Object)'> (0x00000000febc8468) 
thrown [./src/hotspot/share/interpreter/linkResolver.cpp, line 758]
Event: 1214.624 Thread 0x000055f5a0839730 Exception <a 'java/lang/NoSuchMethodError'{0x00000000febd7a58}: 'int java.lang.invoke.DirectMethodHandle$Holder.invokeSpecialIFC(java.lang.Object, java.lang.Object, java.lang.Object, java.lang.Object, java.lang.Object)'> (0x00000000febd7a58) 
thrown [./src/hotspot/share/interpreter/linkResolver.cpp, line 758]
Event: 1214.667 Thread 0x000055f5a0839730 Exception <a 'java/lang/NoSuchMethodError'{0x00000000fd6a3570}: 'long java.lang.invoke.DirectMethodHandle$Holder.invokeVirtual(java.lang.Object, java.lang.Object)'> (0x00000000fd6a3570) 
thrown [./src/hotspot/share/interpreter/linkResolver.cpp, line 758]
Event: 1214.670 Thread 0x000055f5a0839730 Exception <a 'java/lang/NoSuchMethodError'{0x00000000fd6b2468}: 'java.lang.Object java.lang.invoke.DirectMethodHandle$Holder.invokeVirtual(java.lang.Object, java.lang.Object, java.lang.Object)'> (0x00000000fd6b2468) 
thrown [./src/hotspot/share/interpreter/linkResolver.cpp, line 758]
Event: 1214.941 Thread 0x000055f5a0839730 Implicit null exception at 0x00007fb0557e3bef to 0x00007fb0557e3c50
Event: 1214.941 Thread 0x000055f5a0839730 Implicit null exception at 0x00007fb0557c6480 to 0x00007fb0557c6b30

VM Operations (20 events):
Event: 0.665 Executing VM operation: HandshakeAllThreads done
Event: 0.813 Executing VM operation: HandshakeAllThreads
Event: 0.813 Executing VM operation: HandshakeAllThreads done
Event: 0.883 Executing VM operation: HandshakeAllThreads
Event: 0.883 Executing VM operation: HandshakeAllThreads done
Event: 1.883 Executing VM operation: Cleanup
Event: 1.884 Executing VM operation: Cleanup done
Event: 60.055 Executing VM operation: HandshakeAllThreads
Event: 60.055 Executing VM operation: HandshakeAllThreads done
Event: 1214.942 Executing VM operation: ICBufferFull
Event: 1214.942 Executing VM operation: ICBufferFull done
Event: 1215.388 Executing VM operation: HandshakeAllThreads
Event: 1215.389 Executing VM operation: HandshakeAllThreads done
Event: 1215.419 Executing VM operation: HandshakeAllThreads
Event: 1215.419 Executing VM operation: HandshakeAllThreads done
Event: 1215.424 Executing VM operation: ICBufferFull
Event: 1215.424 Executing VM operation: ICBufferFull done
Event: 1216.424 Executing VM operation: Cleanup
Event: 1216.424 Executing VM operation: Cleanup done
Event: 3717.383 Executing VM operation: Exit

Memory protections (20 events):
Event: 0.076 Protecting memory [0x00007fafaa32d000,0x00007fafaa331000] with protection modes 0
Event: 0.081 Protecting memory [0x00007fafaa22d000,0x00007fafaa231000] with protection modes 0
Event: 0.081 Protecting memory [0x00007fafaa12d000,0x00007fafaa131000] with protection modes 0
Event: 0.089 Protecting memory [0x00007fafaa02d000,0x00007fafaa031000] with protection modes 0
Event: 0.173 Protecting memory [0x00007fafa9e2d000,0x00007fafa9e31000] with protection modes 0
Event: 0.318 Protecting memory [0x00007fafa9d2d000,0x00007fafa9d31000] with protection modes 0
Event: 0.336 Protecting memory [0x00007fafa9c2d000,0x00007fafa9c31000] with protection modes 0
Event: 1214.611 Protecting memory [0x00007faacfd5e000,0x00007faacfd62000] with protection modes 0
Event: 1214.635 Protecting memory [0x00007faa8e417000,0x00007faa8e41b000] with protection modes 0
Event: 1214.644 Protecting memory [0x00007fa9743bd000,0x00007fa9743c1000] with protection modes 0
Event: 1214.654 Protecting memory [0x00007fa9742bd000,0x00007fa9742c1000] with protection modes 0
Event: 1214.657 Protecting memory [0x00007fa9741bd000,0x00007fa9741c1000] with protection modes 0
Event: 1214.689 Protecting memory [0x00007fa9740bd000,0x00007fa9740c1000] with protection modes 0
Event: 1214.690 Protecting memory [0x00007fa966f5c000,0x00007fa966f60000] with protection modes 0
Event: 1214.691 Protecting memory [0x00007fa966e5c000,0x00007fa966e60000] with protection modes 0
Event: 1214.692 Protecting memory [0x00007fa966d5c000,0x00007fa966d60000] with protection modes 0
Event: 1214.696 Protecting memory [0x00007fa966c5c000,0x00007fa966c60000] with protection modes 0
Event: 3717.379 Protecting memory [0x00007fa9741bd000,0x00007fa9741c1000] with protection modes 0
Event: 3717.379 Protecting memory [0x00007fa9740bd000,0x00007fa9740c1000] with protection modes 0
Event: 3717.379 Protecting memory [0x00007fa966f5c000,0x00007fa966f60000] with protection modes 0

Nmethod flushes (0 events):
No events

Events (20 events):
Event: 1214.690 Thread 0x00007fa89c005810 Thread added: 0x00007fa91c00aa10
Event: 1214.691 Thread 0x00007faf840c3f90 Thread added: 0x00007faf64039b30
Event: 1214.692 Thread 0x00007faf64039b30 Thread added: 0x00007fa9340040d0
Event: 1214.696 Thread 0x00007faf840c3f90 Thread added: 0x00007faf640d3dd0
Event: 1220.403 Thread 0x00007fa89c002ec0 Thread exited: 0x00007fa89c002ec0
Event: 1220.405 Thread 0x00007faf840c76a0 Thread exited: 0x00007faf840c76a0
Event: 1220.426 Thread 0x00007faf640d3dd0 Thread exited: 0x00007faf640d3dd0
Event: 1220.601 Thread 0x00007fa9340040d0 Thread exited: 0x00007fa9340040d0
Event: 1225.403 Thread 0x00007faf840c3f90 Thread exited: 0x00007faf840c3f90
Event: 1225.425 Thread 0x00007faf64039b30 Thread exited: 0x00007faf64039b30
Event: 1225.455 Thread 0x00007fa91c00aa10 Thread exited: 0x00007fa91c00aa10
Event: 1225.530 Thread 0x00007faf84117770 Thread exited: 0x00007faf84117770
Event: 1230.421 Thread 0x00007fa89c005810 Thread exited: 0x00007fa89c005810
Event: 1230.425 Thread 0x00007faf8402e500 Thread exited: 0x00007faf8402e500
Event: 3717.379 Thread 0x000055f5a2a5ab00 Thread added: 0x00007faf940011d0
Event: 3717.379 Thread 0x00007faf940011d0 Thread added: 0x00007fa914002650
Event: 3717.379 Thread 0x00007faf940011d0 Thread added: 0x00007fa91409d260
Event: 3717.380 Thread 0x00007fa914002650 Thread exited: 0x00007fa914002650
Event: 3717.382 Thread 0x00007fa91409d260 Thread exited: 0x00007fa91409d260
Event: 3717.382 Thread 0x00007faf940011d0 Before exit entered


Dynamic libraries:
82000000-102000000 rw-p 00000000 00:00 0 
102000000-7fe000000 ---p 00000000 00:00 0 
7fe000000-7fef00000 rw-p 00000000 00:00 0 
7fef00000-7fef75000 rw-p 00c7a000 00:62 10553192                         /usr/lib/jvm/java-17-openjdk-amd64/lib/server/classes.jsa
7fef75000-7ff000000 rw-p 00000000 00:00 0 
7ff000000-7ff078000 rw-p 00c02000 00:62 10553192                         /usr/lib/jvm/java-17-openjdk-amd64/lib/server/classes.jsa
7ff078000-800000000 rw-p 00000000 00:00 0 
55f58d531000-55f58d59e000 r--p 00000000 00:62 9914583                    /usr/bin/python3.10
55f58d59e000-55f58d853000 r-xp 0006d000 00:62 9914583                    /usr/bin/python3.10
55f58d853000-55f58da95000 r--p 00322000 00:62 9914583                    /usr/bin/python3.10
55f58da95000-55f58da9c000 r--p 00563000 00:62 9914583                    /usr/bin/python3.10
55f58da9c000-55f58dadb000 rw-p 0056a000 00:62 9914583                    /usr/bin/python3.10
55f58dadb000-55f58db21000 rw-p 00000000 00:00 0 
55f59846f000-55fc5cbff000 rw-p 00000000 00:00 0                          [heap]
7f84454fc000-7f856d519000 rw-p 00000000 00:62 10555392                   /home/ubuntu/.cache/huggingface/hub/models--meta-llama--Meta-Llama-3-70B-Instruct/blobs/8a50b4f7aa4c1587000bb39499e183345fb0c841daa1dba71f30b3d300438308
7f856d519000-7f8697532000 rw-p 00000000 00:62 10555389                   /home/ubuntu/.cache/huggingface/hub/models--meta-llama--Meta-Llama-3-70B-Instruct/blobs/c8bfb9aa606df974943e1c88353fbef1b77283adc01753bc11922cd60043d789
7f87c154b000-7f88d7564000 rw-p 00000000 00:62 10555386                   /home/ubuntu/.cache/huggingface/hub/models--meta-llama--Meta-Llama-3-70B-Instruct/blobs/b959b85d58036fb857a018506638c4a9bd53a3ee2087a9569cb5ba2034b6b836
7f88d7564000-7f89ed57d000 rw-p 00000000 00:62 10555383                   /home/ubuntu/.cache/huggingface/hub/models--meta-llama--Meta-Llama-3-70B-Instruct/blobs/15b71543deddf56ba1294a2755a31fe9eae07c3441a726e23b151992f6c8f9ea
7f89ed57d000-7f8b15596000 rw-p 00000000 00:62 10555377                   /home/ubuntu/.cache/huggingface/hub/models--meta-llama--Meta-Llama-3-70B-Instruct/blobs/24fef0fc4f5bf114e8857a458e4208e6d5aac3012e8b944a091db603c7cfd6fe
7f8b15596000-7f8c3f5af000 rw-p 00000000 00:62 10555374                   /home/ubuntu/.cache/huggingface/hub/models--meta-llama--Meta-Llama-3-70B-Instruct/blobs/3eaff18c4b8acd5ade719459589000d779bf187cf618be39af8f5ff3dcf5ac4e
7f8c535b7000-7f8d695c8000 rw-p 00000000 00:62 10555380                   /home/ubuntu/.cache/huggingface/hub/models--meta-llama--Meta-Llama-3-70B-Instruct/blobs/08342128034e6447f8618a25396e01da3cd6c96d862fb5652192eb2a79cb1fe8
7f8d695c8000-7f8e7f5e1000 rw-p 00000000 00:62 10555371                   /home/ubuntu/.cache/huggingface/hub/models--meta-llama--Meta-Llama-3-70B-Instruct/blobs/d74498dd8ced33fbe71de2862e304c810e0eb8586cefa0e78be4e83bf4f3a6b2
7f8e7f5e1000-7f8f955fa000 rw-p 00000000 00:62 10554906                   /home/ubuntu/.cache/huggingface/hub/models--meta-llama--Meta-Llama-3-70B-Instruct/blobs/822375943b336e81ee6f2ffb772dce5eb3ff80b409c970cacd322fd7592fdafb
7f8f955fa000-7f90bd613000 rw-p 00000000 00:62 10554873                   /home/ubuntu/.cache/huggingface/hub/models--meta-llama--Meta-Llama-3-70B-Instruct/blobs/f4437edf1bb25215f07b35e41ff3a4acf246880da48becc7036ffab5b1f156d3
7f90bd613000-7f91e762c000 rw-p 00000000 00:62 10554866                   /home/ubuntu/.cache/huggingface/hub/models--meta-llama--Meta-Llama-3-70B-Instruct/blobs/a36439c17e7803558e304d5b0377fa8119d5ba3499cde26464441a496036bf94
7f91fb634000-7f9311645000 rw-p 00000000 00:62 10554894                   /home/ubuntu/.cache/huggingface/hub/models--meta-llama--Meta-Llama-3-70B-Instruct/blobs/0f633fb349e375f6efcd8090002d8434d2c32de9a26a5a4a4642b0ca6b0dc4b1
7f9311645000-7f942765e000 rw-p 00000000 00:62 10554844                   /home/ubuntu/.cache/huggingface/hub/models--meta-llama--Meta-Llama-3-70B-Instruct/blobs/5deba82b84fa8845ecc33e2a830edcdd7c120842abf8a1c7fa9e682f62021965
7f942765e000-7f953d677000 rw-p 00000000 00:62 10554839                   /home/ubuntu/.cache/huggingface/hub/models--meta-llama--Meta-Llama-3-70B-Instruct/blobs/5f022fc253cf160e50fe90430d8aed958504d1fd88e10130e3f7db15ffb17706
7f953d677000-7f9665690000 rw-p 00000000 00:62 10554830                   /home/ubuntu/.cache/huggingface/hub/models--meta-llama--Meta-Llama-3-70B-Instruct/blobs/e3e639549b468068b4b56c10fbb5dcdb9055b00eb091c465a94ed5bc1bcdd06b
7f9665690000-7f978f6a9000 rw-p 00000000 00:62 10554826                   /home/ubuntu/.cache/huggingface/hub/models--meta-llama--Meta-Llama-3-70B-Instruct/blobs/dd6b0bee0dc1c9922ac29d306a007d5c00e8c62d47048e2170cbc541df9365b8
7f97a36b1000-7f98b96c2000 rw-p 00000000 00:62 10554835                   /home/ubuntu/.cache/huggingface/hub/models--meta-llama--Meta-Llama-3-70B-Instruct/blobs/c684b3f14c83ed9b47d898f9991cef0a794e443e0fa65997f8ce98b6122494d0
7f98b96c2000-7f99cf6db000 rw-p 00000000 00:62 10554821                   /home/ubuntu/.cache/huggingface/hub/models--meta-llama--Meta-Llama-3-70B-Instruct/blobs/4fc6b8d0aa5e4fa0cff84808b61aa5706b892751235387da15e2f7a06ea40255
7f99cf6db000-7f9ae56f4000 rw-p 00000000 00:62 10554817                   /home/ubuntu/.cache/huggingface/hub/models--meta-llama--Meta-Llama-3-70B-Instruct/blobs/5069c458a2b718892081b523a0d62707c94686a791d040efd7996238c53546fd
7f9ae56f4000-7f9c0d70d000 rw-p 00000000 00:62 10554808                   /home/ubuntu/.cache/huggingface/hub/models--meta-llama--Meta-Llama-3-70B-Instruct/blobs/6ef19fe6878f83bbdfaf3b8351b7c0d240dff752166a769e1b5faba86053f47f
7f9c0d70d000-7f9d37726000 rw-p 00000000 00:62 10554803                   /home/ubuntu/.cache/huggingface/hub/models--meta-llama--Meta-Llama-3-70B-Instruct/blobs/656a97ed74f1e2d8eb8d6a4cb366b496a18f4068d78ff03f39174e4f78d8299f
7f9d4b72e000-7f9e6173f000 rw-p 00000000 00:62 10554812                   /home/ubuntu/.cache/huggingface/hub/models--meta-llama--Meta-Llama-3-70B-Instruct/blobs/3f5c862d68cac42c83d7c1d882335193ca70998d931a579134fc60391526f299
7f9e6173f000-7f9f77758000 rw-p 00000000 00:62 10554799                   /home/ubuntu/.cache/huggingface/hub/models--meta-llama--Meta-Llama-3-70B-Instruct/blobs/094ea79d1f139f1d06010aad81dea2977854f3d84525d133319e41de9639c6d0
7f9f77758000-7fa08d771000 rw-p 00000000 00:62 10554794                   /home/ubuntu/.cache/huggingface/hub/models--meta-llama--Meta-Llama-3-70B-Instruct/blobs/f90898a2f84d358934a107f06e0456f27f6d9decd1bb6550d408299f351e43b0
7fa08d771000-7fa1b578a000 rw-p 00000000 00:62 10554785                   /home/ubuntu/.cache/huggingface/hub/models--meta-llama--Meta-Llama-3-70B-Instruct/blobs/c4e301d97800c54994cf51214ce0f8625b8e786e72ee7d343af958ef7ca5210b
7fa1b578a000-7fa2df7a3000 rw-p 00000000 00:62 10554781                   /home/ubuntu/.cache/huggingface/hub/models--meta-llama--Meta-Llama-3-70B-Instruct/blobs/87d2facf25a9d2f3ce66cedf4bd68905327fbe9b1290021363eeef76968a34d4
7fa2f37ab000-7fa4097bc000 rw-p 00000000 00:62 10554790                   /home/ubuntu/.cache/huggingface/hub/models--meta-llama--Meta-Llama-3-70B-Instruct/blobs/a830098f3b27c2b3afacbfb8bc81027475c84723ab2b9b6aa64ba324e3490b8c
7fa4097bc000-7fa51f7d5000 rw-p 00000000 00:62 10554776                   /home/ubuntu/.cache/huggingface/hub/models--meta-llama--Meta-Llama-3-70B-Instruct/blobs/2a83b09b60919110ee93534e9f74cd8226303d9cb7d6aa746358dd04384e839d
7fa5f4000000-7fa5f7cd2000 rw-p 00000000 00:00 0 
7fa5f7cd2000-7fa5f8000000 ---p 00000000 00:00 0 
7fa5fc000000-7fa5ffcd2000 rw-p 00000000 00:00 0 
7fa5ffcd2000-7fa600000000 ---p 00000000 00:00 0 
7fa600000000-7fa603cd2000 rw-p 00000000 00:00 0 
7fa603cd2000-7fa604000000 ---p 00000000 00:00 0 
7fa604000000-7fa607cd2000 rw-p 00000000 00:00 0 
7fa607cd2000-7fa608000000 ---p 00000000 00:00 0 
7fa60ad35000-7fa6357ee000 rw-p 00000000 00:00 0 
7fa6357ee000-7fa746bf7000 rw-p 00000000 00:62 10554770                   /home/ubuntu/.cache/huggingface/hub/models--meta-llama--Meta-Llama-3-70B-Instruct/blobs/f4e01a87b16219a59598c72ed92e5c9603345f2aaf13f42f680774fb8a0cfeff
7fa7482a1000-7fa75d7fe000 rw-p 00000000 00:00 0 
7fa75d7fe000-7fa7dabff000 rw-p 00000000 00:62 10555395                   /home/ubuntu/.cache/huggingface/hub/models--meta-llama--Meta-Llama-3-70B-Instruct/blobs/55298e57c1dfe47357f5b367863da3ad8aa7b009249b4d7146bd4cf22f004e89
7fa7dc000000-7fa7dfcd2000 rw-p 00000000 00:00 0 
7fa7dfcd2000-7fa7e0000000 ---p 00000000 00:00 0 
7fa7e0000000-7fa7e3cd2000 rw-p 00000000 00:00 0 
7fa7e3cd2000-7fa7e4000000 ---p 00000000 00:00 0 
7fa7e4000000-7fa7e7cd2000 rw-p 00000000 00:00 0 
7fa7e7cd2000-7fa7e8000000 ---p 00000000 00:00 0 
7fa7e8000000-7fa7ebcd2000 rw-p 00000000 00:00 0 
7fa7ebcd2000-7fa7ec000000 ---p 00000000 00:00 0 
7fa7ec000000-7fa7efa38000 rw-p 00000000 00:00 0 
7fa7efa38000-7fa7f0000000 ---p 00000000 00:00 0 
7fa7f0000000-7fa7f3a38000 rw-p 00000000 00:00 0 
7fa7f3a38000-7fa7f4000000 ---p 00000000 00:00 0 
7fa7f4000000-7fa7f7a38000 rw-p 00000000 00:00 0 
7fa7f7a38000-7fa7f8000000 ---p 00000000 00:00 0 
7fa7f8000000-7fa7fba38000 rw-p 00000000 00:00 0 
7fa7fba38000-7fa7fc000000 ---p 00000000 00:00 0 
7fa7fc000000-7fa7ffa38000 rw-p 00000000 00:00 0 
7fa7ffa38000-7fa800000000 ---p 00000000 00:00 0 
7fa804000000-7fa807a38000 rw-p 00000000 00:00 0 
7fa807a38000-7fa808000000 ---p 00000000 00:00 0 
7fa808000000-7fa80ba38000 rw-p 00000000 00:00 0 
7fa80ba38000-7fa80c000000 ---p 00000000 00:00 0 
7fa80c000000-7fa80fa38000 rw-p 00000000 00:00 0 
7fa80fa38000-7fa810000000 ---p 00000000 00:00 0 
7fa814000000-7fa817cd2000 rw-p 00000000 00:00 0 
7fa817cd2000-7fa818000000 ---p 00000000 00:00 0 
7fa81a47f000-7fa83bcee000 rw-p 00000000 00:00 0 
7fa841e77000-7fa848000000 rw-p 00000000 00:00 0 
7fa848000000-7fa84b7a6000 rw-p 00000000 00:00 0 
7fa84b7a6000-7fa84c000000 ---p 00000000 00:00 0 
7fa84c000000-7fa84fa38000 rw-p 00000000 00:00 0 
7fa84fa38000-7fa850000000 ---p 00000000 00:00 0 
7fa850000000-7fa8537a6000 rw-p 00000000 00:00 0 
7fa8537a6000-7fa854000000 ---p 00000000 00:00 0 
7fa858000000-7fa85bc0d000 rw-p 00000000 00:00 0 
7fa85bc0d000-7fa85c000000 ---p 00000000 00:00 0 
7fa860000000-7fa8637a6000 rw-p 00000000 00:00 0 
7fa8637a6000-7fa864000000 ---p 00000000 00:00 0 
7fa868000000-7fa86b7a6000 rw-p 00000000 00:00 0 
7fa86b7a6000-7fa86c000000 ---p 00000000 00:00 0 
7fa870000000-7fa8732b3000 rw-p 00000000 00:00 0 
7fa8732b3000-7fa874000000 ---p 00000000 00:00 0 
7fa874000000-7fa8777a6000 rw-p 00000000 00:00 0 
7fa8777a6000-7fa878000000 ---p 00000000 00:00 0 
7fa87c000000-7fa87f7a6000 rw-p 00000000 00:00 0 
7fa87f7a6000-7fa880000000 ---p 00000000 00:00 0 
7fa884000000-7fa886dd1000 rw-p 00000000 00:00 0 
7fa886dd1000-7fa888000000 ---p 00000000 00:00 0 
7fa88c000000-7fa88d549000 rw-p 00000000 00:00 0 
7fa88d549000-7fa890000000 ---p 00000000 00:00 0 
7fa890000000-7fa890021000 rw-p 00000000 00:00 0 
7fa890021000-7fa894000000 ---p 00000000 00:00 0 
7fa894000000-7fa894021000 rw-p 00000000 00:00 0 
7fa894021000-7fa898000000 ---p 00000000 00:00 0 
7fa898000000-7fa898021000 rw-p 00000000 00:00 0 
7fa898021000-7fa89c000000 ---p 00000000 00:00 0 
7fa89c000000-7fa89c065000 rw-p 00000000 00:00 0 
7fa89c065000-7fa8a0000000 ---p 00000000 00:00 0 
7fa8a0000000-7fa8a3f81000 rw-p 00000000 00:00 0 
7fa8a3f81000-7fa8a4000000 ---p 00000000 00:00 0 
7fa8a8000000-7fa8abade000 rw-p 00000000 00:00 0 
7fa8abade000-7fa8ac000000 ---p 00000000 00:00 0 
7fa8ac000000-7fa8aff85000 rw-p 00000000 00:00 0 
7fa8aff85000-7fa8b0000000 ---p 00000000 00:00 0 
7fa8b4000000-7fa8b4021000 rw-p 00000000 00:00 0 
7fa8b4021000-7fa8b8000000 ---p 00000000 00:00 0 
7fa8b8000000-7fa8b8021000 rw-p 00000000 00:00 0 
7fa8b8021000-7fa8bc000000 ---p 00000000 00:00 0 
7fa8bc000000-7fa8bf7a6000 rw-p 00000000 00:00 0 
7fa8bf7a6000-7fa8c0000000 ---p 00000000 00:00 0 
7fa8c4000000-7fa8c4070000 rw-p 00000000 00:00 0 
7fa8c4070000-7fa8c8000000 ---p 00000000 00:00 0 
7fa8c8000000-7fa8c8021000 rw-p 00000000 00:00 0 
7fa8c8021000-7fa8cc000000 ---p 00000000 00:00 0 
7fa8cc000000-7fa8cc021000 rw-p 00000000 00:00 0 
7fa8cc021000-7fa8d0000000 ---p 00000000 00:00 0 
7fa8d4000000-7fa8d4021000 rw-p 00000000 00:00 0 
7fa8d4021000-7fa8d8000000 ---p 00000000 00:00 0 
7fa8d8000000-7fa8d8ee7000 rw-p 00000000 00:00 0 
7fa8d8ee7000-7fa8dc000000 ---p 00000000 00:00 0 
7fa8dc000000-7fa8df062000 rw-p 00000000 00:00 0 
7fa8df062000-7fa8e0000000 ---p 00000000 00:00 0 
7fa8e4000000-7fa8e4021000 rw-p 00000000 00:00 0 
7fa8e4021000-7fa8e8000000 ---p 00000000 00:00 0 
7fa8e8000000-7fa8e8021000 rw-p 00000000 00:00 0 
7fa8e8021000-7fa8ec000000 ---p 00000000 00:00 0 
7fa8f0000000-7fa8f37a6000 rw-p 00000000 00:00 0 
7fa8f37a6000-7fa8f4000000 ---p 00000000 00:00 0 
7fa8f8000000-7fa8fb30c000 rw-p 00000000 00:00 0 
7fa8fb30c000-7fa8fc000000 ---p 00000000 00:00 0 
7fa900000000-7fa903aca000 rw-p 00000000 00:00 0 
7fa903aca000-7fa904000000 ---p 00000000 00:00 0 
7fa905e77000-7fa90c000000 rw-p 00000000 00:00 0 
7fa90c000000-7fa90c021000 rw-p 00000000 00:00 0 
7fa90c021000-7fa910000000 ---p 00000000 00:00 0 
7fa9107f9000-7fa9107fa000 ---p 00000000 00:00 0 
7fa9107fa000-7fa910ffa000 rw-p 00000000 00:00 0 
7fa910ffa000-7fa910ffb000 ---p 00000000 00:00 0 
7fa910ffb000-7fa9117fb000 rw-p 00000000 00:00 0 
7fa9117fb000-7fa9117fc000 ---p 00000000 00:00 0 
7fa9117fc000-7fa911ffc000 rw-p 00000000 00:00 0 
7fa911ffc000-7fa911ffd000 ---p 00000000 00:00 0 
7fa911ffd000-7fa9127fd000 rw-p 00000000 00:00 0 
7fa9127fd000-7fa9127fe000 ---p 00000000 00:00 0 
7fa9127fe000-7fa912ffe000 rw-p 00000000 00:00 0 
7fa912ffe000-7fa912fff000 ---p 00000000 00:00 0 
7fa912fff000-7fa9137ff000 rw-p 00000000 00:00 0 
7fa9137ff000-7fa913800000 ---p 00000000 00:00 0 
7fa913800000-7fa914000000 rw-p 00000000 00:00 0 
7fa914000000-7fa914f01000 rw-p 00000000 00:00 0 
7fa914f01000-7fa918000000 ---p 00000000 00:00 0 
7fa918000000-7fa918021000 rw-p 00000000 00:00 0 
7fa918021000-7fa91c000000 ---p 00000000 00:00 0 
7fa91c000000-7fa91d2d5000 rw-p 00000000 00:00 0 
7fa91d2d5000-7fa920000000 ---p 00000000 00:00 0 
7fa920000000-7fa920021000 rw-p 00000000 00:00 0 
7fa920021000-7fa924000000 ---p 00000000 00:00 0 
7fa924000000-7fa924021000 rw-p 00000000 00:00 0 
7fa924021000-7fa928000000 ---p 00000000 00:00 0 
7fa928000000-7fa928021000 rw-p 00000000 00:00 0 
7fa928021000-7fa92c000000 ---p 00000000 00:00 0 
7fa92c000000-7fa92c021000 rw-p 00000000 00:00 0 
7fa92c021000-7fa930000000 ---p 00000000 00:00 0 
7fa930000000-7fa930021000 rw-p 00000000 00:00 0 
7fa930021000-7fa934000000 ---p 00000000 00:00 0 
7fa934000000-7fa9351bc000 rw-p 00000000 00:00 0 
7fa9351bc000-7fa938000000 ---p 00000000 00:00 0 
7fa938000000-7fa938c1d000 rw-p 00000000 00:00 0 
7fa938c1d000-7fa93c000000 ---p 00000000 00:00 0 
7fa93c02b000-7fa93c02c000 ---p 00000000 00:00 0 
7fa93c02c000-7fa93c82c000 rw-p 00000000 00:00 0 
7fa93c82c000-7fa93c82d000 ---p 00000000 00:00 0 
7fa93c82d000-7fa93d02d000 rw-p 00000000 00:00 0 
7fa93d02d000-7fa93d02e000 ---p 00000000 00:00 0 
7fa93d02e000-7fa93d22e000 rw-p 00000000 00:00 0 
7fa93d22e000-7fa93d22f000 ---p 00000000 00:00 0 
7fa93d22f000-7fa93d9d1000 rw-p 00000000 00:00 0 
7fa93db71000-7fa93db72000 ---p 00000000 00:00 0 
7fa93db72000-7fa93dd72000 rw-p 00000000 00:00 0 
7fa93dd72000-7fa93dd73000 ---p 00000000 00:00 0 
7fa93dd73000-7fa93df73000 rw-p 00000000 00:00 0 
7fa93df73000-7fa93df74000 ---p 00000000 00:00 0 
7fa93df74000-7fa93e174000 rw-p 00000000 00:00 0 
7fa93e174000-7fa93e175000 ---p 00000000 00:00 0 
7fa93e175000-7fa93e917000 rw-p 00000000 00:00 0 
7fa93e9fe000-7fa93e9ff000 ---p 00000000 00:00 0 
7fa93e9ff000-7fa93ebff000 rw-p 00000000 00:00 0 
7fa93ebff000-7fa93ec00000 ---p 00000000 00:00 0 
7fa93ec00000-7fa93ee00000 rw-p 00000000 00:00 0 
7fa93ee00000-7fa93efca000 r-xp 00000000 103:03 106299479                 /usr/lib/x86_64-linux-gnu/libnvidia-ml.so.555.42.02
7fa93efca000-7fa93f1c9000 ---p 001ca000 103:03 106299479                 /usr/lib/x86_64-linux-gnu/libnvidia-ml.so.555.42.02
7fa93f1c9000-7fa93f1fb000 r--p 001c9000 103:03 106299479                 /usr/lib/x86_64-linux-gnu/libnvidia-ml.so.555.42.02
7fa93f1fb000-7fa93f1fd000 rw-p 001fb000 103:03 106299479                 /usr/lib/x86_64-linux-gnu/libnvidia-ml.so.555.42.02
7fa93f1fd000-7fa93fe29000 rw-p 00000000 00:00 0 
7fa940000000-7fa941644000 rw-p 00000000 00:00 0 
7fa941644000-7fa944000000 ---p 00000000 00:00 0 
7fa944000000-7fa944021000 rw-p 00000000 00:00 0 
7fa944021000-7fa948000000 ---p 00000000 00:00 0 
7fa948000000-7fa94b7a6000 rw-p 00000000 00:00 0 
7fa94b7a6000-7fa94c000000 ---p 00000000 00:00 0 
7fa94c000000-7fa94c021000 rw-p 00000000 00:00 0 
7fa94c021000-7fa950000000 ---p 00000000 00:00 0 
7fa950000000-7fa950021000 rw-p 00000000 00:00 0 
7fa950021000-7fa954000000 ---p 00000000 00:00 0 
7fa954000000-7fa954021000 rw-p 00000000 00:00 0 
7fa954021000-7fa958000000 ---p 00000000 00:00 0 
7fa958000000-7fa95bfd2000 rw-p 00000000 00:00 0 
7fa95bfd2000-7fa95c000000 ---p 00000000 00:00 0 
7fa95c000000-7fa95c021000 rw-p 00000000 00:00 0 
7fa95c021000-7fa960000000 ---p 00000000 00:00 0 
7fa960000000-7fa963ff2000 rw-p 00000000 00:00 0 
7fa963ff2000-7fa964000000 ---p 00000000 00:00 0 
7fa964027000-7fa964067000 rwxp 00000000 00:00 0 
7fa9640e7000-7fa9640e8000 ---p 00000000 00:00 0 
7fa9640e8000-7fa9642e8000 rw-p 00000000 00:00 0 
7fa9642e8000-7fa9642e9000 ---p 00000000 00:00 0 
7fa9642e9000-7fa964a8b000 rw-p 00000000 00:00 0 
7fa964a8b000-7fa964a8c000 ---p 00000000 00:00 0 
7fa964a8c000-7fa96522e000 rw-p 00000000 00:00 0 
7fa96522e000-7fa96522f000 ---p 00000000 00:00 0 
7fa96522f000-7fa9659d1000 rw-p 00000000 00:00 0 
7fa965a53000-7fa965a54000 ---p 00000000 00:00 0 
7fa965a54000-7fa965c54000 rw-p 00000000 00:00 0 
7fa965c54000-7fa965c55000 ---p 00000000 00:00 0 
7fa965c55000-7fa965e55000 rw-p 00000000 00:00 0 
7fa965e55000-7fa965e56000 ---p 00000000 00:00 0 
7fa965e56000-7fa966056000 rw-p 00000000 00:00 0 
7fa966056000-7fa966057000 ---p 00000000 00:00 0 
7fa966057000-7fa966257000 rw-p 00000000 00:00 0 
7fa966257000-7fa966258000 ---p 00000000 00:00 0 
7fa966258000-7fa966458000 rw-p 00000000 00:00 0 
7fa966458000-7fa966459000 ---p 00000000 00:00 0 
7fa966459000-7fa966659000 rw-p 00000000 00:00 0 
7fa966659000-7fa96665a000 ---p 00000000 00:00 0 
7fa96665a000-7fa96685a000 rw-p 00000000 00:00 0 
7fa96685a000-7fa96685b000 ---p 00000000 00:00 0 
7fa96685b000-7fa966a5b000 rw-p 00000000 00:00 0 
7fa966a5b000-7fa966a5c000 ---p 00000000 00:00 0 
7fa966a5c000-7fa966c5c000 rw-p 00000000 00:00 0 
7fa966c5c000-7fa966c60000 ---p 00000000 00:00 0 
7fa966c60000-7fa966d5c000 rw-p 00000000 00:00 0 
7fa966d5c000-7fa966d60000 ---p 00000000 00:00 0 
7fa966d60000-7fa966e5c000 rw-p 00000000 00:00 0 
7fa966e5c000-7fa966e60000 ---p 00000000 00:00 0 
7fa966e60000-7fa966f5c000 rw-p 00000000 00:00 0 
7fa966f5c000-7fa966f60000 ---p 00000000 00:00 0 
7fa966f60000-7fa96705c000 rw-p 00000000 00:00 0 
7fa96705c000-7fa96705d000 ---p 00000000 00:00 0 
7fa96705d000-7fa96785d000 rw-p 00000000 00:00 0 
7fa96785d000-7fa96785e000 ---p 00000000 00:00 0 
7fa96785e000-7fa968000000 rw-p 00000000 00:00 0 
7fa968000000-7fa96bf52000 rw-p 00000000 00:00 0 
7fa96bf52000-7fa96c000000 ---p 00000000 00:00 0 
7fa96c000000-7fa96fcba000 rw-p 00000000 00:00 0 
7fa96fcba000-7fa970000000 ---p 00000000 00:00 0 
7fa970000000-7fa973d8d000 rw-p 00000000 00:00 0 
7fa973d8d000-7fa974000000 ---p 00000000 00:00 0 
7fa9740bd000-7fa9740c1000 ---p 00000000 00:00 0 
7fa9740c1000-7fa9741bd000 rw-p 00000000 00:00 0 
7fa9741bd000-7fa9741c1000 ---p 00000000 00:00 0 
7fa9741c1000-7fa9742bd000 rw-p 00000000 00:00 0 
7fa9742bd000-7fa9742c1000 ---p 00000000 00:00 0 
7fa9742c1000-7fa9743bd000 rw-p 00000000 00:00 0 
7fa9743bd000-7fa9743c1000 ---p 00000000 00:00 0 
7fa9743c1000-7faa8e3be000 rw-p 00000000 00:00 0 
7faa8e417000-7faa8e41b000 ---p 00000000 00:00 0 
7faa8e41b000-7faa8e917000 rw-p 00000000 00:00 0 
7faa8e917000-7faa8e918000 ---p 00000000 00:00 0 
7faa8e918000-7faa8f0ba000 rw-p 00000000 00:00 0 
7faa8f0ba000-7faa8f0bb000 ---p 00000000 00:00 0 
7faa8f0bb000-7faa8f85d000 rw-p 00000000 00:00 0 
7faa8f85d000-7faa8f85e000 ---p 00000000 00:00 0 
7faa8f85e000-7faa90000000 rw-p 00000000 00:00 0 
7faa90000000-7faa93feb000 rw-p 00000000 00:00 0 
7faa93feb000-7faa94000000 ---p 00000000 00:00 0 
7faa94000000-7faa97ecf000 rw-p 00000000 00:00 0 
7faa97ecf000-7faa98000000 ---p 00000000 00:00 0 
7faa98000000-7faa9bd7e000 rw-p 00000000 00:00 0 
7faa9bd7e000-7faa9c000000 ---p 00000000 00:00 0 
7faa9c000000-7faa9fc71000 rw-p 00000000 00:00 0 
7faa9fc71000-7faaa0000000 ---p 00000000 00:00 0 
7faaa0000000-7faaa3dd8000 rw-p 00000000 00:00 0 
7faaa3dd8000-7faaa4000000 ---p 00000000 00:00 0 
7faaa4000000-7faaa7ed8000 rw-p 00000000 00:00 0 
7faaa7ed8000-7faaa8000000 ---p 00000000 00:00 0 
7faaa8000000-7faaabda5000 rw-p 00000000 00:00 0 
7faaabda5000-7faaac000000 ---p 00000000 00:00 0 
7faaac000000-7faaafdf3000 rw-p 00000000 00:00 0 
7faaafdf3000-7faab0000000 ---p 00000000 00:00 0 
7faab0000000-7faab3fc4000 rw-p 00000000 00:00 0 
7faab3fc4000-7faab4000000 ---p 00000000 00:00 0 
7faab4000000-7faab7f74000 rw-p 00000000 00:00 0 
7faab7f74000-7faab8000000 ---p 00000000 00:00 0 
7faab8000000-7faabbd60000 rw-p 00000000 00:00 0 
7faabbd60000-7faabc000000 ---p 00000000 00:00 0 
7faabc000000-7faabfc1f000 rw-p 00000000 00:00 0 
7faabfc1f000-7faac0000000 ---p 00000000 00:00 0 
7faac0000000-7faac3ffd000 rw-p 00000000 00:00 0 
7faac3ffd000-7faac4000000 ---p 00000000 00:00 0 
7faac40e7000-7faac40e8000 ---p 00000000 00:00 0 
7faac40e8000-7faac42e8000 rw-p 00000000 00:00 0 
7faac42e8000-7faac42e9000 ---p 00000000 00:00 0 
7faac42e9000-7faac4a8b000 rw-p 00000000 00:00 0 
7faac4a8b000-7faac4a8c000 ---p 00000000 00:00 0 
7faac4a8c000-7faac522e000 rw-p 00000000 00:00 0 
7faac522e000-7faac522f000 ---p 00000000 00:00 0 
7faac522f000-7faac59d1000 rw-p 00000000 00:00 0 
7faac59d1000-7faac59d2000 ---p 00000000 00:00 0 
7faac59d2000-7faac6174000 rw-p 00000000 00:00 0 
7faac6174000-7faac6175000 ---p 00000000 00:00 0 
7faac6175000-7faac6917000 rw-p 00000000 00:00 0 
7faac6917000-7faac6918000 ---p 00000000 00:00 0 
7faac6918000-7faac70ba000 rw-p 00000000 00:00 0 
7faac70ba000-7faac70bb000 ---p 00000000 00:00 0 
7faac70bb000-7faac785d000 rw-p 00000000 00:00 0 
7faac785d000-7faac785e000 ---p 00000000 00:00 0 
7faac785e000-7faac8000000 rw-p 00000000 00:00 0 
7faac8000000-7faacbf86000 rw-p 00000000 00:00 0 
7faacbf86000-7faacc000000 ---p 00000000 00:00 0 
7faacc045000-7faacc046000 ---p 00000000 00:00 0 
7faacc046000-7faacc7e8000 rw-p 00000000 00:00 0 
7faacc7e8000-7faacc7e9000 ---p 00000000 00:00 0 
7faacc7e9000-7faaccf8b000 rw-p 00000000 00:00 0 
7faaccf8b000-7faaccf8c000 ---p 00000000 00:00 0 
7faaccf8c000-7faacd72e000 rw-p 00000000 00:00 0 
7faacd72e000-7faacd72f000 ---p 00000000 00:00 0 
7faacd72f000-7faacded1000 rw-p 00000000 00:00 0 
7faacded1000-7faacded2000 ---p 00000000 00:00 0 
7faacded2000-7faace674000 rw-p 00000000 00:00 0 
7faace674000-7faace675000 ---p 00000000 00:00 0 
7faace675000-7faacee17000 rw-p 00000000 00:00 0 
7faacee17000-7faacee18000 ---p 00000000 00:00 0 
7faacee18000-7faacf5ba000 rw-p 00000000 00:00 0 
7faacf5ba000-7faacf5bb000 ---p 00000000 00:00 0 
7faacf5bb000-7faacfd5d000 rw-p 00000000 00:00 0 
7faacfd5d000-7faacfd5e000 ---p 00000000 00:00 0 
7faacfd5e000-7faacfd62000 ---p 00000000 00:00 0 
7faacfd62000-7faacff5e000 rw-p 00000000 00:00 0 
7faacff5e000-7faacff5f000 ---p 00000000 00:00 0 
7faacff5f000-7faad015f000 rw-p 00000000 00:00 0 
7faad015f000-7faad0160000 ---p 00000000 00:00 0 
7faad0160000-7faad0360000 rw-p 00000000 00:00 0 
7faad0360000-7faad05a8000 r--p 00000000 00:62 10223942                   /home/ubuntu/.local/lib/python3.10/site-packages/hf_xet/hf_xet.abi3.so
7faad05a8000-7faad0982000 r-xp 00247000 00:62 10223942                   /home/ubuntu/.local/lib/python3.10/site-packages/hf_xet/hf_xet.abi3.so
7faad0982000-7faad09f1000 r--p 00620000 00:62 10223942                   /home/ubuntu/.local/lib/python3.10/site-packages/hf_xet/hf_xet.abi3.so
7faad09f1000-7faad09f5000 rw-p 0068e000 00:62 10223942                   /home/ubuntu/.local/lib/python3.10/site-packages/hf_xet/hf_xet.abi3.so
7faad09f5000-7faad09f7000 rw-p 00000000 00:00 0 
7faad09f7000-7faad09f8000 ---p 00000000 00:00 0 
7faad09f8000-7faad22f8000 rw-p 00000000 00:00 0 
7faad22f8000-7faad5877000 r--p 00000000 00:62 10095985                   /home/ubuntu/.local/lib/python3.10/site-packages/triton/_C/libtriton.so
7faad5877000-7faada91c000 r-xp 0357e000 00:62 10095985                   /home/ubuntu/.local/lib/python3.10/site-packages/triton/_C/libtriton.so
7faada91c000-7faadaa4c000 r--p 08622000 00:62 10095985                   /home/ubuntu/.local/lib/python3.10/site-packages/triton/_C/libtriton.so
7faadaa4c000-7faadaa6f000 rw-p 08751000 00:62 10095985                   /home/ubuntu/.local/lib/python3.10/site-packages/triton/_C/libtriton.so
7faadaa6f000-7faadc200000 rw-p 00000000 00:00 0 
7faadc200000-7faadc2a9000 r-xp 00000000 00:62 10163489                   /home/ubuntu/.local/lib/python3.10/site-packages/torchvision.libs/libcudart.45e7f3ed.so.12
7faadc2a9000-7faadc4a9000 ---p 000a9000 00:62 10163489                   /home/ubuntu/.local/lib/python3.10/site-packages/torchvision.libs/libcudart.45e7f3ed.so.12
7faadc4a9000-7faadc4ae000 r--p 000a9000 00:62 10163489                   /home/ubuntu/.local/lib/python3.10/site-packages/torchvision.libs/libcudart.45e7f3ed.so.12
7faadc4ae000-7faadc4af000 rw-p 000ae000 00:62 10163489                   /home/ubuntu/.local/lib/python3.10/site-packages/torchvision.libs/libcudart.45e7f3ed.so.12
7faadc4af000-7faadc4b1000 rw-p 00000000 00:00 0 
7faadc500000-7faadc600000 rw-p 00000000 00:00 0 
7faadc600000-7faadcc5a000 r-xp 00000000 00:62 10163488                   /home/ubuntu/.local/lib/python3.10/site-packages/torchvision.libs/libnvjpeg.e5f20359.so.12
7faadcc5a000-7faadce5a000 ---p 0065a000 00:62 10163488                   /home/ubuntu/.local/lib/python3.10/site-packages/torchvision.libs/libnvjpeg.e5f20359.so.12
7faadce5a000-7faadce67000 r--p 0065a000 00:62 10163488                   /home/ubuntu/.local/lib/python3.10/site-packages/torchvision.libs/libnvjpeg.e5f20359.so.12
7faadce67000-7faadce68000 rw-p 00667000 00:62 10163488                   /home/ubuntu/.local/lib/python3.10/site-packages/torchvision.libs/libnvjpeg.e5f20359.so.12
7faadce68000-7faadce6d000 rw-p 00000000 00:00 0 
7faadce96000-7faadce98000 r--p 00000000 00:62 10045270                   /usr/lib/python3.10/lib-dynload/_lsprof.cpython-310-x86_64-linux-gnu.so
7faadce98000-7faadce9b000 r-xp 00002000 00:62 10045270                   /usr/lib/python3.10/lib-dynload/_lsprof.cpython-310-x86_64-linux-gnu.so
7faadce9b000-7faadce9d000 r--p 00005000 00:62 10045270                   /usr/lib/python3.10/lib-dynload/_lsprof.cpython-310-x86_64-linux-gnu.so
7faadce9d000-7faadce9e000 r--p 00006000 00:62 10045270                   /usr/lib/python3.10/lib-dynload/_lsprof.cpython-310-x86_64-linux-gnu.so
7faadce9e000-7faadce9f000 rw-p 00007000 00:62 10045270                   /usr/lib/python3.10/lib-dynload/_lsprof.cpython-310-x86_64-linux-gnu.so
7faadce9f000-7faadcea0000 r--p 00000000 00:62 10163491                   /home/ubuntu/.local/lib/python3.10/site-packages/torchvision.libs/libsharpyuv.0032f495.so.0
7faadcea0000-7faadcea5000 r-xp 00001000 00:62 10163491                   /home/ubuntu/.local/lib/python3.10/site-packages/torchvision.libs/libsharpyuv.0032f495.so.0
7faadcea5000-7faadcea6000 r--p 00006000 00:62 10163491                   /home/ubuntu/.local/lib/python3.10/site-packages/torchvision.libs/libsharpyuv.0032f495.so.0
7faadcea6000-7faadcea7000 r--p 00006000 00:62 10163491                   /home/ubuntu/.local/lib/python3.10/site-packages/torchvision.libs/libsharpyuv.0032f495.so.0
7faadcea7000-7faadcea8000 rw-p 00007000 00:62 10163491                   /home/ubuntu/.local/lib/python3.10/site-packages/torchvision.libs/libsharpyuv.0032f495.so.0
7faadcea8000-7faadcea9000 rw-p 00000000 00:00 0 
7faadcea9000-7faadceac000 r--p 00000000 00:62 10163490                   /home/ubuntu/.local/lib/python3.10/site-packages/torchvision.libs/libz.81d90590.so.1
7faadceac000-7faadceba000 r-xp 00003000 00:62 10163490                   /home/ubuntu/.local/lib/python3.10/site-packages/torchvision.libs/libz.81d90590.so.1
7faadceba000-7faadcec1000 r--p 00011000 00:62 10163490                   /home/ubuntu/.local/lib/python3.10/site-packages/torchvision.libs/libz.81d90590.so.1
7faadcec1000-7faadcec2000 r--p 00017000 00:62 10163490                   /home/ubuntu/.local/lib/python3.10/site-packages/torchvision.libs/libz.81d90590.so.1
7faadcec2000-7faadcec3000 rw-p 00018000 00:62 10163490                   /home/ubuntu/.local/lib/python3.10/site-packages/torchvision.libs/libz.81d90590.so.1
7faadcec3000-7faadcec6000 r--p 00000000 00:62 10163487                   /home/ubuntu/.local/lib/python3.10/site-packages/torchvision.libs/libwebp.32d871e4.so.7
7faadcec6000-7faadcf50000 r-xp 00003000 00:62 10163487                   /home/ubuntu/.local/lib/python3.10/site-packages/torchvision.libs/libwebp.32d871e4.so.7
7faadcf50000-7faadcf63000 r--p 0008d000 00:62 10163487                   /home/ubuntu/.local/lib/python3.10/site-packages/torchvision.libs/libwebp.32d871e4.so.7
7faadcf63000-7faadcf64000 r--p 000a0000 00:62 10163487                   /home/ubuntu/.local/lib/python3.10/site-packages/torchvision.libs/libwebp.32d871e4.so.7
7faadcf64000-7faadcf65000 rw-p 000a1000 00:62 10163487                   /home/ubuntu/.local/lib/python3.10/site-packages/torchvision.libs/libwebp.32d871e4.so.7
7faadcf65000-7faadcf66000 rw-p 00000000 00:00 0 
7faadcf66000-7faadcf67000 rw-p 000ad000 00:62 10163487                   /home/ubuntu/.local/lib/python3.10/site-packages/torchvision.libs/libwebp.32d871e4.so.7
7faadcf67000-7faadcf6c000 r--p 00000000 00:62 10163486                   /home/ubuntu/.local/lib/python3.10/site-packages/torchvision.libs/libjpeg.37781fad.so.8
7faadcf6c000-7faadcfc1000 r-xp 00005000 00:62 10163486                   /home/ubuntu/.local/lib/python3.10/site-packages/torchvision.libs/libjpeg.37781fad.so.8
7faadcfc1000-7faadcffc000 r--p 0005a000 00:62 10163486                   /home/ubuntu/.local/lib/python3.10/site-packages/torchvision.libs/libjpeg.37781fad.so.8
7faadcffc000-7faadcffd000 r--p 00094000 00:62 10163486                   /home/ubuntu/.local/lib/python3.10/site-packages/torchvision.libs/libjpeg.37781fad.so.8
7faadcffd000-7faadcffe000 rw-p 00095000 00:62 10163486                   /home/ubuntu/.local/lib/python3.10/site-packages/torchvision.libs/libjpeg.37781fad.so.8
7faadcffe000-7faadd004000 r--p 00000000 00:62 10163485                   /home/ubuntu/.local/lib/python3.10/site-packages/torchvision.libs/libpng16.e328d493.so.16
7faadd004000-7faadd02d000 r-xp 00006000 00:62 10163485                   /home/ubuntu/.local/lib/python3.10/site-packages/torchvision.libs/libpng16.e328d493.so.16
7faadd02d000-7faadd038000 r--p 0002f000 00:62 10163485                   /home/ubuntu/.local/lib/python3.10/site-packages/torchvision.libs/libpng16.e328d493.so.16
7faadd038000-7faadd039000 ---p 0003a000 00:62 10163485                   /home/ubuntu/.local/lib/python3.10/site-packages/torchvision.libs/libpng16.e328d493.so.16
7faadd039000-7faadd03a000 r--p 0003a000 00:62 10163485                   /home/ubuntu/.local/lib/python3.10/site-packages/torchvision.libs/libpng16.e328d493.so.16
7faadd03a000-7faadd03b000 rw-p 0003b000 00:62 10163485                   /home/ubuntu/.local/lib/python3.10/site-packages/torchvision.libs/libpng16.e328d493.so.16
7faadd03b000-7faadd03e000 rw-p 00042000 00:62 10163485                   /home/ubuntu/.local/lib/python3.10/site-packages/torchvision.libs/libpng16.e328d493.so.16
7faadd03e000-7faadd055000 r--p 00000000 00:62 10163281                   /home/ubuntu/.local/lib/python3.10/site-packages/torchvision/image.so
7faadd055000-7faadd088000 r-xp 00017000 00:62 10163281                   /home/ubuntu/.local/lib/python3.10/site-packages/torchvision/image.so
7faadd088000-7faadd09e000 r--p 0004a000 00:62 10163281                   /home/ubuntu/.local/lib/python3.10/site-packages/torchvision/image.so
7faadd09e000-7faadd09f000 r--p 0005f000 00:62 10163281                   /home/ubuntu/.local/lib/python3.10/site-packages/torchvision/image.so
7faadd09f000-7faadd0a1000 rw-p 00060000 00:62 10163281                   /home/ubuntu/.local/lib/python3.10/site-packages/torchvision/image.so
7faadd0a1000-7faadd0ad000 rw-p 0007a000 00:62 10163281                   /home/ubuntu/.local/lib/python3.10/site-packages/torchvision/image.so
7faadd0ad000-7faadd0b9000 rw-p 00086000 00:62 10163281                   /home/ubuntu/.local/lib/python3.10/site-packages/torchvision/image.so
7faadd0b9000-7faadd0c5000 rw-p 00092000 00:62 10163281                   /home/ubuntu/.local/lib/python3.10/site-packages/torchvision/image.so
7faadd0c5000-7faadd0d1000 rw-p 0009e000 00:62 10163281                   /home/ubuntu/.local/lib/python3.10/site-packages/torchvision/image.so
7faadd0d1000-7faadd0dd000 rw-p 000aa000 00:62 10163281                   /home/ubuntu/.local/lib/python3.10/site-packages/torchvision/image.so
7faadd0dd000-7faadd0df000 r--p 00000000 00:62 9914557                    /usr/lib/x86_64-linux-gnu/libfribidi.so.0.4.0
7faadd0df000-7faadd0e2000 r-xp 00002000 00:62 9914557                    /usr/lib/x86_64-linux-gnu/libfribidi.so.0.4.0
7faadd0e2000-7faadd0f7000 r--p 00005000 00:62 9914557                    /usr/lib/x86_64-linux-gnu/libfribidi.so.0.4.0
7faadd0f7000-7faadd0f8000 r--p 00019000 00:62 9914557                    /usr/lib/x86_64-linux-gnu/libfribidi.so.0.4.0
7faadd0f8000-7faadd0f9000 rw-p 0001a000 00:62 9914557                    /usr/lib/x86_64-linux-gnu/libfribidi.so.0.4.0
7faadd0f9000-7faadd0fa000 r--p 00000000 00:62 10100091                   /home/ubuntu/.local/lib/python3.10/site-packages/pillow.libs/libbrotlicommon-c55a5f7a.so.1.1.0
7faadd0fa000-7faadd0fb000 r-xp 00001000 00:62 10100091                   /home/ubuntu/.local/lib/python3.10/site-packages/pillow.libs/libbrotlicommon-c55a5f7a.so.1.1.0
7faadd0fb000-7faadd11a000 r--p 00002000 00:62 10100091                   /home/ubuntu/.local/lib/python3.10/site-packages/pillow.libs/libbrotlicommon-c55a5f7a.so.1.1.0
7faadd11a000-7faadd11b000 r--p 00021000 00:62 10100091                   /home/ubuntu/.local/lib/python3.10/site-packages/pillow.libs/libbrotlicommon-c55a5f7a.so.1.1.0
7faadd11b000-7faadd11c000 rw-p 00022000 00:62 10100091                   /home/ubuntu/.local/lib/python3.10/site-packages/pillow.libs/libbrotlicommon-c55a5f7a.so.1.1.0
7faadd11c000-7faadd11d000 rw-p 00023000 00:62 10100091                   /home/ubuntu/.local/lib/python3.10/site-packages/pillow.libs/libbrotlicommon-c55a5f7a.so.1.1.0
7faadd11d000-7faadd11e000 r--p 00000000 00:62 10100092                   /home/ubuntu/.local/lib/python3.10/site-packages/pillow.libs/libbrotlidec-2ced2f3a.so.1.1.0
7faadd11e000-7faadd127000 r-xp 00001000 00:62 10100092                   /home/ubuntu/.local/lib/python3.10/site-packages/pillow.libs/libbrotlidec-2ced2f3a.so.1.1.0
7faadd127000-7faadd12a000 r--p 0000a000 00:62 10100092                   /home/ubuntu/.local/lib/python3.10/site-packages/pillow.libs/libbrotlidec-2ced2f3a.so.1.1.0
7faadd12a000-7faadd12b000 r--p 0000c000 00:62 10100092                   /home/ubuntu/.local/lib/python3.10/site-packages/pillow.libs/libbrotlidec-2ced2f3a.so.1.1.0
7faadd12b000-7faadd12c000 rw-p 0000d000 00:62 10100092                   /home/ubuntu/.local/lib/python3.10/site-packages/pillow.libs/libbrotlidec-2ced2f3a.so.1.1.0
7faadd12c000-7faadd12d000 rw-p 0000e000 00:62 10100092                   /home/ubuntu/.local/lib/python3.10/site-packages/pillow.libs/libbrotlidec-2ced2f3a.so.1.1.0
7faadd12d000-7faadd12e000 rw-p 0000f000 00:62 10100092                   /home/ubuntu/.local/lib/python3.10/site-packages/pillow.libs/libbrotlidec-2ced2f3a.so.1.1.0
7faadd12e000-7faadd133000 r--p 00000000 00:62 10100099                   /home/ubuntu/.local/lib/python3.10/site-packages/pillow.libs/libpng16-d00bd151.so.16.49.0
7faadd133000-7faadd165000 r-xp 00005000 00:62 10100099                   /home/ubuntu/.local/lib/python3.10/site-packages/pillow.libs/libpng16-d00bd151.so.16.49.0
7faadd165000-7faadd16f000 r--p 00037000 00:62 10100099                   /home/ubuntu/.local/lib/python3.10/site-packages/pillow.libs/libpng16-d00bd151.so.16.49.0
7faadd16f000-7faadd170000 r--p 00040000 00:62 10100099                   /home/ubuntu/.local/lib/python3.10/site-packages/pillow.libs/libpng16-d00bd151.so.16.49.0
7faadd170000-7faadd171000 rw-p 00041000 00:62 10100099                   /home/ubuntu/.local/lib/python3.10/site-packages/pillow.libs/libpng16-d00bd151.so.16.49.0
7faadd171000-7faadd173000 rw-p 00042000 00:62 10100099                   /home/ubuntu/.local/lib/python3.10/site-packages/pillow.libs/libpng16-d00bd151.so.16.49.0
7faadd173000-7faadd17f000 r--p 00000000 00:62 10100094                   /home/ubuntu/.local/lib/python3.10/site-packages/pillow.libs/libharfbuzz-fe5b8f8d.so.0.61121.0
7faadd17f000-7faadd1fc000 r-xp 0000c000 00:62 10100094                   /home/ubuntu/.local/lib/python3.10/site-packages/pillow.libs/libharfbuzz-fe5b8f8d.so.0.61121.0
7faadd1fc000-7faadd245000 r--p 00089000 00:62 10100094                   /home/ubuntu/.local/lib/python3.10/site-packages/pillow.libs/libharfbuzz-fe5b8f8d.so.0.61121.0
7faadd245000-7faadd246000 r--p 000d1000 00:62 10100094                   /home/ubuntu/.local/lib/python3.10/site-packages/pillow.libs/libharfbuzz-fe5b8f8d.so.0.61121.0
7faadd246000-7faadd248000 rw-p 000d2000 00:62 10100094                   /home/ubuntu/.local/lib/python3.10/site-packages/pillow.libs/libharfbuzz-fe5b8f8d.so.0.61121.0
7faadd248000-7faadd24d000 rw-p 000d5000 00:62 10100094                   /home/ubuntu/.local/lib/python3.10/site-packages/pillow.libs/libharfbuzz-fe5b8f8d.so.0.61121.0
7faadd24d000-7faadd251000 rw-p 000da000 00:62 10100094                   /home/ubuntu/.local/lib/python3.10/site-packages/pillow.libs/libharfbuzz-fe5b8f8d.so.0.61121.0
7faadd251000-7faadd25e000 r--p 00000000 00:62 10100093                   /home/ubuntu/.local/lib/python3.10/site-packages/pillow.libs/libfreetype-083ff72c.so.6.20.2
7faadd25e000-7faadd325000 r-xp 0000d000 00:62 10100093                   /home/ubuntu/.local/lib/python3.10/site-packages/pillow.libs/libfreetype-083ff72c.so.6.20.2
7faadd325000-7faadd351000 r--p 000d4000 00:62 10100093                   /home/ubuntu/.local/lib/python3.10/site-packages/pillow.libs/libfreetype-083ff72c.so.6.20.2
7faadd351000-7faadd358000 r--p 00100000 00:62 10100093                   /home/ubuntu/.local/lib/python3.10/site-packages/pillow.libs/libfreetype-083ff72c.so.6.20.2
7faadd358000-7faadd35a000 rw-p 00107000 00:62 10100093                   /home/ubuntu/.local/lib/python3.10/site-packages/pillow.libs/libfreetype-083ff72c.so.6.20.2
7faadd35a000-7faadd35c000 rw-p 0015a000 00:62 10100093                   /home/ubuntu/.local/lib/python3.10/site-packages/pillow.libs/libfreetype-083ff72c.so.6.20.2
7faadd35c000-7faadd35e000 rw-p 0015c000 00:62 10100093                   /home/ubuntu/.local/lib/python3.10/site-packages/pillow.libs/libfreetype-083ff72c.so.6.20.2
7faadd35e000-7faadd362000 r--p 00000000 00:62 10100071                   /home/ubuntu/.local/lib/python3.10/site-packages/PIL/_imagingft.cpython-310-x86_64-linux-gnu.so
7faadd362000-7faadd36b000 r-xp 00004000 00:62 10100071                   /home/ubuntu/.local/lib/python3.10/site-packages/PIL/_imagingft.cpython-310-x86_64-linux-gnu.so
7faadd36b000-7faadd36d000 r--p 0000d000 00:62 10100071                   /home/ubuntu/.local/lib/python3.10/site-packages/PIL/_imagingft.cpython-310-x86_64-linux-gnu.so
7faadd36d000-7faadd36e000 r--p 0000f000 00:62 10100071                   /home/ubuntu/.local/lib/python3.10/site-packages/PIL/_imagingft.cpython-310-x86_64-linux-gnu.so
7faadd36e000-7faadd36f000 rw-p 00010000 00:62 10100071                   /home/ubuntu/.local/lib/python3.10/site-packages/PIL/_imagingft.cpython-310-x86_64-linux-gnu.so
7faadd36f000-7faadd370000 rw-p 00047000 00:62 10100071                   /home/ubuntu/.local/lib/python3.10/site-packages/PIL/_imagingft.cpython-310-x86_64-linux-gnu.so
7faadd370000-7faadd371000 rw-p 00048000 00:62 10100071                   /home/ubuntu/.local/lib/python3.10/site-packages/PIL/_imagingft.cpython-310-x86_64-linux-gnu.so
7faadd371000-7faadd415000 r--p 00000000 00:62 10163275                   /home/ubuntu/.local/lib/python3.10/site-packages/torchvision/_C.so
7faadd415000-7faadd52b000 r-xp 000a4000 00:62 10163275                   /home/ubuntu/.local/lib/python3.10/site-packages/torchvision/_C.so
7faadd52b000-7faaddaab000 r--p 001ba000 00:62 10163275                   /home/ubuntu/.local/lib/python3.10/site-packages/torchvision/_C.so
7faaddaab000-7faaddaae000 r--p 00739000 00:62 10163275                   /home/ubuntu/.local/lib/python3.10/site-packages/torchvision/_C.so
7faaddaae000-7faaddab3000 rw-p 0073c000 00:62 10163275                   /home/ubuntu/.local/lib/python3.10/site-packages/torchvision/_C.so
7faaddab3000-7faaddbb5000 rw-p 00000000 00:00 0 
7faaddbb5000-7faaddbb8000 r--p 00000000 00:62 10045293                   /usr/lib/python3.10/lib-dynload/termios.cpython-310-x86_64-linux-gnu.so
7faaddbb8000-7faaddbb9000 r-xp 00003000 00:62 10045293                   /usr/lib/python3.10/lib-dynload/termios.cpython-310-x86_64-linux-gnu.so
7faaddbb9000-7faaddbbb000 r--p 00004000 00:62 10045293                   /usr/lib/python3.10/lib-dynload/termios.cpython-310-x86_64-linux-gnu.so
7faaddbbb000-7faaddbbc000 r--p 00005000 00:62 10045293                   /usr/lib/python3.10/lib-dynload/termios.cpython-310-x86_64-linux-gnu.so
7faaddbbc000-7faaddbbe000 rw-p 00006000 00:62 10045293                   /usr/lib/python3.10/lib-dynload/termios.cpython-310-x86_64-linux-gnu.so
7faaddbbe000-7faaddbbf000 ---p 00000000 00:00 0 
7faaddbbf000-7fac533bf000 rw-p 00000000 00:00 0 
7fac533c1000-7fad591c1000 rw-p 00000000 00:00 0 
7fad591c3000-7faddb2c3000 rw-p 00000000 00:00 0 
7faddb2c5000-7fae1bdc5000 rw-p 00000000 00:00 0 
7fae1bdc7000-7fae3c3c7000 rw-p 00000000 00:00 0 
7fae3c3c9000-7fae4c5c9000 rw-p 00000000 00:00 0 
7fae4c5cb000-7fae545cb000 rw-p 00000000 00:00 0 
7fae545cd000-7fae58bcd000 rw-p 00000000 00:00 0 
7fae58bcf000-7fae5c6cf000 rw-p 00000000 00:00 0 
7fae5c6cf000-7fae65c67000 r--s 00000000 08:00 45646671                   /home/ubuntu/tbazzocchi/FRAG/MedRAG/corpus/wikipedia/index/bm25/_s_Lucene90_0.dvd
7fae65c67000-7fae68d83000 r--s 00000000 08:00 45646518                   /home/ubuntu/tbazzocchi/FRAG/MedRAG/corpus/wikipedia/index/bm25/_s.fdt
7fae68d83000-7fae693ab000 r--s 00000000 08:00 45646519                   /home/ubuntu/tbazzocchi/FRAG/MedRAG/corpus/wikipedia/index/bm25/_s.nvd
7fae693ab000-7fae69603000 r--s 00000000 08:00 45646528                   /home/ubuntu/tbazzocchi/FRAG/MedRAG/corpus/wikipedia/index/bm25/_s_Lucene90_0.tip
7fae69603000-7fae6e3cc000 r--s 00000000 08:00 45646527                   /home/ubuntu/tbazzocchi/FRAG/MedRAG/corpus/wikipedia/index/bm25/_s_Lucene90_0.tim
7fae6e3cc000-7fae93c7e000 r--s 00000000 08:00 45646526                   /home/ubuntu/tbazzocchi/FRAG/MedRAG/corpus/wikipedia/index/bm25/_s_Lucene90_0.doc
7fae93c7e000-7faea20de000 r--s 00000000 08:00 45646432                   /home/ubuntu/tbazzocchi/FRAG/MedRAG/corpus/wikipedia/index/bm25/_13_Lucene90_0.dvd
7faea20de000-7faea6b48000 r--s 00000000 08:00 45646676                   /home/ubuntu/tbazzocchi/FRAG/MedRAG/corpus/wikipedia/index/bm25/_13.fdt
7faea6b48000-7faea74ad000 r--s 00000000 08:00 45646503                   /home/ubuntu/tbazzocchi/FRAG/MedRAG/corpus/wikipedia/index/bm25/_13.nvd
7faea74ad000-7faea780c000 r--s 00000000 08:00 45646685                   /home/ubuntu/tbazzocchi/FRAG/MedRAG/corpus/wikipedia/index/bm25/_13_Lucene90_0.tip
7faea780c000-7faeae4ab000 r--s 00000000 08:00 45646684                   /home/ubuntu/tbazzocchi/FRAG/MedRAG/corpus/wikipedia/index/bm25/_13_Lucene90_0.tim
7faeae4ab000-7faee8084000 r--s 00000000 08:00 45646678                   /home/ubuntu/tbazzocchi/FRAG/MedRAG/corpus/wikipedia/index/bm25/_13_Lucene90_0.doc
7faee8084000-7faee99f0000 r--s 00000000 08:00 45646497                   /home/ubuntu/tbazzocchi/FRAG/MedRAG/corpus/wikipedia/index/bm25/_a_Lucene90_0.dvd
7faee99f0000-7faeea23f000 r--s 00000000 08:00 45646313                   /home/ubuntu/tbazzocchi/FRAG/MedRAG/corpus/wikipedia/index/bm25/_a.fdt
7faeea23f000-7faeea34b000 r--s 00000000 08:00 45646495                   /home/ubuntu/tbazzocchi/FRAG/MedRAG/corpus/wikipedia/index/bm25/_a.nvd
7faeea34b000-7faeea3e0000 r--s 00000000 08:00 45646506                   /home/ubuntu/tbazzocchi/FRAG/MedRAG/corpus/wikipedia/index/bm25/_a_Lucene90_0.tip
7faeea3e0000-7faeeb571000 r--s 00000000 08:00 45646505                   /home/ubuntu/tbazzocchi/FRAG/MedRAG/corpus/wikipedia/index/bm25/_a_Lucene90_0.tim
7faeeb571000-7faef19d1000 r--s 00000000 08:00 45646504                   /home/ubuntu/tbazzocchi/FRAG/MedRAG/corpus/wikipedia/index/bm25/_a_Lucene90_0.doc
7faef19d1000-7faef355b000 r--s 00000000 08:00 45646510                   /home/ubuntu/tbazzocchi/FRAG/MedRAG/corpus/wikipedia/index/bm25/_6_Lucene90_0.dvd
7faef355b000-7faef3e5a000 r--s 00000000 08:00 45646303                   /home/ubuntu/tbazzocchi/FRAG/MedRAG/corpus/wikipedia/index/bm25/_6.fdt
7faef3e5a000-7faef3f7c000 r--s 00000000 08:00 45646508                   /home/ubuntu/tbazzocchi/FRAG/MedRAG/corpus/wikipedia/index/bm25/_6.nvd
7faef3f7c000-7faef401a000 r--s 00000000 08:00 45646524                   /home/ubuntu/tbazzocchi/FRAG/MedRAG/corpus/wikipedia/index/bm25/_6_Lucene90_0.tip
7faef401a000-7faef52c0000 r--s 00000000 08:00 45646523                   /home/ubuntu/tbazzocchi/FRAG/MedRAG/corpus/wikipedia/index/bm25/_6_Lucene90_0.tim
7faef52c0000-7faefbf6e000 r--s 00000000 08:00 45646522                   /home/ubuntu/tbazzocchi/FRAG/MedRAG/corpus/wikipedia/index/bm25/_6_Lucene90_0.doc
7faefbf6e000-7faefdd07000 r--s 00000000 08:00 45646532                   /home/ubuntu/tbazzocchi/FRAG/MedRAG/corpus/wikipedia/index/bm25/_8_Lucene90_0.dvd
7faefdd07000-7faefe6b1000 r--s 00000000 08:00 45646317                   /home/ubuntu/tbazzocchi/FRAG/MedRAG/corpus/wikipedia/index/bm25/_8.fdt
7faefe6b1000-7faefe7e9000 r--s 00000000 08:00 45646530                   /home/ubuntu/tbazzocchi/FRAG/MedRAG/corpus/wikipedia/index/bm25/_8.nvd
7faefe7e9000-7faefe890000 r--s 00000000 08:00 45646541                   /home/ubuntu/tbazzocchi/FRAG/MedRAG/corpus/wikipedia/index/bm25/_8_Lucene90_0.tip
7faefe890000-7faeffc47000 r--s 00000000 08:00 45646540                   /home/ubuntu/tbazzocchi/FRAG/MedRAG/corpus/wikipedia/index/bm25/_8_Lucene90_0.tim
7faeffc47000-7faf0712d000 r--s 00000000 08:00 45646539                   /home/ubuntu/tbazzocchi/FRAG/MedRAG/corpus/wikipedia/index/bm25/_8_Lucene90_0.doc
7faf0712d000-7faf0911a000 r--s 00000000 08:00 45646545                   /home/ubuntu/tbazzocchi/FRAG/MedRAG/corpus/wikipedia/index/bm25/_2_Lucene90_0.dvd
7faf0911a000-7faf09b83000 r--s 00000000 08:00 45646308                   /home/ubuntu/tbazzocchi/FRAG/MedRAG/corpus/wikipedia/index/bm25/_2.fdt
7faf09b83000-7faf09cd3000 r--s 00000000 08:00 45646543                   /home/ubuntu/tbazzocchi/FRAG/MedRAG/corpus/wikipedia/index/bm25/_2.nvd
7faf09cd3000-7faf09d83000 r--s 00000000 08:00 45646554                   /home/ubuntu/tbazzocchi/FRAG/MedRAG/corpus/wikipedia/index/bm25/_2_Lucene90_0.tip
7faf09d83000-7faf0b259000 r--s 00000000 08:00 45646553                   /home/ubuntu/tbazzocchi/FRAG/MedRAG/corpus/wikipedia/index/bm25/_2_Lucene90_0.tim
7faf0b259000-7faf1304d000 r--s 00000000 08:00 45646552                   /home/ubuntu/tbazzocchi/FRAG/MedRAG/corpus/wikipedia/index/bm25/_2_Lucene90_0.doc
7faf1304d000-7faf14936000 r--s 00000000 08:00 45646658                   /home/ubuntu/tbazzocchi/FRAG/MedRAG/corpus/wikipedia/index/bm25/_o_Lucene90_0.dvd
7faf14936000-7faf15153000 r--s 00000000 08:00 45646468                   /home/ubuntu/tbazzocchi/FRAG/MedRAG/corpus/wikipedia/index/bm25/_o.fdt
7faf15153000-7faf1525a000 r--s 00000000 08:00 45646656                   /home/ubuntu/tbazzocchi/FRAG/MedRAG/corpus/wikipedia/index/bm25/_o.nvd
7faf1525a000-7faf152eb000 r--s 00000000 08:00 45646667                   /home/ubuntu/tbazzocchi/FRAG/MedRAG/corpus/wikipedia/index/bm25/_o_Lucene90_0.tip
7faf152eb000-7faf16401000 r--s 00000000 08:00 45646666                   /home/ubuntu/tbazzocchi/FRAG/MedRAG/corpus/wikipedia/index/bm25/_o_Lucene90_0.tim
7faf16401000-7faf1c69f000 r--s 00000000 08:00 45646665                   /home/ubuntu/tbazzocchi/FRAG/MedRAG/corpus/wikipedia/index/bm25/_o_Lucene90_0.doc
7faf1c69f000-7faf1e19e000 r--s 00000000 08:00 45646681                   /home/ubuntu/tbazzocchi/FRAG/MedRAG/corpus/wikipedia/index/bm25/_q_Lucene90_0.dvd
7faf1e19e000-7faf1ea10000 r--s 00000000 08:00 45646501                   /home/ubuntu/tbazzocchi/FRAG/MedRAG/corpus/wikipedia/index/bm25/_q.fdt
7faf1ea10000-7faf1eb2c000 r--s 00000000 08:00 45646679                   /home/ubuntu/tbazzocchi/FRAG/MedRAG/corpus/wikipedia/index/bm25/_q.nvd
7faf1eb2c000-7faf1ebc1000 r--s 00000000 08:00 45646291                   /home/ubuntu/tbazzocchi/FRAG/MedRAG/corpus/wikipedia/index/bm25/_q_Lucene90_0.tip
7faf1ebc1000-7faf1fd29000 r--s 00000000 08:00 45646290                   /home/ubuntu/tbazzocchi/FRAG/MedRAG/corpus/wikipedia/index/bm25/_q_Lucene90_0.tim
7faf1fd29000-7faf26828000 r--s 00000000 08:00 45646289                   /home/ubuntu/tbazzocchi/FRAG/MedRAG/corpus/wikipedia/index/bm25/_q_Lucene90_0.doc
7faf26828000-7faf27c3e000 r--s 00000000 08:00 45646299                   /home/ubuntu/tbazzocchi/FRAG/MedRAG/corpus/wikipedia/index/bm25/_r_Lucene90_0.dvd
7faf27c3e000-7faf282c6000 r--s 00000000 08:00 45646514                   /home/ubuntu/tbazzocchi/FRAG/MedRAG/corpus/wikipedia/index/bm25/_r.fdt
7faf282c6000-7faf2839a000 r--s 00000000 08:00 45646295                   /home/ubuntu/tbazzocchi/FRAG/MedRAG/corpus/wikipedia/index/bm25/_r.nvd
7faf2839a000-7faf28415000 r--s 00000000 08:00 45646309                   /home/ubuntu/tbazzocchi/FRAG/MedRAG/corpus/wikipedia/index/bm25/_r_Lucene90_0.tip
7faf28415000-7faf29281000 r--s 00000000 08:00 45646306                   /home/ubuntu/tbazzocchi/FRAG/MedRAG/corpus/wikipedia/index/bm25/_r_Lucene90_0.tim
7faf29281000-7faf2e20f000 r--s 00000000 08:00 45646305                   /home/ubuntu/tbazzocchi/FRAG/MedRAG/corpus/wikipedia/index/bm25/_r_Lucene90_0.doc
7faf2e20f000-7faf2ec0f000 r--s 00000000 08:00 45646318                   /home/ubuntu/tbazzocchi/FRAG/MedRAG/corpus/wikipedia/index/bm25/_x_Lucene90_0.dvd
7faf2ec0f000-7faf2ef51000 r--s 00000000 08:00 45646592                   /home/ubuntu/tbazzocchi/FRAG/MedRAG/corpus/wikipedia/index/bm25/_x.fdt
7faf2ef51000-7faf2efba000 r--s 00000000 08:00 45646315                   /home/ubuntu/tbazzocchi/FRAG/MedRAG/corpus/wikipedia/index/bm25/_x.nvd
7faf2efba000-7faf2f003000 r--s 00000000 08:00 45646326                   /home/ubuntu/tbazzocchi/FRAG/MedRAG/corpus/wikipedia/index/bm25/_x_Lucene90_0.tip
7faf2f003000-7faf2f86c000 r--s 00000000 08:00 45646325                   /home/ubuntu/tbazzocchi/FRAG/MedRAG/corpus/wikipedia/index/bm25/_x_Lucene90_0.tim
7faf2f86c000-7faf31fde000 r--s 00000000 08:00 45646324                   /home/ubuntu/tbazzocchi/FRAG/MedRAG/corpus/wikipedia/index/bm25/_x_Lucene90_0.doc
7faf31fde000-7faf321ac000 r--s 00000000 08:00 45646334                   /home/ubuntu/tbazzocchi/FRAG/MedRAG/corpus/wikipedia/index/bm25/_12_Lucene90_0.dvd
7faf321ac000-7faf32241000 r--s 00000000 08:00 45646649                   /home/ubuntu/tbazzocchi/FRAG/MedRAG/corpus/wikipedia/index/bm25/_12.fdt
7faf32241000-7faf324aa000 r--s 00000000 08:00 45646341                   /home/ubuntu/tbazzocchi/FRAG/MedRAG/corpus/wikipedia/index/bm25/_12_Lucene90_0.tim
7faf324aa000-7faf32ba2000 r--s 00000000 08:00 45646340                   /home/ubuntu/tbazzocchi/FRAG/MedRAG/corpus/wikipedia/index/bm25/_12_Lucene90_0.doc
7faf32ba2000-7faf333ef000 r--s 00000000 08:00 45646350                   /home/ubuntu/tbazzocchi/FRAG/MedRAG/corpus/wikipedia/index/bm25/_10_Lucene90_0.dvd
7faf333ef000-7faf33682000 r--s 00000000 08:00 45646627                   /home/ubuntu/tbazzocchi/FRAG/MedRAG/corpus/wikipedia/index/bm25/_10.fdt
7faf33682000-7faf336d8000 r--s 00000000 08:00 45646348                   /home/ubuntu/tbazzocchi/FRAG/MedRAG/corpus/wikipedia/index/bm25/_10.nvd
7faf336d8000-7faf33715000 r--s 00000000 08:00 45646355                   /home/ubuntu/tbazzocchi/FRAG/MedRAG/corpus/wikipedia/index/bm25/_10_Lucene90_0.tip
7faf33715000-7faf33dfa000 r--s 00000000 08:00 45646354                   /home/ubuntu/tbazzocchi/FRAG/MedRAG/corpus/wikipedia/index/bm25/_10_Lucene90_0.tim
7faf33dfa000-7faf35e51000 r--s 00000000 08:00 45646353                   /home/ubuntu/tbazzocchi/FRAG/MedRAG/corpus/wikipedia/index/bm25/_10_Lucene90_0.doc
7faf35e51000-7faf36e15000 r--s 00000000 08:00 45646361                   /home/ubuntu/tbazzocchi/FRAG/MedRAG/corpus/wikipedia/index/bm25/_u_Lucene90_0.dvd
7faf36e15000-7faf37335000 r--s 00000000 08:00 45646549                   /home/ubuntu/tbazzocchi/FRAG/MedRAG/corpus/wikipedia/index/bm25/_u.fdt
7faf37335000-7faf373db000 r--s 00000000 08:00 45646359                   /home/ubuntu/tbazzocchi/FRAG/MedRAG/corpus/wikipedia/index/bm25/_u.nvd
7faf373db000-7faf37442000 r--s 00000000 08:00 45646366                   /home/ubuntu/tbazzocchi/FRAG/MedRAG/corpus/wikipedia/index/bm25/_u_Lucene90_0.tip
7faf37442000-7faf38042000 r--s 00000000 08:00 45646365                   /home/ubuntu/tbazzocchi/FRAG/MedRAG/corpus/wikipedia/index/bm25/_u_Lucene90_0.tim
7faf38042000-7faf3bead000 r--s 00000000 08:00 45646364                   /home/ubuntu/tbazzocchi/FRAG/MedRAG/corpus/wikipedia/index/bm25/_u_Lucene90_0.doc
7faf3bead000-7faf3c396000 r--s 00000000 08:00 45646376                   /home/ubuntu/tbazzocchi/FRAG/MedRAG/corpus/wikipedia/index/bm25/_11_Lucene90_0.dvd
7faf3c396000-7faf3c525000 r--s 00000000 08:00 45646640                   /home/ubuntu/tbazzocchi/FRAG/MedRAG/corpus/wikipedia/index/bm25/_11.fdt
7faf3c525000-7faf3c9fb000 r--s 00000000 08:00 45646384                   /home/ubuntu/tbazzocchi/FRAG/MedRAG/corpus/wikipedia/index/bm25/_11_Lucene90_0.tim
7faf3c9fb000-7faf3dd0d000 r--s 00000000 08:00 45646379                   /home/ubuntu/tbazzocchi/FRAG/MedRAG/corpus/wikipedia/index/bm25/_11_Lucene90_0.doc
7faf3dd0d000-7faf3e78c000 r--s 00000000 08:00 45646391                   /home/ubuntu/tbazzocchi/FRAG/MedRAG/corpus/wikipedia/index/bm25/_w_Lucene90_0.dvd
7faf3e78c000-7faf3eaf6000 r--s 00000000 08:00 45646582                   /home/ubuntu/tbazzocchi/FRAG/MedRAG/corpus/wikipedia/index/bm25/_w.fdt
7faf3eaf6000-7faf3eb64000 r--s 00000000 08:00 45646389                   /home/ubuntu/tbazzocchi/FRAG/MedRAG/corpus/wikipedia/index/bm25/_w.nvd
7faf3eb64000-7faf3ebb0000 r--s 00000000 08:00 45646400                   /home/ubuntu/tbazzocchi/FRAG/MedRAG/corpus/wikipedia/index/bm25/_w_Lucene90_0.tip
7faf3ebb0000-7faf3f482000 r--s 00000000 08:00 45646399                   /home/ubuntu/tbazzocchi/FRAG/MedRAG/corpus/wikipedia/index/bm25/_w_Lucene90_0.tim
7faf3f482000-7faf41dda000 r--s 00000000 08:00 45646398                   /home/ubuntu/tbazzocchi/FRAG/MedRAG/corpus/wikipedia/index/bm25/_w_Lucene90_0.doc
7faf41dda000-7faf43a59000 r--s 00000000 08:00 45646406                   /home/ubuntu/tbazzocchi/FRAG/MedRAG/corpus/wikipedia/index/bm25/_p_Lucene90_0.dvd
7faf43a59000-7faf44347000 r--s 00000000 08:00 45646488                   /home/ubuntu/tbazzocchi/FRAG/MedRAG/corpus/wikipedia/index/bm25/_p.fdt
7faf44347000-7faf44472000 r--s 00000000 08:00 45646404                   /home/ubuntu/tbazzocchi/FRAG/MedRAG/corpus/wikipedia/index/bm25/_p.nvd
7faf44472000-7faf4569b000 r--s 00000000 08:00 45646414                   /home/ubuntu/tbazzocchi/FRAG/MedRAG/corpus/wikipedia/index/bm25/_p_Lucene90_0.tim
7faf4569b000-7faf4c736000 r--s 00000000 08:00 45646413                   /home/ubuntu/tbazzocchi/FRAG/MedRAG/corpus/wikipedia/index/bm25/_p_Lucene90_0.doc
7faf4c736000-7faf4cf65000 r--s 00000000 08:00 45646421                   /home/ubuntu/tbazzocchi/FRAG/MedRAG/corpus/wikipedia/index/bm25/_z_Lucene90_0.dvd
7faf4cf65000-7faf4d68e000 r--s 00000000 08:00 45646429                   /home/ubuntu/tbazzocchi/FRAG/MedRAG/corpus/wikipedia/index/bm25/_z_Lucene90_0.tim
7faf4d68e000-7faf4f690000 r--s 00000000 08:00 45646428                   /home/ubuntu/tbazzocchi/FRAG/MedRAG/corpus/wikipedia/index/bm25/_z_Lucene90_0.doc
7faf4f690000-7faf50895000 r--s 00000000 08:00 45646442                   /home/ubuntu/tbazzocchi/FRAG/MedRAG/corpus/wikipedia/index/bm25/_t_Lucene90_0.dvd
7faf50895000-7faf50e71000 r--s 00000000 08:00 45646536                   /home/ubuntu/tbazzocchi/FRAG/MedRAG/corpus/wikipedia/index/bm25/_t.fdt
7faf50e71000-7faf51bc6000 r--s 00000000 08:00 45646446                   /home/ubuntu/tbazzocchi/FRAG/MedRAG/corpus/wikipedia/index/bm25/_t_Lucene90_0.tim
7faf51bc6000-7faf5631f000 r--s 00000000 08:00 45646445                   /home/ubuntu/tbazzocchi/FRAG/MedRAG/corpus/wikipedia/index/bm25/_t_Lucene90_0.doc
7faf5631f000-7faf571c4000 r--s 00000000 08:00 45646457                   /home/ubuntu/tbazzocchi/FRAG/MedRAG/corpus/wikipedia/index/bm25/_v_Lucene90_0.dvd
7faf571c4000-7faf57cd7000 r--s 00000000 08:00 45646301                   /home/ubuntu/tbazzocchi/FRAG/MedRAG/corpus/wikipedia/index/bm25/_v_Lucene90_0.tim
7faf57cd7000-7faf5b68e000 r--s 00000000 08:00 45646296                   /home/ubuntu/tbazzocchi/FRAG/MedRAG/corpus/wikipedia/index/bm25/_v_Lucene90_0.doc
7faf5b68e000-7faf5c000000 r--s 00000000 08:00 45646337                   /home/ubuntu/tbazzocchi/FRAG/MedRAG/corpus/wikipedia/index/bm25/_y_Lucene90_0.dvd
7faf5c000000-7faf5c021000 rw-p 00000000 00:00 0 
7faf5c021000-7faf60000000 ---p 00000000 00:00 0 
7faf60005000-7faf60018000 r--s 00000000 08:00 45646332                   /home/ubuntu/tbazzocchi/FRAG/MedRAG/corpus/wikipedia/index/bm25/_12.nvd
7faf60018000-7faf6002d000 r--s 00000000 08:00 45646342                   /home/ubuntu/tbazzocchi/FRAG/MedRAG/corpus/wikipedia/index/bm25/_12_Lucene90_0.tip
7faf6002d000-7faf600c9000 r--s 00000000 08:00 45646415                   /home/ubuntu/tbazzocchi/FRAG/MedRAG/corpus/wikipedia/index/bm25/_p_Lucene90_0.tip
7faf600c9000-7faf6036b000 r--s 00000000 08:00 45646614                   /home/ubuntu/tbazzocchi/FRAG/MedRAG/corpus/wikipedia/index/bm25/_z.fdt
7faf6036b000-7faf603c1000 r--s 00000000 08:00 45646419                   /home/ubuntu/tbazzocchi/FRAG/MedRAG/corpus/wikipedia/index/bm25/_z.nvd
7faf603c1000-7faf6047f000 r--s 00000000 08:00 45646440                   /home/ubuntu/tbazzocchi/FRAG/MedRAG/corpus/wikipedia/index/bm25/_t.nvd
7faf6047f000-7faf629cc000 r--s 00000000 08:00 45646371                   /home/ubuntu/tbazzocchi/FRAG/MedRAG/corpus/wikipedia/index/bm25/_y_Lucene90_0.doc
7faf629cc000-7faf62a7d000 r--p 00000000 00:62 10237031                   /home/ubuntu/.local/lib/python3.10/site-packages/onnxruntime/capi/onnxruntime_pybind11_state.cpython-310-x86_64-linux-gnu.so
7faf62a7d000-7faf63bb8000 r-xp 000b1000 00:62 10237031                   /home/ubuntu/.local/lib/python3.10/site-packages/onnxruntime/capi/onnxruntime_pybind11_state.cpython-310-x86_64-linux-gnu.so
7faf63bb8000-7faf63fb6000 r--p 011ec000 00:62 10237031                   /home/ubuntu/.local/lib/python3.10/site-packages/onnxruntime/capi/onnxruntime_pybind11_state.cpython-310-x86_64-linux-gnu.so
7faf63fb6000-7faf63ff6000 r--p 015ea000 00:62 10237031                   /home/ubuntu/.local/lib/python3.10/site-packages/onnxruntime/capi/onnxruntime_pybind11_state.cpython-310-x86_64-linux-gnu.so
7faf63ff6000-7faf63ff9000 rw-p 0162a000 00:62 10237031                   /home/ubuntu/.local/lib/python3.10/site-packages/onnxruntime/capi/onnxruntime_pybind11_state.cpython-310-x86_64-linux-gnu.so
7faf63ff9000-7faf64000000 rw-p 00000000 00:00 0 
7faf64000000-7faf64104000 rw-p 00000000 00:00 0 
7faf64104000-7faf68000000 ---p 00000000 00:00 0 
7faf68000000-7faf6b1db000 rw-p 00000000 00:00 0 
7faf6b1db000-7faf6c000000 ---p 00000000 00:00 0 
7faf6c000000-7faf6c1a0000 rw-p 00000000 00:00 0 
7faf6c1a0000-7faf70000000 ---p 00000000 00:00 0 
7faf70000000-7faf70258000 rw-p 00000000 00:00 0 
7faf70258000-7faf74000000 ---p 00000000 00:00 0 
7faf74000000-7faf74021000 rw-p 00000000 00:00 0 
7faf74021000-7faf78000000 ---p 00000000 00:00 0 
7faf78000000-7faf781b0000 rw-p 00000000 00:00 0 
7faf781b0000-7faf7c000000 ---p 00000000 00:00 0 
7faf7c000000-7faf7c021000 rw-p 00000000 00:00 0 
7faf7c021000-7faf80000000 ---p 00000000 00:00 0 
7faf80000000-7faf80021000 rw-p 00000000 00:00 0 
7faf80021000-7faf84000000 ---p 00000000 00:00 0 
7faf84000000-7faf841e8000 rw-p 00000000 00:00 0 
7faf841e8000-7faf88000000 ---p 00000000 00:00 0 
7faf88000000-7faf88021000 rw-p 00000000 00:00 0 
7faf88021000-7faf8c000000 ---p 00000000 00:00 0 
7faf8c000000-7faf8c021000 rw-p 00000000 00:00 0 
7faf8c021000-7faf90000000 ---p 00000000 00:00 0 
7faf90000000-7faf91497000 rw-p 00000000 00:00 0 
7faf91497000-7faf94000000 ---p 00000000 00:00 0 
7faf94000000-7faf94021000 rw-p 00000000 00:00 0 
7faf94021000-7faf98000000 ---p 00000000 00:00 0 
7faf98000000-7faf98021000 rw-p 00000000 00:00 0 
7faf98021000-7faf9c000000 ---p 00000000 00:00 0 
7faf9c000000-7faf9c021000 rw-p 00000000 00:00 0 
7faf9c021000-7fafa0000000 ---p 00000000 00:00 0 
7fafa0000000-7fafa0021000 rw-p 00000000 00:00 0 
7fafa0021000-7fafa4000000 ---p 00000000 00:00 0 
7fafa4000000-7fafa4021000 rw-p 00000000 00:00 0 
7fafa4021000-7fafa8000000 ---p 00000000 00:00 0 
7fafa8002000-7fafa8035000 r--s 00000000 08:00 45646374                   /home/ubuntu/tbazzocchi/FRAG/MedRAG/corpus/wikipedia/index/bm25/_11.nvd
7fafa8035000-7fafa8073000 r--s 00000000 08:00 45646430                   /home/ubuntu/tbazzocchi/FRAG/MedRAG/corpus/wikipedia/index/bm25/_z_Lucene90_0.tip
7fafa8073000-7fafa80e6000 r--s 00000000 08:00 45646447                   /home/ubuntu/tbazzocchi/FRAG/MedRAG/corpus/wikipedia/index/bm25/_t_Lucene90_0.tip
7fafa80e6000-7fafa859f000 r--s 00000000 08:00 45646562                   /home/ubuntu/tbazzocchi/FRAG/MedRAG/corpus/wikipedia/index/bm25/_v.fdt
7fafa859f000-7fafa8639000 r--s 00000000 08:00 45646455                   /home/ubuntu/tbazzocchi/FRAG/MedRAG/corpus/wikipedia/index/bm25/_v.nvd
7fafa8639000-7fafa8699000 r--s 00000000 08:00 45646307                   /home/ubuntu/tbazzocchi/FRAG/MedRAG/corpus/wikipedia/index/bm25/_v_Lucene90_0.tip
7fafa8699000-7fafa89ae000 r--s 00000000 08:00 45646598                   /home/ubuntu/tbazzocchi/FRAG/MedRAG/corpus/wikipedia/index/bm25/_y.fdt
7fafa89ae000-7fafa8a12000 r--s 00000000 08:00 45646327                   /home/ubuntu/tbazzocchi/FRAG/MedRAG/corpus/wikipedia/index/bm25/_y.nvd
7fafa8a12000-7fafa922c000 r--s 00000000 08:00 45646380                   /home/ubuntu/tbazzocchi/FRAG/MedRAG/corpus/wikipedia/index/bm25/_y_Lucene90_0.tim
7fafa922c000-7fafa942c000 rw-p 00000000 00:00 0 
7fafa942c000-7fafa942d000 ---p 00000000 00:00 0 
7fafa942d000-7fafa9d2d000 rw-p 00000000 00:00 0 
7fafa9d2d000-7fafaa32d000 rw-p 00000000 00:00 0 
7fafaa32d000-7fafaa331000 ---p 00000000 00:00 0 
7fafaa331000-7fafaa42d000 rw-p 00000000 00:00 0 
7fafaa42d000-7fafaa42e000 ---p 00000000 00:00 0 
7fafaa42e000-7fafaa52e000 rw-p 00000000 00:00 0 
7fafaa52e000-7fafaa532000 ---p 00000000 00:00 0 
7fafaa532000-7fafaa62e000 rw-p 00000000 00:00 0 
7fafaa62e000-7fafaa632000 ---p 00000000 00:00 0 
7fafaa632000-7fafaa72e000 rw-p 00000000 00:00 0 
7fafaa72e000-7fafaa732000 ---p 00000000 00:00 0 
7fafaa732000-7fafaa82e000 rw-p 00000000 00:00 0 
7fafaa82e000-7fafaa832000 ---p 00000000 00:00 0 
7fafaa832000-7fafaa92e000 rw-p 00000000 00:00 0 
7fafaa92e000-7fafaa932000 ---p 00000000 00:00 0 
7fafaa932000-7fafaaa2e000 rw-p 00000000 00:00 0 
7fafaaa2e000-7fafaaa32000 ---p 00000000 00:00 0 
7fafaaa32000-7fafaab2e000 rw-p 00000000 00:00 0 
7fafaab2e000-7fafaab32000 ---p 00000000 00:00 0 
7fafaab32000-7fafaac2e000 rw-p 00000000 00:00 0 
7fafaac2e000-7fafaac32000 ---p 00000000 00:00 0 
7fafaac32000-7fafaad2e000 rw-p 00000000 00:00 0 
7fafaad2e000-7fafaad32000 ---p 00000000 00:00 0 
7fafaad32000-7fafaae2e000 rw-p 00000000 00:00 0 
7fafaae2e000-7fafaae2f000 ---p 00000000 00:00 0 
7fafaae2f000-7fafaaf2f000 rw-p 00000000 00:00 0 
7fafaaf2f000-7fafaaf34000 r--p 00000000 00:62 10553174                   /usr/lib/jvm/java-17-openjdk-amd64/lib/libjsvml.so
7fafaaf34000-7fafaaf75000 r-xp 00005000 00:62 10553174                   /usr/lib/jvm/java-17-openjdk-amd64/lib/libjsvml.so
7fafaaf75000-7fafaaffe000 r--p 00046000 00:62 10553174                   /usr/lib/jvm/java-17-openjdk-amd64/lib/libjsvml.so
7fafaaffe000-7fafaafff000 r--p 000ce000 00:62 10553174                   /usr/lib/jvm/java-17-openjdk-amd64/lib/libjsvml.so
7fafaafff000-7fafab000000 rw-p 000cf000 00:62 10553174                   /usr/lib/jvm/java-17-openjdk-amd64/lib/libjsvml.so
7fafab000000-7fafab400000 rw-p 00000000 00:00 0 
7fafab400000-7fafab900000 rw-p 00000000 00:00 0 
7fafab900000-7fafabf00000 rw-p 00000000 00:00 0 
7fafabf00000-7fafabf60000 rw-p 00000000 00:00 0 
7fafabf60000-7fafac000000 ---p 00000000 00:00 0 
7fafac000000-7fafac0c0000 rw-p 00000000 00:00 0 
7fafac0c0000-7fafaf000000 ---p 00000000 00:00 0 
7fafaf000000-7fafaf455000 rw-p 00001000 00:62 10553192                   /usr/lib/jvm/java-17-openjdk-amd64/lib/server/classes.jsa
7fafaf455000-7fafafbca000 rw-p 00456000 00:62 10553192                   /usr/lib/jvm/java-17-openjdk-amd64/lib/server/classes.jsa
7fafafbca000-7fafb0000000 ---p 00000000 00:00 0 
7fafb0000000-7fafb0040000 rw-p 00000000 00:00 0 
7fafb0040000-7fafb0080000 rw-p 00000000 00:00 0 
7fafb0080000-7fafb00e0000 rw-p 00000000 00:00 0 
7fafb00e0000-7fafb0140000 rw-p 00000000 00:00 0 
7fafb0140000-7fafb0230000 rw-p 00000000 00:00 0 
7fafb0230000-7faff0000000 ---p 00000000 00:00 0 
7faff0000000-7faff0021000 rw-p 00000000 00:00 0 
7faff0021000-7faff4000000 ---p 00000000 00:00 0 
7faff4000000-7faff4021000 rw-p 00000000 00:00 0 
7faff4021000-7faff8000000 ---p 00000000 00:00 0 
7faff8000000-7faff8021000 rw-p 00000000 00:00 0 
7faff8021000-7faffc000000 ---p 00000000 00:00 0 
7faffc000000-7faffc021000 rw-p 00000000 00:00 0 
7faffc021000-7fb000000000 ---p 00000000 00:00 0 
7fb000000000-7fb000021000 rw-p 00000000 00:00 0 
7fb000021000-7fb004000000 ---p 00000000 00:00 0 
7fb004002000-7fb004008000 r--s 00000000 08:00 45646521                   /home/ubuntu/tbazzocchi/FRAG/MedRAG/corpus/wikipedia/index/bm25/_s.fdx
7fb004008000-7fb004010000 r--s 00000000 08:00 45646502                   /home/ubuntu/tbazzocchi/FRAG/MedRAG/corpus/wikipedia/index/bm25/_13.fdx
7fb004010000-7fb00403a000 r--s 00000000 08:00 45646385                   /home/ubuntu/tbazzocchi/FRAG/MedRAG/corpus/wikipedia/index/bm25/_11_Lucene90_0.tip
7fb00403a000-7fb004080000 r--s 00000000 08:00 45646381                   /home/ubuntu/tbazzocchi/FRAG/MedRAG/corpus/wikipedia/index/bm25/_y_Lucene90_0.tip
7fb004080000-7fb004082000 r--p 00000000 00:62 10553178                   /usr/lib/jvm/java-17-openjdk-amd64/lib/libmanagement_ext.so
7fb004082000-7fb004085000 r-xp 00002000 00:62 10553178                   /usr/lib/jvm/java-17-openjdk-amd64/lib/libmanagement_ext.so
7fb004085000-7fb004087000 r--p 00005000 00:62 10553178                   /usr/lib/jvm/java-17-openjdk-amd64/lib/libmanagement_ext.so
7fb004087000-7fb004088000 r--p 00006000 00:62 10553178                   /usr/lib/jvm/java-17-openjdk-amd64/lib/libmanagement_ext.so
7fb004088000-7fb004089000 rw-p 00007000 00:62 10553178                   /usr/lib/jvm/java-17-openjdk-amd64/lib/libmanagement_ext.so
7fb004089000-7fb00408b000 r--p 00000000 00:62 10553188                   /usr/lib/jvm/java-17-openjdk-amd64/lib/libzip.so
7fb00408b000-7fb004090000 r-xp 00002000 00:62 10553188                   /usr/lib/jvm/java-17-openjdk-amd64/lib/libzip.so
7fb004090000-7fb004092000 r--p 00007000 00:62 10553188                   /usr/lib/jvm/java-17-openjdk-amd64/lib/libzip.so
7fb004092000-7fb004093000 r--p 00008000 00:62 10553188                   /usr/lib/jvm/java-17-openjdk-amd64/lib/libzip.so
7fb004093000-7fb004094000 rw-p 00009000 00:62 10553188                   /usr/lib/jvm/java-17-openjdk-amd64/lib/libzip.so
7fb004094000-7fb004098000 r--p 00000000 00:62 10553180                   /usr/lib/jvm/java-17-openjdk-amd64/lib/libnet.so
7fb004098000-7fb0040a6000 r-xp 00004000 00:62 10553180                   /usr/lib/jvm/java-17-openjdk-amd64/lib/libnet.so
7fb0040a6000-7fb0040aa000 r--p 00012000 00:62 10553180                   /usr/lib/jvm/java-17-openjdk-amd64/lib/libnet.so
7fb0040aa000-7fb0040ab000 r--p 00015000 00:62 10553180                   /usr/lib/jvm/java-17-openjdk-amd64/lib/libnet.so
7fb0040ab000-7fb0040ac000 rw-p 00016000 00:62 10553180                   /usr/lib/jvm/java-17-openjdk-amd64/lib/libnet.so
7fb0040ac000-7fb0040ad000 ---p 00000000 00:00 0 
7fb0040ad000-7fb0041ad000 rw-p 00000000 00:00 0 
7fb0041ad000-7fb0041ae000 ---p 00000000 00:00 0 
7fb0041ae000-7fb0062ae000 rw-p 00000000 00:00 0 
7fb0062ae000-7fb0062af000 ---p 00000000 00:00 0 
7fb0062af000-7fb0063af000 rw-p 00000000 00:00 0 
7fb0063af000-7fb0063b0000 ---p 00000000 00:00 0 
7fb0063b0000-7fb0064b0000 rw-p 00000000 00:00 0 
7fb0064b0000-7fb0064b1000 ---p 00000000 00:00 0 
7fb0064b1000-7fb0086a5000 rw-p 00000000 00:00 0 
7fb0086a5000-7fb0245a5000 ---p 00000000 00:00 0 
7fb0245a5000-7fb026625000 rw-p 00000000 00:00 0 
7fb026625000-7fb042525000 ---p 00000000 00:00 0 
7fb042525000-7fb0429a5000 rw-p 00000000 00:00 0 
7fb0429a5000-7fb046185000 ---p 00000000 00:00 0 
7fb046185000-7fb046595000 rw-p 00000000 00:00 0 
7fb046595000-7fb049d75000 ---p 00000000 00:00 0 
7fb049d75000-7fb04a185000 rw-p 00000000 00:00 0 
7fb04a185000-7fb04d965000 ---p 00000000 00:00 0 
7fb04d965000-7fb04d97a000 rw-p 00000000 00:00 0 
7fb04d97a000-7fb04da5e000 ---p 00000000 00:00 0 
7fb04da5e000-7fb04da67000 rw-p 00000000 00:00 0 
7fb04da67000-7fb04db47000 ---p 00000000 00:00 0 
7fb04db47000-7fb04df57000 rwxp 00000000 00:00 0 
7fb04df57000-7fb054fa6000 ---p 00000000 00:00 0 
7fb054fa6000-7fb0552b6000 rwxp 00000000 00:00 0 
7fb0552b6000-7fb0556e7000 ---p 00000000 00:00 0 
7fb0556e7000-7fb055957000 rwxp 00000000 00:00 0 
7fb055957000-7fb05cb47000 ---p 00000000 00:00 0 
7fb05cb47000-7fb0645fc000 r--s 00000000 00:62 10553189                   /usr/lib/jvm/java-17-openjdk-amd64/lib/modules
7fb0645fc000-7fb06484d000 r--p 00000000 00:62 10553195                   /usr/lib/jvm/java-17-openjdk-amd64/lib/server/libjvm.so
7fb06484d000-7fb0655c2000 r-xp 00251000 00:62 10553195                   /usr/lib/jvm/java-17-openjdk-amd64/lib/server/libjvm.so
7fb0655c2000-7fb065845000 r--p 00fc6000 00:62 10553195                   /usr/lib/jvm/java-17-openjdk-amd64/lib/server/libjvm.so
7fb065845000-7fb065846000 ---p 01249000 00:62 10553195                   /usr/lib/jvm/java-17-openjdk-amd64/lib/server/libjvm.so
7fb065846000-7fb0658fe000 r--p 01249000 00:62 10553195                   /usr/lib/jvm/java-17-openjdk-amd64/lib/server/libjvm.so
7fb0658fe000-7fb065933000 rw-p 01301000 00:62 10553195                   /usr/lib/jvm/java-17-openjdk-amd64/lib/server/libjvm.so
7fb065933000-7fb06598d000 rw-p 00000000 00:00 0 
7fb06598d000-7fb065997000 r--p 00000000 00:62 10171408                   /home/ubuntu/.local/lib/python3.10/site-packages/jnius/jnius.cpython-310-x86_64-linux-gnu.so
7fb065997000-7fb065a12000 r-xp 0000a000 00:62 10171408                   /home/ubuntu/.local/lib/python3.10/site-packages/jnius/jnius.cpython-310-x86_64-linux-gnu.so
7fb065a12000-7fb065a21000 r--p 00085000 00:62 10171408                   /home/ubuntu/.local/lib/python3.10/site-packages/jnius/jnius.cpython-310-x86_64-linux-gnu.so
7fb065a21000-7fb065a24000 r--p 00093000 00:62 10171408                   /home/ubuntu/.local/lib/python3.10/site-packages/jnius/jnius.cpython-310-x86_64-linux-gnu.so
7fb065a24000-7fb065a28000 rw-p 00096000 00:62 10171408                   /home/ubuntu/.local/lib/python3.10/site-packages/jnius/jnius.cpython-310-x86_64-linux-gnu.so
7fb065a28000-7fb065e29000 rw-p 00000000 00:00 0 
7fb065e29000-7fb065f57000 r--p 00000000 00:62 10171480                   /home/ubuntu/.local/lib/python3.10/site-packages/faiss/_swigfaiss_avx2.cpython-310-x86_64-linux-gnu.so
7fb065f57000-7fb065f5b000 r-xp 0012e000 00:62 10171480                   /home/ubuntu/.local/lib/python3.10/site-packages/faiss/_swigfaiss_avx2.cpython-310-x86_64-linux-gnu.so
7fb065f5b000-7fb065f61000 ---p 00132000 00:62 10171480                   /home/ubuntu/.local/lib/python3.10/site-packages/faiss/_swigfaiss_avx2.cpython-310-x86_64-linux-gnu.so
7fb065f61000-7fb067c8e000 r-xp 00138000 00:62 10171480                   /home/ubuntu/.local/lib/python3.10/site-packages/faiss/_swigfaiss_avx2.cpython-310-x86_64-linux-gnu.so
7fb067c8e000-7fb067f15000 r--p 01e65000 00:62 10171480                   /home/ubuntu/.local/lib/python3.10/site-packages/faiss/_swigfaiss_avx2.cpython-310-x86_64-linux-gnu.so
7fb067f15000-7fb067f24000 r--p 020eb000 00:62 10171480                   /home/ubuntu/.local/lib/python3.10/site-packages/faiss/_swigfaiss_avx2.cpython-310-x86_64-linux-gnu.so
7fb067f24000-7fb067f65000 rw-p 020fa000 00:62 10171480                   /home/ubuntu/.local/lib/python3.10/site-packages/faiss/_swigfaiss_avx2.cpython-310-x86_64-linux-gnu.so
7fb067f65000-7fb067f71000 rw-p 00000000 00:00 0 
7fb067f71000-7fb067fc2000 rw-p 0213c000 00:62 10171480                   /home/ubuntu/.local/lib/python3.10/site-packages/faiss/_swigfaiss_avx2.cpython-310-x86_64-linux-gnu.so
7fb067fc2000-7fb068000000 rw-p 0218d000 00:62 10171480                   /home/ubuntu/.local/lib/python3.10/site-packages/faiss/_swigfaiss_avx2.cpython-310-x86_64-linux-gnu.so
7fb068000000-7fb068200000 rw-p 00000000 00:00 0 
7fb068200000-7fb068203000 r-xp 00000000 00:62 10100089                   /home/ubuntu/.local/lib/python3.10/site-packages/pillow.libs/libXau-154567c4.so.6.0.0
7fb068203000-7fb068402000 ---p 00003000 00:62 10100089                   /home/ubuntu/.local/lib/python3.10/site-packages/pillow.libs/libXau-154567c4.so.6.0.0
7fb068402000-7fb068403000 r--p 00002000 00:62 10100089                   /home/ubuntu/.local/lib/python3.10/site-packages/pillow.libs/libXau-154567c4.so.6.0.0
7fb068403000-7fb068404000 rw-p 00000000 00:00 0 
7fb068404000-7fb068405000 rw-p 00005000 00:62 10100089                   /home/ubuntu/.local/lib/python3.10/site-packages/pillow.libs/libXau-154567c4.so.6.0.0
7fb068408000-7fb068409000 r--p 00000000 00:62 10237028                   /home/ubuntu/.local/lib/python3.10/site-packages/onnxruntime/capi/libonnxruntime_providers_shared.so
7fb068409000-7fb06840a000 r-xp 00001000 00:62 10237028                   /home/ubuntu/.local/lib/python3.10/site-packages/onnxruntime/capi/libonnxruntime_providers_shared.so
7fb06840a000-7fb06840b000 r--p 00002000 00:62 10237028                   /home/ubuntu/.local/lib/python3.10/site-packages/onnxruntime/capi/libonnxruntime_providers_shared.so
7fb06840b000-7fb06840c000 r--p 00002000 00:62 10237028                   /home/ubuntu/.local/lib/python3.10/site-packages/onnxruntime/capi/libonnxruntime_providers_shared.so
7fb06840c000-7fb06840d000 rw-p 00000000 00:00 0 
7fb06840d000-7fb068414000 r--p 00000000 00:62 10553181                   /usr/lib/jvm/java-17-openjdk-amd64/lib/libnio.so
7fb068414000-7fb06841d000 r-xp 00007000 00:62 10553181                   /usr/lib/jvm/java-17-openjdk-amd64/lib/libnio.so
7fb06841d000-7fb068421000 r--p 00010000 00:62 10553181                   /usr/lib/jvm/java-17-openjdk-amd64/lib/libnio.so
7fb068421000-7fb068422000 ---p 00014000 00:62 10553181                   /usr/lib/jvm/java-17-openjdk-amd64/lib/libnio.so
7fb068422000-7fb068423000 r--p 00014000 00:62 10553181                   /usr/lib/jvm/java-17-openjdk-amd64/lib/libnio.so
7fb068423000-7fb068424000 rw-p 00015000 00:62 10553181                   /usr/lib/jvm/java-17-openjdk-amd64/lib/libnio.so
7fb068424000-7fb06842b000 rw-p 00000000 00:00 0 
7fb06842b000-7fb068433000 ---p 00000000 00:00 0 
7fb068433000-7fb06843f000 r--p 00000000 00:62 10553167                   /usr/lib/jvm/java-17-openjdk-amd64/lib/libjava.so
7fb06843f000-7fb068452000 r-xp 0000c000 00:62 10553167                   /usr/lib/jvm/java-17-openjdk-amd64/lib/libjava.so
7fb068452000-7fb068458000 r--p 0001f000 00:62 10553167                   /usr/lib/jvm/java-17-openjdk-amd64/lib/libjava.so
7fb068458000-7fb068459000 r--p 00024000 00:62 10553167                   /usr/lib/jvm/java-17-openjdk-amd64/lib/libjava.so
7fb068459000-7fb06845a000 rw-p 00025000 00:62 10553167                   /usr/lib/jvm/java-17-openjdk-amd64/lib/libjava.so
7fb06845a000-7fb06855b000 rw-p 00000000 00:00 0 
7fb06855b000-7fb06855f000 r--p 00000000 00:62 10100097                   /home/ubuntu/.local/lib/python3.10/site-packages/pillow.libs/liblzma-64b7ab39.so.5.8.1
7fb06855f000-7fb06858c000 r-xp 00004000 00:62 10100097                   /home/ubuntu/.local/lib/python3.10/site-packages/pillow.libs/liblzma-64b7ab39.so.5.8.1
7fb06858c000-7fb068599000 r--p 00031000 00:62 10100097                   /home/ubuntu/.local/lib/python3.10/site-packages/pillow.libs/liblzma-64b7ab39.so.5.8.1
7fb068599000-7fb06859a000 r--p 0003e000 00:62 10100097                   /home/ubuntu/.local/lib/python3.10/site-packages/pillow.libs/liblzma-64b7ab39.so.5.8.1
7fb06859a000-7fb06859b000 rw-p 0003f000 00:62 10100097                   /home/ubuntu/.local/lib/python3.10/site-packages/pillow.libs/liblzma-64b7ab39.so.5.8.1
7fb06859b000-7fb06859d000 rw-p 00040000 00:62 10100097                   /home/ubuntu/.local/lib/python3.10/site-packages/pillow.libs/liblzma-64b7ab39.so.5.8.1
7fb06859d000-7fb0685a9000 r--p 00000000 00:62 10100105                   /home/ubuntu/.local/lib/python3.10/site-packages/pillow.libs/libxcb-64009ff3.so.1.1.0
7fb0685a9000-7fb0685c4000 r-xp 0000c000 00:62 10100105                   /home/ubuntu/.local/lib/python3.10/site-packages/pillow.libs/libxcb-64009ff3.so.1.1.0
7fb0685c4000-7fb0685ce000 r--p 00027000 00:62 10100105                   /home/ubuntu/.local/lib/python3.10/site-packages/pillow.libs/libxcb-64009ff3.so.1.1.0
7fb0685ce000-7fb0685cf000 r--p 00030000 00:62 10100105                   /home/ubuntu/.local/lib/python3.10/site-packages/pillow.libs/libxcb-64009ff3.so.1.1.0
7fb0685cf000-7fb0685d0000 rw-p 00031000 00:62 10100105                   /home/ubuntu/.local/lib/python3.10/site-packages/pillow.libs/libxcb-64009ff3.so.1.1.0
7fb0685d0000-7fb0685d6000 rw-p 00033000 00:62 10100105                   /home/ubuntu/.local/lib/python3.10/site-packages/pillow.libs/libxcb-64009ff3.so.1.1.0
7fb0685d6000-7fb0685db000 rw-p 00039000 00:62 10100105                   /home/ubuntu/.local/lib/python3.10/site-packages/pillow.libs/libxcb-64009ff3.so.1.1.0
7fb0685db000-7fb0685e3000 r--p 00000000 00:62 10100098                   /home/ubuntu/.local/lib/python3.10/site-packages/pillow.libs/libopenjp2-56811f71.so.2.5.3
7fb0685e3000-7fb068652000 r-xp 00008000 00:62 10100098                   /home/ubuntu/.local/lib/python3.10/site-packages/pillow.libs/libopenjp2-56811f71.so.2.5.3
7fb068652000-7fb068665000 r--p 00077000 00:62 10100098                   /home/ubuntu/.local/lib/python3.10/site-packages/pillow.libs/libopenjp2-56811f71.so.2.5.3
7fb068665000-7fb068666000 r--p 0008a000 00:62 10100098                   /home/ubuntu/.local/lib/python3.10/site-packages/pillow.libs/libopenjp2-56811f71.so.2.5.3
7fb068666000-7fb068667000 rw-p 0008b000 00:62 10100098                   /home/ubuntu/.local/lib/python3.10/site-packages/pillow.libs/libopenjp2-56811f71.so.2.5.3
7fb068667000-7fb06866a000 rw-p 0008d000 00:62 10100098                   /home/ubuntu/.local/lib/python3.10/site-packages/pillow.libs/libopenjp2-56811f71.so.2.5.3
7fb06866a000-7fb068670000 r--p 00000000 00:62 10100095                   /home/ubuntu/.local/lib/python3.10/site-packages/pillow.libs/libjpeg-8a13c6e0.so.62.4.0
7fb068670000-7fb068707000 r-xp 00006000 00:62 10100095                   /home/ubuntu/.local/lib/python3.10/site-packages/pillow.libs/libjpeg-8a13c6e0.so.62.4.0
7fb068707000-7fb068730000 r--p 0009d000 00:62 10100095                   /home/ubuntu/.local/lib/python3.10/site-packages/pillow.libs/libjpeg-8a13c6e0.so.62.4.0
7fb068730000-7fb068731000 r--p 000c6000 00:62 10100095                   /home/ubuntu/.local/lib/python3.10/site-packages/pillow.libs/libjpeg-8a13c6e0.so.62.4.0
7fb068731000-7fb068732000 rw-p 000c7000 00:62 10100095                   /home/ubuntu/.local/lib/python3.10/site-packages/pillow.libs/libjpeg-8a13c6e0.so.62.4.0
7fb068732000-7fb068734000 rw-p 000c8000 00:62 10100095                   /home/ubuntu/.local/lib/python3.10/site-packages/pillow.libs/libjpeg-8a13c6e0.so.62.4.0
7fb068734000-7fb068736000 rw-p 000ca000 00:62 10100095                   /home/ubuntu/.local/lib/python3.10/site-packages/pillow.libs/libjpeg-8a13c6e0.so.62.4.0
7fb068736000-7fb06873e000 r--p 00000000 00:62 10100101                   /home/ubuntu/.local/lib/python3.10/site-packages/pillow.libs/libtiff-13a02c81.so.6.1.0
7fb06873e000-7fb0687b1000 r-xp 00008000 00:62 10100101                   /home/ubuntu/.local/lib/python3.10/site-packages/pillow.libs/libtiff-13a02c81.so.6.1.0
7fb0687b1000-7fb0687e3000 r--p 0007b000 00:62 10100101                   /home/ubuntu/.local/lib/python3.10/site-packages/pillow.libs/libtiff-13a02c81.so.6.1.0
7fb0687e3000-7fb0687e7000 r--p 000ad000 00:62 10100101                   /home/ubuntu/.local/lib/python3.10/site-packages/pillow.libs/libtiff-13a02c81.so.6.1.0
7fb0687e7000-7fb0687e8000 rw-p 000b1000 00:62 10100101                   /home/ubuntu/.local/lib/python3.10/site-packages/pillow.libs/libtiff-13a02c81.so.6.1.0
7fb0687e8000-7fb0687ea000 rw-p 000b3000 00:62 10100101                   /home/ubuntu/.local/lib/python3.10/site-packages/pillow.libs/libtiff-13a02c81.so.6.1.0
7fb0687ea000-7fb0687ec000 rw-p 000b5000 00:62 10100101                   /home/ubuntu/.local/lib/python3.10/site-packages/pillow.libs/libtiff-13a02c81.so.6.1.0
7fb0687ec000-7fb068800000 r--p 00000000 00:62 10100067                   /home/ubuntu/.local/lib/python3.10/site-packages/PIL/_imaging.cpython-310-x86_64-linux-gnu.so
7fb068800000-7fb068886000 r-xp 00014000 00:62 10100067                   /home/ubuntu/.local/lib/python3.10/site-packages/PIL/_imaging.cpython-310-x86_64-linux-gnu.so
7fb068886000-7fb068897000 r--p 0009a000 00:62 10100067                   /home/ubuntu/.local/lib/python3.10/site-packages/PIL/_imaging.cpython-310-x86_64-linux-gnu.so
7fb068897000-7fb06889b000 r--p 000ab000 00:62 10100067                   /home/ubuntu/.local/lib/python3.10/site-packages/PIL/_imaging.cpython-310-x86_64-linux-gnu.so
7fb06889b000-7fb06889f000 rw-p 000af000 00:62 10100067                   /home/ubuntu/.local/lib/python3.10/site-packages/PIL/_imaging.cpython-310-x86_64-linux-gnu.so
7fb06889f000-7fb0688a3000 rw-p 0032a000 00:62 10100067                   /home/ubuntu/.local/lib/python3.10/site-packages/PIL/_imaging.cpython-310-x86_64-linux-gnu.so
7fb0688a3000-7fb0688a6000 rw-p 0032e000 00:62 10100067                   /home/ubuntu/.local/lib/python3.10/site-packages/PIL/_imaging.cpython-310-x86_64-linux-gnu.so
7fb0688a6000-7fb0689a6000 rw-p 00000000 00:00 0 
7fb0689a6000-7fb0689ab000 r--p 00000000 00:62 10173769                   /home/ubuntu/.local/lib/python3.10/site-packages/pyarrow/_json.cpython-310-x86_64-linux-gnu.so
7fb0689ab000-7fb0689b9000 r-xp 00005000 00:62 10173769                   /home/ubuntu/.local/lib/python3.10/site-packages/pyarrow/_json.cpython-310-x86_64-linux-gnu.so
7fb0689b9000-7fb0689be000 r--p 00013000 00:62 10173769                   /home/ubuntu/.local/lib/python3.10/site-packages/pyarrow/_json.cpython-310-x86_64-linux-gnu.so
7fb0689be000-7fb0689bf000 r--p 00018000 00:62 10173769                   /home/ubuntu/.local/lib/python3.10/site-packages/pyarrow/_json.cpython-310-x86_64-linux-gnu.so
7fb0689bf000-7fb0689c1000 rw-p 00019000 00:62 10173769                   /home/ubuntu/.local/lib/python3.10/site-packages/pyarrow/_json.cpython-310-x86_64-linux-gnu.so
7fb0689c1000-7fb068bc1000 rw-p 00000000 00:00 0 
7fb068bc1000-7fb068bc4000 r--p 00000000 00:62 10171548                   /home/ubuntu/.local/lib/python3.10/site-packages/xxhash/_xxhash.cpython-310-x86_64-linux-gnu.so
7fb068bc4000-7fb068bcf000 r-xp 00003000 00:62 10171548                   /home/ubuntu/.local/lib/python3.10/site-packages/xxhash/_xxhash.cpython-310-x86_64-linux-gnu.so
7fb068bcf000-7fb068bd2000 r--p 0000e000 00:62 10171548                   /home/ubuntu/.local/lib/python3.10/site-packages/xxhash/_xxhash.cpython-310-x86_64-linux-gnu.so
7fb068bd2000-7fb068bd3000 r--p 00010000 00:62 10171548                   /home/ubuntu/.local/lib/python3.10/site-packages/xxhash/_xxhash.cpython-310-x86_64-linux-gnu.so
7fb068bd3000-7fb068bd5000 rw-p 00011000 00:62 10171548                   /home/ubuntu/.local/lib/python3.10/site-packages/xxhash/_xxhash.cpython-310-x86_64-linux-gnu.so
7fb068bd5000-7fb068dd5000 rw-p 00000000 00:00 0 
7fb068dd5000-7fb068ddc000 r--p 00000000 00:62 10173784                   /home/ubuntu/.local/lib/python3.10/site-packages/pyarrow/_s3fs.cpython-310-x86_64-linux-gnu.so
7fb068ddc000-7fb068df7000 r-xp 00007000 00:62 10173784                   /home/ubuntu/.local/lib/python3.10/site-packages/pyarrow/_s3fs.cpython-310-x86_64-linux-gnu.so
7fb068df7000-7fb068dfe000 r--p 00022000 00:62 10173784                   /home/ubuntu/.local/lib/python3.10/site-packages/pyarrow/_s3fs.cpython-310-x86_64-linux-gnu.so
7fb068dfe000-7fb068dff000 r--p 00029000 00:62 10173784                   /home/ubuntu/.local/lib/python3.10/site-packages/pyarrow/_s3fs.cpython-310-x86_64-linux-gnu.so
7fb068dff000-7fb068e01000 rw-p 0002a000 00:62 10173784                   /home/ubuntu/.local/lib/python3.10/site-packages/pyarrow/_s3fs.cpython-310-x86_64-linux-gnu.so
7fb068e01000-7fb068e07000 r--p 00000000 00:62 10173764                   /home/ubuntu/.local/lib/python3.10/site-packages/pyarrow/_gcsfs.cpython-310-x86_64-linux-gnu.so
7fb068e07000-7fb068e17000 r-xp 00006000 00:62 10173764                   /home/ubuntu/.local/lib/python3.10/site-packages/pyarrow/_gcsfs.cpython-310-x86_64-linux-gnu.so
7fb068e17000-7fb068e1b000 r--p 00016000 00:62 10173764                   /home/ubuntu/.local/lib/python3.10/site-packages/pyarrow/_gcsfs.cpython-310-x86_64-linux-gnu.so
7fb068e1b000-7fb068e1c000 r--p 0001a000 00:62 10173764                   /home/ubuntu/.local/lib/python3.10/site-packages/pyarrow/_gcsfs.cpython-310-x86_64-linux-gnu.so
7fb068e1c000-7fb068e1d000 rw-p 0001b000 00:62 10173764                   /home/ubuntu/.local/lib/python3.10/site-packages/pyarrow/_gcsfs.cpython-310-x86_64-linux-gnu.so
7fb068e1d000-7fb068e1e000 rw-p 00000000 00:00 0 
7fb068e1e000-7fb068e24000 r--p 00000000 00:62 10173767                   /home/ubuntu/.local/lib/python3.10/site-packages/pyarrow/_hdfs.cpython-310-x86_64-linux-gnu.so
7fb068e24000-7fb068e34000 r-xp 00006000 00:62 10173767                   /home/ubuntu/.local/lib/python3.10/site-packages/pyarrow/_hdfs.cpython-310-x86_64-linux-gnu.so
7fb068e34000-7fb068e38000 r--p 00016000 00:62 10173767                   /home/ubuntu/.local/lib/python3.10/site-packages/pyarrow/_hdfs.cpython-310-x86_64-linux-gnu.so
7fb068e38000-7fb068e39000 r--p 0001a000 00:62 10173767                   /home/ubuntu/.local/lib/python3.10/site-packages/pyarrow/_hdfs.cpython-310-x86_64-linux-gnu.so
7fb068e39000-7fb068e3a000 rw-p 0001b000 00:62 10173767                   /home/ubuntu/.local/lib/python3.10/site-packages/pyarrow/_hdfs.cpython-310-x86_64-linux-gnu.so
7fb068e3a000-7fb068e3b000 rw-p 00000000 00:00 0 
7fb068e3b000-7fb068e40000 r--p 00000000 00:62 10173735                   /home/ubuntu/.local/lib/python3.10/site-packages/pyarrow/_azurefs.cpython-310-x86_64-linux-gnu.so
7fb068e40000-7fb068e50000 r-xp 00005000 00:62 10173735                   /home/ubuntu/.local/lib/python3.10/site-packages/pyarrow/_azurefs.cpython-310-x86_64-linux-gnu.so
7fb068e50000-7fb068e54000 r--p 00015000 00:62 10173735                   /home/ubuntu/.local/lib/python3.10/site-packages/pyarrow/_azurefs.cpython-310-x86_64-linux-gnu.so
7fb068e54000-7fb068e55000 r--p 00019000 00:62 10173735                   /home/ubuntu/.local/lib/python3.10/site-packages/pyarrow/_azurefs.cpython-310-x86_64-linux-gnu.so
7fb068e55000-7fb068e56000 rw-p 0001a000 00:62 10173735                   /home/ubuntu/.local/lib/python3.10/site-packages/pyarrow/_azurefs.cpython-310-x86_64-linux-gnu.so
7fb068e56000-7fb068e57000 rw-p 00000000 00:00 0 
7fb068e57000-7fb068e65000 r--p 00000000 00:62 10173761                   /home/ubuntu/.local/lib/python3.10/site-packages/pyarrow/_fs.cpython-310-x86_64-linux-gnu.so
7fb068e65000-7fb068e9a000 r-xp 0000e000 00:62 10173761                   /home/ubuntu/.local/lib/python3.10/site-packages/pyarrow/_fs.cpython-310-x86_64-linux-gnu.so
7fb068e9a000-7fb068ead000 r--p 00043000 00:62 10173761                   /home/ubuntu/.local/lib/python3.10/site-packages/pyarrow/_fs.cpython-310-x86_64-linux-gnu.so
7fb068ead000-7fb068eaf000 r--p 00056000 00:62 10173761                   /home/ubuntu/.local/lib/python3.10/site-packages/pyarrow/_fs.cpython-310-x86_64-linux-gnu.so
7fb068eaf000-7fb068eb2000 rw-p 00058000 00:62 10173761                   /home/ubuntu/.local/lib/python3.10/site-packages/pyarrow/_fs.cpython-310-x86_64-linux-gnu.so
7fb068eb2000-7fb068eb3000 rw-p 00000000 00:00 0 
7fb068eb3000-7fb068ec6000 r--p 00000000 00:62 10173775                   /home/ubuntu/.local/lib/python3.10/site-packages/pyarrow/_parquet.cpython-310-x86_64-linux-gnu.so
7fb068ec6000-7fb068f1a000 r-xp 00013000 00:62 10173775                   /home/ubuntu/.local/lib/python3.10/site-packages/pyarrow/_parquet.cpython-310-x86_64-linux-gnu.so
7fb068f1a000-7fb068f2f000 r--p 00067000 00:62 10173775                   /home/ubuntu/.local/lib/python3.10/site-packages/pyarrow/_parquet.cpython-310-x86_64-linux-gnu.so
7fb068f2f000-7fb068f32000 r--p 0007b000 00:62 10173775                   /home/ubuntu/.local/lib/python3.10/site-packages/pyarrow/_parquet.cpython-310-x86_64-linux-gnu.so
7fb068f32000-7fb068f37000 rw-p 0007e000 00:62 10173775                   /home/ubuntu/.local/lib/python3.10/site-packages/pyarrow/_parquet.cpython-310-x86_64-linux-gnu.so
7fb068f37000-7fb069439000 rw-p 00000000 00:00 0 
7fb069439000-7fb06943d000 r--p 00000000 00:62 10235694                   /home/ubuntu/.local/lib/python3.10/site-packages/sklearn/metrics/_pairwise_fast.cpython-310-x86_64-linux-gnu.so
7fb06943d000-7fb069455000 r-xp 00004000 00:62 10235694                   /home/ubuntu/.local/lib/python3.10/site-packages/sklearn/metrics/_pairwise_fast.cpython-310-x86_64-linux-gnu.so
7fb069455000-7fb06945a000 r--p 0001c000 00:62 10235694                   /home/ubuntu/.local/lib/python3.10/site-packages/sklearn/metrics/_pairwise_fast.cpython-310-x86_64-linux-gnu.so
7fb06945a000-7fb06945b000 ---p 00021000 00:62 10235694                   /home/ubuntu/.local/lib/python3.10/site-packages/sklearn/metrics/_pairwise_fast.cpython-310-x86_64-linux-gnu.so
7fb06945b000-7fb06945c000 r--p 00021000 00:62 10235694                   /home/ubuntu/.local/lib/python3.10/site-packages/sklearn/metrics/_pairwise_fast.cpython-310-x86_64-linux-gnu.so
7fb06945c000-7fb06945d000 rw-p 00022000 00:62 10235694                   /home/ubuntu/.local/lib/python3.10/site-packages/sklearn/metrics/_pairwise_fast.cpython-310-x86_64-linux-gnu.so
7fb06945d000-7fb06945e000 rw-p 00000000 00:00 0 
7fb06945e000-7fb069460000 rw-p 00029000 00:62 10235694                   /home/ubuntu/.local/lib/python3.10/site-packages/sklearn/metrics/_pairwise_fast.cpython-310-x86_64-linux-gnu.so
7fb069460000-7fb069461000 rw-p 0002b000 00:62 10235694                   /home/ubuntu/.local/lib/python3.10/site-packages/sklearn/metrics/_pairwise_fast.cpython-310-x86_64-linux-gnu.so
7fb069461000-7fb069466000 r--p 00000000 00:62 10235722                   /home/ubuntu/.local/lib/python3.10/site-packages/sklearn/metrics/_pairwise_distances_reduction/_radius_neighbors_classmode.cpython-310-x86_64-linux-gnu.so
7fb069466000-7fb06947d000 r-xp 00005000 00:62 10235722                   /home/ubuntu/.local/lib/python3.10/site-packages/sklearn/metrics/_pairwise_distances_reduction/_radius_neighbors_classmode.cpython-310-x86_64-linux-gnu.so
7fb06947d000-7fb069483000 r--p 0001c000 00:62 10235722                   /home/ubuntu/.local/lib/python3.10/site-packages/sklearn/metrics/_pairwise_distances_reduction/_radius_neighbors_classmode.cpython-310-x86_64-linux-gnu.so
7fb069483000-7fb069484000 ---p 00022000 00:62 10235722                   /home/ubuntu/.local/lib/python3.10/site-packages/sklearn/metrics/_pairwise_distances_reduction/_radius_neighbors_classmode.cpython-310-x86_64-linux-gnu.so
7fb069484000-7fb069485000 r--p 00022000 00:62 10235722                   /home/ubuntu/.local/lib/python3.10/site-packages/sklearn/metrics/_pairwise_distances_reduction/_radius_neighbors_classmode.cpython-310-x86_64-linux-gnu.so
7fb069485000-7fb069486000 rw-p 00023000 00:62 10235722                   /home/ubuntu/.local/lib/python3.10/site-packages/sklearn/metrics/_pairwise_distances_reduction/_radius_neighbors_classmode.cpython-310-x86_64-linux-gnu.so
7fb069486000-7fb069487000 rw-p 00000000 00:00 0 
7fb069487000-7fb069489000 rw-p 0002f000 00:62 10235722                   /home/ubuntu/.local/lib/python3.10/site-packages/sklearn/metrics/_pairwise_distances_reduction/_radius_neighbors_classmode.cpython-310-x86_64-linux-gnu.so
7fb069489000-7fb06948a000 rw-p 00031000 00:62 10235722                   /home/ubuntu/.local/lib/python3.10/site-packages/sklearn/metrics/_pairwise_distances_reduction/_radius_neighbors_classmode.cpython-310-x86_64-linux-gnu.so
7fb06948a000-7fb06948f000 r--p 00000000 00:62 10236017                   /home/ubuntu/.local/lib/python3.10/site-packages/sklearn/utils/_vector_sentinel.cpython-310-x86_64-linux-gnu.so
7fb06948f000-7fb0694a2000 r-xp 00005000 00:62 10236017                   /home/ubuntu/.local/lib/python3.10/site-packages/sklearn/utils/_vector_sentinel.cpython-310-x86_64-linux-gnu.so
7fb0694a2000-7fb0694a7000 r--p 00018000 00:62 10236017                   /home/ubuntu/.local/lib/python3.10/site-packages/sklearn/utils/_vector_sentinel.cpython-310-x86_64-linux-gnu.so
7fb0694a7000-7fb0694a8000 ---p 0001d000 00:62 10236017                   /home/ubuntu/.local/lib/python3.10/site-packages/sklearn/utils/_vector_sentinel.cpython-310-x86_64-linux-gnu.so
7fb0694a8000-7fb0694a9000 r--p 0001d000 00:62 10236017                   /home/ubuntu/.local/lib/python3.10/site-packages/sklearn/utils/_vector_sentinel.cpython-310-x86_64-linux-gnu.so
7fb0694a9000-7fb0694ab000 rw-p 0001e000 00:62 10236017                   /home/ubuntu/.local/lib/python3.10/site-packages/sklearn/utils/_vector_sentinel.cpython-310-x86_64-linux-gnu.so
7fb0694ab000-7fb0694b1000 r--p 00000000 00:62 10235719                   /home/ubuntu/.local/lib/python3.10/site-packages/sklearn/metrics/_pairwise_distances_reduction/_radius_neighbors.cpython-310-x86_64-linux-gnu.so
7fb0694b1000-7fb0694d3000 r-xp 00006000 00:62 10235719                   /home/ubuntu/.local/lib/python3.10/site-packages/sklearn/metrics/_pairwise_distances_reduction/_radius_neighbors.cpython-310-x86_64-linux-gnu.so
7fb0694d3000-7fb0694dc000 r--p 00028000 00:62 10235719                   /home/ubuntu/.local/lib/python3.10/site-packages/sklearn/metrics/_pairwise_distances_reduction/_radius_neighbors.cpython-310-x86_64-linux-gnu.so
7fb0694dc000-7fb0694dd000 ---p 00031000 00:62 10235719                   /home/ubuntu/.local/lib/python3.10/site-packages/sklearn/metrics/_pairwise_distances_reduction/_radius_neighbors.cpython-310-x86_64-linux-gnu.so
7fb0694dd000-7fb0694de000 r--p 00031000 00:62 10235719                   /home/ubuntu/.local/lib/python3.10/site-packages/sklearn/metrics/_pairwise_distances_reduction/_radius_neighbors.cpython-310-x86_64-linux-gnu.so
7fb0694de000-7fb0694e0000 rw-p 00032000 00:62 10235719                   /home/ubuntu/.local/lib/python3.10/site-packages/sklearn/metrics/_pairwise_distances_reduction/_radius_neighbors.cpython-310-x86_64-linux-gnu.so
7fb0694e0000-7fb0694e1000 rw-p 00000000 00:00 0 
7fb0694e1000-7fb0694e3000 rw-p 00045000 00:62 10235719                   /home/ubuntu/.local/lib/python3.10/site-packages/sklearn/metrics/_pairwise_distances_reduction/_radius_neighbors.cpython-310-x86_64-linux-gnu.so
7fb0694e3000-7fb0694e5000 rw-p 00047000 00:62 10235719                   /home/ubuntu/.local/lib/python3.10/site-packages/sklearn/metrics/_pairwise_distances_reduction/_radius_neighbors.cpython-310-x86_64-linux-gnu.so
7fb0694e5000-7fb0694e9000 r--p 00000000 00:62 10235706                   /home/ubuntu/.local/lib/python3.10/site-packages/sklearn/metrics/_pairwise_distances_reduction/_argkmin_classmode.cpython-310-x86_64-linux-gnu.so
7fb0694e9000-7fb0694fc000 r-xp 00004000 00:62 10235706                   /home/ubuntu/.local/lib/python3.10/site-packages/sklearn/metrics/_pairwise_distances_reduction/_argkmin_classmode.cpython-310-x86_64-linux-gnu.so
7fb0694fc000-7fb069502000 r--p 00017000 00:62 10235706                   /home/ubuntu/.local/lib/python3.10/site-packages/sklearn/metrics/_pairwise_distances_reduction/_argkmin_classmode.cpython-310-x86_64-linux-gnu.so
7fb069502000-7fb069503000 r--p 0001c000 00:62 10235706                   /home/ubuntu/.local/lib/python3.10/site-packages/sklearn/metrics/_pairwise_distances_reduction/_argkmin_classmode.cpython-310-x86_64-linux-gnu.so
7fb069503000-7fb069504000 rw-p 0001d000 00:62 10235706                   /home/ubuntu/.local/lib/python3.10/site-packages/sklearn/metrics/_pairwise_distances_reduction/_argkmin_classmode.cpython-310-x86_64-linux-gnu.so
7fb069504000-7fb069505000 rw-p 00000000 00:00 0 
7fb069505000-7fb069507000 rw-p 00027000 00:62 10235706                   /home/ubuntu/.local/lib/python3.10/site-packages/sklearn/metrics/_pairwise_distances_reduction/_argkmin_classmode.cpython-310-x86_64-linux-gnu.so
7fb069507000-7fb069508000 rw-p 00029000 00:62 10235706                   /home/ubuntu/.local/lib/python3.10/site-packages/sklearn/metrics/_pairwise_distances_reduction/_argkmin_classmode.cpython-310-x86_64-linux-gnu.so
7fb069508000-7fb06950e000 r--p 00000000 00:62 10235716                   /home/ubuntu/.local/lib/python3.10/site-packages/sklearn/metrics/_pairwise_distances_reduction/_middle_term_computer.cpython-310-x86_64-linux-gnu.so
7fb06950e000-7fb069544000 r-xp 00006000 00:62 10235716                   /home/ubuntu/.local/lib/python3.10/site-packages/sklearn/metrics/_pairwise_distances_reduction/_middle_term_computer.cpython-310-x86_64-linux-gnu.so
7fb069544000-7fb069550000 r--p 0003c000 00:62 10235716                   /home/ubuntu/.local/lib/python3.10/site-packages/sklearn/metrics/_pairwise_distances_reduction/_middle_term_computer.cpython-310-x86_64-linux-gnu.so
7fb069550000-7fb069551000 r--p 00047000 00:62 10235716                   /home/ubuntu/.local/lib/python3.10/site-packages/sklearn/metrics/_pairwise_distances_reduction/_middle_term_computer.cpython-310-x86_64-linux-gnu.so
7fb069551000-7fb069553000 rw-p 00048000 00:62 10235716                   /home/ubuntu/.local/lib/python3.10/site-packages/sklearn/metrics/_pairwise_distances_reduction/_middle_term_computer.cpython-310-x86_64-linux-gnu.so
7fb069553000-7fb069554000 rw-p 00000000 00:00 0 
7fb069554000-7fb069559000 r--p 00000000 00:62 10235973                   /home/ubuntu/.local/lib/python3.10/site-packages/sklearn/utils/_cython_blas.cpython-310-x86_64-linux-gnu.so
7fb069559000-7fb069598000 r-xp 00005000 00:62 10235973                   /home/ubuntu/.local/lib/python3.10/site-packages/sklearn/utils/_cython_blas.cpython-310-x86_64-linux-gnu.so
7fb069598000-7fb0695a1000 r--p 00044000 00:62 10235973                   /home/ubuntu/.local/lib/python3.10/site-packages/sklearn/utils/_cython_blas.cpython-310-x86_64-linux-gnu.so
7fb0695a1000-7fb0695a2000 r--p 0004c000 00:62 10235973                   /home/ubuntu/.local/lib/python3.10/site-packages/sklearn/utils/_cython_blas.cpython-310-x86_64-linux-gnu.so
7fb0695a2000-7fb0695a4000 rw-p 0004d000 00:62 10235973                   /home/ubuntu/.local/lib/python3.10/site-packages/sklearn/utils/_cython_blas.cpython-310-x86_64-linux-gnu.so
7fb0695a4000-7fb0695aa000 r--p 00000000 00:62 10235712                   /home/ubuntu/.local/lib/python3.10/site-packages/sklearn/metrics/_pairwise_distances_reduction/_datasets_pair.cpython-310-x86_64-linux-gnu.so
7fb0695aa000-7fb0695de000 r-xp 00006000 00:62 10235712                   /home/ubuntu/.local/lib/python3.10/site-packages/sklearn/metrics/_pairwise_distances_reduction/_datasets_pair.cpython-310-x86_64-linux-gnu.so
7fb0695de000-7fb0695ea000 r--p 0003a000 00:62 10235712                   /home/ubuntu/.local/lib/python3.10/site-packages/sklearn/metrics/_pairwise_distances_reduction/_datasets_pair.cpython-310-x86_64-linux-gnu.so
7fb0695ea000-7fb0695eb000 ---p 00046000 00:62 10235712                   /home/ubuntu/.local/lib/python3.10/site-packages/sklearn/metrics/_pairwise_distances_reduction/_datasets_pair.cpython-310-x86_64-linux-gnu.so
7fb0695eb000-7fb0695ec000 r--p 00046000 00:62 10235712                   /home/ubuntu/.local/lib/python3.10/site-packages/sklearn/metrics/_pairwise_distances_reduction/_datasets_pair.cpython-310-x86_64-linux-gnu.so
7fb0695ec000-7fb0695ef000 rw-p 00047000 00:62 10235712                   /home/ubuntu/.local/lib/python3.10/site-packages/sklearn/metrics/_pairwise_distances_reduction/_datasets_pair.cpython-310-x86_64-linux-gnu.so
7fb0695ef000-7fb0695f4000 r--p 00000000 00:62 10235708                   /home/ubuntu/.local/lib/python3.10/site-packages/sklearn/metrics/_pairwise_distances_reduction/_base.cpython-310-x86_64-linux-gnu.so
7fb0695f4000-7fb069610000 r-xp 00005000 00:62 10235708                   /home/ubuntu/.local/lib/python3.10/site-packages/sklearn/metrics/_pairwise_distances_reduction/_base.cpython-310-x86_64-linux-gnu.so
7fb069610000-7fb069617000 r--p 00021000 00:62 10235708                   /home/ubuntu/.local/lib/python3.10/site-packages/sklearn/metrics/_pairwise_distances_reduction/_base.cpython-310-x86_64-linux-gnu.so
7fb069617000-7fb069618000 r--p 00027000 00:62 10235708                   /home/ubuntu/.local/lib/python3.10/site-packages/sklearn/metrics/_pairwise_distances_reduction/_base.cpython-310-x86_64-linux-gnu.so
7fb069618000-7fb06961a000 rw-p 00028000 00:62 10235708                   /home/ubuntu/.local/lib/python3.10/site-packages/sklearn/metrics/_pairwise_distances_reduction/_base.cpython-310-x86_64-linux-gnu.so
7fb06961a000-7fb06961c000 rw-p 00037000 00:62 10235708                   /home/ubuntu/.local/lib/python3.10/site-packages/sklearn/metrics/_pairwise_distances_reduction/_base.cpython-310-x86_64-linux-gnu.so
7fb06961c000-7fb06961d000 rw-p 00039000 00:62 10235708                   /home/ubuntu/.local/lib/python3.10/site-packages/sklearn/metrics/_pairwise_distances_reduction/_base.cpython-310-x86_64-linux-gnu.so
7fb06961d000-7fb069626000 r--p 00000000 00:62 10235690                   /home/ubuntu/.local/lib/python3.10/site-packages/sklearn/metrics/_dist_metrics.cpython-310-x86_64-linux-gnu.so
7fb069626000-7fb069684000 r-xp 00009000 00:62 10235690                   /home/ubuntu/.local/lib/python3.10/site-packages/sklearn/metrics/_dist_metrics.cpython-310-x86_64-linux-gnu.so
7fb069684000-7fb069699000 r--p 00067000 00:62 10235690                   /home/ubuntu/.local/lib/python3.10/site-packages/sklearn/metrics/_dist_metrics.cpython-310-x86_64-linux-gnu.so
7fb069699000-7fb06969b000 r--p 0007b000 00:62 10235690                   /home/ubuntu/.local/lib/python3.10/site-packages/sklearn/metrics/_dist_metrics.cpython-310-x86_64-linux-gnu.so
7fb06969b000-7fb0696a1000 rw-p 0007d000 00:62 10235690                   /home/ubuntu/.local/lib/python3.10/site-packages/sklearn/metrics/_dist_metrics.cpython-310-x86_64-linux-gnu.so
7fb0696a1000-7fb0697a4000 rw-p 00000000 00:00 0 
7fb0697a4000-7fb0697a9000 r--p 00000000 00:62 10235850                   /home/ubuntu/.local/lib/python3.10/site-packages/sklearn/preprocessing/_target_encoder_fast.cpython-310-x86_64-linux-gnu.so
7fb0697a9000-7fb0697f5000 r-xp 00005000 00:62 10235850                   /home/ubuntu/.local/lib/python3.10/site-packages/sklearn/preprocessing/_target_encoder_fast.cpython-310-x86_64-linux-gnu.so
7fb0697f5000-7fb0697fc000 r--p 00051000 00:62 10235850                   /home/ubuntu/.local/lib/python3.10/site-packages/sklearn/preprocessing/_target_encoder_fast.cpython-310-x86_64-linux-gnu.so
7fb0697fc000-7fb0697fd000 ---p 00058000 00:62 10235850                   /home/ubuntu/.local/lib/python3.10/site-packages/sklearn/preprocessing/_target_encoder_fast.cpython-310-x86_64-linux-gnu.so
7fb0697fd000-7fb0697fe000 r--p 00058000 00:62 10235850                   /home/ubuntu/.local/lib/python3.10/site-packages/sklearn/preprocessing/_target_encoder_fast.cpython-310-x86_64-linux-gnu.so
7fb0697fe000-7fb069800000 rw-p 00059000 00:62 10235850                   /home/ubuntu/.local/lib/python3.10/site-packages/sklearn/preprocessing/_target_encoder_fast.cpython-310-x86_64-linux-gnu.so
7fb069800000-7fb069825000 r-xp 00000000 00:62 10235043                   /home/ubuntu/.local/lib/python3.10/site-packages/scikit_learn.libs/libgomp-a34b3233.so.1.0.0
7fb069825000-7fb069a24000 ---p 00025000 00:62 10235043                   /home/ubuntu/.local/lib/python3.10/site-packages/scikit_learn.libs/libgomp-a34b3233.so.1.0.0
7fb069a24000-7fb069a25000 r--p 00024000 00:62 10235043                   /home/ubuntu/.local/lib/python3.10/site-packages/scikit_learn.libs/libgomp-a34b3233.so.1.0.0
7fb069a25000-7fb069a26000 rw-p 00025000 00:62 10235043                   /home/ubuntu/.local/lib/python3.10/site-packages/scikit_learn.libs/libgomp-a34b3233.so.1.0.0
7fb069a26000-7fb069a2a000 rw-p 00026000 00:62 10235043                   /home/ubuntu/.local/lib/python3.10/site-packages/scikit_learn.libs/libgomp-a34b3233.so.1.0.0
7fb069a2a000-7fb069a2c000 r--p 00000000 00:62 10553176                   /usr/lib/jvm/java-17-openjdk-amd64/lib/libmanagement.so
7fb069a2c000-7fb069a2d000 r-xp 00002000 00:62 10553176                   /usr/lib/jvm/java-17-openjdk-amd64/lib/libmanagement.so
7fb069a2d000-7fb069a2e000 r--p 00003000 00:62 10553176                   /usr/lib/jvm/java-17-openjdk-amd64/lib/libmanagement.so
7fb069a2e000-7fb069a2f000 r--p 00003000 00:62 10553176                   /usr/lib/jvm/java-17-openjdk-amd64/lib/libmanagement.so
7fb069a2f000-7fb069a30000 rw-p 00004000 00:62 10553176                   /usr/lib/jvm/java-17-openjdk-amd64/lib/libmanagement.so
7fb069a30000-7fb069a35000 r--p 00000000 00:62 10235703                   /home/ubuntu/.local/lib/python3.10/site-packages/sklearn/metrics/_pairwise_distances_reduction/_argkmin.cpython-310-x86_64-linux-gnu.so
7fb069a35000-7fb069a56000 r-xp 00005000 00:62 10235703                   /home/ubuntu/.local/lib/python3.10/site-packages/sklearn/metrics/_pairwise_distances_reduction/_argkmin.cpython-310-x86_64-linux-gnu.so
7fb069a56000-7fb069a5e000 r--p 00026000 00:62 10235703                   /home/ubuntu/.local/lib/python3.10/site-packages/sklearn/metrics/_pairwise_distances_reduction/_argkmin.cpython-310-x86_64-linux-gnu.so
7fb069a5e000-7fb069a5f000 r--p 0002d000 00:62 10235703                   /home/ubuntu/.local/lib/python3.10/site-packages/sklearn/metrics/_pairwise_distances_reduction/_argkmin.cpython-310-x86_64-linux-gnu.so
7fb069a5f000-7fb069a61000 rw-p 0002e000 00:62 10235703                   /home/ubuntu/.local/lib/python3.10/site-packages/sklearn/metrics/_pairwise_distances_reduction/_argkmin.cpython-310-x86_64-linux-gnu.so
7fb069a61000-7fb069a62000 rw-p 00000000 00:00 0 
7fb069a62000-7fb069a64000 rw-p 0003f000 00:62 10235703                   /home/ubuntu/.local/lib/python3.10/site-packages/sklearn/metrics/_pairwise_distances_reduction/_argkmin.cpython-310-x86_64-linux-gnu.so
7fb069a64000-7fb069a65000 rw-p 00041000 00:62 10235703                   /home/ubuntu/.local/lib/python3.10/site-packages/sklearn/metrics/_pairwise_distances_reduction/_argkmin.cpython-310-x86_64-linux-gnu.so
7fb069a65000-7fb069a6a000 r--p 00000000 00:62 10235841                   /home/ubuntu/.local/lib/python3.10/site-packages/sklearn/preprocessing/_csr_polynomial_expansion.cpython-310-x86_64-linux-gnu.so
7fb069a6a000-7fb069aac000 r-xp 00005000 00:62 10235841                   /home/ubuntu/.local/lib/python3.10/site-packages/sklearn/preprocessing/_csr_polynomial_expansion.cpython-310-x86_64-linux-gnu.so
7fb069aac000-7fb069ab3000 r--p 00047000 00:62 10235841                   /home/ubuntu/.local/lib/python3.10/site-packages/sklearn/preprocessing/_csr_polynomial_expansion.cpython-310-x86_64-linux-gnu.so
7fb069ab3000-7fb069ab4000 ---p 0004e000 00:62 10235841                   /home/ubuntu/.local/lib/python3.10/site-packages/sklearn/preprocessing/_csr_polynomial_expansion.cpython-310-x86_64-linux-gnu.so
7fb069ab4000-7fb069ab5000 r--p 0004e000 00:62 10235841                   /home/ubuntu/.local/lib/python3.10/site-packages/sklearn/preprocessing/_csr_polynomial_expansion.cpython-310-x86_64-linux-gnu.so
7fb069ab5000-7fb069ab7000 rw-p 0004f000 00:62 10235841                   /home/ubuntu/.local/lib/python3.10/site-packages/sklearn/preprocessing/_csr_polynomial_expansion.cpython-310-x86_64-linux-gnu.so
7fb069ab7000-7fb069abb000 r--p 00000000 00:62 10235743                   /home/ubuntu/.local/lib/python3.10/site-packages/sklearn/metrics/cluster/_expected_mutual_info_fast.cpython-310-x86_64-linux-gnu.so
7fb069abb000-7fb069ac8000 r-xp 00004000 00:62 10235743                   /home/ubuntu/.local/lib/python3.10/site-packages/sklearn/metrics/cluster/_expected_mutual_info_fast.cpython-310-x86_64-linux-gnu.so
7fb069ac8000-7fb069acc000 r--p 00011000 00:62 10235743                   /home/ubuntu/.local/lib/python3.10/site-packages/sklearn/metrics/cluster/_expected_mutual_info_fast.cpython-310-x86_64-linux-gnu.so
7fb069acc000-7fb069acd000 r--p 00014000 00:62 10235743                   /home/ubuntu/.local/lib/python3.10/site-packages/sklearn/metrics/cluster/_expected_mutual_info_fast.cpython-310-x86_64-linux-gnu.so
7fb069acd000-7fb069ace000 rw-p 00015000 00:62 10235743                   /home/ubuntu/.local/lib/python3.10/site-packages/sklearn/metrics/cluster/_expected_mutual_info_fast.cpython-310-x86_64-linux-gnu.so
7fb069ace000-7fb069ad1000 r--p 00000000 00:62 10235991                   /home/ubuntu/.local/lib/python3.10/site-packages/sklearn/utils/_openmp_helpers.cpython-310-x86_64-linux-gnu.so
7fb069ad1000-7fb069ad8000 r-xp 00003000 00:62 10235991                   /home/ubuntu/.local/lib/python3.10/site-packages/sklearn/utils/_openmp_helpers.cpython-310-x86_64-linux-gnu.so
7fb069ad8000-7fb069ada000 r--p 0000a000 00:62 10235991                   /home/ubuntu/.local/lib/python3.10/site-packages/sklearn/utils/_openmp_helpers.cpython-310-x86_64-linux-gnu.so
7fb069ada000-7fb069adb000 ---p 0000c000 00:62 10235991                   /home/ubuntu/.local/lib/python3.10/site-packages/sklearn/utils/_openmp_helpers.cpython-310-x86_64-linux-gnu.so
7fb069adb000-7fb069adc000 r--p 0000c000 00:62 10235991                   /home/ubuntu/.local/lib/python3.10/site-packages/sklearn/utils/_openmp_helpers.cpython-310-x86_64-linux-gnu.so
7fb069adc000-7fb069add000 rw-p 0000d000 00:62 10235991                   /home/ubuntu/.local/lib/python3.10/site-packages/sklearn/utils/_openmp_helpers.cpython-310-x86_64-linux-gnu.so
7fb069add000-7fb069adf000 rw-p 00012000 00:62 10235991                   /home/ubuntu/.local/lib/python3.10/site-packages/sklearn/utils/_openmp_helpers.cpython-310-x86_64-linux-gnu.so
7fb069adf000-7fb069ae0000 rw-p 00014000 00:62 10235991                   /home/ubuntu/.local/lib/python3.10/site-packages/sklearn/utils/_openmp_helpers.cpython-310-x86_64-linux-gnu.so
7fb069ae0000-7fb069ae4000 r--p 00000000 00:62 10236036                   /home/ubuntu/.local/lib/python3.10/site-packages/sklearn/utils/murmurhash.cpython-310-x86_64-linux-gnu.so
7fb069ae4000-7fb069af6000 r-xp 00004000 00:62 10236036                   /home/ubuntu/.local/lib/python3.10/site-packages/sklearn/utils/murmurhash.cpython-310-x86_64-linux-gnu.so
7fb069af6000-7fb069afb000 r--p 00016000 00:62 10236036                   /home/ubuntu/.local/lib/python3.10/site-packages/sklearn/utils/murmurhash.cpython-310-x86_64-linux-gnu.so
7fb069afb000-7fb069afc000 ---p 0001b000 00:62 10236036                   /home/ubuntu/.local/lib/python3.10/site-packages/sklearn/utils/murmurhash.cpython-310-x86_64-linux-gnu.so
7fb069afc000-7fb069afd000 r--p 0001b000 00:62 10236036                   /home/ubuntu/.local/lib/python3.10/site-packages/sklearn/utils/murmurhash.cpython-310-x86_64-linux-gnu.so
7fb069afd000-7fb069afe000 rw-p 0001c000 00:62 10236036                   /home/ubuntu/.local/lib/python3.10/site-packages/sklearn/utils/murmurhash.cpython-310-x86_64-linux-gnu.so
7fb069afe000-7fb069bfe000 rw-p 00000000 00:00 0 
7fb069bfe000-7fb069c03000 r--p 00000000 00:62 10236043                   /home/ubuntu/.local/lib/python3.10/site-packages/sklearn/utils/sparsefuncs_fast.cpython-310-x86_64-linux-gnu.so
7fb069c03000-7fb069c9c000 r-xp 00005000 00:62 10236043                   /home/ubuntu/.local/lib/python3.10/site-packages/sklearn/utils/sparsefuncs_fast.cpython-310-x86_64-linux-gnu.so
7fb069c9c000-7fb069ca8000 r--p 0009e000 00:62 10236043                   /home/ubuntu/.local/lib/python3.10/site-packages/sklearn/utils/sparsefuncs_fast.cpython-310-x86_64-linux-gnu.so
7fb069ca8000-7fb069caa000 r--p 000a9000 00:62 10236043                   /home/ubuntu/.local/lib/python3.10/site-packages/sklearn/utils/sparsefuncs_fast.cpython-310-x86_64-linux-gnu.so
7fb069caa000-7fb069cac000 rw-p 000ab000 00:62 10236043                   /home/ubuntu/.local/lib/python3.10/site-packages/sklearn/utils/sparsefuncs_fast.cpython-310-x86_64-linux-gnu.so
7fb069cac000-7fb069cad000 rw-p 00000000 00:00 0 
7fb069cad000-7fb069cb2000 r--p 00000000 00:62 10235048                   /home/ubuntu/.local/lib/python3.10/site-packages/sklearn/_cyutility.cpython-310-x86_64-linux-gnu.so
7fb069cb2000-7fb069ccf000 r-xp 00005000 00:62 10235048                   /home/ubuntu/.local/lib/python3.10/site-packages/sklearn/_cyutility.cpython-310-x86_64-linux-gnu.so
7fb069ccf000-7fb069cd5000 r--p 00022000 00:62 10235048                   /home/ubuntu/.local/lib/python3.10/site-packages/sklearn/_cyutility.cpython-310-x86_64-linux-gnu.so
7fb069cd5000-7fb069cd6000 ---p 00028000 00:62 10235048                   /home/ubuntu/.local/lib/python3.10/site-packages/sklearn/_cyutility.cpython-310-x86_64-linux-gnu.so
7fb069cd6000-7fb069cd7000 r--p 00028000 00:62 10235048                   /home/ubuntu/.local/lib/python3.10/site-packages/sklearn/_cyutility.cpython-310-x86_64-linux-gnu.so
7fb069cd7000-7fb069cd9000 rw-p 00029000 00:62 10235048                   /home/ubuntu/.local/lib/python3.10/site-packages/sklearn/_cyutility.cpython-310-x86_64-linux-gnu.so
7fb069cd9000-7fb069cdd000 r--p 00000000 00:62 10235985                   /home/ubuntu/.local/lib/python3.10/site-packages/sklearn/utils/_isfinite.cpython-310-x86_64-linux-gnu.so
7fb069cdd000-7fb069ceb000 r-xp 00004000 00:62 10235985                   /home/ubuntu/.local/lib/python3.10/site-packages/sklearn/utils/_isfinite.cpython-310-x86_64-linux-gnu.so
7fb069ceb000-7fb069cef000 r--p 00012000 00:62 10235985                   /home/ubuntu/.local/lib/python3.10/site-packages/sklearn/utils/_isfinite.cpython-310-x86_64-linux-gnu.so
7fb069cef000-7fb069cf0000 ---p 00016000 00:62 10235985                   /home/ubuntu/.local/lib/python3.10/site-packages/sklearn/utils/_isfinite.cpython-310-x86_64-linux-gnu.so
7fb069cf0000-7fb069cf1000 r--p 00016000 00:62 10235985                   /home/ubuntu/.local/lib/python3.10/site-packages/sklearn/utils/_isfinite.cpython-310-x86_64-linux-gnu.so
7fb069cf1000-7fb069cf2000 rw-p 00017000 00:62 10235985                   /home/ubuntu/.local/lib/python3.10/site-packages/sklearn/utils/_isfinite.cpython-310-x86_64-linux-gnu.so
7fb069cf2000-7fb069df3000 rw-p 00000000 00:00 0 
7fb069df3000-7fb069df7000 r--p 00000000 00:62 10229409                   /home/ubuntu/.local/lib/python3.10/site-packages/pandas/_libs/testing.cpython-310-x86_64-linux-gnu.so
7fb069df7000-7fb069e0b000 r-xp 00004000 00:62 10229409                   /home/ubuntu/.local/lib/python3.10/site-packages/pandas/_libs/testing.cpython-310-x86_64-linux-gnu.so
7fb069e0b000-7fb069e0e000 r--p 00018000 00:62 10229409                   /home/ubuntu/.local/lib/python3.10/site-packages/pandas/_libs/testing.cpython-310-x86_64-linux-gnu.so
7fb069e0e000-7fb069e0f000 r--p 0001b000 00:62 10229409                   /home/ubuntu/.local/lib/python3.10/site-packages/pandas/_libs/testing.cpython-310-x86_64-linux-gnu.so
7fb069e0f000-7fb069e10000 rw-p 0001c000 00:62 10229409                   /home/ubuntu/.local/lib/python3.10/site-packages/pandas/_libs/testing.cpython-310-x86_64-linux-gnu.so
7fb069e10000-7fb069e1a000 r--p 00000000 00:62 10229399                   /home/ubuntu/.local/lib/python3.10/site-packages/pandas/_libs/parsers.cpython-310-x86_64-linux-gnu.so
7fb069e1a000-7fb069e88000 r-xp 0000a000 00:62 10229399                   /home/ubuntu/.local/lib/python3.10/site-packages/pandas/_libs/parsers.cpython-310-x86_64-linux-gnu.so
7fb069e88000-7fb069e95000 r--p 00078000 00:62 10229399                   /home/ubuntu/.local/lib/python3.10/site-packages/pandas/_libs/parsers.cpython-310-x86_64-linux-gnu.so
7fb069e95000-7fb069e98000 r--p 00084000 00:62 10229399                   /home/ubuntu/.local/lib/python3.10/site-packages/pandas/_libs/parsers.cpython-310-x86_64-linux-gnu.so
7fb069e98000-7fb069e9b000 rw-p 00087000 00:62 10229399                   /home/ubuntu/.local/lib/python3.10/site-packages/pandas/_libs/parsers.cpython-310-x86_64-linux-gnu.so
7fb069e9b000-7fb069e9d000 rw-p 00000000 00:00 0 
7fb069e9d000-7fb069e9f000 r--p 00000000 00:62 10229387                   /home/ubuntu/.local/lib/python3.10/site-packages/pandas/_libs/json.cpython-310-x86_64-linux-gnu.so
7fb069e9f000-7fb069ea8000 r-xp 00002000 00:62 10229387                   /home/ubuntu/.local/lib/python3.10/site-packages/pandas/_libs/json.cpython-310-x86_64-linux-gnu.so
7fb069ea8000-7fb069eab000 r--p 0000b000 00:62 10229387                   /home/ubuntu/.local/lib/python3.10/site-packages/pandas/_libs/json.cpython-310-x86_64-linux-gnu.so
7fb069eab000-7fb069eac000 r--p 0000e000 00:62 10229387                   /home/ubuntu/.local/lib/python3.10/site-packages/pandas/_libs/json.cpython-310-x86_64-linux-gnu.so
7fb069eac000-7fb069ead000 rw-p 0000f000 00:62 10229387                   /home/ubuntu/.local/lib/python3.10/site-packages/pandas/_libs/json.cpython-310-x86_64-linux-gnu.so
7fb069ead000-7fb06a0ad000 rw-p 00000000 00:00 0 
7fb06a0ad000-7fb06a0b9000 r--p 00000000 00:62 10229371                   /home/ubuntu/.local/lib/python3.10/site-packages/pandas/_libs/groupby.cpython-310-x86_64-linux-gnu.so
7fb06a0b9000-7fb06a309000 r-xp 0000c000 00:62 10229371                   /home/ubuntu/.local/lib/python3.10/site-packages/pandas/_libs/groupby.cpython-310-x86_64-linux-gnu.so
7fb06a309000-7fb06a326000 r--p 0025c000 00:62 10229371                   /home/ubuntu/.local/lib/python3.10/site-packages/pandas/_libs/groupby.cpython-310-x86_64-linux-gnu.so
7fb06a326000-7fb06a329000 r--p 00279000 00:62 10229371                   /home/ubuntu/.local/lib/python3.10/site-packages/pandas/_libs/groupby.cpython-310-x86_64-linux-gnu.so
7fb06a329000-7fb06a32f000 rw-p 0027c000 00:62 10229371                   /home/ubuntu/.local/lib/python3.10/site-packages/pandas/_libs/groupby.cpython-310-x86_64-linux-gnu.so
7fb06a32f000-7fb06a333000 rw-p 00000000 00:00 0 
7fb06a333000-7fb06a33a000 r--p 00000000 00:62 10229403                   /home/ubuntu/.local/lib/python3.10/site-packages/pandas/_libs/reshape.cpython-310-x86_64-linux-gnu.so
7fb06a33a000-7fb06a373000 r-xp 00007000 00:62 10229403                   /home/ubuntu/.local/lib/python3.10/site-packages/pandas/_libs/reshape.cpython-310-x86_64-linux-gnu.so
7fb06a373000-7fb06a37c000 r--p 00040000 00:62 10229403                   /home/ubuntu/.local/lib/python3.10/site-packages/pandas/_libs/reshape.cpython-310-x86_64-linux-gnu.so
7fb06a37c000-7fb06a37e000 r--p 00048000 00:62 10229403                   /home/ubuntu/.local/lib/python3.10/site-packages/pandas/_libs/reshape.cpython-310-x86_64-linux-gnu.so
7fb06a37e000-7fb06a380000 rw-p 0004a000 00:62 10229403                   /home/ubuntu/.local/lib/python3.10/site-packages/pandas/_libs/reshape.cpython-310-x86_64-linux-gnu.so
7fb06a380000-7fb06a381000 rw-p 00000000 00:00 0 
7fb06a381000-7fb06a387000 r--p 00000000 00:62 10229452                   /home/ubuntu/.local/lib/python3.10/site-packages/pandas/_libs/window/indexers.cpython-310-x86_64-linux-gnu.so
7fb06a387000-7fb06a3aa000 r-xp 00006000 00:62 10229452                   /home/ubuntu/.local/lib/python3.10/site-packages/pandas/_libs/window/indexers.cpython-310-x86_64-linux-gnu.so
7fb06a3aa000-7fb06a3b1000 r--p 00029000 00:62 10229452                   /home/ubuntu/.local/lib/python3.10/site-packages/pandas/_libs/window/indexers.cpython-310-x86_64-linux-gnu.so
7fb06a3b1000-7fb06a3b2000 r--p 00030000 00:62 10229452                   /home/ubuntu/.local/lib/python3.10/site-packages/pandas/_libs/window/indexers.cpython-310-x86_64-linux-gnu.so
7fb06a3b2000-7fb06a3b4000 rw-p 00031000 00:62 10229452                   /home/ubuntu/.local/lib/python3.10/site-packages/pandas/_libs/window/indexers.cpython-310-x86_64-linux-gnu.so
7fb06a3b4000-7fb06a4b5000 rw-p 00000000 00:00 0 
7fb06a4b5000-7fb06a4bd000 r--p 00000000 00:62 10229450                   /home/ubuntu/.local/lib/python3.10/site-packages/pandas/_libs/window/aggregations.cpython-310-x86_64-linux-gnu.so
7fb06a4bd000-7fb06a50c000 r-xp 00008000 00:62 10229450                   /home/ubuntu/.local/lib/python3.10/site-packages/pandas/_libs/window/aggregations.cpython-310-x86_64-linux-gnu.so
7fb06a50c000-7fb06a516000 r--p 00057000 00:62 10229450                   /home/ubuntu/.local/lib/python3.10/site-packages/pandas/_libs/window/aggregations.cpython-310-x86_64-linux-gnu.so
7fb06a516000-7fb06a518000 r--p 00061000 00:62 10229450                   /home/ubuntu/.local/lib/python3.10/site-packages/pandas/_libs/window/aggregations.cpython-310-x86_64-linux-gnu.so
7fb06a518000-7fb06a51a000 rw-p 00063000 00:62 10229450                   /home/ubuntu/.local/lib/python3.10/site-packages/pandas/_libs/window/aggregations.cpython-310-x86_64-linux-gnu.so
7fb06a51a000-7fb06a61b000 rw-p 00000000 00:00 0 
7fb06a61b000-7fb06a623000 r--p 00000000 00:62 10229385                   /home/ubuntu/.local/lib/python3.10/site-packages/pandas/_libs/join.cpython-310-x86_64-linux-gnu.so
7fb06a623000-7fb06a765000 r-xp 00008000 00:62 10229385                   /home/ubuntu/.local/lib/python3.10/site-packages/pandas/_libs/join.cpython-310-x86_64-linux-gnu.so
7fb06a765000-7fb06a773000 r--p 0014a000 00:62 10229385                   /home/ubuntu/.local/lib/python3.10/site-packages/pandas/_libs/join.cpython-310-x86_64-linux-gnu.so
7fb06a773000-7fb06a775000 r--p 00157000 00:62 10229385                   /home/ubuntu/.local/lib/python3.10/site-packages/pandas/_libs/join.cpython-310-x86_64-linux-gnu.so
7fb06a775000-7fb06a778000 rw-p 00159000 00:62 10229385                   /home/ubuntu/.local/lib/python3.10/site-packages/pandas/_libs/join.cpython-310-x86_64-linux-gnu.so
7fb06a778000-7fb06a77a000 rw-p 00000000 00:00 0 
7fb06a77a000-7fb06a780000 r--p 00000000 00:62 10229413                   /home/ubuntu/.local/lib/python3.10/site-packages/pandas/_libs/writers.cpython-310-x86_64-linux-gnu.so
7fb06a780000-7fb06a7ab000 r-xp 00006000 00:62 10229413                   /home/ubuntu/.local/lib/python3.10/site-packages/pandas/_libs/writers.cpython-310-x86_64-linux-gnu.so
7fb06a7ab000-7fb06a7b3000 r--p 00031000 00:62 10229413                   /home/ubuntu/.local/lib/python3.10/site-packages/pandas/_libs/writers.cpython-310-x86_64-linux-gnu.so
7fb06a7b3000-7fb06a7b5000 r--p 00038000 00:62 10229413                   /home/ubuntu/.local/lib/python3.10/site-packages/pandas/_libs/writers.cpython-310-x86_64-linux-gnu.so
7fb06a7b5000-7fb06a7b7000 rw-p 0003a000 00:62 10229413                   /home/ubuntu/.local/lib/python3.10/site-packages/pandas/_libs/writers.cpython-310-x86_64-linux-gnu.so
7fb06a7b7000-7fb06a7b8000 rw-p 00000000 00:00 0 
7fb06a7b8000-7fb06a7c5000 r--p 00000000 00:62 10229377                   /home/ubuntu/.local/lib/python3.10/site-packages/pandas/_libs/index.cpython-310-x86_64-linux-gnu.so
7fb06a7c5000-7fb06a86f000 r-xp 0000d000 00:62 10229377                   /home/ubuntu/.local/lib/python3.10/site-packages/pandas/_libs/index.cpython-310-x86_64-linux-gnu.so
7fb06a86f000-7fb06a887000 r--p 000b7000 00:62 10229377                   /home/ubuntu/.local/lib/python3.10/site-packages/pandas/_libs/index.cpython-310-x86_64-linux-gnu.so
7fb06a887000-7fb06a88a000 r--p 000ce000 00:62 10229377                   /home/ubuntu/.local/lib/python3.10/site-packages/pandas/_libs/index.cpython-310-x86_64-linux-gnu.so
7fb06a88a000-7fb06a892000 rw-p 000d1000 00:62 10229377                   /home/ubuntu/.local/lib/python3.10/site-packages/pandas/_libs/index.cpython-310-x86_64-linux-gnu.so
7fb06a892000-7fb06a996000 rw-p 00000000 00:00 0 
7fb06a996000-7fb06a99a000 r--p 00000000 00:62 10229379                   /home/ubuntu/.local/lib/python3.10/site-packages/pandas/_libs/indexing.cpython-310-x86_64-linux-gnu.so
7fb06a99a000-7fb06a9a2000 r-xp 00004000 00:62 10229379                   /home/ubuntu/.local/lib/python3.10/site-packages/pandas/_libs/indexing.cpython-310-x86_64-linux-gnu.so
7fb06a9a2000-7fb06a9a5000 r--p 0000c000 00:62 10229379                   /home/ubuntu/.local/lib/python3.10/site-packages/pandas/_libs/indexing.cpython-310-x86_64-linux-gnu.so
7fb06a9a5000-7fb06a9a6000 r--p 0000e000 00:62 10229379                   /home/ubuntu/.local/lib/python3.10/site-packages/pandas/_libs/indexing.cpython-310-x86_64-linux-gnu.so
7fb06a9a6000-7fb06a9a7000 rw-p 0000f000 00:62 10229379                   /home/ubuntu/.local/lib/python3.10/site-packages/pandas/_libs/indexing.cpython-310-x86_64-linux-gnu.so
7fb06a9a7000-7fb06a9af000 r--p 00000000 00:62 10229381                   /home/ubuntu/.local/lib/python3.10/site-packages/pandas/_libs/internals.cpython-310-x86_64-linux-gnu.so
7fb06a9af000-7fb06a9f9000 r-xp 00008000 00:62 10229381                   /home/ubuntu/.local/lib/python3.10/site-packages/pandas/_libs/internals.cpython-310-x86_64-linux-gnu.so
7fb06a9f9000-7fb06aa05000 r--p 00052000 00:62 10229381                   /home/ubuntu/.local/lib/python3.10/site-packages/pandas/_libs/internals.cpython-310-x86_64-linux-gnu.so
7fb06aa05000-7fb06aa07000 r--p 0005d000 00:62 10229381                   /home/ubuntu/.local/lib/python3.10/site-packages/pandas/_libs/internals.cpython-310-x86_64-linux-gnu.so
7fb06aa07000-7fb06aa0a000 rw-p 0005f000 00:62 10229381                   /home/ubuntu/.local/lib/python3.10/site-packages/pandas/_libs/internals.cpython-310-x86_64-linux-gnu.so
7fb06aa0a000-7fb06ab0c000 rw-p 00000000 00:00 0 
7fb06ab0c000-7fb06ab14000 r--p 00000000 00:62 10229407                   /home/ubuntu/.local/lib/python3.10/site-packages/pandas/_libs/sparse.cpython-310-x86_64-linux-gnu.so
7fb06ab14000-7fb06abee000 r-xp 00008000 00:62 10229407                   /home/ubuntu/.local/lib/python3.10/site-packages/pandas/_libs/sparse.cpython-310-x86_64-linux-gnu.so
7fb06abee000-7fb06abfb000 r--p 000e2000 00:62 10229407                   /home/ubuntu/.local/lib/python3.10/site-packages/pandas/_libs/sparse.cpython-310-x86_64-linux-gnu.so
7fb06abfb000-7fb06abfd000 r--p 000ef000 00:62 10229407                   /home/ubuntu/.local/lib/python3.10/site-packages/pandas/_libs/sparse.cpython-310-x86_64-linux-gnu.so
7fb06abfd000-7fb06ac00000 rw-p 000f1000 00:62 10229407                   /home/ubuntu/.local/lib/python3.10/site-packages/pandas/_libs/sparse.cpython-310-x86_64-linux-gnu.so
7fb06ac00000-7fb06ac02000 rw-p 00000000 00:00 0 
7fb06ac02000-7fb06ac09000 r--p 00000000 00:62 10229411                   /home/ubuntu/.local/lib/python3.10/site-packages/pandas/_libs/tslib.cpython-310-x86_64-linux-gnu.so
7fb06ac09000-7fb06ac47000 r-xp 00007000 00:62 10229411                   /home/ubuntu/.local/lib/python3.10/site-packages/pandas/_libs/tslib.cpython-310-x86_64-linux-gnu.so
7fb06ac47000-7fb06ac51000 r--p 00045000 00:62 10229411                   /home/ubuntu/.local/lib/python3.10/site-packages/pandas/_libs/tslib.cpython-310-x86_64-linux-gnu.so
7fb06ac51000-7fb06ac53000 r--p 0004e000 00:62 10229411                   /home/ubuntu/.local/lib/python3.10/site-packages/pandas/_libs/tslib.cpython-310-x86_64-linux-gnu.so
7fb06ac53000-7fb06ac55000 rw-p 00050000 00:62 10229411                   /home/ubuntu/.local/lib/python3.10/site-packages/pandas/_libs/tslib.cpython-310-x86_64-linux-gnu.so
7fb06ac55000-7fb06ad56000 rw-p 00000000 00:00 0 
7fb06ad56000-7fb06ad5b000 r--p 00000000 00:62 10229367                   /home/ubuntu/.local/lib/python3.10/site-packages/pandas/_libs/arrays.cpython-310-x86_64-linux-gnu.so
7fb06ad5b000-7fb06ad6e000 r-xp 00005000 00:62 10229367                   /home/ubuntu/.local/lib/python3.10/site-packages/pandas/_libs/arrays.cpython-310-x86_64-linux-gnu.so
7fb06ad6e000-7fb06ad72000 r--p 00018000 00:62 10229367                   /home/ubuntu/.local/lib/python3.10/site-packages/pandas/_libs/arrays.cpython-310-x86_64-linux-gnu.so
7fb06ad72000-7fb06ad73000 r--p 0001c000 00:62 10229367                   /home/ubuntu/.local/lib/python3.10/site-packages/pandas/_libs/arrays.cpython-310-x86_64-linux-gnu.so
7fb06ad73000-7fb06ad75000 rw-p 0001d000 00:62 10229367                   /home/ubuntu/.local/lib/python3.10/site-packages/pandas/_libs/arrays.cpython-310-x86_64-linux-gnu.so
7fb06ad75000-7fb06ad7b000 r--p 00000000 00:62 10229373                   /home/ubuntu/.local/lib/python3.10/site-packages/pandas/_libs/hashing.cpython-310-x86_64-linux-gnu.so
7fb06ad7b000-7fb06ad9f000 r-xp 00006000 00:62 10229373                   /home/ubuntu/.local/lib/python3.10/site-packages/pandas/_libs/hashing.cpython-310-x86_64-linux-gnu.so
7fb06ad9f000-7fb06ada6000 r--p 0002a000 00:62 10229373                   /home/ubuntu/.local/lib/python3.10/site-packages/pandas/_libs/hashing.cpython-310-x86_64-linux-gnu.so
7fb06ada6000-7fb06ada7000 r--p 00031000 00:62 10229373                   /home/ubuntu/.local/lib/python3.10/site-packages/pandas/_libs/hashing.cpython-310-x86_64-linux-gnu.so
7fb06ada7000-7fb06ada9000 rw-p 00032000 00:62 10229373                   /home/ubuntu/.local/lib/python3.10/site-packages/pandas/_libs/hashing.cpython-310-x86_64-linux-gnu.so
7fb06ada9000-7fb06adaa000 rw-p 00000000 00:00 0 
7fb06adaa000-7fb06adb0000 r--p 00000000 00:62 10229393                   /home/ubuntu/.local/lib/python3.10/site-packages/pandas/_libs/ops.cpython-310-x86_64-linux-gnu.so
7fb06adb0000-7fb06adde000 r-xp 00006000 00:62 10229393                   /home/ubuntu/.local/lib/python3.10/site-packages/pandas/_libs/ops.cpython-310-x86_64-linux-gnu.so
7fb06adde000-7fb06ade6000 r--p 00034000 00:62 10229393                   /home/ubuntu/.local/lib/python3.10/site-packages/pandas/_libs/ops.cpython-310-x86_64-linux-gnu.so
7fb06ade6000-7fb06ade8000 r--p 0003b000 00:62 10229393                   /home/ubuntu/.local/lib/python3.10/site-packages/pandas/_libs/ops.cpython-310-x86_64-linux-gnu.so
7fb06ade8000-7fb06adea000 rw-p 0003d000 00:62 10229393                   /home/ubuntu/.local/lib/python3.10/site-packages/pandas/_libs/ops.cpython-310-x86_64-linux-gnu.so
7fb06adea000-7fb06afeb000 rw-p 00000000 00:00 0 
7fb06afeb000-7fb06b01f000 r--p 00000000 00:62 10173737                   /home/ubuntu/.local/lib/python3.10/site-packages/pyarrow/_compute.cpython-310-x86_64-linux-gnu.so
7fb06b01f000-7fb06b0af000 r-xp 00034000 00:62 10173737                   /home/ubuntu/.local/lib/python3.10/site-packages/pyarrow/_compute.cpython-310-x86_64-linux-gnu.so
7fb06b0af000-7fb06b0de000 r--p 000c4000 00:62 10173737                   /home/ubuntu/.local/lib/python3.10/site-packages/pyarrow/_compute.cpython-310-x86_64-linux-gnu.so
7fb06b0de000-7fb06b0e4000 r--p 000f3000 00:62 10173737                   /home/ubuntu/.local/lib/python3.10/site-packages/pyarrow/_compute.cpython-310-x86_64-linux-gnu.so
7fb06b0e4000-7fb06b0f1000 rw-p 000f9000 00:62 10173737                   /home/ubuntu/.local/lib/python3.10/site-packages/pyarrow/_compute.cpython-310-x86_64-linux-gnu.so
7fb06b0f1000-7fb06b0f5000 rw-p 00000000 00:00 0 
7fb06b0f5000-7fb06b101000 r--p 00000000 00:62 10229389                   /home/ubuntu/.local/lib/python3.10/site-packages/pandas/_libs/lib.cpython-310-x86_64-linux-gnu.so
7fb06b101000-7fb06b1a7000 r-xp 0000c000 00:62 10229389                   /home/ubuntu/.local/lib/python3.10/site-packages/pandas/_libs/lib.cpython-310-x86_64-linux-gnu.so
7fb06b1a7000-7fb06b1c0000 r--p 000b2000 00:62 10229389                   /home/ubuntu/.local/lib/python3.10/site-packages/pandas/_libs/lib.cpython-310-x86_64-linux-gnu.so
7fb06b1c0000-7fb06b1c4000 r--p 000ca000 00:62 10229389                   /home/ubuntu/.local/lib/python3.10/site-packages/pandas/_libs/lib.cpython-310-x86_64-linux-gnu.so
7fb06b1c4000-7fb06b1ca000 rw-p 000ce000 00:62 10229389                   /home/ubuntu/.local/lib/python3.10/site-packages/pandas/_libs/lib.cpython-310-x86_64-linux-gnu.so
7fb06b1ca000-7fb06b2cc000 rw-p 00000000 00:00 0 
7fb06b2cc000-7fb06b2d8000 r--p 00000000 00:62 10229365                   /home/ubuntu/.local/lib/python3.10/site-packages/pandas/_libs/algos.cpython-310-x86_64-linux-gnu.so
7fb06b2d8000-7fb06b4bc000 r-xp 0000c000 00:62 10229365                   /home/ubuntu/.local/lib/python3.10/site-packages/pandas/_libs/algos.cpython-310-x86_64-linux-gnu.so
7fb06b4bc000-7fb06b4d9000 r--p 001f0000 00:62 10229365                   /home/ubuntu/.local/lib/python3.10/site-packages/pandas/_libs/algos.cpython-310-x86_64-linux-gnu.so
7fb06b4d9000-7fb06b4dc000 r--p 0020d000 00:62 10229365                   /home/ubuntu/.local/lib/python3.10/site-packages/pandas/_libs/algos.cpython-310-x86_64-linux-gnu.so
7fb06b4dc000-7fb06b4e0000 rw-p 00210000 00:62 10229365                   /home/ubuntu/.local/lib/python3.10/site-packages/pandas/_libs/algos.cpython-310-x86_64-linux-gnu.so
7fb06b4e0000-7fb06b4e5000 rw-p 00000000 00:00 0 
7fb06b4e5000-7fb06b4e9000 r--p 00000000 00:62 10229395                   /home/ubuntu/.local/lib/python3.10/site-packages/pandas/_libs/ops_dispatch.cpython-310-x86_64-linux-gnu.so
7fb06b4e9000-7fb06b4f0000 r-xp 00004000 00:62 10229395                   /home/ubuntu/.local/lib/python3.10/site-packages/pandas/_libs/ops_dispatch.cpython-310-x86_64-linux-gnu.so
7fb06b4f0000-7fb06b4f2000 r--p 0000b000 00:62 10229395                   /home/ubuntu/.local/lib/python3.10/site-packages/pandas/_libs/ops_dispatch.cpython-310-x86_64-linux-gnu.so
7fb06b4f2000-7fb06b4f3000 r--p 0000d000 00:62 10229395                   /home/ubuntu/.local/lib/python3.10/site-packages/pandas/_libs/ops_dispatch.cpython-310-x86_64-linux-gnu.so
7fb06b4f3000-7fb06b4f4000 rw-p 0000e000 00:62 10229395                   /home/ubuntu/.local/lib/python3.10/site-packages/pandas/_libs/ops_dispatch.cpython-310-x86_64-linux-gnu.so
7fb06b4f4000-7fb06b4fa000 r--p 00000000 00:62 10229446                   /home/ubuntu/.local/lib/python3.10/site-packages/pandas/_libs/tslibs/vectorized.cpython-310-x86_64-linux-gnu.so
7fb06b4fa000-7fb06b524000 r-xp 00006000 00:62 10229446                   /home/ubuntu/.local/lib/python3.10/site-packages/pandas/_libs/tslibs/vectorized.cpython-310-x86_64-linux-gnu.so
7fb06b524000-7fb06b52c000 r--p 00030000 00:62 10229446                   /home/ubuntu/.local/lib/python3.10/site-packages/pandas/_libs/tslibs/vectorized.cpython-310-x86_64-linux-gnu.so
7fb06b52c000-7fb06b52d000 r--p 00038000 00:62 10229446                   /home/ubuntu/.local/lib/python3.10/site-packages/pandas/_libs/tslibs/vectorized.cpython-310-x86_64-linux-gnu.so
7fb06b52d000-7fb06b52f000 rw-p 00039000 00:62 10229446                   /home/ubuntu/.local/lib/python3.10/site-packages/pandas/_libs/tslibs/vectorized.cpython-310-x86_64-linux-gnu.so
7fb06b52f000-7fb06b530000 rw-p 00000000 00:00 0 
7fb06b530000-7fb06b539000 r--p 00000000 00:62 10229434                   /home/ubuntu/.local/lib/python3.10/site-packages/pandas/_libs/tslibs/period.cpython-310-x86_64-linux-gnu.so
7fb06b539000-7fb06b58f000 r-xp 00009000 00:62 10229434                   /home/ubuntu/.local/lib/python3.10/site-packages/pandas/_libs/tslibs/period.cpython-310-x86_64-linux-gnu.so
7fb06b58f000-7fb06b5a8000 r--p 0005f000 00:62 10229434                   /home/ubuntu/.local/lib/python3.10/site-packages/pandas/_libs/tslibs/period.cpython-310-x86_64-linux-gnu.so
7fb06b5a8000-7fb06b5ab000 r--p 00077000 00:62 10229434                   /home/ubuntu/.local/lib/python3.10/site-packages/pandas/_libs/tslibs/period.cpython-310-x86_64-linux-gnu.so
7fb06b5ab000-7fb06b5ae000 rw-p 0007a000 00:62 10229434                   /home/ubuntu/.local/lib/python3.10/site-packages/pandas/_libs/tslibs/period.cpython-310-x86_64-linux-gnu.so
7fb06b5ae000-7fb06b5af000 rw-p 00000000 00:00 0 
7fb06b5af000-7fb06b5b7000 r--p 00000000 00:62 10229436                   /home/ubuntu/.local/lib/python3.10/site-packages/pandas/_libs/tslibs/strptime.cpython-310-x86_64-linux-gnu.so
7fb06b5b7000-7fb06b5ff000 r-xp 00008000 00:62 10229436                   /home/ubuntu/.local/lib/python3.10/site-packages/pandas/_libs/tslibs/strptime.cpython-310-x86_64-linux-gnu.so
7fb06b5ff000-7fb06b609000 r--p 00050000 00:62 10229436                   /home/ubuntu/.local/lib/python3.10/site-packages/pandas/_libs/tslibs/strptime.cpython-310-x86_64-linux-gnu.so
7fb06b609000-7fb06b60b000 r--p 0005a000 00:62 10229436                   /home/ubuntu/.local/lib/python3.10/site-packages/pandas/_libs/tslibs/strptime.cpython-310-x86_64-linux-gnu.so
7fb06b60b000-7fb06b60d000 rw-p 0005c000 00:62 10229436                   /home/ubuntu/.local/lib/python3.10/site-packages/pandas/_libs/tslibs/strptime.cpython-310-x86_64-linux-gnu.so
7fb06b60d000-7fb06b60f000 rw-p 00000000 00:00 0 
7fb06b60f000-7fb06b618000 r--p 00000000 00:62 10229432                   /home/ubuntu/.local/lib/python3.10/site-packages/pandas/_libs/tslibs/parsing.cpython-310-x86_64-linux-gnu.so
7fb06b618000-7fb06b669000 r-xp 00009000 00:62 10229432                   /home/ubuntu/.local/lib/python3.10/site-packages/pandas/_libs/tslibs/parsing.cpython-310-x86_64-linux-gnu.so
7fb06b669000-7fb06b676000 r--p 0005a000 00:62 10229432                   /home/ubuntu/.local/lib/python3.10/site-packages/pandas/_libs/tslibs/parsing.cpython-310-x86_64-linux-gnu.so
7fb06b676000-7fb06b678000 r--p 00067000 00:62 10229432                   /home/ubuntu/.local/lib/python3.10/site-packages/pandas/_libs/tslibs/parsing.cpython-310-x86_64-linux-gnu.so
7fb06b678000-7fb06b67b000 rw-p 00069000 00:62 10229432                   /home/ubuntu/.local/lib/python3.10/site-packages/pandas/_libs/tslibs/parsing.cpython-310-x86_64-linux-gnu.so
7fb06b67b000-7fb06be7d000 rw-p 00000000 00:00 0 
7fb06be7d000-7fb06be8d000 r--p 00000000 00:62 10229430                   /home/ubuntu/.local/lib/python3.10/site-packages/pandas/_libs/tslibs/offsets.cpython-310-x86_64-linux-gnu.so
7fb06be8d000-7fb06bf4c000 r-xp 00010000 00:62 10229430                   /home/ubuntu/.local/lib/python3.10/site-packages/pandas/_libs/tslibs/offsets.cpython-310-x86_64-linux-gnu.so
7fb06bf4c000-7fb06bf71000 r--p 000cf000 00:62 10229430                   /home/ubuntu/.local/lib/python3.10/site-packages/pandas/_libs/tslibs/offsets.cpython-310-x86_64-linux-gnu.so
7fb06bf71000-7fb06bf75000 r--p 000f3000 00:62 10229430                   /home/ubuntu/.local/lib/python3.10/site-packages/pandas/_libs/tslibs/offsets.cpython-310-x86_64-linux-gnu.so
7fb06bf75000-7fb06bf7f000 rw-p 000f7000 00:62 10229430                   /home/ubuntu/.local/lib/python3.10/site-packages/pandas/_libs/tslibs/offsets.cpython-310-x86_64-linux-gnu.so
7fb06bf7f000-7fb06bf83000 rw-p 00000000 00:00 0 
7fb06bf83000-7fb06bf86000 r--p 00000000 00:62 10229417                   /home/ubuntu/.local/lib/python3.10/site-packages/pandas/_libs/tslibs/base.cpython-310-x86_64-linux-gnu.so
7fb06bf86000-7fb06bf8d000 r-xp 00003000 00:62 10229417                   /home/ubuntu/.local/lib/python3.10/site-packages/pandas/_libs/tslibs/base.cpython-310-x86_64-linux-gnu.so
7fb06bf8d000-7fb06bf8f000 r--p 0000a000 00:62 10229417                   /home/ubuntu/.local/lib/python3.10/site-packages/pandas/_libs/tslibs/base.cpython-310-x86_64-linux-gnu.so
7fb06bf8f000-7fb06bf90000 r--p 0000c000 00:62 10229417                   /home/ubuntu/.local/lib/python3.10/site-packages/pandas/_libs/tslibs/base.cpython-310-x86_64-linux-gnu.so
7fb06bf90000-7fb06bf91000 rw-p 0000d000 00:62 10229417                   /home/ubuntu/.local/lib/python3.10/site-packages/pandas/_libs/tslibs/base.cpython-310-x86_64-linux-gnu.so
7fb06bf91000-7fb06bf98000 r--p 00000000 00:62 10229420                   /home/ubuntu/.local/lib/python3.10/site-packages/pandas/_libs/tslibs/conversion.cpython-310-x86_64-linux-gnu.so
7fb06bf98000-7fb06bfce000 r-xp 00007000 00:62 10229420                   /home/ubuntu/.local/lib/python3.10/site-packages/pandas/_libs/tslibs/conversion.cpython-310-x86_64-linux-gnu.so
7fb06bfce000-7fb06bfd8000 r--p 0003d000 00:62 10229420                   /home/ubuntu/.local/lib/python3.10/site-packages/pandas/_libs/tslibs/conversion.cpython-310-x86_64-linux-gnu.so
7fb06bfd8000-7fb06bfda000 r--p 00046000 00:62 10229420                   /home/ubuntu/.local/lib/python3.10/site-packages/pandas/_libs/tslibs/conversion.cpython-310-x86_64-linux-gnu.so
7fb06bfda000-7fb06bfdc000 rw-p 00048000 00:62 10229420                   /home/ubuntu/.local/lib/python3.10/site-packages/pandas/_libs/tslibs/conversion.cpython-310-x86_64-linux-gnu.so
7fb06bfdc000-7fb06bfdd000 rw-p 00000000 00:00 0 
7fb06bfdd000-7fb06bfe1000 r--p 00000000 00:62 10229428                   /home/ubuntu/.local/lib/python3.10/site-packages/pandas/_libs/tslibs/np_datetime.cpython-310-x86_64-linux-gnu.so
7fb06bfe1000-7fb06bff8000 r-xp 00004000 00:62 10229428                   /home/ubuntu/.local/lib/python3.10/site-packages/pandas/_libs/tslibs/np_datetime.cpython-310-x86_64-linux-gnu.so
7fb06bff8000-7fb06bffd000 r--p 0001b000 00:62 10229428                   /home/ubuntu/.local/lib/python3.10/site-packages/pandas/_libs/tslibs/np_datetime.cpython-310-x86_64-linux-gnu.so
7fb06bffd000-7fb06bffe000 r--p 00020000 00:62 10229428                   /home/ubuntu/.local/lib/python3.10/site-packages/pandas/_libs/tslibs/np_datetime.cpython-310-x86_64-linux-gnu.so
7fb06bffe000-7fb06bfff000 rw-p 00021000 00:62 10229428                   /home/ubuntu/.local/lib/python3.10/site-packages/pandas/_libs/tslibs/np_datetime.cpython-310-x86_64-linux-gnu.so
7fb06bfff000-7fb06c000000 rw-p 00000000 00:00 0 
7fb06c000000-7fb06c021000 rw-p 00000000 00:00 0 
7fb06c021000-7fb070000000 ---p 00000000 00:00 0 
7fb070002000-7fb07000a000 rw-s 00000000 00:62 10176884                   /tmp/hsperfdata_ubuntu/265955 (deleted)
7fb07000a000-7fb070011000 r--p 00000000 00:62 10229422                   /home/ubuntu/.local/lib/python3.10/site-packages/pandas/_libs/tslibs/dtypes.cpython-310-x86_64-linux-gnu.so
7fb070011000-7fb07002d000 r-xp 00007000 00:62 10229422                   /home/ubuntu/.local/lib/python3.10/site-packages/pandas/_libs/tslibs/dtypes.cpython-310-x86_64-linux-gnu.so
7fb07002d000-7fb070033000 r--p 00023000 00:62 10229422                   /home/ubuntu/.local/lib/python3.10/site-packages/pandas/_libs/tslibs/dtypes.cpython-310-x86_64-linux-gnu.so
7fb070033000-7fb070035000 r--p 00029000 00:62 10229422                   /home/ubuntu/.local/lib/python3.10/site-packages/pandas/_libs/tslibs/dtypes.cpython-310-x86_64-linux-gnu.so
7fb070035000-7fb070036000 rw-p 0002b000 00:62 10229422                   /home/ubuntu/.local/lib/python3.10/site-packages/pandas/_libs/tslibs/dtypes.cpython-310-x86_64-linux-gnu.so
7fb070036000-7fb070038000 rw-p 00000000 00:00 0 
7fb070038000-7fb07004d000 r--p 00000000 00:62 10229375                   /home/ubuntu/.local/lib/python3.10/site-packages/pandas/_libs/hashtable.cpython-310-x86_64-linux-gnu.so
7fb07004d000-7fb070216000 r-xp 00015000 00:62 10229375                   /home/ubuntu/.local/lib/python3.10/site-packages/pandas/_libs/hashtable.cpython-310-x86_64-linux-gnu.so
7fb070216000-7fb07024d000 r--p 001de000 00:62 10229375                   /home/ubuntu/.local/lib/python3.10/site-packages/pandas/_libs/hashtable.cpython-310-x86_64-linux-gnu.so
7fb07024d000-7fb070252000 r--p 00215000 00:62 10229375                   /home/ubuntu/.local/lib/python3.10/site-packages/pandas/_libs/hashtable.cpython-310-x86_64-linux-gnu.so
7fb070252000-7fb07025f000 rw-p 0021a000 00:62 10229375                   /home/ubuntu/.local/lib/python3.10/site-packages/pandas/_libs/hashtable.cpython-310-x86_64-linux-gnu.so
7fb07025f000-7fb070367000 rw-p 00000000 00:00 0 
7fb070367000-7fb070374000 r--p 00000000 00:62 10229383                   /home/ubuntu/.local/lib/python3.10/site-packages/pandas/_libs/interval.cpython-310-x86_64-linux-gnu.so
7fb070374000-7fb070496000 r-xp 0000d000 00:62 10229383                   /home/ubuntu/.local/lib/python3.10/site-packages/pandas/_libs/interval.cpython-310-x86_64-linux-gnu.so
7fb070496000-7fb0704b4000 r--p 0012f000 00:62 10229383                   /home/ubuntu/.local/lib/python3.10/site-packages/pandas/_libs/interval.cpython-310-x86_64-linux-gnu.so
7fb0704b4000-7fb0704b6000 r--p 0014d000 00:62 10229383                   /home/ubuntu/.local/lib/python3.10/site-packages/pandas/_libs/interval.cpython-310-x86_64-linux-gnu.so
7fb0704b6000-7fb0704bd000 rw-p 0014f000 00:62 10229383                   /home/ubuntu/.local/lib/python3.10/site-packages/pandas/_libs/interval.cpython-310-x86_64-linux-gnu.so
7fb0704bd000-7fb0705bf000 rw-p 00000000 00:00 0 
7fb0705bf000-7fb0707ff000 rw-p 00000000 00:00 0 
7fb0707ff000-7fb070800000 ---p 00000000 00:00 0 
7fb070800000-7fb071000000 rw-p 00000000 00:00 0 
7fb071000000-7fb071800000 rw-p 00000000 00:00 0 
7fb071804000-7fb071806000 r--p 00000000 00:62 10553170                   /usr/lib/jvm/java-17-openjdk-amd64/lib/libjimage.so
7fb071806000-7fb071809000 r-xp 00002000 00:62 10553170                   /usr/lib/jvm/java-17-openjdk-amd64/lib/libjimage.so
7fb071809000-7fb07180a000 r--p 00005000 00:62 10553170                   /usr/lib/jvm/java-17-openjdk-amd64/lib/libjimage.so
7fb07180a000-7fb07180b000 ---p 00006000 00:62 10553170                   /usr/lib/jvm/java-17-openjdk-amd64/lib/libjimage.so
7fb07180b000-7fb07180c000 r--p 00006000 00:62 10553170                   /usr/lib/jvm/java-17-openjdk-amd64/lib/libjimage.so
7fb07180c000-7fb07180d000 rw-p 00007000 00:62 10553170                   /usr/lib/jvm/java-17-openjdk-amd64/lib/libjimage.so
7fb07180d000-7fb071811000 r--p 00000000 00:62 10229418                   /home/ubuntu/.local/lib/python3.10/site-packages/pandas/_libs/tslibs/ccalendar.cpython-310-x86_64-linux-gnu.so
7fb071811000-7fb07181f000 r-xp 00004000 00:62 10229418                   /home/ubuntu/.local/lib/python3.10/site-packages/pandas/_libs/tslibs/ccalendar.cpython-310-x86_64-linux-gnu.so
7fb07181f000-7fb071822000 r--p 00012000 00:62 10229418                   /home/ubuntu/.local/lib/python3.10/site-packages/pandas/_libs/tslibs/ccalendar.cpython-310-x86_64-linux-gnu.so
7fb071822000-7fb071823000 r--p 00015000 00:62 10229418                   /home/ubuntu/.local/lib/python3.10/site-packages/pandas/_libs/tslibs/ccalendar.cpython-310-x86_64-linux-gnu.so
7fb071823000-7fb071824000 rw-p 00016000 00:62 10229418                   /home/ubuntu/.local/lib/python3.10/site-packages/pandas/_libs/tslibs/ccalendar.cpython-310-x86_64-linux-gnu.so
7fb071824000-7fb07182a000 r--p 00000000 00:62 10229391                   /home/ubuntu/.local/lib/python3.10/site-packages/pandas/_libs/missing.cpython-310-x86_64-linux-gnu.so
7fb07182a000-7fb07184a000 r-xp 00006000 00:62 10229391                   /home/ubuntu/.local/lib/python3.10/site-packages/pandas/_libs/missing.cpython-310-x86_64-linux-gnu.so
7fb07184a000-7fb071851000 r--p 00026000 00:62 10229391                   /home/ubuntu/.local/lib/python3.10/site-packages/pandas/_libs/missing.cpython-310-x86_64-linux-gnu.so
7fb071851000-7fb071853000 r--p 0002c000 00:62 10229391                   /home/ubuntu/.local/lib/python3.10/site-packages/pandas/_libs/missing.cpython-310-x86_64-linux-gnu.so
7fb071853000-7fb071855000 rw-p 0002e000 00:62 10229391                   /home/ubuntu/.local/lib/python3.10/site-packages/pandas/_libs/missing.cpython-310-x86_64-linux-gnu.so
7fb071855000-7fb071856000 rw-p 00000000 00:00 0 
7fb071856000-7fb071857000 r--p 00000000 00:62 10229397                   /home/ubuntu/.local/lib/python3.10/site-packages/pandas/_libs/pandas_datetime.cpython-310-x86_64-linux-gnu.so
7fb071857000-7fb07185d000 r-xp 00001000 00:62 10229397                   /home/ubuntu/.local/lib/python3.10/site-packages/pandas/_libs/pandas_datetime.cpython-310-x86_64-linux-gnu.so
7fb07185d000-7fb07185e000 r--p 00007000 00:62 10229397                   /home/ubuntu/.local/lib/python3.10/site-packages/pandas/_libs/pandas_datetime.cpython-310-x86_64-linux-gnu.so
7fb07185e000-7fb07185f000 r--p 00008000 00:62 10229397                   /home/ubuntu/.local/lib/python3.10/site-packages/pandas/_libs/pandas_datetime.cpython-310-x86_64-linux-gnu.so
7fb07185f000-7fb071860000 rw-p 00009000 00:62 10229397                   /home/ubuntu/.local/lib/python3.10/site-packages/pandas/_libs/pandas_datetime.cpython-310-x86_64-linux-gnu.so
7fb071860000-7fb071862000 r--p 00000000 00:62 10229398                   /home/ubuntu/.local/lib/python3.10/site-packages/pandas/_libs/pandas_parser.cpython-310-x86_64-linux-gnu.so
7fb071862000-7fb071868000 r-xp 00002000 00:62 10229398                   /home/ubuntu/.local/lib/python3.10/site-packages/pandas/_libs/pandas_parser.cpython-310-x86_64-linux-gnu.so
7fb071868000-7fb07186a000 r--p 00008000 00:62 10229398                   /home/ubuntu/.local/lib/python3.10/site-packages/pandas/_libs/pandas_parser.cpython-310-x86_64-linux-gnu.so
7fb07186a000-7fb07186b000 r--p 00009000 00:62 10229398                   /home/ubuntu/.local/lib/python3.10/site-packages/pandas/_libs/pandas_parser.cpython-310-x86_64-linux-gnu.so
7fb07186b000-7fb07186c000 rw-p 0000a000 00:62 10229398                   /home/ubuntu/.local/lib/python3.10/site-packages/pandas/_libs/pandas_parser.cpython-310-x86_64-linux-gnu.so
7fb07186c000-7fb071cab000 r--p 00000000 00:62 10173817                   /home/ubuntu/.local/lib/python3.10/site-packages/pyarrow/libarrow.so.2200
7fb071cab000-7fb0738e5000 r-xp 0043f000 00:62 10173817                   /home/ubuntu/.local/lib/python3.10/site-packages/pyarrow/libarrow.so.2200
7fb0738e5000-7fb074044000 r--p 02079000 00:62 10173817                   /home/ubuntu/.local/lib/python3.10/site-packages/pyarrow/libarrow.so.2200
7fb074044000-7fb074143000 r--p 027d8000 00:62 10173817                   /home/ubuntu/.local/lib/python3.10/site-packages/pyarrow/libarrow.so.2200
7fb074143000-7fb07417e000 rw-p 028d7000 00:62 10173817                   /home/ubuntu/.local/lib/python3.10/site-packages/pyarrow/libarrow.so.2200
7fb07417e000-7fb0743a9000 rw-p 00000000 00:00 0 
7fb0743a9000-7fb0744b2000 r--p 00000000 00:62 10173819                   /home/ubuntu/.local/lib/python3.10/site-packages/pyarrow/libarrow_compute.so.2200
7fb0744b2000-7fb074fc8000 r-xp 00109000 00:62 10173819                   /home/ubuntu/.local/lib/python3.10/site-packages/pyarrow/libarrow_compute.so.2200
7fb074fc8000-7fb0751dc000 r--p 00c1f000 00:62 10173819                   /home/ubuntu/.local/lib/python3.10/site-packages/pyarrow/libarrow_compute.so.2200
7fb0751dc000-7fb0751fb000 r--p 00e33000 00:62 10173819                   /home/ubuntu/.local/lib/python3.10/site-packages/pyarrow/libarrow_compute.so.2200
7fb0751fb000-7fb075200000 rw-p 00e52000 00:62 10173819                   /home/ubuntu/.local/lib/python3.10/site-packages/pyarrow/libarrow_compute.so.2200
7fb075200000-7fb07520d000 rw-p 00000000 00:00 0 
7fb07520d000-7fb075262000 r--p 00000000 00:62 10173818                   /home/ubuntu/.local/lib/python3.10/site-packages/pyarrow/libarrow_acero.so.2200
7fb075262000-7fb075354000 r-xp 00055000 00:62 10173818                   /home/ubuntu/.local/lib/python3.10/site-packages/pyarrow/libarrow_acero.so.2200
7fb075354000-7fb07538c000 r--p 00147000 00:62 10173818                   /home/ubuntu/.local/lib/python3.10/site-packages/pyarrow/libarrow_acero.so.2200
7fb07538c000-7fb075392000 r--p 0017e000 00:62 10173818                   /home/ubuntu/.local/lib/python3.10/site-packages/pyarrow/libarrow_acero.so.2200
7fb075392000-7fb075395000 rw-p 00184000 00:62 10173818                   /home/ubuntu/.local/lib/python3.10/site-packages/pyarrow/libarrow_acero.so.2200
7fb075395000-7fb07558f000 r--p 00000000 00:62 10173832                   /home/ubuntu/.local/lib/python3.10/site-packages/pyarrow/libparquet.so.2200
7fb07558f000-7fb075b23000 r-xp 001fa000 00:62 10173832                   /home/ubuntu/.local/lib/python3.10/site-packages/pyarrow/libparquet.so.2200
7fb075b23000-7fb075ce6000 r--p 0078e000 00:62 10173832                   /home/ubuntu/.local/lib/python3.10/site-packages/pyarrow/libparquet.so.2200
7fb075ce6000-7fb075d81000 r--p 00951000 00:62 10173832                   /home/ubuntu/.local/lib/python3.10/site-packages/pyarrow/libparquet.so.2200
7fb075d81000-7fb075d8f000 rw-p 009ec000 00:62 10173832                   /home/ubuntu/.local/lib/python3.10/site-packages/pyarrow/libparquet.so.2200
7fb075d8f000-7fb075d93000 rw-p 00000000 00:00 0 
7fb075d93000-7fb075e38000 r--p 00000000 00:62 10173820                   /home/ubuntu/.local/lib/python3.10/site-packages/pyarrow/libarrow_dataset.so.2200
7fb075e38000-7fb075f15000 r-xp 000a5000 00:62 10173820                   /home/ubuntu/.local/lib/python3.10/site-packages/pyarrow/libarrow_dataset.so.2200
7fb075f15000-7fb075f58000 r--p 00182000 00:62 10173820                   /home/ubuntu/.local/lib/python3.10/site-packages/pyarrow/libarrow_dataset.so.2200
7fb075f58000-7fb075f61000 r--p 001c4000 00:62 10173820                   /home/ubuntu/.local/lib/python3.10/site-packages/pyarrow/libarrow_dataset.so.2200
7fb075f61000-7fb075f63000 rw-p 001cd000 00:62 10173820                   /home/ubuntu/.local/lib/python3.10/site-packages/pyarrow/libarrow_dataset.so.2200
7fb075f63000-7fb075fd6000 r--p 00000000 00:62 10173831                   /home/ubuntu/.local/lib/python3.10/site-packages/pyarrow/libarrow_substrait.so.2200
7fb075fd6000-7fb0762bf000 r-xp 00073000 00:62 10173831                   /home/ubuntu/.local/lib/python3.10/site-packages/pyarrow/libarrow_substrait.so.2200
7fb0762bf000-7fb076376000 r--p 0035c000 00:62 10173831                   /home/ubuntu/.local/lib/python3.10/site-packages/pyarrow/libarrow_substrait.so.2200
7fb076376000-7fb076383000 r--p 00413000 00:62 10173831                   /home/ubuntu/.local/lib/python3.10/site-packages/pyarrow/libarrow_substrait.so.2200
7fb076383000-7fb076399000 rw-p 00420000 00:62 10173831                   /home/ubuntu/.local/lib/python3.10/site-packages/pyarrow/libarrow_substrait.so.2200
7fb076399000-7fb07639b000 rw-p 00000000 00:00 0 
7fb07639b000-7fb076426000 r--p 00000000 00:62 10173823                   /home/ubuntu/.local/lib/python3.10/site-packages/pyarrow/libarrow_python.so.2200
7fb076426000-7fb076548000 r-xp 0008b000 00:62 10173823                   /home/ubuntu/.local/lib/python3.10/site-packages/pyarrow/libarrow_python.so.2200
7fb076548000-7fb07658b000 r--p 001ad000 00:62 10173823                   /home/ubuntu/.local/lib/python3.10/site-packages/pyarrow/libarrow_python.so.2200
7fb07658b000-7fb076597000 r--p 001f0000 00:62 10173823                   /home/ubuntu/.local/lib/python3.10/site-packages/pyarrow/libarrow_python.so.2200
7fb076597000-7fb07659a000 rw-p 001fc000 00:62 10173823                   /home/ubuntu/.local/lib/python3.10/site-packages/pyarrow/libarrow_python.so.2200
7fb07659a000-7fb0765f8000 r--p 00000000 00:62 10173812                   /home/ubuntu/.local/lib/python3.10/site-packages/pyarrow/lib.cpython-310-x86_64-linux-gnu.so
7fb0765f8000-7fb076849000 r-xp 0005e000 00:62 10173812                   /home/ubuntu/.local/lib/python3.10/site-packages/pyarrow/lib.cpython-310-x86_64-linux-gnu.so
7fb076849000-7fb076936000 r--p 002af000 00:62 10173812                   /home/ubuntu/.local/lib/python3.10/site-packages/pyarrow/lib.cpython-310-x86_64-linux-gnu.so
7fb076936000-7fb076945000 r--p 0039b000 00:62 10173812                   /home/ubuntu/.local/lib/python3.10/site-packages/pyarrow/lib.cpython-310-x86_64-linux-gnu.so
7fb076945000-7fb07696d000 rw-p 003aa000 00:62 10173812                   /home/ubuntu/.local/lib/python3.10/site-packages/pyarrow/lib.cpython-310-x86_64-linux-gnu.so
7fb07696d000-7fb07697b000 rw-p 00000000 00:00 0 
7fb07697b000-7fb076980000 r--p 00000000 00:62 10226752                   /home/ubuntu/.local/lib/python3.10/site-packages/scipy/ndimage/_ni_label.cpython-310-x86_64-linux-gnu.so
7fb076980000-7fb0769cc000 r-xp 00005000 00:62 10226752                   /home/ubuntu/.local/lib/python3.10/site-packages/scipy/ndimage/_ni_label.cpython-310-x86_64-linux-gnu.so
7fb0769cc000-7fb0769d5000 r--p 00051000 00:62 10226752                   /home/ubuntu/.local/lib/python3.10/site-packages/scipy/ndimage/_ni_label.cpython-310-x86_64-linux-gnu.so
7fb0769d5000-7fb0769d6000 ---p 0005a000 00:62 10226752                   /home/ubuntu/.local/lib/python3.10/site-packages/scipy/ndimage/_ni_label.cpython-310-x86_64-linux-gnu.so
7fb0769d6000-7fb0769d7000 r--p 0005a000 00:62 10226752                   /home/ubuntu/.local/lib/python3.10/site-packages/scipy/ndimage/_ni_label.cpython-310-x86_64-linux-gnu.so
7fb0769d7000-7fb0769da000 rw-p 0005b000 00:62 10226752                   /home/ubuntu/.local/lib/python3.10/site-packages/scipy/ndimage/_ni_label.cpython-310-x86_64-linux-gnu.so
7fb0769da000-7fb0769dc000 r--p 00000000 00:62 10226766                   /home/ubuntu/.local/lib/python3.10/site-packages/scipy/ndimage/_nd_image.cpython-310-x86_64-linux-gnu.so
7fb0769dc000-7fb0769f7000 r-xp 00002000 00:62 10226766                   /home/ubuntu/.local/lib/python3.10/site-packages/scipy/ndimage/_nd_image.cpython-310-x86_64-linux-gnu.so
7fb0769f7000-7fb0769fb000 r--p 0001d000 00:62 10226766                   /home/ubuntu/.local/lib/python3.10/site-packages/scipy/ndimage/_nd_image.cpython-310-x86_64-linux-gnu.so
7fb0769fb000-7fb0769fc000 r--p 00020000 00:62 10226766                   /home/ubuntu/.local/lib/python3.10/site-packages/scipy/ndimage/_nd_image.cpython-310-x86_64-linux-gnu.so
7fb0769fc000-7fb0769fd000 rw-p 00021000 00:62 10226766                   /home/ubuntu/.local/lib/python3.10/site-packages/scipy/ndimage/_nd_image.cpython-310-x86_64-linux-gnu.so
7fb0769fd000-7fb076afd000 rw-p 00000000 00:00 0 
7fb076afd000-7fb076b02000 r--p 00000000 00:62 10227388                   /home/ubuntu/.local/lib/python3.10/site-packages/scipy/stats/_rcont/rcont.cpython-310-x86_64-linux-gnu.so
7fb076b02000-7fb076b2a000 r-xp 00005000 00:62 10227388                   /home/ubuntu/.local/lib/python3.10/site-packages/scipy/stats/_rcont/rcont.cpython-310-x86_64-linux-gnu.so
7fb076b2a000-7fb076b33000 r--p 0002d000 00:62 10227388                   /home/ubuntu/.local/lib/python3.10/site-packages/scipy/stats/_rcont/rcont.cpython-310-x86_64-linux-gnu.so
7fb076b33000-7fb076b34000 ---p 00036000 00:62 10227388                   /home/ubuntu/.local/lib/python3.10/site-packages/scipy/stats/_rcont/rcont.cpython-310-x86_64-linux-gnu.so
7fb076b34000-7fb076b35000 r--p 00036000 00:62 10227388                   /home/ubuntu/.local/lib/python3.10/site-packages/scipy/stats/_rcont/rcont.cpython-310-x86_64-linux-gnu.so
7fb076b35000-7fb076b37000 rw-p 00037000 00:62 10227388                   /home/ubuntu/.local/lib/python3.10/site-packages/scipy/stats/_rcont/rcont.cpython-310-x86_64-linux-gnu.so
7fb076b37000-7fb076b38000 rw-p 00000000 00:00 0 
7fb076b38000-7fb076b3a000 r--p 00000000 00:62 10227269                   /home/ubuntu/.local/lib/python3.10/site-packages/scipy/stats/_mvn.cpython-310-x86_64-linux-gnu.so
7fb076b3a000-7fb076b43000 r-xp 00002000 00:62 10227269                   /home/ubuntu/.local/lib/python3.10/site-packages/scipy/stats/_mvn.cpython-310-x86_64-linux-gnu.so
7fb076b43000-7fb076b49000 r--p 0000b000 00:62 10227269                   /home/ubuntu/.local/lib/python3.10/site-packages/scipy/stats/_mvn.cpython-310-x86_64-linux-gnu.so
7fb076b49000-7fb076b4a000 r--p 00010000 00:62 10227269                   /home/ubuntu/.local/lib/python3.10/site-packages/scipy/stats/_mvn.cpython-310-x86_64-linux-gnu.so
7fb076b4a000-7fb076b4c000 rw-p 00011000 00:62 10227269                   /home/ubuntu/.local/lib/python3.10/site-packages/scipy/stats/_mvn.cpython-310-x86_64-linux-gnu.so
7fb076b4c000-7fb076c43000 rw-p 00000000 00:00 0 
7fb076c43000-7fb076c48000 r--p 00000000 00:62 10227257                   /home/ubuntu/.local/lib/python3.10/site-packages/scipy/stats/_ansari_swilk_statistics.cpython-310-x86_64-linux-gnu.so
7fb076c48000-7fb076c75000 r-xp 00005000 00:62 10227257                   /home/ubuntu/.local/lib/python3.10/site-packages/scipy/stats/_ansari_swilk_statistics.cpython-310-x86_64-linux-gnu.so
7fb076c75000-7fb076c7d000 r--p 00032000 00:62 10227257                   /home/ubuntu/.local/lib/python3.10/site-packages/scipy/stats/_ansari_swilk_statistics.cpython-310-x86_64-linux-gnu.so
7fb076c7d000-7fb076c7e000 r--p 00039000 00:62 10227257                   /home/ubuntu/.local/lib/python3.10/site-packages/scipy/stats/_ansari_swilk_statistics.cpython-310-x86_64-linux-gnu.so
7fb076c7e000-7fb076c80000 rw-p 0003a000 00:62 10227257                   /home/ubuntu/.local/lib/python3.10/site-packages/scipy/stats/_ansari_swilk_statistics.cpython-310-x86_64-linux-gnu.so
7fb076c80000-7fb076d81000 rw-p 00000000 00:00 0 
7fb076d81000-7fb076d84000 r--p 00000000 00:62 10227390                   /home/ubuntu/.local/lib/python3.10/site-packages/scipy/stats/_levy_stable/levyst.cpython-310-x86_64-linux-gnu.so
7fb076d84000-7fb076d8b000 r-xp 00003000 00:62 10227390                   /home/ubuntu/.local/lib/python3.10/site-packages/scipy/stats/_levy_stable/levyst.cpython-310-x86_64-linux-gnu.so
7fb076d8b000-7fb076d8d000 r--p 0000a000 00:62 10227390                   /home/ubuntu/.local/lib/python3.10/site-packages/scipy/stats/_levy_stable/levyst.cpython-310-x86_64-linux-gnu.so
7fb076d8d000-7fb076d8e000 r--p 0000b000 00:62 10227390                   /home/ubuntu/.local/lib/python3.10/site-packages/scipy/stats/_levy_stable/levyst.cpython-310-x86_64-linux-gnu.so
7fb076d8e000-7fb076d8f000 rw-p 0000c000 00:62 10227390                   /home/ubuntu/.local/lib/python3.10/site-packages/scipy/stats/_levy_stable/levyst.cpython-310-x86_64-linux-gnu.so
7fb076d8f000-7fb076d93000 r--p 00000000 00:62 10227300                   /home/ubuntu/.local/lib/python3.10/site-packages/scipy/stats/_stats_pythran.cpython-310-x86_64-linux-gnu.so
7fb076d93000-7fb076dad000 r-xp 00004000 00:62 10227300                   /home/ubuntu/.local/lib/python3.10/site-packages/scipy/stats/_stats_pythran.cpython-310-x86_64-linux-gnu.so
7fb076dad000-7fb076db3000 r--p 0001e000 00:62 10227300                   /home/ubuntu/.local/lib/python3.10/site-packages/scipy/stats/_stats_pythran.cpython-310-x86_64-linux-gnu.so
7fb076db3000-7fb076db4000 r--p 00023000 00:62 10227300                   /home/ubuntu/.local/lib/python3.10/site-packages/scipy/stats/_stats_pythran.cpython-310-x86_64-linux-gnu.so
7fb076db4000-7fb076db5000 rw-p 00024000 00:62 10227300                   /home/ubuntu/.local/lib/python3.10/site-packages/scipy/stats/_stats_pythran.cpython-310-x86_64-linux-gnu.so
7fb076db5000-7fb076dba000 r--p 00000000 00:62 10227279                   /home/ubuntu/.local/lib/python3.10/site-packages/scipy/stats/_biasedurn.cpython-310-x86_64-linux-gnu.so
7fb076dba000-7fb076de4000 r-xp 00005000 00:62 10227279                   /home/ubuntu/.local/lib/python3.10/site-packages/scipy/stats/_biasedurn.cpython-310-x86_64-linux-gnu.so
7fb076de4000-7fb076df0000 r--p 0002f000 00:62 10227279                   /home/ubuntu/.local/lib/python3.10/site-packages/scipy/stats/_biasedurn.cpython-310-x86_64-linux-gnu.so
7fb076df0000-7fb076df1000 r--p 0003a000 00:62 10227279                   /home/ubuntu/.local/lib/python3.10/site-packages/scipy/stats/_biasedurn.cpython-310-x86_64-linux-gnu.so
7fb076df1000-7fb076df4000 rw-p 0003b000 00:62 10227279                   /home/ubuntu/.local/lib/python3.10/site-packages/scipy/stats/_biasedurn.cpython-310-x86_64-linux-gnu.so
7fb076df4000-7fb076ef7000 rw-p 00000000 00:00 0 
7fb076ef7000-7fb076efd000 r--p 00000000 00:62 10227315                   /home/ubuntu/.local/lib/python3.10/site-packages/scipy/stats/_qmc_cy.cpython-310-x86_64-linux-gnu.so
7fb076efd000-7fb076f28000 r-xp 00006000 00:62 10227315                   /home/ubuntu/.local/lib/python3.10/site-packages/scipy/stats/_qmc_cy.cpython-310-x86_64-linux-gnu.so
7fb076f28000-7fb076f31000 r--p 00031000 00:62 10227315                   /home/ubuntu/.local/lib/python3.10/site-packages/scipy/stats/_qmc_cy.cpython-310-x86_64-linux-gnu.so
7fb076f31000-7fb076f32000 r--p 00039000 00:62 10227315                   /home/ubuntu/.local/lib/python3.10/site-packages/scipy/stats/_qmc_cy.cpython-310-x86_64-linux-gnu.so
7fb076f32000-7fb076f34000 rw-p 0003a000 00:62 10227315                   /home/ubuntu/.local/lib/python3.10/site-packages/scipy/stats/_qmc_cy.cpython-310-x86_64-linux-gnu.so
7fb076f34000-7fb076f35000 rw-p 00000000 00:00 0 
7fb076f35000-7fb076f3a000 r--p 00000000 00:62 10227297                   /home/ubuntu/.local/lib/python3.10/site-packages/scipy/stats/_sobol.cpython-310-x86_64-linux-gnu.so
7fb076f3a000-7fb076f82000 r-xp 00005000 00:62 10227297                   /home/ubuntu/.local/lib/python3.10/site-packages/scipy/stats/_sobol.cpython-310-x86_64-linux-gnu.so
7fb076f82000-7fb076f8c000 r--p 0004d000 00:62 10227297                   /home/ubuntu/.local/lib/python3.10/site-packages/scipy/stats/_sobol.cpython-310-x86_64-linux-gnu.so
7fb076f8c000-7fb076f8d000 r--p 00056000 00:62 10227297                   /home/ubuntu/.local/lib/python3.10/site-packages/scipy/stats/_sobol.cpython-310-x86_64-linux-gnu.so
7fb076f8d000-7fb076f90000 rw-p 00057000 00:62 10227297                   /home/ubuntu/.local/lib/python3.10/site-packages/scipy/stats/_sobol.cpython-310-x86_64-linux-gnu.so
7fb076f90000-7fb077090000 rw-p 00000000 00:00 0 
7fb077090000-7fb07709e000 r--p 00000000 00:62 10226464                   /home/ubuntu/.local/lib/python3.10/site-packages/scipy/special/cython_special.cpython-310-x86_64-linux-gnu.so
7fb07709e000-7fb077363000 r-xp 0000e000 00:62 10226464                   /home/ubuntu/.local/lib/python3.10/site-packages/scipy/special/cython_special.cpython-310-x86_64-linux-gnu.so
7fb077363000-7fb0773ab000 r--p 002d3000 00:62 10226464                   /home/ubuntu/.local/lib/python3.10/site-packages/scipy/special/cython_special.cpython-310-x86_64-linux-gnu.so
7fb0773ab000-7fb0773ac000 r--p 0031a000 00:62 10226464                   /home/ubuntu/.local/lib/python3.10/site-packages/scipy/special/cython_special.cpython-310-x86_64-linux-gnu.so
7fb0773ac000-7fb0773b1000 rw-p 0031b000 00:62 10226464                   /home/ubuntu/.local/lib/python3.10/site-packages/scipy/special/cython_special.cpython-310-x86_64-linux-gnu.so
7fb0773b1000-7fb0773b4000 rw-p 00000000 00:00 0 
7fb0773b4000-7fb0773ba000 r--p 00000000 00:62 10227263                   /home/ubuntu/.local/lib/python3.10/site-packages/scipy/stats/_stats.cpython-310-x86_64-linux-gnu.so
7fb0773ba000-7fb07744e000 r-xp 00006000 00:62 10227263                   /home/ubuntu/.local/lib/python3.10/site-packages/scipy/stats/_stats.cpython-310-x86_64-linux-gnu.so
7fb07744e000-7fb07745c000 r--p 0009a000 00:62 10227263                   /home/ubuntu/.local/lib/python3.10/site-packages/scipy/stats/_stats.cpython-310-x86_64-linux-gnu.so
7fb07745c000-7fb07745d000 r--p 000a7000 00:62 10227263                   /home/ubuntu/.local/lib/python3.10/site-packages/scipy/stats/_stats.cpython-310-x86_64-linux-gnu.so
7fb07745d000-7fb077460000 rw-p 000a8000 00:62 10227263                   /home/ubuntu/.local/lib/python3.10/site-packages/scipy/stats/_stats.cpython-310-x86_64-linux-gnu.so
7fb077460000-7fb077462000 rw-p 00000000 00:00 0 
7fb077462000-7fb077468000 r--p 00000000 00:62 10227514                   /home/ubuntu/.local/lib/python3.10/site-packages/scipy/interpolate/_bspl.cpython-310-x86_64-linux-gnu.so
7fb077468000-7fb07749e000 r-xp 00006000 00:62 10227514                   /home/ubuntu/.local/lib/python3.10/site-packages/scipy/interpolate/_bspl.cpython-310-x86_64-linux-gnu.so
7fb07749e000-7fb0774ab000 r--p 0003c000 00:62 10227514                   /home/ubuntu/.local/lib/python3.10/site-packages/scipy/interpolate/_bspl.cpython-310-x86_64-linux-gnu.so
7fb0774ab000-7fb0774ac000 r--p 00048000 00:62 10227514                   /home/ubuntu/.local/lib/python3.10/site-packages/scipy/interpolate/_bspl.cpython-310-x86_64-linux-gnu.so
7fb0774ac000-7fb0774ae000 rw-p 00049000 00:62 10227514                   /home/ubuntu/.local/lib/python3.10/site-packages/scipy/interpolate/_bspl.cpython-310-x86_64-linux-gnu.so
7fb0774ae000-7fb0774af000 rw-p 00000000 00:00 0 
7fb0774af000-7fb0774b2000 rw-p 0005f000 00:62 10227514                   /home/ubuntu/.local/lib/python3.10/site-packages/scipy/interpolate/_bspl.cpython-310-x86_64-linux-gnu.so
7fb0774b2000-7fb0774b4000 rw-p 00062000 00:62 10227514                   /home/ubuntu/.local/lib/python3.10/site-packages/scipy/interpolate/_bspl.cpython-310-x86_64-linux-gnu.so
7fb0774b4000-7fb0774b9000 r--p 00000000 00:62 10227517                   /home/ubuntu/.local/lib/python3.10/site-packages/scipy/interpolate/_rgi_cython.cpython-310-x86_64-linux-gnu.so
7fb0774b9000-7fb0774ea000 r-xp 00005000 00:62 10227517                   /home/ubuntu/.local/lib/python3.10/site-packages/scipy/interpolate/_rgi_cython.cpython-310-x86_64-linux-gnu.so
7fb0774ea000-7fb0774f2000 r--p 00036000 00:62 10227517                   /home/ubuntu/.local/lib/python3.10/site-packages/scipy/interpolate/_rgi_cython.cpython-310-x86_64-linux-gnu.so
7fb0774f2000-7fb0774f3000 r--p 0003d000 00:62 10227517                   /home/ubuntu/.local/lib/python3.10/site-packages/scipy/interpolate/_rgi_cython.cpython-310-x86_64-linux-gnu.so
7fb0774f3000-7fb0774f5000 rw-p 0003e000 00:62 10227517                   /home/ubuntu/.local/lib/python3.10/site-packages/scipy/interpolate/_rgi_cython.cpython-310-x86_64-linux-gnu.so
7fb0774f5000-7fb0774f6000 rw-p 00000000 00:00 0 
7fb0774f6000-7fb0774fa000 r--p 00000000 00:62 10227507                   /home/ubuntu/.local/lib/python3.10/site-packages/scipy/interpolate/_rbfinterp_pythran.cpython-310-x86_64-linux-gnu.so
7fb0774fa000-7fb077525000 r-xp 00004000 00:62 10227507                   /home/ubuntu/.local/lib/python3.10/site-packages/scipy/interpolate/_rbfinterp_pythran.cpython-310-x86_64-linux-gnu.so
7fb077525000-7fb07752b000 r--p 0002f000 00:62 10227507                   /home/ubuntu/.local/lib/python3.10/site-packages/scipy/interpolate/_rbfinterp_pythran.cpython-310-x86_64-linux-gnu.so
7fb07752b000-7fb07752c000 r--p 00034000 00:62 10227507                   /home/ubuntu/.local/lib/python3.10/site-packages/scipy/interpolate/_rbfinterp_pythran.cpython-310-x86_64-linux-gnu.so
7fb07752c000-7fb07752d000 rw-p 00035000 00:62 10227507                   /home/ubuntu/.local/lib/python3.10/site-packages/scipy/interpolate/_rbfinterp_pythran.cpython-310-x86_64-linux-gnu.so
7fb07752d000-7fb077533000 r--p 00000000 00:62 10227521                   /home/ubuntu/.local/lib/python3.10/site-packages/scipy/interpolate/_interpnd.cpython-310-x86_64-linux-gnu.so
7fb077533000-7fb077583000 r-xp 00006000 00:62 10227521                   /home/ubuntu/.local/lib/python3.10/site-packages/scipy/interpolate/_interpnd.cpython-310-x86_64-linux-gnu.so
7fb077583000-7fb07758f000 r--p 00056000 00:62 10227521                   /home/ubuntu/.local/lib/python3.10/site-packages/scipy/interpolate/_interpnd.cpython-310-x86_64-linux-gnu.so
7fb07758f000-7fb077590000 r--p 00061000 00:62 10227521                   /home/ubuntu/.local/lib/python3.10/site-packages/scipy/interpolate/_interpnd.cpython-310-x86_64-linux-gnu.so
7fb077590000-7fb077593000 rw-p 00062000 00:62 10227521                   /home/ubuntu/.local/lib/python3.10/site-packages/scipy/interpolate/_interpnd.cpython-310-x86_64-linux-gnu.so
7fb077593000-7fb077694000 rw-p 00000000 00:00 0 
7fb077694000-7fb077699000 r--p 00000000 00:62 10227494                   /home/ubuntu/.local/lib/python3.10/site-packages/scipy/interpolate/_ppoly.cpython-310-x86_64-linux-gnu.so
7fb077699000-7fb0776ef000 r-xp 00005000 00:62 10227494                   /home/ubuntu/.local/lib/python3.10/site-packages/scipy/interpolate/_ppoly.cpython-310-x86_64-linux-gnu.so
7fb0776ef000-7fb0776fa000 r--p 0005b000 00:62 10227494                   /home/ubuntu/.local/lib/python3.10/site-packages/scipy/interpolate/_ppoly.cpython-310-x86_64-linux-gnu.so
7fb0776fa000-7fb0776fb000 r--p 00065000 00:62 10227494                   /home/ubuntu/.local/lib/python3.10/site-packages/scipy/interpolate/_ppoly.cpython-310-x86_64-linux-gnu.so
7fb0776fb000-7fb0776fd000 rw-p 00066000 00:62 10227494                   /home/ubuntu/.local/lib/python3.10/site-packages/scipy/interpolate/_ppoly.cpython-310-x86_64-linux-gnu.so
7fb0776fd000-7fb0776fe000 rw-p 00000000 00:00 0 
7fb0776fe000-7fb077701000 r--p 00000000 00:62 10227515                   /home/ubuntu/.local/lib/python3.10/site-packages/scipy/interpolate/_dierckx.cpython-310-x86_64-linux-gnu.so
7fb077701000-7fb07770d000 r-xp 00003000 00:62 10227515                   /home/ubuntu/.local/lib/python3.10/site-packages/scipy/interpolate/_dierckx.cpython-310-x86_64-linux-gnu.so
7fb07770d000-7fb077712000 r--p 0000f000 00:62 10227515                   /home/ubuntu/.local/lib/python3.10/site-packages/scipy/interpolate/_dierckx.cpython-310-x86_64-linux-gnu.so
7fb077712000-7fb077713000 r--p 00013000 00:62 10227515                   /home/ubuntu/.local/lib/python3.10/site-packages/scipy/interpolate/_dierckx.cpython-310-x86_64-linux-gnu.so
7fb077713000-7fb077715000 rw-p 00014000 00:62 10227515                   /home/ubuntu/.local/lib/python3.10/site-packages/scipy/interpolate/_dierckx.cpython-310-x86_64-linux-gnu.so
7fb077715000-7fb077717000 rw-p 00020000 00:62 10227515                   /home/ubuntu/.local/lib/python3.10/site-packages/scipy/interpolate/_dierckx.cpython-310-x86_64-linux-gnu.so
7fb077717000-7fb077718000 rw-p 00022000 00:62 10227515                   /home/ubuntu/.local/lib/python3.10/site-packages/scipy/interpolate/_dierckx.cpython-310-x86_64-linux-gnu.so
7fb077718000-7fb07771c000 r--p 00000000 00:62 10227502                   /home/ubuntu/.local/lib/python3.10/site-packages/scipy/interpolate/_dfitpack.cpython-310-x86_64-linux-gnu.so
7fb07771c000-7fb077752000 r-xp 00004000 00:62 10227502                   /home/ubuntu/.local/lib/python3.10/site-packages/scipy/interpolate/_dfitpack.cpython-310-x86_64-linux-gnu.so
7fb077752000-7fb07775e000 r--p 0003a000 00:62 10227502                   /home/ubuntu/.local/lib/python3.10/site-packages/scipy/interpolate/_dfitpack.cpython-310-x86_64-linux-gnu.so
7fb07775e000-7fb07775f000 ---p 00046000 00:62 10227502                   /home/ubuntu/.local/lib/python3.10/site-packages/scipy/interpolate/_dfitpack.cpython-310-x86_64-linux-gnu.so
7fb07775f000-7fb077760000 r--p 00046000 00:62 10227502                   /home/ubuntu/.local/lib/python3.10/site-packages/scipy/interpolate/_dfitpack.cpython-310-x86_64-linux-gnu.so
7fb077760000-7fb077768000 rw-p 00047000 00:62 10227502                   /home/ubuntu/.local/lib/python3.10/site-packages/scipy/interpolate/_dfitpack.cpython-310-x86_64-linux-gnu.so
7fb077768000-7fb07776a000 rw-p 00052000 00:62 10227502                   /home/ubuntu/.local/lib/python3.10/site-packages/scipy/interpolate/_dfitpack.cpython-310-x86_64-linux-gnu.so
7fb07776a000-7fb07776b000 rw-p 00054000 00:62 10227502                   /home/ubuntu/.local/lib/python3.10/site-packages/scipy/interpolate/_dfitpack.cpython-310-x86_64-linux-gnu.so
7fb07776b000-7fb07776c000 r--p 00000000 00:62 10227498                   /home/ubuntu/.local/lib/python3.10/site-packages/scipy/interpolate/_fitpack.cpython-310-x86_64-linux-gnu.so
7fb07776c000-7fb07777c000 r-xp 00001000 00:62 10227498                   /home/ubuntu/.local/lib/python3.10/site-packages/scipy/interpolate/_fitpack.cpython-310-x86_64-linux-gnu.so
7fb07777c000-7fb07777e000 r--p 00011000 00:62 10227498                   /home/ubuntu/.local/lib/python3.10/site-packages/scipy/interpolate/_fitpack.cpython-310-x86_64-linux-gnu.so
7fb07777e000-7fb07777f000 r--p 00012000 00:62 10227498                   /home/ubuntu/.local/lib/python3.10/site-packages/scipy/interpolate/_fitpack.cpython-310-x86_64-linux-gnu.so
7fb07777f000-7fb077780000 rw-p 00013000 00:62 10227498                   /home/ubuntu/.local/lib/python3.10/site-packages/scipy/interpolate/_fitpack.cpython-310-x86_64-linux-gnu.so
7fb077780000-7fb077781000 rw-p 00015000 00:62 10227498                   /home/ubuntu/.local/lib/python3.10/site-packages/scipy/interpolate/_fitpack.cpython-310-x86_64-linux-gnu.so
7fb077781000-7fb077782000 rw-p 00016000 00:62 10227498                   /home/ubuntu/.local/lib/python3.10/site-packages/scipy/interpolate/_fitpack.cpython-310-x86_64-linux-gnu.so
7fb077782000-7fb077882000 rw-p 00000000 00:00 0 
7fb077882000-7fb07789e000 r--p 00000000 00:62 10226100                   /home/ubuntu/.local/lib/python3.10/site-packages/scipy/integrate/_lsoda.cpython-310-x86_64-linux-gnu.so
7fb07789e000-7fb0778b9000 r-xp 0001c000 00:62 10226100                   /home/ubuntu/.local/lib/python3.10/site-packages/scipy/integrate/_lsoda.cpython-310-x86_64-linux-gnu.so
7fb0778b9000-7fb0778c8000 r--p 00037000 00:62 10226100                   /home/ubuntu/.local/lib/python3.10/site-packages/scipy/integrate/_lsoda.cpython-310-x86_64-linux-gnu.so
7fb0778c8000-7fb0778c9000 ---p 00046000 00:62 10226100                   /home/ubuntu/.local/lib/python3.10/site-packages/scipy/integrate/_lsoda.cpython-310-x86_64-linux-gnu.so
7fb0778c9000-7fb0778ca000 r--p 00046000 00:62 10226100                   /home/ubuntu/.local/lib/python3.10/site-packages/scipy/integrate/_lsoda.cpython-310-x86_64-linux-gnu.so
7fb0778ca000-7fb0778cf000 rw-p 00047000 00:62 10226100                   /home/ubuntu/.local/lib/python3.10/site-packages/scipy/integrate/_lsoda.cpython-310-x86_64-linux-gnu.so
7fb0778cf000-7fb0778e0000 rw-p 00067000 00:62 10226100                   /home/ubuntu/.local/lib/python3.10/site-packages/scipy/integrate/_lsoda.cpython-310-x86_64-linux-gnu.so
7fb0778e0000-7fb0778e7000 rw-p 00078000 00:62 10226100                   /home/ubuntu/.local/lib/python3.10/site-packages/scipy/integrate/_lsoda.cpython-310-x86_64-linux-gnu.so
7fb0778e7000-7fb0778ea000 r--p 00000000 00:62 10226101                   /home/ubuntu/.local/lib/python3.10/site-packages/scipy/integrate/_dop.cpython-310-x86_64-linux-gnu.so
7fb0778ea000-7fb0778f8000 r-xp 00003000 00:62 10226101                   /home/ubuntu/.local/lib/python3.10/site-packages/scipy/integrate/_dop.cpython-310-x86_64-linux-gnu.so
7fb0778f8000-7fb0778fc000 r--p 00011000 00:62 10226101                   /home/ubuntu/.local/lib/python3.10/site-packages/scipy/integrate/_dop.cpython-310-x86_64-linux-gnu.so
7fb0778fc000-7fb0778fd000 r--p 00014000 00:62 10226101                   /home/ubuntu/.local/lib/python3.10/site-packages/scipy/integrate/_dop.cpython-310-x86_64-linux-gnu.so
7fb0778fd000-7fb0778ff000 rw-p 00015000 00:62 10226101                   /home/ubuntu/.local/lib/python3.10/site-packages/scipy/integrate/_dop.cpython-310-x86_64-linux-gnu.so
7fb0778ff000-7fb077901000 rw-p 0001a000 00:62 10226101                   /home/ubuntu/.local/lib/python3.10/site-packages/scipy/integrate/_dop.cpython-310-x86_64-linux-gnu.so
7fb077901000-7fb077902000 rw-p 0001c000 00:62 10226101                   /home/ubuntu/.local/lib/python3.10/site-packages/scipy/integrate/_dop.cpython-310-x86_64-linux-gnu.so
7fb077902000-7fb07791e000 r--p 00000000 00:62 10226111                   /home/ubuntu/.local/lib/python3.10/site-packages/scipy/integrate/_vode.cpython-310-x86_64-linux-gnu.so
7fb07791e000-7fb077943000 r-xp 0001c000 00:62 10226111                   /home/ubuntu/.local/lib/python3.10/site-packages/scipy/integrate/_vode.cpython-310-x86_64-linux-gnu.so
7fb077943000-7fb077954000 r--p 00041000 00:62 10226111                   /home/ubuntu/.local/lib/python3.10/site-packages/scipy/integrate/_vode.cpython-310-x86_64-linux-gnu.so
7fb077954000-7fb077955000 r--p 00051000 00:62 10226111                   /home/ubuntu/.local/lib/python3.10/site-packages/scipy/integrate/_vode.cpython-310-x86_64-linux-gnu.so
7fb077955000-7fb07795a000 rw-p 00052000 00:62 10226111                   /home/ubuntu/.local/lib/python3.10/site-packages/scipy/integrate/_vode.cpython-310-x86_64-linux-gnu.so
7fb07795a000-7fb07796b000 rw-p 00073000 00:62 10226111                   /home/ubuntu/.local/lib/python3.10/site-packages/scipy/integrate/_vode.cpython-310-x86_64-linux-gnu.so
7fb07796b000-7fb077972000 rw-p 00084000 00:62 10226111                   /home/ubuntu/.local/lib/python3.10/site-packages/scipy/integrate/_vode.cpython-310-x86_64-linux-gnu.so
7fb077972000-7fb077974000 r--p 00000000 00:62 10226112                   /home/ubuntu/.local/lib/python3.10/site-packages/scipy/integrate/_quadpack.cpython-310-x86_64-linux-gnu.so
7fb077974000-7fb077988000 r-xp 00002000 00:62 10226112                   /home/ubuntu/.local/lib/python3.10/site-packages/scipy/integrate/_quadpack.cpython-310-x86_64-linux-gnu.so
7fb077988000-7fb07798b000 r--p 00016000 00:62 10226112                   /home/ubuntu/.local/lib/python3.10/site-packages/scipy/integrate/_quadpack.cpython-310-x86_64-linux-gnu.so
7fb07798b000-7fb07798c000 r--p 00018000 00:62 10226112                   /home/ubuntu/.local/lib/python3.10/site-packages/scipy/integrate/_quadpack.cpython-310-x86_64-linux-gnu.so
7fb07798c000-7fb07798d000 rw-p 00019000 00:62 10226112                   /home/ubuntu/.local/lib/python3.10/site-packages/scipy/integrate/_quadpack.cpython-310-x86_64-linux-gnu.so
7fb07798d000-7fb0779a8000 r--p 00000000 00:62 10226108                   /home/ubuntu/.local/lib/python3.10/site-packages/scipy/integrate/_odepack.cpython-310-x86_64-linux-gnu.so
7fb0779a8000-7fb0779c0000 r-xp 0001b000 00:62 10226108                   /home/ubuntu/.local/lib/python3.10/site-packages/scipy/integrate/_odepack.cpython-310-x86_64-linux-gnu.so
7fb0779c0000-7fb0779ce000 r--p 00033000 00:62 10226108                   /home/ubuntu/.local/lib/python3.10/site-packages/scipy/integrate/_odepack.cpython-310-x86_64-linux-gnu.so
7fb0779ce000-7fb0779cf000 r--p 00040000 00:62 10226108                   /home/ubuntu/.local/lib/python3.10/site-packages/scipy/integrate/_odepack.cpython-310-x86_64-linux-gnu.so
7fb0779cf000-7fb0779d3000 rw-p 00041000 00:62 10226108                   /home/ubuntu/.local/lib/python3.10/site-packages/scipy/integrate/_odepack.cpython-310-x86_64-linux-gnu.so
7fb0779d3000-7fb0779d4000 rw-p 00000000 00:00 0 
7fb0779d4000-7fb0779e4000 rw-p 0005f000 00:62 10226108                   /home/ubuntu/.local/lib/python3.10/site-packages/scipy/integrate/_odepack.cpython-310-x86_64-linux-gnu.so
7fb0779e4000-7fb0779ea000 rw-p 0006f000 00:62 10226108                   /home/ubuntu/.local/lib/python3.10/site-packages/scipy/integrate/_odepack.cpython-310-x86_64-linux-gnu.so
7fb0779ea000-7fb0779ef000 r--p 00000000 00:62 10226218                   /home/ubuntu/.local/lib/python3.10/site-packages/scipy/optimize/_pava_pybind.cpython-310-x86_64-linux-gnu.so
7fb0779ef000-7fb077a08000 r-xp 00005000 00:62 10226218                   /home/ubuntu/.local/lib/python3.10/site-packages/scipy/optimize/_pava_pybind.cpython-310-x86_64-linux-gnu.so
7fb077a08000-7fb077a11000 r--p 0001e000 00:62 10226218                   /home/ubuntu/.local/lib/python3.10/site-packages/scipy/optimize/_pava_pybind.cpython-310-x86_64-linux-gnu.so
7fb077a11000-7fb077a12000 r--p 00026000 00:62 10226218                   /home/ubuntu/.local/lib/python3.10/site-packages/scipy/optimize/_pava_pybind.cpython-310-x86_64-linux-gnu.so
7fb077a12000-7fb077a13000 rw-p 00027000 00:62 10226218                   /home/ubuntu/.local/lib/python3.10/site-packages/scipy/optimize/_pava_pybind.cpython-310-x86_64-linux-gnu.so
7fb077a13000-7fb077b13000 rw-p 00000000 00:00 0 
7fb077b13000-7fb077b19000 r--p 00000000 00:62 10226214                   /home/ubuntu/.local/lib/python3.10/site-packages/scipy/optimize/_bglu_dense.cpython-310-x86_64-linux-gnu.so
7fb077b19000-7fb077b54000 r-xp 00006000 00:62 10226214                   /home/ubuntu/.local/lib/python3.10/site-packages/scipy/optimize/_bglu_dense.cpython-310-x86_64-linux-gnu.so
7fb077b54000-7fb077b5e000 r--p 00041000 00:62 10226214                   /home/ubuntu/.local/lib/python3.10/site-packages/scipy/optimize/_bglu_dense.cpython-310-x86_64-linux-gnu.so
7fb077b5e000-7fb077b5f000 ---p 0004b000 00:62 10226214                   /home/ubuntu/.local/lib/python3.10/site-packages/scipy/optimize/_bglu_dense.cpython-310-x86_64-linux-gnu.so
7fb077b5f000-7fb077b60000 r--p 0004b000 00:62 10226214                   /home/ubuntu/.local/lib/python3.10/site-packages/scipy/optimize/_bglu_dense.cpython-310-x86_64-linux-gnu.so
7fb077b60000-7fb077b63000 rw-p 0004c000 00:62 10226214                   /home/ubuntu/.local/lib/python3.10/site-packages/scipy/optimize/_bglu_dense.cpython-310-x86_64-linux-gnu.so
7fb077b63000-7fb077b64000 rw-p 00000000 00:00 0 
7fb077b64000-7fb077b6b000 r--p 00000000 00:62 10227483                   /home/ubuntu/.local/lib/python3.10/site-packages/scipy/fft/_pocketfft/pypocketfft.cpython-310-x86_64-linux-gnu.so
7fb077b6b000-7fb077c44000 r-xp 00007000 00:62 10227483                   /home/ubuntu/.local/lib/python3.10/site-packages/scipy/fft/_pocketfft/pypocketfft.cpython-310-x86_64-linux-gnu.so
7fb077c44000-7fb077c5e000 r--p 000e0000 00:62 10227483                   /home/ubuntu/.local/lib/python3.10/site-packages/scipy/fft/_pocketfft/pypocketfft.cpython-310-x86_64-linux-gnu.so
7fb077c5e000-7fb077c5f000 ---p 000fa000 00:62 10227483                   /home/ubuntu/.local/lib/python3.10/site-packages/scipy/fft/_pocketfft/pypocketfft.cpython-310-x86_64-linux-gnu.so
7fb077c5f000-7fb077c60000 r--p 000fa000 00:62 10227483                   /home/ubuntu/.local/lib/python3.10/site-packages/scipy/fft/_pocketfft/pypocketfft.cpython-310-x86_64-linux-gnu.so
7fb077c60000-7fb077c61000 rw-p 000fb000 00:62 10227483                   /home/ubuntu/.local/lib/python3.10/site-packages/scipy/fft/_pocketfft/pypocketfft.cpython-310-x86_64-linux-gnu.so
7fb077c61000-7fb077c63000 rw-p 00000000 00:00 0 
7fb077c63000-7fb077c67000 r--p 00000000 00:62 10226661                   /home/ubuntu/.local/lib/python3.10/site-packages/scipy/_lib/_uarray/_uarray.cpython-310-x86_64-linux-gnu.so
7fb077c67000-7fb077c7a000 r-xp 00004000 00:62 10226661                   /home/ubuntu/.local/lib/python3.10/site-packages/scipy/_lib/_uarray/_uarray.cpython-310-x86_64-linux-gnu.so
7fb077c7a000-7fb077c80000 r--p 00017000 00:62 10226661                   /home/ubuntu/.local/lib/python3.10/site-packages/scipy/_lib/_uarray/_uarray.cpython-310-x86_64-linux-gnu.so
7fb077c80000-7fb077c81000 r--p 0001c000 00:62 10226661                   /home/ubuntu/.local/lib/python3.10/site-packages/scipy/_lib/_uarray/_uarray.cpython-310-x86_64-linux-gnu.so
7fb077c81000-7fb077c82000 rw-p 0001d000 00:62 10226661                   /home/ubuntu/.local/lib/python3.10/site-packages/scipy/_lib/_uarray/_uarray.cpython-310-x86_64-linux-gnu.so
7fb077c82000-7fb077c87000 r--p 00000000 00:62 10226387                   /home/ubuntu/.local/lib/python3.10/site-packages/scipy/linalg/_decomp_interpolative.cpython-310-x86_64-linux-gnu.so
7fb077c87000-7fb077d64000 r-xp 00005000 00:62 10226387                   /home/ubuntu/.local/lib/python3.10/site-packages/scipy/linalg/_decomp_interpolative.cpython-310-x86_64-linux-gnu.so
7fb077d64000-7fb077d71000 r--p 000e2000 00:62 10226387                   /home/ubuntu/.local/lib/python3.10/site-packages/scipy/linalg/_decomp_interpolative.cpython-310-x86_64-linux-gnu.so
7fb077d71000-7fb077d72000 r--p 000ee000 00:62 10226387                   /home/ubuntu/.local/lib/python3.10/site-packages/scipy/linalg/_decomp_interpolative.cpython-310-x86_64-linux-gnu.so
7fb077d72000-7fb077d74000 rw-p 000ef000 00:62 10226387                   /home/ubuntu/.local/lib/python3.10/site-packages/scipy/linalg/_decomp_interpolative.cpython-310-x86_64-linux-gnu.so
7fb077d74000-7fb077d76000 rw-p 00000000 00:00 0 
7fb077d76000-7fb077d7c000 r--p 00000000 00:62 10226226                   /home/ubuntu/.local/lib/python3.10/site-packages/scipy/optimize/_highspy/_highs_options.cpython-310-x86_64-linux-gnu.so
7fb077d7c000-7fb077db1000 r-xp 00006000 00:62 10226226                   /home/ubuntu/.local/lib/python3.10/site-packages/scipy/optimize/_highspy/_highs_options.cpython-310-x86_64-linux-gnu.so
7fb077db1000-7fb077dc2000 r--p 0003b000 00:62 10226226                   /home/ubuntu/.local/lib/python3.10/site-packages/scipy/optimize/_highspy/_highs_options.cpython-310-x86_64-linux-gnu.so
7fb077dc2000-7fb077dc3000 r--p 0004b000 00:62 10226226                   /home/ubuntu/.local/lib/python3.10/site-packages/scipy/optimize/_highspy/_highs_options.cpython-310-x86_64-linux-gnu.so
7fb077dc3000-7fb077dc4000 rw-p 0004c000 00:62 10226226                   /home/ubuntu/.local/lib/python3.10/site-packages/scipy/optimize/_highspy/_highs_options.cpython-310-x86_64-linux-gnu.so
7fb077dc4000-7fb077dd6000 r--p 00000000 00:62 10226225                   /home/ubuntu/.local/lib/python3.10/site-packages/scipy/optimize/_highspy/_core.cpython-310-x86_64-linux-gnu.so
7fb077dd6000-7fb0781c3000 r-xp 00012000 00:62 10226225                   /home/ubuntu/.local/lib/python3.10/site-packages/scipy/optimize/_highspy/_core.cpython-310-x86_64-linux-gnu.so
7fb0781c3000-7fb078264000 r--p 003ff000 00:62 10226225                   /home/ubuntu/.local/lib/python3.10/site-packages/scipy/optimize/_highspy/_core.cpython-310-x86_64-linux-gnu.so
7fb078264000-7fb078269000 r--p 0049f000 00:62 10226225                   /home/ubuntu/.local/lib/python3.10/site-packages/scipy/optimize/_highspy/_core.cpython-310-x86_64-linux-gnu.so
7fb078269000-7fb07826a000 rw-p 004a4000 00:62 10226225                   /home/ubuntu/.local/lib/python3.10/site-packages/scipy/optimize/_highspy/_core.cpython-310-x86_64-linux-gnu.so
7fb07826a000-7fb07826f000 rw-p 00000000 00:00 0 
7fb07826f000-7fb078272000 r--p 00000000 00:62 10226186                   /home/ubuntu/.local/lib/python3.10/site-packages/scipy/optimize/_cython_nnls.cpython-310-x86_64-linux-gnu.so
7fb078272000-7fb078284000 r-xp 00003000 00:62 10226186                   /home/ubuntu/.local/lib/python3.10/site-packages/scipy/optimize/_cython_nnls.cpython-310-x86_64-linux-gnu.so
7fb078284000-7fb078288000 r--p 00015000 00:62 10226186                   /home/ubuntu/.local/lib/python3.10/site-packages/scipy/optimize/_cython_nnls.cpython-310-x86_64-linux-gnu.so
7fb078288000-7fb078289000 r--p 00018000 00:62 10226186                   /home/ubuntu/.local/lib/python3.10/site-packages/scipy/optimize/_cython_nnls.cpython-310-x86_64-linux-gnu.so
7fb078289000-7fb07828a000 rw-p 00019000 00:62 10226186                   /home/ubuntu/.local/lib/python3.10/site-packages/scipy/optimize/_cython_nnls.cpython-310-x86_64-linux-gnu.so
7fb07828a000-7fb07828f000 r--p 00000000 00:62 10226229                   /home/ubuntu/.local/lib/python3.10/site-packages/scipy/optimize/_lsq/givens_elimination.cpython-310-x86_64-linux-gnu.so
7fb07828f000-7fb0782b2000 r-xp 00005000 00:62 10226229                   /home/ubuntu/.local/lib/python3.10/site-packages/scipy/optimize/_lsq/givens_elimination.cpython-310-x86_64-linux-gnu.so
7fb0782b2000-7fb0782b9000 r--p 00028000 00:62 10226229                   /home/ubuntu/.local/lib/python3.10/site-packages/scipy/optimize/_lsq/givens_elimination.cpython-310-x86_64-linux-gnu.so
7fb0782b9000-7fb0782ba000 ---p 0002f000 00:62 10226229                   /home/ubuntu/.local/lib/python3.10/site-packages/scipy/optimize/_lsq/givens_elimination.cpython-310-x86_64-linux-gnu.so
7fb0782ba000-7fb0782bb000 r--p 0002f000 00:62 10226229                   /home/ubuntu/.local/lib/python3.10/site-packages/scipy/optimize/_lsq/givens_elimination.cpython-310-x86_64-linux-gnu.so
7fb0782bb000-7fb0782bd000 rw-p 00030000 00:62 10226229                   /home/ubuntu/.local/lib/python3.10/site-packages/scipy/optimize/_lsq/givens_elimination.cpython-310-x86_64-linux-gnu.so
7fb0782bd000-7fb0783bd000 rw-p 00000000 00:00 0 
7fb0783bd000-7fb0783bf000 r--p 00000000 00:62 10226217                   /home/ubuntu/.local/lib/python3.10/site-packages/scipy/optimize/_minpack.cpython-310-x86_64-linux-gnu.so
7fb0783bf000-7fb0783d1000 r-xp 00002000 00:62 10226217                   /home/ubuntu/.local/lib/python3.10/site-packages/scipy/optimize/_minpack.cpython-310-x86_64-linux-gnu.so
7fb0783d1000-7fb0783d3000 r--p 00014000 00:62 10226217                   /home/ubuntu/.local/lib/python3.10/site-packages/scipy/optimize/_minpack.cpython-310-x86_64-linux-gnu.so
7fb0783d3000-7fb0783d4000 r--p 00015000 00:62 10226217                   /home/ubuntu/.local/lib/python3.10/site-packages/scipy/optimize/_minpack.cpython-310-x86_64-linux-gnu.so
7fb0783d4000-7fb0783d5000 rw-p 00016000 00:62 10226217                   /home/ubuntu/.local/lib/python3.10/site-packages/scipy/optimize/_minpack.cpython-310-x86_64-linux-gnu.so
7fb0783d5000-7fb0783d8000 r--p 00000000 00:62 10226206                   /home/ubuntu/.local/lib/python3.10/site-packages/scipy/optimize/_moduleTNC.cpython-310-x86_64-linux-gnu.so
7fb0783d8000-7fb0783f1000 r-xp 00003000 00:62 10226206                   /home/ubuntu/.local/lib/python3.10/site-packages/scipy/optimize/_moduleTNC.cpython-310-x86_64-linux-gnu.so
7fb0783f1000-7fb0783f5000 r--p 0001c000 00:62 10226206                   /home/ubuntu/.local/lib/python3.10/site-packages/scipy/optimize/_moduleTNC.cpython-310-x86_64-linux-gnu.so
7fb0783f5000-7fb0783f6000 r--p 0001f000 00:62 10226206                   /home/ubuntu/.local/lib/python3.10/site-packages/scipy/optimize/_moduleTNC.cpython-310-x86_64-linux-gnu.so
7fb0783f6000-7fb0783f7000 rw-p 00020000 00:62 10226206                   /home/ubuntu/.local/lib/python3.10/site-packages/scipy/optimize/_moduleTNC.cpython-310-x86_64-linux-gnu.so
7fb0783f7000-7fb078412000 r--p 00000000 00:62 10226211                   /home/ubuntu/.local/lib/python3.10/site-packages/scipy/optimize/_lbfgsb.cpython-310-x86_64-linux-gnu.so
7fb078412000-7fb078427000 r-xp 0001b000 00:62 10226211                   /home/ubuntu/.local/lib/python3.10/site-packages/scipy/optimize/_lbfgsb.cpython-310-x86_64-linux-gnu.so
7fb078427000-7fb078433000 r--p 00030000 00:62 10226211                   /home/ubuntu/.local/lib/python3.10/site-packages/scipy/optimize/_lbfgsb.cpython-310-x86_64-linux-gnu.so
7fb078433000-7fb078434000 ---p 0003c000 00:62 10226211                   /home/ubuntu/.local/lib/python3.10/site-packages/scipy/optimize/_lbfgsb.cpython-310-x86_64-linux-gnu.so
7fb078434000-7fb078435000 r--p 0003c000 00:62 10226211                   /home/ubuntu/.local/lib/python3.10/site-packages/scipy/optimize/_lbfgsb.cpython-310-x86_64-linux-gnu.so
7fb078435000-7fb078439000 rw-p 0003d000 00:62 10226211                   /home/ubuntu/.local/lib/python3.10/site-packages/scipy/optimize/_lbfgsb.cpython-310-x86_64-linux-gnu.so
7fb078439000-7fb078449000 rw-p 0005b000 00:62 10226211                   /home/ubuntu/.local/lib/python3.10/site-packages/scipy/optimize/_lbfgsb.cpython-310-x86_64-linux-gnu.so
7fb078449000-7fb07844f000 rw-p 0006b000 00:62 10226211                   /home/ubuntu/.local/lib/python3.10/site-packages/scipy/optimize/_lbfgsb.cpython-310-x86_64-linux-gnu.so
7fb07844f000-7fb078454000 r--p 00000000 00:62 10226308                   /home/ubuntu/.local/lib/python3.10/site-packages/scipy/optimize/_trlib/_trlib.cpython-310-x86_64-linux-gnu.so
7fb078454000-7fb078493000 r-xp 00005000 00:62 10226308                   /home/ubuntu/.local/lib/python3.10/site-packages/scipy/optimize/_trlib/_trlib.cpython-310-x86_64-linux-gnu.so
7fb078493000-7fb07849d000 r--p 00044000 00:62 10226308                   /home/ubuntu/.local/lib/python3.10/site-packages/scipy/optimize/_trlib/_trlib.cpython-310-x86_64-linux-gnu.so
7fb07849d000-7fb07849e000 r--p 0004d000 00:62 10226308                   /home/ubuntu/.local/lib/python3.10/site-packages/scipy/optimize/_trlib/_trlib.cpython-310-x86_64-linux-gnu.so
7fb07849e000-7fb0784a0000 rw-p 0004e000 00:62 10226308                   /home/ubuntu/.local/lib/python3.10/site-packages/scipy/optimize/_trlib/_trlib.cpython-310-x86_64-linux-gnu.so
7fb0784a0000-7fb0784a1000 rw-p 00000000 00:00 0 
7fb0784a1000-7fb0784a4000 rw-p 00059000 00:62 10226308                   /home/ubuntu/.local/lib/python3.10/site-packages/scipy/optimize/_trlib/_trlib.cpython-310-x86_64-linux-gnu.so
7fb0784a4000-7fb0784a6000 rw-p 0005c000 00:62 10226308                   /home/ubuntu/.local/lib/python3.10/site-packages/scipy/optimize/_trlib/_trlib.cpython-310-x86_64-linux-gnu.so
7fb0784a6000-7fb0785a6000 rw-p 00000000 00:00 0 
7fb0785a6000-7fb0785ad000 r--p 00000000 00:62 10227608                   /home/ubuntu/.local/lib/python3.10/site-packages/scipy/spatial/transform/_rotation.cpython-310-x86_64-linux-gnu.so
7fb0785ad000-7fb07865a000 r-xp 00007000 00:62 10227608                   /home/ubuntu/.local/lib/python3.10/site-packages/scipy/spatial/transform/_rotation.cpython-310-x86_64-linux-gnu.so
7fb07865a000-7fb07868d000 r--p 000b4000 00:62 10227608                   /home/ubuntu/.local/lib/python3.10/site-packages/scipy/spatial/transform/_rotation.cpython-310-x86_64-linux-gnu.so
7fb07868d000-7fb07868e000 r--p 000e6000 00:62 10227608                   /home/ubuntu/.local/lib/python3.10/site-packages/scipy/spatial/transform/_rotation.cpython-310-x86_64-linux-gnu.so
7fb07868e000-7fb078692000 rw-p 000e7000 00:62 10227608                   /home/ubuntu/.local/lib/python3.10/site-packages/scipy/spatial/transform/_rotation.cpython-310-x86_64-linux-gnu.so
7fb078692000-7fb078694000 rw-p 00000000 00:00 0 
7fb078694000-7fb07869a000 r--p 00000000 00:62 10227543                   /home/ubuntu/.local/lib/python3.10/site-packages/scipy/spatial/_distance_pybind.cpython-310-x86_64-linux-gnu.so
7fb07869a000-7fb078700000 r-xp 00006000 00:62 10227543                   /home/ubuntu/.local/lib/python3.10/site-packages/scipy/spatial/_distance_pybind.cpython-310-x86_64-linux-gnu.so
7fb078700000-7fb078711000 r--p 0006c000 00:62 10227543                   /home/ubuntu/.local/lib/python3.10/site-packages/scipy/spatial/_distance_pybind.cpython-310-x86_64-linux-gnu.so
7fb078711000-7fb078712000 r--p 0007c000 00:62 10227543                   /home/ubuntu/.local/lib/python3.10/site-packages/scipy/spatial/_distance_pybind.cpython-310-x86_64-linux-gnu.so
7fb078712000-7fb078713000 rw-p 0007d000 00:62 10227543                   /home/ubuntu/.local/lib/python3.10/site-packages/scipy/spatial/_distance_pybind.cpython-310-x86_64-linux-gnu.so
7fb078713000-7fb078718000 r--p 00000000 00:62 10227557                   /home/ubuntu/.local/lib/python3.10/site-packages/scipy/spatial/_hausdorff.cpython-310-x86_64-linux-gnu.so
7fb078718000-7fb07873f000 r-xp 00005000 00:62 10227557                   /home/ubuntu/.local/lib/python3.10/site-packages/scipy/spatial/_hausdorff.cpython-310-x86_64-linux-gnu.so
7fb07873f000-7fb078746000 r--p 0002c000 00:62 10227557                   /home/ubuntu/.local/lib/python3.10/site-packages/scipy/spatial/_hausdorff.cpython-310-x86_64-linux-gnu.so
7fb078746000-7fb078747000 ---p 00033000 00:62 10227557                   /home/ubuntu/.local/lib/python3.10/site-packages/scipy/spatial/_hausdorff.cpython-310-x86_64-linux-gnu.so
7fb078747000-7fb078748000 r--p 00033000 00:62 10227557                   /home/ubuntu/.local/lib/python3.10/site-packages/scipy/spatial/_hausdorff.cpython-310-x86_64-linux-gnu.so
7fb078748000-7fb07874a000 rw-p 00034000 00:62 10227557                   /home/ubuntu/.local/lib/python3.10/site-packages/scipy/spatial/_hausdorff.cpython-310-x86_64-linux-gnu.so
7fb07874a000-7fb07874b000 rw-p 00000000 00:00 0 
7fb07874b000-7fb078750000 r--p 00000000 00:62 10227550                   /home/ubuntu/.local/lib/python3.10/site-packages/scipy/spatial/_voronoi.cpython-310-x86_64-linux-gnu.so
7fb078750000-7fb078775000 r-xp 00005000 00:62 10227550                   /home/ubuntu/.local/lib/python3.10/site-packages/scipy/spatial/_voronoi.cpython-310-x86_64-linux-gnu.so
7fb078775000-7fb07877c000 r--p 0002a000 00:62 10227550                   /home/ubuntu/.local/lib/python3.10/site-packages/scipy/spatial/_voronoi.cpython-310-x86_64-linux-gnu.so
7fb07877c000-7fb07877d000 ---p 00031000 00:62 10227550                   /home/ubuntu/.local/lib/python3.10/site-packages/scipy/spatial/_voronoi.cpython-310-x86_64-linux-gnu.so
7fb07877d000-7fb07877e000 r--p 00031000 00:62 10227550                   /home/ubuntu/.local/lib/python3.10/site-packages/scipy/spatial/_voronoi.cpython-310-x86_64-linux-gnu.so
7fb07877e000-7fb078780000 rw-p 00032000 00:62 10227550                   /home/ubuntu/.local/lib/python3.10/site-packages/scipy/spatial/_voronoi.cpython-310-x86_64-linux-gnu.so
7fb078780000-7fb078781000 rw-p 00000000 00:00 0 
7fb078781000-7fb078788000 r--p 00000000 00:62 10227552                   /home/ubuntu/.local/lib/python3.10/site-packages/scipy/spatial/_qhull.cpython-310-x86_64-linux-gnu.so
7fb078788000-7fb078853000 r-xp 00007000 00:62 10227552                   /home/ubuntu/.local/lib/python3.10/site-packages/scipy/spatial/_qhull.cpython-310-x86_64-linux-gnu.so
7fb078853000-7fb07888b000 r--p 000d2000 00:62 10227552                   /home/ubuntu/.local/lib/python3.10/site-packages/scipy/spatial/_qhull.cpython-310-x86_64-linux-gnu.so
7fb07888b000-7fb07888c000 r--p 00109000 00:62 10227552                   /home/ubuntu/.local/lib/python3.10/site-packages/scipy/spatial/_qhull.cpython-310-x86_64-linux-gnu.so
7fb07888c000-7fb07888f000 rw-p 0010a000 00:62 10227552                   /home/ubuntu/.local/lib/python3.10/site-packages/scipy/spatial/_qhull.cpython-310-x86_64-linux-gnu.so
7fb07888f000-7fb078891000 rw-p 00000000 00:00 0 
7fb078891000-7fb078899000 r--p 00000000 00:62 10227558                   /home/ubuntu/.local/lib/python3.10/site-packages/scipy/spatial/_ckdtree.cpython-310-x86_64-linux-gnu.so
7fb078899000-7fb078943000 r-xp 00008000 00:62 10227558                   /home/ubuntu/.local/lib/python3.10/site-packages/scipy/spatial/_ckdtree.cpython-310-x86_64-linux-gnu.so
7fb078943000-7fb078962000 r--p 000b2000 00:62 10227558                   /home/ubuntu/.local/lib/python3.10/site-packages/scipy/spatial/_ckdtree.cpython-310-x86_64-linux-gnu.so
7fb078962000-7fb078963000 ---p 000d1000 00:62 10227558                   /home/ubuntu/.local/lib/python3.10/site-packages/scipy/spatial/_ckdtree.cpython-310-x86_64-linux-gnu.so
7fb078963000-7fb078964000 r--p 000d1000 00:62 10227558                   /home/ubuntu/.local/lib/python3.10/site-packages/scipy/spatial/_ckdtree.cpython-310-x86_64-linux-gnu.so
7fb078964000-7fb078968000 rw-p 000d2000 00:62 10227558                   /home/ubuntu/.local/lib/python3.10/site-packages/scipy/spatial/_ckdtree.cpython-310-x86_64-linux-gnu.so
7fb078968000-7fb078a69000 rw-p 00000000 00:00 0 
7fb078a69000-7fb078a6e000 r--p 00000000 00:62 10226451                   /home/ubuntu/.local/lib/python3.10/site-packages/scipy/special/_specfun.cpython-310-x86_64-linux-gnu.so
7fb078a6e000-7fb078aa1000 r-xp 00005000 00:62 10226451                   /home/ubuntu/.local/lib/python3.10/site-packages/scipy/special/_specfun.cpython-310-x86_64-linux-gnu.so
7fb078aa1000-7fb078aa8000 r--p 00038000 00:62 10226451                   /home/ubuntu/.local/lib/python3.10/site-packages/scipy/special/_specfun.cpython-310-x86_64-linux-gnu.so
7fb078aa8000-7fb078aa9000 r--p 0003e000 00:62 10226451                   /home/ubuntu/.local/lib/python3.10/site-packages/scipy/special/_specfun.cpython-310-x86_64-linux-gnu.so
7fb078aa9000-7fb078aab000 rw-p 0003f000 00:62 10226451                   /home/ubuntu/.local/lib/python3.10/site-packages/scipy/special/_specfun.cpython-310-x86_64-linux-gnu.so
7fb078aab000-7fb078aad000 r--p 00000000 00:62 10226444                   /home/ubuntu/.local/lib/python3.10/site-packages/scipy/special/_gufuncs.cpython-310-x86_64-linux-gnu.so
7fb078aad000-7fb078b33000 r-xp 00002000 00:62 10226444                   /home/ubuntu/.local/lib/python3.10/site-packages/scipy/special/_gufuncs.cpython-310-x86_64-linux-gnu.so
7fb078b33000-7fb078b40000 r--p 00088000 00:62 10226444                   /home/ubuntu/.local/lib/python3.10/site-packages/scipy/special/_gufuncs.cpython-310-x86_64-linux-gnu.so
7fb078b40000-7fb078b41000 r--p 00094000 00:62 10226444                   /home/ubuntu/.local/lib/python3.10/site-packages/scipy/special/_gufuncs.cpython-310-x86_64-linux-gnu.so
7fb078b41000-7fb078b42000 rw-p 00095000 00:62 10226444                   /home/ubuntu/.local/lib/python3.10/site-packages/scipy/special/_gufuncs.cpython-310-x86_64-linux-gnu.so
7fb078b42000-7fb078b45000 r--p 00000000 00:62 10226480                   /home/ubuntu/.local/lib/python3.10/site-packages/scipy/special/_special_ufuncs.cpython-310-x86_64-linux-gnu.so
7fb078b45000-7fb078c48000 r-xp 00003000 00:62 10226480                   /home/ubuntu/.local/lib/python3.10/site-packages/scipy/special/_special_ufuncs.cpython-310-x86_64-linux-gnu.so
7fb078c48000-7fb078c8b000 r--p 00106000 00:62 10226480                   /home/ubuntu/.local/lib/python3.10/site-packages/scipy/special/_special_ufuncs.cpython-310-x86_64-linux-gnu.so
7fb078c8b000-7fb078c8c000 r--p 00148000 00:62 10226480                   /home/ubuntu/.local/lib/python3.10/site-packages/scipy/special/_special_ufuncs.cpython-310-x86_64-linux-gnu.so
7fb078c8c000-7fb078c8d000 rw-p 00149000 00:62 10226480                   /home/ubuntu/.local/lib/python3.10/site-packages/scipy/special/_special_ufuncs.cpython-310-x86_64-linux-gnu.so
7fb078c8d000-7fb078d8d000 rw-p 00000000 00:00 0 
7fb078d8d000-7fb078d92000 r--p 00000000 00:62 10226468                   /home/ubuntu/.local/lib/python3.10/site-packages/scipy/special/_ufuncs_cxx.cpython-310-x86_64-linux-gnu.so
7fb078d92000-7fb078ee1000 r-xp 00005000 00:62 10226468                   /home/ubuntu/.local/lib/python3.10/site-packages/scipy/special/_ufuncs_cxx.cpython-310-x86_64-linux-gnu.so
7fb078ee1000-7fb078f14000 r--p 00154000 00:62 10226468                   /home/ubuntu/.local/lib/python3.10/site-packages/scipy/special/_ufuncs_cxx.cpython-310-x86_64-linux-gnu.so
7fb078f14000-7fb078f15000 r--p 00186000 00:62 10226468                   /home/ubuntu/.local/lib/python3.10/site-packages/scipy/special/_ufuncs_cxx.cpython-310-x86_64-linux-gnu.so
7fb078f15000-7fb078f16000 rw-p 00187000 00:62 10226468                   /home/ubuntu/.local/lib/python3.10/site-packages/scipy/special/_ufuncs_cxx.cpython-310-x86_64-linux-gnu.so
7fb078f16000-7fb078f17000 rw-p 00000000 00:00 0 
7fb078f17000-7fb078f1d000 r--p 00000000 00:62 10226473                   /home/ubuntu/.local/lib/python3.10/site-packages/scipy/special/_ufuncs.cpython-310-x86_64-linux-gnu.so
7fb078f1d000-7fb079022000 r-xp 00006000 00:62 10226473                   /home/ubuntu/.local/lib/python3.10/site-packages/scipy/special/_ufuncs.cpython-310-x86_64-linux-gnu.so
7fb079022000-7fb079077000 r--p 0010b000 00:62 10226473                   /home/ubuntu/.local/lib/python3.10/site-packages/scipy/special/_ufuncs.cpython-310-x86_64-linux-gnu.so
7fb079077000-7fb079078000 r--p 0015f000 00:62 10226473                   /home/ubuntu/.local/lib/python3.10/site-packages/scipy/special/_ufuncs.cpython-310-x86_64-linux-gnu.so
7fb079078000-7fb079079000 rw-p 00160000 00:62 10226473                   /home/ubuntu/.local/lib/python3.10/site-packages/scipy/special/_ufuncs.cpython-310-x86_64-linux-gnu.so
7fb079079000-7fb079081000 rw-p 00000000 00:00 0 
7fb079081000-7fb079084000 rw-p 00189000 00:62 10226473                   /home/ubuntu/.local/lib/python3.10/site-packages/scipy/special/_ufuncs.cpython-310-x86_64-linux-gnu.so
7fb079084000-7fb079086000 rw-p 0018c000 00:62 10226473                   /home/ubuntu/.local/lib/python3.10/site-packages/scipy/special/_ufuncs.cpython-310-x86_64-linux-gnu.so
7fb079086000-7fb07908b000 r--p 00000000 00:62 42012583                   /usr/lib/x86_64-linux-gnu/libmpdec.so.2.5.1
7fb07908b000-7fb0790ac000 r-xp 00005000 00:62 42012583                   /usr/lib/x86_64-linux-gnu/libmpdec.so.2.5.1
7fb0790ac000-7fb0790b3000 r--p 00026000 00:62 42012583                   /usr/lib/x86_64-linux-gnu/libmpdec.so.2.5.1
7fb0790b3000-7fb0790b4000 r--p 0002c000 00:62 42012583                   /usr/lib/x86_64-linux-gnu/libmpdec.so.2.5.1
7fb0790b4000-7fb0790b5000 rw-p 0002d000 00:62 42012583                   /usr/lib/x86_64-linux-gnu/libmpdec.so.2.5.1
7fb0790b5000-7fb0790bd000 r--p 00000000 00:62 10045268                   /usr/lib/python3.10/lib-dynload/_decimal.cpython-310-x86_64-linux-gnu.so
7fb0790bd000-7fb0790d2000 r-xp 00008000 00:62 10045268                   /usr/lib/python3.10/lib-dynload/_decimal.cpython-310-x86_64-linux-gnu.so
7fb0790d2000-7fb0790de000 r--p 0001d000 00:62 10045268                   /usr/lib/python3.10/lib-dynload/_decimal.cpython-310-x86_64-linux-gnu.so
7fb0790de000-7fb0790df000 r--p 00028000 00:62 10045268                   /usr/lib/python3.10/lib-dynload/_decimal.cpython-310-x86_64-linux-gnu.so
7fb0790df000-7fb0790e2000 rw-p 00029000 00:62 10045268                   /usr/lib/python3.10/lib-dynload/_decimal.cpython-310-x86_64-linux-gnu.so
7fb0790e2000-7fb0791e2000 rw-p 00000000 00:00 0 
7fb0791e2000-7fb0791e7000 r--p 00000000 00:62 10226848                   /home/ubuntu/.local/lib/python3.10/site-packages/scipy/sparse/csgraph/_reordering.cpython-310-x86_64-linux-gnu.so
7fb0791e7000-7fb07921e000 r-xp 00005000 00:62 10226848                   /home/ubuntu/.local/lib/python3.10/site-packages/scipy/sparse/csgraph/_reordering.cpython-310-x86_64-linux-gnu.so
7fb07921e000-7fb079228000 r--p 0003c000 00:62 10226848                   /home/ubuntu/.local/lib/python3.10/site-packages/scipy/sparse/csgraph/_reordering.cpython-310-x86_64-linux-gnu.so
7fb079228000-7fb079229000 r--p 00045000 00:62 10226848                   /home/ubuntu/.local/lib/python3.10/site-packages/scipy/sparse/csgraph/_reordering.cpython-310-x86_64-linux-gnu.so
7fb079229000-7fb07922b000 rw-p 00046000 00:62 10226848                   /home/ubuntu/.local/lib/python3.10/site-packages/scipy/sparse/csgraph/_reordering.cpython-310-x86_64-linux-gnu.so
7fb07922b000-7fb07922c000 rw-p 00000000 00:00 0 
7fb07922c000-7fb079231000 r--p 00000000 00:62 10226851                   /home/ubuntu/.local/lib/python3.10/site-packages/scipy/sparse/csgraph/_matching.cpython-310-x86_64-linux-gnu.so
7fb079231000-7fb07926a000 r-xp 00005000 00:62 10226851                   /home/ubuntu/.local/lib/python3.10/site-packages/scipy/sparse/csgraph/_matching.cpython-310-x86_64-linux-gnu.so
7fb07926a000-7fb079278000 r--p 0003e000 00:62 10226851                   /home/ubuntu/.local/lib/python3.10/site-packages/scipy/sparse/csgraph/_matching.cpython-310-x86_64-linux-gnu.so
7fb079278000-7fb079279000 r--p 0004b000 00:62 10226851                   /home/ubuntu/.local/lib/python3.10/site-packages/scipy/sparse/csgraph/_matching.cpython-310-x86_64-linux-gnu.so
7fb079279000-7fb07927b000 rw-p 0004c000 00:62 10226851                   /home/ubuntu/.local/lib/python3.10/site-packages/scipy/sparse/csgraph/_matching.cpython-310-x86_64-linux-gnu.so
7fb07927b000-7fb07927c000 rw-p 00000000 00:00 0 
7fb07927c000-7fb079281000 r--p 00000000 00:62 10226844                   /home/ubuntu/.local/lib/python3.10/site-packages/scipy/sparse/csgraph/_flow.cpython-310-x86_64-linux-gnu.so
7fb079281000-7fb0792ba000 r-xp 00005000 00:62 10226844                   /home/ubuntu/.local/lib/python3.10/site-packages/scipy/sparse/csgraph/_flow.cpython-310-x86_64-linux-gnu.so
7fb0792ba000-7fb0792c6000 r--p 0003e000 00:62 10226844                   /home/ubuntu/.local/lib/python3.10/site-packages/scipy/sparse/csgraph/_flow.cpython-310-x86_64-linux-gnu.so
7fb0792c6000-7fb0792c7000 ---p 0004a000 00:62 10226844                   /home/ubuntu/.local/lib/python3.10/site-packages/scipy/sparse/csgraph/_flow.cpython-310-x86_64-linux-gnu.so
7fb0792c7000-7fb0792c8000 r--p 0004a000 00:62 10226844                   /home/ubuntu/.local/lib/python3.10/site-packages/scipy/sparse/csgraph/_flow.cpython-310-x86_64-linux-gnu.so
7fb0792c8000-7fb0792ca000 rw-p 0004b000 00:62 10226844                   /home/ubuntu/.local/lib/python3.10/site-packages/scipy/sparse/csgraph/_flow.cpython-310-x86_64-linux-gnu.so
7fb0792ca000-7fb0792cb000 rw-p 00000000 00:00 0 
7fb0792cb000-7fb0792d0000 r--p 00000000 00:62 10226846                   /home/ubuntu/.local/lib/python3.10/site-packages/scipy/sparse/csgraph/_min_spanning_tree.cpython-310-x86_64-linux-gnu.so
7fb0792d0000-7fb0792fa000 r-xp 00005000 00:62 10226846                   /home/ubuntu/.local/lib/python3.10/site-packages/scipy/sparse/csgraph/_min_spanning_tree.cpython-310-x86_64-linux-gnu.so
7fb0792fa000-7fb079303000 r--p 0002f000 00:62 10226846                   /home/ubuntu/.local/lib/python3.10/site-packages/scipy/sparse/csgraph/_min_spanning_tree.cpython-310-x86_64-linux-gnu.so
7fb079303000-7fb079304000 r--p 00037000 00:62 10226846                   /home/ubuntu/.local/lib/python3.10/site-packages/scipy/sparse/csgraph/_min_spanning_tree.cpython-310-x86_64-linux-gnu.so
7fb079304000-7fb079306000 rw-p 00038000 00:62 10226846                   /home/ubuntu/.local/lib/python3.10/site-packages/scipy/sparse/csgraph/_min_spanning_tree.cpython-310-x86_64-linux-gnu.so
7fb079306000-7fb079407000 rw-p 00000000 00:00 0 
7fb079407000-7fb07940c000 r--p 00000000 00:62 10226853                   /home/ubuntu/.local/lib/python3.10/site-packages/scipy/sparse/csgraph/_traversal.cpython-310-x86_64-linux-gnu.so
7fb07940c000-7fb07948a000 r-xp 00005000 00:62 10226853                   /home/ubuntu/.local/lib/python3.10/site-packages/scipy/sparse/csgraph/_traversal.cpython-310-x86_64-linux-gnu.so
7fb07948a000-7fb07949b000 r--p 00083000 00:62 10226853                   /home/ubuntu/.local/lib/python3.10/site-packages/scipy/sparse/csgraph/_traversal.cpython-310-x86_64-linux-gnu.so
7fb07949b000-7fb07949c000 r--p 00093000 00:62 10226853                   /home/ubuntu/.local/lib/python3.10/site-packages/scipy/sparse/csgraph/_traversal.cpython-310-x86_64-linux-gnu.so
7fb07949c000-7fb07949e000 rw-p 00094000 00:62 10226853                   /home/ubuntu/.local/lib/python3.10/site-packages/scipy/sparse/csgraph/_traversal.cpython-310-x86_64-linux-gnu.so
7fb07949e000-7fb07949f000 rw-p 00000000 00:00 0 
7fb07949f000-7fb0794a2000 r--p 00000000 00:62 10226847                   /home/ubuntu/.local/lib/python3.10/site-packages/scipy/sparse/csgraph/_tools.cpython-310-x86_64-linux-gnu.so
7fb0794a2000-7fb0794c3000 r-xp 00003000 00:62 10226847                   /home/ubuntu/.local/lib/python3.10/site-packages/scipy/sparse/csgraph/_tools.cpython-310-x86_64-linux-gnu.so
7fb0794c3000-7fb0794cd000 r--p 00024000 00:62 10226847                   /home/ubuntu/.local/lib/python3.10/site-packages/scipy/sparse/csgraph/_tools.cpython-310-x86_64-linux-gnu.so
7fb0794cd000-7fb0794ce000 r--p 0002d000 00:62 10226847                   /home/ubuntu/.local/lib/python3.10/site-packages/scipy/sparse/csgraph/_tools.cpython-310-x86_64-linux-gnu.so
7fb0794ce000-7fb0794cf000 rw-p 0002e000 00:62 10226847                   /home/ubuntu/.local/lib/python3.10/site-packages/scipy/sparse/csgraph/_tools.cpython-310-x86_64-linux-gnu.so
7fb0794cf000-7fb0794d0000 rw-p 00000000 00:00 0 
7fb0794d0000-7fb0794d5000 r--p 00000000 00:62 10226849                   /home/ubuntu/.local/lib/python3.10/site-packages/scipy/sparse/csgraph/_shortest_path.cpython-310-x86_64-linux-gnu.so
7fb0794d5000-7fb079538000 r-xp 00005000 00:62 10226849                   /home/ubuntu/.local/lib/python3.10/site-packages/scipy/sparse/csgraph/_shortest_path.cpython-310-x86_64-linux-gnu.so
7fb079538000-7fb07954d000 r--p 00068000 00:62 10226849                   /home/ubuntu/.local/lib/python3.10/site-packages/scipy/sparse/csgraph/_shortest_path.cpython-310-x86_64-linux-gnu.so
7fb07954d000-7fb07954e000 ---p 0007d000 00:62 10226849                   /home/ubuntu/.local/lib/python3.10/site-packages/scipy/sparse/csgraph/_shortest_path.cpython-310-x86_64-linux-gnu.so
7fb07954e000-7fb07954f000 r--p 0007d000 00:62 10226849                   /home/ubuntu/.local/lib/python3.10/site-packages/scipy/sparse/csgraph/_shortest_path.cpython-310-x86_64-linux-gnu.so
7fb07954f000-7fb079551000 rw-p 0007e000 00:62 10226849                   /home/ubuntu/.local/lib/python3.10/site-packages/scipy/sparse/csgraph/_shortest_path.cpython-310-x86_64-linux-gnu.so
7fb079551000-7fb079553000 rw-p 00000000 00:00 0 
7fb079553000-7fb079570000 r--p 00000000 00:62 10226963                   /home/ubuntu/.local/lib/python3.10/site-packages/scipy/sparse/linalg/_propack/_zpropack.cpython-310-x86_64-linux-gnu.so
7fb079570000-7fb07958f000 r-xp 0001d000 00:62 10226963                   /home/ubuntu/.local/lib/python3.10/site-packages/scipy/sparse/linalg/_propack/_zpropack.cpython-310-x86_64-linux-gnu.so
7fb07958f000-7fb07959f000 r--p 0003c000 00:62 10226963                   /home/ubuntu/.local/lib/python3.10/site-packages/scipy/sparse/linalg/_propack/_zpropack.cpython-310-x86_64-linux-gnu.so
7fb07959f000-7fb0795a0000 ---p 0004c000 00:62 10226963                   /home/ubuntu/.local/lib/python3.10/site-packages/scipy/sparse/linalg/_propack/_zpropack.cpython-310-x86_64-linux-gnu.so
7fb0795a0000-7fb0795a1000 r--p 0004c000 00:62 10226963                   /home/ubuntu/.local/lib/python3.10/site-packages/scipy/sparse/linalg/_propack/_zpropack.cpython-310-x86_64-linux-gnu.so
7fb0795a1000-7fb0795a9000 rw-p 0004d000 00:62 10226963                   /home/ubuntu/.local/lib/python3.10/site-packages/scipy/sparse/linalg/_propack/_zpropack.cpython-310-x86_64-linux-gnu.so
7fb0795a9000-7fb0795df000 rw-p 00000000 00:00 0 
7fb0795df000-7fb0795f0000 rw-p 00071000 00:62 10226963                   /home/ubuntu/.local/lib/python3.10/site-packages/scipy/sparse/linalg/_propack/_zpropack.cpython-310-x86_64-linux-gnu.so
7fb0795f0000-7fb0795f7000 rw-p 00082000 00:62 10226963                   /home/ubuntu/.local/lib/python3.10/site-packages/scipy/sparse/linalg/_propack/_zpropack.cpython-310-x86_64-linux-gnu.so
7fb0795f7000-7fb079614000 r--p 00000000 00:62 10226962                   /home/ubuntu/.local/lib/python3.10/site-packages/scipy/sparse/linalg/_propack/_cpropack.cpython-310-x86_64-linux-gnu.so
7fb079614000-7fb079635000 r-xp 0001d000 00:62 10226962                   /home/ubuntu/.local/lib/python3.10/site-packages/scipy/sparse/linalg/_propack/_cpropack.cpython-310-x86_64-linux-gnu.so
7fb079635000-7fb079645000 r--p 0003e000 00:62 10226962                   /home/ubuntu/.local/lib/python3.10/site-packages/scipy/sparse/linalg/_propack/_cpropack.cpython-310-x86_64-linux-gnu.so
7fb079645000-7fb079646000 ---p 0004e000 00:62 10226962                   /home/ubuntu/.local/lib/python3.10/site-packages/scipy/sparse/linalg/_propack/_cpropack.cpython-310-x86_64-linux-gnu.so
7fb079646000-7fb079647000 r--p 0004e000 00:62 10226962                   /home/ubuntu/.local/lib/python3.10/site-packages/scipy/sparse/linalg/_propack/_cpropack.cpython-310-x86_64-linux-gnu.so
7fb079647000-7fb07964f000 rw-p 0004f000 00:62 10226962                   /home/ubuntu/.local/lib/python3.10/site-packages/scipy/sparse/linalg/_propack/_cpropack.cpython-310-x86_64-linux-gnu.so
7fb07964f000-7fb07966a000 rw-p 00000000 00:00 0 
7fb07966a000-7fb07967b000 rw-p 00073000 00:62 10226962                   /home/ubuntu/.local/lib/python3.10/site-packages/scipy/sparse/linalg/_propack/_cpropack.cpython-310-x86_64-linux-gnu.so
7fb07967b000-7fb079682000 rw-p 00084000 00:62 10226962                   /home/ubuntu/.local/lib/python3.10/site-packages/scipy/sparse/linalg/_propack/_cpropack.cpython-310-x86_64-linux-gnu.so
7fb079682000-7fb07969f000 r--p 00000000 00:62 10226961                   /home/ubuntu/.local/lib/python3.10/site-packages/scipy/sparse/linalg/_propack/_dpropack.cpython-310-x86_64-linux-gnu.so
7fb07969f000-7fb0796ba000 r-xp 0001d000 00:62 10226961                   /home/ubuntu/.local/lib/python3.10/site-packages/scipy/sparse/linalg/_propack/_dpropack.cpython-310-x86_64-linux-gnu.so
7fb0796ba000-7fb0796ca000 r--p 00038000 00:62 10226961                   /home/ubuntu/.local/lib/python3.10/site-packages/scipy/sparse/linalg/_propack/_dpropack.cpython-310-x86_64-linux-gnu.so
7fb0796ca000-7fb0796cb000 r--p 00047000 00:62 10226961                   /home/ubuntu/.local/lib/python3.10/site-packages/scipy/sparse/linalg/_propack/_dpropack.cpython-310-x86_64-linux-gnu.so
7fb0796cb000-7fb0796d3000 rw-p 00048000 00:62 10226961                   /home/ubuntu/.local/lib/python3.10/site-packages/scipy/sparse/linalg/_propack/_dpropack.cpython-310-x86_64-linux-gnu.so
7fb0796d3000-7fb0796e4000 rw-p 0006b000 00:62 10226961                   /home/ubuntu/.local/lib/python3.10/site-packages/scipy/sparse/linalg/_propack/_dpropack.cpython-310-x86_64-linux-gnu.so
7fb0796e4000-7fb0796eb000 rw-p 0007c000 00:62 10226961                   /home/ubuntu/.local/lib/python3.10/site-packages/scipy/sparse/linalg/_propack/_dpropack.cpython-310-x86_64-linux-gnu.so
7fb0796eb000-7fb079708000 r--p 00000000 00:62 10226964                   /home/ubuntu/.local/lib/python3.10/site-packages/scipy/sparse/linalg/_propack/_spropack.cpython-310-x86_64-linux-gnu.so
7fb079708000-7fb079723000 r-xp 0001d000 00:62 10226964                   /home/ubuntu/.local/lib/python3.10/site-packages/scipy/sparse/linalg/_propack/_spropack.cpython-310-x86_64-linux-gnu.so
7fb079723000-7fb079733000 r--p 00038000 00:62 10226964                   /home/ubuntu/.local/lib/python3.10/site-packages/scipy/sparse/linalg/_propack/_spropack.cpython-310-x86_64-linux-gnu.so
7fb079733000-7fb079734000 r--p 00047000 00:62 10226964                   /home/ubuntu/.local/lib/python3.10/site-packages/scipy/sparse/linalg/_propack/_spropack.cpython-310-x86_64-linux-gnu.so
7fb079734000-7fb07973c000 rw-p 00048000 00:62 10226964                   /home/ubuntu/.local/lib/python3.10/site-packages/scipy/sparse/linalg/_propack/_spropack.cpython-310-x86_64-linux-gnu.so
7fb07973c000-7fb07974d000 rw-p 0006b000 00:62 10226964                   /home/ubuntu/.local/lib/python3.10/site-packages/scipy/sparse/linalg/_propack/_spropack.cpython-310-x86_64-linux-gnu.so
7fb07974d000-7fb079754000 rw-p 0007c000 00:62 10226964                   /home/ubuntu/.local/lib/python3.10/site-packages/scipy/sparse/linalg/_propack/_spropack.cpython-310-x86_64-linux-gnu.so
7fb079754000-7fb079772000 r--p 00000000 00:62 10226926                   /home/ubuntu/.local/lib/python3.10/site-packages/scipy/sparse/linalg/_eigen/arpack/_arpack.cpython-310-x86_64-linux-gnu.so
7fb079772000-7fb0797c9000 r-xp 0001e000 00:62 10226926                   /home/ubuntu/.local/lib/python3.10/site-packages/scipy/sparse/linalg/_eigen/arpack/_arpack.cpython-310-x86_64-linux-gnu.so
7fb0797c9000-7fb0797e5000 r--p 00075000 00:62 10226926                   /home/ubuntu/.local/lib/python3.10/site-packages/scipy/sparse/linalg/_eigen/arpack/_arpack.cpython-310-x86_64-linux-gnu.so
7fb0797e5000-7fb0797e6000 r--p 00090000 00:62 10226926                   /home/ubuntu/.local/lib/python3.10/site-packages/scipy/sparse/linalg/_eigen/arpack/_arpack.cpython-310-x86_64-linux-gnu.so
7fb0797e6000-7fb0797f4000 rw-p 00091000 00:62 10226926                   /home/ubuntu/.local/lib/python3.10/site-packages/scipy/sparse/linalg/_eigen/arpack/_arpack.cpython-310-x86_64-linux-gnu.so
7fb0797f4000-7fb0797f5000 rw-p 00000000 00:00 0 
7fb0797f5000-7fb079806000 rw-p 000bf000 00:62 10226926                   /home/ubuntu/.local/lib/python3.10/site-packages/scipy/sparse/linalg/_eigen/arpack/_arpack.cpython-310-x86_64-linux-gnu.so
7fb079806000-7fb07980d000 rw-p 000d0000 00:62 10226926                   /home/ubuntu/.local/lib/python3.10/site-packages/scipy/sparse/linalg/_eigen/arpack/_arpack.cpython-310-x86_64-linux-gnu.so
7fb07980d000-7fb079829000 r--p 00000000 00:62 10226934                   /home/ubuntu/.local/lib/python3.10/site-packages/scipy/sparse/linalg/_dsolve/_superlu.cpython-310-x86_64-linux-gnu.so
7fb079829000-7fb079882000 r-xp 0001c000 00:62 10226934                   /home/ubuntu/.local/lib/python3.10/site-packages/scipy/sparse/linalg/_dsolve/_superlu.cpython-310-x86_64-linux-gnu.so
7fb079882000-7fb079898000 r--p 00075000 00:62 10226934                   /home/ubuntu/.local/lib/python3.10/site-packages/scipy/sparse/linalg/_dsolve/_superlu.cpython-310-x86_64-linux-gnu.so
7fb079898000-7fb079899000 r--p 0008a000 00:62 10226934                   /home/ubuntu/.local/lib/python3.10/site-packages/scipy/sparse/linalg/_dsolve/_superlu.cpython-310-x86_64-linux-gnu.so
7fb079899000-7fb07989e000 rw-p 0008b000 00:62 10226934                   /home/ubuntu/.local/lib/python3.10/site-packages/scipy/sparse/linalg/_dsolve/_superlu.cpython-310-x86_64-linux-gnu.so
7fb07989e000-7fb0798af000 rw-p 000af000 00:62 10226934                   /home/ubuntu/.local/lib/python3.10/site-packages/scipy/sparse/linalg/_dsolve/_superlu.cpython-310-x86_64-linux-gnu.so
7fb0798af000-7fb0798b6000 rw-p 000c0000 00:62 10226934                   /home/ubuntu/.local/lib/python3.10/site-packages/scipy/sparse/linalg/_dsolve/_superlu.cpython-310-x86_64-linux-gnu.so
7fb0798b6000-7fb0798bd000 r--p 00000000 00:62 10226373                   /home/ubuntu/.local/lib/python3.10/site-packages/scipy/linalg/cython_blas.cpython-310-x86_64-linux-gnu.so
7fb0798bd000-7fb0798e9000 r-xp 00007000 00:62 10226373                   /home/ubuntu/.local/lib/python3.10/site-packages/scipy/linalg/cython_blas.cpython-310-x86_64-linux-gnu.so
7fb0798e9000-7fb0798f7000 r--p 00033000 00:62 10226373                   /home/ubuntu/.local/lib/python3.10/site-packages/scipy/linalg/cython_blas.cpython-310-x86_64-linux-gnu.so
7fb0798f7000-7fb0798f8000 ---p 00041000 00:62 10226373                   /home/ubuntu/.local/lib/python3.10/site-packages/scipy/linalg/cython_blas.cpython-310-x86_64-linux-gnu.so
7fb0798f8000-7fb0798f9000 r--p 00041000 00:62 10226373                   /home/ubuntu/.local/lib/python3.10/site-packages/scipy/linalg/cython_blas.cpython-310-x86_64-linux-gnu.so
7fb0798f9000-7fb0798fb000 rw-p 00042000 00:62 10226373                   /home/ubuntu/.local/lib/python3.10/site-packages/scipy/linalg/cython_blas.cpython-310-x86_64-linux-gnu.so
7fb0798fb000-7fb0798fc000 rw-p 00000000 00:00 0 
7fb0798fc000-7fb079900000 rw-p 00051000 00:62 10226373                   /home/ubuntu/.local/lib/python3.10/site-packages/scipy/linalg/cython_blas.cpython-310-x86_64-linux-gnu.so
7fb079900000-7fb079902000 rw-p 00055000 00:62 10226373                   /home/ubuntu/.local/lib/python3.10/site-packages/scipy/linalg/cython_blas.cpython-310-x86_64-linux-gnu.so
7fb079902000-7fb079906000 r--p 00000000 00:62 10226393                   /home/ubuntu/.local/lib/python3.10/site-packages/scipy/linalg/_decomp_update.cpython-310-x86_64-linux-gnu.so
7fb079906000-7fb079944000 r-xp 00004000 00:62 10226393                   /home/ubuntu/.local/lib/python3.10/site-packages/scipy/linalg/_decomp_update.cpython-310-x86_64-linux-gnu.so
7fb079944000-7fb079954000 r--p 00042000 00:62 10226393                   /home/ubuntu/.local/lib/python3.10/site-packages/scipy/linalg/_decomp_update.cpython-310-x86_64-linux-gnu.so
7fb079954000-7fb079955000 r--p 00051000 00:62 10226393                   /home/ubuntu/.local/lib/python3.10/site-packages/scipy/linalg/_decomp_update.cpython-310-x86_64-linux-gnu.so
7fb079955000-7fb079956000 rw-p 00052000 00:62 10226393                   /home/ubuntu/.local/lib/python3.10/site-packages/scipy/linalg/_decomp_update.cpython-310-x86_64-linux-gnu.so
7fb079956000-7fb079957000 rw-p 00000000 00:00 0 
7fb079957000-7fb079972000 r--p 00000000 00:62 10226363                   /home/ubuntu/.local/lib/python3.10/site-packages/scipy/linalg/_matfuncs_expm.cpython-310-x86_64-linux-gnu.so
7fb079972000-7fb079992000 r-xp 0001b000 00:62 10226363                   /home/ubuntu/.local/lib/python3.10/site-packages/scipy/linalg/_matfuncs_expm.cpython-310-x86_64-linux-gnu.so
7fb079992000-7fb0799a0000 r--p 0003b000 00:62 10226363                   /home/ubuntu/.local/lib/python3.10/site-packages/scipy/linalg/_matfuncs_expm.cpython-310-x86_64-linux-gnu.so
7fb0799a0000-7fb0799a1000 r--p 00048000 00:62 10226363                   /home/ubuntu/.local/lib/python3.10/site-packages/scipy/linalg/_matfuncs_expm.cpython-310-x86_64-linux-gnu.so
7fb0799a1000-7fb0799a5000 rw-p 00049000 00:62 10226363                   /home/ubuntu/.local/lib/python3.10/site-packages/scipy/linalg/_matfuncs_expm.cpython-310-x86_64-linux-gnu.so
7fb0799a5000-7fb0799b5000 rw-p 00067000 00:62 10226363                   /home/ubuntu/.local/lib/python3.10/site-packages/scipy/linalg/_matfuncs_expm.cpython-310-x86_64-linux-gnu.so
7fb0799b5000-7fb0799bb000 rw-p 00077000 00:62 10226363                   /home/ubuntu/.local/lib/python3.10/site-packages/scipy/linalg/_matfuncs_expm.cpython-310-x86_64-linux-gnu.so
7fb0799bb000-7fb0799f8000 r--p 00000000 00:62 10226371                   /home/ubuntu/.local/lib/python3.10/site-packages/scipy/linalg/_flapack.cpython-310-x86_64-linux-gnu.so
7fb0799f8000-7fb079ac5000 r-xp 0003d000 00:62 10226371                   /home/ubuntu/.local/lib/python3.10/site-packages/scipy/linalg/_flapack.cpython-310-x86_64-linux-gnu.so
7fb079ac5000-7fb079b45000 r--p 0010a000 00:62 10226371                   /home/ubuntu/.local/lib/python3.10/site-packages/scipy/linalg/_flapack.cpython-310-x86_64-linux-gnu.so
7fb079b45000-7fb079b46000 r--p 00189000 00:62 10226371                   /home/ubuntu/.local/lib/python3.10/site-packages/scipy/linalg/_flapack.cpython-310-x86_64-linux-gnu.so
7fb079b46000-7fb079bd5000 rw-p 0018a000 00:62 10226371                   /home/ubuntu/.local/lib/python3.10/site-packages/scipy/linalg/_flapack.cpython-310-x86_64-linux-gnu.so
7fb079bd5000-7fb079be6000 rw-p 00246000 00:62 10226371                   /home/ubuntu/.local/lib/python3.10/site-packages/scipy/linalg/_flapack.cpython-310-x86_64-linux-gnu.so
7fb079be6000-7fb079bed000 rw-p 00257000 00:62 10226371                   /home/ubuntu/.local/lib/python3.10/site-packages/scipy/linalg/_flapack.cpython-310-x86_64-linux-gnu.so
7fb079bed000-7fb079bee000 ---p 00000000 00:00 0 
7fb079bee000-7fb07a3ee000 rw-p 00000000 00:00 0 
7fb07a3ee000-7fb07a3ef000 ---p 00000000 00:00 0 
7fb07a3ef000-7fb07abef000 rw-p 00000000 00:00 0 
7fb07abef000-7fb07abf0000 ---p 00000000 00:00 0 
7fb07abf0000-7fb07b3f0000 rw-p 00000000 00:00 0 
7fb07b3f0000-7fb07b3f1000 ---p 00000000 00:00 0 
7fb07b3f1000-7fb07bbf1000 rw-p 00000000 00:00 0 
7fb07bbf1000-7fb07bbf2000 ---p 00000000 00:00 0 
7fb07bbf2000-7fb07c3f2000 rw-p 00000000 00:00 0 
7fb07c3f2000-7fb07c3f3000 ---p 00000000 00:00 0 
7fb07c3f3000-7fb07cbf3000 rw-p 00000000 00:00 0 
7fb07cbf3000-7fb07cbf4000 ---p 00000000 00:00 0 
7fb07cbf4000-7fb07d3f4000 rw-p 00000000 00:00 0 
7fb07d3f4000-7fb07d3f5000 ---p 00000000 00:00 0 
7fb07d3f5000-7fb07dbf5000 rw-p 00000000 00:00 0 
7fb07dbf5000-7fb07dbf6000 ---p 00000000 00:00 0 
7fb07dbf6000-7fb07e3f6000 rw-p 00000000 00:00 0 
7fb07e3f6000-7fb07e3f7000 ---p 00000000 00:00 0 
7fb07e3f7000-7fb07ebf7000 rw-p 00000000 00:00 0 
7fb07ebf7000-7fb07ebf8000 ---p 00000000 00:00 0 
7fb07ebf8000-7fb07f3f8000 rw-p 00000000 00:00 0 
7fb07f3f8000-7fb07f3f9000 ---p 00000000 00:00 0 
7fb07f3f9000-7fb07fbf9000 rw-p 00000000 00:00 0 
7fb07fbf9000-7fb07fbfa000 ---p 00000000 00:00 0 
7fb07fbfa000-7fb0803fa000 rw-p 00000000 00:00 0 
7fb0803fa000-7fb0803fb000 ---p 00000000 00:00 0 
7fb0803fb000-7fb080bfb000 rw-p 00000000 00:00 0 
7fb080bfb000-7fb080bfc000 ---p 00000000 00:00 0 
7fb080bfc000-7fb0813fc000 rw-p 00000000 00:00 0 
7fb0813fc000-7fb0813fd000 ---p 00000000 00:00 0 
7fb0813fd000-7fb081bfd000 rw-p 00000000 00:00 0 
7fb081bfd000-7fb081bfe000 ---p 00000000 00:00 0 
7fb081bfe000-7fb0823fe000 rw-p 00000000 00:00 0 
7fb0823fe000-7fb0823ff000 ---p 00000000 00:00 0 
7fb0823ff000-7fb082bff000 rw-p 00000000 00:00 0 
7fb082bff000-7fb082c00000 ---p 00000000 00:00 0 
7fb082c00000-7fb0ab400000 rw-p 00000000 00:00 0 
7fb0ab400000-7fb0ab43b000 r-xp 00000000 00:62 10227622                   /home/ubuntu/.local/lib/python3.10/site-packages/scipy.libs/libquadmath-96973f99-934c22de.so.0.0.0
7fb0ab43b000-7fb0ab63a000 ---p 0003b000 00:62 10227622                   /home/ubuntu/.local/lib/python3.10/site-packages/scipy.libs/libquadmath-96973f99-934c22de.so.0.0.0
7fb0ab63a000-7fb0ab63b000 r--p 0003a000 00:62 10227622                   /home/ubuntu/.local/lib/python3.10/site-packages/scipy.libs/libquadmath-96973f99-934c22de.so.0.0.0
7fb0ab63b000-7fb0ab63c000 rw-p 0003b000 00:62 10227622                   /home/ubuntu/.local/lib/python3.10/site-packages/scipy.libs/libquadmath-96973f99-934c22de.so.0.0.0
7fb0ab63c000-7fb0ab63d000 rw-p 0003c000 00:62 10227622                   /home/ubuntu/.local/lib/python3.10/site-packages/scipy.libs/libquadmath-96973f99-934c22de.so.0.0.0
7fb0ab63d000-7fb0ab63e000 rw-p 0003d000 00:62 10227622                   /home/ubuntu/.local/lib/python3.10/site-packages/scipy.libs/libquadmath-96973f99-934c22de.so.0.0.0
7fb0ab63f000-7fb0ab641000 r--p 00000000 00:62 10226156                   /home/ubuntu/.local/lib/python3.10/site-packages/scipy/optimize/_slsqp.cpython-310-x86_64-linux-gnu.so
7fb0ab641000-7fb0ab64e000 r-xp 00002000 00:62 10226156                   /home/ubuntu/.local/lib/python3.10/site-packages/scipy/optimize/_slsqp.cpython-310-x86_64-linux-gnu.so
7fb0ab64e000-7fb0ab651000 r--p 0000f000 00:62 10226156                   /home/ubuntu/.local/lib/python3.10/site-packages/scipy/optimize/_slsqp.cpython-310-x86_64-linux-gnu.so
7fb0ab651000-7fb0ab652000 r--p 00011000 00:62 10226156                   /home/ubuntu/.local/lib/python3.10/site-packages/scipy/optimize/_slsqp.cpython-310-x86_64-linux-gnu.so
7fb0ab652000-7fb0ab653000 rw-p 00012000 00:62 10226156                   /home/ubuntu/.local/lib/python3.10/site-packages/scipy/optimize/_slsqp.cpython-310-x86_64-linux-gnu.so
7fb0ab653000-7fb0ab66d000 r--p 00000000 00:62 10226353                   /home/ubuntu/.local/lib/python3.10/site-packages/scipy/linalg/cython_lapack.cpython-310-x86_64-linux-gnu.so
7fb0ab66d000-7fb0ab68c000 r-xp 0001a000 00:62 10226353                   /home/ubuntu/.local/lib/python3.10/site-packages/scipy/linalg/cython_lapack.cpython-310-x86_64-linux-gnu.so
7fb0ab68c000-7fb0ab6e4000 r--p 00039000 00:62 10226353                   /home/ubuntu/.local/lib/python3.10/site-packages/scipy/linalg/cython_lapack.cpython-310-x86_64-linux-gnu.so
7fb0ab6e4000-7fb0ab6e5000 ---p 00091000 00:62 10226353                   /home/ubuntu/.local/lib/python3.10/site-packages/scipy/linalg/cython_lapack.cpython-310-x86_64-linux-gnu.so
7fb0ab6e5000-7fb0ab6e6000 r--p 00091000 00:62 10226353                   /home/ubuntu/.local/lib/python3.10/site-packages/scipy/linalg/cython_lapack.cpython-310-x86_64-linux-gnu.so
7fb0ab6e6000-7fb0ab6ea000 rw-p 00092000 00:62 10226353                   /home/ubuntu/.local/lib/python3.10/site-packages/scipy/linalg/cython_lapack.cpython-310-x86_64-linux-gnu.so
7fb0ab6ea000-7fb0ab6fa000 rw-p 000c1000 00:62 10226353                   /home/ubuntu/.local/lib/python3.10/site-packages/scipy/linalg/cython_lapack.cpython-310-x86_64-linux-gnu.so
7fb0ab6fa000-7fb0ab700000 rw-p 000d1000 00:62 10226353                   /home/ubuntu/.local/lib/python3.10/site-packages/scipy/linalg/cython_lapack.cpython-310-x86_64-linux-gnu.so
7fb0ab700000-7fb0ab800000 rw-p 00000000 00:00 0 
7fb0ab800000-7fb0aba76000 r-xp 00000000 00:62 10227618                   /home/ubuntu/.local/lib/python3.10/site-packages/scipy.libs/libgfortran-040039e1-0352e75f.so.5.0.0
7fb0aba76000-7fb0abc75000 ---p 00276000 00:62 10227618                   /home/ubuntu/.local/lib/python3.10/site-packages/scipy.libs/libgfortran-040039e1-0352e75f.so.5.0.0
7fb0abc75000-7fb0abc76000 r--p 00275000 00:62 10227618                   /home/ubuntu/.local/lib/python3.10/site-packages/scipy.libs/libgfortran-040039e1-0352e75f.so.5.0.0
7fb0abc76000-7fb0abc78000 rw-p 00276000 00:62 10227618                   /home/ubuntu/.local/lib/python3.10/site-packages/scipy.libs/libgfortran-040039e1-0352e75f.so.5.0.0
7fb0abc78000-7fb0abc84000 rw-p 0027b000 00:62 10227618                   /home/ubuntu/.local/lib/python3.10/site-packages/scipy.libs/libgfortran-040039e1-0352e75f.so.5.0.0
7fb0abc84000-7fb0abc8d000 rw-p 00287000 00:62 10227618                   /home/ubuntu/.local/lib/python3.10/site-packages/scipy.libs/libgfortran-040039e1-0352e75f.so.5.0.0
7fb0abc8d000-7fb0abc96000 rw-p 00290000 00:62 10227618                   /home/ubuntu/.local/lib/python3.10/site-packages/scipy.libs/libgfortran-040039e1-0352e75f.so.5.0.0
7fb0abc96000-7fb0abc9f000 rw-p 00299000 00:62 10227618                   /home/ubuntu/.local/lib/python3.10/site-packages/scipy.libs/libgfortran-040039e1-0352e75f.so.5.0.0
7fb0abc9f000-7fb0abca8000 rw-p 002a2000 00:62 10227618                   /home/ubuntu/.local/lib/python3.10/site-packages/scipy.libs/libgfortran-040039e1-0352e75f.so.5.0.0
7fb0abca8000-7fb0abcb1000 rw-p 002ab000 00:62 10227618                   /home/ubuntu/.local/lib/python3.10/site-packages/scipy.libs/libgfortran-040039e1-0352e75f.so.5.0.0
7fb0abcb3000-7fb0abcb4000 r--p 00000000 00:62 10226176                   /home/ubuntu/.local/lib/python3.10/site-packages/scipy/optimize/_direct.cpython-310-x86_64-linux-gnu.so
7fb0abcb4000-7fb0abcba000 r-xp 00001000 00:62 10226176                   /home/ubuntu/.local/lib/python3.10/site-packages/scipy/optimize/_direct.cpython-310-x86_64-linux-gnu.so
7fb0abcba000-7fb0abcbc000 r--p 00007000 00:62 10226176                   /home/ubuntu/.local/lib/python3.10/site-packages/scipy/optimize/_direct.cpython-310-x86_64-linux-gnu.so
7fb0abcbc000-7fb0abcbd000 r--p 00008000 00:62 10226176                   /home/ubuntu/.local/lib/python3.10/site-packages/scipy/optimize/_direct.cpython-310-x86_64-linux-gnu.so
7fb0abcbd000-7fb0abcbe000 rw-p 00009000 00:62 10226176                   /home/ubuntu/.local/lib/python3.10/site-packages/scipy/optimize/_direct.cpython-310-x86_64-linux-gnu.so
7fb0abcbe000-7fb0abcc1000 r--p 00000000 00:62 10226463                   /home/ubuntu/.local/lib/python3.10/site-packages/scipy/special/_ellip_harm_2.cpython-310-x86_64-linux-gnu.so
7fb0abcc1000-7fb0abcd5000 r-xp 00003000 00:62 10226463                   /home/ubuntu/.local/lib/python3.10/site-packages/scipy/special/_ellip_harm_2.cpython-310-x86_64-linux-gnu.so
7fb0abcd5000-7fb0abcd8000 r--p 00017000 00:62 10226463                   /home/ubuntu/.local/lib/python3.10/site-packages/scipy/special/_ellip_harm_2.cpython-310-x86_64-linux-gnu.so
7fb0abcd8000-7fb0abcd9000 r--p 00019000 00:62 10226463                   /home/ubuntu/.local/lib/python3.10/site-packages/scipy/special/_ellip_harm_2.cpython-310-x86_64-linux-gnu.so
7fb0abcd9000-7fb0abcda000 rw-p 0001a000 00:62 10226463                   /home/ubuntu/.local/lib/python3.10/site-packages/scipy/special/_ellip_harm_2.cpython-310-x86_64-linux-gnu.so
7fb0abcda000-7fb0abcdc000 rw-p 0001f000 00:62 10226463                   /home/ubuntu/.local/lib/python3.10/site-packages/scipy/special/_ellip_harm_2.cpython-310-x86_64-linux-gnu.so
7fb0abcdc000-7fb0abcdd000 rw-p 00021000 00:62 10226463                   /home/ubuntu/.local/lib/python3.10/site-packages/scipy/special/_ellip_harm_2.cpython-310-x86_64-linux-gnu.so
7fb0abcdd000-7fb0abd88000 r--p 00000000 00:62 10227621                   /home/ubuntu/.local/lib/python3.10/site-packages/scipy.libs/libscipy_openblas-68440149.so
7fb0abd88000-7fb0ace99000 r-xp 000ab000 00:62 10227621                   /home/ubuntu/.local/lib/python3.10/site-packages/scipy.libs/libscipy_openblas-68440149.so
7fb0ace99000-7fb0ad048000 r--p 011bc000 00:62 10227621                   /home/ubuntu/.local/lib/python3.10/site-packages/scipy.libs/libscipy_openblas-68440149.so
7fb0ad048000-7fb0ad04e000 r--p 0136a000 00:62 10227621                   /home/ubuntu/.local/lib/python3.10/site-packages/scipy.libs/libscipy_openblas-68440149.so
7fb0ad04e000-7fb0ad059000 rw-p 01370000 00:62 10227621                   /home/ubuntu/.local/lib/python3.10/site-packages/scipy.libs/libscipy_openblas-68440149.so
7fb0ad059000-7fb0ad061000 rw-p 00000000 00:00 0 
7fb0ad061000-7fb0ad0a3000 rw-p 01435000 00:62 10227621                   /home/ubuntu/.local/lib/python3.10/site-packages/scipy.libs/libscipy_openblas-68440149.so
7fb0ad0a3000-7fb0ad0d1000 rw-p 01477000 00:62 10227621                   /home/ubuntu/.local/lib/python3.10/site-packages/scipy.libs/libscipy_openblas-68440149.so
7fb0ad0d1000-7fb0ad0ff000 rw-p 014a5000 00:62 10227621                   /home/ubuntu/.local/lib/python3.10/site-packages/scipy.libs/libscipy_openblas-68440149.so
7fb0ad0ff000-7fb0ad12d000 rw-p 014d3000 00:62 10227621                   /home/ubuntu/.local/lib/python3.10/site-packages/scipy.libs/libscipy_openblas-68440149.so
7fb0ad12d000-7fb0ad15b000 rw-p 01501000 00:62 10227621                   /home/ubuntu/.local/lib/python3.10/site-packages/scipy.libs/libscipy_openblas-68440149.so
7fb0ad15b000-7fb0ad182000 r--p 00000000 00:62 10226386                   /home/ubuntu/.local/lib/python3.10/site-packages/scipy/linalg/_fblas.cpython-310-x86_64-linux-gnu.so
7fb0ad182000-7fb0ad1ca000 r-xp 00027000 00:62 10226386                   /home/ubuntu/.local/lib/python3.10/site-packages/scipy/linalg/_fblas.cpython-310-x86_64-linux-gnu.so
7fb0ad1ca000-7fb0ad1f7000 r--p 0006f000 00:62 10226386                   /home/ubuntu/.local/lib/python3.10/site-packages/scipy/linalg/_fblas.cpython-310-x86_64-linux-gnu.so
7fb0ad1f7000-7fb0ad1f8000 r--p 0009b000 00:62 10226386                   /home/ubuntu/.local/lib/python3.10/site-packages/scipy/linalg/_fblas.cpython-310-x86_64-linux-gnu.so
7fb0ad1f8000-7fb0ad221000 rw-p 0009c000 00:62 10226386                   /home/ubuntu/.local/lib/python3.10/site-packages/scipy/linalg/_fblas.cpython-310-x86_64-linux-gnu.so
7fb0ad221000-7fb0ad232000 rw-p 000e5000 00:62 10226386                   /home/ubuntu/.local/lib/python3.10/site-packages/scipy/linalg/_fblas.cpython-310-x86_64-linux-gnu.so
7fb0ad232000-7fb0ad239000 rw-p 000f6000 00:62 10226386                   /home/ubuntu/.local/lib/python3.10/site-packages/scipy/linalg/_fblas.cpython-310-x86_64-linux-gnu.so
7fb0ad239000-7fb0ad339000 rw-p 00000000 00:00 0 
7fb0ad339000-7fb0ad33c000 r--p 00000000 00:62 10226810                   /home/ubuntu/.local/lib/python3.10/site-packages/scipy/sparse/_sparsetools.cpython-310-x86_64-linux-gnu.so
7fb0ad33c000-7fb0ad6f3000 r-xp 00003000 00:62 10226810                   /home/ubuntu/.local/lib/python3.10/site-packages/scipy/sparse/_sparsetools.cpython-310-x86_64-linux-gnu.so
7fb0ad6f3000-7fb0ad745000 r--p 003ba000 00:62 10226810                   /home/ubuntu/.local/lib/python3.10/site-packages/scipy/sparse/_sparsetools.cpython-310-x86_64-linux-gnu.so
7fb0ad745000-7fb0ad746000 r--p 0040b000 00:62 10226810                   /home/ubuntu/.local/lib/python3.10/site-packages/scipy/sparse/_sparsetools.cpython-310-x86_64-linux-gnu.so
7fb0ad746000-7fb0ad747000 rw-p 0040c000 00:62 10226810                   /home/ubuntu/.local/lib/python3.10/site-packages/scipy/sparse/_sparsetools.cpython-310-x86_64-linux-gnu.so
7fb0ad747000-7fb0ad847000 rw-p 00000000 00:00 0 
7fb0ad847000-7fb0ad894000 r--p 00000000 00:62 10235024                   /home/ubuntu/.local/lib/python3.10/site-packages/tiktoken/_tiktoken.cpython-310-x86_64-linux-gnu.so
7fb0ad894000-7fb0ad9f3000 r-xp 0004d000 00:62 10235024                   /home/ubuntu/.local/lib/python3.10/site-packages/tiktoken/_tiktoken.cpython-310-x86_64-linux-gnu.so
7fb0ad9f3000-7fb0ada77000 r--p 001ac000 00:62 10235024                   /home/ubuntu/.local/lib/python3.10/site-packages/tiktoken/_tiktoken.cpython-310-x86_64-linux-gnu.so
7fb0ada77000-7fb0ada78000 ---p 00230000 00:62 10235024                   /home/ubuntu/.local/lib/python3.10/site-packages/tiktoken/_tiktoken.cpython-310-x86_64-linux-gnu.so
7fb0ada78000-7fb0adab7000 r--p 00230000 00:62 10235024                   /home/ubuntu/.local/lib/python3.10/site-packages/tiktoken/_tiktoken.cpython-310-x86_64-linux-gnu.so
7fb0adab7000-7fb0adab8000 rw-p 0026f000 00:62 10235024                   /home/ubuntu/.local/lib/python3.10/site-packages/tiktoken/_tiktoken.cpython-310-x86_64-linux-gnu.so
7fb0adab8000-7fb0adfb8000 rw-p 00000000 00:00 0 
7fb0adfb8000-7fb0ae04f000 r--p 00000000 00:62 10238461                   /home/ubuntu/.local/lib/python3.10/site-packages/tokenizers/tokenizers.cpython-310-x86_64-linux-gnu.so
7fb0ae04f000-7fb0ae3fb000 r-xp 00097000 00:62 10238461                   /home/ubuntu/.local/lib/python3.10/site-packages/tokenizers/tokenizers.cpython-310-x86_64-linux-gnu.so
7fb0ae3fb000-7fb0ae57d000 r--p 00443000 00:62 10238461                   /home/ubuntu/.local/lib/python3.10/site-packages/tokenizers/tokenizers.cpython-310-x86_64-linux-gnu.so
7fb0ae57d000-7fb0ae5f7000 r--p 005c4000 00:62 10238461                   /home/ubuntu/.local/lib/python3.10/site-packages/tokenizers/tokenizers.cpython-310-x86_64-linux-gnu.so
7fb0ae5f7000-7fb0ae5fe000 rw-p 0063e000 00:62 10238461                   /home/ubuntu/.local/lib/python3.10/site-packages/tokenizers/tokenizers.cpython-310-x86_64-linux-gnu.so
7fb0ae5fe000-7fb0ae653000 r--p 00000000 00:62 10172736                   /home/ubuntu/.local/lib/python3.10/site-packages/sentencepiece/_sentencepiece.cpython-310-x86_64-linux-gnu.so
7fb0ae653000-7fb0ae791000 r-xp 00055000 00:62 10172736                   /home/ubuntu/.local/lib/python3.10/site-packages/sentencepiece/_sentencepiece.cpython-310-x86_64-linux-gnu.so
7fb0ae791000-7fb0ae7e1000 r--p 00193000 00:62 10172736                   /home/ubuntu/.local/lib/python3.10/site-packages/sentencepiece/_sentencepiece.cpython-310-x86_64-linux-gnu.so
7fb0ae7e1000-7fb0ae7e4000 r--p 001e3000 00:62 10172736                   /home/ubuntu/.local/lib/python3.10/site-packages/sentencepiece/_sentencepiece.cpython-310-x86_64-linux-gnu.so
7fb0ae7e4000-7fb0ae7e7000 rw-p 001e6000 00:62 10172736                   /home/ubuntu/.local/lib/python3.10/site-packages/sentencepiece/_sentencepiece.cpython-310-x86_64-linux-gnu.so
7fb0ae7e7000-7fb0af8e7000 rw-p 00000000 00:00 0 
7fb0af8e9000-7fb0af8eb000 r--p 00000000 00:62 10236007                   /home/ubuntu/.local/lib/python3.10/site-packages/sklearn/utils/_sorting.cpython-310-x86_64-linux-gnu.so
7fb0af8eb000-7fb0af8ed000 r-xp 00002000 00:62 10236007                   /home/ubuntu/.local/lib/python3.10/site-packages/sklearn/utils/_sorting.cpython-310-x86_64-linux-gnu.so
7fb0af8ed000-7fb0af8ee000 r--p 00004000 00:62 10236007                   /home/ubuntu/.local/lib/python3.10/site-packages/sklearn/utils/_sorting.cpython-310-x86_64-linux-gnu.so
7fb0af8ee000-7fb0af8ef000 r--p 00004000 00:62 10236007                   /home/ubuntu/.local/lib/python3.10/site-packages/sklearn/utils/_sorting.cpython-310-x86_64-linux-gnu.so
7fb0af8ef000-7fb0af8f0000 rw-p 00005000 00:62 10236007                   /home/ubuntu/.local/lib/python3.10/site-packages/sklearn/utils/_sorting.cpython-310-x86_64-linux-gnu.so
7fb0af8f0000-7fb0af8f4000 r--p 00000000 00:62 10229401                   /home/ubuntu/.local/lib/python3.10/site-packages/pandas/_libs/properties.cpython-310-x86_64-linux-gnu.so
7fb0af8f4000-7fb0af900000 r-xp 00004000 00:62 10229401                   /home/ubuntu/.local/lib/python3.10/site-packages/pandas/_libs/properties.cpython-310-x86_64-linux-gnu.so
7fb0af900000-7fb0af903000 r--p 00010000 00:62 10229401                   /home/ubuntu/.local/lib/python3.10/site-packages/pandas/_libs/properties.cpython-310-x86_64-linux-gnu.so
7fb0af903000-7fb0af904000 r--p 00012000 00:62 10229401                   /home/ubuntu/.local/lib/python3.10/site-packages/pandas/_libs/properties.cpython-310-x86_64-linux-gnu.so
7fb0af904000-7fb0af905000 rw-p 00013000 00:62 10229401                   /home/ubuntu/.local/lib/python3.10/site-packages/pandas/_libs/properties.cpython-310-x86_64-linux-gnu.so
7fb0af905000-7fb0af906000 rw-p 00000000 00:00 0 
7fb0af906000-7fb0af90d000 r--p 00000000 00:62 10229444                   /home/ubuntu/.local/lib/python3.10/site-packages/pandas/_libs/tslibs/tzconversion.cpython-310-x86_64-linux-gnu.so
7fb0af90d000-7fb0af94a000 r-xp 00007000 00:62 10229444                   /home/ubuntu/.local/lib/python3.10/site-packages/pandas/_libs/tslibs/tzconversion.cpython-310-x86_64-linux-gnu.so
7fb0af94a000-7fb0af953000 r--p 00044000 00:62 10229444                   /home/ubuntu/.local/lib/python3.10/site-packages/pandas/_libs/tslibs/tzconversion.cpython-310-x86_64-linux-gnu.so
7fb0af953000-7fb0af955000 r--p 0004d000 00:62 10229444                   /home/ubuntu/.local/lib/python3.10/site-packages/pandas/_libs/tslibs/tzconversion.cpython-310-x86_64-linux-gnu.so
7fb0af955000-7fb0af957000 rw-p 0004f000 00:62 10229444                   /home/ubuntu/.local/lib/python3.10/site-packages/pandas/_libs/tslibs/tzconversion.cpython-310-x86_64-linux-gnu.so
7fb0af957000-7fb0af958000 rw-p 00000000 00:00 0 
7fb0af958000-7fb0af95f000 r--p 00000000 00:62 10229424                   /home/ubuntu/.local/lib/python3.10/site-packages/pandas/_libs/tslibs/fields.cpython-310-x86_64-linux-gnu.so
7fb0af95f000-7fb0af99d000 r-xp 00007000 00:62 10229424                   /home/ubuntu/.local/lib/python3.10/site-packages/pandas/_libs/tslibs/fields.cpython-310-x86_64-linux-gnu.so
7fb0af99d000-7fb0af9a7000 r--p 00045000 00:62 10229424                   /home/ubuntu/.local/lib/python3.10/site-packages/pandas/_libs/tslibs/fields.cpython-310-x86_64-linux-gnu.so
7fb0af9a7000-7fb0af9a9000 r--p 0004e000 00:62 10229424                   /home/ubuntu/.local/lib/python3.10/site-packages/pandas/_libs/tslibs/fields.cpython-310-x86_64-linux-gnu.so
7fb0af9a9000-7fb0af9ab000 rw-p 00050000 00:62 10229424                   /home/ubuntu/.local/lib/python3.10/site-packages/pandas/_libs/tslibs/fields.cpython-310-x86_64-linux-gnu.so
7fb0af9ab000-7fb0af9ac000 rw-p 00000000 00:00 0 
7fb0af9ac000-7fb0af9ae000 r--p 00000000 00:62 10045286                   /usr/lib/python3.10/lib-dynload/_zoneinfo.cpython-310-x86_64-linux-gnu.so
7fb0af9ae000-7fb0af9b4000 r-xp 00002000 00:62 10045286                   /usr/lib/python3.10/lib-dynload/_zoneinfo.cpython-310-x86_64-linux-gnu.so
7fb0af9b4000-7fb0af9b6000 r--p 00008000 00:62 10045286                   /usr/lib/python3.10/lib-dynload/_zoneinfo.cpython-310-x86_64-linux-gnu.so
7fb0af9b6000-7fb0af9b7000 r--p 00009000 00:62 10045286                   /usr/lib/python3.10/lib-dynload/_zoneinfo.cpython-310-x86_64-linux-gnu.so
7fb0af9b7000-7fb0af9b8000 rw-p 0000a000 00:62 10045286                   /usr/lib/python3.10/lib-dynload/_zoneinfo.cpython-310-x86_64-linux-gnu.so
7fb0af9b8000-7fb0af9be000 r--p 00000000 00:62 10229442                   /home/ubuntu/.local/lib/python3.10/site-packages/pandas/_libs/tslibs/timezones.cpython-310-x86_64-linux-gnu.so
7fb0af9be000-7fb0af9f0000 r-xp 00006000 00:62 10229442                   /home/ubuntu/.local/lib/python3.10/site-packages/pandas/_libs/tslibs/timezones.cpython-310-x86_64-linux-gnu.so
7fb0af9f0000-7fb0af9f9000 r--p 00038000 00:62 10229442                   /home/ubuntu/.local/lib/python3.10/site-packages/pandas/_libs/tslibs/timezones.cpython-310-x86_64-linux-gnu.so
7fb0af9f9000-7fb0af9fb000 r--p 00040000 00:62 10229442                   /home/ubuntu/.local/lib/python3.10/site-packages/pandas/_libs/tslibs/timezones.cpython-310-x86_64-linux-gnu.so
7fb0af9fb000-7fb0af9fd000 rw-p 00042000 00:62 10229442                   /home/ubuntu/.local/lib/python3.10/site-packages/pandas/_libs/tslibs/timezones.cpython-310-x86_64-linux-gnu.so
7fb0af9fd000-7fb0af9fe000 rw-p 00000000 00:00 0 
7fb0af9fe000-7fb0afa08000 r--p 00000000 00:62 10229438                   /home/ubuntu/.local/lib/python3.10/site-packages/pandas/_libs/tslibs/timedeltas.cpython-310-x86_64-linux-gnu.so
7fb0afa08000-7fb0afa76000 r-xp 0000a000 00:62 10229438                   /home/ubuntu/.local/lib/python3.10/site-packages/pandas/_libs/tslibs/timedeltas.cpython-310-x86_64-linux-gnu.so
7fb0afa76000-7fb0afa8b000 r--p 00078000 00:62 10229438                   /home/ubuntu/.local/lib/python3.10/site-packages/pandas/_libs/tslibs/timedeltas.cpython-310-x86_64-linux-gnu.so
7fb0afa8b000-7fb0afa8e000 r--p 0008c000 00:62 10229438                   /home/ubuntu/.local/lib/python3.10/site-packages/pandas/_libs/tslibs/timedeltas.cpython-310-x86_64-linux-gnu.so
7fb0afa8e000-7fb0afa91000 rw-p 0008f000 00:62 10229438                   /home/ubuntu/.local/lib/python3.10/site-packages/pandas/_libs/tslibs/timedeltas.cpython-310-x86_64-linux-gnu.so
7fb0afa91000-7fb0afa93000 rw-p 00000000 00:00 0 
7fb0afa93000-7fb0afa99000 r--p 00000000 00:62 10229426                   /home/ubuntu/.local/lib/python3.10/site-packages/pandas/_libs/tslibs/nattype.cpython-310-x86_64-linux-gnu.so
7fb0afa99000-7fb0afaba000 r-xp 00006000 00:62 10229426                   /home/ubuntu/.local/lib/python3.10/site-packages/pandas/_libs/tslibs/nattype.cpython-310-x86_64-linux-gnu.so
7fb0afaba000-7fb0afac8000 r--p 00027000 00:62 10229426                   /home/ubuntu/.local/lib/python3.10/site-packages/pandas/_libs/tslibs/nattype.cpython-310-x86_64-linux-gnu.so
7fb0afac8000-7fb0afaca000 r--p 00034000 00:62 10229426                   /home/ubuntu/.local/lib/python3.10/site-packages/pandas/_libs/tslibs/nattype.cpython-310-x86_64-linux-gnu.so
7fb0afaca000-7fb0afacc000 rw-p 00036000 00:62 10229426                   /home/ubuntu/.local/lib/python3.10/site-packages/pandas/_libs/tslibs/nattype.cpython-310-x86_64-linux-gnu.so
7fb0afacc000-7fb0afacd000 rw-p 00000000 00:00 0 
7fb0afacd000-7fb0afad8000 r--p 00000000 00:62 10229440                   /home/ubuntu/.local/lib/python3.10/site-packages/pandas/_libs/tslibs/timestamps.cpython-310-x86_64-linux-gnu.so
7fb0afad8000-7fb0afb3f000 r-xp 0000b000 00:62 10229440                   /home/ubuntu/.local/lib/python3.10/site-packages/pandas/_libs/tslibs/timestamps.cpython-310-x86_64-linux-gnu.so
7fb0afb3f000-7fb0afb60000 r--p 00072000 00:62 10229440                   /home/ubuntu/.local/lib/python3.10/site-packages/pandas/_libs/tslibs/timestamps.cpython-310-x86_64-linux-gnu.so
7fb0afb60000-7fb0afb63000 r--p 00092000 00:62 10229440                   /home/ubuntu/.local/lib/python3.10/site-packages/pandas/_libs/tslibs/timestamps.cpython-310-x86_64-linux-gnu.so
7fb0afb63000-7fb0afb66000 rw-p 00095000 00:62 10229440                   /home/ubuntu/.local/lib/python3.10/site-packages/pandas/_libs/tslibs/timestamps.cpython-310-x86_64-linux-gnu.so
7fb0afb66000-7fb0b0f68000 rw-p 00000000 00:00 0 
7fb0b0f6a000-7fb0b0f6f000 r--p 00000000 00:62 10226359                   /home/ubuntu/.local/lib/python3.10/site-packages/scipy/linalg/_matfuncs_sqrtm_triu.cpython-310-x86_64-linux-gnu.so
7fb0b0f6f000-7fb0b0f9d000 r-xp 00005000 00:62 10226359                   /home/ubuntu/.local/lib/python3.10/site-packages/scipy/linalg/_matfuncs_sqrtm_triu.cpython-310-x86_64-linux-gnu.so
7fb0b0f9d000-7fb0b0fa5000 r--p 00033000 00:62 10226359                   /home/ubuntu/.local/lib/python3.10/site-packages/scipy/linalg/_matfuncs_sqrtm_triu.cpython-310-x86_64-linux-gnu.so
7fb0b0fa5000-7fb0b0fa6000 r--p 0003a000 00:62 10226359                   /home/ubuntu/.local/lib/python3.10/site-packages/scipy/linalg/_matfuncs_sqrtm_triu.cpython-310-x86_64-linux-gnu.so
7fb0b0fa6000-7fb0b0fa8000 rw-p 0003b000 00:62 10226359                   /home/ubuntu/.local/lib/python3.10/site-packages/scipy/linalg/_matfuncs_sqrtm_triu.cpython-310-x86_64-linux-gnu.so
7fb0b0fa8000-7fb0b15a9000 rw-p 00000000 00:00 0 
7fb0b15a9000-7fb0b165b000 r--p 00000000 00:62 25773368                   /usr/lib/x86_64-linux-gnu/libcrypto.so.3
7fb0b165b000-7fb0b18ba000 r-xp 000b2000 00:62 25773368                   /usr/lib/x86_64-linux-gnu/libcrypto.so.3
7fb0b18ba000-7fb0b198c000 r--p 00311000 00:62 25773368                   /usr/lib/x86_64-linux-gnu/libcrypto.so.3
7fb0b198c000-7fb0b19e7000 r--p 003e2000 00:62 25773368                   /usr/lib/x86_64-linux-gnu/libcrypto.so.3
7fb0b19e7000-7fb0b19ea000 rw-p 0043d000 00:62 25773368                   /usr/lib/x86_64-linux-gnu/libcrypto.so.3
7fb0b19ea000-7fb0b59ed000 rw-p 00000000 00:00 0 
7fb0b59ed000-7fb0b59ee000 ---p 00000000 00:00 0 
7fb0b59ee000-7fb0b81ee000 rw-p 00000000 00:00 0 
7fb0b81ee000-7fb0b81ef000 ---p 00000000 00:00 0 
7fb0b81ef000-7fb0ba9ef000 rw-p 00000000 00:00 0 
7fb0ba9ef000-7fb0ba9f0000 ---p 00000000 00:00 0 
7fb0ba9f0000-7fb0bd1f0000 rw-p 00000000 00:00 0 
7fb0bd1f0000-7fb0bd1f1000 ---p 00000000 00:00 0 
7fb0bd1f1000-7fb0bf9f1000 rw-p 00000000 00:00 0 
7fb0bf9f1000-7fb0bf9f2000 ---p 00000000 00:00 0 
7fb0bf9f2000-7fb0c21f2000 rw-p 00000000 00:00 0 
7fb0c21f2000-7fb0c21f3000 ---p 00000000 00:00 0 
7fb0c21f3000-7fb0c49f3000 rw-p 00000000 00:00 0 
7fb0c49f3000-7fb0c49f4000 ---p 00000000 00:00 0 
7fb0c49f4000-7fb0c71f4000 rw-p 00000000 00:00 0 
7fb0c71f4000-7fb0c71f5000 ---p 00000000 00:00 0 
7fb0c71f5000-7fb0cb9f5000 rw-p 00000000 00:00 0 
7fb0cb9f5000-7fb0cb9f6000 ---p 00000000 00:00 0 
7fb0cb9f6000-7fb0cc1f6000 rw-p 00000000 00:00 0 
7fb0cc1f6000-7fb0cc1f7000 ---p 00000000 00:00 0 
7fb0cc1f7000-7fb0ce9f7000 rw-p 00000000 00:00 0 
7fb0ce9f7000-7fb0ce9f8000 ---p 00000000 00:00 0 
7fb0ce9f8000-7fb0d11f8000 rw-p 00000000 00:00 0 
7fb0d11f8000-7fb0d11f9000 ---p 00000000 00:00 0 
7fb0d11f9000-7fb0d59f9000 rw-p 00000000 00:00 0 
7fb0d59f9000-7fb0d59fa000 ---p 00000000 00:00 0 
7fb0d59fa000-7fb0d61fa000 rw-p 00000000 00:00 0 
7fb0d61fa000-7fb0d61fb000 ---p 00000000 00:00 0 
7fb0d61fb000-7fb0d89fb000 rw-p 00000000 00:00 0 
7fb0d89fb000-7fb0d89fc000 ---p 00000000 00:00 0 
7fb0d89fc000-7fb0df1fc000 rw-p 00000000 00:00 0 
7fb0df1fc000-7fb0df1fd000 ---p 00000000 00:00 0 
7fb0df1fd000-7fb0df9fd000 rw-p 00000000 00:00 0 
7fb0df9fd000-7fb0df9fe000 ---p 00000000 00:00 0 
7fb0df9fe000-7fb0e01fe000 rw-p 00000000 00:00 0 
7fb0e01fe000-7fb0e01ff000 ---p 00000000 00:00 0 
7fb0e01ff000-7fb0e09ff000 rw-p 00000000 00:00 0 
7fb0e09ff000-7fb0e0a00000 ---p 00000000 00:00 0 
7fb0e0a00000-7fb0e1200000 rw-p 00000000 00:00 0 
7fb0e1200000-7fb0e123b000 r-xp 00000000 00:62 10175842                   /home/ubuntu/.local/lib/python3.10/site-packages/numpy.libs/libquadmath-96973f99.so.0.0.0
7fb0e123b000-7fb0e143a000 ---p 0003b000 00:62 10175842                   /home/ubuntu/.local/lib/python3.10/site-packages/numpy.libs/libquadmath-96973f99.so.0.0.0
7fb0e143a000-7fb0e143b000 r--p 0003a000 00:62 10175842                   /home/ubuntu/.local/lib/python3.10/site-packages/numpy.libs/libquadmath-96973f99.so.0.0.0
7fb0e143b000-7fb0e143c000 rw-p 0003b000 00:62 10175842                   /home/ubuntu/.local/lib/python3.10/site-packages/numpy.libs/libquadmath-96973f99.so.0.0.0
7fb0e143c000-7fb0e143d000 rw-p 0003c000 00:62 10175842                   /home/ubuntu/.local/lib/python3.10/site-packages/numpy.libs/libquadmath-96973f99.so.0.0.0
7fb0e1441000-7fb0e1447000 r--p 00000000 00:62 10226838                   /home/ubuntu/.local/lib/python3.10/site-packages/scipy/sparse/_csparsetools.cpython-310-x86_64-linux-gnu.so
7fb0e1447000-7fb0e14eb000 r-xp 00006000 00:62 10226838                   /home/ubuntu/.local/lib/python3.10/site-packages/scipy/sparse/_csparsetools.cpython-310-x86_64-linux-gnu.so
7fb0e14eb000-7fb0e14fa000 r--p 000aa000 00:62 10226838                   /home/ubuntu/.local/lib/python3.10/site-packages/scipy/sparse/_csparsetools.cpython-310-x86_64-linux-gnu.so
7fb0e14fa000-7fb0e14fb000 r--p 000b8000 00:62 10226838                   /home/ubuntu/.local/lib/python3.10/site-packages/scipy/sparse/_csparsetools.cpython-310-x86_64-linux-gnu.so
7fb0e14fb000-7fb0e14fe000 rw-p 000b9000 00:62 10226838                   /home/ubuntu/.local/lib/python3.10/site-packages/scipy/sparse/_csparsetools.cpython-310-x86_64-linux-gnu.so
7fb0e14fe000-7fb0e1600000 rw-p 00000000 00:00 0 
7fb0e1600000-7fb0e1876000 r-xp 00000000 00:62 10175843                   /home/ubuntu/.local/lib/python3.10/site-packages/numpy.libs/libgfortran-040039e1.so.5.0.0
7fb0e1876000-7fb0e1a75000 ---p 00276000 00:62 10175843                   /home/ubuntu/.local/lib/python3.10/site-packages/numpy.libs/libgfortran-040039e1.so.5.0.0
7fb0e1a75000-7fb0e1a76000 r--p 00275000 00:62 10175843                   /home/ubuntu/.local/lib/python3.10/site-packages/numpy.libs/libgfortran-040039e1.so.5.0.0
7fb0e1a76000-7fb0e1a78000 rw-p 00276000 00:62 10175843                   /home/ubuntu/.local/lib/python3.10/site-packages/numpy.libs/libgfortran-040039e1.so.5.0.0
7fb0e1a78000-7fb0e1a84000 rw-p 0027b000 00:62 10175843                   /home/ubuntu/.local/lib/python3.10/site-packages/numpy.libs/libgfortran-040039e1.so.5.0.0
7fb0e1a84000-7fb0e1a8d000 rw-p 00287000 00:62 10175843                   /home/ubuntu/.local/lib/python3.10/site-packages/numpy.libs/libgfortran-040039e1.so.5.0.0
7fb0e1a8f000-7fb0e1a91000 r--p 00000000 00:62 10226204                   /home/ubuntu/.local/lib/python3.10/site-packages/scipy/optimize/_cobyla.cpython-310-x86_64-linux-gnu.so
7fb0e1a91000-7fb0e1a9f000 r-xp 00002000 00:62 10226204                   /home/ubuntu/.local/lib/python3.10/site-packages/scipy/optimize/_cobyla.cpython-310-x86_64-linux-gnu.so
7fb0e1a9f000-7fb0e1aa2000 r--p 00010000 00:62 10226204                   /home/ubuntu/.local/lib/python3.10/site-packages/scipy/optimize/_cobyla.cpython-310-x86_64-linux-gnu.so
7fb0e1aa2000-7fb0e1aa3000 r--p 00012000 00:62 10226204                   /home/ubuntu/.local/lib/python3.10/site-packages/scipy/optimize/_cobyla.cpython-310-x86_64-linux-gnu.so
7fb0e1aa3000-7fb0e1aa4000 rw-p 00013000 00:62 10226204                   /home/ubuntu/.local/lib/python3.10/site-packages/scipy/optimize/_cobyla.cpython-310-x86_64-linux-gnu.so
7fb0e1aa4000-7fb0e1aa5000 rw-p 00017000 00:62 10226204                   /home/ubuntu/.local/lib/python3.10/site-packages/scipy/optimize/_cobyla.cpython-310-x86_64-linux-gnu.so
7fb0e1aa5000-7fb0e1aa6000 rw-p 00019000 00:62 10226204                   /home/ubuntu/.local/lib/python3.10/site-packages/scipy/optimize/_cobyla.cpython-310-x86_64-linux-gnu.so
7fb0e1aa6000-7fb0e1ab4000 r--p 00000000 00:62 10172773                   /home/ubuntu/.local/lib/python3.10/site-packages/safetensors/_safetensors_rust.abi3.so
7fb0e1ab4000-7fb0e1b4a000 r-xp 0000e000 00:62 10172773                   /home/ubuntu/.local/lib/python3.10/site-packages/safetensors/_safetensors_rust.abi3.so
7fb0e1b4a000-7fb0e1b75000 r--p 000a4000 00:62 10172773                   /home/ubuntu/.local/lib/python3.10/site-packages/safetensors/_safetensors_rust.abi3.so
7fb0e1b75000-7fb0e1b7e000 r--p 000ce000 00:62 10172773                   /home/ubuntu/.local/lib/python3.10/site-packages/safetensors/_safetensors_rust.abi3.so
7fb0e1b7e000-7fb0e1b80000 rw-p 000d7000 00:62 10172773                   /home/ubuntu/.local/lib/python3.10/site-packages/safetensors/_safetensors_rust.abi3.so
7fb0e1b80000-7fb0e1c8a000 r--p 00000000 00:62 10175841                   /home/ubuntu/.local/lib/python3.10/site-packages/numpy.libs/libopenblas64_p-r0-0cf96a72.3.23.dev.so
7fb0e1c8a000-7fb0e1c92000 r-xp 0010a000 00:62 10175841                   /home/ubuntu/.local/lib/python3.10/site-packages/numpy.libs/libopenblas64_p-r0-0cf96a72.3.23.dev.so
7fb0e1c92000-7fb0e1c98000 ---p 00112000 00:62 10175841                   /home/ubuntu/.local/lib/python3.10/site-packages/numpy.libs/libopenblas64_p-r0-0cf96a72.3.23.dev.so
7fb0e1c98000-7fb0e3919000 r-xp 00118000 00:62 10175841                   /home/ubuntu/.local/lib/python3.10/site-packages/numpy.libs/libopenblas64_p-r0-0cf96a72.3.23.dev.so
7fb0e3919000-7fb0e3b29000 r--p 01d99000 00:62 10175841                   /home/ubuntu/.local/lib/python3.10/site-packages/numpy.libs/libopenblas64_p-r0-0cf96a72.3.23.dev.so
7fb0e3b29000-7fb0e3b2a000 ---p 01fa9000 00:62 10175841                   /home/ubuntu/.local/lib/python3.10/site-packages/numpy.libs/libopenblas64_p-r0-0cf96a72.3.23.dev.so
7fb0e3b2a000-7fb0e3b30000 r--p 01fa9000 00:62 10175841                   /home/ubuntu/.local/lib/python3.10/site-packages/numpy.libs/libopenblas64_p-r0-0cf96a72.3.23.dev.so
7fb0e3b30000-7fb0e3b47000 rw-p 01faf000 00:62 10175841                   /home/ubuntu/.local/lib/python3.10/site-packages/numpy.libs/libopenblas64_p-r0-0cf96a72.3.23.dev.so
7fb0e3b47000-7fb0e3b53000 rw-p 00000000 00:00 0 
7fb0e3b53000-7fb0e3bb6000 rw-p 020d4000 00:62 10175841                   /home/ubuntu/.local/lib/python3.10/site-packages/numpy.libs/libopenblas64_p-r0-0cf96a72.3.23.dev.so
7fb0e3bb6000-7fb0e3bff000 rw-p 02137000 00:62 10175841                   /home/ubuntu/.local/lib/python3.10/site-packages/numpy.libs/libopenblas64_p-r0-0cf96a72.3.23.dev.so
7fb0e3bff000-7fb0e3c2a000 r--p 00000000 00:62 10175524                   /home/ubuntu/.local/lib/python3.10/site-packages/numpy/core/_multiarray_umath.cpython-310-x86_64-linux-gnu.so
7fb0e3c2a000-7fb0e4108000 r-xp 0002b000 00:62 10175524                   /home/ubuntu/.local/lib/python3.10/site-packages/numpy/core/_multiarray_umath.cpython-310-x86_64-linux-gnu.so
7fb0e4108000-7fb0e427c000 r--p 00509000 00:62 10175524                   /home/ubuntu/.local/lib/python3.10/site-packages/numpy/core/_multiarray_umath.cpython-310-x86_64-linux-gnu.so
7fb0e427c000-7fb0e427d000 ---p 0067d000 00:62 10175524                   /home/ubuntu/.local/lib/python3.10/site-packages/numpy/core/_multiarray_umath.cpython-310-x86_64-linux-gnu.so
7fb0e427d000-7fb0e427f000 r--p 0067d000 00:62 10175524                   /home/ubuntu/.local/lib/python3.10/site-packages/numpy/core/_multiarray_umath.cpython-310-x86_64-linux-gnu.so
7fb0e427f000-7fb0e42a2000 rw-p 0067f000 00:62 10175524                   /home/ubuntu/.local/lib/python3.10/site-packages/numpy/core/_multiarray_umath.cpython-310-x86_64-linux-gnu.so
7fb0e42a2000-7fb0e42c2000 rw-p 00000000 00:00 0 
7fb0e42c2000-7fb0e42c8000 rw-p 0070b000 00:62 10175524                   /home/ubuntu/.local/lib/python3.10/site-packages/numpy/core/_multiarray_umath.cpython-310-x86_64-linux-gnu.so
7fb0e42c8000-7fb0e42cd000 rw-p 00711000 00:62 10175524                   /home/ubuntu/.local/lib/python3.10/site-packages/numpy/core/_multiarray_umath.cpython-310-x86_64-linux-gnu.so
7fb0e42cd000-7fb0e437c000 r--p 00000000 103:03 106299464                 /usr/lib/x86_64-linux-gnu/libcuda.so.555.42.02
7fb0e437c000-7fb0e4806000 r-xp 000af000 103:03 106299464                 /usr/lib/x86_64-linux-gnu/libcuda.so.555.42.02
7fb0e4806000-7fb0e5cdd000 r--p 00539000 103:03 106299464                 /usr/lib/x86_64-linux-gnu/libcuda.so.555.42.02
7fb0e5cdd000-7fb0e5cde000 ---p 01a10000 103:03 106299464                 /usr/lib/x86_64-linux-gnu/libcuda.so.555.42.02
7fb0e5cde000-7fb0e5cf5000 r--p 01a10000 103:03 106299464                 /usr/lib/x86_64-linux-gnu/libcuda.so.555.42.02
7fb0e5cf5000-7fb0e5d99000 rw-p 01a27000 103:03 106299464                 /usr/lib/x86_64-linux-gnu/libcuda.so.555.42.02
7fb0e5d99000-7fb0e5e00000 rw-p 00000000 00:00 0 
7fb0e5e00000-7fb0ee643000 r-xp 00000000 00:62 10100322                   /home/ubuntu/.local/lib/python3.10/site-packages/nvidia/nvshmem/lib/libnvshmem_host.so.3
7fb0ee643000-7fb0ee843000 ---p 08843000 00:62 10100322                   /home/ubuntu/.local/lib/python3.10/site-packages/nvidia/nvshmem/lib/libnvshmem_host.so.3
7fb0ee843000-7fb0ee848000 r--p 08843000 00:62 10100322                   /home/ubuntu/.local/lib/python3.10/site-packages/nvidia/nvshmem/lib/libnvshmem_host.so.3
7fb0ee848000-7fb0ee84f000 rw-p 08848000 00:62 10100322                   /home/ubuntu/.local/lib/python3.10/site-packages/nvidia/nvshmem/lib/libnvshmem_host.so.3
7fb0ee84f000-7fb0ee875000 rw-p 00000000 00:00 0 
7fb0ee877000-7fb0ee879000 r--p 00000000 00:62 10227561                   /home/ubuntu/.local/lib/python3.10/site-packages/scipy/spatial/_distance_wrap.cpython-310-x86_64-linux-gnu.so
7fb0ee879000-7fb0ee88d000 r-xp 00002000 00:62 10227561                   /home/ubuntu/.local/lib/python3.10/site-packages/scipy/spatial/_distance_wrap.cpython-310-x86_64-linux-gnu.so
7fb0ee88d000-7fb0ee88f000 r--p 00016000 00:62 10227561                   /home/ubuntu/.local/lib/python3.10/site-packages/scipy/spatial/_distance_wrap.cpython-310-x86_64-linux-gnu.so
7fb0ee88f000-7fb0ee890000 ---p 00018000 00:62 10227561                   /home/ubuntu/.local/lib/python3.10/site-packages/scipy/spatial/_distance_wrap.cpython-310-x86_64-linux-gnu.so
7fb0ee890000-7fb0ee891000 r--p 00018000 00:62 10227561                   /home/ubuntu/.local/lib/python3.10/site-packages/scipy/spatial/_distance_wrap.cpython-310-x86_64-linux-gnu.so
7fb0ee891000-7fb0ee892000 rw-p 00019000 00:62 10227561                   /home/ubuntu/.local/lib/python3.10/site-packages/scipy/spatial/_distance_wrap.cpython-310-x86_64-linux-gnu.so
7fb0ee892000-7fb0ee898000 r--p 00000000 00:62 10226385                   /home/ubuntu/.local/lib/python3.10/site-packages/scipy/linalg/_cythonized_array_utils.cpython-310-x86_64-linux-gnu.so
7fb0ee898000-7fb0ee90c000 r-xp 00006000 00:62 10226385                   /home/ubuntu/.local/lib/python3.10/site-packages/scipy/linalg/_cythonized_array_utils.cpython-310-x86_64-linux-gnu.so
7fb0ee90c000-7fb0ee91a000 r--p 0007a000 00:62 10226385                   /home/ubuntu/.local/lib/python3.10/site-packages/scipy/linalg/_cythonized_array_utils.cpython-310-x86_64-linux-gnu.so
7fb0ee91a000-7fb0ee91b000 ---p 00088000 00:62 10226385                   /home/ubuntu/.local/lib/python3.10/site-packages/scipy/linalg/_cythonized_array_utils.cpython-310-x86_64-linux-gnu.so
7fb0ee91b000-7fb0ee91c000 r--p 00088000 00:62 10226385                   /home/ubuntu/.local/lib/python3.10/site-packages/scipy/linalg/_cythonized_array_utils.cpython-310-x86_64-linux-gnu.so
7fb0ee91c000-7fb0ee91f000 rw-p 00089000 00:62 10226385                   /home/ubuntu/.local/lib/python3.10/site-packages/scipy/linalg/_cythonized_array_utils.cpython-310-x86_64-linux-gnu.so
7fb0ee91f000-7fb0ee920000 rw-p 00000000 00:00 0 
7fb0ee920000-7fb0ee927000 r--p 00000000 00:62 10175431                   /home/ubuntu/.local/lib/python3.10/site-packages/numpy/random/_generator.cpython-310-x86_64-linux-gnu.so
7fb0ee927000-7fb0ee9a7000 r-xp 00007000 00:62 10175431                   /home/ubuntu/.local/lib/python3.10/site-packages/numpy/random/_generator.cpython-310-x86_64-linux-gnu.so
7fb0ee9a7000-7fb0ee9fb000 r--p 00087000 00:62 10175431                   /home/ubuntu/.local/lib/python3.10/site-packages/numpy/random/_generator.cpython-310-x86_64-linux-gnu.so
7fb0ee9fb000-7fb0ee9fc000 r--p 000da000 00:62 10175431                   /home/ubuntu/.local/lib/python3.10/site-packages/numpy/random/_generator.cpython-310-x86_64-linux-gnu.so
7fb0ee9fc000-7fb0ee9fe000 rw-p 000db000 00:62 10175431                   /home/ubuntu/.local/lib/python3.10/site-packages/numpy/random/_generator.cpython-310-x86_64-linux-gnu.so
7fb0ee9fe000-7fb0eea00000 rw-p 00000000 00:00 0 
7fb0eea00000-7fb108269000 r-xp 00000000 00:62 10100646                   /home/ubuntu/.local/lib/python3.10/site-packages/nvidia/cublas/lib/libcublasLt.so.12
7fb108269000-7fb108469000 ---p 19869000 00:62 10100646                   /home/ubuntu/.local/lib/python3.10/site-packages/nvidia/cublas/lib/libcublasLt.so.12
7fb108469000-7fb1086a7000 r--p 19869000 00:62 10100646                   /home/ubuntu/.local/lib/python3.10/site-packages/nvidia/cublas/lib/libcublasLt.so.12
7fb1086a7000-7fb10c05b000 rw-p 19aa7000 00:62 10100646                   /home/ubuntu/.local/lib/python3.10/site-packages/nvidia/cublas/lib/libcublasLt.so.12
7fb10c05b000-7fb11022c000 rw-p 00000000 00:00 0 
7fb11022d000-7fb11023d000 r--p 00000000 00:62 10172787                   /home/ubuntu/.local/lib/python3.10/site-packages/regex/_regex.cpython-310-x86_64-linux-gnu.so
7fb11023d000-7fb110277000 r-xp 00010000 00:62 10172787                   /home/ubuntu/.local/lib/python3.10/site-packages/regex/_regex.cpython-310-x86_64-linux-gnu.so
7fb110277000-7fb1102f6000 r--p 0004a000 00:62 10172787                   /home/ubuntu/.local/lib/python3.10/site-packages/regex/_regex.cpython-310-x86_64-linux-gnu.so
7fb1102f6000-7fb1102f7000 r--p 000c8000 00:62 10172787                   /home/ubuntu/.local/lib/python3.10/site-packages/regex/_regex.cpython-310-x86_64-linux-gnu.so
7fb1102f7000-7fb110300000 rw-p 000c9000 00:62 10172787                   /home/ubuntu/.local/lib/python3.10/site-packages/regex/_regex.cpython-310-x86_64-linux-gnu.so
7fb110300000-7fb110400000 rw-p 00000000 00:00 0 
7fb110400000-7fb116b28000 r-xp 00000000 00:62 10100645                   /home/ubuntu/.local/lib/python3.10/site-packages/nvidia/cublas/lib/libcublas.so.12
7fb116b28000-7fb116d28000 ---p 06728000 00:62 10100645                   /home/ubuntu/.local/lib/python3.10/site-packages/nvidia/cublas/lib/libcublas.so.12
7fb116d28000-7fb116d34000 r--p 06728000 00:62 10100645                   /home/ubuntu/.local/lib/python3.10/site-packages/nvidia/cublas/lib/libcublas.so.12
7fb116d34000-7fb116d3b000 rw-p 06734000 00:62 10100645                   /home/ubuntu/.local/lib/python3.10/site-packages/nvidia/cublas/lib/libcublas.so.12
7fb116d3b000-7fb116d47000 rw-p 00000000 00:00 0 
7fb116d4a000-7fb116d4b000 r--p 00000000 00:62 10226763                   /home/ubuntu/.local/lib/python3.10/site-packages/scipy/ndimage/_rank_filter_1d.cpython-310-x86_64-linux-gnu.so
7fb116d4b000-7fb116d4e000 r-xp 00001000 00:62 10226763                   /home/ubuntu/.local/lib/python3.10/site-packages/scipy/ndimage/_rank_filter_1d.cpython-310-x86_64-linux-gnu.so
7fb116d4e000-7fb116d4f000 r--p 00004000 00:62 10226763                   /home/ubuntu/.local/lib/python3.10/site-packages/scipy/ndimage/_rank_filter_1d.cpython-310-x86_64-linux-gnu.so
7fb116d4f000-7fb116d50000 r--p 00004000 00:62 10226763                   /home/ubuntu/.local/lib/python3.10/site-packages/scipy/ndimage/_rank_filter_1d.cpython-310-x86_64-linux-gnu.so
7fb116d50000-7fb116d51000 rw-p 00005000 00:62 10226763                   /home/ubuntu/.local/lib/python3.10/site-packages/scipy/ndimage/_rank_filter_1d.cpython-310-x86_64-linux-gnu.so
7fb116d51000-7fb116d52000 r--p 00000000 00:62 10226175                   /home/ubuntu/.local/lib/python3.10/site-packages/scipy/optimize/_lsap.cpython-310-x86_64-linux-gnu.so
7fb116d52000-7fb116d54000 r-xp 00001000 00:62 10226175                   /home/ubuntu/.local/lib/python3.10/site-packages/scipy/optimize/_lsap.cpython-310-x86_64-linux-gnu.so
7fb116d54000-7fb116d56000 r--p 00003000 00:62 10226175                   /home/ubuntu/.local/lib/python3.10/site-packages/scipy/optimize/_lsap.cpython-310-x86_64-linux-gnu.so
7fb116d56000-7fb116d57000 r--p 00004000 00:62 10226175                   /home/ubuntu/.local/lib/python3.10/site-packages/scipy/optimize/_lsap.cpython-310-x86_64-linux-gnu.so
7fb116d57000-7fb116d58000 rw-p 00005000 00:62 10226175                   /home/ubuntu/.local/lib/python3.10/site-packages/scipy/optimize/_lsap.cpython-310-x86_64-linux-gnu.so
7fb116d58000-7fb116d5d000 r--p 00000000 00:62 10226354                   /home/ubuntu/.local/lib/python3.10/site-packages/scipy/linalg/_decomp_lu_cython.cpython-310-x86_64-linux-gnu.so
7fb116d5d000-7fb116d89000 r-xp 00005000 00:62 10226354                   /home/ubuntu/.local/lib/python3.10/site-packages/scipy/linalg/_decomp_lu_cython.cpython-310-x86_64-linux-gnu.so
7fb116d89000-7fb116d91000 r--p 00031000 00:62 10226354                   /home/ubuntu/.local/lib/python3.10/site-packages/scipy/linalg/_decomp_lu_cython.cpython-310-x86_64-linux-gnu.so
7fb116d91000-7fb116d92000 r--p 00038000 00:62 10226354                   /home/ubuntu/.local/lib/python3.10/site-packages/scipy/linalg/_decomp_lu_cython.cpython-310-x86_64-linux-gnu.so
7fb116d92000-7fb116d94000 rw-p 00039000 00:62 10226354                   /home/ubuntu/.local/lib/python3.10/site-packages/scipy/linalg/_decomp_lu_cython.cpython-310-x86_64-linux-gnu.so
7fb116d94000-7fb116d95000 rw-p 00000000 00:00 0 
7fb116d95000-7fb116d9f000 r--p 00000000 00:62 10238240                   /home/ubuntu/.local/lib/python3.10/site-packages/aiohttp/_http_parser.cpython-310-x86_64-linux-gnu.so
7fb116d9f000-7fb116ded000 r-xp 0000a000 00:62 10238240                   /home/ubuntu/.local/lib/python3.10/site-packages/aiohttp/_http_parser.cpython-310-x86_64-linux-gnu.so
7fb116ded000-7fb116df9000 r--p 00058000 00:62 10238240                   /home/ubuntu/.local/lib/python3.10/site-packages/aiohttp/_http_parser.cpython-310-x86_64-linux-gnu.so
7fb116df9000-7fb116dfb000 r--p 00063000 00:62 10238240                   /home/ubuntu/.local/lib/python3.10/site-packages/aiohttp/_http_parser.cpython-310-x86_64-linux-gnu.so
7fb116dfb000-7fb116dfe000 rw-p 00065000 00:62 10238240                   /home/ubuntu/.local/lib/python3.10/site-packages/aiohttp/_http_parser.cpython-310-x86_64-linux-gnu.so
7fb116dfe000-7fb116e00000 rw-p 00000000 00:00 0 
7fb116e00000-7fb11b5cf000 r-xp 00000000 00:62 10100399                   /home/ubuntu/.local/lib/python3.10/site-packages/nvidia/curand/lib/libcurand.so.10
7fb11b5cf000-7fb11b7cf000 ---p 047cf000 00:62 10100399                   /home/ubuntu/.local/lib/python3.10/site-packages/nvidia/curand/lib/libcurand.so.10
7fb11b7cf000-7fb11b7d5000 r--p 047cf000 00:62 10100399                   /home/ubuntu/.local/lib/python3.10/site-packages/nvidia/curand/lib/libcurand.so.10
7fb11b7d5000-7fb11cc01000 rw-p 047d5000 00:62 10100399                   /home/ubuntu/.local/lib/python3.10/site-packages/nvidia/curand/lib/libcurand.so.10
7fb11cc01000-7fb11d239000 rw-p 00000000 00:00 0 
7fb11d239000-7fb11d23b000 r--p 00000000 00:62 10235981                   /home/ubuntu/.local/lib/python3.10/site-packages/sklearn/utils/_heap.cpython-310-x86_64-linux-gnu.so
7fb11d23b000-7fb11d23c000 r-xp 00002000 00:62 10235981                   /home/ubuntu/.local/lib/python3.10/site-packages/sklearn/utils/_heap.cpython-310-x86_64-linux-gnu.so
7fb11d23c000-7fb11d23d000 r--p 00003000 00:62 10235981                   /home/ubuntu/.local/lib/python3.10/site-packages/sklearn/utils/_heap.cpython-310-x86_64-linux-gnu.so
7fb11d23d000-7fb11d23e000 r--p 00003000 00:62 10235981                   /home/ubuntu/.local/lib/python3.10/site-packages/sklearn/utils/_heap.cpython-310-x86_64-linux-gnu.so
7fb11d23e000-7fb11d23f000 rw-p 00004000 00:62 10235981                   /home/ubuntu/.local/lib/python3.10/site-packages/sklearn/utils/_heap.cpython-310-x86_64-linux-gnu.so
7fb11d23f000-7fb11d242000 r--p 00000000 00:62 10226400                   /home/ubuntu/.local/lib/python3.10/site-packages/scipy/linalg/_linalg_pythran.cpython-310-x86_64-linux-gnu.so
7fb11d242000-7fb11d256000 r-xp 00003000 00:62 10226400                   /home/ubuntu/.local/lib/python3.10/site-packages/scipy/linalg/_linalg_pythran.cpython-310-x86_64-linux-gnu.so
7fb11d256000-7fb11d25a000 r--p 00017000 00:62 10226400                   /home/ubuntu/.local/lib/python3.10/site-packages/scipy/linalg/_linalg_pythran.cpython-310-x86_64-linux-gnu.so
7fb11d25a000-7fb11d25b000 r--p 0001a000 00:62 10226400                   /home/ubuntu/.local/lib/python3.10/site-packages/scipy/linalg/_linalg_pythran.cpython-310-x86_64-linux-gnu.so
7fb11d25b000-7fb11d25c000 rw-p 0001b000 00:62 10226400                   /home/ubuntu/.local/lib/python3.10/site-packages/scipy/linalg/_linalg_pythran.cpython-310-x86_64-linux-gnu.so
7fb11d25c000-7fb11d27a000 r--p 00000000 00:62 25773465                   /usr/lib/x86_64-linux-gnu/libssl.so.3
7fb11d27a000-7fb11d2d5000 r-xp 0001e000 00:62 25773465                   /usr/lib/x86_64-linux-gnu/libssl.so.3
7fb11d2d5000-7fb11d2f2000 r--p 00079000 00:62 25773465                   /usr/lib/x86_64-linux-gnu/libssl.so.3
7fb11d2f2000-7fb11d2fc000 r--p 00095000 00:62 25773465                   /usr/lib/x86_64-linux-gnu/libssl.so.3
7fb11d2fc000-7fb11d300000 rw-p 0009f000 00:62 25773465                   /usr/lib/x86_64-linux-gnu/libssl.so.3
7fb11d300000-7fb11d400000 rw-p 00000000 00:00 0 
7fb11d400000-7fb135c50000 r-xp 00000000 00:62 10100367                   /home/ubuntu/.local/lib/python3.10/site-packages/nvidia/nccl/lib/libnccl.so.2
7fb135c50000-7fb135e50000 ---p 18850000 00:62 10100367                   /home/ubuntu/.local/lib/python3.10/site-packages/nvidia/nccl/lib/libnccl.so.2
7fb135e50000-7fb135e59000 r--p 18850000 00:62 10100367                   /home/ubuntu/.local/lib/python3.10/site-packages/nvidia/nccl/lib/libnccl.so.2
7fb135e59000-7fb135e6e000 rw-p 18859000 00:62 10100367                   /home/ubuntu/.local/lib/python3.10/site-packages/nvidia/nccl/lib/libnccl.so.2
7fb135e6e000-7fb135ea6000 rw-p 00000000 00:00 0 
7fb135ea8000-7fb135eab000 r--p 00000000 00:62 10226192                   /home/ubuntu/.local/lib/python3.10/site-packages/scipy/optimize/_group_columns.cpython-310-x86_64-linux-gnu.so
7fb135eab000-7fb135eb8000 r-xp 00003000 00:62 10226192                   /home/ubuntu/.local/lib/python3.10/site-packages/scipy/optimize/_group_columns.cpython-310-x86_64-linux-gnu.so
7fb135eb8000-7fb135ebb000 r--p 00010000 00:62 10226192                   /home/ubuntu/.local/lib/python3.10/site-packages/scipy/optimize/_group_columns.cpython-310-x86_64-linux-gnu.so
7fb135ebb000-7fb135ebc000 r--p 00012000 00:62 10226192                   /home/ubuntu/.local/lib/python3.10/site-packages/scipy/optimize/_group_columns.cpython-310-x86_64-linux-gnu.so
7fb135ebc000-7fb135ebd000 rw-p 00013000 00:62 10226192                   /home/ubuntu/.local/lib/python3.10/site-packages/scipy/optimize/_group_columns.cpython-310-x86_64-linux-gnu.so
7fb135ebd000-7fb135ec2000 r--p 00000000 00:62 10226382                   /home/ubuntu/.local/lib/python3.10/site-packages/scipy/linalg/_solve_toeplitz.cpython-310-x86_64-linux-gnu.so
7fb135ec2000-7fb135ef3000 r-xp 00005000 00:62 10226382                   /home/ubuntu/.local/lib/python3.10/site-packages/scipy/linalg/_solve_toeplitz.cpython-310-x86_64-linux-gnu.so
7fb135ef3000-7fb135efb000 r--p 00036000 00:62 10226382                   /home/ubuntu/.local/lib/python3.10/site-packages/scipy/linalg/_solve_toeplitz.cpython-310-x86_64-linux-gnu.so
7fb135efb000-7fb135efc000 ---p 0003e000 00:62 10226382                   /home/ubuntu/.local/lib/python3.10/site-packages/scipy/linalg/_solve_toeplitz.cpython-310-x86_64-linux-gnu.so
7fb135efc000-7fb135efd000 r--p 0003e000 00:62 10226382                   /home/ubuntu/.local/lib/python3.10/site-packages/scipy/linalg/_solve_toeplitz.cpython-310-x86_64-linux-gnu.so
7fb135efd000-7fb135eff000 rw-p 0003f000 00:62 10226382                   /home/ubuntu/.local/lib/python3.10/site-packages/scipy/linalg/_solve_toeplitz.cpython-310-x86_64-linux-gnu.so
7fb135eff000-7fb136000000 rw-p 00000000 00:00 0 
7fb136000000-7fb13657a000 r-xp 00000000 00:62 10103692                   /home/ubuntu/.local/lib/python3.10/site-packages/nvidia/cufft/lib/libcufft.so.11
7fb13657a000-7fb136779000 ---p 0057a000 00:62 10103692                   /home/ubuntu/.local/lib/python3.10/site-packages/nvidia/cufft/lib/libcufft.so.11
7fb136779000-7fb136786000 r--p 00579000 00:62 10103692                   /home/ubuntu/.local/lib/python3.10/site-packages/nvidia/cufft/lib/libcufft.so.11
7fb136786000-7fb146b63000 rw-p 00586000 00:62 10103692                   /home/ubuntu/.local/lib/python3.10/site-packages/nvidia/cufft/lib/libcufft.so.11
7fb146b63000-7fb146eaa000 rw-p 00000000 00:00 0 
7fb146eaa000-7fb147000000 ---p 10eaa000 00:62 10103692                   /home/ubuntu/.local/lib/python3.10/site-packages/nvidia/cufft/lib/libcufft.so.11
7fb147000000-7fb147001000 rw-p 10a00000 00:62 10103692                   /home/ubuntu/.local/lib/python3.10/site-packages/nvidia/cufft/lib/libcufft.so.11
7fb147002000-7fb147003000 r--s 00000000 08:00 45646499                   /home/ubuntu/tbazzocchi/FRAG/MedRAG/corpus/wikipedia/index/bm25/_a.fdx
7fb147003000-7fb147004000 r--s 00000000 08:00 45646512                   /home/ubuntu/tbazzocchi/FRAG/MedRAG/corpus/wikipedia/index/bm25/_6.fdx
7fb147004000-7fb147005000 r--s 00000000 08:00 45646534                   /home/ubuntu/tbazzocchi/FRAG/MedRAG/corpus/wikipedia/index/bm25/_8.fdx
7fb147005000-7fb147006000 r--p 00000000 00:62 10226173                   /home/ubuntu/.local/lib/python3.10/site-packages/scipy/optimize/_zeros.cpython-310-x86_64-linux-gnu.so
7fb147006000-7fb147008000 r-xp 00001000 00:62 10226173                   /home/ubuntu/.local/lib/python3.10/site-packages/scipy/optimize/_zeros.cpython-310-x86_64-linux-gnu.so
7fb147008000-7fb147009000 r--p 00003000 00:62 10226173                   /home/ubuntu/.local/lib/python3.10/site-packages/scipy/optimize/_zeros.cpython-310-x86_64-linux-gnu.so
7fb147009000-7fb14700a000 r--p 00003000 00:62 10226173                   /home/ubuntu/.local/lib/python3.10/site-packages/scipy/optimize/_zeros.cpython-310-x86_64-linux-gnu.so
7fb14700a000-7fb14700b000 rw-p 00004000 00:62 10226173                   /home/ubuntu/.local/lib/python3.10/site-packages/scipy/optimize/_zeros.cpython-310-x86_64-linux-gnu.so
7fb14700b000-7fb14700e000 r--p 00000000 00:62 10226654                   /home/ubuntu/.local/lib/python3.10/site-packages/scipy/_lib/messagestream.cpython-310-x86_64-linux-gnu.so
7fb14700e000-7fb147018000 r-xp 00003000 00:62 10226654                   /home/ubuntu/.local/lib/python3.10/site-packages/scipy/_lib/messagestream.cpython-310-x86_64-linux-gnu.so
7fb147018000-7fb14701b000 r--p 0000d000 00:62 10226654                   /home/ubuntu/.local/lib/python3.10/site-packages/scipy/_lib/messagestream.cpython-310-x86_64-linux-gnu.so
7fb14701b000-7fb14701c000 r--p 0000f000 00:62 10226654                   /home/ubuntu/.local/lib/python3.10/site-packages/scipy/_lib/messagestream.cpython-310-x86_64-linux-gnu.so
7fb14701c000-7fb14701d000 rw-p 00010000 00:62 10226654                   /home/ubuntu/.local/lib/python3.10/site-packages/scipy/_lib/messagestream.cpython-310-x86_64-linux-gnu.so
7fb14701d000-7fb147021000 r--p 00000000 00:62 10226637                   /home/ubuntu/.local/lib/python3.10/site-packages/scipy/_lib/_ccallback_c.cpython-310-x86_64-linux-gnu.so
7fb147021000-7fb14702f000 r-xp 00004000 00:62 10226637                   /home/ubuntu/.local/lib/python3.10/site-packages/scipy/_lib/_ccallback_c.cpython-310-x86_64-linux-gnu.so
7fb14702f000-7fb147032000 r--p 00012000 00:62 10226637                   /home/ubuntu/.local/lib/python3.10/site-packages/scipy/_lib/_ccallback_c.cpython-310-x86_64-linux-gnu.so
7fb147032000-7fb147033000 r--p 00014000 00:62 10226637                   /home/ubuntu/.local/lib/python3.10/site-packages/scipy/_lib/_ccallback_c.cpython-310-x86_64-linux-gnu.so
7fb147033000-7fb147034000 rw-p 00015000 00:62 10226637                   /home/ubuntu/.local/lib/python3.10/site-packages/scipy/_lib/_ccallback_c.cpython-310-x86_64-linux-gnu.so
7fb147034000-7fb147035000 rw-p 00000000 00:00 0 
7fb147035000-7fb14703a000 r--p 00000000 00:62 10224197                   /home/ubuntu/.local/lib/python3.10/site-packages/frozenlist/_frozenlist.cpython-310-x86_64-linux-gnu.so
7fb14703a000-7fb147046000 r-xp 00005000 00:62 10224197                   /home/ubuntu/.local/lib/python3.10/site-packages/frozenlist/_frozenlist.cpython-310-x86_64-linux-gnu.so
7fb147046000-7fb14704a000 r--p 00011000 00:62 10224197                   /home/ubuntu/.local/lib/python3.10/site-packages/frozenlist/_frozenlist.cpython-310-x86_64-linux-gnu.so
7fb14704a000-7fb14704b000 r--p 00014000 00:62 10224197                   /home/ubuntu/.local/lib/python3.10/site-packages/frozenlist/_frozenlist.cpython-310-x86_64-linux-gnu.so
7fb14704b000-7fb14704d000 rw-p 00015000 00:62 10224197                   /home/ubuntu/.local/lib/python3.10/site-packages/frozenlist/_frozenlist.cpython-310-x86_64-linux-gnu.so
7fb14704d000-7fb147052000 r--p 00000000 00:62 10175422                   /home/ubuntu/.local/lib/python3.10/site-packages/numpy/random/mtrand.cpython-310-x86_64-linux-gnu.so
7fb147052000-7fb1470ab000 r-xp 00005000 00:62 10175422                   /home/ubuntu/.local/lib/python3.10/site-packages/numpy/random/mtrand.cpython-310-x86_64-linux-gnu.so
7fb1470ab000-7fb1470fb000 r--p 0005e000 00:62 10175422                   /home/ubuntu/.local/lib/python3.10/site-packages/numpy/random/mtrand.cpython-310-x86_64-linux-gnu.so
7fb1470fb000-7fb1470fc000 ---p 000ae000 00:62 10175422                   /home/ubuntu/.local/lib/python3.10/site-packages/numpy/random/mtrand.cpython-310-x86_64-linux-gnu.so
7fb1470fc000-7fb1470fd000 r--p 000ae000 00:62 10175422                   /home/ubuntu/.local/lib/python3.10/site-packages/numpy/random/mtrand.cpython-310-x86_64-linux-gnu.so
7fb1470fd000-7fb1470fe000 rw-p 000af000 00:62 10175422                   /home/ubuntu/.local/lib/python3.10/site-packages/numpy/random/mtrand.cpython-310-x86_64-linux-gnu.so
7fb1470fe000-7fb147200000 rw-p 00000000 00:00 0 
7fb147200000-7fb1589ba000 r-xp 00000000 00:62 10103668                   /home/ubuntu/.local/lib/python3.10/site-packages/nvidia/cusparse/lib/libcusparse.so.12
7fb1589ba000-7fb158bba000 ---p 117ba000 00:62 10103668                   /home/ubuntu/.local/lib/python3.10/site-packages/nvidia/cusparse/lib/libcusparse.so.12
7fb158bba000-7fb158bc9000 r--p 117ba000 00:62 10103668                   /home/ubuntu/.local/lib/python3.10/site-packages/nvidia/cusparse/lib/libcusparse.so.12
7fb158bc9000-7fb158be5000 rw-p 117c9000 00:62 10103668                   /home/ubuntu/.local/lib/python3.10/site-packages/nvidia/cusparse/lib/libcusparse.so.12
7fb158be5000-7fb158bea000 rw-p 00000000 00:00 0 
7fb158bea000-7fb158c00000 ---p 119ea000 00:62 10103668                   /home/ubuntu/.local/lib/python3.10/site-packages/nvidia/cusparse/lib/libcusparse.so.12
7fb158c00000-7fb158c05000 rw-p 11800000 00:62 10103668                   /home/ubuntu/.local/lib/python3.10/site-packages/nvidia/cusparse/lib/libcusparse.so.12
7fb158c05000-7fb158c06000 r--p 00000000 00:62 10103491                   /home/ubuntu/.local/lib/python3.10/site-packages/markupsafe/_speedups.cpython-310-x86_64-linux-gnu.so
7fb158c06000-7fb158c07000 r-xp 00001000 00:62 10103491                   /home/ubuntu/.local/lib/python3.10/site-packages/markupsafe/_speedups.cpython-310-x86_64-linux-gnu.so
7fb158c07000-7fb158c08000 r--p 00002000 00:62 10103491                   /home/ubuntu/.local/lib/python3.10/site-packages/markupsafe/_speedups.cpython-310-x86_64-linux-gnu.so
7fb158c08000-7fb158c09000 r--p 00002000 00:62 10103491                   /home/ubuntu/.local/lib/python3.10/site-packages/markupsafe/_speedups.cpython-310-x86_64-linux-gnu.so
7fb158c09000-7fb158c0a000 rw-p 00003000 00:62 10103491                   /home/ubuntu/.local/lib/python3.10/site-packages/markupsafe/_speedups.cpython-310-x86_64-linux-gnu.so
7fb158c0a000-7fb158c0d000 r--p 00000000 00:62 10226445                   /home/ubuntu/.local/lib/python3.10/site-packages/scipy/special/_comb.cpython-310-x86_64-linux-gnu.so
7fb158c0d000-7fb158c14000 r-xp 00003000 00:62 10226445                   /home/ubuntu/.local/lib/python3.10/site-packages/scipy/special/_comb.cpython-310-x86_64-linux-gnu.so
7fb158c14000-7fb158c16000 r--p 0000a000 00:62 10226445                   /home/ubuntu/.local/lib/python3.10/site-packages/scipy/special/_comb.cpython-310-x86_64-linux-gnu.so
7fb158c16000-7fb158c17000 r--p 0000b000 00:62 10226445                   /home/ubuntu/.local/lib/python3.10/site-packages/scipy/special/_comb.cpython-310-x86_64-linux-gnu.so
7fb158c17000-7fb158c18000 rw-p 0000c000 00:62 10226445                   /home/ubuntu/.local/lib/python3.10/site-packages/scipy/special/_comb.cpython-310-x86_64-linux-gnu.so
7fb158c18000-7fb158c1e000 r--p 00000000 00:62 10238305                   /home/ubuntu/.local/lib/python3.10/site-packages/aiohttp/_websocket/reader_c.cpython-310-x86_64-linux-gnu.so
7fb158c1e000-7fb158c42000 r-xp 00006000 00:62 10238305                   /home/ubuntu/.local/lib/python3.10/site-packages/aiohttp/_websocket/reader_c.cpython-310-x86_64-linux-gnu.so
7fb158c42000-7fb158c48000 r--p 0002a000 00:62 10238305                   /home/ubuntu/.local/lib/python3.10/site-packages/aiohttp/_websocket/reader_c.cpython-310-x86_64-linux-gnu.so
7fb158c48000-7fb158c4a000 r--p 0002f000 00:62 10238305                   /home/ubuntu/.local/lib/python3.10/site-packages/aiohttp/_websocket/reader_c.cpython-310-x86_64-linux-gnu.so
7fb158c4a000-7fb158c4c000 rw-p 00031000 00:62 10238305                   /home/ubuntu/.local/lib/python3.10/site-packages/aiohttp/_websocket/reader_c.cpython-310-x86_64-linux-gnu.so
7fb158c4c000-7fb158c4d000 rw-p 00000000 00:00 0 
7fb158c4d000-7fb158c54000 r--p 00000000 00:62 10172809                   /home/ubuntu/.local/lib/python3.10/site-packages/yaml/_yaml.cpython-310-x86_64-linux-gnu.so
7fb158c54000-7fb158c9a000 r-xp 00007000 00:62 10172809                   /home/ubuntu/.local/lib/python3.10/site-packages/yaml/_yaml.cpython-310-x86_64-linux-gnu.so
7fb158c9a000-7fb158ca3000 r--p 0004d000 00:62 10172809                   /home/ubuntu/.local/lib/python3.10/site-packages/yaml/_yaml.cpython-310-x86_64-linux-gnu.so
7fb158ca3000-7fb158ca5000 r--p 00055000 00:62 10172809                   /home/ubuntu/.local/lib/python3.10/site-packages/yaml/_yaml.cpython-310-x86_64-linux-gnu.so
7fb158ca5000-7fb158ca7000 rw-p 00057000 00:62 10172809                   /home/ubuntu/.local/lib/python3.10/site-packages/yaml/_yaml.cpython-310-x86_64-linux-gnu.so
7fb158ca7000-7fb158d59000 rw-p 00000000 00:00 0 
7fb158d59000-7fb158d74000 r--p 00000000 00:62 10159921                   /home/ubuntu/.local/lib/python3.10/site-packages/torch/lib/libtorch_nvshmem.so
7fb158d74000-7fb158e10000 r-xp 0001b000 00:62 10159921                   /home/ubuntu/.local/lib/python3.10/site-packages/torch/lib/libtorch_nvshmem.so
7fb158e10000-7fb1595ad000 r--p 000b7000 00:62 10159921                   /home/ubuntu/.local/lib/python3.10/site-packages/torch/lib/libtorch_nvshmem.so
7fb1595ad000-7fb1595b3000 r--p 00854000 00:62 10159921                   /home/ubuntu/.local/lib/python3.10/site-packages/torch/lib/libtorch_nvshmem.so
7fb1595b3000-7fb1595b5000 rw-p 0085a000 00:62 10159921                   /home/ubuntu/.local/lib/python3.10/site-packages/torch/lib/libtorch_nvshmem.so
7fb1595b5000-7fb1595b9000 rw-p 00000000 00:00 0 
7fb1595b9000-7fb1595c4000 rw-p 008b1000 00:62 10159921                   /home/ubuntu/.local/lib/python3.10/site-packages/torch/lib/libtorch_nvshmem.so
7fb1595c4000-7fb15967f000 r--p 00000000 00:62 10100616                   /home/ubuntu/.local/lib/python3.10/site-packages/nvidia/cuda_cupti/lib/libcupti.so.12
7fb15967f000-7fb159b1c000 r-xp 000bb000 00:62 10100616                   /home/ubuntu/.local/lib/python3.10/site-packages/nvidia/cuda_cupti/lib/libcupti.so.12
7fb159b1c000-7fb159c73000 r--p 00558000 00:62 10100616                   /home/ubuntu/.local/lib/python3.10/site-packages/nvidia/cuda_cupti/lib/libcupti.so.12
7fb159c73000-7fb159cc0000 r--p 006ae000 00:62 10100616                   /home/ubuntu/.local/lib/python3.10/site-packages/nvidia/cuda_cupti/lib/libcupti.so.12
7fb159cc0000-7fb159d77000 rw-p 006fb000 00:62 10100616                   /home/ubuntu/.local/lib/python3.10/site-packages/nvidia/cuda_cupti/lib/libcupti.so.12
7fb159d77000-7fb159db8000 rw-p 00000000 00:00 0 
7fb159db8000-7fb159de6000 r--p 00000000 00:62 10100420                   /home/ubuntu/.local/lib/python3.10/site-packages/nvidia/cufile/lib/libcufile.so.0
7fb159de6000-7fb159fc9000 r-xp 0002e000 00:62 10100420                   /home/ubuntu/.local/lib/python3.10/site-packages/nvidia/cufile/lib/libcufile.so.0
7fb159fc9000-7fb15a06b000 r--p 00211000 00:62 10100420                   /home/ubuntu/.local/lib/python3.10/site-packages/nvidia/cufile/lib/libcufile.so.0
7fb15a06b000-7fb15a06c000 ---p 002b3000 00:62 10100420                   /home/ubuntu/.local/lib/python3.10/site-packages/nvidia/cufile/lib/libcufile.so.0
7fb15a06c000-7fb15a071000 r--p 002b3000 00:62 10100420                   /home/ubuntu/.local/lib/python3.10/site-packages/nvidia/cufile/lib/libcufile.so.0
7fb15a071000-7fb15a079000 rw-p 002b8000 00:62 10100420                   /home/ubuntu/.local/lib/python3.10/site-packages/nvidia/cufile/lib/libcufile.so.0
7fb15a079000-7fb15a084000 rw-p 00000000 00:00 0 
7fb15a084000-7fb15a090000 rw-p 002db000 00:62 10100420                   /home/ubuntu/.local/lib/python3.10/site-packages/nvidia/cufile/lib/libcufile.so.0
7fb15a090000-7fb15c037000 r--p 00000000 00:62 10095764                   /home/ubuntu/.local/lib/python3.10/site-packages/nvidia/cusparselt/lib/libcusparseLt.so.0
7fb15c037000-7fb15f045000 r-xp 01fa7000 00:62 10095764                   /home/ubuntu/.local/lib/python3.10/site-packages/nvidia/cusparselt/lib/libcusparseLt.so.0
7fb15f045000-7fb173481000 r--p 04fb5000 00:62 10095764                   /home/ubuntu/.local/lib/python3.10/site-packages/nvidia/cusparselt/lib/libcusparseLt.so.0
7fb173481000-7fb173482000 ---p 193f1000 00:62 10095764                   /home/ubuntu/.local/lib/python3.10/site-packages/nvidia/cusparselt/lib/libcusparseLt.so.0
7fb173482000-7fb1735a5000 r--p 193f1000 00:62 10095764                   /home/ubuntu/.local/lib/python3.10/site-packages/nvidia/cusparselt/lib/libcusparseLt.so.0
7fb1735a5000-7fb1735d2000 rw-p 19514000 00:62 10095764                   /home/ubuntu/.local/lib/python3.10/site-packages/nvidia/cusparselt/lib/libcusparseLt.so.0
7fb1735d2000-7fb173837000 rw-p 00000000 00:00 0 
7fb173837000-7fb175200000 rw-p 19542000 00:62 10095764                   /home/ubuntu/.local/lib/python3.10/site-packages/nvidia/cusparselt/lib/libcusparseLt.so.0
7fb175200000-7fb17521e000 r-xp 00000000 00:62 10103724                   /home/ubuntu/.local/lib/python3.10/site-packages/nvidia/cudnn/lib/libcudnn.so.9
7fb17521e000-7fb17541d000 ---p 0001e000 00:62 10103724                   /home/ubuntu/.local/lib/python3.10/site-packages/nvidia/cudnn/lib/libcudnn.so.9
7fb17541d000-7fb17541e000 r--p 0001d000 00:62 10103724                   /home/ubuntu/.local/lib/python3.10/site-packages/nvidia/cudnn/lib/libcudnn.so.9
7fb17541e000-7fb17541f000 rw-p 0001e000 00:62 10103724                   /home/ubuntu/.local/lib/python3.10/site-packages/nvidia/cudnn/lib/libcudnn.so.9
7fb17541f000-7fb175420000 r--s 00000000 08:00 45646547                   /home/ubuntu/tbazzocchi/FRAG/MedRAG/corpus/wikipedia/index/bm25/_2.fdx
7fb175420000-7fb175421000 r--s 00000000 08:00 45646660                   /home/ubuntu/tbazzocchi/FRAG/MedRAG/corpus/wikipedia/index/bm25/_o.fdx
7fb175421000-7fb175422000 r--s 00000000 08:00 45646683                   /home/ubuntu/tbazzocchi/FRAG/MedRAG/corpus/wikipedia/index/bm25/_q.fdx
7fb175422000-7fb175423000 r--s 00000000 08:00 45646304                   /home/ubuntu/tbazzocchi/FRAG/MedRAG/corpus/wikipedia/index/bm25/_r.fdx
7fb175423000-7fb175426000 r--p 00000000 00:62 10554495                   /home/ubuntu/.local/lib/python3.10/site-packages/psutil/_psutil_linux.abi3.so
7fb175426000-7fb175429000 r-xp 00003000 00:62 10554495                   /home/ubuntu/.local/lib/python3.10/site-packages/psutil/_psutil_linux.abi3.so
7fb175429000-7fb17542a000 r--p 00006000 00:62 10554495                   /home/ubuntu/.local/lib/python3.10/site-packages/psutil/_psutil_linux.abi3.so
7fb17542a000-7fb17542b000 r--p 00007000 00:62 10554495                   /home/ubuntu/.local/lib/python3.10/site-packages/psutil/_psutil_linux.abi3.so
7fb17542b000-7fb17542c000 rw-p 00008000 00:62 10554495                   /home/ubuntu/.local/lib/python3.10/site-packages/psutil/_psutil_linux.abi3.so
7fb17542c000-7fb17542e000 r--p 00000000 00:62 10235070                   /home/ubuntu/.local/lib/python3.10/site-packages/sklearn/__check_build/_check_build.cpython-310-x86_64-linux-gnu.so
7fb17542e000-7fb175431000 r-xp 00002000 00:62 10235070                   /home/ubuntu/.local/lib/python3.10/site-packages/sklearn/__check_build/_check_build.cpython-310-x86_64-linux-gnu.so
7fb175431000-7fb175432000 r--p 00005000 00:62 10235070                   /home/ubuntu/.local/lib/python3.10/site-packages/sklearn/__check_build/_check_build.cpython-310-x86_64-linux-gnu.so
7fb175432000-7fb175433000 ---p 00006000 00:62 10235070                   /home/ubuntu/.local/lib/python3.10/site-packages/sklearn/__check_build/_check_build.cpython-310-x86_64-linux-gnu.so
7fb175433000-7fb175434000 r--p 00006000 00:62 10235070                   /home/ubuntu/.local/lib/python3.10/site-packages/sklearn/__check_build/_check_build.cpython-310-x86_64-linux-gnu.so
7fb175434000-7fb175435000 rw-p 00007000 00:62 10235070                   /home/ubuntu/.local/lib/python3.10/site-packages/sklearn/__check_build/_check_build.cpython-310-x86_64-linux-gnu.so
7fb175435000-7fb175439000 r--p 00000000 00:62 10174777                   /home/ubuntu/.local/lib/python3.10/site-packages/propcache/_helpers_c.cpython-310-x86_64-linux-gnu.so
7fb175439000-7fb175445000 r-xp 00004000 00:62 10174777                   /home/ubuntu/.local/lib/python3.10/site-packages/propcache/_helpers_c.cpython-310-x86_64-linux-gnu.so
7fb175445000-7fb175449000 r--p 00010000 00:62 10174777                   /home/ubuntu/.local/lib/python3.10/site-packages/propcache/_helpers_c.cpython-310-x86_64-linux-gnu.so
7fb175449000-7fb17544a000 r--p 00013000 00:62 10174777                   /home/ubuntu/.local/lib/python3.10/site-packages/propcache/_helpers_c.cpython-310-x86_64-linux-gnu.so
7fb17544a000-7fb17544b000 rw-p 00014000 00:62 10174777                   /home/ubuntu/.local/lib/python3.10/site-packages/propcache/_helpers_c.cpython-310-x86_64-linux-gnu.so
7fb17544b000-7fb17544c000 rw-p 00000000 00:00 0 
7fb17544c000-7fb176258000 r--p 00000000 00:62 10159918                   /home/ubuntu/.local/lib/python3.10/site-packages/torch/lib/libtorch_cuda.so
7fb176258000-7fb179228000 r-xp 00e0c000 00:62 10159918                   /home/ubuntu/.local/lib/python3.10/site-packages/torch/lib/libtorch_cuda.so
7fb179228000-7fb1ad6b5000 r--p 03ddc000 00:62 10159918                   /home/ubuntu/.local/lib/python3.10/site-packages/torch/lib/libtorch_cuda.so
7fb1ad6b5000-7fb1ad72f000 r--p 38268000 00:62 10159918                   /home/ubuntu/.local/lib/python3.10/site-packages/torch/lib/libtorch_cuda.so
7fb1ad72f000-7fb1ad755000 rw-p 382e2000 00:62 10159918                   /home/ubuntu/.local/lib/python3.10/site-packages/torch/lib/libtorch_cuda.so
7fb1ad755000-7fb1ae49f000 rw-p 00000000 00:00 0 
7fb1ae49f000-7fb1aefb3000 rw-p 39cdf000 00:62 10159918                   /home/ubuntu/.local/lib/python3.10/site-packages/torch/lib/libtorch_cuda.so
7fb1aefb3000-7fb1afee3000 r--p 00000000 00:62 10159917                   /home/ubuntu/.local/lib/python3.10/site-packages/torch/lib/libtorch_cpu.so
7fb1afee3000-7fb1c048f000 r-xp 00f30000 00:62 10159917                   /home/ubuntu/.local/lib/python3.10/site-packages/torch/lib/libtorch_cpu.so
7fb1c048f000-7fb1c2f58000 r--p 114dc000 00:62 10159917                   /home/ubuntu/.local/lib/python3.10/site-packages/torch/lib/libtorch_cpu.so
7fb1c2f58000-7fb1c31c0000 r--p 13fa4000 00:62 10159917                   /home/ubuntu/.local/lib/python3.10/site-packages/torch/lib/libtorch_cpu.so
7fb1c31c0000-7fb1c3233000 rw-p 1420c000 00:62 10159917                   /home/ubuntu/.local/lib/python3.10/site-packages/torch/lib/libtorch_cpu.so
7fb1c3233000-7fb1c3343000 rw-p 00000000 00:00 0 
7fb1c3343000-7fb1c390a000 rw-p 19aed000 00:62 10159917                   /home/ubuntu/.local/lib/python3.10/site-packages/torch/lib/libtorch_cpu.so
7fb1c390a000-7fb1c3ab4000 r--p 00000000 00:62 10159922                   /home/ubuntu/.local/lib/python3.10/site-packages/torch/lib/libtorch_python.so
7fb1c3ab4000-7fb1c47b3000 r-xp 001aa000 00:62 10159922                   /home/ubuntu/.local/lib/python3.10/site-packages/torch/lib/libtorch_python.so
7fb1c47b3000-7fb1c4c60000 r--p 00ea9000 00:62 10159922                   /home/ubuntu/.local/lib/python3.10/site-packages/torch/lib/libtorch_python.so
7fb1c4c60000-7fb1c4c89000 r--p 01355000 00:62 10159922                   /home/ubuntu/.local/lib/python3.10/site-packages/torch/lib/libtorch_python.so
7fb1c4c89000-7fb1c4cf1000 rw-p 0137e000 00:62 10159922                   /home/ubuntu/.local/lib/python3.10/site-packages/torch/lib/libtorch_python.so
7fb1c4cf1000-7fb1c4d65000 rw-p 00000000 00:00 0 
7fb1c4d65000-7fb1c4e00000 rw-p 01da9000 00:62 10159922                   /home/ubuntu/.local/lib/python3.10/site-packages/torch/lib/libtorch_python.so
7fb1c4e00000-7fb1c7877000 r-xp 00000000 00:62 10100349                   /home/ubuntu/.local/lib/python3.10/site-packages/nvidia/nvjitlink/lib/libnvJitLink.so.12
7fb1c7877000-7fb1c7a77000 ---p 02a77000 00:62 10100349                   /home/ubuntu/.local/lib/python3.10/site-packages/nvidia/nvjitlink/lib/libnvJitLink.so.12
7fb1c7a77000-7fb1c7fa2000 r--p 02a77000 00:62 10100349                   /home/ubuntu/.local/lib/python3.10/site-packages/nvidia/nvjitlink/lib/libnvJitLink.so.12
7fb1c7fa2000-7fb1c8015000 rw-p 02fa2000 00:62 10100349                   /home/ubuntu/.local/lib/python3.10/site-packages/nvidia/nvjitlink/lib/libnvJitLink.so.12
7fb1c8015000-7fb1c8089000 rw-p 00000000 00:00 0 
7fb1c8089000-7fb1c808e000 r--p 00000000 00:62 10225146                   /home/ubuntu/.local/lib/python3.10/site-packages/yarl/_quoting_c.cpython-310-x86_64-linux-gnu.so
7fb1c808e000-7fb1c80a3000 r-xp 00005000 00:62 10225146                   /home/ubuntu/.local/lib/python3.10/site-packages/yarl/_quoting_c.cpython-310-x86_64-linux-gnu.so
7fb1c80a3000-7fb1c80a7000 r--p 0001a000 00:62 10225146                   /home/ubuntu/.local/lib/python3.10/site-packages/yarl/_quoting_c.cpython-310-x86_64-linux-gnu.so
7fb1c80a7000-7fb1c80a8000 r--p 0001d000 00:62 10225146                   /home/ubuntu/.local/lib/python3.10/site-packages/yarl/_quoting_c.cpython-310-x86_64-linux-gnu.so
7fb1c80a8000-7fb1c80a9000 rw-p 0001e000 00:62 10225146                   /home/ubuntu/.local/lib/python3.10/site-packages/yarl/_quoting_c.cpython-310-x86_64-linux-gnu.so
7fb1c80a9000-7fb1c80aa000 rw-p 00000000 00:00 0 
7fb1c80aa000-7fb1c80ae000 r--p 00000000 00:62 10045253                   /usr/lib/python3.10/lib-dynload/_asyncio.cpython-310-x86_64-linux-gnu.so
7fb1c80ae000-7fb1c80b6000 r-xp 00004000 00:62 10045253                   /usr/lib/python3.10/lib-dynload/_asyncio.cpython-310-x86_64-linux-gnu.so
7fb1c80b6000-7fb1c80ba000 r--p 0000c000 00:62 10045253                   /usr/lib/python3.10/lib-dynload/_asyncio.cpython-310-x86_64-linux-gnu.so
7fb1c80ba000-7fb1c80bb000 ---p 00010000 00:62 10045253                   /usr/lib/python3.10/lib-dynload/_asyncio.cpython-310-x86_64-linux-gnu.so
7fb1c80bb000-7fb1c80bc000 r--p 00010000 00:62 10045253                   /usr/lib/python3.10/lib-dynload/_asyncio.cpython-310-x86_64-linux-gnu.so
7fb1c80bc000-7fb1c80be000 rw-p 00011000 00:62 10045253                   /usr/lib/python3.10/lib-dynload/_asyncio.cpython-310-x86_64-linux-gnu.so
7fb1c80be000-7fb1c80d0000 r--p 00000000 00:62 10045508                   /usr/lib/python3.10/lib-dynload/_ssl.cpython-310-x86_64-linux-gnu.so
7fb1c80d0000-7fb1c80dd000 r-xp 00012000 00:62 10045508                   /usr/lib/python3.10/lib-dynload/_ssl.cpython-310-x86_64-linux-gnu.so
7fb1c80dd000-7fb1c80eb000 r--p 0001f000 00:62 10045508                   /usr/lib/python3.10/lib-dynload/_ssl.cpython-310-x86_64-linux-gnu.so
7fb1c80eb000-7fb1c80ec000 ---p 0002d000 00:62 10045508                   /usr/lib/python3.10/lib-dynload/_ssl.cpython-310-x86_64-linux-gnu.so
7fb1c80ec000-7fb1c80ed000 r--p 0002d000 00:62 10045508                   /usr/lib/python3.10/lib-dynload/_ssl.cpython-310-x86_64-linux-gnu.so
7fb1c80ed000-7fb1c80f6000 rw-p 0002e000 00:62 10045508                   /usr/lib/python3.10/lib-dynload/_ssl.cpython-310-x86_64-linux-gnu.so
7fb1c80f6000-7fb1c80f9000 r--p 00000000 00:62 10175414                   /home/ubuntu/.local/lib/python3.10/site-packages/numpy/random/_sfc64.cpython-310-x86_64-linux-gnu.so
7fb1c80f9000-7fb1c8102000 r-xp 00003000 00:62 10175414                   /home/ubuntu/.local/lib/python3.10/site-packages/numpy/random/_sfc64.cpython-310-x86_64-linux-gnu.so
7fb1c8102000-7fb1c8105000 r--p 0000c000 00:62 10175414                   /home/ubuntu/.local/lib/python3.10/site-packages/numpy/random/_sfc64.cpython-310-x86_64-linux-gnu.so
7fb1c8105000-7fb1c8106000 r--p 0000e000 00:62 10175414                   /home/ubuntu/.local/lib/python3.10/site-packages/numpy/random/_sfc64.cpython-310-x86_64-linux-gnu.so
7fb1c8106000-7fb1c8107000 rw-p 0000f000 00:62 10175414                   /home/ubuntu/.local/lib/python3.10/site-packages/numpy/random/_sfc64.cpython-310-x86_64-linux-gnu.so
7fb1c8107000-7fb1c810a000 r--p 00000000 00:62 10175411                   /home/ubuntu/.local/lib/python3.10/site-packages/numpy/random/_pcg64.cpython-310-x86_64-linux-gnu.so
7fb1c810a000-7fb1c811c000 r-xp 00003000 00:62 10175411                   /home/ubuntu/.local/lib/python3.10/site-packages/numpy/random/_pcg64.cpython-310-x86_64-linux-gnu.so
7fb1c811c000-7fb1c8121000 r--p 00015000 00:62 10175411                   /home/ubuntu/.local/lib/python3.10/site-packages/numpy/random/_pcg64.cpython-310-x86_64-linux-gnu.so
7fb1c8121000-7fb1c8122000 r--p 00019000 00:62 10175411                   /home/ubuntu/.local/lib/python3.10/site-packages/numpy/random/_pcg64.cpython-310-x86_64-linux-gnu.so
7fb1c8122000-7fb1c8123000 rw-p 0001a000 00:62 10175411                   /home/ubuntu/.local/lib/python3.10/site-packages/numpy/random/_pcg64.cpython-310-x86_64-linux-gnu.so
7fb1c8123000-7fb1c81d4000 rw-p 00000000 00:00 0 
7fb1c81d4000-7fb1c826e000 r--p 00000000 00:62 25773467                   /usr/lib/x86_64-linux-gnu/libstdc++.so.6.0.30
7fb1c826e000-7fb1c837f000 r-xp 0009a000 00:62 25773467                   /usr/lib/x86_64-linux-gnu/libstdc++.so.6.0.30
7fb1c837f000-7fb1c83ee000 r--p 001ab000 00:62 25773467                   /usr/lib/x86_64-linux-gnu/libstdc++.so.6.0.30
7fb1c83ee000-7fb1c83ef000 ---p 0021a000 00:62 25773467                   /usr/lib/x86_64-linux-gnu/libstdc++.so.6.0.30
7fb1c83ef000-7fb1c83fa000 r--p 0021a000 00:62 25773467                   /usr/lib/x86_64-linux-gnu/libstdc++.so.6.0.30
7fb1c83fa000-7fb1c83fd000 rw-p 00225000 00:62 25773467                   /usr/lib/x86_64-linux-gnu/libstdc++.so.6.0.30
7fb1c83fd000-7fb1c8400000 rw-p 00000000 00:00 0 
7fb1c8400000-7fb1c8913000 r-xp 00000000 00:62 10100555                   /home/ubuntu/.local/lib/python3.10/site-packages/nvidia/cuda_nvrtc/lib/libnvrtc-builtins.so.12.6
7fb1c8913000-7fb1c8b12000 ---p 00513000 00:62 10100555                   /home/ubuntu/.local/lib/python3.10/site-packages/nvidia/cuda_nvrtc/lib/libnvrtc-builtins.so.12.6
7fb1c8b12000-7fb1c8b13000 r--p 00512000 00:62 10100555                   /home/ubuntu/.local/lib/python3.10/site-packages/nvidia/cuda_nvrtc/lib/libnvrtc-builtins.so.12.6
7fb1c8b13000-7fb1c8b14000 rw-p 00513000 00:62 10100555                   /home/ubuntu/.local/lib/python3.10/site-packages/nvidia/cuda_nvrtc/lib/libnvrtc-builtins.so.12.6
7fb1c8b14000-7fb1c8b15000 r--s 00000000 08:00 45646321                   /home/ubuntu/tbazzocchi/FRAG/MedRAG/corpus/wikipedia/index/bm25/_x.fdx
7fb1c8b15000-7fb1c8b16000 r--s 00000000 08:00 45646338                   /home/ubuntu/tbazzocchi/FRAG/MedRAG/corpus/wikipedia/index/bm25/_12.fdx
7fb1c8b16000-7fb1c8b18000 r--p 00000000 00:62 10045292                   /usr/lib/python3.10/lib-dynload/resource.cpython-310-x86_64-linux-gnu.so
7fb1c8b18000-7fb1c8b19000 r-xp 00002000 00:62 10045292                   /usr/lib/python3.10/lib-dynload/resource.cpython-310-x86_64-linux-gnu.so
7fb1c8b19000-7fb1c8b1a000 r--p 00003000 00:62 10045292                   /usr/lib/python3.10/lib-dynload/resource.cpython-310-x86_64-linux-gnu.so
7fb1c8b1a000-7fb1c8b1b000 r--p 00003000 00:62 10045292                   /usr/lib/python3.10/lib-dynload/resource.cpython-310-x86_64-linux-gnu.so
7fb1c8b1b000-7fb1c8b1c000 rw-p 00004000 00:62 10045292                   /usr/lib/python3.10/lib-dynload/resource.cpython-310-x86_64-linux-gnu.so
7fb1c8b1c000-7fb1c8b1f000 r--p 00000000 00:62 10175418                   /home/ubuntu/.local/lib/python3.10/site-packages/numpy/random/_philox.cpython-310-x86_64-linux-gnu.so
7fb1c8b1f000-7fb1c8b2e000 r-xp 00003000 00:62 10175418                   /home/ubuntu/.local/lib/python3.10/site-packages/numpy/random/_philox.cpython-310-x86_64-linux-gnu.so
7fb1c8b2e000-7fb1c8b32000 r--p 00012000 00:62 10175418                   /home/ubuntu/.local/lib/python3.10/site-packages/numpy/random/_philox.cpython-310-x86_64-linux-gnu.so
7fb1c8b32000-7fb1c8b33000 r--p 00015000 00:62 10175418                   /home/ubuntu/.local/lib/python3.10/site-packages/numpy/random/_philox.cpython-310-x86_64-linux-gnu.so
7fb1c8b33000-7fb1c8b34000 rw-p 00016000 00:62 10175418                   /home/ubuntu/.local/lib/python3.10/site-packages/numpy/random/_philox.cpython-310-x86_64-linux-gnu.so
7fb1c8b34000-7fb1c8b37000 r--p 00000000 00:62 10175421                   /home/ubuntu/.local/lib/python3.10/site-packages/numpy/random/_mt19937.cpython-310-x86_64-linux-gnu.so
7fb1c8b37000-7fb1c8b48000 r-xp 00003000 00:62 10175421                   /home/ubuntu/.local/lib/python3.10/site-packages/numpy/random/_mt19937.cpython-310-x86_64-linux-gnu.so
7fb1c8b48000-7fb1c8b4d000 r--p 00014000 00:62 10175421                   /home/ubuntu/.local/lib/python3.10/site-packages/numpy/random/_mt19937.cpython-310-x86_64-linux-gnu.so
7fb1c8b4d000-7fb1c8b4e000 r--p 00018000 00:62 10175421                   /home/ubuntu/.local/lib/python3.10/site-packages/numpy/random/_mt19937.cpython-310-x86_64-linux-gnu.so
7fb1c8b4e000-7fb1c8b4f000 rw-p 00019000 00:62 10175421                   /home/ubuntu/.local/lib/python3.10/site-packages/numpy/random/_mt19937.cpython-310-x86_64-linux-gnu.so
7fb1c8b4f000-7fb1c8b53000 r--p 00000000 00:62 10175416                   /home/ubuntu/.local/lib/python3.10/site-packages/numpy/random/_bounded_integers.cpython-310-x86_64-linux-gnu.so
7fb1c8b53000-7fb1c8b98000 r-xp 00004000 00:62 10175416                   /home/ubuntu/.local/lib/python3.10/site-packages/numpy/random/_bounded_integers.cpython-310-x86_64-linux-gnu.so
7fb1c8b98000-7fb1c8ba1000 r--p 00049000 00:62 10175416                   /home/ubuntu/.local/lib/python3.10/site-packages/numpy/random/_bounded_integers.cpython-310-x86_64-linux-gnu.so
7fb1c8ba1000-7fb1c8ba2000 r--p 00051000 00:62 10175416                   /home/ubuntu/.local/lib/python3.10/site-packages/numpy/random/_bounded_integers.cpython-310-x86_64-linux-gnu.so
7fb1c8ba2000-7fb1c8ba3000 rw-p 00052000 00:62 10175416                   /home/ubuntu/.local/lib/python3.10/site-packages/numpy/random/_bounded_integers.cpython-310-x86_64-linux-gnu.so
7fb1c8ba3000-7fb1c8c00000 rw-p 00000000 00:00 0 
7fb1c8c00000-7fb1cbcef000 r-xp 00000000 00:62 10100556                   /home/ubuntu/.local/lib/python3.10/site-packages/nvidia/cuda_nvrtc/lib/libnvrtc.so.12
7fb1cbcef000-7fb1cbeee000 ---p 030ef000 00:62 10100556                   /home/ubuntu/.local/lib/python3.10/site-packages/nvidia/cuda_nvrtc/lib/libnvrtc.so.12
7fb1cbeee000-7fb1cc477000 r--p 030ee000 00:62 10100556                   /home/ubuntu/.local/lib/python3.10/site-packages/nvidia/cuda_nvrtc/lib/libnvrtc.so.12
7fb1cc477000-7fb1cc55e000 rw-p 03677000 00:62 10100556                   /home/ubuntu/.local/lib/python3.10/site-packages/nvidia/cuda_nvrtc/lib/libnvrtc.so.12
7fb1cc55e000-7fb1cc83a000 rw-p 00000000 00:00 0 
7fb1cc83a000-7fb1cca00000 ---p 03c3a000 00:62 10100556                   /home/ubuntu/.local/lib/python3.10/site-packages/nvidia/cuda_nvrtc/lib/libnvrtc.so.12
7fb1cca00000-7fb1cca02000 rw-p 03800000 00:62 10100556                   /home/ubuntu/.local/lib/python3.10/site-packages/nvidia/cuda_nvrtc/lib/libnvrtc.so.12
7fb1cca02000-7fb1cca03000 r--s 00000000 08:00 45646352                   /home/ubuntu/tbazzocchi/FRAG/MedRAG/corpus/wikipedia/index/bm25/_10.fdx
7fb1cca03000-7fb1cca04000 r--s 00000000 08:00 45646363                   /home/ubuntu/tbazzocchi/FRAG/MedRAG/corpus/wikipedia/index/bm25/_u.fdx
7fb1cca04000-7fb1cca05000 r--s 00000000 08:00 45646378                   /home/ubuntu/tbazzocchi/FRAG/MedRAG/corpus/wikipedia/index/bm25/_11.fdx
7fb1cca05000-7fb1cca08000 r--p 00000000 00:62 10238300                   /home/ubuntu/.local/lib/python3.10/site-packages/aiohttp/_websocket/mask.cpython-310-x86_64-linux-gnu.so
7fb1cca08000-7fb1cca0c000 r-xp 00003000 00:62 10238300                   /home/ubuntu/.local/lib/python3.10/site-packages/aiohttp/_websocket/mask.cpython-310-x86_64-linux-gnu.so
7fb1cca0c000-7fb1cca0e000 r--p 00007000 00:62 10238300                   /home/ubuntu/.local/lib/python3.10/site-packages/aiohttp/_websocket/mask.cpython-310-x86_64-linux-gnu.so
7fb1cca0e000-7fb1cca0f000 r--p 00008000 00:62 10238300                   /home/ubuntu/.local/lib/python3.10/site-packages/aiohttp/_websocket/mask.cpython-310-x86_64-linux-gnu.so
7fb1cca0f000-7fb1cca10000 rw-p 00009000 00:62 10238300                   /home/ubuntu/.local/lib/python3.10/site-packages/aiohttp/_websocket/mask.cpython-310-x86_64-linux-gnu.so
7fb1cca10000-7fb1cca14000 r--p 00000000 00:62 10175412                   /home/ubuntu/.local/lib/python3.10/site-packages/numpy/random/_common.cpython-310-x86_64-linux-gnu.so
7fb1cca14000-7fb1cca46000 r-xp 00004000 00:62 10175412                   /home/ubuntu/.local/lib/python3.10/site-packages/numpy/random/_common.cpython-310-x86_64-linux-gnu.so
7fb1cca46000-7fb1cca4a000 r--p 00036000 00:62 10175412                   /home/ubuntu/.local/lib/python3.10/site-packages/numpy/random/_common.cpython-310-x86_64-linux-gnu.so
7fb1cca4a000-7fb1cca4b000 ---p 0003a000 00:62 10175412                   /home/ubuntu/.local/lib/python3.10/site-packages/numpy/random/_common.cpython-310-x86_64-linux-gnu.so
7fb1cca4b000-7fb1cca4c000 r--p 0003a000 00:62 10175412                   /home/ubuntu/.local/lib/python3.10/site-packages/numpy/random/_common.cpython-310-x86_64-linux-gnu.so
7fb1cca4c000-7fb1cca4d000 rw-p 0003b000 00:62 10175412                   /home/ubuntu/.local/lib/python3.10/site-packages/numpy/random/_common.cpython-310-x86_64-linux-gnu.so
7fb1cca4d000-7fb1cca4e000 rw-p 00000000 00:00 0 
7fb1cca4e000-7fb1cca4f000 r--p 00000000 00:62 10226471                   /home/ubuntu/.local/lib/python3.10/site-packages/scipy/special/libsf_error_state.so
7fb1cca4f000-7fb1cca50000 r-xp 00001000 00:62 10226471                   /home/ubuntu/.local/lib/python3.10/site-packages/scipy/special/libsf_error_state.so
7fb1cca50000-7fb1cca51000 r--p 00002000 00:62 10226471                   /home/ubuntu/.local/lib/python3.10/site-packages/scipy/special/libsf_error_state.so
7fb1cca51000-7fb1cca52000 r--p 00002000 00:62 10226471                   /home/ubuntu/.local/lib/python3.10/site-packages/scipy/special/libsf_error_state.so
7fb1cca52000-7fb1cca53000 rw-p 00003000 00:62 10226471                   /home/ubuntu/.local/lib/python3.10/site-packages/scipy/special/libsf_error_state.so
7fb1cca53000-7fb1cca56000 r--p 00000000 00:62 10238242                   /home/ubuntu/.local/lib/python3.10/site-packages/aiohttp/_http_writer.cpython-310-x86_64-linux-gnu.so
7fb1cca56000-7fb1cca60000 r-xp 00003000 00:62 10238242                   /home/ubuntu/.local/lib/python3.10/site-packages/aiohttp/_http_writer.cpython-310-x86_64-linux-gnu.so
7fb1cca60000-7fb1cca62000 r--p 0000d000 00:62 10238242                   /home/ubuntu/.local/lib/python3.10/site-packages/aiohttp/_http_writer.cpython-310-x86_64-linux-gnu.so
7fb1cca62000-7fb1cca63000 r--p 0000e000 00:62 10238242                   /home/ubuntu/.local/lib/python3.10/site-packages/aiohttp/_http_writer.cpython-310-x86_64-linux-gnu.so
7fb1cca63000-7fb1cca64000 rw-p 0000f000 00:62 10238242                   /home/ubuntu/.local/lib/python3.10/site-packages/aiohttp/_http_writer.cpython-310-x86_64-linux-gnu.so
7fb1cca64000-7fb1cca68000 r--p 00000000 00:62 10176417                   /home/ubuntu/.local/lib/python3.10/site-packages/multidict/_multidict.cpython-310-x86_64-linux-gnu.so
7fb1cca68000-7fb1cca79000 r-xp 00004000 00:62 10176417                   /home/ubuntu/.local/lib/python3.10/site-packages/multidict/_multidict.cpython-310-x86_64-linux-gnu.so
7fb1cca79000-7fb1cca7d000 r--p 00015000 00:62 10176417                   /home/ubuntu/.local/lib/python3.10/site-packages/multidict/_multidict.cpython-310-x86_64-linux-gnu.so
7fb1cca7d000-7fb1cca7e000 r--p 00018000 00:62 10176417                   /home/ubuntu/.local/lib/python3.10/site-packages/multidict/_multidict.cpython-310-x86_64-linux-gnu.so
7fb1cca7e000-7fb1cca80000 rw-p 00019000 00:62 10176417                   /home/ubuntu/.local/lib/python3.10/site-packages/multidict/_multidict.cpython-310-x86_64-linux-gnu.so
7fb1cca80000-7fb1cca83000 r--p 00000000 00:62 10045272                   /usr/lib/python3.10/lib-dynload/_multibytecodec.cpython-310-x86_64-linux-gnu.so
7fb1cca83000-7fb1cca89000 r-xp 00003000 00:62 10045272                   /usr/lib/python3.10/lib-dynload/_multibytecodec.cpython-310-x86_64-linux-gnu.so
7fb1cca89000-7fb1cca8b000 r--p 00009000 00:62 10045272                   /usr/lib/python3.10/lib-dynload/_multibytecodec.cpython-310-x86_64-linux-gnu.so
7fb1cca8b000-7fb1cca8c000 r--p 0000a000 00:62 10045272                   /usr/lib/python3.10/lib-dynload/_multibytecodec.cpython-310-x86_64-linux-gnu.so
7fb1cca8c000-7fb1cca8d000 rw-p 0000b000 00:62 10045272                   /usr/lib/python3.10/lib-dynload/_multibytecodec.cpython-310-x86_64-linux-gnu.so
7fb1cca8d000-7fb1cca9b000 r--p 00000000 00:62 10224959                   /home/ubuntu/.local/lib/python3.10/site-packages/charset_normalizer/md__mypyc.cpython-310-x86_64-linux-gnu.so
7fb1cca9b000-7fb1ccaba000 r-xp 0000e000 00:62 10224959                   /home/ubuntu/.local/lib/python3.10/site-packages/charset_normalizer/md__mypyc.cpython-310-x86_64-linux-gnu.so
7fb1ccaba000-7fb1ccac4000 r--p 0002d000 00:62 10224959                   /home/ubuntu/.local/lib/python3.10/site-packages/charset_normalizer/md__mypyc.cpython-310-x86_64-linux-gnu.so
7fb1ccac4000-7fb1ccac5000 r--p 00036000 00:62 10224959                   /home/ubuntu/.local/lib/python3.10/site-packages/charset_normalizer/md__mypyc.cpython-310-x86_64-linux-gnu.so
7fb1ccac5000-7fb1ccac9000 rw-p 00037000 00:62 10224959                   /home/ubuntu/.local/lib/python3.10/site-packages/charset_normalizer/md__mypyc.cpython-310-x86_64-linux-gnu.so
7fb1ccac9000-7fb1ccaca000 rw-p 00000000 00:00 0 
7fb1ccaca000-7fb1ccacb000 r--p 00000000 00:62 10224957                   /home/ubuntu/.local/lib/python3.10/site-packages/charset_normalizer/md.cpython-310-x86_64-linux-gnu.so
7fb1ccacb000-7fb1ccacc000 r-xp 00001000 00:62 10224957                   /home/ubuntu/.local/lib/python3.10/site-packages/charset_normalizer/md.cpython-310-x86_64-linux-gnu.so
7fb1ccacc000-7fb1ccacd000 r--p 00002000 00:62 10224957                   /home/ubuntu/.local/lib/python3.10/site-packages/charset_normalizer/md.cpython-310-x86_64-linux-gnu.so
7fb1ccacd000-7fb1ccace000 r--p 00002000 00:62 10224957                   /home/ubuntu/.local/lib/python3.10/site-packages/charset_normalizer/md.cpython-310-x86_64-linux-gnu.so
7fb1ccace000-7fb1ccacf000 rw-p 00003000 00:62 10224957                   /home/ubuntu/.local/lib/python3.10/site-packages/charset_normalizer/md.cpython-310-x86_64-linux-gnu.so
7fb1ccacf000-7fb1ccad1000 r--p 00000000 00:62 10045273                   /usr/lib/python3.10/lib-dynload/_multiprocessing.cpython-310-x86_64-linux-gnu.so
7fb1ccad1000-7fb1ccad3000 r-xp 00002000 00:62 10045273                   /usr/lib/python3.10/lib-dynload/_multiprocessing.cpython-310-x86_64-linux-gnu.so
7fb1ccad3000-7fb1ccad4000 r--p 00004000 00:62 10045273                   /usr/lib/python3.10/lib-dynload/_multiprocessing.cpython-310-x86_64-linux-gnu.so
7fb1ccad4000-7fb1ccad5000 r--p 00004000 00:62 10045273                   /usr/lib/python3.10/lib-dynload/_multiprocessing.cpython-310-x86_64-linux-gnu.so
7fb1ccad5000-7fb1ccad6000 rw-p 00005000 00:62 10045273                   /usr/lib/python3.10/lib-dynload/_multiprocessing.cpython-310-x86_64-linux-gnu.so
7fb1ccad6000-7fb1ccad8000 r--p 00000000 00:62 25773485                   /usr/lib/x86_64-linux-gnu/libuuid.so.1.3.0
7fb1ccad8000-7fb1ccadc000 r-xp 00002000 00:62 25773485                   /usr/lib/x86_64-linux-gnu/libuuid.so.1.3.0
7fb1ccadc000-7fb1ccadd000 r--p 00006000 00:62 25773485                   /usr/lib/x86_64-linux-gnu/libuuid.so.1.3.0
7fb1ccadd000-7fb1ccade000 r--p 00006000 00:62 25773485                   /usr/lib/x86_64-linux-gnu/libuuid.so.1.3.0
7fb1ccade000-7fb1ccadf000 rw-p 00007000 00:62 25773485                   /usr/lib/x86_64-linux-gnu/libuuid.so.1.3.0
7fb1ccadf000-7fb1ccb08000 r--p 00000000 00:62 10159912                   /home/ubuntu/.local/lib/python3.10/site-packages/torch/lib/libc10.so
7fb1ccb08000-7fb1ccbaa000 r-xp 00029000 00:62 10159912                   /home/ubuntu/.local/lib/python3.10/site-packages/torch/lib/libc10.so
7fb1ccbaa000-7fb1ccbdf000 r--p 000cb000 00:62 10159912                   /home/ubuntu/.local/lib/python3.10/site-packages/torch/lib/libc10.so
7fb1ccbdf000-7fb1ccbe2000 r--p 000ff000 00:62 10159912                   /home/ubuntu/.local/lib/python3.10/site-packages/torch/lib/libc10.so
7fb1ccbe2000-7fb1ccbe9000 rw-p 00102000 00:62 10159912                   /home/ubuntu/.local/lib/python3.10/site-packages/torch/lib/libc10.so
7fb1ccbe9000-7fb1ccbeb000 rw-p 00000000 00:00 0 
7fb1ccbeb000-7fb1ccc00000 rw-p 0014f000 00:62 10159912                   /home/ubuntu/.local/lib/python3.10/site-packages/torch/lib/libc10.so
7fb1ccc00000-7fb1ccc37000 r-xp 00000000 00:62 10159930                   /home/ubuntu/.local/lib/python3.10/site-packages/torch/lib/libgomp.so.1
7fb1ccc37000-7fb1cce36000 ---p 00037000 00:62 10159930                   /home/ubuntu/.local/lib/python3.10/site-packages/torch/lib/libgomp.so.1
7fb1cce36000-7fb1cce37000 r--p 00036000 00:62 10159930                   /home/ubuntu/.local/lib/python3.10/site-packages/torch/lib/libgomp.so.1
7fb1cce37000-7fb1cce38000 rw-p 00037000 00:62 10159930                   /home/ubuntu/.local/lib/python3.10/site-packages/torch/lib/libgomp.so.1
7fb1cce38000-7fb1cce3d000 rw-p 0003a000 00:62 10159930                   /home/ubuntu/.local/lib/python3.10/site-packages/torch/lib/libgomp.so.1
7fb1cce3d000-7fb1cce3e000 r--s 00000000 08:00 45646397                   /home/ubuntu/tbazzocchi/FRAG/MedRAG/corpus/wikipedia/index/bm25/_w.fdx
7fb1cce3e000-7fb1cce3f000 r--p 00000000 00:62 10045274                   /usr/lib/python3.10/lib-dynload/_posixshmem.cpython-310-x86_64-linux-gnu.so
7fb1cce3f000-7fb1cce40000 r-xp 00001000 00:62 10045274                   /usr/lib/python3.10/lib-dynload/_posixshmem.cpython-310-x86_64-linux-gnu.so
7fb1cce40000-7fb1cce41000 r--p 00002000 00:62 10045274                   /usr/lib/python3.10/lib-dynload/_posixshmem.cpython-310-x86_64-linux-gnu.so
7fb1cce41000-7fb1cce42000 r--p 00002000 00:62 10045274                   /usr/lib/python3.10/lib-dynload/_posixshmem.cpython-310-x86_64-linux-gnu.so
7fb1cce42000-7fb1cce43000 rw-p 00003000 00:62 10045274                   /usr/lib/python3.10/lib-dynload/_posixshmem.cpython-310-x86_64-linux-gnu.so
7fb1cce43000-7fb1cce47000 r--p 00000000 00:62 10045506                   /usr/lib/python3.10/lib-dynload/_hashlib.cpython-310-x86_64-linux-gnu.so
7fb1cce47000-7fb1cce4d000 r-xp 00004000 00:62 10045506                   /usr/lib/python3.10/lib-dynload/_hashlib.cpython-310-x86_64-linux-gnu.so
7fb1cce4d000-7fb1cce51000 r--p 0000a000 00:62 10045506                   /usr/lib/python3.10/lib-dynload/_hashlib.cpython-310-x86_64-linux-gnu.so
7fb1cce51000-7fb1cce52000 r--p 0000d000 00:62 10045506                   /usr/lib/python3.10/lib-dynload/_hashlib.cpython-310-x86_64-linux-gnu.so
7fb1cce52000-7fb1cce54000 rw-p 0000e000 00:62 10045506                   /usr/lib/python3.10/lib-dynload/_hashlib.cpython-310-x86_64-linux-gnu.so
7fb1cce54000-7fb1cce59000 r--p 00000000 00:62 10175433                   /home/ubuntu/.local/lib/python3.10/site-packages/numpy/random/bit_generator.cpython-310-x86_64-linux-gnu.so
7fb1cce59000-7fb1cce7c000 r-xp 00005000 00:62 10175433                   /home/ubuntu/.local/lib/python3.10/site-packages/numpy/random/bit_generator.cpython-310-x86_64-linux-gnu.so
7fb1cce7c000-7fb1cce86000 r--p 00028000 00:62 10175433                   /home/ubuntu/.local/lib/python3.10/site-packages/numpy/random/bit_generator.cpython-310-x86_64-linux-gnu.so
7fb1cce86000-7fb1cce87000 r--p 00031000 00:62 10175433                   /home/ubuntu/.local/lib/python3.10/site-packages/numpy/random/bit_generator.cpython-310-x86_64-linux-gnu.so
7fb1cce87000-7fb1cce89000 rw-p 00032000 00:62 10175433                   /home/ubuntu/.local/lib/python3.10/site-packages/numpy/random/bit_generator.cpython-310-x86_64-linux-gnu.so
7fb1cce89000-7fb1ccf0a000 rw-p 00000000 00:00 0 
7fb1ccf0a000-7fb1ccf0b000 r--s 00000000 08:00 45646408                   /home/ubuntu/tbazzocchi/FRAG/MedRAG/corpus/wikipedia/index/bm25/_p.fdx
7fb1ccf0b000-7fb1ccf0c000 r--s 00000000 08:00 45646427                   /home/ubuntu/tbazzocchi/FRAG/MedRAG/corpus/wikipedia/index/bm25/_z.fdx
7fb1ccf0c000-7fb1ccf0d000 r--s 00000000 08:00 45646444                   /home/ubuntu/tbazzocchi/FRAG/MedRAG/corpus/wikipedia/index/bm25/_t.fdx
7fb1ccf0d000-7fb1ccf0e000 r--p 00000000 00:62 10045283                   /usr/lib/python3.10/lib-dynload/_uuid.cpython-310-x86_64-linux-gnu.so
7fb1ccf0e000-7fb1ccf0f000 r-xp 00001000 00:62 10045283                   /usr/lib/python3.10/lib-dynload/_uuid.cpython-310-x86_64-linux-gnu.so
7fb1ccf0f000-7fb1ccf10000 r--p 00002000 00:62 10045283                   /usr/lib/python3.10/lib-dynload/_uuid.cpython-310-x86_64-linux-gnu.so
7fb1ccf10000-7fb1ccf11000 r--p 00002000 00:62 10045283                   /usr/lib/python3.10/lib-dynload/_uuid.cpython-310-x86_64-linux-gnu.so
7fb1ccf11000-7fb1ccf12000 rw-p 00003000 00:62 10045283                   /usr/lib/python3.10/lib-dynload/_uuid.cpython-310-x86_64-linux-gnu.so
7fb1ccf12000-7fb1ccf14000 r--p 00000000 00:62 10045275                   /usr/lib/python3.10/lib-dynload/_queue.cpython-310-x86_64-linux-gnu.so
7fb1ccf14000-7fb1ccf16000 r-xp 00002000 00:62 10045275                   /usr/lib/python3.10/lib-dynload/_queue.cpython-310-x86_64-linux-gnu.so
7fb1ccf16000-7fb1ccf17000 r--p 00004000 00:62 10045275                   /usr/lib/python3.10/lib-dynload/_queue.cpython-310-x86_64-linux-gnu.so
7fb1ccf17000-7fb1ccf18000 r--p 00004000 00:62 10045275                   /usr/lib/python3.10/lib-dynload/_queue.cpython-310-x86_64-linux-gnu.so
7fb1ccf18000-7fb1ccf19000 rw-p 00005000 00:62 10045275                   /usr/lib/python3.10/lib-dynload/_queue.cpython-310-x86_64-linux-gnu.so
7fb1ccf19000-7fb1ccf1f000 r--p 00000000 00:62 10175371                   /home/ubuntu/.local/lib/python3.10/site-packages/numpy/linalg/_umath_linalg.cpython-310-x86_64-linux-gnu.so
7fb1ccf1f000-7fb1ccf3f000 r-xp 00006000 00:62 10175371                   /home/ubuntu/.local/lib/python3.10/site-packages/numpy/linalg/_umath_linalg.cpython-310-x86_64-linux-gnu.so
7fb1ccf3f000-7fb1ccf44000 r--p 00026000 00:62 10175371                   /home/ubuntu/.local/lib/python3.10/site-packages/numpy/linalg/_umath_linalg.cpython-310-x86_64-linux-gnu.so
7fb1ccf44000-7fb1ccf45000 r--p 0002a000 00:62 10175371                   /home/ubuntu/.local/lib/python3.10/site-packages/numpy/linalg/_umath_linalg.cpython-310-x86_64-linux-gnu.so
7fb1ccf45000-7fb1ccf46000 rw-p 0002b000 00:62 10175371                   /home/ubuntu/.local/lib/python3.10/site-packages/numpy/linalg/_umath_linalg.cpython-310-x86_64-linux-gnu.so
7fb1ccf46000-7fb1ccf47000 rw-p 00000000 00:00 0 
7fb1ccf47000-7fb1ccf49000 rw-p 00032000 00:62 10175371                   /home/ubuntu/.local/lib/python3.10/site-packages/numpy/linalg/_umath_linalg.cpython-310-x86_64-linux-gnu.so
7fb1ccf49000-7fb1ccf4a000 rw-p 00034000 00:62 10175371                   /home/ubuntu/.local/lib/python3.10/site-packages/numpy/linalg/_umath_linalg.cpython-310-x86_64-linux-gnu.so
7fb1ccf4a000-7fb1ccf5a000 r--p 00000000 00:62 10159913                   /home/ubuntu/.local/lib/python3.10/site-packages/torch/lib/libc10_cuda.so
7fb1ccf5a000-7fb1ccfad000 r-xp 00010000 00:62 10159913                   /home/ubuntu/.local/lib/python3.10/site-packages/torch/lib/libc10_cuda.so
7fb1ccfad000-7fb1ccfc4000 r--p 00063000 00:62 10159913                   /home/ubuntu/.local/lib/python3.10/site-packages/torch/lib/libc10_cuda.so
7fb1ccfc4000-7fb1ccfc6000 r--p 00079000 00:62 10159913                   /home/ubuntu/.local/lib/python3.10/site-packages/torch/lib/libc10_cuda.so
7fb1ccfc6000-7fb1ccfc7000 rw-p 0007b000 00:62 10159913                   /home/ubuntu/.local/lib/python3.10/site-packages/torch/lib/libc10_cuda.so
7fb1ccfc7000-7fb1ccfed000 rw-p 00000000 00:00 0 
7fb1ccfed000-7fb1ccff5000 rw-p 000a3000 00:62 10159913                   /home/ubuntu/.local/lib/python3.10/site-packages/torch/lib/libc10_cuda.so
7fb1ccff5000-7fb1ccff8000 r--p 00000000 00:62 10159915                   /home/ubuntu/.local/lib/python3.10/site-packages/torch/lib/libshm.so
7fb1ccff8000-7fb1ccffb000 r-xp 00003000 00:62 10159915                   /home/ubuntu/.local/lib/python3.10/site-packages/torch/lib/libshm.so
7fb1ccffb000-7fb1ccffc000 r--p 00006000 00:62 10159915                   /home/ubuntu/.local/lib/python3.10/site-packages/torch/lib/libshm.so
7fb1ccffc000-7fb1ccffd000 r--p 00006000 00:62 10159915                   /home/ubuntu/.local/lib/python3.10/site-packages/torch/lib/libshm.so
7fb1ccffd000-7fb1ccffe000 rw-p 00007000 00:62 10159915                   /home/ubuntu/.local/lib/python3.10/site-packages/torch/lib/libshm.so
7fb1ccffe000-7fb1cd000000 rw-p 0000b000 00:62 10159915                   /home/ubuntu/.local/lib/python3.10/site-packages/torch/lib/libshm.so
7fb1cd000000-7fb1cd0a9000 r-xp 00000000 00:62 10100534                   /home/ubuntu/.local/lib/python3.10/site-packages/nvidia/cuda_runtime/lib/libcudart.so.12
7fb1cd0a9000-7fb1cd2a9000 ---p 000a9000 00:62 10100534                   /home/ubuntu/.local/lib/python3.10/site-packages/nvidia/cuda_runtime/lib/libcudart.so.12
7fb1cd2a9000-7fb1cd2ae000 r--p 000a9000 00:62 10100534                   /home/ubuntu/.local/lib/python3.10/site-packages/nvidia/cuda_runtime/lib/libcudart.so.12
7fb1cd2ae000-7fb1cd2af000 rw-p 000ae000 00:62 10100534                   /home/ubuntu/.local/lib/python3.10/site-packages/nvidia/cuda_runtime/lib/libcudart.so.12
7fb1cd2af000-7fb1cd2b1000 rw-p 00000000 00:00 0 
7fb1cd2b1000-7fb1cd2b2000 r--p 00000000 00:62 42020368                   /usr/lib/x86_64-linux-gnu/libutil.so.1
7fb1cd2b2000-7fb1cd2b3000 r-xp 00001000 00:62 42020368                   /usr/lib/x86_64-linux-gnu/libutil.so.1
7fb1cd2b3000-7fb1cd2b4000 r--p 00002000 00:62 42020368                   /usr/lib/x86_64-linux-gnu/libutil.so.1
7fb1cd2b4000-7fb1cd2b5000 r--p 00002000 00:62 42020368                   /usr/lib/x86_64-linux-gnu/libutil.so.1
7fb1cd2b5000-7fb1cd2b6000 rw-p 00003000 00:62 42020368                   /usr/lib/x86_64-linux-gnu/libutil.so.1
7fb1cd2b6000-7fb1cd2c1000 r--p 00000000 00:62 10159916                   /home/ubuntu/.local/lib/python3.10/site-packages/torch/lib/libtorch.so
7fb1cd2c1000-7fb1cd2e9000 r-xp 0000b000 00:62 10159916                   /home/ubuntu/.local/lib/python3.10/site-packages/torch/lib/libtorch.so
7fb1cd2e9000-7fb1cd2f3000 r--p 00033000 00:62 10159916                   /home/ubuntu/.local/lib/python3.10/site-packages/torch/lib/libtorch.so
7fb1cd2f3000-7fb1cd2f4000 r--p 0003c000 00:62 10159916                   /home/ubuntu/.local/lib/python3.10/site-packages/torch/lib/libtorch.so
7fb1cd2f4000-7fb1cd2f5000 rw-p 0003d000 00:62 10159916                   /home/ubuntu/.local/lib/python3.10/site-packages/torch/lib/libtorch.so
7fb1cd2f5000-7fb1cd2fb000 rw-p 0004e000 00:62 10159916                   /home/ubuntu/.local/lib/python3.10/site-packages/torch/lib/libtorch.so
7fb1cd2fb000-7fb1cd2fc000 r--p 00000000 00:62 10103858                   /home/ubuntu/.local/lib/python3.10/site-packages/torch/_C.cpython-310-x86_64-linux-gnu.so
7fb1cd2fc000-7fb1cd2fd000 r-xp 00001000 00:62 10103858                   /home/ubuntu/.local/lib/python3.10/site-packages/torch/_C.cpython-310-x86_64-linux-gnu.so
7fb1cd2fd000-7fb1cd2fe000 r--p 00002000 00:62 10103858                   /home/ubuntu/.local/lib/python3.10/site-packages/torch/_C.cpython-310-x86_64-linux-gnu.so
7fb1cd2fe000-7fb1cd2ff000 r--p 00002000 00:62 10103858                   /home/ubuntu/.local/lib/python3.10/site-packages/torch/_C.cpython-310-x86_64-linux-gnu.so
7fb1cd2ff000-7fb1cd300000 rw-p 00003000 00:62 10103858                   /home/ubuntu/.local/lib/python3.10/site-packages/torch/_C.cpython-310-x86_64-linux-gnu.so
7fb1cd300000-7fb1cd301000 rw-p 00006000 00:62 10103858                   /home/ubuntu/.local/lib/python3.10/site-packages/torch/_C.cpython-310-x86_64-linux-gnu.so
7fb1cd301000-7fb1cd304000 r--p 00000000 00:62 25773383                   /usr/lib/x86_64-linux-gnu/libgcc_s.so.1
7fb1cd304000-7fb1cd31b000 r-xp 00003000 00:62 25773383                   /usr/lib/x86_64-linux-gnu/libgcc_s.so.1
7fb1cd31b000-7fb1cd31f000 r--p 0001a000 00:62 25773383                   /usr/lib/x86_64-linux-gnu/libgcc_s.so.1
7fb1cd31f000-7fb1cd320000 r--p 0001d000 00:62 25773383                   /usr/lib/x86_64-linux-gnu/libgcc_s.so.1
7fb1cd320000-7fb1cd321000 rw-p 0001e000 00:62 25773383                   /usr/lib/x86_64-linux-gnu/libgcc_s.so.1
7fb1cd321000-7fb1cd322000 r--p 00000000 00:62 42020364                   /usr/lib/x86_64-linux-gnu/librt.so.1
7fb1cd322000-7fb1cd323000 r-xp 00001000 00:62 42020364                   /usr/lib/x86_64-linux-gnu/librt.so.1
7fb1cd323000-7fb1cd324000 r--p 00002000 00:62 42020364                   /usr/lib/x86_64-linux-gnu/librt.so.1
7fb1cd324000-7fb1cd325000 r--p 00002000 00:62 42020364                   /usr/lib/x86_64-linux-gnu/librt.so.1
7fb1cd325000-7fb1cd326000 rw-p 00003000 00:62 42020364                   /usr/lib/x86_64-linux-gnu/librt.so.1
7fb1cd326000-7fb1cd327000 r--p 00000000 00:62 42020340                   /usr/lib/x86_64-linux-gnu/libdl.so.2
7fb1cd327000-7fb1cd328000 r-xp 00001000 00:62 42020340                   /usr/lib/x86_64-linux-gnu/libdl.so.2
7fb1cd328000-7fb1cd329000 r--p 00002000 00:62 42020340                   /usr/lib/x86_64-linux-gnu/libdl.so.2
7fb1cd329000-7fb1cd32a000 r--p 00002000 00:62 42020340                   /usr/lib/x86_64-linux-gnu/libdl.so.2
7fb1cd32a000-7fb1cd32b000 rw-p 00003000 00:62 42020340                   /usr/lib/x86_64-linux-gnu/libdl.so.2
7fb1cd32b000-7fb1cd32c000 r--p 00000000 00:62 42020360                   /usr/lib/x86_64-linux-gnu/libpthread.so.0
7fb1cd32c000-7fb1cd32d000 r-xp 00001000 00:62 42020360                   /usr/lib/x86_64-linux-gnu/libpthread.so.0
7fb1cd32d000-7fb1cd32e000 r--p 00002000 00:62 42020360                   /usr/lib/x86_64-linux-gnu/libpthread.so.0
7fb1cd32e000-7fb1cd32f000 r--p 00002000 00:62 42020360                   /usr/lib/x86_64-linux-gnu/libpthread.so.0
7fb1cd32f000-7fb1cd330000 rw-p 00003000 00:62 42020360                   /usr/lib/x86_64-linux-gnu/libpthread.so.0
7fb1cd330000-7fb1cd331000 r--p 00000000 00:62 10159920                   /home/ubuntu/.local/lib/python3.10/site-packages/torch/lib/libtorch_global_deps.so
7fb1cd331000-7fb1cd332000 r-xp 00001000 00:62 10159920                   /home/ubuntu/.local/lib/python3.10/site-packages/torch/lib/libtorch_global_deps.so
7fb1cd332000-7fb1cd333000 r--p 00002000 00:62 10159920                   /home/ubuntu/.local/lib/python3.10/site-packages/torch/lib/libtorch_global_deps.so
7fb1cd333000-7fb1cd334000 r--p 00002000 00:62 10159920                   /home/ubuntu/.local/lib/python3.10/site-packages/torch/lib/libtorch_global_deps.so
7fb1cd334000-7fb1cd335000 rw-p 00003000 00:62 10159920                   /home/ubuntu/.local/lib/python3.10/site-packages/torch/lib/libtorch_global_deps.so
7fb1cd335000-7fb1cd336000 rw-p 00004000 00:62 10159920                   /home/ubuntu/.local/lib/python3.10/site-packages/torch/lib/libtorch_global_deps.so
7fb1cd336000-7fb1cd339000 r--p 00000000 00:62 25773409                   /usr/lib/x86_64-linux-gnu/liblzma.so.5.2.5
7fb1cd339000-7fb1cd354000 r-xp 00003000 00:62 25773409                   /usr/lib/x86_64-linux-gnu/liblzma.so.5.2.5
7fb1cd354000-7fb1cd35f000 r--p 0001e000 00:62 25773409                   /usr/lib/x86_64-linux-gnu/liblzma.so.5.2.5
7fb1cd35f000-7fb1cd360000 r--p 00028000 00:62 25773409                   /usr/lib/x86_64-linux-gnu/liblzma.so.5.2.5
7fb1cd360000-7fb1cd361000 rw-p 00029000 00:62 25773409                   /usr/lib/x86_64-linux-gnu/liblzma.so.5.2.5
7fb1cd361000-7fb1cd364000 r--p 00000000 00:62 10045271                   /usr/lib/python3.10/lib-dynload/_lzma.cpython-310-x86_64-linux-gnu.so
7fb1cd364000-7fb1cd368000 r-xp 00003000 00:62 10045271                   /usr/lib/python3.10/lib-dynload/_lzma.cpython-310-x86_64-linux-gnu.so
7fb1cd368000-7fb1cd36b000 r--p 00007000 00:62 10045271                   /usr/lib/python3.10/lib-dynload/_lzma.cpython-310-x86_64-linux-gnu.so
7fb1cd36b000-7fb1cd36c000 r--p 00009000 00:62 10045271                   /usr/lib/python3.10/lib-dynload/_lzma.cpython-310-x86_64-linux-gnu.so
7fb1cd36c000-7fb1cd36d000 rw-p 0000a000 00:62 10045271                   /usr/lib/python3.10/lib-dynload/_lzma.cpython-310-x86_64-linux-gnu.so
7fb1cd36d000-7fb1cd36f000 r--p 00000000 00:62 25773357                   /usr/lib/x86_64-linux-gnu/libbz2.so.1.0.4
7fb1cd36f000-7fb1cd37c000 r-xp 00002000 00:62 25773357                   /usr/lib/x86_64-linux-gnu/libbz2.so.1.0.4
7fb1cd37c000-7fb1cd37e000 r--p 0000f000 00:62 25773357                   /usr/lib/x86_64-linux-gnu/libbz2.so.1.0.4
7fb1cd37e000-7fb1cd37f000 r--p 00010000 00:62 25773357                   /usr/lib/x86_64-linux-gnu/libbz2.so.1.0.4
7fb1cd37f000-7fb1cd380000 rw-p 00011000 00:62 25773357                   /usr/lib/x86_64-linux-gnu/libbz2.so.1.0.4
7fb1cd380000-7fb1cd382000 r--p 00000000 00:62 10045254                   /usr/lib/python3.10/lib-dynload/_bz2.cpython-310-x86_64-linux-gnu.so
7fb1cd382000-7fb1cd385000 r-xp 00002000 00:62 10045254                   /usr/lib/python3.10/lib-dynload/_bz2.cpython-310-x86_64-linux-gnu.so
7fb1cd385000-7fb1cd387000 r--p 00005000 00:62 10045254                   /usr/lib/python3.10/lib-dynload/_bz2.cpython-310-x86_64-linux-gnu.so
7fb1cd387000-7fb1cd388000 r--p 00006000 00:62 10045254                   /usr/lib/python3.10/lib-dynload/_bz2.cpython-310-x86_64-linux-gnu.so
7fb1cd388000-7fb1cd389000 rw-p 00007000 00:62 10045254                   /usr/lib/python3.10/lib-dynload/_bz2.cpython-310-x86_64-linux-gnu.so
7fb1cd389000-7fb1cd589000 rw-p 00000000 00:00 0 
7fb1cd589000-7fb1cd58b000 r--p 00000000 00:62 25773378                   /usr/lib/x86_64-linux-gnu/libffi.so.8.1.0
7fb1cd58b000-7fb1cd592000 r-xp 00002000 00:62 25773378                   /usr/lib/x86_64-linux-gnu/libffi.so.8.1.0
7fb1cd592000-7fb1cd593000 r--p 00009000 00:62 25773378                   /usr/lib/x86_64-linux-gnu/libffi.so.8.1.0
7fb1cd593000-7fb1cd594000 ---p 0000a000 00:62 25773378                   /usr/lib/x86_64-linux-gnu/libffi.so.8.1.0
7fb1cd594000-7fb1cd595000 r--p 0000a000 00:62 25773378                   /usr/lib/x86_64-linux-gnu/libffi.so.8.1.0
7fb1cd595000-7fb1cd596000 rw-p 0000b000 00:62 25773378                   /usr/lib/x86_64-linux-gnu/libffi.so.8.1.0
7fb1cd596000-7fb1cd597000 r--s 00000000 08:00 45646459                   /home/ubuntu/tbazzocchi/FRAG/MedRAG/corpus/wikipedia/index/bm25/_v.fdx
7fb1cd597000-7fb1cd599000 r--p 00000000 00:62 10045288                   /usr/lib/python3.10/lib-dynload/mmap.cpython-310-x86_64-linux-gnu.so
7fb1cd599000-7fb1cd59c000 r-xp 00002000 00:62 10045288                   /usr/lib/python3.10/lib-dynload/mmap.cpython-310-x86_64-linux-gnu.so
7fb1cd59c000-7fb1cd59e000 r--p 00005000 00:62 10045288                   /usr/lib/python3.10/lib-dynload/mmap.cpython-310-x86_64-linux-gnu.so
7fb1cd59e000-7fb1cd59f000 r--p 00006000 00:62 10045288                   /usr/lib/python3.10/lib-dynload/mmap.cpython-310-x86_64-linux-gnu.so
7fb1cd59f000-7fb1cd5a0000 rw-p 00007000 00:62 10045288                   /usr/lib/python3.10/lib-dynload/mmap.cpython-310-x86_64-linux-gnu.so
7fb1cd5a0000-7fb1cd5a1000 r--p 00000000 00:62 10174975                   /home/ubuntu/.local/lib/python3.10/site-packages/numpy/fft/_pocketfft_internal.cpython-310-x86_64-linux-gnu.so
7fb1cd5a1000-7fb1cd5b4000 r-xp 00001000 00:62 10174975                   /home/ubuntu/.local/lib/python3.10/site-packages/numpy/fft/_pocketfft_internal.cpython-310-x86_64-linux-gnu.so
7fb1cd5b4000-7fb1cd5b6000 r--p 00014000 00:62 10174975                   /home/ubuntu/.local/lib/python3.10/site-packages/numpy/fft/_pocketfft_internal.cpython-310-x86_64-linux-gnu.so
7fb1cd5b6000-7fb1cd5b7000 r--p 00015000 00:62 10174975                   /home/ubuntu/.local/lib/python3.10/site-packages/numpy/fft/_pocketfft_internal.cpython-310-x86_64-linux-gnu.so
7fb1cd5b7000-7fb1cd5b8000 rw-p 00016000 00:62 10174975                   /home/ubuntu/.local/lib/python3.10/site-packages/numpy/fft/_pocketfft_internal.cpython-310-x86_64-linux-gnu.so
7fb1cd5b8000-7fb1cd5bf000 r--p 00000000 00:62 10175495                   /home/ubuntu/.local/lib/python3.10/site-packages/numpy/core/_multiarray_tests.cpython-310-x86_64-linux-gnu.so
7fb1cd5bf000-7fb1cd5d6000 r-xp 00007000 00:62 10175495                   /home/ubuntu/.local/lib/python3.10/site-packages/numpy/core/_multiarray_tests.cpython-310-x86_64-linux-gnu.so
7fb1cd5d6000-7fb1cd5dc000 r--p 0001e000 00:62 10175495                   /home/ubuntu/.local/lib/python3.10/site-packages/numpy/core/_multiarray_tests.cpython-310-x86_64-linux-gnu.so
7fb1cd5dc000-7fb1cd5dd000 r--p 00023000 00:62 10175495                   /home/ubuntu/.local/lib/python3.10/site-packages/numpy/core/_multiarray_tests.cpython-310-x86_64-linux-gnu.so
7fb1cd5dd000-7fb1cd5df000 rw-p 00024000 00:62 10175495                   /home/ubuntu/.local/lib/python3.10/site-packages/numpy/core/_multiarray_tests.cpython-310-x86_64-linux-gnu.so
7fb1cd5df000-7fb1cd5e0000 r--p 00000000 00:62 10045261                   /usr/lib/python3.10/lib-dynload/_contextvars.cpython-310-x86_64-linux-gnu.so
7fb1cd5e0000-7fb1cd5e1000 r-xp 00001000 00:62 10045261                   /usr/lib/python3.10/lib-dynload/_contextvars.cpython-310-x86_64-linux-gnu.so
7fb1cd5e1000-7fb1cd5e2000 r--p 00002000 00:62 10045261                   /usr/lib/python3.10/lib-dynload/_contextvars.cpython-310-x86_64-linux-gnu.so
7fb1cd5e2000-7fb1cd5e3000 r--p 00002000 00:62 10045261                   /usr/lib/python3.10/lib-dynload/_contextvars.cpython-310-x86_64-linux-gnu.so
7fb1cd5e3000-7fb1cd5e4000 rw-p 00003000 00:62 10045261                   /usr/lib/python3.10/lib-dynload/_contextvars.cpython-310-x86_64-linux-gnu.so
7fb1cd5e4000-7fb1cd6e4000 rw-p 00000000 00:00 0 
7fb1cd6e4000-7fb1cd6e6000 r--p 00000000 00:62 10045269                   /usr/lib/python3.10/lib-dynload/_json.cpython-310-x86_64-linux-gnu.so
7fb1cd6e6000-7fb1cd6ed000 r-xp 00002000 00:62 10045269                   /usr/lib/python3.10/lib-dynload/_json.cpython-310-x86_64-linux-gnu.so
7fb1cd6ed000-7fb1cd6ef000 r--p 00009000 00:62 10045269                   /usr/lib/python3.10/lib-dynload/_json.cpython-310-x86_64-linux-gnu.so
7fb1cd6ef000-7fb1cd6f0000 r--p 0000a000 00:62 10045269                   /usr/lib/python3.10/lib-dynload/_json.cpython-310-x86_64-linux-gnu.so
7fb1cd6f0000-7fb1cd6f1000 rw-p 0000b000 00:62 10045269                   /usr/lib/python3.10/lib-dynload/_json.cpython-310-x86_64-linux-gnu.so
7fb1cd6f1000-7fb1cd7f1000 rw-p 00000000 00:00 0 
7fb1cd7f1000-7fb1cd7f2000 r--s 00000000 08:00 45646370                   /home/ubuntu/tbazzocchi/FRAG/MedRAG/corpus/wikipedia/index/bm25/_y.fdx
7fb1cd7f2000-7fb1cd7f3000 rw-s 00000000 00:69 32                         /dev/shm/sem.YR3Tlr (deleted)
7fb1cd7f3000-7fb1cd7f4000 ---p 00000000 00:00 0 
7fb1cd7f4000-7fb1cd7f5000 r--p 00000000 00:00 0 
7fb1cd7f5000-7fb1cd7fb000 r--p 00000000 00:62 10045263                   /usr/lib/python3.10/lib-dynload/_ctypes.cpython-310-x86_64-linux-gnu.so
7fb1cd7fb000-7fb1cd80b000 r-xp 00006000 00:62 10045263                   /usr/lib/python3.10/lib-dynload/_ctypes.cpython-310-x86_64-linux-gnu.so
7fb1cd80b000-7fb1cd811000 r--p 00016000 00:62 10045263                   /usr/lib/python3.10/lib-dynload/_ctypes.cpython-310-x86_64-linux-gnu.so
7fb1cd811000-7fb1cd812000 r--p 0001b000 00:62 10045263                   /usr/lib/python3.10/lib-dynload/_ctypes.cpython-310-x86_64-linux-gnu.so
7fb1cd812000-7fb1cd816000 rw-p 0001c000 00:62 10045263                   /usr/lib/python3.10/lib-dynload/_ctypes.cpython-310-x86_64-linux-gnu.so
7fb1cd816000-7fb1cda78000 rw-p 00000000 00:00 0 
7fb1cda78000-7fb1cda7f000 r--s 00000000 00:62 42020870                   /usr/lib/x86_64-linux-gnu/gconv/gconv-modules.cache
7fb1cda7f000-7fb1cdad6000 r--p 00000000 00:62 25642035                   /usr/lib/locale/C.utf8/LC_CTYPE
7fb1cdad6000-7fb1cdad8000 rw-p 00000000 00:00 0 
7fb1cdad8000-7fb1cdb00000 r--p 00000000 00:62 42020336                   /usr/lib/x86_64-linux-gnu/libc.so.6
7fb1cdb00000-7fb1cdc95000 r-xp 00028000 00:62 42020336                   /usr/lib/x86_64-linux-gnu/libc.so.6
7fb1cdc95000-7fb1cdced000 r--p 001bd000 00:62 42020336                   /usr/lib/x86_64-linux-gnu/libc.so.6
7fb1cdced000-7fb1cdcee000 ---p 00215000 00:62 42020336                   /usr/lib/x86_64-linux-gnu/libc.so.6
7fb1cdcee000-7fb1cdcf2000 r--p 00215000 00:62 42020336                   /usr/lib/x86_64-linux-gnu/libc.so.6
7fb1cdcf2000-7fb1cdcf4000 rw-p 00219000 00:62 42020336                   /usr/lib/x86_64-linux-gnu/libc.so.6
7fb1cdcf4000-7fb1cdd01000 rw-p 00000000 00:00 0 
7fb1cdd01000-7fb1cdd03000 r--p 00000000 00:62 25773489                   /usr/lib/x86_64-linux-gnu/libz.so.1.2.11
7fb1cdd03000-7fb1cdd14000 r-xp 00002000 00:62 25773489                   /usr/lib/x86_64-linux-gnu/libz.so.1.2.11
7fb1cdd14000-7fb1cdd1a000 r--p 00013000 00:62 25773489                   /usr/lib/x86_64-linux-gnu/libz.so.1.2.11
7fb1cdd1a000-7fb1cdd1b000 ---p 00019000 00:62 25773489                   /usr/lib/x86_64-linux-gnu/libz.so.1.2.11
7fb1cdd1b000-7fb1cdd1c000 r--p 00019000 00:62 25773489                   /usr/lib/x86_64-linux-gnu/libz.so.1.2.11
7fb1cdd1c000-7fb1cdd1d000 rw-p 0001a000 00:62 25773489                   /usr/lib/x86_64-linux-gnu/libz.so.1.2.11
7fb1cdd1d000-7fb1cdd21000 r--p 00000000 00:62 9914585                    /usr/lib/x86_64-linux-gnu/libexpat.so.1.8.7
7fb1cdd21000-7fb1cdd40000 r-xp 00004000 00:62 9914585                    /usr/lib/x86_64-linux-gnu/libexpat.so.1.8.7
7fb1cdd40000-7fb1cdd4a000 r--p 00023000 00:62 9914585                    /usr/lib/x86_64-linux-gnu/libexpat.so.1.8.7
7fb1cdd4a000-7fb1cdd4b000 ---p 0002d000 00:62 9914585                    /usr/lib/x86_64-linux-gnu/libexpat.so.1.8.7
7fb1cdd4b000-7fb1cdd4d000 r--p 0002d000 00:62 9914585                    /usr/lib/x86_64-linux-gnu/libexpat.so.1.8.7
7fb1cdd4d000-7fb1cdd4e000 rw-p 0002f000 00:62 9914585                    /usr/lib/x86_64-linux-gnu/libexpat.so.1.8.7
7fb1cdd4e000-7fb1cdd5c000 r--p 00000000 00:62 42020342                   /usr/lib/x86_64-linux-gnu/libm.so.6
7fb1cdd5c000-7fb1cddd8000 r-xp 0000e000 00:62 42020342                   /usr/lib/x86_64-linux-gnu/libm.so.6
7fb1cddd8000-7fb1cde33000 r--p 0008a000 00:62 42020342                   /usr/lib/x86_64-linux-gnu/libm.so.6
7fb1cde33000-7fb1cde34000 r--p 000e4000 00:62 42020342                   /usr/lib/x86_64-linux-gnu/libm.so.6
7fb1cde34000-7fb1cde35000 rw-p 000e5000 00:62 42020342                   /usr/lib/x86_64-linux-gnu/libm.so.6
7fb1cde35000-7fb1cde36000 r--p 00000000 00:62 10045507                   /usr/lib/python3.10/lib-dynload/_opcode.cpython-310-x86_64-linux-gnu.so
7fb1cde36000-7fb1cde37000 r-xp 00001000 00:62 10045507                   /usr/lib/python3.10/lib-dynload/_opcode.cpython-310-x86_64-linux-gnu.so
7fb1cde37000-7fb1cde38000 r--p 00002000 00:62 10045507                   /usr/lib/python3.10/lib-dynload/_opcode.cpython-310-x86_64-linux-gnu.so
7fb1cde38000-7fb1cde39000 r--p 00002000 00:62 10045507                   /usr/lib/python3.10/lib-dynload/_opcode.cpython-310-x86_64-linux-gnu.so
7fb1cde39000-7fb1cde3a000 rw-p 00003000 00:62 10045507                   /usr/lib/python3.10/lib-dynload/_opcode.cpython-310-x86_64-linux-gnu.so
7fb1cde3a000-7fb1cde3c000 rw-p 00000000 00:00 0 
7fb1cde3c000-7fb1cde3e000 r--p 00000000 00:62 42020330                   /usr/lib/x86_64-linux-gnu/ld-linux-x86-64.so.2
7fb1cde3e000-7fb1cde68000 r-xp 00002000 00:62 42020330                   /usr/lib/x86_64-linux-gnu/ld-linux-x86-64.so.2
7fb1cde68000-7fb1cde73000 r--p 0002c000 00:62 42020330                   /usr/lib/x86_64-linux-gnu/ld-linux-x86-64.so.2
7fb1cde73000-7fb1cde74000 ---p 00000000 00:00 0 
7fb1cde74000-7fb1cde76000 r--p 00037000 00:62 42020330                   /usr/lib/x86_64-linux-gnu/ld-linux-x86-64.so.2
7fb1cde76000-7fb1cde78000 rw-p 00039000 00:62 42020330                   /usr/lib/x86_64-linux-gnu/ld-linux-x86-64.so.2
7ffc8cb1b000-7ffc8cb1f000 ---p 00000000 00:00 0 
7ffc8cb1f000-7ffc8cc1b000 rw-p 00000000 00:00 0                          [stack]
7ffc8cca6000-7ffc8ccaa000 r--p 00000000 00:00 0                          [vvar]
7ffc8ccaa000-7ffc8ccac000 r-xp 00000000 00:00 0                          [vdso]
ffffffffff600000-ffffffffff601000 --xp 00000000 00:00 0                  [vsyscall]


VM Arguments:
java_command: <unknown>
java_class_path (initial): /home/ubuntu/.local/lib/python3.10/site-packages/pyserini/resources/jars/anserini-0.22.1-fatjar.jar:/home/ubuntu/.local/lib/python3.10/site-packages/jnius/src
Launcher Type: generic

[Global flags]
     intx CICompilerCount                          = 12                                        {product} {ergonomic}
     uint ConcGCThreads                            = 4                                         {product} {ergonomic}
     uint G1ConcRefinementThreads                  = 15                                        {product} {ergonomic}
   size_t G1HeapRegionSize                         = 16777216                                  {product} {ergonomic}
    uintx GCDrainStackTargetSize                   = 64                                        {product} {ergonomic}
   size_t InitialHeapSize                          = 2147483648                                {product} {ergonomic}
   size_t MarkStackSize                            = 4194304                                   {product} {ergonomic}
   size_t MaxHeapSize                              = 32178700288                               {product} {ergonomic}
   size_t MaxNewSize                               = 19293798400                               {product} {ergonomic}
   size_t MinHeapDeltaBytes                        = 16777216                                  {product} {ergonomic}
   size_t MinHeapSize                              = 16777216                                  {product} {ergonomic}
    uintx NonNMethodCodeHeapSize                   = 7602480                                {pd product} {ergonomic}
    uintx NonProfiledCodeHeapSize                  = 122027880                              {pd product} {ergonomic}
    uintx ProfiledCodeHeapSize                     = 122027880                              {pd product} {ergonomic}
    uintx ReservedCodeCacheSize                    = 251658240                              {pd product} {ergonomic}
     bool SegmentedCodeCache                       = true                                      {product} {ergonomic}
   size_t SoftMaxHeapSize                          = 32178700288                            {manageable} {ergonomic}
     bool UseCompressedClassPointers               = true                           {product lp64_product} {ergonomic}
     bool UseCompressedOops                        = true                           {product lp64_product} {ergonomic}
     bool UseG1GC                                  = true                                      {product} {ergonomic}

Logging:
Log output configuration:
 #0: stdout all=off uptime,level,tags
 #1: stderr all=off uptime,level,tags

Environment Variables:
PATH=/home/ubuntu/.local/bin:/usr/local/sbin:/usr/local/bin:/usr/sbin:/usr/bin:/sbin:/bin:/usr/games:/usr/local/games:/snap/bin
SHELL=/bin/bash
LC_CTYPE=C.UTF-8
TERM=xterm-256color

Active Locale:
LC_ALL=LC_CTYPE=C.UTF-8;LC_NUMERIC=C;LC_TIME=C;LC_COLLATE=C;LC_MONETARY=C;LC_MESSAGES=C;LC_PAPER=C;LC_NAME=C;LC_ADDRESS=C;LC_TELEPHONE=C;LC_MEASUREMENT=C;LC_IDENTIFICATION=C
LC_COLLATE=C
LC_CTYPE=C.UTF-8
LC_MESSAGES=C
LC_MONETARY=C
LC_NUMERIC=C
LC_TIME=C

Signal Handlers:
   SIGSEGV: crash_handler in libjvm.so, mask=11100100010111111101111111111110, flags=SA_RESTART|SA_SIGINFO, unblocked
    SIGBUS: crash_handler in libjvm.so, mask=11100100010111111101111111111110, flags=SA_RESTART|SA_SIGINFO, unblocked
    SIGFPE: crash_handler in libjvm.so, mask=11100100010111111101111111111110, flags=SA_RESTART|SA_SIGINFO, unblocked
   SIGPIPE: javaSignalHandler in libjvm.so, mask=11100100010111111101111111111110, flags=SA_RESTART|SA_SIGINFO, blocked
  *** Handler was modified!
  *** Expected: 0x000055f59fd55db0, mask=00001100100100001000001000000101, flags=SA_RESTART|SA_SIGINFO
   SIGXFSZ: javaSignalHandler in libjvm.so, mask=11100100010111111101111111111110, flags=SA_RESTART|SA_SIGINFO, blocked
  *** Handler was modified!
  *** Expected: 0x000055f59fd01bc0, mask=00001001010110010100000100000101, flags=SA_RESTART|SA_SIGINFO
    SIGILL: crash_handler in libjvm.so, mask=11100100010111111101111111111110, flags=SA_RESTART|SA_SIGINFO, unblocked
   SIGUSR2: SR_handler in libjvm.so, mask=00100000000000000000000000000000, flags=SA_RESTART|SA_SIGINFO, blocked
  *** Handler was modified!
  *** Expected: 0x000055f59fd17200, mask=00000011110110000000101111111001, flags=SA_RESTART|SA_SIGINFO
    SIGHUP: UserHandler in libjvm.so, mask=11100100010111111101111111111110, flags=SA_RESTART|SA_SIGINFO, blocked
    SIGINT: signal_hook_registry::handler::h48e95e5958e3ecc9 in hf_xet.abi3.so, mask=00000000000000000000000000000000, flags=SA_RESTART|SA_SIGINFO, blocked
   SIGTERM: UserHandler in libjvm.so, mask=11100100010111111101111111111110, flags=SA_RESTART|SA_SIGINFO, blocked
   SIGQUIT: UserHandler in libjvm.so, mask=11100100010111111101111111111110, flags=SA_RESTART|SA_SIGINFO, blocked
   SIGTRAP: crash_handler in libjvm.so, mask=11100100010111111101111111111110, flags=SA_RESTART|SA_SIGINFO, unblocked


Periodic native trim disabled


---------------  S Y S T E M  ---------------

OS:
DISTRIB_ID=Ubuntu
DISTRIB_RELEASE=22.04
DISTRIB_CODENAME=jammy
DISTRIB_DESCRIPTION="Ubuntu 22.04.4 LTS"
uname: Linux 5.15.0-141-generic #151-Ubuntu SMP Sun May 18 21:35:19 UTC 2025 x86_64
OS uptime: 11 days 6:27 hours
libc: glibc 2.35 NPTL 2.35 
rlimit (soft/hard): STACK 8192k/infinity , CORE infinity/infinity , NPROC infinity/infinity , NOFILE 1048576/1048576 , AS infinity/infinity , CPU infinity/infinity , DATA infinity/infinity , FSIZE infinity/infinity , MEMLOCK 64k/64k
load average: 10.43 11.69 11.05

/proc/meminfo:
MemTotal:       395722488 kB
MemFree:        37152412 kB
MemAvailable:   335209976 kB
Buffers:         8182384 kB
Cached:         272390876 kB
SwapCached:          524 kB
Active:         118238936 kB
Inactive:       216920512 kB
Active(anon):       4872 kB
Inactive(anon): 54585752 kB
Active(file):   118234064 kB
Inactive(file): 162334760 kB
Unevictable:           0 kB
Mlocked:               0 kB
SwapTotal:      268435452 kB
SwapFree:       268431356 kB
Dirty:              3396 kB
Writeback:             0 kB
AnonPages:      54586072 kB
Mapped:         63506192 kB
Shmem:              4432 kB
KReclaimable:   20598972 kB
Slab:           22487448 kB
SReclaimable:   20598972 kB
SUnreclaim:      1888476 kB
KernelStack:       21344 kB
PageTables:       260920 kB
NFS_Unstable:          0 kB
Bounce:                0 kB
WritebackTmp:          0 kB
CommitLimit:    466296696 kB
Committed_AS:   201659384 kB
VmallocTotal:   34359738367 kB
VmallocUsed:      226224 kB
VmallocChunk:          0 kB
Percpu:            33312 kB
HardwareCorrupted:     0 kB
AnonHugePages:         0 kB
ShmemHugePages:        0 kB
ShmemPmdMapped:        0 kB
FileHugePages:         0 kB
FilePmdMapped:         0 kB
HugePages_Total:       0
HugePages_Free:        0
HugePages_Rsvd:        0
HugePages_Surp:        0
Hugepagesize:       2048 kB
Hugetlb:               0 kB
DirectMap4k:     4182960 kB
DirectMap2M:    143341568 kB
DirectMap1G:    254803968 kB

/sys/kernel/mm/transparent_hugepage/enabled: always [madvise] never
/sys/kernel/mm/transparent_hugepage/hpage_pmd_size: 2097152
/sys/kernel/mm/transparent_hugepage/defrag (defrag/compaction efforts parameter): always defer defer+madvise [madvise] never

Process Memory:
Virtual Size: 239340136K (peak: 239343464K)
Resident Set Size: 114389540K (peak: 114389540K) (anon: 52281248K, file: 62108288K, shmem: 4K)
Swapped out: 0K
C-Heap outstanding allocations: 30965242K, retained: 4083161K
glibc malloc tunables: (default)

/proc/sys/kernel/threads-max (system-wide limit on the number of threads): 3089982
/proc/sys/vm/max_map_count (maximum number of memory map areas a process may have): 65530
/proc/sys/vm/swappiness (control to define how aggressively the kernel swaps out anonymous memory): 60
/proc/sys/kernel/pid_max (system-wide limit on number of process identifiers): 4194304

container (cgroup) information:
container_type: cgroupv2
cpu_cpuset_cpus: not supported
cpu_memory_nodes: not supported
active_processor_count: 20
cpu_quota: no quota
cpu_period: 100000
cpu_shares: no shares
memory_limit_in_bytes: unlimited
memory_and_swap_limit_in_bytes: unlimited
memory_soft_limit_in_bytes: 0
memory_usage_in_bytes: 268829032 k
memory_max_usage_in_bytes: not supported
memory_swap_current_in_bytes: 1856 k
memory_swap_max_limit_in_bytes: unlimited
maximum number of tasks: 463497
current number of tasks: 235

Steal ticks since vm start: 0
Steal ticks percentage since vm start:  0.000

CPU: total 20 (initial active 20) (10 cores per cpu, 2 threads per core) family 6 model 85 stepping 7 microcode 0x5003901, cx8, cmov, fxsr, ht, mmx, 3dnowpref, sse, sse2, sse3, ssse3, sse4.1, sse4.2, popcnt, lzcnt, tsc, tscinvbit, avx, avx2, aes, erms, clmul, bmi1, bmi2, adx, avx512f, avx512dq, avx512cd, avx512bw, avx512vl, fma, vzeroupper, avx512_vnni, clflush, clflushopt, clwb
CPU Model and flags from /proc/cpuinfo:
model name	: Intel(R) Xeon(R) W-2255 CPU @ 3.70GHz
flags		: fpu vme de pse tsc msr pae mce cx8 apic sep mtrr pge mca cmov pat pse36 clflush dts acpi mmx fxsr sse sse2 ss ht tm pbe syscall nx pdpe1gb rdtscp lm constant_tsc art arch_perfmon pebs bts rep_good nopl xtopology nonstop_tsc cpuid aperfmperf pni pclmulqdq dtes64 monitor ds_cpl vmx smx est tm2 ssse3 sdbg fma cx16 xtpr pdcm pcid dca sse4_1 sse4_2 x2apic movbe popcnt tsc_deadline_timer aes xsave avx f16c rdrand lahf_lm abm 3dnowprefetch cpuid_fault epb cat_l3 cdp_l3 invpcid_single intel_ppin ssbd mba ibrs ibpb stibp ibrs_enhanced tpr_shadow vnmi flexpriority ept vpid ept_ad fsgsbase tsc_adjust bmi1 avx2 smep bmi2 erms invpcid cqm mpx rdt_a avx512f avx512dq rdseed adx smap clflushopt clwb intel_pt avx512cd avx512bw avx512vl xsaveopt xsavec xgetbv1 xsaves cqm_llc cqm_occup_llc cqm_mbm_total cqm_mbm_local dtherm ida arat pln pts hwp hwp_act_window hwp_epp hwp_pkg_req avx512_vnni md_clear flush_l1d arch_capabilities

Online cpus: 0-19
Offline cpus: 
BIOS frequency limitation: <Not Available>
Frequency switch latency (ns): 0
Available cpu frequencies: <Not Available>
Current governor: powersave
Core performance/turbo boost: <Not Available>

Memory: 4k page, physical 395722488k(37141840k free), swap 268435452k(268431356k free)
Page Sizes: 4k

vm_info: OpenJDK 64-Bit Server VM (17.0.16+8-Ubuntu-0ubuntu122.04.1) for linux-amd64 JRE (17.0.16+8-Ubuntu-0ubuntu122.04.1), built on Jul 17 2025 00:00:46 by "buildd" with gcc 11.4.0

END.
