#
# A fatal error has been detected by the Java Runtime Environment:
#
#  SIGSEGV (0xb) at pc=0x00007f8682013a80, pid=176113, tid=176538
#
# JRE version: OpenJDK Runtime Environment (17.0.16+8) (build 17.0.16+8-Ubuntu-0ubuntu122.04.1)
# Java VM: OpenJDK 64-Bit Server VM (17.0.16+8-Ubuntu-0ubuntu122.04.1, mixed mode, sharing, tiered, compressed oops, compressed class ptrs, g1 gc, linux-amd64)
# Problematic frame:
# C  0xde9e97d8263e3a00
#
# Core dump will be written. Default location: Core dumps may be processed with "/usr/share/apport/apport -p%p -s%s -c%c -d%d -P%P -u%u -g%g -F%F -- %E" (or dumping to /home/ubuntu/tbazzocchi/FRAG/MedRAG/core.176113)
#
# If you would like to submit a bug report, please visit:
#   https://bugs.launchpad.net/ubuntu/+source/openjdk-17
#

---------------  S U M M A R Y ------------

Command Line: 

Host: Intel(R) Xeon(R) W-2255 CPU @ 3.70GHz, 20 cores, 377G, Ubuntu 22.04.4 LTS
Time: Wed Nov 12 15:24:48 2025 UTC elapsed time: 570.025491 seconds (0d 0h 9m 30s)

---------------  T H R E A D  ---------------

Current thread is native thread

Stack: [0x00007f86459f7000,0x00007f86461f7000],  sp=0x00007f86461f53a0,  free space=8184k
Native frames: (J=compiled Java code, j=interpreted, Vv=VM code, C=native code)
C  0xde9e97d8263e3a00


siginfo: si_signo: 11 (SIGSEGV), si_code: 2 (SEGV_ACCERR), si_addr: 0x00007f8682013a80

Registers:
RAX=0x0000000000000007, RBX=0x00007f8029f99900, RCX=0x00007f805eb6af80, RDX=0x0000000000000300
RSP=0x00007f86461f5398, RBP=0x00007f8029fa793c, RSI=0x0000000000000180, RDI=0x0000000000000030
R8 =0x00007f805eb35200, R9 =0x00007f805ed09200, R10=0x00007f80295899c0, R11=0x000000000000e000
R12=0x00000000000000c8, R13=0x0000000000000030, R14=0x00007f805eb44500, R15=0x00007f805ed50a80
RIP=0x00007f8682013a80, EFLAGS=0x0000000000010202, CSGSFS=0x002b000000000033, ERR=0x0000000000000015
  TRAPNO=0x000000000000000e

XMM[0]=0xbc4b3b833c0bbb48 0x3b0d3c083c483acb
XMM[1]=0xbc2abc8abc983b7e 0xbd56bb213cc8bbfc
XMM[2]=0xbd0e3b3b3ba5bc75 0xbb64bbc53cad3add
XMM[3]=0xbc8a00003b7e0000 0xbb210000bbfc0000
XMM[4]=0x3cc53f0f3cc53f0f 0x3cc53f0f3cc53f0f
XMM[5]=0x3e453e883e453e88 0x3e453e883e453e88
XMM[6]=0x3f0f00003f0f0000 0x3f0f00003f0f0000
XMM[7]=0x0000000000000000 0x0000000000000000
XMM[8]=0xbe6e2b43be49b70f 0xbe6f0b703da1f6a0
XMM[9]=0xbe5dfef3be5ed949 0xbe96bf313d3ebcbf
XMM[10]=0xbe0eb446be4afcf8 0xbe6245603e2d909e
XMM[11]=0xbdc175e9be03f9b8 0xbdae37633e6c65dd
XMM[12]=0xbda86558bd69582c 0xbe04c19f3e62c7f1
XMM[13]=0xbd194c4abc59bdd4 0xbd4440a63e56462f
XMM[14]=0xbd293528bdde7a8a 0xbe152fa83d8cd933
XMM[15]=0xbd8c17b03cd8fb8c 0xbdc59bbc3e64ac58
  MXCSR=0x00001fbb


Top of Stack: (sp=0x00007f86461f5398)
0x00007f86461f5398:   de9e97d8263e3a00 00000000000f3476
0x00007f86461f53a8:   ffffffffffffff80 0000000000000022
0x00007f86461f53b8:   00007f845a0e14e0 00007f845b015c60
0x00007f86461f53c8:   00007f805ed9a000 00007f805ed99000
0x00007f86461f53d8:   0000000000000004 00007f86461f54e0
0x00007f86461f53e8:   00007f8d8adfb64e 00007f8029589900
0x00007f86461f53f8:   0000000000003800 00007f805ed99000
0x00007f86461f5408:   00007f805ed9a000 00000000000079a3
0x00007f86461f5418:   0000000000000f34 0000000000000004
0x00007f86461f5428:   00007f86461f5860 00007f8029589900
0x00007f86461f5438:   00007f805ed09000 00007f805eb35000
0x00007f86461f5448:   0000000000000004 3f8000003f800000
0x00007f86461f5458:   0000000000000300 0000000000000180
0x00007f86461f5468:   0000000000000030 00007f845b015c60
0x00007f86461f5478:   00007f845b015c64 00007f845b015c64
0x00007f86461f5488:   0000000000000080 00007f845a0e14e0
0x00007f86461f5498:   00007f845a0e14e4 00007f845a0e14e4
0x00007f86461f54a8:   de9e97d8263e3a00 00007f86461f5860
0x00007f86461f54b8:   0000000000000000 0000000000002220
0x00007f86461f54c8:   00007f8029589900 0000000000002220
0x00007f86461f54d8:   0000000000000000 00007f86461f56a0
0x00007f86461f54e8:   00007f8d8adfc3b2 0000000000003800
0x00007f86461f54f8:   00007f805ed9a000 00007f805ed99000
0x00007f86461f5508:   00007f86461f5860 00007f86461f5530
0x00007f86461f5518:   0000000000000300 0000000000003800
0x00007f86461f5528:   0000000000002700 00007f805de68f80
0x00007f86461f5538:   00007f8427a3e040 0000000000000900
0x00007f86461f5548:   0000000000000001 0000000000000001
0x00007f86461f5558:   0000000000001000 000000000000e000
0x00007f86461f5568:   00007f815bfe5f60 0000000000000900
0x00007f86461f5578:   0000000000001000 0000000000001000
0x00007f86461f5588:   000000000000a040 00007f813f800000 

Instructions: (pc=0xde9e97d8263e3a00)
0xde9e97d8263e3900:   ?? ?? ?? ?? ?? ?? ?? ?? ?? ?? ?? ?? ?? ?? ?? ??
0xde9e97d8263e3910:   ?? ?? ?? ?? ?? ?? ?? ?? ?? ?? ?? ?? ?? ?? ?? ??
0xde9e97d8263e3920:   ?? ?? ?? ?? ?? ?? ?? ?? ?? ?? ?? ?? ?? ?? ?? ??
0xde9e97d8263e3930:   ?? ?? ?? ?? ?? ?? ?? ?? ?? ?? ?? ?? ?? ?? ?? ??
0xde9e97d8263e3940:   ?? ?? ?? ?? ?? ?? ?? ?? ?? ?? ?? ?? ?? ?? ?? ??
0xde9e97d8263e3950:   ?? ?? ?? ?? ?? ?? ?? ?? ?? ?? ?? ?? ?? ?? ?? ??
0xde9e97d8263e3960:   ?? ?? ?? ?? ?? ?? ?? ?? ?? ?? ?? ?? ?? ?? ?? ??
0xde9e97d8263e3970:   ?? ?? ?? ?? ?? ?? ?? ?? ?? ?? ?? ?? ?? ?? ?? ??
0xde9e97d8263e3980:   ?? ?? ?? ?? ?? ?? ?? ?? ?? ?? ?? ?? ?? ?? ?? ??
0xde9e97d8263e3990:   ?? ?? ?? ?? ?? ?? ?? ?? ?? ?? ?? ?? ?? ?? ?? ??
0xde9e97d8263e39a0:   ?? ?? ?? ?? ?? ?? ?? ?? ?? ?? ?? ?? ?? ?? ?? ??
0xde9e97d8263e39b0:   ?? ?? ?? ?? ?? ?? ?? ?? ?? ?? ?? ?? ?? ?? ?? ??
0xde9e97d8263e39c0:   ?? ?? ?? ?? ?? ?? ?? ?? ?? ?? ?? ?? ?? ?? ?? ??
0xde9e97d8263e39d0:   ?? ?? ?? ?? ?? ?? ?? ?? ?? ?? ?? ?? ?? ?? ?? ??
0xde9e97d8263e39e0:   ?? ?? ?? ?? ?? ?? ?? ?? ?? ?? ?? ?? ?? ?? ?? ??
0xde9e97d8263e39f0:   ?? ?? ?? ?? ?? ?? ?? ?? ?? ?? ?? ?? ?? ?? ?? ??
0xde9e97d8263e3a00:   ?? ?? ?? ?? ?? ?? ?? ?? ?? ?? ?? ?? ?? ?? ?? ??
0xde9e97d8263e3a10:   ?? ?? ?? ?? ?? ?? ?? ?? ?? ?? ?? ?? ?? ?? ?? ??
0xde9e97d8263e3a20:   ?? ?? ?? ?? ?? ?? ?? ?? ?? ?? ?? ?? ?? ?? ?? ??
0xde9e97d8263e3a30:   ?? ?? ?? ?? ?? ?? ?? ?? ?? ?? ?? ?? ?? ?? ?? ??
0xde9e97d8263e3a40:   ?? ?? ?? ?? ?? ?? ?? ?? ?? ?? ?? ?? ?? ?? ?? ??
0xde9e97d8263e3a50:   ?? ?? ?? ?? ?? ?? ?? ?? ?? ?? ?? ?? ?? ?? ?? ??
0xde9e97d8263e3a60:   ?? ?? ?? ?? ?? ?? ?? ?? ?? ?? ?? ?? ?? ?? ?? ??
0xde9e97d8263e3a70:   ?? ?? ?? ?? ?? ?? ?? ?? ?? ?? ?? ?? ?? ?? ?? ??
0xde9e97d8263e3a80:   ?? ?? ?? ?? ?? ?? ?? ?? ?? ?? ?? ?? ?? ?? ?? ??
0xde9e97d8263e3a90:   ?? ?? ?? ?? ?? ?? ?? ?? ?? ?? ?? ?? ?? ?? ?? ??
0xde9e97d8263e3aa0:   ?? ?? ?? ?? ?? ?? ?? ?? ?? ?? ?? ?? ?? ?? ?? ??
0xde9e97d8263e3ab0:   ?? ?? ?? ?? ?? ?? ?? ?? ?? ?? ?? ?? ?? ?? ?? ??
0xde9e97d8263e3ac0:   ?? ?? ?? ?? ?? ?? ?? ?? ?? ?? ?? ?? ?? ?? ?? ??
0xde9e97d8263e3ad0:   ?? ?? ?? ?? ?? ?? ?? ?? ?? ?? ?? ?? ?? ?? ?? ??
0xde9e97d8263e3ae0:   ?? ?? ?? ?? ?? ?? ?? ?? ?? ?? ?? ?? ?? ?? ?? ??
0xde9e97d8263e3af0:   ?? ?? ?? ?? ?? ?? ?? ?? ?? ?? ?? ?? ?? ?? ?? ?? 



---------------  P R O C E S S  ---------------

VM state: at safepoint (shutting down)

VM Mutex/Monitor currently owned by a thread:  ([mutex/lock_event])
[0x00005579ad4c57a0] Threads_lock - owner thread: 0x00005579ad559520
[0x00005579ac8c1a00] Heap_lock - owner thread: 0x00007f8b600011d0

Heap address: 0x0000000082000000, size: 30688 MB, Compressed Oops mode: Zero based, Oop shift amount: 3

CDS archive(s) mapped at: [0x00007f8b7b000000-0x00007f8b7bbca000-0x00007f8b7bbca000), size 12361728, SharedBaseAddress: 0x00007f8b7b000000, ArchiveRelocationMode: 1.
Compressed class space mapped at: 0x00007f8b7c000000-0x00007f8bbc000000, reserved size: 1073741824
Narrow klass base: 0x00007f8b7b000000, Narrow klass shift: 0, Narrow klass range: 0x100000000

GC Precious Log:
<Skipped>

Heap:
 garbage-first heap   total 2129920K, used 25607K [0x0000000082000000, 0x0000000800000000)
  region size 16384K, 2 young (32768K), 1 survivors (16384K)
 Metaspace       used 18674K, committed 18880K, reserved 1114112K
  class space    used 2168K, committed 2240K, reserved 1048576K

Heap Regions: E=young(eden), S=young(survivor), O=old, HS=humongous(starts), HC=humongous(continues), CS=collection set, F=free, OA=open archive, CA=closed archive, TAMS=top-at-mark-start (previous, next)
|   0|0x0000000082000000, 0x0000000082831c08, 0x0000000083000000| 51%| O|  |TAMS 0x0000000082000000, 0x0000000082000000| Untracked 
|   1|0x0000000083000000, 0x0000000083000000, 0x0000000084000000|  0%| F|  |TAMS 0x0000000083000000, 0x0000000083000000| Untracked 
|   2|0x0000000084000000, 0x0000000084000000, 0x0000000085000000|  0%| F|  |TAMS 0x0000000084000000, 0x0000000084000000| Untracked 
|   3|0x0000000085000000, 0x0000000085000000, 0x0000000086000000|  0%| F|  |TAMS 0x0000000085000000, 0x0000000085000000| Untracked 
|   4|0x0000000086000000, 0x0000000086000000, 0x0000000087000000|  0%| F|  |TAMS 0x0000000086000000, 0x0000000086000000| Untracked 
|   5|0x0000000087000000, 0x0000000087000000, 0x0000000088000000|  0%| F|  |TAMS 0x0000000087000000, 0x0000000087000000| Untracked 
|   6|0x0000000088000000, 0x0000000088000000, 0x0000000089000000|  0%| F|  |TAMS 0x0000000088000000, 0x0000000088000000| Untracked 
|   7|0x0000000089000000, 0x0000000089000000, 0x000000008a000000|  0%| F|  |TAMS 0x0000000089000000, 0x0000000089000000| Untracked 
|   8|0x000000008a000000, 0x000000008a000000, 0x000000008b000000|  0%| F|  |TAMS 0x000000008a000000, 0x000000008a000000| Untracked 
|   9|0x000000008b000000, 0x000000008b000000, 0x000000008c000000|  0%| F|  |TAMS 0x000000008b000000, 0x000000008b000000| Untracked 
|  10|0x000000008c000000, 0x000000008c000000, 0x000000008d000000|  0%| F|  |TAMS 0x000000008c000000, 0x000000008c000000| Untracked 
|  11|0x000000008d000000, 0x000000008d000000, 0x000000008e000000|  0%| F|  |TAMS 0x000000008d000000, 0x000000008d000000| Untracked 
|  12|0x000000008e000000, 0x000000008e000000, 0x000000008f000000|  0%| F|  |TAMS 0x000000008e000000, 0x000000008e000000| Untracked 
|  13|0x000000008f000000, 0x000000008f000000, 0x0000000090000000|  0%| F|  |TAMS 0x000000008f000000, 0x000000008f000000| Untracked 
|  14|0x0000000090000000, 0x0000000090000000, 0x0000000091000000|  0%| F|  |TAMS 0x0000000090000000, 0x0000000090000000| Untracked 
|  15|0x0000000091000000, 0x0000000091000000, 0x0000000092000000|  0%| F|  |TAMS 0x0000000091000000, 0x0000000091000000| Untracked 
|  16|0x0000000092000000, 0x0000000092000000, 0x0000000093000000|  0%| F|  |TAMS 0x0000000092000000, 0x0000000092000000| Untracked 
|  17|0x0000000093000000, 0x0000000093000000, 0x0000000094000000|  0%| F|  |TAMS 0x0000000093000000, 0x0000000093000000| Untracked 
|  18|0x0000000094000000, 0x0000000094000000, 0x0000000095000000|  0%| F|  |TAMS 0x0000000094000000, 0x0000000094000000| Untracked 
|  19|0x0000000095000000, 0x0000000095000000, 0x0000000096000000|  0%| F|  |TAMS 0x0000000095000000, 0x0000000095000000| Untracked 
|  20|0x0000000096000000, 0x0000000096000000, 0x0000000097000000|  0%| F|  |TAMS 0x0000000096000000, 0x0000000096000000| Untracked 
|  21|0x0000000097000000, 0x0000000097000000, 0x0000000098000000|  0%| F|  |TAMS 0x0000000097000000, 0x0000000097000000| Untracked 
|  22|0x0000000098000000, 0x0000000098000000, 0x0000000099000000|  0%| F|  |TAMS 0x0000000098000000, 0x0000000098000000| Untracked 
|  23|0x0000000099000000, 0x0000000099000000, 0x000000009a000000|  0%| F|  |TAMS 0x0000000099000000, 0x0000000099000000| Untracked 
|  24|0x000000009a000000, 0x000000009a000000, 0x000000009b000000|  0%| F|  |TAMS 0x000000009a000000, 0x000000009a000000| Untracked 
|  25|0x000000009b000000, 0x000000009b000000, 0x000000009c000000|  0%| F|  |TAMS 0x000000009b000000, 0x000000009b000000| Untracked 
|  26|0x000000009c000000, 0x000000009c000000, 0x000000009d000000|  0%| F|  |TAMS 0x000000009c000000, 0x000000009c000000| Untracked 
|  27|0x000000009d000000, 0x000000009d000000, 0x000000009e000000|  0%| F|  |TAMS 0x000000009d000000, 0x000000009d000000| Untracked 
|  28|0x000000009e000000, 0x000000009e000000, 0x000000009f000000|  0%| F|  |TAMS 0x000000009e000000, 0x000000009e000000| Untracked 
|  29|0x000000009f000000, 0x000000009f000000, 0x00000000a0000000|  0%| F|  |TAMS 0x000000009f000000, 0x000000009f000000| Untracked 
|  30|0x00000000a0000000, 0x00000000a0000000, 0x00000000a1000000|  0%| F|  |TAMS 0x00000000a0000000, 0x00000000a0000000| Untracked 
|  31|0x00000000a1000000, 0x00000000a1000000, 0x00000000a2000000|  0%| F|  |TAMS 0x00000000a1000000, 0x00000000a1000000| Untracked 
|  32|0x00000000a2000000, 0x00000000a2000000, 0x00000000a3000000|  0%| F|  |TAMS 0x00000000a2000000, 0x00000000a2000000| Untracked 
|  33|0x00000000a3000000, 0x00000000a3000000, 0x00000000a4000000|  0%| F|  |TAMS 0x00000000a3000000, 0x00000000a3000000| Untracked 
|  34|0x00000000a4000000, 0x00000000a4000000, 0x00000000a5000000|  0%| F|  |TAMS 0x00000000a4000000, 0x00000000a4000000| Untracked 
|  35|0x00000000a5000000, 0x00000000a5000000, 0x00000000a6000000|  0%| F|  |TAMS 0x00000000a5000000, 0x00000000a5000000| Untracked 
|  36|0x00000000a6000000, 0x00000000a6000000, 0x00000000a7000000|  0%| F|  |TAMS 0x00000000a6000000, 0x00000000a6000000| Untracked 
|  37|0x00000000a7000000, 0x00000000a7000000, 0x00000000a8000000|  0%| F|  |TAMS 0x00000000a7000000, 0x00000000a7000000| Untracked 
|  38|0x00000000a8000000, 0x00000000a8000000, 0x00000000a9000000|  0%| F|  |TAMS 0x00000000a8000000, 0x00000000a8000000| Untracked 
|  39|0x00000000a9000000, 0x00000000a9000000, 0x00000000aa000000|  0%| F|  |TAMS 0x00000000a9000000, 0x00000000a9000000| Untracked 
|  40|0x00000000aa000000, 0x00000000aa000000, 0x00000000ab000000|  0%| F|  |TAMS 0x00000000aa000000, 0x00000000aa000000| Untracked 
|  41|0x00000000ab000000, 0x00000000ab000000, 0x00000000ac000000|  0%| F|  |TAMS 0x00000000ab000000, 0x00000000ab000000| Untracked 
|  42|0x00000000ac000000, 0x00000000ac000000, 0x00000000ad000000|  0%| F|  |TAMS 0x00000000ac000000, 0x00000000ac000000| Untracked 
|  43|0x00000000ad000000, 0x00000000ad000000, 0x00000000ae000000|  0%| F|  |TAMS 0x00000000ad000000, 0x00000000ad000000| Untracked 
|  44|0x00000000ae000000, 0x00000000ae000000, 0x00000000af000000|  0%| F|  |TAMS 0x00000000ae000000, 0x00000000ae000000| Untracked 
|  45|0x00000000af000000, 0x00000000af000000, 0x00000000b0000000|  0%| F|  |TAMS 0x00000000af000000, 0x00000000af000000| Untracked 
|  46|0x00000000b0000000, 0x00000000b0000000, 0x00000000b1000000|  0%| F|  |TAMS 0x00000000b0000000, 0x00000000b0000000| Untracked 
|  47|0x00000000b1000000, 0x00000000b1000000, 0x00000000b2000000|  0%| F|  |TAMS 0x00000000b1000000, 0x00000000b1000000| Untracked 
|  48|0x00000000b2000000, 0x00000000b2000000, 0x00000000b3000000|  0%| F|  |TAMS 0x00000000b2000000, 0x00000000b2000000| Untracked 
|  49|0x00000000b3000000, 0x00000000b3000000, 0x00000000b4000000|  0%| F|  |TAMS 0x00000000b3000000, 0x00000000b3000000| Untracked 
|  50|0x00000000b4000000, 0x00000000b4000000, 0x00000000b5000000|  0%| F|  |TAMS 0x00000000b4000000, 0x00000000b4000000| Untracked 
|  51|0x00000000b5000000, 0x00000000b5000000, 0x00000000b6000000|  0%| F|  |TAMS 0x00000000b5000000, 0x00000000b5000000| Untracked 
|  52|0x00000000b6000000, 0x00000000b6000000, 0x00000000b7000000|  0%| F|  |TAMS 0x00000000b6000000, 0x00000000b6000000| Untracked 
|  53|0x00000000b7000000, 0x00000000b7000000, 0x00000000b8000000|  0%| F|  |TAMS 0x00000000b7000000, 0x00000000b7000000| Untracked 
|  54|0x00000000b8000000, 0x00000000b8000000, 0x00000000b9000000|  0%| F|  |TAMS 0x00000000b8000000, 0x00000000b8000000| Untracked 
|  55|0x00000000b9000000, 0x00000000b9000000, 0x00000000ba000000|  0%| F|  |TAMS 0x00000000b9000000, 0x00000000b9000000| Untracked 
|  56|0x00000000ba000000, 0x00000000ba000000, 0x00000000bb000000|  0%| F|  |TAMS 0x00000000ba000000, 0x00000000ba000000| Untracked 
|  57|0x00000000bb000000, 0x00000000bb000000, 0x00000000bc000000|  0%| F|  |TAMS 0x00000000bb000000, 0x00000000bb000000| Untracked 
|  58|0x00000000bc000000, 0x00000000bc000000, 0x00000000bd000000|  0%| F|  |TAMS 0x00000000bc000000, 0x00000000bc000000| Untracked 
|  59|0x00000000bd000000, 0x00000000bd000000, 0x00000000be000000|  0%| F|  |TAMS 0x00000000bd000000, 0x00000000bd000000| Untracked 
|  60|0x00000000be000000, 0x00000000be000000, 0x00000000bf000000|  0%| F|  |TAMS 0x00000000be000000, 0x00000000be000000| Untracked 
|  61|0x00000000bf000000, 0x00000000bf000000, 0x00000000c0000000|  0%| F|  |TAMS 0x00000000bf000000, 0x00000000bf000000| Untracked 
|  62|0x00000000c0000000, 0x00000000c0000000, 0x00000000c1000000|  0%| F|  |TAMS 0x00000000c0000000, 0x00000000c0000000| Untracked 
|  63|0x00000000c1000000, 0x00000000c1000000, 0x00000000c2000000|  0%| F|  |TAMS 0x00000000c1000000, 0x00000000c1000000| Untracked 
|  64|0x00000000c2000000, 0x00000000c2000000, 0x00000000c3000000|  0%| F|  |TAMS 0x00000000c2000000, 0x00000000c2000000| Untracked 
|  65|0x00000000c3000000, 0x00000000c3000000, 0x00000000c4000000|  0%| F|  |TAMS 0x00000000c3000000, 0x00000000c3000000| Untracked 
|  66|0x00000000c4000000, 0x00000000c4000000, 0x00000000c5000000|  0%| F|  |TAMS 0x00000000c4000000, 0x00000000c4000000| Untracked 
|  67|0x00000000c5000000, 0x00000000c5000000, 0x00000000c6000000|  0%| F|  |TAMS 0x00000000c5000000, 0x00000000c5000000| Untracked 
|  68|0x00000000c6000000, 0x00000000c6000000, 0x00000000c7000000|  0%| F|  |TAMS 0x00000000c6000000, 0x00000000c6000000| Untracked 
|  69|0x00000000c7000000, 0x00000000c7000000, 0x00000000c8000000|  0%| F|  |TAMS 0x00000000c7000000, 0x00000000c7000000| Untracked 
|  70|0x00000000c8000000, 0x00000000c8000000, 0x00000000c9000000|  0%| F|  |TAMS 0x00000000c8000000, 0x00000000c8000000| Untracked 
|  71|0x00000000c9000000, 0x00000000c9000000, 0x00000000ca000000|  0%| F|  |TAMS 0x00000000c9000000, 0x00000000c9000000| Untracked 
|  72|0x00000000ca000000, 0x00000000ca000000, 0x00000000cb000000|  0%| F|  |TAMS 0x00000000ca000000, 0x00000000ca000000| Untracked 
|  73|0x00000000cb000000, 0x00000000cb000000, 0x00000000cc000000|  0%| F|  |TAMS 0x00000000cb000000, 0x00000000cb000000| Untracked 
|  74|0x00000000cc000000, 0x00000000cc000000, 0x00000000cd000000|  0%| F|  |TAMS 0x00000000cc000000, 0x00000000cc000000| Untracked 
|  75|0x00000000cd000000, 0x00000000cd000000, 0x00000000ce000000|  0%| F|  |TAMS 0x00000000cd000000, 0x00000000cd000000| Untracked 
|  76|0x00000000ce000000, 0x00000000ce000000, 0x00000000cf000000|  0%| F|  |TAMS 0x00000000ce000000, 0x00000000ce000000| Untracked 
|  77|0x00000000cf000000, 0x00000000cf000000, 0x00000000d0000000|  0%| F|  |TAMS 0x00000000cf000000, 0x00000000cf000000| Untracked 
|  78|0x00000000d0000000, 0x00000000d0000000, 0x00000000d1000000|  0%| F|  |TAMS 0x00000000d0000000, 0x00000000d0000000| Untracked 
|  79|0x00000000d1000000, 0x00000000d1000000, 0x00000000d2000000|  0%| F|  |TAMS 0x00000000d1000000, 0x00000000d1000000| Untracked 
|  80|0x00000000d2000000, 0x00000000d2000000, 0x00000000d3000000|  0%| F|  |TAMS 0x00000000d2000000, 0x00000000d2000000| Untracked 
|  81|0x00000000d3000000, 0x00000000d3000000, 0x00000000d4000000|  0%| F|  |TAMS 0x00000000d3000000, 0x00000000d3000000| Untracked 
|  82|0x00000000d4000000, 0x00000000d4000000, 0x00000000d5000000|  0%| F|  |TAMS 0x00000000d4000000, 0x00000000d4000000| Untracked 
|  83|0x00000000d5000000, 0x00000000d5000000, 0x00000000d6000000|  0%| F|  |TAMS 0x00000000d5000000, 0x00000000d5000000| Untracked 
|  84|0x00000000d6000000, 0x00000000d6000000, 0x00000000d7000000|  0%| F|  |TAMS 0x00000000d6000000, 0x00000000d6000000| Untracked 
|  85|0x00000000d7000000, 0x00000000d7000000, 0x00000000d8000000|  0%| F|  |TAMS 0x00000000d7000000, 0x00000000d7000000| Untracked 
|  86|0x00000000d8000000, 0x00000000d8000000, 0x00000000d9000000|  0%| F|  |TAMS 0x00000000d8000000, 0x00000000d8000000| Untracked 
|  87|0x00000000d9000000, 0x00000000d9000000, 0x00000000da000000|  0%| F|  |TAMS 0x00000000d9000000, 0x00000000d9000000| Untracked 
|  88|0x00000000da000000, 0x00000000da000000, 0x00000000db000000|  0%| F|  |TAMS 0x00000000da000000, 0x00000000da000000| Untracked 
|  89|0x00000000db000000, 0x00000000db000000, 0x00000000dc000000|  0%| F|  |TAMS 0x00000000db000000, 0x00000000db000000| Untracked 
|  90|0x00000000dc000000, 0x00000000dc000000, 0x00000000dd000000|  0%| F|  |TAMS 0x00000000dc000000, 0x00000000dc000000| Untracked 
|  91|0x00000000dd000000, 0x00000000dd000000, 0x00000000de000000|  0%| F|  |TAMS 0x00000000dd000000, 0x00000000dd000000| Untracked 
|  92|0x00000000de000000, 0x00000000de000000, 0x00000000df000000|  0%| F|  |TAMS 0x00000000de000000, 0x00000000de000000| Untracked 
|  93|0x00000000df000000, 0x00000000df000000, 0x00000000e0000000|  0%| F|  |TAMS 0x00000000df000000, 0x00000000df000000| Untracked 
|  94|0x00000000e0000000, 0x00000000e0000000, 0x00000000e1000000|  0%| F|  |TAMS 0x00000000e0000000, 0x00000000e0000000| Untracked 
|  95|0x00000000e1000000, 0x00000000e1000000, 0x00000000e2000000|  0%| F|  |TAMS 0x00000000e1000000, 0x00000000e1000000| Untracked 
|  96|0x00000000e2000000, 0x00000000e2000000, 0x00000000e3000000|  0%| F|  |TAMS 0x00000000e2000000, 0x00000000e2000000| Untracked 
|  97|0x00000000e3000000, 0x00000000e3000000, 0x00000000e4000000|  0%| F|  |TAMS 0x00000000e3000000, 0x00000000e3000000| Untracked 
|  98|0x00000000e4000000, 0x00000000e4000000, 0x00000000e5000000|  0%| F|  |TAMS 0x00000000e4000000, 0x00000000e4000000| Untracked 
|  99|0x00000000e5000000, 0x00000000e5000000, 0x00000000e6000000|  0%| F|  |TAMS 0x00000000e5000000, 0x00000000e5000000| Untracked 
| 100|0x00000000e6000000, 0x00000000e6000000, 0x00000000e7000000|  0%| F|  |TAMS 0x00000000e6000000, 0x00000000e6000000| Untracked 
| 101|0x00000000e7000000, 0x00000000e7000000, 0x00000000e8000000|  0%| F|  |TAMS 0x00000000e7000000, 0x00000000e7000000| Untracked 
| 102|0x00000000e8000000, 0x00000000e8000000, 0x00000000e9000000|  0%| F|  |TAMS 0x00000000e8000000, 0x00000000e8000000| Untracked 
| 103|0x00000000e9000000, 0x00000000e9000000, 0x00000000ea000000|  0%| F|  |TAMS 0x00000000e9000000, 0x00000000e9000000| Untracked 
| 104|0x00000000ea000000, 0x00000000ea000000, 0x00000000eb000000|  0%| F|  |TAMS 0x00000000ea000000, 0x00000000ea000000| Untracked 
| 105|0x00000000eb000000, 0x00000000eb000000, 0x00000000ec000000|  0%| F|  |TAMS 0x00000000eb000000, 0x00000000eb000000| Untracked 
| 106|0x00000000ec000000, 0x00000000ec000000, 0x00000000ed000000|  0%| F|  |TAMS 0x00000000ec000000, 0x00000000ec000000| Untracked 
| 107|0x00000000ed000000, 0x00000000ed000000, 0x00000000ee000000|  0%| F|  |TAMS 0x00000000ed000000, 0x00000000ed000000| Untracked 
| 108|0x00000000ee000000, 0x00000000ee000000, 0x00000000ef000000|  0%| F|  |TAMS 0x00000000ee000000, 0x00000000ee000000| Untracked 
| 109|0x00000000ef000000, 0x00000000ef000000, 0x00000000f0000000|  0%| F|  |TAMS 0x00000000ef000000, 0x00000000ef000000| Untracked 
| 110|0x00000000f0000000, 0x00000000f0000000, 0x00000000f1000000|  0%| F|  |TAMS 0x00000000f0000000, 0x00000000f0000000| Untracked 
| 111|0x00000000f1000000, 0x00000000f1000000, 0x00000000f2000000|  0%| F|  |TAMS 0x00000000f1000000, 0x00000000f1000000| Untracked 
| 112|0x00000000f2000000, 0x00000000f2000000, 0x00000000f3000000|  0%| F|  |TAMS 0x00000000f2000000, 0x00000000f2000000| Untracked 
| 113|0x00000000f3000000, 0x00000000f3000000, 0x00000000f4000000|  0%| F|  |TAMS 0x00000000f3000000, 0x00000000f3000000| Untracked 
| 114|0x00000000f4000000, 0x00000000f4000000, 0x00000000f5000000|  0%| F|  |TAMS 0x00000000f4000000, 0x00000000f4000000| Untracked 
| 115|0x00000000f5000000, 0x00000000f5000000, 0x00000000f6000000|  0%| F|  |TAMS 0x00000000f5000000, 0x00000000f5000000| Untracked 
| 116|0x00000000f6000000, 0x00000000f6000000, 0x00000000f7000000|  0%| F|  |TAMS 0x00000000f6000000, 0x00000000f6000000| Untracked 
| 117|0x00000000f7000000, 0x00000000f7000000, 0x00000000f8000000|  0%| F|  |TAMS 0x00000000f7000000, 0x00000000f7000000| Untracked 
| 118|0x00000000f8000000, 0x00000000f8000000, 0x00000000f9000000|  0%| F|  |TAMS 0x00000000f8000000, 0x00000000f8000000| Untracked 
| 119|0x00000000f9000000, 0x00000000f9000000, 0x00000000fa000000|  0%| F|  |TAMS 0x00000000f9000000, 0x00000000f9000000| Untracked 
| 120|0x00000000fa000000, 0x00000000fa000000, 0x00000000fb000000|  0%| F|  |TAMS 0x00000000fa000000, 0x00000000fa000000| Untracked 
| 121|0x00000000fb000000, 0x00000000fb000000, 0x00000000fc000000|  0%| F|  |TAMS 0x00000000fb000000, 0x00000000fb000000| Untracked 
| 122|0x00000000fc000000, 0x00000000fc0e3220, 0x00000000fd000000|  5%| S|CS|TAMS 0x00000000fc000000, 0x00000000fc000000| Complete 
| 123|0x00000000fd000000, 0x00000000fd000000, 0x00000000fe000000|  0%| F|  |TAMS 0x00000000fd000000, 0x00000000fd000000| Untracked 
| 124|0x00000000fe000000, 0x00000000fe000000, 0x00000000ff000000|  0%| F|  |TAMS 0x00000000fe000000, 0x00000000fe000000| Untracked 
| 125|0x00000000ff000000, 0x00000000ff000000, 0x0000000100000000|  0%| F|  |TAMS 0x00000000ff000000, 0x00000000ff000000| Untracked 
| 126|0x0000000100000000, 0x0000000100000000, 0x0000000101000000|  0%| F|  |TAMS 0x0000000100000000, 0x0000000100000000| Untracked 
| 127|0x0000000101000000, 0x0000000101147b30, 0x0000000102000000|  8%| E|  |TAMS 0x0000000101000000, 0x0000000101000000| Complete 
|1916|0x00000007fe000000, 0x00000007fef75000, 0x00000007ff000000| 96%|OA|  |TAMS 0x00000007fe000000, 0x00000007fe000000| Untracked 
|1917|0x00000007ff000000, 0x00000007ff078000, 0x0000000800000000|  2%|CA|  |TAMS 0x00000007ff000000, 0x00000007ff000000| Untracked 

Card table byte_map: [0x00007f8c13195000,0x00007f8c16d85000] _byte_map_base: 0x00007f8c12d85000

Marking Bits (Prev, Next): (CMBitMap*) 0x00005579ae679440, (CMBitMap*) 0x00005579ae679480
 Prev Bits: [0x00007f8bf1625000, 0x00007f8c0f5a5000)
 Next Bits: [0x00007f8bd36a5000, 0x00007f8bf1625000)

Polling page: 0x00007f8d9a7eb000

Metaspace:

Usage:
  Non-class:     16.12 MB used.
      Class:      2.12 MB used.
       Both:     18.24 MB used.

Virtual space:
  Non-class space:       64.00 MB reserved,      16.25 MB ( 25%) committed,  1 nodes.
      Class space:        1.00 GB reserved,       2.19 MB ( <1%) committed,  1 nodes.
             Both:        1.06 GB reserved,      18.44 MB (  2%) committed. 

Chunk freelists:
   Non-Class:  15.20 MB
       Class:  13.82 MB
        Both:  29.02 MB

MaxMetaspaceSize: unlimited
CompressedClassSpaceSize: 1.00 GB
Initial GC threshold: 21.00 MB
Current GC threshold: 21.00 MB
CDS: on
MetaspaceReclaimPolicy: balanced
 - commit_granule_bytes: 65536.
 - commit_granule_words: 8192.
 - virtual_space_node_default_size: 8388608.
 - enlarge_chunks_in_place: 1.
 - new_chunks_are_fully_committed: 0.
 - uncommit_free_chunks: 1.
 - use_allocation_guard: 0.
 - handle_deallocations: 1.


Internal statistics:

num_allocs_failed_limit: 0.
num_arena_births: 200.
num_arena_deaths: 0.
num_vsnodes_births: 2.
num_vsnodes_deaths: 0.
num_space_committed: 295.
num_space_uncommitted: 0.
num_chunks_returned_to_freelist: 0.
num_chunks_taken_from_freelist: 717.
num_chunk_merges: 0.
num_chunk_splits: 514.
num_chunks_enlarged: 408.
num_inconsistent_stats: 0.

CodeHeap 'non-profiled nmethods': size=119168Kb used=2421Kb max_used=2421Kb free=116746Kb
 bounds [0x00007f8c226e7000, 0x00007f8c22957000, 0x00007f8c29b47000]
CodeHeap 'profiled nmethods': size=119164Kb used=4412Kb max_used=4412Kb free=114751Kb
 bounds [0x00007f8c1ab47000, 0x00007f8c1af97000, 0x00007f8c21fa6000]
CodeHeap 'non-nmethods': size=7428Kb used=1233Kb max_used=3029Kb free=6194Kb
 bounds [0x00007f8c21fa6000, 0x00007f8c222b6000, 0x00007f8c226e7000]
 total_blobs=3317 nmethods=2787 adapters=443
 compilation: enabled
              stopped_count=0, restarted_count=0
 full_count=0

Compilation events (20 events):
Event: 115.611 Thread 0x00007f8b50191100 nmethod 2767 0x00007f8c2293b090 code [0x00007f8c2293b220, 0x00007f8c2293b308]
Event: 115.611 Thread 0x00007f8b50191100 2768       4       org.apache.lucene.index.TermStates::register (84 bytes)
Event: 115.611 Thread 0x00005579af80b180 nmethod 2763% 0x00007f8c2293b410 code [0x00007f8c2293b5e0, 0x00007f8c2293bd18]
Event: 115.611 Thread 0x00005579af80b180 2769       4       org.apache.lucene.search.DisiPriorityQueue::iterator (23 bytes)
Event: 115.614 Thread 0x00007f8b50191100 nmethod 2768 0x00007f8c2293c010 code [0x00007f8c2293c1a0, 0x00007f8c2293c378]
Event: 115.616 Thread 0x00005579af80b180 nmethod 2769 0x00007f8c2293c490 code [0x00007f8c2293c660, 0x00007f8c2293cb98]
Event: 115.686 Thread 0x00007f8b500aaab0 nmethod 2764 0x00007f8c2293d010 code [0x00007f8c2293d3a0, 0x00007f8c22940ca0]
Event: 569.691 Thread 0x00005579af80c9d0 2781       1       java.util.concurrent.locks.AbstractQueuedSynchronizer::setState (6 bytes)
Event: 569.692 Thread 0x00005579af80c9d0 nmethod 2781 0x00007f8c22943690 code [0x00007f8c22943820, 0x00007f8c229438f0]
Event: 569.692 Thread 0x00005579af80c9d0 2782       1       java.util.Formatter$Flags::valueOf (5 bytes)
Event: 569.692 Thread 0x00005579af80c9d0 nmethod 2782 0x00007f8c22943990 code [0x00007f8c22943b20, 0x00007f8c22943bf0]
Event: 569.692 Thread 0x00005579af80c9d0 2783       1       java.util.concurrent.locks.AbstractOwnableSynchronizer::getExclusiveOwnerThread (5 bytes)
Event: 569.692 Thread 0x00005579af80c9d0 nmethod 2783 0x00007f8c22943c90 code [0x00007f8c22943e20, 0x00007f8c22943ef0]
Event: 569.692 Thread 0x00005579af80c9d0 2784       1       javax.management.ObjectName$Property::setKeyIndex (6 bytes)
Event: 569.692 Thread 0x00005579af80c9d0 nmethod 2784 0x00007f8c22943f90 code [0x00007f8c22944120, 0x00007f8c229441f0]
Event: 569.692 Thread 0x00005579af80c9d0 2785       3       javax.management.ObjectName::getDomainLength (9 bytes)
Event: 569.692 Thread 0x00005579af80c9d0 nmethod 2785 0x00007f8c1af95b10 code [0x00007f8c1af95ca0, 0x00007f8c1af95db0]
Event: 569.692 Thread 0x00005579af80c9d0 2786   !   3       java.lang.invoke.MethodHandleNatives::linkMethodHandleConstant (50 bytes)
Event: 569.692 Thread 0x00005579af80c9d0 nmethod 2786 0x00007f8c1af95e10 code [0x00007f8c1af95fe0, 0x00007f8c1af961c0]
Event: 569.692 Thread 0x00005579af80c9d0 2787       3       java.lang.invoke.MethodHandles$Lookup::linkMethodHandleConstant (223 bytes)

GC Heap History (4 events):
Event: 111.976 GC heap before
{Heap before GC invocations=0 (full 0):
 garbage-first heap   total 2129920K, used 114612K [0x0000000082000000, 0x0000000800000000)
  region size 16384K, 6 young (98304K), 0 survivors (0K)
 Metaspace       used 18431K, committed 18624K, reserved 1114112K
  class space    used 2148K, committed 2240K, reserved 1048576K
}
Event: 111.982 GC heap after
{Heap after GC invocations=1 (full 0):
 garbage-first heap   total 2129920K, used 26081K [0x0000000082000000, 0x0000000800000000)
  region size 16384K, 1 young (16384K), 1 survivors (16384K)
 Metaspace       used 18431K, committed 18624K, reserved 1114112K
  class space    used 2148K, committed 2240K, reserved 1048576K
}
Event: 569.686 GC heap before
{Heap before GC invocations=1 (full 0):
 garbage-first heap   total 2129920K, used 108001K [0x0000000082000000, 0x0000000800000000)
  region size 16384K, 6 young (98304K), 1 survivors (16384K)
 Metaspace       used 18651K, committed 18880K, reserved 1114112K
  class space    used 2167K, committed 2240K, reserved 1048576K
}
Event: 569.691 GC heap after
{Heap after GC invocations=2 (full 0):
 garbage-first heap   total 2129920K, used 25607K [0x0000000082000000, 0x0000000800000000)
  region size 16384K, 1 young (16384K), 1 survivors (16384K)
 Metaspace       used 18651K, committed 18880K, reserved 1114112K
  class space    used 2167K, committed 2240K, reserved 1048576K
}

Dll operation events (8 events):
Event: 0.006 Loaded shared library /usr/lib/jvm/java-17-openjdk-amd64/lib/libjava.so
Event: 0.019 Loaded shared library /usr/lib/jvm/java-17-openjdk-amd64/lib/libjsvml.so
Event: 0.080 Loaded shared library /usr/lib/jvm/java-17-openjdk-amd64/lib/libnio.so
Event: 0.095 Loaded shared library /usr/lib/jvm/java-17-openjdk-amd64/lib/libzip.so
Event: 0.190 Loaded shared library /usr/lib/jvm/java-17-openjdk-amd64/lib/libjimage.so
Event: 0.224 Loaded shared library /usr/lib/jvm/java-17-openjdk-amd64/lib/libmanagement.so
Event: 0.226 Loaded shared library /usr/lib/jvm/java-17-openjdk-amd64/lib/libmanagement_ext.so
Event: 0.377 Loaded shared library /usr/lib/jvm/java-17-openjdk-amd64/lib/libnet.so

Deoptimization events (20 events):
Event: 112.572 Thread 0x00005579ad5e6a00 DEOPT PACKING pc=0x00007f8c1ae71f7e sp=0x00007ffdba6c6e80
Event: 112.572 Thread 0x00005579ad5e6a00 DEOPT UNPACKING pc=0x00007f8c2200064f sp=0x00007ffdba6c6348 mode 0
Event: 112.582 Thread 0x00005579ad5e6a00 Uncommon trap: trap_request=0xffffff45 fr.pc=0x00007f8c228152c4 relative=0x0000000000002044
Event: 112.582 Thread 0x00005579ad5e6a00 Uncommon trap: reason=unstable_if action=reinterpret pc=0x00007f8c228152c4 method=org.apache.lucene.codecs.lucene90.Lucene90PostingsReader$BlockImpactsDocsEnum.advance(I)I @ 29 c2
Event: 112.582 Thread 0x00005579ad5e6a00 DEOPT PACKING pc=0x00007f8c228152c4 sp=0x00007ffdba6c7080
Event: 112.582 Thread 0x00005579ad5e6a00 DEOPT UNPACKING pc=0x00007f8c21fffb19 sp=0x00007ffdba6c6fd0 mode 2
Event: 113.687 Thread 0x00005579ad5e6a00 Uncommon trap: trap_request=0xffffff45 fr.pc=0x00007f8c22840ab4 relative=0x00000000000016f4
Event: 113.687 Thread 0x00005579ad5e6a00 Uncommon trap: reason=unstable_if action=reinterpret pc=0x00007f8c22840ab4 method=org.apache.lucene.codecs.lucene90.ForUtil.decode(ILorg/apache/lucene/store/DataInput;[J)V @ 1 c2
Event: 113.687 Thread 0x00005579ad5e6a00 DEOPT PACKING pc=0x00007f8c22840ab4 sp=0x00007ffdba6c7100
Event: 113.687 Thread 0x00005579ad5e6a00 DEOPT UNPACKING pc=0x00007f8c21fffb19 sp=0x00007ffdba6c70e0 mode 2
Event: 114.376 Thread 0x00005579ad5e6a00 Uncommon trap: trap_request=0xffffff76 fr.pc=0x00007f8c22930fe0 relative=0x00000000000001c0
Event: 114.376 Thread 0x00005579ad5e6a00 Uncommon trap: reason=predicate action=maybe_recompile pc=0x00007f8c22930fe0 method=java.util.Arrays.fill([Ljava/lang/Object;Ljava/lang/Object;)V @ 7 c2
Event: 114.376 Thread 0x00005579ad5e6a00 DEOPT PACKING pc=0x00007f8c22930fe0 sp=0x00007ffdba6c6d20
Event: 114.376 Thread 0x00005579ad5e6a00 DEOPT UNPACKING pc=0x00007f8c21fffb19 sp=0x00007ffdba6c6cc8 mode 2
Event: 115.452 Thread 0x00005579ad5e6a00 DEOPT PACKING pc=0x00007f8c1af4e2ba sp=0x00007ffdba6c7110
Event: 115.452 Thread 0x00005579ad5e6a00 DEOPT UNPACKING pc=0x00007f8c2200064f sp=0x00007ffdba6c65c8 mode 0
Event: 115.548 Thread 0x00005579ad5e6a00 Uncommon trap: trap_request=0xffffff45 fr.pc=0x00007f8c228325dc relative=0x00000000000000bc
Event: 115.548 Thread 0x00005579ad5e6a00 Uncommon trap: reason=unstable_if action=reinterpret pc=0x00007f8c228325dc method=org.apache.lucene.search.WANDScorer.doNextCompetitiveCandidate()I @ 80 c2
Event: 115.548 Thread 0x00005579ad5e6a00 DEOPT PACKING pc=0x00007f8c228325dc sp=0x00007ffdba6c70f0
Event: 115.548 Thread 0x00005579ad5e6a00 DEOPT UNPACKING pc=0x00007f8c21fffb19 sp=0x00007ffdba6c70a0 mode 2

Classes loaded (20 events):
Event: 109.071 Loading class java/util/stream/ReduceOps$8ReducingSink
Event: 109.071 Loading class java/util/stream/ReduceOps$8ReducingSink done
Event: 109.074 Loading class java/nio/DirectLongBufferRU
Event: 109.074 Loading class java/nio/DirectLongBufferRU done
Event: 109.077 Loading class java/util/AbstractList$RandomAccessSubList
Event: 109.077 Loading class java/util/AbstractList$SubList
Event: 109.077 Loading class java/util/AbstractList$SubList done
Event: 109.077 Loading class java/util/AbstractList$RandomAccessSubList done
Event: 109.077 Loading class java/util/AbstractList$SubList$1
Event: 109.077 Loading class java/util/AbstractList$SubList$1 done
Event: 109.077 Loading class java/util/AbstractList$ListItr
Event: 109.077 Loading class java/util/AbstractList$Itr
Event: 109.077 Loading class java/util/AbstractList$Itr done
Event: 109.077 Loading class java/util/AbstractList$ListItr done
Event: 115.603 Loading class java/util/WeakHashMap$KeyIterator
Event: 115.603 Loading class java/util/WeakHashMap$HashIterator
Event: 115.604 Loading class java/util/WeakHashMap$HashIterator done
Event: 115.604 Loading class java/util/WeakHashMap$KeyIterator done
Event: 569.686 Loading class jdk/internal/misc/Signal$1
Event: 569.686 Loading class jdk/internal/misc/Signal$1 done

Classes unloaded (0 events):
No events

Classes redefined (0 events):
No events

Internal exceptions (20 events):
Event: 0.780 Thread 0x00005579ad5e6a00 Exception <a 'java/lang/NoSuchMethodError'{0x00000000fe194160}: 'java.lang.Object java.lang.invoke.Invokers$Holder.invoke_MT(java.lang.Object, java.lang.Object, java.lang.Object)'> (0x00000000fe194160) 
thrown [./src/hotspot/share/interpreter/linkResolver.cpp, line 758]
Event: 0.801 Thread 0x00005579ad5e6a00 Exception <a 'java/lang/NoSuchMethodError'{0x00000000fe3b3c60}: 'void java.lang.invoke.DirectMethodHandle$Holder.invokeInterface(java.lang.Object, java.lang.Object, int)'> (0x00000000fe3b3c60) 
thrown [./src/hotspot/share/interpreter/linkResolver.cpp, line 758]
Event: 0.801 Thread 0x00005579ad5e6a00 Exception <a 'java/lang/IncompatibleClassChangeError'{0x00000000fe3b7558}: Found class java.lang.Object, but interface was expected> (0x00000000fe3b7558) 
thrown [./src/hotspot/share/interpreter/linkResolver.cpp, line 826]
Event: 0.821 Thread 0x00005579ad5e6a00 Exception <a 'java/lang/NoSuchMethodError'{0x00000000fe5caed8}: 'void java.lang.invoke.Invokers$Holder.invokeExact_MT(java.lang.Object, java.lang.Object, java.lang.Object)'> (0x00000000fe5caed8) 
thrown [./src/hotspot/share/interpreter/linkResolver.cpp, line 758]
Event: 0.832 Thread 0x00005579ad5e6a00 Exception <a 'java/lang/NoSuchMethodError'{0x00000000fe661d70}: 'long java.lang.invoke.DirectMethodHandle$Holder.invokeStatic(java.lang.Object)'> (0x00000000fe661d70) 
thrown [./src/hotspot/share/interpreter/linkResolver.cpp, line 758]
Event: 0.833 Thread 0x00005579ad5e6a00 Exception <a 'java/lang/NoSuchMethodError'{0x00000000fe665170}: 'long java.lang.invoke.DirectMethodHandle$Holder.invokeStaticInit(java.lang.Object)'> (0x00000000fe665170) 
thrown [./src/hotspot/share/interpreter/linkResolver.cpp, line 758]
Event: 0.835 Thread 0x00005579ad5e6a00 Exception <a 'java/lang/NoSuchMethodError'{0x00000000fe68fee8}: 'java.lang.Object java.lang.invoke.DirectMethodHandle$Holder.invokeStatic(java.lang.Object, java.lang.Object, int)'> (0x00000000fe68fee8) 
thrown [./src/hotspot/share/interpreter/linkResolver.cpp, line 758]
Event: 0.836 Thread 0x00005579ad5e6a00 Exception <a 'java/lang/NoSuchMethodError'{0x00000000fe69bba0}: 'void java.lang.invoke.DelegatingMethodHandle$Holder.delegate(java.lang.Object, java.lang.Object, int, java.lang.Object)'> (0x00000000fe69bba0) 
thrown [./src/hotspot/share/interpreter/linkResolver.cpp, line 758]
Event: 0.838 Thread 0x00005579ad5e6a00 Exception <a 'java/lang/NoSuchMethodError'{0x00000000fe6bf418}: 'void java.lang.invoke.DirectMethodHandle$Holder.invokeStaticInit(java.lang.Object, java.lang.Object)'> (0x00000000fe6bf418) 
thrown [./src/hotspot/share/interpreter/linkResolver.cpp, line 758]
Event: 108.998 Thread 0x00005579ad5e6a00 Exception <a 'java/lang/NoSuchMethodError'{0x00000000feb31498}: 'long java.lang.invoke.DirectMethodHandle$Holder.invokeStatic(java.lang.Object, java.lang.Object)'> (0x00000000feb31498) 
thrown [./src/hotspot/share/interpreter/linkResolver.cpp, line 758]
Event: 109.009 Thread 0x00005579ad5e6a00 Exception <a 'java/lang/NoSuchMethodError'{0x00000000febd1bc8}: 'int java.lang.invoke.DirectMethodHandle$Holder.invokeStaticInit(java.lang.Object, java.lang.Object)'> (0x00000000febd1bc8) 
thrown [./src/hotspot/share/interpreter/linkResolver.cpp, line 758]
Event: 109.010 Thread 0x00005579ad5e6a00 Exception <a 'java/lang/NoSuchMethodError'{0x00000000febe11b8}: 'int java.lang.invoke.DirectMethodHandle$Holder.invokeSpecialIFC(java.lang.Object, java.lang.Object, java.lang.Object, java.lang.Object, java.lang.Object)'> (0x00000000febe11b8) 
thrown [./src/hotspot/share/interpreter/linkResolver.cpp, line 758]
Event: 109.068 Thread 0x00005579ad5e6a00 Exception <a 'java/lang/NoSuchMethodError'{0x00000000fc260f58}: 'long java.lang.invoke.DirectMethodHandle$Holder.invokeVirtual(java.lang.Object, java.lang.Object)'> (0x00000000fc260f58) 
thrown [./src/hotspot/share/interpreter/linkResolver.cpp, line 758]
Event: 109.070 Thread 0x00005579ad5e6a00 Exception <a 'java/lang/NoSuchMethodError'{0x00000000fc26ff40}: 'java.lang.Object java.lang.invoke.DirectMethodHandle$Holder.invokeVirtual(java.lang.Object, java.lang.Object, java.lang.Object)'> (0x00000000fc26ff40) 
thrown [./src/hotspot/share/interpreter/linkResolver.cpp, line 758]
Event: 110.084 Thread 0x00005579ad5e6a00 Implicit null exception at 0x00007f8c2284ed60 to 0x00007f8c2284eed8
Event: 110.085 Thread 0x00005579ad5e6a00 Implicit null exception at 0x00007f8c227f1a80 to 0x00007f8c227f2130
Event: 110.085 Thread 0x00005579ad5e6a00 Implicit null exception at 0x00007f8c228863f1 to 0x00007f8c22886d1c
Event: 110.085 Thread 0x00005579ad5e6a00 Implicit null exception at 0x00007f8c22878351 to 0x00007f8c2287aa14
Event: 110.085 Thread 0x00005579ad5e6a00 Implicit null exception at 0x00007f8c2285c771 to 0x00007f8c2285cf48
Event: 110.085 Thread 0x00005579ad5e6a00 Implicit null exception at 0x00007f8c22831471 to 0x00007f8c22831bec

VM Operations (20 events):
Event: 109.058 Executing VM operation: Cleanup done
Event: 109.482 Executing VM operation: ICBufferFull
Event: 109.482 Executing VM operation: ICBufferFull done
Event: 110.085 Executing VM operation: HandshakeAllThreads
Event: 110.085 Executing VM operation: HandshakeAllThreads done
Event: 111.085 Executing VM operation: Cleanup
Event: 111.086 Executing VM operation: Cleanup done
Event: 111.974 Executing VM operation: G1CollectForAllocation
Event: 111.982 Executing VM operation: G1CollectForAllocation done
Event: 112.433 Executing VM operation: HandshakeAllThreads
Event: 112.433 Executing VM operation: HandshakeAllThreads done
Event: 113.433 Executing VM operation: Cleanup
Event: 113.433 Executing VM operation: Cleanup done
Event: 115.433 Executing VM operation: Cleanup
Event: 115.433 Executing VM operation: Cleanup done
Event: 116.434 Executing VM operation: Cleanup
Event: 116.434 Executing VM operation: Cleanup done
Event: 569.686 Executing VM operation: G1CollectForAllocation
Event: 569.691 Executing VM operation: G1CollectForAllocation done
Event: 569.693 Executing VM operation: Exit

Memory protections (20 events):
Event: 109.035 Protecting memory [0x00007f8b76d00000,0x00007f8b76d04000] with protection modes 0
Event: 109.050 Protecting memory [0x00007f8b76c00000,0x00007f8b76c04000] with protection modes 0
Event: 109.052 Protecting memory [0x00007f8682ddc000,0x00007f8682de0000] with protection modes 0
Event: 109.053 Protecting memory [0x00007f8682cdc000,0x00007f8682ce0000] with protection modes 0
Event: 109.056 Protecting memory [0x00007f8682bdc000,0x00007f8682be0000] with protection modes 0
Event: 109.058 Protecting memory [0x00007f8682adc000,0x00007f8682ae0000] with protection modes 0
Event: 110.176 Protecting memory [0x00007f8b76c00000,0x00007f8b76c04000] with protection modes 0
Event: 111.125 Protecting memory [0x00007f8bd02c1000,0x00007f8bd02c5000] with protection modes 0
Event: 111.231 Protecting memory [0x00007f8b76d00000,0x00007f8b76d04000] with protection modes 0
Event: 111.232 Protecting memory [0x00007f8b76c00000,0x00007f8b76c04000] with protection modes 0
Event: 111.346 Protecting memory [0x00007f8bd01c1000,0x00007f8bd01c5000] with protection modes 0
Event: 112.422 Protecting memory [0x00007f8bd00c1000,0x00007f8bd00c5000] with protection modes 0
Event: 112.423 Protecting memory [0x00007f8b76e00000,0x00007f8b76e04000] with protection modes 0
Event: 112.432 Protecting memory [0x00007f8682ddc000,0x00007f8682de0000] with protection modes 0
Event: 112.438 Protecting memory [0x00007f8682cdc000,0x00007f8682ce0000] with protection modes 0
Event: 115.601 Protecting memory [0x00007f8bd01c1000,0x00007f8bd01c5000] with protection modes 0
Event: 115.601 Protecting memory [0x00007f8bd00c1000,0x00007f8bd00c5000] with protection modes 0
Event: 569.686 Protecting memory [0x00007f8bd01c1000,0x00007f8bd01c5000] with protection modes 0
Event: 569.686 Protecting memory [0x00007f8bd00c1000,0x00007f8bd00c5000] with protection modes 0
Event: 569.686 Protecting memory [0x00007f8bd02c1000,0x00007f8bd02c5000] with protection modes 0

Nmethod flushes (0 events):
No events

Events (20 events):
Event: 112.438 Thread 0x00005579af80c9d0 Thread added: 0x00007f8b50191100
Event: 113.688 Thread 0x00007f8b50191100 Thread exited: 0x00007f8b50191100
Event: 113.688 Thread 0x00007f8b50064210 Thread exited: 0x00007f8b50064210
Event: 114.205 Thread 0x00007f8b500ab670 Thread exited: 0x00007f8b500ab670
Event: 114.205 Thread 0x00007f8b500aaab0 Thread exited: 0x00007f8b500aaab0
Event: 114.205 Thread 0x00007f86602a5c10 Thread exited: 0x00007f86602a5c10
Event: 114.205 Thread 0x00007f8b30ca8ec0 Thread exited: 0x00007f8b30ca8ec0
Event: 114.271 Thread 0x00007f8b500765c0 Thread exited: 0x00007f8b500765c0
Event: 114.271 Thread 0x00007f866c001210 Thread exited: 0x00007f866c001210
Event: 115.601 Thread 0x00005579af80c9d0 Thread added: 0x00007f8b500aaab0
Event: 115.601 Thread 0x00005579af80c9d0 Thread added: 0x00007f8b50191100
Event: 120.614 Thread 0x00007f8b50191100 Thread exited: 0x00007f8b50191100
Event: 120.686 Thread 0x00007f8b500aaab0 Thread exited: 0x00007f8b500aaab0
Event: 569.686 Thread 0x00005579af8081d0 Thread added: 0x00007f8b600011d0
Event: 569.686 Thread 0x00007f8b600011d0 Thread added: 0x00007f8b34114370
Event: 569.686 Thread 0x00007f8b600011d0 Thread added: 0x00007f8b34116530
Event: 569.691 Thread 0x00007f8b34114370 Thread exited: 0x00007f8b34114370
Event: 569.693 Thread 0x00007f8b34116530 Thread exited: 0x00007f8b34116530
Event: 569.693 Thread 0x00007f8b600011d0 Before exit entered
Event: 569.693 Thread 0x00005579af8081d0 Thread exited: 0x00005579af8081d0


Dynamic libraries:
82000000-102000000 rw-p 00000000 00:00 0 
102000000-7fe000000 ---p 00000000 00:00 0 
7fe000000-7fef00000 rw-p 00000000 00:00 0 
7fef00000-7fef75000 rw-p 00c7a000 00:62 10553192                         /usr/lib/jvm/java-17-openjdk-amd64/lib/server/classes.jsa
7fef75000-7ff000000 rw-p 00000000 00:00 0 
7ff000000-7ff078000 rw-p 00c02000 00:62 10553192                         /usr/lib/jvm/java-17-openjdk-amd64/lib/server/classes.jsa
7ff078000-800000000 rw-p 00000000 00:00 0 
800000000-800200000 ---p 00000000 00:00 0 
800200000-800400000 rw-s 00000000 00:05 680                              /dev/nvidia0
800400000-803c00000 rw-s 00000000 00:05 679                              /dev/nvidiactl
803c00000-804a00000 ---p 00000000 00:00 0 
804a00000-804c00000 rw-s 00000000 00:05 679                              /dev/nvidiactl
804c00000-804e00000 rw-s 00000000 00:05 679                              /dev/nvidiactl
804e00000-805000000 rw-s 804e00000 00:05 716                             /dev/nvidia-uvm
805000000-805400000 ---p 00000000 00:00 0 
805400000-805600000 rw-s 00000000 00:01 1825                             /dev/zero (deleted)
805600000-900200000 ---p 00000000 00:00 0 
10000000000-10004000000 ---p 00000000 00:00 0 
557979360000-5579793cd000 r--p 00000000 00:62 9914583                    /usr/bin/python3.10
5579793cd000-557979682000 r-xp 0006d000 00:62 9914583                    /usr/bin/python3.10
557979682000-5579798c4000 r--p 00322000 00:62 9914583                    /usr/bin/python3.10
5579798c4000-5579798cb000 r--p 00563000 00:62 9914583                    /usr/bin/python3.10
5579798cb000-55797990a000 rw-p 0056a000 00:62 9914583                    /usr/bin/python3.10
55797990a000-557979950000 rw-p 00000000 00:00 0 
5579a5219000-55805c400000 rw-p 00000000 00:00 0                          [heap]
7f7ffc000000-7f7ffed9e000 rw-p 00000000 00:00 0 
7f7ffed9e000-7f8000000000 ---p 00000000 00:00 0 
7f8014000000-7f8014021000 rw-p 00000000 00:00 0 
7f8014021000-7f8018000000 ---p 00000000 00:00 0 
7f801a57b000-7f8048000000 rw-p 00000000 00:00 0 
7f8048000000-7f804bcd2000 rw-p 00000000 00:00 0 
7f804bcd2000-7f804c000000 ---p 00000000 00:00 0 
7f804c000000-7f804fcd2000 rw-p 00000000 00:00 0 
7f804fcd2000-7f8050000000 ---p 00000000 00:00 0 
7f8050000000-7f8053cd2000 rw-p 00000000 00:00 0 
7f8053cd2000-7f8054000000 ---p 00000000 00:00 0 
7f8058000000-7f805ad9e000 rw-p 00000000 00:00 0 
7f805ad9e000-7f805c000000 ---p 00000000 00:00 0 
7f805c000000-7f805ed9e000 rw-p 00000000 00:00 0 
7f805ed9e000-7f8060000000 ---p 00000000 00:00 0 
7f8060000000-7f8063cd2000 rw-p 00000000 00:00 0 
7f8063cd2000-7f8064000000 ---p 00000000 00:00 0 
7f8064000000-7f8067cd2000 rw-p 00000000 00:00 0 
7f8067cd2000-7f8068000000 ---p 00000000 00:00 0 
7f8068000000-7f806ad9e000 rw-p 00000000 00:00 0 
7f806ad9e000-7f806c000000 ---p 00000000 00:00 0 
7f8070000000-7f8072d9e000 rw-p 00000000 00:00 0 
7f8072d9e000-7f8074000000 ---p 00000000 00:00 0 
7f8078000000-7f807ad9e000 rw-p 00000000 00:00 0 
7f807ad9e000-7f807c000000 ---p 00000000 00:00 0 
7f807c000000-7f807ed9e000 rw-p 00000000 00:00 0 
7f807ed9e000-7f8080000000 ---p 00000000 00:00 0 
7f8080000000-7f8082d9e000 rw-p 00000000 00:00 0 
7f8082d9e000-7f8084000000 ---p 00000000 00:00 0 
7f8084fc1000-7f81aeff0000 rw-p 00000000 00:62 10554823                   /home/ubuntu/.cache/huggingface/hub/models--meta-llama--Meta-Llama-3-8B-Instruct/blobs/8d4782b4a69ef03845159ce1a15e272aadaaf134dc138d68f616098e8531729c
7f81b3ff0000-7f82d901f000 rw-p 00000000 00:62 10554836                   /home/ubuntu/.cache/huggingface/hub/models--meta-llama--Meta-Llama-3-8B-Instruct/blobs/3acdd690e65c24f42a24581b8467af98bd3ca357444580f8012aacd2bd607921
7f82d901f000-7f8401a46000 rw-p 00000000 00:62 10554808                   /home/ubuntu/.cache/huggingface/hub/models--meta-llama--Meta-Llama-3-8B-Instruct/blobs/d8cf9c4d0dd972e1a2131bfe656235ee98221679711a3beef6d46dadf0f20b5c
7f840854e000-7f842c34b000 rw-p 00000000 00:00 0 
7f8432ba8000-7f843d5d4000 rw-p 00000000 00:00 0 
7f84417a3000-7f8448000000 rw-p 00000000 00:00 0 
7f8448000000-7f844bf4b000 rw-p 00000000 00:00 0 
7f844bf4b000-7f844c000000 ---p 00000000 00:00 0 
7f844c000000-7f844fcd2000 rw-p 00000000 00:00 0 
7f844fcd2000-7f8450000000 ---p 00000000 00:00 0 
7f8450000000-7f8453f4b000 rw-p 00000000 00:00 0 
7f8453f4b000-7f8454000000 ---p 00000000 00:00 0 
7f8458000000-7f845bf4b000 rw-p 00000000 00:00 0 
7f845bf4b000-7f845c000000 ---p 00000000 00:00 0 
7f845d7a3000-7f8464000000 rw-p 00000000 00:00 0 
7f8464000000-7f8464021000 rw-p 00000000 00:00 0 
7f8464021000-7f8468000000 ---p 00000000 00:00 0 
7f8468000000-7f8468021000 rw-p 00000000 00:00 0 
7f8468021000-7f846c000000 ---p 00000000 00:00 0 
7f846c000000-7f846fcd2000 rw-p 00000000 00:00 0 
7f846fcd2000-7f8470000000 ---p 00000000 00:00 0 
7f8470000000-7f8470021000 rw-p 00000000 00:00 0 
7f8470021000-7f8474000000 ---p 00000000 00:00 0 
7f8474000000-7f8474021000 rw-p 00000000 00:00 0 
7f8474021000-7f8478000000 ---p 00000000 00:00 0 
7f8478000000-7f8478021000 rw-p 00000000 00:00 0 
7f8478021000-7f847c000000 ---p 00000000 00:00 0 
7f847c000000-7f847c021000 rw-p 00000000 00:00 0 
7f847c021000-7f8480000000 ---p 00000000 00:00 0 
7f8480000000-7f8480021000 rw-p 00000000 00:00 0 
7f8480021000-7f8484000000 ---p 00000000 00:00 0 
7f8484000000-7f8484021000 rw-p 00000000 00:00 0 
7f8484021000-7f8488000000 ---p 00000000 00:00 0 
7f8488000000-7f8488021000 rw-p 00000000 00:00 0 
7f8488021000-7f848c000000 ---p 00000000 00:00 0 
7f848c000000-7f848c021000 rw-p 00000000 00:00 0 
7f848c021000-7f8490000000 ---p 00000000 00:00 0 
7f8490000000-7f8490021000 rw-p 00000000 00:00 0 
7f8490021000-7f8494000000 ---p 00000000 00:00 0 
7f8494000000-7f8494021000 rw-p 00000000 00:00 0 
7f8494021000-7f8498000000 ---p 00000000 00:00 0 
7f8498000000-7f8498021000 rw-p 00000000 00:00 0 
7f8498021000-7f849c000000 ---p 00000000 00:00 0 
7f849f05f000-7f84e4a66000 rw-p 00000000 00:62 10554867                   /home/ubuntu/.cache/huggingface/hub/models--meta-llama--Meta-Llama-3-8B-Instruct/blobs/67e9ad31c8c32abf3a55ee7fc7217b3ecb35fd3c74d98a5bd233e0e4d6964f46
7f84e4bd0000-7f84e65e8000 rw-p 00000000 00:00 0 
7f84e8000000-7f84e8021000 rw-p 00000000 00:00 0 
7f84e8021000-7f84ec000000 ---p 00000000 00:00 0 
7f84ec000000-7f84ec021000 rw-p 00000000 00:00 0 
7f84ec021000-7f84f0000000 ---p 00000000 00:00 0 
7f84f0000000-7f84f0021000 rw-p 00000000 00:00 0 
7f84f0021000-7f84f4000000 ---p 00000000 00:00 0 
7f84f4000000-7f84f4021000 rw-p 00000000 00:00 0 
7f84f4021000-7f84f8000000 ---p 00000000 00:00 0 
7f84f8000000-7f84f8021000 rw-p 00000000 00:00 0 
7f84f8021000-7f84fc000000 ---p 00000000 00:00 0 
7f84fc000000-7f84fc021000 rw-p 00000000 00:00 0 
7f84fc021000-7f8500000000 ---p 00000000 00:00 0 
7f8500000000-7f8500021000 rw-p 00000000 00:00 0 
7f8500021000-7f8504000000 ---p 00000000 00:00 0 
7f8504000000-7f8507fac000 rw-p 00000000 00:00 0 
7f8507fac000-7f8508000000 ---p 00000000 00:00 0 
7f8508000000-7f850b905000 rw-p 00000000 00:00 0 
7f850b905000-7f850c000000 ---p 00000000 00:00 0 
7f850c000000-7f850c263000 rw-p 00000000 00:00 0 
7f850c263000-7f8510000000 ---p 00000000 00:00 0 
7f8510000000-7f8513d27000 rw-p 00000000 00:00 0 
7f8513d27000-7f8514000000 ---p 00000000 00:00 0 
7f8514000000-7f8514021000 rw-p 00000000 00:00 0 
7f8514021000-7f8518000000 ---p 00000000 00:00 0 
7f8518000000-7f8518021000 rw-p 00000000 00:00 0 
7f8518021000-7f851c000000 ---p 00000000 00:00 0 
7f851c000000-7f851c021000 rw-p 00000000 00:00 0 
7f851c021000-7f8520000000 ---p 00000000 00:00 0 
7f8520000000-7f8520021000 rw-p 00000000 00:00 0 
7f8520021000-7f8524000000 ---p 00000000 00:00 0 
7f8524000000-7f8524021000 rw-p 00000000 00:00 0 
7f8524021000-7f8528000000 ---p 00000000 00:00 0 
7f8528469000-7f852846a000 ---p 00000000 00:00 0 
7f852846a000-7f8528c6a000 rw-p 00000000 00:00 0 
7f8528c6a000-7f8528c6b000 ---p 00000000 00:00 0 
7f8528c6b000-7f852946b000 rw-p 00000000 00:00 0 
7f852946b000-7f852946c000 ---p 00000000 00:00 0 
7f852946c000-7f8529c6c000 rw-p 00000000 00:00 0 
7f8529c6c000-7f8529c6d000 ---p 00000000 00:00 0 
7f8529c6d000-7f864436e000 rw-p 00000000 00:00 0 
7f86449f4000-7f86449f5000 ---p 00000000 00:00 0 
7f86449f5000-7f86451f5000 rw-p 00000000 00:00 0 
7f86451f5000-7f86451f6000 ---p 00000000 00:00 0 
7f86451f6000-7f86459f6000 rw-p 00000000 00:00 0 
7f86459f6000-7f86459f7000 ---p 00000000 00:00 0 
7f86459f7000-7f86461f7000 rw-p 00000000 00:00 0 
7f86461f7000-7f86461f8000 ---p 00000000 00:00 0 
7f86461f8000-7f86469f8000 rw-p 00000000 00:00 0 
7f86469f8000-7f86469f9000 ---p 00000000 00:00 0 
7f86469f9000-7f86471f9000 rw-p 00000000 00:00 0 
7f86471f9000-7f86471fa000 ---p 00000000 00:00 0 
7f86471fa000-7f86473fa000 rw-p 00000000 00:00 0 
7f86473fa000-7f86473fb000 ---p 00000000 00:00 0 
7f86473fb000-7f86475fb000 rw-p 00000000 00:00 0 
7f86475fb000-7f86475fc000 ---p 00000000 00:00 0 
7f86475fc000-7f86477fc000 rw-p 00000000 00:00 0 
7f86477fc000-7f86477fd000 ---p 00000000 00:00 0 
7f86477fd000-7f86479fd000 rw-p 00000000 00:00 0 
7f86479fd000-7f86479fe000 ---p 00000000 00:00 0 
7f86479fe000-7f8647bfe000 rw-p 00000000 00:00 0 
7f8647bfe000-7f8647bff000 ---p 00000000 00:00 0 
7f8647bff000-7f8647dff000 rw-p 00000000 00:00 0 
7f8647dff000-7f8647e00000 ---p 00000000 00:00 0 
7f8647e00000-7f8648000000 rw-p 00000000 00:00 0 
7f8648000000-7f8648021000 rw-p 00000000 00:00 0 
7f8648021000-7f864c000000 ---p 00000000 00:00 0 
7f864c000000-7f864c021000 rw-p 00000000 00:00 0 
7f864c021000-7f8650000000 ---p 00000000 00:00 0 
7f8650000000-7f8650db2000 rw-p 00000000 00:00 0 
7f8650db2000-7f8654000000 ---p 00000000 00:00 0 
7f8654000000-7f8654021000 rw-p 00000000 00:00 0 
7f8654021000-7f8658000000 ---p 00000000 00:00 0 
7f8658000000-7f8658e9f000 rw-p 00000000 00:00 0 
7f8658e9f000-7f865c000000 ---p 00000000 00:00 0 
7f865c000000-7f865d0f5000 rw-p 00000000 00:00 0 
7f865d0f5000-7f8660000000 ---p 00000000 00:00 0 
7f8660000000-7f8663a4b000 rw-p 00000000 00:00 0 
7f8663a4b000-7f8664000000 ---p 00000000 00:00 0 
7f8664000000-7f866532b000 rw-p 00000000 00:00 0 
7f866532b000-7f8668000000 ---p 00000000 00:00 0 
7f8668000000-7f86680e5000 rw-p 00000000 00:00 0 
7f86680e5000-7f866c000000 ---p 00000000 00:00 0 
7f866c000000-7f866f9a5000 rw-p 00000000 00:00 0 
7f866f9a5000-7f8670000000 ---p 00000000 00:00 0 
7f8670000000-7f8670163000 rw-p 00000000 00:00 0 
7f8670163000-7f8674000000 ---p 00000000 00:00 0 
7f867406f000-7f86740af000 rwxp 00000000 00:00 0 
7f86741ef000-7f86741f0000 ---p 00000000 00:00 0 
7f86741f0000-7f86743f0000 rw-p 00000000 00:00 0 
7f86743f0000-7f86743f1000 ---p 00000000 00:00 0 
7f86743f1000-7f86745f1000 rw-p 00000000 00:00 0 
7f86745f1000-7f86745f2000 ---p 00000000 00:00 0 
7f86745f2000-7f86747f2000 rw-p 00000000 00:00 0 
7f86747f2000-7f86747f3000 ---p 00000000 00:00 0 
7f86747f3000-7f86749f3000 rw-p 00000000 00:00 0 
7f86749f3000-7f86749f4000 ---p 00000000 00:00 0 
7f86749f4000-7f8674bf4000 rw-p 00000000 00:00 0 
7f8674bf4000-7f8674bf5000 ---p 00000000 00:00 0 
7f8674bf5000-7f8674df5000 rw-p 00000000 00:00 0 
7f8674df5000-7f8674df6000 ---p 00000000 00:00 0 
7f8674df6000-7f8674ff6000 rw-p 00000000 00:00 0 
7f8674ff6000-7f8674ff7000 ---p 00000000 00:00 0 
7f8674ff7000-7f86751f7000 rw-p 00000000 00:00 0 
7f86751f7000-7f86751f8000 ---p 00000000 00:00 0 
7f86751f8000-7f86753f8000 rw-p 00000000 00:00 0 
7f86753f8000-7f86753f9000 ---p 00000000 00:00 0 
7f86753f9000-7f86755f9000 rw-p 00000000 00:00 0 
7f86755f9000-7f86755fa000 ---p 00000000 00:00 0 
7f86755fa000-7f86757fa000 rw-p 00000000 00:00 0 
7f86757fa000-7f86757fb000 ---p 00000000 00:00 0 
7f86757fb000-7f86759fb000 rw-p 00000000 00:00 0 
7f86759fb000-7f86759fc000 ---p 00000000 00:00 0 
7f86759fc000-7f8675bfc000 rw-p 00000000 00:00 0 
7f8675bfc000-7f8675bfd000 ---p 00000000 00:00 0 
7f8675bfd000-7f8675cfd000 rw-p 00000000 00:00 0 
7f8675cfd000-7f8675cfe000 ---p 00000000 00:00 0 
7f8675cfe000-7f8675dfe000 rw-p 00000000 00:00 0 
7f8675dfe000-7f8675dff000 ---p 00000000 00:00 0 
7f8675dff000-7f8675eff000 rw-p 00000000 00:00 0 
7f8675eff000-7f8675f00000 ---p 00000000 00:00 0 
7f8675f00000-7f8676000000 rw-p 00000000 00:00 0 
7f8676000000-7f8680400000 ---p 00000000 00:00 0 
7f8680400000-7f8680600000 rw-s 00000000 00:05 679                        /dev/nvidiactl
7f8680600000-7f8680800000 rw-s 00000000 00:01 1822                       /dev/zero (deleted)
7f8680800000-7f8680a00000 rw-s 00000000 00:01 1823                       /dev/zero (deleted)
7f8680a00000-7f8681000000 ---p 00000000 00:00 0 
7f8681000000-7f8681200000 rw-s 00000000 00:05 679                        /dev/nvidiactl
7f8681200000-7f8681400000 rw-s 00000000 00:01 1826                       /dev/zero (deleted)
7f8681400000-7f8681577000 rw-s 00000000 00:05 679                        /dev/nvidiactl
7f8681577000-7f8682000000 ---p 00000000 00:00 0 
7f86820d2000-7f86820d3000 ---p 00000000 00:00 0 
7f86820d3000-7f86821d3000 rw-p 00000000 00:00 0 
7f86821d3000-7f86821d4000 ---p 00000000 00:00 0 
7f86821d4000-7f86822d4000 rw-p 00000000 00:00 0 
7f86822d4000-7f86822d5000 ---p 00000000 00:00 0 
7f86822d5000-7f86823d5000 rw-p 00000000 00:00 0 
7f86823d5000-7f86823d6000 ---p 00000000 00:00 0 
7f86823d6000-7f86824d6000 rw-p 00000000 00:00 0 
7f86824d6000-7f86824d7000 ---p 00000000 00:00 0 
7f86824d7000-7f86825d7000 rw-p 00000000 00:00 0 
7f86825d7000-7f86825d8000 ---p 00000000 00:00 0 
7f86825d8000-7f86826d8000 rw-p 00000000 00:00 0 
7f86826d8000-7f86826d9000 ---p 00000000 00:00 0 
7f86826d9000-7f86827d9000 rw-p 00000000 00:00 0 
7f86827d9000-7f86827da000 ---p 00000000 00:00 0 
7f86827da000-7f86828da000 rw-p 00000000 00:00 0 
7f86828da000-7f86828db000 ---p 00000000 00:00 0 
7f86828db000-7f86829db000 rw-p 00000000 00:00 0 
7f86829db000-7f86829dc000 ---p 00000000 00:00 0 
7f86829dc000-7f8682adc000 rw-p 00000000 00:00 0 
7f8682adc000-7f8682ae0000 ---p 00000000 00:00 0 
7f8682ae0000-7f8682bdc000 rw-p 00000000 00:00 0 
7f8682bdc000-7f8682be0000 ---p 00000000 00:00 0 
7f8682be0000-7f8682cdc000 rw-p 00000000 00:00 0 
7f8682cdc000-7f8682ce0000 ---p 00000000 00:00 0 
7f8682ce0000-7f8682ddc000 rw-p 00000000 00:00 0 
7f8682ddc000-7f8682de0000 ---p 00000000 00:00 0 
7f8682de0000-7f8682edc000 rw-p 00000000 00:00 0 
7f8682edc000-7f8682edd000 ---p 00000000 00:00 0 
7f8682edd000-7f8683ddd000 rw-p 00000000 00:00 0 
7f8683ddd000-7f8683fdd000 rw-s 00000000 00:01 1824                       /dev/zero (deleted)
7f8683fdd000-7f8683fde000 rw-s 00000000 00:05 679                        /dev/nvidiactl
7f8683fde000-7f8683fdf000 rw-s 00000000 00:05 679                        /dev/nvidiactl
7f8683fdf000-7f8683fe0000 rw-s 00000000 00:05 679                        /dev/nvidiactl
7f8683fe0000-7f8683fe1000 rw-s 00000000 00:05 679                        /dev/nvidiactl
7f8683fe1000-7f8683fe2000 rw-s 00000000 00:05 679                        /dev/nvidiactl
7f8683fe2000-7f8683fe3000 rw-s 00000000 00:05 679                        /dev/nvidiactl
7f8683fe3000-7f8683fe4000 rw-s 00000000 00:05 679                        /dev/nvidiactl
7f8683fe4000-7f8683fe5000 rw-s 00000000 00:05 679                        /dev/nvidiactl
7f8683fe5000-7f8683fe6000 rw-s 00000000 00:05 679                        /dev/nvidiactl
7f8683fe6000-7f8683fe7000 rw-s 00000000 00:05 679                        /dev/nvidiactl
7f8683fe7000-7f8683fe8000 rw-s 00000000 00:05 679                        /dev/nvidiactl
7f8683fe8000-7f8683fe9000 rw-s 00000000 00:05 679                        /dev/nvidiactl
7f8683fe9000-7f8683fea000 rw-s 00000000 00:05 679                        /dev/nvidiactl
7f8683fea000-7f8683feb000 rw-s 00000000 00:05 679                        /dev/nvidiactl
7f8683feb000-7f8683fec000 rw-s 00000000 00:05 679                        /dev/nvidiactl
7f8683fec000-7f8683fed000 rw-s 00000000 00:05 679                        /dev/nvidiactl
7f8683fed000-7f8683fee000 rw-s 00000000 00:05 679                        /dev/nvidiactl
7f8683fee000-7f8683fef000 rw-s 00000000 00:05 679                        /dev/nvidiactl
7f8683fef000-7f8683ff0000 rw-s 00000000 00:05 679                        /dev/nvidiactl
7f8683ff0000-7f8683ff1000 rw-s 00000000 00:05 679                        /dev/nvidiactl
7f8683ff1000-7f8684fff000 ---p 00000000 00:00 0 
7f8684fff000-7f86857ff000 rw-p 00000000 00:00 0 
7f86857ff000-7f8685800000 ---p 00000000 00:00 0 
7f8685800000-7f8686000000 rw-p 00000000 00:00 0 
7f8686000000-7f86861ca000 r-xp 00000000 103:03 106299479                 /usr/lib/x86_64-linux-gnu/libnvidia-ml.so.555.42.02
7f86861ca000-7f86863c9000 ---p 001ca000 103:03 106299479                 /usr/lib/x86_64-linux-gnu/libnvidia-ml.so.555.42.02
7f86863c9000-7f86863fb000 r--p 001c9000 103:03 106299479                 /usr/lib/x86_64-linux-gnu/libnvidia-ml.so.555.42.02
7f86863fb000-7f86863fd000 rw-p 001fb000 103:03 106299479                 /usr/lib/x86_64-linux-gnu/libnvidia-ml.so.555.42.02
7f86863fd000-7f8687029000 rw-p 00000000 00:00 0 
7f86870f7000-7f86872f7000 rw-p 00000000 00:00 0 
7f86872f7000-7f86872f8000 ---p 00000000 00:00 0 
7f86872f8000-7f86889f8000 rw-p 00000000 00:00 0 
7f86889f8000-7f868bf77000 r--p 00000000 00:62 10095985                   /home/ubuntu/.local/lib/python3.10/site-packages/triton/_C/libtriton.so
7f868bf77000-7f869101c000 r-xp 0357e000 00:62 10095985                   /home/ubuntu/.local/lib/python3.10/site-packages/triton/_C/libtriton.so
7f869101c000-7f869114c000 r--p 08622000 00:62 10095985                   /home/ubuntu/.local/lib/python3.10/site-packages/triton/_C/libtriton.so
7f869114c000-7f869116f000 rw-p 08751000 00:62 10095985                   /home/ubuntu/.local/lib/python3.10/site-packages/triton/_C/libtriton.so
7f869116f000-7f8692a00000 rw-p 00000000 00:00 0 
7f8692a00000-7f8692aa9000 r-xp 00000000 00:62 10163489                   /home/ubuntu/.local/lib/python3.10/site-packages/torchvision.libs/libcudart.45e7f3ed.so.12
7f8692aa9000-7f8692ca9000 ---p 000a9000 00:62 10163489                   /home/ubuntu/.local/lib/python3.10/site-packages/torchvision.libs/libcudart.45e7f3ed.so.12
7f8692ca9000-7f8692cae000 r--p 000a9000 00:62 10163489                   /home/ubuntu/.local/lib/python3.10/site-packages/torchvision.libs/libcudart.45e7f3ed.so.12
7f8692cae000-7f8692caf000 rw-p 000ae000 00:62 10163489                   /home/ubuntu/.local/lib/python3.10/site-packages/torchvision.libs/libcudart.45e7f3ed.so.12
7f8692caf000-7f8692cb1000 rw-p 00000000 00:00 0 
7f8692cf7000-7f8692cfa000 r--p 00000000 00:62 10045293                   /usr/lib/python3.10/lib-dynload/termios.cpython-310-x86_64-linux-gnu.so
7f8692cfa000-7f8692cfb000 r-xp 00003000 00:62 10045293                   /usr/lib/python3.10/lib-dynload/termios.cpython-310-x86_64-linux-gnu.so
7f8692cfb000-7f8692cfd000 r--p 00004000 00:62 10045293                   /usr/lib/python3.10/lib-dynload/termios.cpython-310-x86_64-linux-gnu.so
7f8692cfd000-7f8692cfe000 r--p 00005000 00:62 10045293                   /usr/lib/python3.10/lib-dynload/termios.cpython-310-x86_64-linux-gnu.so
7f8692cfe000-7f8692d00000 rw-p 00006000 00:62 10045293                   /usr/lib/python3.10/lib-dynload/termios.cpython-310-x86_64-linux-gnu.so
7f8692d00000-7f8692e00000 rw-p 00000000 00:00 0 
7f8692e00000-7f869345a000 r-xp 00000000 00:62 10163488                   /home/ubuntu/.local/lib/python3.10/site-packages/torchvision.libs/libnvjpeg.e5f20359.so.12
7f869345a000-7f869365a000 ---p 0065a000 00:62 10163488                   /home/ubuntu/.local/lib/python3.10/site-packages/torchvision.libs/libnvjpeg.e5f20359.so.12
7f869365a000-7f8693667000 r--p 0065a000 00:62 10163488                   /home/ubuntu/.local/lib/python3.10/site-packages/torchvision.libs/libnvjpeg.e5f20359.so.12
7f8693667000-7f8693668000 rw-p 00667000 00:62 10163488                   /home/ubuntu/.local/lib/python3.10/site-packages/torchvision.libs/libnvjpeg.e5f20359.so.12
7f8693668000-7f869366d000 rw-p 00000000 00:00 0 
7f869366d000-7f869366f000 r--p 00000000 00:62 10045270                   /usr/lib/python3.10/lib-dynload/_lsprof.cpython-310-x86_64-linux-gnu.so
7f869366f000-7f8693672000 r-xp 00002000 00:62 10045270                   /usr/lib/python3.10/lib-dynload/_lsprof.cpython-310-x86_64-linux-gnu.so
7f8693672000-7f8693674000 r--p 00005000 00:62 10045270                   /usr/lib/python3.10/lib-dynload/_lsprof.cpython-310-x86_64-linux-gnu.so
7f8693674000-7f8693675000 r--p 00006000 00:62 10045270                   /usr/lib/python3.10/lib-dynload/_lsprof.cpython-310-x86_64-linux-gnu.so
7f8693675000-7f8693676000 rw-p 00007000 00:62 10045270                   /usr/lib/python3.10/lib-dynload/_lsprof.cpython-310-x86_64-linux-gnu.so
7f8693676000-7f8693679000 r--p 00000000 00:62 10163490                   /home/ubuntu/.local/lib/python3.10/site-packages/torchvision.libs/libz.81d90590.so.1
7f8693679000-7f8693687000 r-xp 00003000 00:62 10163490                   /home/ubuntu/.local/lib/python3.10/site-packages/torchvision.libs/libz.81d90590.so.1
7f8693687000-7f869368e000 r--p 00011000 00:62 10163490                   /home/ubuntu/.local/lib/python3.10/site-packages/torchvision.libs/libz.81d90590.so.1
7f869368e000-7f869368f000 r--p 00017000 00:62 10163490                   /home/ubuntu/.local/lib/python3.10/site-packages/torchvision.libs/libz.81d90590.so.1
7f869368f000-7f8693690000 rw-p 00018000 00:62 10163490                   /home/ubuntu/.local/lib/python3.10/site-packages/torchvision.libs/libz.81d90590.so.1
7f8693690000-7f8693693000 r--p 00000000 00:62 10163487                   /home/ubuntu/.local/lib/python3.10/site-packages/torchvision.libs/libwebp.32d871e4.so.7
7f8693693000-7f869371d000 r-xp 00003000 00:62 10163487                   /home/ubuntu/.local/lib/python3.10/site-packages/torchvision.libs/libwebp.32d871e4.so.7
7f869371d000-7f8693730000 r--p 0008d000 00:62 10163487                   /home/ubuntu/.local/lib/python3.10/site-packages/torchvision.libs/libwebp.32d871e4.so.7
7f8693730000-7f8693731000 r--p 000a0000 00:62 10163487                   /home/ubuntu/.local/lib/python3.10/site-packages/torchvision.libs/libwebp.32d871e4.so.7
7f8693731000-7f8693732000 rw-p 000a1000 00:62 10163487                   /home/ubuntu/.local/lib/python3.10/site-packages/torchvision.libs/libwebp.32d871e4.so.7
7f8693732000-7f8693733000 rw-p 00000000 00:00 0 
7f8693733000-7f8693734000 rw-p 000ad000 00:62 10163487                   /home/ubuntu/.local/lib/python3.10/site-packages/torchvision.libs/libwebp.32d871e4.so.7
7f8693734000-7f8693739000 r--p 00000000 00:62 10163486                   /home/ubuntu/.local/lib/python3.10/site-packages/torchvision.libs/libjpeg.37781fad.so.8
7f8693739000-7f869378e000 r-xp 00005000 00:62 10163486                   /home/ubuntu/.local/lib/python3.10/site-packages/torchvision.libs/libjpeg.37781fad.so.8
7f869378e000-7f86937c9000 r--p 0005a000 00:62 10163486                   /home/ubuntu/.local/lib/python3.10/site-packages/torchvision.libs/libjpeg.37781fad.so.8
7f86937c9000-7f86937ca000 r--p 00094000 00:62 10163486                   /home/ubuntu/.local/lib/python3.10/site-packages/torchvision.libs/libjpeg.37781fad.so.8
7f86937ca000-7f86937cb000 rw-p 00095000 00:62 10163486                   /home/ubuntu/.local/lib/python3.10/site-packages/torchvision.libs/libjpeg.37781fad.so.8
7f86937cb000-7f86937d1000 r--p 00000000 00:62 10163485                   /home/ubuntu/.local/lib/python3.10/site-packages/torchvision.libs/libpng16.e328d493.so.16
7f86937d1000-7f86937fa000 r-xp 00006000 00:62 10163485                   /home/ubuntu/.local/lib/python3.10/site-packages/torchvision.libs/libpng16.e328d493.so.16
7f86937fa000-7f8693805000 r--p 0002f000 00:62 10163485                   /home/ubuntu/.local/lib/python3.10/site-packages/torchvision.libs/libpng16.e328d493.so.16
7f8693805000-7f8693806000 ---p 0003a000 00:62 10163485                   /home/ubuntu/.local/lib/python3.10/site-packages/torchvision.libs/libpng16.e328d493.so.16
7f8693806000-7f8693807000 r--p 0003a000 00:62 10163485                   /home/ubuntu/.local/lib/python3.10/site-packages/torchvision.libs/libpng16.e328d493.so.16
7f8693807000-7f8693808000 rw-p 0003b000 00:62 10163485                   /home/ubuntu/.local/lib/python3.10/site-packages/torchvision.libs/libpng16.e328d493.so.16
7f8693808000-7f869380b000 rw-p 00042000 00:62 10163485                   /home/ubuntu/.local/lib/python3.10/site-packages/torchvision.libs/libpng16.e328d493.so.16
7f869380b000-7f8693822000 r--p 00000000 00:62 10163281                   /home/ubuntu/.local/lib/python3.10/site-packages/torchvision/image.so
7f8693822000-7f8693855000 r-xp 00017000 00:62 10163281                   /home/ubuntu/.local/lib/python3.10/site-packages/torchvision/image.so
7f8693855000-7f869386b000 r--p 0004a000 00:62 10163281                   /home/ubuntu/.local/lib/python3.10/site-packages/torchvision/image.so
7f869386b000-7f869386c000 r--p 0005f000 00:62 10163281                   /home/ubuntu/.local/lib/python3.10/site-packages/torchvision/image.so
7f869386c000-7f869386e000 rw-p 00060000 00:62 10163281                   /home/ubuntu/.local/lib/python3.10/site-packages/torchvision/image.so
7f869386e000-7f869387a000 rw-p 0007a000 00:62 10163281                   /home/ubuntu/.local/lib/python3.10/site-packages/torchvision/image.so
7f869387a000-7f8693886000 rw-p 00086000 00:62 10163281                   /home/ubuntu/.local/lib/python3.10/site-packages/torchvision/image.so
7f8693886000-7f8693892000 rw-p 00092000 00:62 10163281                   /home/ubuntu/.local/lib/python3.10/site-packages/torchvision/image.so
7f8693892000-7f869389e000 rw-p 0009e000 00:62 10163281                   /home/ubuntu/.local/lib/python3.10/site-packages/torchvision/image.so
7f869389e000-7f86938aa000 rw-p 000aa000 00:62 10163281                   /home/ubuntu/.local/lib/python3.10/site-packages/torchvision/image.so
7f86938aa000-7f86938ac000 r--p 00000000 00:62 9914557                    /usr/lib/x86_64-linux-gnu/libfribidi.so.0.4.0
7f86938ac000-7f86938af000 r-xp 00002000 00:62 9914557                    /usr/lib/x86_64-linux-gnu/libfribidi.so.0.4.0
7f86938af000-7f86938c4000 r--p 00005000 00:62 9914557                    /usr/lib/x86_64-linux-gnu/libfribidi.so.0.4.0
7f86938c4000-7f86938c5000 r--p 00019000 00:62 9914557                    /usr/lib/x86_64-linux-gnu/libfribidi.so.0.4.0
7f86938c5000-7f86938c6000 rw-p 0001a000 00:62 9914557                    /usr/lib/x86_64-linux-gnu/libfribidi.so.0.4.0
7f86938c6000-7f86938c7000 r--p 00000000 00:62 10100091                   /home/ubuntu/.local/lib/python3.10/site-packages/pillow.libs/libbrotlicommon-c55a5f7a.so.1.1.0
7f86938c7000-7f86938c8000 r-xp 00001000 00:62 10100091                   /home/ubuntu/.local/lib/python3.10/site-packages/pillow.libs/libbrotlicommon-c55a5f7a.so.1.1.0
7f86938c8000-7f86938e7000 r--p 00002000 00:62 10100091                   /home/ubuntu/.local/lib/python3.10/site-packages/pillow.libs/libbrotlicommon-c55a5f7a.so.1.1.0
7f86938e7000-7f86938e8000 r--p 00021000 00:62 10100091                   /home/ubuntu/.local/lib/python3.10/site-packages/pillow.libs/libbrotlicommon-c55a5f7a.so.1.1.0
7f86938e8000-7f86938e9000 rw-p 00022000 00:62 10100091                   /home/ubuntu/.local/lib/python3.10/site-packages/pillow.libs/libbrotlicommon-c55a5f7a.so.1.1.0
7f86938e9000-7f86938ea000 rw-p 00023000 00:62 10100091                   /home/ubuntu/.local/lib/python3.10/site-packages/pillow.libs/libbrotlicommon-c55a5f7a.so.1.1.0
7f86938ea000-7f86938eb000 r--p 00000000 00:62 10100092                   /home/ubuntu/.local/lib/python3.10/site-packages/pillow.libs/libbrotlidec-2ced2f3a.so.1.1.0
7f86938eb000-7f86938f4000 r-xp 00001000 00:62 10100092                   /home/ubuntu/.local/lib/python3.10/site-packages/pillow.libs/libbrotlidec-2ced2f3a.so.1.1.0
7f86938f4000-7f86938f7000 r--p 0000a000 00:62 10100092                   /home/ubuntu/.local/lib/python3.10/site-packages/pillow.libs/libbrotlidec-2ced2f3a.so.1.1.0
7f86938f7000-7f86938f8000 r--p 0000c000 00:62 10100092                   /home/ubuntu/.local/lib/python3.10/site-packages/pillow.libs/libbrotlidec-2ced2f3a.so.1.1.0
7f86938f8000-7f86938f9000 rw-p 0000d000 00:62 10100092                   /home/ubuntu/.local/lib/python3.10/site-packages/pillow.libs/libbrotlidec-2ced2f3a.so.1.1.0
7f86938f9000-7f86938fa000 rw-p 0000e000 00:62 10100092                   /home/ubuntu/.local/lib/python3.10/site-packages/pillow.libs/libbrotlidec-2ced2f3a.so.1.1.0
7f86938fa000-7f86938fb000 rw-p 0000f000 00:62 10100092                   /home/ubuntu/.local/lib/python3.10/site-packages/pillow.libs/libbrotlidec-2ced2f3a.so.1.1.0
7f86938fb000-7f8693900000 r--p 00000000 00:62 10100099                   /home/ubuntu/.local/lib/python3.10/site-packages/pillow.libs/libpng16-d00bd151.so.16.49.0
7f8693900000-7f8693932000 r-xp 00005000 00:62 10100099                   /home/ubuntu/.local/lib/python3.10/site-packages/pillow.libs/libpng16-d00bd151.so.16.49.0
7f8693932000-7f869393c000 r--p 00037000 00:62 10100099                   /home/ubuntu/.local/lib/python3.10/site-packages/pillow.libs/libpng16-d00bd151.so.16.49.0
7f869393c000-7f869393d000 r--p 00040000 00:62 10100099                   /home/ubuntu/.local/lib/python3.10/site-packages/pillow.libs/libpng16-d00bd151.so.16.49.0
7f869393d000-7f869393e000 rw-p 00041000 00:62 10100099                   /home/ubuntu/.local/lib/python3.10/site-packages/pillow.libs/libpng16-d00bd151.so.16.49.0
7f869393e000-7f8693940000 rw-p 00042000 00:62 10100099                   /home/ubuntu/.local/lib/python3.10/site-packages/pillow.libs/libpng16-d00bd151.so.16.49.0
7f8693940000-7f869394c000 r--p 00000000 00:62 10100094                   /home/ubuntu/.local/lib/python3.10/site-packages/pillow.libs/libharfbuzz-fe5b8f8d.so.0.61121.0
7f869394c000-7f86939c9000 r-xp 0000c000 00:62 10100094                   /home/ubuntu/.local/lib/python3.10/site-packages/pillow.libs/libharfbuzz-fe5b8f8d.so.0.61121.0
7f86939c9000-7f8693a12000 r--p 00089000 00:62 10100094                   /home/ubuntu/.local/lib/python3.10/site-packages/pillow.libs/libharfbuzz-fe5b8f8d.so.0.61121.0
7f8693a12000-7f8693a13000 r--p 000d1000 00:62 10100094                   /home/ubuntu/.local/lib/python3.10/site-packages/pillow.libs/libharfbuzz-fe5b8f8d.so.0.61121.0
7f8693a13000-7f8693a15000 rw-p 000d2000 00:62 10100094                   /home/ubuntu/.local/lib/python3.10/site-packages/pillow.libs/libharfbuzz-fe5b8f8d.so.0.61121.0
7f8693a15000-7f8693a1a000 rw-p 000d5000 00:62 10100094                   /home/ubuntu/.local/lib/python3.10/site-packages/pillow.libs/libharfbuzz-fe5b8f8d.so.0.61121.0
7f8693a1a000-7f8693a1e000 rw-p 000da000 00:62 10100094                   /home/ubuntu/.local/lib/python3.10/site-packages/pillow.libs/libharfbuzz-fe5b8f8d.so.0.61121.0
7f8693a1e000-7f8693a2b000 r--p 00000000 00:62 10100093                   /home/ubuntu/.local/lib/python3.10/site-packages/pillow.libs/libfreetype-083ff72c.so.6.20.2
7f8693a2b000-7f8693af2000 r-xp 0000d000 00:62 10100093                   /home/ubuntu/.local/lib/python3.10/site-packages/pillow.libs/libfreetype-083ff72c.so.6.20.2
7f8693af2000-7f8693b1e000 r--p 000d4000 00:62 10100093                   /home/ubuntu/.local/lib/python3.10/site-packages/pillow.libs/libfreetype-083ff72c.so.6.20.2
7f8693b1e000-7f8693b25000 r--p 00100000 00:62 10100093                   /home/ubuntu/.local/lib/python3.10/site-packages/pillow.libs/libfreetype-083ff72c.so.6.20.2
7f8693b25000-7f8693b27000 rw-p 00107000 00:62 10100093                   /home/ubuntu/.local/lib/python3.10/site-packages/pillow.libs/libfreetype-083ff72c.so.6.20.2
7f8693b27000-7f8693b29000 rw-p 0015a000 00:62 10100093                   /home/ubuntu/.local/lib/python3.10/site-packages/pillow.libs/libfreetype-083ff72c.so.6.20.2
7f8693b29000-7f8693b2b000 rw-p 0015c000 00:62 10100093                   /home/ubuntu/.local/lib/python3.10/site-packages/pillow.libs/libfreetype-083ff72c.so.6.20.2
7f8693b2b000-7f8693bcf000 r--p 00000000 00:62 10163275                   /home/ubuntu/.local/lib/python3.10/site-packages/torchvision/_C.so
7f8693bcf000-7f8693ce5000 r-xp 000a4000 00:62 10163275                   /home/ubuntu/.local/lib/python3.10/site-packages/torchvision/_C.so
7f8693ce5000-7f8694265000 r--p 001ba000 00:62 10163275                   /home/ubuntu/.local/lib/python3.10/site-packages/torchvision/_C.so
7f8694265000-7f8694268000 r--p 00739000 00:62 10163275                   /home/ubuntu/.local/lib/python3.10/site-packages/torchvision/_C.so
7f8694268000-7f869426d000 rw-p 0073c000 00:62 10163275                   /home/ubuntu/.local/lib/python3.10/site-packages/torchvision/_C.so
7f869426d000-7f880936f000 rw-p 00000000 00:00 0 
7f8809371000-7f890f171000 rw-p 00000000 00:00 0 
7f890f173000-7f8991273000 rw-p 00000000 00:00 0 
7f8991275000-7f89d1d75000 rw-p 00000000 00:00 0 
7f89d1d77000-7f89f2277000 rw-p 00000000 00:00 0 
7f89f2279000-7f8a02479000 rw-p 00000000 00:00 0 
7f8a0247b000-7f8a0a57b000 rw-p 00000000 00:00 0 
7f8a0a57d000-7f8a0eb7d000 rw-p 00000000 00:00 0 
7f8a0eb7f000-7f8a1267f000 rw-p 00000000 00:00 0 
7f8a1267f000-7f8a1bc17000 r--s 00000000 08:00 45646671                   /home/ubuntu/tbazzocchi/FRAG/MedRAG/corpus/wikipedia/index/bm25/_s_Lucene90_0.dvd
7f8a1bc17000-7f8a1ed33000 r--s 00000000 08:00 45646518                   /home/ubuntu/tbazzocchi/FRAG/MedRAG/corpus/wikipedia/index/bm25/_s.fdt
7f8a1ed33000-7f8a1f35b000 r--s 00000000 08:00 45646519                   /home/ubuntu/tbazzocchi/FRAG/MedRAG/corpus/wikipedia/index/bm25/_s.nvd
7f8a1f35b000-7f8a1f5b3000 r--s 00000000 08:00 45646528                   /home/ubuntu/tbazzocchi/FRAG/MedRAG/corpus/wikipedia/index/bm25/_s_Lucene90_0.tip
7f8a1f5b3000-7f8a2437c000 r--s 00000000 08:00 45646527                   /home/ubuntu/tbazzocchi/FRAG/MedRAG/corpus/wikipedia/index/bm25/_s_Lucene90_0.tim
7f8a2437c000-7f8a49c2e000 r--s 00000000 08:00 45646526                   /home/ubuntu/tbazzocchi/FRAG/MedRAG/corpus/wikipedia/index/bm25/_s_Lucene90_0.doc
7f8a49c2e000-7f8a5808e000 r--s 00000000 08:00 45646432                   /home/ubuntu/tbazzocchi/FRAG/MedRAG/corpus/wikipedia/index/bm25/_13_Lucene90_0.dvd
7f8a5808e000-7f8a5caf8000 r--s 00000000 08:00 45646676                   /home/ubuntu/tbazzocchi/FRAG/MedRAG/corpus/wikipedia/index/bm25/_13.fdt
7f8a5caf8000-7f8a5d45d000 r--s 00000000 08:00 45646503                   /home/ubuntu/tbazzocchi/FRAG/MedRAG/corpus/wikipedia/index/bm25/_13.nvd
7f8a5d45d000-7f8a5d7bc000 r--s 00000000 08:00 45646685                   /home/ubuntu/tbazzocchi/FRAG/MedRAG/corpus/wikipedia/index/bm25/_13_Lucene90_0.tip
7f8a5d7bc000-7f8a6445b000 r--s 00000000 08:00 45646684                   /home/ubuntu/tbazzocchi/FRAG/MedRAG/corpus/wikipedia/index/bm25/_13_Lucene90_0.tim
7f8a6445b000-7f8a9e034000 r--s 00000000 08:00 45646678                   /home/ubuntu/tbazzocchi/FRAG/MedRAG/corpus/wikipedia/index/bm25/_13_Lucene90_0.doc
7f8a9e034000-7f8a9f9a0000 r--s 00000000 08:00 45646497                   /home/ubuntu/tbazzocchi/FRAG/MedRAG/corpus/wikipedia/index/bm25/_a_Lucene90_0.dvd
7f8a9f9a0000-7f8aa01ef000 r--s 00000000 08:00 45646313                   /home/ubuntu/tbazzocchi/FRAG/MedRAG/corpus/wikipedia/index/bm25/_a.fdt
7f8aa01ef000-7f8aa02fb000 r--s 00000000 08:00 45646495                   /home/ubuntu/tbazzocchi/FRAG/MedRAG/corpus/wikipedia/index/bm25/_a.nvd
7f8aa02fb000-7f8aa0390000 r--s 00000000 08:00 45646506                   /home/ubuntu/tbazzocchi/FRAG/MedRAG/corpus/wikipedia/index/bm25/_a_Lucene90_0.tip
7f8aa0390000-7f8aa1521000 r--s 00000000 08:00 45646505                   /home/ubuntu/tbazzocchi/FRAG/MedRAG/corpus/wikipedia/index/bm25/_a_Lucene90_0.tim
7f8aa1521000-7f8aa7981000 r--s 00000000 08:00 45646504                   /home/ubuntu/tbazzocchi/FRAG/MedRAG/corpus/wikipedia/index/bm25/_a_Lucene90_0.doc
7f8aa7981000-7f8aa950b000 r--s 00000000 08:00 45646510                   /home/ubuntu/tbazzocchi/FRAG/MedRAG/corpus/wikipedia/index/bm25/_6_Lucene90_0.dvd
7f8aa950b000-7f8aa9e0a000 r--s 00000000 08:00 45646303                   /home/ubuntu/tbazzocchi/FRAG/MedRAG/corpus/wikipedia/index/bm25/_6.fdt
7f8aa9e0a000-7f8aa9f2c000 r--s 00000000 08:00 45646508                   /home/ubuntu/tbazzocchi/FRAG/MedRAG/corpus/wikipedia/index/bm25/_6.nvd
7f8aa9f2c000-7f8aa9fca000 r--s 00000000 08:00 45646524                   /home/ubuntu/tbazzocchi/FRAG/MedRAG/corpus/wikipedia/index/bm25/_6_Lucene90_0.tip
7f8aa9fca000-7f8aab270000 r--s 00000000 08:00 45646523                   /home/ubuntu/tbazzocchi/FRAG/MedRAG/corpus/wikipedia/index/bm25/_6_Lucene90_0.tim
7f8aab270000-7f8ab1f1e000 r--s 00000000 08:00 45646522                   /home/ubuntu/tbazzocchi/FRAG/MedRAG/corpus/wikipedia/index/bm25/_6_Lucene90_0.doc
7f8ab1f1e000-7f8ab3cb7000 r--s 00000000 08:00 45646532                   /home/ubuntu/tbazzocchi/FRAG/MedRAG/corpus/wikipedia/index/bm25/_8_Lucene90_0.dvd
7f8ab3cb7000-7f8ab4661000 r--s 00000000 08:00 45646317                   /home/ubuntu/tbazzocchi/FRAG/MedRAG/corpus/wikipedia/index/bm25/_8.fdt
7f8ab4661000-7f8ab4799000 r--s 00000000 08:00 45646530                   /home/ubuntu/tbazzocchi/FRAG/MedRAG/corpus/wikipedia/index/bm25/_8.nvd
7f8ab4799000-7f8ab4840000 r--s 00000000 08:00 45646541                   /home/ubuntu/tbazzocchi/FRAG/MedRAG/corpus/wikipedia/index/bm25/_8_Lucene90_0.tip
7f8ab4840000-7f8ab5bf7000 r--s 00000000 08:00 45646540                   /home/ubuntu/tbazzocchi/FRAG/MedRAG/corpus/wikipedia/index/bm25/_8_Lucene90_0.tim
7f8ab5bf7000-7f8abd0dd000 r--s 00000000 08:00 45646539                   /home/ubuntu/tbazzocchi/FRAG/MedRAG/corpus/wikipedia/index/bm25/_8_Lucene90_0.doc
7f8abd0dd000-7f8abf0ca000 r--s 00000000 08:00 45646545                   /home/ubuntu/tbazzocchi/FRAG/MedRAG/corpus/wikipedia/index/bm25/_2_Lucene90_0.dvd
7f8abf0ca000-7f8abfb33000 r--s 00000000 08:00 45646308                   /home/ubuntu/tbazzocchi/FRAG/MedRAG/corpus/wikipedia/index/bm25/_2.fdt
7f8abfb33000-7f8abfc83000 r--s 00000000 08:00 45646543                   /home/ubuntu/tbazzocchi/FRAG/MedRAG/corpus/wikipedia/index/bm25/_2.nvd
7f8abfc83000-7f8abfd33000 r--s 00000000 08:00 45646554                   /home/ubuntu/tbazzocchi/FRAG/MedRAG/corpus/wikipedia/index/bm25/_2_Lucene90_0.tip
7f8abfd33000-7f8ac1209000 r--s 00000000 08:00 45646553                   /home/ubuntu/tbazzocchi/FRAG/MedRAG/corpus/wikipedia/index/bm25/_2_Lucene90_0.tim
7f8ac1209000-7f8ac8ffd000 r--s 00000000 08:00 45646552                   /home/ubuntu/tbazzocchi/FRAG/MedRAG/corpus/wikipedia/index/bm25/_2_Lucene90_0.doc
7f8ac8ffd000-7f8aca8e6000 r--s 00000000 08:00 45646658                   /home/ubuntu/tbazzocchi/FRAG/MedRAG/corpus/wikipedia/index/bm25/_o_Lucene90_0.dvd
7f8aca8e6000-7f8acb103000 r--s 00000000 08:00 45646468                   /home/ubuntu/tbazzocchi/FRAG/MedRAG/corpus/wikipedia/index/bm25/_o.fdt
7f8acb103000-7f8acb20a000 r--s 00000000 08:00 45646656                   /home/ubuntu/tbazzocchi/FRAG/MedRAG/corpus/wikipedia/index/bm25/_o.nvd
7f8acb20a000-7f8acb29b000 r--s 00000000 08:00 45646667                   /home/ubuntu/tbazzocchi/FRAG/MedRAG/corpus/wikipedia/index/bm25/_o_Lucene90_0.tip
7f8acb29b000-7f8acc3b1000 r--s 00000000 08:00 45646666                   /home/ubuntu/tbazzocchi/FRAG/MedRAG/corpus/wikipedia/index/bm25/_o_Lucene90_0.tim
7f8acc3b1000-7f8ad264f000 r--s 00000000 08:00 45646665                   /home/ubuntu/tbazzocchi/FRAG/MedRAG/corpus/wikipedia/index/bm25/_o_Lucene90_0.doc
7f8ad264f000-7f8ad414e000 r--s 00000000 08:00 45646681                   /home/ubuntu/tbazzocchi/FRAG/MedRAG/corpus/wikipedia/index/bm25/_q_Lucene90_0.dvd
7f8ad414e000-7f8ad49c0000 r--s 00000000 08:00 45646501                   /home/ubuntu/tbazzocchi/FRAG/MedRAG/corpus/wikipedia/index/bm25/_q.fdt
7f8ad49c0000-7f8ad4adc000 r--s 00000000 08:00 45646679                   /home/ubuntu/tbazzocchi/FRAG/MedRAG/corpus/wikipedia/index/bm25/_q.nvd
7f8ad4adc000-7f8ad4b71000 r--s 00000000 08:00 45646291                   /home/ubuntu/tbazzocchi/FRAG/MedRAG/corpus/wikipedia/index/bm25/_q_Lucene90_0.tip
7f8ad4b71000-7f8ad5cd9000 r--s 00000000 08:00 45646290                   /home/ubuntu/tbazzocchi/FRAG/MedRAG/corpus/wikipedia/index/bm25/_q_Lucene90_0.tim
7f8ad5cd9000-7f8adc7d8000 r--s 00000000 08:00 45646289                   /home/ubuntu/tbazzocchi/FRAG/MedRAG/corpus/wikipedia/index/bm25/_q_Lucene90_0.doc
7f8adc7d8000-7f8addbee000 r--s 00000000 08:00 45646299                   /home/ubuntu/tbazzocchi/FRAG/MedRAG/corpus/wikipedia/index/bm25/_r_Lucene90_0.dvd
7f8addbee000-7f8ade276000 r--s 00000000 08:00 45646514                   /home/ubuntu/tbazzocchi/FRAG/MedRAG/corpus/wikipedia/index/bm25/_r.fdt
7f8ade276000-7f8ade34a000 r--s 00000000 08:00 45646295                   /home/ubuntu/tbazzocchi/FRAG/MedRAG/corpus/wikipedia/index/bm25/_r.nvd
7f8ade34a000-7f8ade3c5000 r--s 00000000 08:00 45646309                   /home/ubuntu/tbazzocchi/FRAG/MedRAG/corpus/wikipedia/index/bm25/_r_Lucene90_0.tip
7f8ade3c5000-7f8adf231000 r--s 00000000 08:00 45646306                   /home/ubuntu/tbazzocchi/FRAG/MedRAG/corpus/wikipedia/index/bm25/_r_Lucene90_0.tim
7f8adf231000-7f8ae41bf000 r--s 00000000 08:00 45646305                   /home/ubuntu/tbazzocchi/FRAG/MedRAG/corpus/wikipedia/index/bm25/_r_Lucene90_0.doc
7f8ae41bf000-7f8ae4bbf000 r--s 00000000 08:00 45646318                   /home/ubuntu/tbazzocchi/FRAG/MedRAG/corpus/wikipedia/index/bm25/_x_Lucene90_0.dvd
7f8ae4bbf000-7f8ae4f01000 r--s 00000000 08:00 45646592                   /home/ubuntu/tbazzocchi/FRAG/MedRAG/corpus/wikipedia/index/bm25/_x.fdt
7f8ae4f01000-7f8ae4f6a000 r--s 00000000 08:00 45646315                   /home/ubuntu/tbazzocchi/FRAG/MedRAG/corpus/wikipedia/index/bm25/_x.nvd
7f8ae4f6a000-7f8ae4fb3000 r--s 00000000 08:00 45646326                   /home/ubuntu/tbazzocchi/FRAG/MedRAG/corpus/wikipedia/index/bm25/_x_Lucene90_0.tip
7f8ae4fb3000-7f8ae581c000 r--s 00000000 08:00 45646325                   /home/ubuntu/tbazzocchi/FRAG/MedRAG/corpus/wikipedia/index/bm25/_x_Lucene90_0.tim
7f8ae581c000-7f8ae7f8e000 r--s 00000000 08:00 45646324                   /home/ubuntu/tbazzocchi/FRAG/MedRAG/corpus/wikipedia/index/bm25/_x_Lucene90_0.doc
7f8ae7f8e000-7f8ae815c000 r--s 00000000 08:00 45646334                   /home/ubuntu/tbazzocchi/FRAG/MedRAG/corpus/wikipedia/index/bm25/_12_Lucene90_0.dvd
7f8ae815c000-7f8ae81f1000 r--s 00000000 08:00 45646649                   /home/ubuntu/tbazzocchi/FRAG/MedRAG/corpus/wikipedia/index/bm25/_12.fdt
7f8ae81f1000-7f8ae845a000 r--s 00000000 08:00 45646341                   /home/ubuntu/tbazzocchi/FRAG/MedRAG/corpus/wikipedia/index/bm25/_12_Lucene90_0.tim
7f8ae845a000-7f8ae8b52000 r--s 00000000 08:00 45646340                   /home/ubuntu/tbazzocchi/FRAG/MedRAG/corpus/wikipedia/index/bm25/_12_Lucene90_0.doc
7f8ae8b52000-7f8ae939f000 r--s 00000000 08:00 45646350                   /home/ubuntu/tbazzocchi/FRAG/MedRAG/corpus/wikipedia/index/bm25/_10_Lucene90_0.dvd
7f8ae939f000-7f8ae9632000 r--s 00000000 08:00 45646627                   /home/ubuntu/tbazzocchi/FRAG/MedRAG/corpus/wikipedia/index/bm25/_10.fdt
7f8ae9632000-7f8ae9688000 r--s 00000000 08:00 45646348                   /home/ubuntu/tbazzocchi/FRAG/MedRAG/corpus/wikipedia/index/bm25/_10.nvd
7f8ae9688000-7f8ae96c5000 r--s 00000000 08:00 45646355                   /home/ubuntu/tbazzocchi/FRAG/MedRAG/corpus/wikipedia/index/bm25/_10_Lucene90_0.tip
7f8ae96c5000-7f8ae9daa000 r--s 00000000 08:00 45646354                   /home/ubuntu/tbazzocchi/FRAG/MedRAG/corpus/wikipedia/index/bm25/_10_Lucene90_0.tim
7f8ae9daa000-7f8aebe01000 r--s 00000000 08:00 45646353                   /home/ubuntu/tbazzocchi/FRAG/MedRAG/corpus/wikipedia/index/bm25/_10_Lucene90_0.doc
7f8aebe01000-7f8aecdc5000 r--s 00000000 08:00 45646361                   /home/ubuntu/tbazzocchi/FRAG/MedRAG/corpus/wikipedia/index/bm25/_u_Lucene90_0.dvd
7f8aecdc5000-7f8aed2e5000 r--s 00000000 08:00 45646549                   /home/ubuntu/tbazzocchi/FRAG/MedRAG/corpus/wikipedia/index/bm25/_u.fdt
7f8aed2e5000-7f8aed38b000 r--s 00000000 08:00 45646359                   /home/ubuntu/tbazzocchi/FRAG/MedRAG/corpus/wikipedia/index/bm25/_u.nvd
7f8aed38b000-7f8aed3f2000 r--s 00000000 08:00 45646366                   /home/ubuntu/tbazzocchi/FRAG/MedRAG/corpus/wikipedia/index/bm25/_u_Lucene90_0.tip
7f8aed3f2000-7f8aedff2000 r--s 00000000 08:00 45646365                   /home/ubuntu/tbazzocchi/FRAG/MedRAG/corpus/wikipedia/index/bm25/_u_Lucene90_0.tim
7f8aedff2000-7f8af1e5d000 r--s 00000000 08:00 45646364                   /home/ubuntu/tbazzocchi/FRAG/MedRAG/corpus/wikipedia/index/bm25/_u_Lucene90_0.doc
7f8af1e5d000-7f8af2346000 r--s 00000000 08:00 45646376                   /home/ubuntu/tbazzocchi/FRAG/MedRAG/corpus/wikipedia/index/bm25/_11_Lucene90_0.dvd
7f8af2346000-7f8af24d5000 r--s 00000000 08:00 45646640                   /home/ubuntu/tbazzocchi/FRAG/MedRAG/corpus/wikipedia/index/bm25/_11.fdt
7f8af24d5000-7f8af29ab000 r--s 00000000 08:00 45646384                   /home/ubuntu/tbazzocchi/FRAG/MedRAG/corpus/wikipedia/index/bm25/_11_Lucene90_0.tim
7f8af29ab000-7f8af3cbd000 r--s 00000000 08:00 45646379                   /home/ubuntu/tbazzocchi/FRAG/MedRAG/corpus/wikipedia/index/bm25/_11_Lucene90_0.doc
7f8af3cbd000-7f8af473c000 r--s 00000000 08:00 45646391                   /home/ubuntu/tbazzocchi/FRAG/MedRAG/corpus/wikipedia/index/bm25/_w_Lucene90_0.dvd
7f8af473c000-7f8af500e000 r--s 00000000 08:00 45646399                   /home/ubuntu/tbazzocchi/FRAG/MedRAG/corpus/wikipedia/index/bm25/_w_Lucene90_0.tim
7f8af500e000-7f8af7966000 r--s 00000000 08:00 45646398                   /home/ubuntu/tbazzocchi/FRAG/MedRAG/corpus/wikipedia/index/bm25/_w_Lucene90_0.doc
7f8af7966000-7f8af95e5000 r--s 00000000 08:00 45646406                   /home/ubuntu/tbazzocchi/FRAG/MedRAG/corpus/wikipedia/index/bm25/_p_Lucene90_0.dvd
7f8af95e5000-7f8af9ed3000 r--s 00000000 08:00 45646488                   /home/ubuntu/tbazzocchi/FRAG/MedRAG/corpus/wikipedia/index/bm25/_p.fdt
7f8af9ed3000-7f8afb0fc000 r--s 00000000 08:00 45646414                   /home/ubuntu/tbazzocchi/FRAG/MedRAG/corpus/wikipedia/index/bm25/_p_Lucene90_0.tim
7f8afb0fc000-7f8b02197000 r--s 00000000 08:00 45646413                   /home/ubuntu/tbazzocchi/FRAG/MedRAG/corpus/wikipedia/index/bm25/_p_Lucene90_0.doc
7f8b02197000-7f8b029c6000 r--s 00000000 08:00 45646421                   /home/ubuntu/tbazzocchi/FRAG/MedRAG/corpus/wikipedia/index/bm25/_z_Lucene90_0.dvd
7f8b029c6000-7f8b030ef000 r--s 00000000 08:00 45646429                   /home/ubuntu/tbazzocchi/FRAG/MedRAG/corpus/wikipedia/index/bm25/_z_Lucene90_0.tim
7f8b030ef000-7f8b050f1000 r--s 00000000 08:00 45646428                   /home/ubuntu/tbazzocchi/FRAG/MedRAG/corpus/wikipedia/index/bm25/_z_Lucene90_0.doc
7f8b050f1000-7f8b062f6000 r--s 00000000 08:00 45646442                   /home/ubuntu/tbazzocchi/FRAG/MedRAG/corpus/wikipedia/index/bm25/_t_Lucene90_0.dvd
7f8b062f6000-7f8b0704b000 r--s 00000000 08:00 45646446                   /home/ubuntu/tbazzocchi/FRAG/MedRAG/corpus/wikipedia/index/bm25/_t_Lucene90_0.tim
7f8b0704b000-7f8b0b7a4000 r--s 00000000 08:00 45646445                   /home/ubuntu/tbazzocchi/FRAG/MedRAG/corpus/wikipedia/index/bm25/_t_Lucene90_0.doc
7f8b0b7a4000-7f8b0c649000 r--s 00000000 08:00 45646457                   /home/ubuntu/tbazzocchi/FRAG/MedRAG/corpus/wikipedia/index/bm25/_v_Lucene90_0.dvd
7f8b0c649000-7f8b10000000 r--s 00000000 08:00 45646296                   /home/ubuntu/tbazzocchi/FRAG/MedRAG/corpus/wikipedia/index/bm25/_v_Lucene90_0.doc
7f8b10000000-7f8b20000000 ---p 00000000 00:00 0 
7f8b20000000-7f8b20001000 r--p 00000000 00:62 10163491                   /home/ubuntu/.local/lib/python3.10/site-packages/torchvision.libs/libsharpyuv.0032f495.so.0
7f8b20001000-7f8b20006000 r-xp 00001000 00:62 10163491                   /home/ubuntu/.local/lib/python3.10/site-packages/torchvision.libs/libsharpyuv.0032f495.so.0
7f8b20006000-7f8b20007000 r--p 00006000 00:62 10163491                   /home/ubuntu/.local/lib/python3.10/site-packages/torchvision.libs/libsharpyuv.0032f495.so.0
7f8b20007000-7f8b20008000 r--p 00006000 00:62 10163491                   /home/ubuntu/.local/lib/python3.10/site-packages/torchvision.libs/libsharpyuv.0032f495.so.0
7f8b20008000-7f8b20009000 rw-p 00007000 00:62 10163491                   /home/ubuntu/.local/lib/python3.10/site-packages/torchvision.libs/libsharpyuv.0032f495.so.0
7f8b20009000-7f8b2000a000 rw-p 00000000 00:00 0 
7f8b2000a000-7f8b2000e000 r--p 00000000 00:62 10100071                   /home/ubuntu/.local/lib/python3.10/site-packages/PIL/_imagingft.cpython-310-x86_64-linux-gnu.so
7f8b2000e000-7f8b20017000 r-xp 00004000 00:62 10100071                   /home/ubuntu/.local/lib/python3.10/site-packages/PIL/_imagingft.cpython-310-x86_64-linux-gnu.so
7f8b20017000-7f8b20019000 r--p 0000d000 00:62 10100071                   /home/ubuntu/.local/lib/python3.10/site-packages/PIL/_imagingft.cpython-310-x86_64-linux-gnu.so
7f8b20019000-7f8b2001a000 r--p 0000f000 00:62 10100071                   /home/ubuntu/.local/lib/python3.10/site-packages/PIL/_imagingft.cpython-310-x86_64-linux-gnu.so
7f8b2001a000-7f8b2001b000 rw-p 00010000 00:62 10100071                   /home/ubuntu/.local/lib/python3.10/site-packages/PIL/_imagingft.cpython-310-x86_64-linux-gnu.so
7f8b2001b000-7f8b2001c000 rw-p 00047000 00:62 10100071                   /home/ubuntu/.local/lib/python3.10/site-packages/PIL/_imagingft.cpython-310-x86_64-linux-gnu.so
7f8b2001c000-7f8b2001d000 rw-p 00048000 00:62 10100071                   /home/ubuntu/.local/lib/python3.10/site-packages/PIL/_imagingft.cpython-310-x86_64-linux-gnu.so
7f8b2001d000-7f8b20050000 r--s 00000000 08:00 45646374                   /home/ubuntu/tbazzocchi/FRAG/MedRAG/corpus/wikipedia/index/bm25/_11.nvd
7f8b20050000-7f8b203ba000 r--s 00000000 08:00 45646582                   /home/ubuntu/tbazzocchi/FRAG/MedRAG/corpus/wikipedia/index/bm25/_w.fdt
7f8b203ba000-7f8b20428000 r--s 00000000 08:00 45646389                   /home/ubuntu/tbazzocchi/FRAG/MedRAG/corpus/wikipedia/index/bm25/_w.nvd
7f8b20428000-7f8b20474000 r--s 00000000 08:00 45646400                   /home/ubuntu/tbazzocchi/FRAG/MedRAG/corpus/wikipedia/index/bm25/_w_Lucene90_0.tip
7f8b20474000-7f8b2059f000 r--s 00000000 08:00 45646404                   /home/ubuntu/tbazzocchi/FRAG/MedRAG/corpus/wikipedia/index/bm25/_p.nvd
7f8b2059f000-7f8b20b7b000 r--s 00000000 08:00 45646536                   /home/ubuntu/tbazzocchi/FRAG/MedRAG/corpus/wikipedia/index/bm25/_t.fdt
7f8b20b7b000-7f8b2168e000 r--s 00000000 08:00 45646301                   /home/ubuntu/tbazzocchi/FRAG/MedRAG/corpus/wikipedia/index/bm25/_v_Lucene90_0.tim
7f8b2168e000-7f8b22000000 r--s 00000000 08:00 45646337                   /home/ubuntu/tbazzocchi/FRAG/MedRAG/corpus/wikipedia/index/bm25/_y_Lucene90_0.dvd
7f8b22000000-7f8b28000000 ---p 00000000 00:00 0 
7f8b28000000-7f8b28021000 rw-p 00000000 00:00 0 
7f8b28021000-7f8b2c000000 ---p 00000000 00:00 0 
7f8b2c003000-7f8b2c02d000 r--s 00000000 08:00 45646385                   /home/ubuntu/tbazzocchi/FRAG/MedRAG/corpus/wikipedia/index/bm25/_11_Lucene90_0.tip
7f8b2c02d000-7f8b2c0c9000 r--s 00000000 08:00 45646415                   /home/ubuntu/tbazzocchi/FRAG/MedRAG/corpus/wikipedia/index/bm25/_p_Lucene90_0.tip
7f8b2c0c9000-7f8b2c36b000 r--s 00000000 08:00 45646614                   /home/ubuntu/tbazzocchi/FRAG/MedRAG/corpus/wikipedia/index/bm25/_z.fdt
7f8b2c36b000-7f8b2c3c1000 r--s 00000000 08:00 45646419                   /home/ubuntu/tbazzocchi/FRAG/MedRAG/corpus/wikipedia/index/bm25/_z.nvd
7f8b2c3c1000-7f8b2c47f000 r--s 00000000 08:00 45646440                   /home/ubuntu/tbazzocchi/FRAG/MedRAG/corpus/wikipedia/index/bm25/_t.nvd
7f8b2c47f000-7f8b2e9cc000 r--s 00000000 08:00 45646371                   /home/ubuntu/tbazzocchi/FRAG/MedRAG/corpus/wikipedia/index/bm25/_y_Lucene90_0.doc
7f8b2e9cc000-7f8b2ea7d000 r--p 00000000 00:62 10237031                   /home/ubuntu/.local/lib/python3.10/site-packages/onnxruntime/capi/onnxruntime_pybind11_state.cpython-310-x86_64-linux-gnu.so
7f8b2ea7d000-7f8b2fbb8000 r-xp 000b1000 00:62 10237031                   /home/ubuntu/.local/lib/python3.10/site-packages/onnxruntime/capi/onnxruntime_pybind11_state.cpython-310-x86_64-linux-gnu.so
7f8b2fbb8000-7f8b2ffb6000 r--p 011ec000 00:62 10237031                   /home/ubuntu/.local/lib/python3.10/site-packages/onnxruntime/capi/onnxruntime_pybind11_state.cpython-310-x86_64-linux-gnu.so
7f8b2ffb6000-7f8b2fff6000 r--p 015ea000 00:62 10237031                   /home/ubuntu/.local/lib/python3.10/site-packages/onnxruntime/capi/onnxruntime_pybind11_state.cpython-310-x86_64-linux-gnu.so
7f8b2fff6000-7f8b2fff9000 rw-p 0162a000 00:62 10237031                   /home/ubuntu/.local/lib/python3.10/site-packages/onnxruntime/capi/onnxruntime_pybind11_state.cpython-310-x86_64-linux-gnu.so
7f8b2fff9000-7f8b30000000 rw-p 00000000 00:00 0 
7f8b30000000-7f8b33ab8000 rw-p 00000000 00:00 0 
7f8b33ab8000-7f8b34000000 ---p 00000000 00:00 0 
7f8b34000000-7f8b3478e000 rw-p 00000000 00:00 0 
7f8b3478e000-7f8b38000000 ---p 00000000 00:00 0 
7f8b38000000-7f8b38151000 rw-p 00000000 00:00 0 
7f8b38151000-7f8b3c000000 ---p 00000000 00:00 0 
7f8b3c000000-7f8b3c22f000 rw-p 00000000 00:00 0 
7f8b3c22f000-7f8b40000000 ---p 00000000 00:00 0 
7f8b40000000-7f8b40021000 rw-p 00000000 00:00 0 
7f8b40021000-7f8b44000000 ---p 00000000 00:00 0 
7f8b44000000-7f8b4413f000 rw-p 00000000 00:00 0 
7f8b4413f000-7f8b48000000 ---p 00000000 00:00 0 
7f8b48000000-7f8b48021000 rw-p 00000000 00:00 0 
7f8b48021000-7f8b4c000000 ---p 00000000 00:00 0 
7f8b4c000000-7f8b4c021000 rw-p 00000000 00:00 0 
7f8b4c021000-7f8b50000000 ---p 00000000 00:00 0 
7f8b50000000-7f8b5019f000 rw-p 00000000 00:00 0 
7f8b5019f000-7f8b54000000 ---p 00000000 00:00 0 
7f8b54000000-7f8b54021000 rw-p 00000000 00:00 0 
7f8b54021000-7f8b58000000 ---p 00000000 00:00 0 
7f8b58000000-7f8b58021000 rw-p 00000000 00:00 0 
7f8b58021000-7f8b5c000000 ---p 00000000 00:00 0 
7f8b5c000000-7f8b5d4a8000 rw-p 00000000 00:00 0 
7f8b5d4a8000-7f8b60000000 ---p 00000000 00:00 0 
7f8b60000000-7f8b60021000 rw-p 00000000 00:00 0 
7f8b60021000-7f8b64000000 ---p 00000000 00:00 0 
7f8b64000000-7f8b64021000 rw-p 00000000 00:00 0 
7f8b64021000-7f8b68000000 ---p 00000000 00:00 0 
7f8b68000000-7f8b68021000 rw-p 00000000 00:00 0 
7f8b68021000-7f8b6c000000 ---p 00000000 00:00 0 
7f8b6c000000-7f8b6c021000 rw-p 00000000 00:00 0 
7f8b6c021000-7f8b70000000 ---p 00000000 00:00 0 
7f8b70000000-7f8b70021000 rw-p 00000000 00:00 0 
7f8b70021000-7f8b74000000 ---p 00000000 00:00 0 
7f8b74004000-7f8b7400a000 r--s 00000000 08:00 45646521                   /home/ubuntu/tbazzocchi/FRAG/MedRAG/corpus/wikipedia/index/bm25/_s.fdx
7f8b7400a000-7f8b74012000 r--s 00000000 08:00 45646502                   /home/ubuntu/tbazzocchi/FRAG/MedRAG/corpus/wikipedia/index/bm25/_13.fdx
7f8b74012000-7f8b74025000 r--s 00000000 08:00 45646332                   /home/ubuntu/tbazzocchi/FRAG/MedRAG/corpus/wikipedia/index/bm25/_12.nvd
7f8b74025000-7f8b74098000 r--s 00000000 08:00 45646447                   /home/ubuntu/tbazzocchi/FRAG/MedRAG/corpus/wikipedia/index/bm25/_t_Lucene90_0.tip
7f8b74098000-7f8b74551000 r--s 00000000 08:00 45646562                   /home/ubuntu/tbazzocchi/FRAG/MedRAG/corpus/wikipedia/index/bm25/_v.fdt
7f8b74551000-7f8b745eb000 r--s 00000000 08:00 45646455                   /home/ubuntu/tbazzocchi/FRAG/MedRAG/corpus/wikipedia/index/bm25/_v.nvd
7f8b745eb000-7f8b7464b000 r--s 00000000 08:00 45646307                   /home/ubuntu/tbazzocchi/FRAG/MedRAG/corpus/wikipedia/index/bm25/_v_Lucene90_0.tip
7f8b7464b000-7f8b74960000 r--s 00000000 08:00 45646598                   /home/ubuntu/tbazzocchi/FRAG/MedRAG/corpus/wikipedia/index/bm25/_y.fdt
7f8b74960000-7f8b749c4000 r--s 00000000 08:00 45646327                   /home/ubuntu/tbazzocchi/FRAG/MedRAG/corpus/wikipedia/index/bm25/_y.nvd
7f8b749c4000-7f8b751de000 r--s 00000000 08:00 45646380                   /home/ubuntu/tbazzocchi/FRAG/MedRAG/corpus/wikipedia/index/bm25/_y_Lucene90_0.tim
7f8b751de000-7f8b753de000 rw-p 00000000 00:00 0 
7f8b753de000-7f8b76400000 ---p 00000000 00:00 0 
7f8b76400000-7f8b76c00000 rw-p 00000000 00:00 0 
7f8b76c00000-7f8b76c04000 ---p 00000000 00:00 0 
7f8b76c04000-7f8b76d00000 rw-p 00000000 00:00 0 
7f8b76d00000-7f8b76d04000 ---p 00000000 00:00 0 
7f8b76d04000-7f8b76e00000 rw-p 00000000 00:00 0 
7f8b76e00000-7f8b76e04000 ---p 00000000 00:00 0 
7f8b76e04000-7f8b77400000 rw-p 00000000 00:00 0 
7f8b77400000-7f8b77900000 rw-p 00000000 00:00 0 
7f8b77900000-7f8b77f00000 rw-p 00000000 00:00 0 
7f8b77f00000-7f8b77f70000 rw-p 00000000 00:00 0 
7f8b77f70000-7f8b78000000 ---p 00000000 00:00 0 
7f8b78000000-7f8b780d0000 rw-p 00000000 00:00 0 
7f8b780d0000-7f8b7b000000 ---p 00000000 00:00 0 
7f8b7b000000-7f8b7b455000 rw-p 00001000 00:62 10553192                   /usr/lib/jvm/java-17-openjdk-amd64/lib/server/classes.jsa
7f8b7b455000-7f8b7bbca000 rw-p 00456000 00:62 10553192                   /usr/lib/jvm/java-17-openjdk-amd64/lib/server/classes.jsa
7f8b7bbca000-7f8b7c000000 ---p 00000000 00:00 0 
7f8b7c000000-7f8b7c040000 rw-p 00000000 00:00 0 
7f8b7c040000-7f8b7c080000 rw-p 00000000 00:00 0 
7f8b7c080000-7f8b7c0e0000 rw-p 00000000 00:00 0 
7f8b7c0e0000-7f8b7c140000 rw-p 00000000 00:00 0 
7f8b7c140000-7f8b7c230000 rw-p 00000000 00:00 0 
7f8b7c230000-7f8bbc000000 ---p 00000000 00:00 0 
7f8bbc000000-7f8bbc021000 rw-p 00000000 00:00 0 
7f8bbc021000-7f8bc0000000 ---p 00000000 00:00 0 
7f8bc0000000-7f8bc0021000 rw-p 00000000 00:00 0 
7f8bc0021000-7f8bc4000000 ---p 00000000 00:00 0 
7f8bc4000000-7f8bc4021000 rw-p 00000000 00:00 0 
7f8bc4021000-7f8bc8000000 ---p 00000000 00:00 0 
7f8bc8000000-7f8bc8021000 rw-p 00000000 00:00 0 
7f8bc8021000-7f8bcc000000 ---p 00000000 00:00 0 
7f8bcc000000-7f8bcc021000 rw-p 00000000 00:00 0 
7f8bcc021000-7f8bd0000000 ---p 00000000 00:00 0 
7f8bd0004000-7f8bd0019000 r--s 00000000 08:00 45646342                   /home/ubuntu/tbazzocchi/FRAG/MedRAG/corpus/wikipedia/index/bm25/_12_Lucene90_0.tip
7f8bd0019000-7f8bd0057000 r--s 00000000 08:00 45646430                   /home/ubuntu/tbazzocchi/FRAG/MedRAG/corpus/wikipedia/index/bm25/_z_Lucene90_0.tip
7f8bd0057000-7f8bd009d000 r--s 00000000 08:00 45646381                   /home/ubuntu/tbazzocchi/FRAG/MedRAG/corpus/wikipedia/index/bm25/_y_Lucene90_0.tip
7f8bd009d000-7f8bd00ad000 -w-s 00000000 00:05 680                        /dev/nvidia0
7f8bd00ad000-7f8bd00af000 r--p 00000000 00:62 10553178                   /usr/lib/jvm/java-17-openjdk-amd64/lib/libmanagement_ext.so
7f8bd00af000-7f8bd00b2000 r-xp 00002000 00:62 10553178                   /usr/lib/jvm/java-17-openjdk-amd64/lib/libmanagement_ext.so
7f8bd00b2000-7f8bd00b4000 r--p 00005000 00:62 10553178                   /usr/lib/jvm/java-17-openjdk-amd64/lib/libmanagement_ext.so
7f8bd00b4000-7f8bd00b5000 r--p 00006000 00:62 10553178                   /usr/lib/jvm/java-17-openjdk-amd64/lib/libmanagement_ext.so
7f8bd00b5000-7f8bd00b6000 rw-p 00007000 00:62 10553178                   /usr/lib/jvm/java-17-openjdk-amd64/lib/libmanagement_ext.so
7f8bd00b6000-7f8bd00b8000 r--p 00000000 00:62 10553188                   /usr/lib/jvm/java-17-openjdk-amd64/lib/libzip.so
7f8bd00b8000-7f8bd00bd000 r-xp 00002000 00:62 10553188                   /usr/lib/jvm/java-17-openjdk-amd64/lib/libzip.so
7f8bd00bd000-7f8bd00bf000 r--p 00007000 00:62 10553188                   /usr/lib/jvm/java-17-openjdk-amd64/lib/libzip.so
7f8bd00bf000-7f8bd00c0000 r--p 00008000 00:62 10553188                   /usr/lib/jvm/java-17-openjdk-amd64/lib/libzip.so
7f8bd00c0000-7f8bd00c1000 rw-p 00009000 00:62 10553188                   /usr/lib/jvm/java-17-openjdk-amd64/lib/libzip.so
7f8bd00c1000-7f8bd00c5000 ---p 00000000 00:00 0 
7f8bd00c5000-7f8bd01c1000 rw-p 00000000 00:00 0 
7f8bd01c1000-7f8bd01c5000 ---p 00000000 00:00 0 
7f8bd01c5000-7f8bd02c1000 rw-p 00000000 00:00 0 
7f8bd02c1000-7f8bd02c5000 ---p 00000000 00:00 0 
7f8bd02c5000-7f8bd03c1000 rw-p 00000000 00:00 0 
7f8bd03c1000-7f8bd03c5000 r--p 00000000 00:62 10553180                   /usr/lib/jvm/java-17-openjdk-amd64/lib/libnet.so
7f8bd03c5000-7f8bd03d3000 r-xp 00004000 00:62 10553180                   /usr/lib/jvm/java-17-openjdk-amd64/lib/libnet.so
7f8bd03d3000-7f8bd03d7000 r--p 00012000 00:62 10553180                   /usr/lib/jvm/java-17-openjdk-amd64/lib/libnet.so
7f8bd03d7000-7f8bd03d8000 r--p 00015000 00:62 10553180                   /usr/lib/jvm/java-17-openjdk-amd64/lib/libnet.so
7f8bd03d8000-7f8bd03d9000 rw-p 00016000 00:62 10553180                   /usr/lib/jvm/java-17-openjdk-amd64/lib/libnet.so
7f8bd03d9000-7f8bd03dd000 ---p 00000000 00:00 0 
7f8bd03dd000-7f8bd04d9000 rw-p 00000000 00:00 0 
7f8bd04d9000-7f8bd04da000 ---p 00000000 00:00 0 
7f8bd04da000-7f8bd05da000 rw-p 00000000 00:00 0 
7f8bd05da000-7f8bd05de000 ---p 00000000 00:00 0 
7f8bd05de000-7f8bd06da000 rw-p 00000000 00:00 0 
7f8bd06da000-7f8bd06de000 ---p 00000000 00:00 0 
7f8bd06de000-7f8bd07da000 rw-p 00000000 00:00 0 
7f8bd07da000-7f8bd07de000 ---p 00000000 00:00 0 
7f8bd07de000-7f8bd08da000 rw-p 00000000 00:00 0 
7f8bd08da000-7f8bd08de000 ---p 00000000 00:00 0 
7f8bd08de000-7f8bd09da000 rw-p 00000000 00:00 0 
7f8bd09da000-7f8bd09de000 ---p 00000000 00:00 0 
7f8bd09de000-7f8bd0ada000 rw-p 00000000 00:00 0 
7f8bd0ada000-7f8bd0ade000 ---p 00000000 00:00 0 
7f8bd0ade000-7f8bd0bda000 rw-p 00000000 00:00 0 
7f8bd0bda000-7f8bd0bde000 ---p 00000000 00:00 0 
7f8bd0bde000-7f8bd0cda000 rw-p 00000000 00:00 0 
7f8bd0cda000-7f8bd0cde000 ---p 00000000 00:00 0 
7f8bd0cde000-7f8bd0dda000 rw-p 00000000 00:00 0 
7f8bd0dda000-7f8bd0dde000 ---p 00000000 00:00 0 
7f8bd0dde000-7f8bd0eda000 rw-p 00000000 00:00 0 
7f8bd0eda000-7f8bd0edb000 ---p 00000000 00:00 0 
7f8bd0edb000-7f8bd0fdb000 rw-p 00000000 00:00 0 
7f8bd0fdb000-7f8bd0fe0000 r--p 00000000 00:62 10553174                   /usr/lib/jvm/java-17-openjdk-amd64/lib/libjsvml.so
7f8bd0fe0000-7f8bd1021000 r-xp 00005000 00:62 10553174                   /usr/lib/jvm/java-17-openjdk-amd64/lib/libjsvml.so
7f8bd1021000-7f8bd10aa000 r--p 00046000 00:62 10553174                   /usr/lib/jvm/java-17-openjdk-amd64/lib/libjsvml.so
7f8bd10aa000-7f8bd10ab000 r--p 000ce000 00:62 10553174                   /usr/lib/jvm/java-17-openjdk-amd64/lib/libjsvml.so
7f8bd10ab000-7f8bd10ac000 rw-p 000cf000 00:62 10553174                   /usr/lib/jvm/java-17-openjdk-amd64/lib/libjsvml.so
7f8bd10ac000-7f8bd10ad000 ---p 00000000 00:00 0 
7f8bd10ad000-7f8bd11ad000 rw-p 00000000 00:00 0 
7f8bd11ad000-7f8bd11ae000 ---p 00000000 00:00 0 
7f8bd11ae000-7f8bd32ae000 rw-p 00000000 00:00 0 
7f8bd32ae000-7f8bd32af000 ---p 00000000 00:00 0 
7f8bd32af000-7f8bd33af000 rw-p 00000000 00:00 0 
7f8bd33af000-7f8bd33b0000 ---p 00000000 00:00 0 
7f8bd33b0000-7f8bd34b0000 rw-p 00000000 00:00 0 
7f8bd34b0000-7f8bd34b1000 ---p 00000000 00:00 0 
7f8bd34b1000-7f8bd56a5000 rw-p 00000000 00:00 0 
7f8bd56a5000-7f8bf15a5000 ---p 00000000 00:00 0 
7f8bf15a5000-7f8bf3625000 rw-p 00000000 00:00 0 
7f8bf3625000-7f8c0f525000 ---p 00000000 00:00 0 
7f8c0f525000-7f8c0f9a5000 rw-p 00000000 00:00 0 
7f8c0f9a5000-7f8c13185000 ---p 00000000 00:00 0 
7f8c13185000-7f8c13595000 rw-p 00000000 00:00 0 
7f8c13595000-7f8c16d75000 ---p 00000000 00:00 0 
7f8c16d75000-7f8c17185000 rw-p 00000000 00:00 0 
7f8c17185000-7f8c1a965000 ---p 00000000 00:00 0 
7f8c1a965000-7f8c1a97a000 rw-p 00000000 00:00 0 
7f8c1a97a000-7f8c1aa5e000 ---p 00000000 00:00 0 
7f8c1aa5e000-7f8c1aa67000 rw-p 00000000 00:00 0 
7f8c1aa67000-7f8c1ab47000 ---p 00000000 00:00 0 
7f8c1ab47000-7f8c1af97000 rwxp 00000000 00:00 0 
7f8c1af97000-7f8c21fa6000 ---p 00000000 00:00 0 
7f8c21fa6000-7f8c222b6000 rwxp 00000000 00:00 0 
7f8c222b6000-7f8c226e7000 ---p 00000000 00:00 0 
7f8c226e7000-7f8c22957000 rwxp 00000000 00:00 0 
7f8c22957000-7f8c29b47000 ---p 00000000 00:00 0 
7f8c29b47000-7f8c315fc000 r--s 00000000 00:62 10553189                   /usr/lib/jvm/java-17-openjdk-amd64/lib/modules
7f8c315fc000-7f8c3184d000 r--p 00000000 00:62 10553195                   /usr/lib/jvm/java-17-openjdk-amd64/lib/server/libjvm.so
7f8c3184d000-7f8c325c2000 r-xp 00251000 00:62 10553195                   /usr/lib/jvm/java-17-openjdk-amd64/lib/server/libjvm.so
7f8c325c2000-7f8c32845000 r--p 00fc6000 00:62 10553195                   /usr/lib/jvm/java-17-openjdk-amd64/lib/server/libjvm.so
7f8c32845000-7f8c32846000 ---p 01249000 00:62 10553195                   /usr/lib/jvm/java-17-openjdk-amd64/lib/server/libjvm.so
7f8c32846000-7f8c328fe000 r--p 01249000 00:62 10553195                   /usr/lib/jvm/java-17-openjdk-amd64/lib/server/libjvm.so
7f8c328fe000-7f8c32933000 rw-p 01301000 00:62 10553195                   /usr/lib/jvm/java-17-openjdk-amd64/lib/server/libjvm.so
7f8c32933000-7f8c32a8d000 rw-p 00000000 00:00 0 
7f8c32a8d000-7f8c32a97000 r--p 00000000 00:62 10171408                   /home/ubuntu/.local/lib/python3.10/site-packages/jnius/jnius.cpython-310-x86_64-linux-gnu.so
7f8c32a97000-7f8c32b12000 r-xp 0000a000 00:62 10171408                   /home/ubuntu/.local/lib/python3.10/site-packages/jnius/jnius.cpython-310-x86_64-linux-gnu.so
7f8c32b12000-7f8c32b21000 r--p 00085000 00:62 10171408                   /home/ubuntu/.local/lib/python3.10/site-packages/jnius/jnius.cpython-310-x86_64-linux-gnu.so
7f8c32b21000-7f8c32b24000 r--p 00093000 00:62 10171408                   /home/ubuntu/.local/lib/python3.10/site-packages/jnius/jnius.cpython-310-x86_64-linux-gnu.so
7f8c32b24000-7f8c32b28000 rw-p 00096000 00:62 10171408                   /home/ubuntu/.local/lib/python3.10/site-packages/jnius/jnius.cpython-310-x86_64-linux-gnu.so
7f8c32b28000-7f8c32e29000 rw-p 00000000 00:00 0 
7f8c32e29000-7f8c32f57000 r--p 00000000 00:62 10171480                   /home/ubuntu/.local/lib/python3.10/site-packages/faiss/_swigfaiss_avx2.cpython-310-x86_64-linux-gnu.so
7f8c32f57000-7f8c32f5b000 r-xp 0012e000 00:62 10171480                   /home/ubuntu/.local/lib/python3.10/site-packages/faiss/_swigfaiss_avx2.cpython-310-x86_64-linux-gnu.so
7f8c32f5b000-7f8c32f61000 ---p 00132000 00:62 10171480                   /home/ubuntu/.local/lib/python3.10/site-packages/faiss/_swigfaiss_avx2.cpython-310-x86_64-linux-gnu.so
7f8c32f61000-7f8c34c8e000 r-xp 00138000 00:62 10171480                   /home/ubuntu/.local/lib/python3.10/site-packages/faiss/_swigfaiss_avx2.cpython-310-x86_64-linux-gnu.so
7f8c34c8e000-7f8c34f15000 r--p 01e65000 00:62 10171480                   /home/ubuntu/.local/lib/python3.10/site-packages/faiss/_swigfaiss_avx2.cpython-310-x86_64-linux-gnu.so
7f8c34f15000-7f8c34f24000 r--p 020eb000 00:62 10171480                   /home/ubuntu/.local/lib/python3.10/site-packages/faiss/_swigfaiss_avx2.cpython-310-x86_64-linux-gnu.so
7f8c34f24000-7f8c34f65000 rw-p 020fa000 00:62 10171480                   /home/ubuntu/.local/lib/python3.10/site-packages/faiss/_swigfaiss_avx2.cpython-310-x86_64-linux-gnu.so
7f8c34f65000-7f8c34f71000 rw-p 00000000 00:00 0 
7f8c34f71000-7f8c34fc2000 rw-p 0213c000 00:62 10171480                   /home/ubuntu/.local/lib/python3.10/site-packages/faiss/_swigfaiss_avx2.cpython-310-x86_64-linux-gnu.so
7f8c34fc2000-7f8c35000000 rw-p 0218d000 00:62 10171480                   /home/ubuntu/.local/lib/python3.10/site-packages/faiss/_swigfaiss_avx2.cpython-310-x86_64-linux-gnu.so
7f8c35000000-7f8c35200000 rw-p 00000000 00:00 0 
7f8c35200000-7f8c35203000 r-xp 00000000 00:62 10100089                   /home/ubuntu/.local/lib/python3.10/site-packages/pillow.libs/libXau-154567c4.so.6.0.0
7f8c35203000-7f8c35402000 ---p 00003000 00:62 10100089                   /home/ubuntu/.local/lib/python3.10/site-packages/pillow.libs/libXau-154567c4.so.6.0.0
7f8c35402000-7f8c35403000 r--p 00002000 00:62 10100089                   /home/ubuntu/.local/lib/python3.10/site-packages/pillow.libs/libXau-154567c4.so.6.0.0
7f8c35403000-7f8c35404000 rw-p 00000000 00:00 0 
7f8c35404000-7f8c35405000 rw-p 00005000 00:62 10100089                   /home/ubuntu/.local/lib/python3.10/site-packages/pillow.libs/libXau-154567c4.so.6.0.0
7f8c35405000-7f8c3540c000 r--p 00000000 00:62 10553181                   /usr/lib/jvm/java-17-openjdk-amd64/lib/libnio.so
7f8c3540c000-7f8c35415000 r-xp 00007000 00:62 10553181                   /usr/lib/jvm/java-17-openjdk-amd64/lib/libnio.so
7f8c35415000-7f8c35419000 r--p 00010000 00:62 10553181                   /usr/lib/jvm/java-17-openjdk-amd64/lib/libnio.so
7f8c35419000-7f8c3541a000 ---p 00014000 00:62 10553181                   /usr/lib/jvm/java-17-openjdk-amd64/lib/libnio.so
7f8c3541a000-7f8c3541b000 r--p 00014000 00:62 10553181                   /usr/lib/jvm/java-17-openjdk-amd64/lib/libnio.so
7f8c3541b000-7f8c3541c000 rw-p 00015000 00:62 10553181                   /usr/lib/jvm/java-17-openjdk-amd64/lib/libnio.so
7f8c3541c000-7f8c35423000 rw-p 00000000 00:00 0 
7f8c35423000-7f8c3542b000 ---p 00000000 00:00 0 
7f8c3542b000-7f8c35437000 r--p 00000000 00:62 10553167                   /usr/lib/jvm/java-17-openjdk-amd64/lib/libjava.so
7f8c35437000-7f8c3544a000 r-xp 0000c000 00:62 10553167                   /usr/lib/jvm/java-17-openjdk-amd64/lib/libjava.so
7f8c3544a000-7f8c35450000 r--p 0001f000 00:62 10553167                   /usr/lib/jvm/java-17-openjdk-amd64/lib/libjava.so
7f8c35450000-7f8c35451000 r--p 00024000 00:62 10553167                   /usr/lib/jvm/java-17-openjdk-amd64/lib/libjava.so
7f8c35451000-7f8c35452000 rw-p 00025000 00:62 10553167                   /usr/lib/jvm/java-17-openjdk-amd64/lib/libjava.so
7f8c35452000-7f8c35453000 rw-p 00000000 00:00 0 
7f8c35453000-7f8c3545b000 rw-s 00000000 00:62 10176897                   /tmp/hsperfdata_ubuntu/176113 (deleted)
7f8c3545b000-7f8c3555b000 rw-p 00000000 00:00 0 
7f8c3555b000-7f8c3555f000 r--p 00000000 00:62 10100097                   /home/ubuntu/.local/lib/python3.10/site-packages/pillow.libs/liblzma-64b7ab39.so.5.8.1
7f8c3555f000-7f8c3558c000 r-xp 00004000 00:62 10100097                   /home/ubuntu/.local/lib/python3.10/site-packages/pillow.libs/liblzma-64b7ab39.so.5.8.1
7f8c3558c000-7f8c35599000 r--p 00031000 00:62 10100097                   /home/ubuntu/.local/lib/python3.10/site-packages/pillow.libs/liblzma-64b7ab39.so.5.8.1
7f8c35599000-7f8c3559a000 r--p 0003e000 00:62 10100097                   /home/ubuntu/.local/lib/python3.10/site-packages/pillow.libs/liblzma-64b7ab39.so.5.8.1
7f8c3559a000-7f8c3559b000 rw-p 0003f000 00:62 10100097                   /home/ubuntu/.local/lib/python3.10/site-packages/pillow.libs/liblzma-64b7ab39.so.5.8.1
7f8c3559b000-7f8c3559d000 rw-p 00040000 00:62 10100097                   /home/ubuntu/.local/lib/python3.10/site-packages/pillow.libs/liblzma-64b7ab39.so.5.8.1
7f8c3559d000-7f8c355a9000 r--p 00000000 00:62 10100105                   /home/ubuntu/.local/lib/python3.10/site-packages/pillow.libs/libxcb-64009ff3.so.1.1.0
7f8c355a9000-7f8c355c4000 r-xp 0000c000 00:62 10100105                   /home/ubuntu/.local/lib/python3.10/site-packages/pillow.libs/libxcb-64009ff3.so.1.1.0
7f8c355c4000-7f8c355ce000 r--p 00027000 00:62 10100105                   /home/ubuntu/.local/lib/python3.10/site-packages/pillow.libs/libxcb-64009ff3.so.1.1.0
7f8c355ce000-7f8c355cf000 r--p 00030000 00:62 10100105                   /home/ubuntu/.local/lib/python3.10/site-packages/pillow.libs/libxcb-64009ff3.so.1.1.0
7f8c355cf000-7f8c355d0000 rw-p 00031000 00:62 10100105                   /home/ubuntu/.local/lib/python3.10/site-packages/pillow.libs/libxcb-64009ff3.so.1.1.0
7f8c355d0000-7f8c355d6000 rw-p 00033000 00:62 10100105                   /home/ubuntu/.local/lib/python3.10/site-packages/pillow.libs/libxcb-64009ff3.so.1.1.0
7f8c355d6000-7f8c355db000 rw-p 00039000 00:62 10100105                   /home/ubuntu/.local/lib/python3.10/site-packages/pillow.libs/libxcb-64009ff3.so.1.1.0
7f8c355db000-7f8c355e3000 r--p 00000000 00:62 10100098                   /home/ubuntu/.local/lib/python3.10/site-packages/pillow.libs/libopenjp2-56811f71.so.2.5.3
7f8c355e3000-7f8c35652000 r-xp 00008000 00:62 10100098                   /home/ubuntu/.local/lib/python3.10/site-packages/pillow.libs/libopenjp2-56811f71.so.2.5.3
7f8c35652000-7f8c35665000 r--p 00077000 00:62 10100098                   /home/ubuntu/.local/lib/python3.10/site-packages/pillow.libs/libopenjp2-56811f71.so.2.5.3
7f8c35665000-7f8c35666000 r--p 0008a000 00:62 10100098                   /home/ubuntu/.local/lib/python3.10/site-packages/pillow.libs/libopenjp2-56811f71.so.2.5.3
7f8c35666000-7f8c35667000 rw-p 0008b000 00:62 10100098                   /home/ubuntu/.local/lib/python3.10/site-packages/pillow.libs/libopenjp2-56811f71.so.2.5.3
7f8c35667000-7f8c3566a000 rw-p 0008d000 00:62 10100098                   /home/ubuntu/.local/lib/python3.10/site-packages/pillow.libs/libopenjp2-56811f71.so.2.5.3
7f8c3566a000-7f8c35670000 r--p 00000000 00:62 10100095                   /home/ubuntu/.local/lib/python3.10/site-packages/pillow.libs/libjpeg-8a13c6e0.so.62.4.0
7f8c35670000-7f8c35707000 r-xp 00006000 00:62 10100095                   /home/ubuntu/.local/lib/python3.10/site-packages/pillow.libs/libjpeg-8a13c6e0.so.62.4.0
7f8c35707000-7f8c35730000 r--p 0009d000 00:62 10100095                   /home/ubuntu/.local/lib/python3.10/site-packages/pillow.libs/libjpeg-8a13c6e0.so.62.4.0
7f8c35730000-7f8c35731000 r--p 000c6000 00:62 10100095                   /home/ubuntu/.local/lib/python3.10/site-packages/pillow.libs/libjpeg-8a13c6e0.so.62.4.0
7f8c35731000-7f8c35732000 rw-p 000c7000 00:62 10100095                   /home/ubuntu/.local/lib/python3.10/site-packages/pillow.libs/libjpeg-8a13c6e0.so.62.4.0
7f8c35732000-7f8c35734000 rw-p 000c8000 00:62 10100095                   /home/ubuntu/.local/lib/python3.10/site-packages/pillow.libs/libjpeg-8a13c6e0.so.62.4.0
7f8c35734000-7f8c35736000 rw-p 000ca000 00:62 10100095                   /home/ubuntu/.local/lib/python3.10/site-packages/pillow.libs/libjpeg-8a13c6e0.so.62.4.0
7f8c35736000-7f8c3573e000 r--p 00000000 00:62 10100101                   /home/ubuntu/.local/lib/python3.10/site-packages/pillow.libs/libtiff-13a02c81.so.6.1.0
7f8c3573e000-7f8c357b1000 r-xp 00008000 00:62 10100101                   /home/ubuntu/.local/lib/python3.10/site-packages/pillow.libs/libtiff-13a02c81.so.6.1.0
7f8c357b1000-7f8c357e3000 r--p 0007b000 00:62 10100101                   /home/ubuntu/.local/lib/python3.10/site-packages/pillow.libs/libtiff-13a02c81.so.6.1.0
7f8c357e3000-7f8c357e7000 r--p 000ad000 00:62 10100101                   /home/ubuntu/.local/lib/python3.10/site-packages/pillow.libs/libtiff-13a02c81.so.6.1.0
7f8c357e7000-7f8c357e8000 rw-p 000b1000 00:62 10100101                   /home/ubuntu/.local/lib/python3.10/site-packages/pillow.libs/libtiff-13a02c81.so.6.1.0
7f8c357e8000-7f8c357ea000 rw-p 000b3000 00:62 10100101                   /home/ubuntu/.local/lib/python3.10/site-packages/pillow.libs/libtiff-13a02c81.so.6.1.0
7f8c357ea000-7f8c357ec000 rw-p 000b5000 00:62 10100101                   /home/ubuntu/.local/lib/python3.10/site-packages/pillow.libs/libtiff-13a02c81.so.6.1.0
7f8c357ec000-7f8c35800000 r--p 00000000 00:62 10100067                   /home/ubuntu/.local/lib/python3.10/site-packages/PIL/_imaging.cpython-310-x86_64-linux-gnu.so
7f8c35800000-7f8c35886000 r-xp 00014000 00:62 10100067                   /home/ubuntu/.local/lib/python3.10/site-packages/PIL/_imaging.cpython-310-x86_64-linux-gnu.so
7f8c35886000-7f8c35897000 r--p 0009a000 00:62 10100067                   /home/ubuntu/.local/lib/python3.10/site-packages/PIL/_imaging.cpython-310-x86_64-linux-gnu.so
7f8c35897000-7f8c3589b000 r--p 000ab000 00:62 10100067                   /home/ubuntu/.local/lib/python3.10/site-packages/PIL/_imaging.cpython-310-x86_64-linux-gnu.so
7f8c3589b000-7f8c3589f000 rw-p 000af000 00:62 10100067                   /home/ubuntu/.local/lib/python3.10/site-packages/PIL/_imaging.cpython-310-x86_64-linux-gnu.so
7f8c3589f000-7f8c358a3000 rw-p 0032a000 00:62 10100067                   /home/ubuntu/.local/lib/python3.10/site-packages/PIL/_imaging.cpython-310-x86_64-linux-gnu.so
7f8c358a3000-7f8c358a6000 rw-p 0032e000 00:62 10100067                   /home/ubuntu/.local/lib/python3.10/site-packages/PIL/_imaging.cpython-310-x86_64-linux-gnu.so
7f8c358a6000-7f8c359a6000 rw-p 00000000 00:00 0 
7f8c359a6000-7f8c359ab000 r--p 00000000 00:62 10173769                   /home/ubuntu/.local/lib/python3.10/site-packages/pyarrow/_json.cpython-310-x86_64-linux-gnu.so
7f8c359ab000-7f8c359b9000 r-xp 00005000 00:62 10173769                   /home/ubuntu/.local/lib/python3.10/site-packages/pyarrow/_json.cpython-310-x86_64-linux-gnu.so
7f8c359b9000-7f8c359be000 r--p 00013000 00:62 10173769                   /home/ubuntu/.local/lib/python3.10/site-packages/pyarrow/_json.cpython-310-x86_64-linux-gnu.so
7f8c359be000-7f8c359bf000 r--p 00018000 00:62 10173769                   /home/ubuntu/.local/lib/python3.10/site-packages/pyarrow/_json.cpython-310-x86_64-linux-gnu.so
7f8c359bf000-7f8c359c1000 rw-p 00019000 00:62 10173769                   /home/ubuntu/.local/lib/python3.10/site-packages/pyarrow/_json.cpython-310-x86_64-linux-gnu.so
7f8c359c1000-7f8c35bc1000 rw-p 00000000 00:00 0 
7f8c35bc1000-7f8c35bc4000 r--p 00000000 00:62 10171548                   /home/ubuntu/.local/lib/python3.10/site-packages/xxhash/_xxhash.cpython-310-x86_64-linux-gnu.so
7f8c35bc4000-7f8c35bcf000 r-xp 00003000 00:62 10171548                   /home/ubuntu/.local/lib/python3.10/site-packages/xxhash/_xxhash.cpython-310-x86_64-linux-gnu.so
7f8c35bcf000-7f8c35bd2000 r--p 0000e000 00:62 10171548                   /home/ubuntu/.local/lib/python3.10/site-packages/xxhash/_xxhash.cpython-310-x86_64-linux-gnu.so
7f8c35bd2000-7f8c35bd3000 r--p 00010000 00:62 10171548                   /home/ubuntu/.local/lib/python3.10/site-packages/xxhash/_xxhash.cpython-310-x86_64-linux-gnu.so
7f8c35bd3000-7f8c35bd5000 rw-p 00011000 00:62 10171548                   /home/ubuntu/.local/lib/python3.10/site-packages/xxhash/_xxhash.cpython-310-x86_64-linux-gnu.so
7f8c35bd5000-7f8c35dd5000 rw-p 00000000 00:00 0 
7f8c35dd5000-7f8c35ddc000 r--p 00000000 00:62 10173784                   /home/ubuntu/.local/lib/python3.10/site-packages/pyarrow/_s3fs.cpython-310-x86_64-linux-gnu.so
7f8c35ddc000-7f8c35df7000 r-xp 00007000 00:62 10173784                   /home/ubuntu/.local/lib/python3.10/site-packages/pyarrow/_s3fs.cpython-310-x86_64-linux-gnu.so
7f8c35df7000-7f8c35dfe000 r--p 00022000 00:62 10173784                   /home/ubuntu/.local/lib/python3.10/site-packages/pyarrow/_s3fs.cpython-310-x86_64-linux-gnu.so
7f8c35dfe000-7f8c35dff000 r--p 00029000 00:62 10173784                   /home/ubuntu/.local/lib/python3.10/site-packages/pyarrow/_s3fs.cpython-310-x86_64-linux-gnu.so
7f8c35dff000-7f8c35e01000 rw-p 0002a000 00:62 10173784                   /home/ubuntu/.local/lib/python3.10/site-packages/pyarrow/_s3fs.cpython-310-x86_64-linux-gnu.so
7f8c35e01000-7f8c35e07000 r--p 00000000 00:62 10173764                   /home/ubuntu/.local/lib/python3.10/site-packages/pyarrow/_gcsfs.cpython-310-x86_64-linux-gnu.so
7f8c35e07000-7f8c35e17000 r-xp 00006000 00:62 10173764                   /home/ubuntu/.local/lib/python3.10/site-packages/pyarrow/_gcsfs.cpython-310-x86_64-linux-gnu.so
7f8c35e17000-7f8c35e1b000 r--p 00016000 00:62 10173764                   /home/ubuntu/.local/lib/python3.10/site-packages/pyarrow/_gcsfs.cpython-310-x86_64-linux-gnu.so
7f8c35e1b000-7f8c35e1c000 r--p 0001a000 00:62 10173764                   /home/ubuntu/.local/lib/python3.10/site-packages/pyarrow/_gcsfs.cpython-310-x86_64-linux-gnu.so
7f8c35e1c000-7f8c35e1d000 rw-p 0001b000 00:62 10173764                   /home/ubuntu/.local/lib/python3.10/site-packages/pyarrow/_gcsfs.cpython-310-x86_64-linux-gnu.so
7f8c35e1d000-7f8c35e1e000 rw-p 00000000 00:00 0 
7f8c35e1e000-7f8c35e24000 r--p 00000000 00:62 10173767                   /home/ubuntu/.local/lib/python3.10/site-packages/pyarrow/_hdfs.cpython-310-x86_64-linux-gnu.so
7f8c35e24000-7f8c35e34000 r-xp 00006000 00:62 10173767                   /home/ubuntu/.local/lib/python3.10/site-packages/pyarrow/_hdfs.cpython-310-x86_64-linux-gnu.so
7f8c35e34000-7f8c35e38000 r--p 00016000 00:62 10173767                   /home/ubuntu/.local/lib/python3.10/site-packages/pyarrow/_hdfs.cpython-310-x86_64-linux-gnu.so
7f8c35e38000-7f8c35e39000 r--p 0001a000 00:62 10173767                   /home/ubuntu/.local/lib/python3.10/site-packages/pyarrow/_hdfs.cpython-310-x86_64-linux-gnu.so
7f8c35e39000-7f8c35e3a000 rw-p 0001b000 00:62 10173767                   /home/ubuntu/.local/lib/python3.10/site-packages/pyarrow/_hdfs.cpython-310-x86_64-linux-gnu.so
7f8c35e3a000-7f8c35e3b000 rw-p 00000000 00:00 0 
7f8c35e3b000-7f8c35e40000 r--p 00000000 00:62 10173735                   /home/ubuntu/.local/lib/python3.10/site-packages/pyarrow/_azurefs.cpython-310-x86_64-linux-gnu.so
7f8c35e40000-7f8c35e50000 r-xp 00005000 00:62 10173735                   /home/ubuntu/.local/lib/python3.10/site-packages/pyarrow/_azurefs.cpython-310-x86_64-linux-gnu.so
7f8c35e50000-7f8c35e54000 r--p 00015000 00:62 10173735                   /home/ubuntu/.local/lib/python3.10/site-packages/pyarrow/_azurefs.cpython-310-x86_64-linux-gnu.so
7f8c35e54000-7f8c35e55000 r--p 00019000 00:62 10173735                   /home/ubuntu/.local/lib/python3.10/site-packages/pyarrow/_azurefs.cpython-310-x86_64-linux-gnu.so
7f8c35e55000-7f8c35e56000 rw-p 0001a000 00:62 10173735                   /home/ubuntu/.local/lib/python3.10/site-packages/pyarrow/_azurefs.cpython-310-x86_64-linux-gnu.so
7f8c35e56000-7f8c35e57000 rw-p 00000000 00:00 0 
7f8c35e57000-7f8c35e65000 r--p 00000000 00:62 10173761                   /home/ubuntu/.local/lib/python3.10/site-packages/pyarrow/_fs.cpython-310-x86_64-linux-gnu.so
7f8c35e65000-7f8c35e9a000 r-xp 0000e000 00:62 10173761                   /home/ubuntu/.local/lib/python3.10/site-packages/pyarrow/_fs.cpython-310-x86_64-linux-gnu.so
7f8c35e9a000-7f8c35ead000 r--p 00043000 00:62 10173761                   /home/ubuntu/.local/lib/python3.10/site-packages/pyarrow/_fs.cpython-310-x86_64-linux-gnu.so
7f8c35ead000-7f8c35eaf000 r--p 00056000 00:62 10173761                   /home/ubuntu/.local/lib/python3.10/site-packages/pyarrow/_fs.cpython-310-x86_64-linux-gnu.so
7f8c35eaf000-7f8c35eb2000 rw-p 00058000 00:62 10173761                   /home/ubuntu/.local/lib/python3.10/site-packages/pyarrow/_fs.cpython-310-x86_64-linux-gnu.so
7f8c35eb2000-7f8c35eb3000 rw-p 00000000 00:00 0 
7f8c35eb3000-7f8c35ec6000 r--p 00000000 00:62 10173775                   /home/ubuntu/.local/lib/python3.10/site-packages/pyarrow/_parquet.cpython-310-x86_64-linux-gnu.so
7f8c35ec6000-7f8c35f1a000 r-xp 00013000 00:62 10173775                   /home/ubuntu/.local/lib/python3.10/site-packages/pyarrow/_parquet.cpython-310-x86_64-linux-gnu.so
7f8c35f1a000-7f8c35f2f000 r--p 00067000 00:62 10173775                   /home/ubuntu/.local/lib/python3.10/site-packages/pyarrow/_parquet.cpython-310-x86_64-linux-gnu.so
7f8c35f2f000-7f8c35f32000 r--p 0007b000 00:62 10173775                   /home/ubuntu/.local/lib/python3.10/site-packages/pyarrow/_parquet.cpython-310-x86_64-linux-gnu.so
7f8c35f32000-7f8c35f37000 rw-p 0007e000 00:62 10173775                   /home/ubuntu/.local/lib/python3.10/site-packages/pyarrow/_parquet.cpython-310-x86_64-linux-gnu.so
7f8c35f37000-7f8c36439000 rw-p 00000000 00:00 0 
7f8c36439000-7f8c3643d000 r--p 00000000 00:62 10235694                   /home/ubuntu/.local/lib/python3.10/site-packages/sklearn/metrics/_pairwise_fast.cpython-310-x86_64-linux-gnu.so
7f8c3643d000-7f8c36455000 r-xp 00004000 00:62 10235694                   /home/ubuntu/.local/lib/python3.10/site-packages/sklearn/metrics/_pairwise_fast.cpython-310-x86_64-linux-gnu.so
7f8c36455000-7f8c3645a000 r--p 0001c000 00:62 10235694                   /home/ubuntu/.local/lib/python3.10/site-packages/sklearn/metrics/_pairwise_fast.cpython-310-x86_64-linux-gnu.so
7f8c3645a000-7f8c3645b000 ---p 00021000 00:62 10235694                   /home/ubuntu/.local/lib/python3.10/site-packages/sklearn/metrics/_pairwise_fast.cpython-310-x86_64-linux-gnu.so
7f8c3645b000-7f8c3645c000 r--p 00021000 00:62 10235694                   /home/ubuntu/.local/lib/python3.10/site-packages/sklearn/metrics/_pairwise_fast.cpython-310-x86_64-linux-gnu.so
7f8c3645c000-7f8c3645d000 rw-p 00022000 00:62 10235694                   /home/ubuntu/.local/lib/python3.10/site-packages/sklearn/metrics/_pairwise_fast.cpython-310-x86_64-linux-gnu.so
7f8c3645d000-7f8c3645e000 rw-p 00000000 00:00 0 
7f8c3645e000-7f8c36460000 rw-p 00029000 00:62 10235694                   /home/ubuntu/.local/lib/python3.10/site-packages/sklearn/metrics/_pairwise_fast.cpython-310-x86_64-linux-gnu.so
7f8c36460000-7f8c36461000 rw-p 0002b000 00:62 10235694                   /home/ubuntu/.local/lib/python3.10/site-packages/sklearn/metrics/_pairwise_fast.cpython-310-x86_64-linux-gnu.so
7f8c36461000-7f8c36466000 r--p 00000000 00:62 10235722                   /home/ubuntu/.local/lib/python3.10/site-packages/sklearn/metrics/_pairwise_distances_reduction/_radius_neighbors_classmode.cpython-310-x86_64-linux-gnu.so
7f8c36466000-7f8c3647d000 r-xp 00005000 00:62 10235722                   /home/ubuntu/.local/lib/python3.10/site-packages/sklearn/metrics/_pairwise_distances_reduction/_radius_neighbors_classmode.cpython-310-x86_64-linux-gnu.so
7f8c3647d000-7f8c36483000 r--p 0001c000 00:62 10235722                   /home/ubuntu/.local/lib/python3.10/site-packages/sklearn/metrics/_pairwise_distances_reduction/_radius_neighbors_classmode.cpython-310-x86_64-linux-gnu.so
7f8c36483000-7f8c36484000 ---p 00022000 00:62 10235722                   /home/ubuntu/.local/lib/python3.10/site-packages/sklearn/metrics/_pairwise_distances_reduction/_radius_neighbors_classmode.cpython-310-x86_64-linux-gnu.so
7f8c36484000-7f8c36485000 r--p 00022000 00:62 10235722                   /home/ubuntu/.local/lib/python3.10/site-packages/sklearn/metrics/_pairwise_distances_reduction/_radius_neighbors_classmode.cpython-310-x86_64-linux-gnu.so
7f8c36485000-7f8c36486000 rw-p 00023000 00:62 10235722                   /home/ubuntu/.local/lib/python3.10/site-packages/sklearn/metrics/_pairwise_distances_reduction/_radius_neighbors_classmode.cpython-310-x86_64-linux-gnu.so
7f8c36486000-7f8c36487000 rw-p 00000000 00:00 0 
7f8c36487000-7f8c36489000 rw-p 0002f000 00:62 10235722                   /home/ubuntu/.local/lib/python3.10/site-packages/sklearn/metrics/_pairwise_distances_reduction/_radius_neighbors_classmode.cpython-310-x86_64-linux-gnu.so
7f8c36489000-7f8c3648a000 rw-p 00031000 00:62 10235722                   /home/ubuntu/.local/lib/python3.10/site-packages/sklearn/metrics/_pairwise_distances_reduction/_radius_neighbors_classmode.cpython-310-x86_64-linux-gnu.so
7f8c3648a000-7f8c3648f000 r--p 00000000 00:62 10236017                   /home/ubuntu/.local/lib/python3.10/site-packages/sklearn/utils/_vector_sentinel.cpython-310-x86_64-linux-gnu.so
7f8c3648f000-7f8c364a2000 r-xp 00005000 00:62 10236017                   /home/ubuntu/.local/lib/python3.10/site-packages/sklearn/utils/_vector_sentinel.cpython-310-x86_64-linux-gnu.so
7f8c364a2000-7f8c364a7000 r--p 00018000 00:62 10236017                   /home/ubuntu/.local/lib/python3.10/site-packages/sklearn/utils/_vector_sentinel.cpython-310-x86_64-linux-gnu.so
7f8c364a7000-7f8c364a8000 ---p 0001d000 00:62 10236017                   /home/ubuntu/.local/lib/python3.10/site-packages/sklearn/utils/_vector_sentinel.cpython-310-x86_64-linux-gnu.so
7f8c364a8000-7f8c364a9000 r--p 0001d000 00:62 10236017                   /home/ubuntu/.local/lib/python3.10/site-packages/sklearn/utils/_vector_sentinel.cpython-310-x86_64-linux-gnu.so
7f8c364a9000-7f8c364ab000 rw-p 0001e000 00:62 10236017                   /home/ubuntu/.local/lib/python3.10/site-packages/sklearn/utils/_vector_sentinel.cpython-310-x86_64-linux-gnu.so
7f8c364ab000-7f8c364b1000 r--p 00000000 00:62 10235719                   /home/ubuntu/.local/lib/python3.10/site-packages/sklearn/metrics/_pairwise_distances_reduction/_radius_neighbors.cpython-310-x86_64-linux-gnu.so
7f8c364b1000-7f8c364d3000 r-xp 00006000 00:62 10235719                   /home/ubuntu/.local/lib/python3.10/site-packages/sklearn/metrics/_pairwise_distances_reduction/_radius_neighbors.cpython-310-x86_64-linux-gnu.so
7f8c364d3000-7f8c364dc000 r--p 00028000 00:62 10235719                   /home/ubuntu/.local/lib/python3.10/site-packages/sklearn/metrics/_pairwise_distances_reduction/_radius_neighbors.cpython-310-x86_64-linux-gnu.so
7f8c364dc000-7f8c364dd000 ---p 00031000 00:62 10235719                   /home/ubuntu/.local/lib/python3.10/site-packages/sklearn/metrics/_pairwise_distances_reduction/_radius_neighbors.cpython-310-x86_64-linux-gnu.so
7f8c364dd000-7f8c364de000 r--p 00031000 00:62 10235719                   /home/ubuntu/.local/lib/python3.10/site-packages/sklearn/metrics/_pairwise_distances_reduction/_radius_neighbors.cpython-310-x86_64-linux-gnu.so
7f8c364de000-7f8c364e0000 rw-p 00032000 00:62 10235719                   /home/ubuntu/.local/lib/python3.10/site-packages/sklearn/metrics/_pairwise_distances_reduction/_radius_neighbors.cpython-310-x86_64-linux-gnu.so
7f8c364e0000-7f8c364e1000 rw-p 00000000 00:00 0 
7f8c364e1000-7f8c364e3000 rw-p 00045000 00:62 10235719                   /home/ubuntu/.local/lib/python3.10/site-packages/sklearn/metrics/_pairwise_distances_reduction/_radius_neighbors.cpython-310-x86_64-linux-gnu.so
7f8c364e3000-7f8c364e5000 rw-p 00047000 00:62 10235719                   /home/ubuntu/.local/lib/python3.10/site-packages/sklearn/metrics/_pairwise_distances_reduction/_radius_neighbors.cpython-310-x86_64-linux-gnu.so
7f8c364e5000-7f8c364e9000 r--p 00000000 00:62 10235706                   /home/ubuntu/.local/lib/python3.10/site-packages/sklearn/metrics/_pairwise_distances_reduction/_argkmin_classmode.cpython-310-x86_64-linux-gnu.so
7f8c364e9000-7f8c364fc000 r-xp 00004000 00:62 10235706                   /home/ubuntu/.local/lib/python3.10/site-packages/sklearn/metrics/_pairwise_distances_reduction/_argkmin_classmode.cpython-310-x86_64-linux-gnu.so
7f8c364fc000-7f8c36502000 r--p 00017000 00:62 10235706                   /home/ubuntu/.local/lib/python3.10/site-packages/sklearn/metrics/_pairwise_distances_reduction/_argkmin_classmode.cpython-310-x86_64-linux-gnu.so
7f8c36502000-7f8c36503000 r--p 0001c000 00:62 10235706                   /home/ubuntu/.local/lib/python3.10/site-packages/sklearn/metrics/_pairwise_distances_reduction/_argkmin_classmode.cpython-310-x86_64-linux-gnu.so
7f8c36503000-7f8c36504000 rw-p 0001d000 00:62 10235706                   /home/ubuntu/.local/lib/python3.10/site-packages/sklearn/metrics/_pairwise_distances_reduction/_argkmin_classmode.cpython-310-x86_64-linux-gnu.so
7f8c36504000-7f8c36505000 rw-p 00000000 00:00 0 
7f8c36505000-7f8c36507000 rw-p 00027000 00:62 10235706                   /home/ubuntu/.local/lib/python3.10/site-packages/sklearn/metrics/_pairwise_distances_reduction/_argkmin_classmode.cpython-310-x86_64-linux-gnu.so
7f8c36507000-7f8c36508000 rw-p 00029000 00:62 10235706                   /home/ubuntu/.local/lib/python3.10/site-packages/sklearn/metrics/_pairwise_distances_reduction/_argkmin_classmode.cpython-310-x86_64-linux-gnu.so
7f8c36508000-7f8c3650e000 r--p 00000000 00:62 10235716                   /home/ubuntu/.local/lib/python3.10/site-packages/sklearn/metrics/_pairwise_distances_reduction/_middle_term_computer.cpython-310-x86_64-linux-gnu.so
7f8c3650e000-7f8c36544000 r-xp 00006000 00:62 10235716                   /home/ubuntu/.local/lib/python3.10/site-packages/sklearn/metrics/_pairwise_distances_reduction/_middle_term_computer.cpython-310-x86_64-linux-gnu.so
7f8c36544000-7f8c36550000 r--p 0003c000 00:62 10235716                   /home/ubuntu/.local/lib/python3.10/site-packages/sklearn/metrics/_pairwise_distances_reduction/_middle_term_computer.cpython-310-x86_64-linux-gnu.so
7f8c36550000-7f8c36551000 r--p 00047000 00:62 10235716                   /home/ubuntu/.local/lib/python3.10/site-packages/sklearn/metrics/_pairwise_distances_reduction/_middle_term_computer.cpython-310-x86_64-linux-gnu.so
7f8c36551000-7f8c36553000 rw-p 00048000 00:62 10235716                   /home/ubuntu/.local/lib/python3.10/site-packages/sklearn/metrics/_pairwise_distances_reduction/_middle_term_computer.cpython-310-x86_64-linux-gnu.so
7f8c36553000-7f8c36554000 rw-p 00000000 00:00 0 
7f8c36554000-7f8c36559000 r--p 00000000 00:62 10235973                   /home/ubuntu/.local/lib/python3.10/site-packages/sklearn/utils/_cython_blas.cpython-310-x86_64-linux-gnu.so
7f8c36559000-7f8c36598000 r-xp 00005000 00:62 10235973                   /home/ubuntu/.local/lib/python3.10/site-packages/sklearn/utils/_cython_blas.cpython-310-x86_64-linux-gnu.so
7f8c36598000-7f8c365a1000 r--p 00044000 00:62 10235973                   /home/ubuntu/.local/lib/python3.10/site-packages/sklearn/utils/_cython_blas.cpython-310-x86_64-linux-gnu.so
7f8c365a1000-7f8c365a2000 r--p 0004c000 00:62 10235973                   /home/ubuntu/.local/lib/python3.10/site-packages/sklearn/utils/_cython_blas.cpython-310-x86_64-linux-gnu.so
7f8c365a2000-7f8c365a4000 rw-p 0004d000 00:62 10235973                   /home/ubuntu/.local/lib/python3.10/site-packages/sklearn/utils/_cython_blas.cpython-310-x86_64-linux-gnu.so
7f8c365a4000-7f8c365aa000 r--p 00000000 00:62 10235712                   /home/ubuntu/.local/lib/python3.10/site-packages/sklearn/metrics/_pairwise_distances_reduction/_datasets_pair.cpython-310-x86_64-linux-gnu.so
7f8c365aa000-7f8c365de000 r-xp 00006000 00:62 10235712                   /home/ubuntu/.local/lib/python3.10/site-packages/sklearn/metrics/_pairwise_distances_reduction/_datasets_pair.cpython-310-x86_64-linux-gnu.so
7f8c365de000-7f8c365ea000 r--p 0003a000 00:62 10235712                   /home/ubuntu/.local/lib/python3.10/site-packages/sklearn/metrics/_pairwise_distances_reduction/_datasets_pair.cpython-310-x86_64-linux-gnu.so
7f8c365ea000-7f8c365eb000 ---p 00046000 00:62 10235712                   /home/ubuntu/.local/lib/python3.10/site-packages/sklearn/metrics/_pairwise_distances_reduction/_datasets_pair.cpython-310-x86_64-linux-gnu.so
7f8c365eb000-7f8c365ec000 r--p 00046000 00:62 10235712                   /home/ubuntu/.local/lib/python3.10/site-packages/sklearn/metrics/_pairwise_distances_reduction/_datasets_pair.cpython-310-x86_64-linux-gnu.so
7f8c365ec000-7f8c365ef000 rw-p 00047000 00:62 10235712                   /home/ubuntu/.local/lib/python3.10/site-packages/sklearn/metrics/_pairwise_distances_reduction/_datasets_pair.cpython-310-x86_64-linux-gnu.so
7f8c365ef000-7f8c365f4000 r--p 00000000 00:62 10235708                   /home/ubuntu/.local/lib/python3.10/site-packages/sklearn/metrics/_pairwise_distances_reduction/_base.cpython-310-x86_64-linux-gnu.so
7f8c365f4000-7f8c36610000 r-xp 00005000 00:62 10235708                   /home/ubuntu/.local/lib/python3.10/site-packages/sklearn/metrics/_pairwise_distances_reduction/_base.cpython-310-x86_64-linux-gnu.so
7f8c36610000-7f8c36617000 r--p 00021000 00:62 10235708                   /home/ubuntu/.local/lib/python3.10/site-packages/sklearn/metrics/_pairwise_distances_reduction/_base.cpython-310-x86_64-linux-gnu.so
7f8c36617000-7f8c36618000 r--p 00027000 00:62 10235708                   /home/ubuntu/.local/lib/python3.10/site-packages/sklearn/metrics/_pairwise_distances_reduction/_base.cpython-310-x86_64-linux-gnu.so
7f8c36618000-7f8c3661a000 rw-p 00028000 00:62 10235708                   /home/ubuntu/.local/lib/python3.10/site-packages/sklearn/metrics/_pairwise_distances_reduction/_base.cpython-310-x86_64-linux-gnu.so
7f8c3661a000-7f8c3661c000 rw-p 00037000 00:62 10235708                   /home/ubuntu/.local/lib/python3.10/site-packages/sklearn/metrics/_pairwise_distances_reduction/_base.cpython-310-x86_64-linux-gnu.so
7f8c3661c000-7f8c3661d000 rw-p 00039000 00:62 10235708                   /home/ubuntu/.local/lib/python3.10/site-packages/sklearn/metrics/_pairwise_distances_reduction/_base.cpython-310-x86_64-linux-gnu.so
7f8c3661d000-7f8c36626000 r--p 00000000 00:62 10235690                   /home/ubuntu/.local/lib/python3.10/site-packages/sklearn/metrics/_dist_metrics.cpython-310-x86_64-linux-gnu.so
7f8c36626000-7f8c36684000 r-xp 00009000 00:62 10235690                   /home/ubuntu/.local/lib/python3.10/site-packages/sklearn/metrics/_dist_metrics.cpython-310-x86_64-linux-gnu.so
7f8c36684000-7f8c36699000 r--p 00067000 00:62 10235690                   /home/ubuntu/.local/lib/python3.10/site-packages/sklearn/metrics/_dist_metrics.cpython-310-x86_64-linux-gnu.so
7f8c36699000-7f8c3669b000 r--p 0007b000 00:62 10235690                   /home/ubuntu/.local/lib/python3.10/site-packages/sklearn/metrics/_dist_metrics.cpython-310-x86_64-linux-gnu.so
7f8c3669b000-7f8c366a1000 rw-p 0007d000 00:62 10235690                   /home/ubuntu/.local/lib/python3.10/site-packages/sklearn/metrics/_dist_metrics.cpython-310-x86_64-linux-gnu.so
7f8c366a1000-7f8c367a4000 rw-p 00000000 00:00 0 
7f8c367a4000-7f8c367a9000 r--p 00000000 00:62 10235850                   /home/ubuntu/.local/lib/python3.10/site-packages/sklearn/preprocessing/_target_encoder_fast.cpython-310-x86_64-linux-gnu.so
7f8c367a9000-7f8c367f5000 r-xp 00005000 00:62 10235850                   /home/ubuntu/.local/lib/python3.10/site-packages/sklearn/preprocessing/_target_encoder_fast.cpython-310-x86_64-linux-gnu.so
7f8c367f5000-7f8c367fc000 r--p 00051000 00:62 10235850                   /home/ubuntu/.local/lib/python3.10/site-packages/sklearn/preprocessing/_target_encoder_fast.cpython-310-x86_64-linux-gnu.so
7f8c367fc000-7f8c367fd000 ---p 00058000 00:62 10235850                   /home/ubuntu/.local/lib/python3.10/site-packages/sklearn/preprocessing/_target_encoder_fast.cpython-310-x86_64-linux-gnu.so
7f8c367fd000-7f8c367fe000 r--p 00058000 00:62 10235850                   /home/ubuntu/.local/lib/python3.10/site-packages/sklearn/preprocessing/_target_encoder_fast.cpython-310-x86_64-linux-gnu.so
7f8c367fe000-7f8c36800000 rw-p 00059000 00:62 10235850                   /home/ubuntu/.local/lib/python3.10/site-packages/sklearn/preprocessing/_target_encoder_fast.cpython-310-x86_64-linux-gnu.so
7f8c36800000-7f8c36825000 r-xp 00000000 00:62 10235043                   /home/ubuntu/.local/lib/python3.10/site-packages/scikit_learn.libs/libgomp-a34b3233.so.1.0.0
7f8c36825000-7f8c36a24000 ---p 00025000 00:62 10235043                   /home/ubuntu/.local/lib/python3.10/site-packages/scikit_learn.libs/libgomp-a34b3233.so.1.0.0
7f8c36a24000-7f8c36a25000 r--p 00024000 00:62 10235043                   /home/ubuntu/.local/lib/python3.10/site-packages/scikit_learn.libs/libgomp-a34b3233.so.1.0.0
7f8c36a25000-7f8c36a26000 rw-p 00025000 00:62 10235043                   /home/ubuntu/.local/lib/python3.10/site-packages/scikit_learn.libs/libgomp-a34b3233.so.1.0.0
7f8c36a26000-7f8c36a2a000 rw-p 00026000 00:62 10235043                   /home/ubuntu/.local/lib/python3.10/site-packages/scikit_learn.libs/libgomp-a34b3233.so.1.0.0
7f8c36a2c000-7f8c36a2e000 r--p 00000000 00:62 10553170                   /usr/lib/jvm/java-17-openjdk-amd64/lib/libjimage.so
7f8c36a2e000-7f8c36a31000 r-xp 00002000 00:62 10553170                   /usr/lib/jvm/java-17-openjdk-amd64/lib/libjimage.so
7f8c36a31000-7f8c36a32000 r--p 00005000 00:62 10553170                   /usr/lib/jvm/java-17-openjdk-amd64/lib/libjimage.so
7f8c36a32000-7f8c36a33000 ---p 00006000 00:62 10553170                   /usr/lib/jvm/java-17-openjdk-amd64/lib/libjimage.so
7f8c36a33000-7f8c36a34000 r--p 00006000 00:62 10553170                   /usr/lib/jvm/java-17-openjdk-amd64/lib/libjimage.so
7f8c36a34000-7f8c36a35000 rw-p 00007000 00:62 10553170                   /usr/lib/jvm/java-17-openjdk-amd64/lib/libjimage.so
7f8c36a35000-7f8c36a3a000 r--p 00000000 00:62 10235703                   /home/ubuntu/.local/lib/python3.10/site-packages/sklearn/metrics/_pairwise_distances_reduction/_argkmin.cpython-310-x86_64-linux-gnu.so
7f8c36a3a000-7f8c36a5b000 r-xp 00005000 00:62 10235703                   /home/ubuntu/.local/lib/python3.10/site-packages/sklearn/metrics/_pairwise_distances_reduction/_argkmin.cpython-310-x86_64-linux-gnu.so
7f8c36a5b000-7f8c36a63000 r--p 00026000 00:62 10235703                   /home/ubuntu/.local/lib/python3.10/site-packages/sklearn/metrics/_pairwise_distances_reduction/_argkmin.cpython-310-x86_64-linux-gnu.so
7f8c36a63000-7f8c36a64000 r--p 0002d000 00:62 10235703                   /home/ubuntu/.local/lib/python3.10/site-packages/sklearn/metrics/_pairwise_distances_reduction/_argkmin.cpython-310-x86_64-linux-gnu.so
7f8c36a64000-7f8c36a66000 rw-p 0002e000 00:62 10235703                   /home/ubuntu/.local/lib/python3.10/site-packages/sklearn/metrics/_pairwise_distances_reduction/_argkmin.cpython-310-x86_64-linux-gnu.so
7f8c36a66000-7f8c36a67000 rw-p 00000000 00:00 0 
7f8c36a67000-7f8c36a69000 rw-p 0003f000 00:62 10235703                   /home/ubuntu/.local/lib/python3.10/site-packages/sklearn/metrics/_pairwise_distances_reduction/_argkmin.cpython-310-x86_64-linux-gnu.so
7f8c36a69000-7f8c36a6a000 rw-p 00041000 00:62 10235703                   /home/ubuntu/.local/lib/python3.10/site-packages/sklearn/metrics/_pairwise_distances_reduction/_argkmin.cpython-310-x86_64-linux-gnu.so
7f8c36a6a000-7f8c36a6f000 r--p 00000000 00:62 10235841                   /home/ubuntu/.local/lib/python3.10/site-packages/sklearn/preprocessing/_csr_polynomial_expansion.cpython-310-x86_64-linux-gnu.so
7f8c36a6f000-7f8c36ab1000 r-xp 00005000 00:62 10235841                   /home/ubuntu/.local/lib/python3.10/site-packages/sklearn/preprocessing/_csr_polynomial_expansion.cpython-310-x86_64-linux-gnu.so
7f8c36ab1000-7f8c36ab8000 r--p 00047000 00:62 10235841                   /home/ubuntu/.local/lib/python3.10/site-packages/sklearn/preprocessing/_csr_polynomial_expansion.cpython-310-x86_64-linux-gnu.so
7f8c36ab8000-7f8c36ab9000 ---p 0004e000 00:62 10235841                   /home/ubuntu/.local/lib/python3.10/site-packages/sklearn/preprocessing/_csr_polynomial_expansion.cpython-310-x86_64-linux-gnu.so
7f8c36ab9000-7f8c36aba000 r--p 0004e000 00:62 10235841                   /home/ubuntu/.local/lib/python3.10/site-packages/sklearn/preprocessing/_csr_polynomial_expansion.cpython-310-x86_64-linux-gnu.so
7f8c36aba000-7f8c36abc000 rw-p 0004f000 00:62 10235841                   /home/ubuntu/.local/lib/python3.10/site-packages/sklearn/preprocessing/_csr_polynomial_expansion.cpython-310-x86_64-linux-gnu.so
7f8c36abc000-7f8c36ac0000 r--p 00000000 00:62 10235743                   /home/ubuntu/.local/lib/python3.10/site-packages/sklearn/metrics/cluster/_expected_mutual_info_fast.cpython-310-x86_64-linux-gnu.so
7f8c36ac0000-7f8c36acd000 r-xp 00004000 00:62 10235743                   /home/ubuntu/.local/lib/python3.10/site-packages/sklearn/metrics/cluster/_expected_mutual_info_fast.cpython-310-x86_64-linux-gnu.so
7f8c36acd000-7f8c36ad1000 r--p 00011000 00:62 10235743                   /home/ubuntu/.local/lib/python3.10/site-packages/sklearn/metrics/cluster/_expected_mutual_info_fast.cpython-310-x86_64-linux-gnu.so
7f8c36ad1000-7f8c36ad2000 r--p 00014000 00:62 10235743                   /home/ubuntu/.local/lib/python3.10/site-packages/sklearn/metrics/cluster/_expected_mutual_info_fast.cpython-310-x86_64-linux-gnu.so
7f8c36ad2000-7f8c36ad3000 rw-p 00015000 00:62 10235743                   /home/ubuntu/.local/lib/python3.10/site-packages/sklearn/metrics/cluster/_expected_mutual_info_fast.cpython-310-x86_64-linux-gnu.so
7f8c36ad3000-7f8c36ad6000 r--p 00000000 00:62 10235991                   /home/ubuntu/.local/lib/python3.10/site-packages/sklearn/utils/_openmp_helpers.cpython-310-x86_64-linux-gnu.so
7f8c36ad6000-7f8c36add000 r-xp 00003000 00:62 10235991                   /home/ubuntu/.local/lib/python3.10/site-packages/sklearn/utils/_openmp_helpers.cpython-310-x86_64-linux-gnu.so
7f8c36add000-7f8c36adf000 r--p 0000a000 00:62 10235991                   /home/ubuntu/.local/lib/python3.10/site-packages/sklearn/utils/_openmp_helpers.cpython-310-x86_64-linux-gnu.so
7f8c36adf000-7f8c36ae0000 ---p 0000c000 00:62 10235991                   /home/ubuntu/.local/lib/python3.10/site-packages/sklearn/utils/_openmp_helpers.cpython-310-x86_64-linux-gnu.so
7f8c36ae0000-7f8c36ae1000 r--p 0000c000 00:62 10235991                   /home/ubuntu/.local/lib/python3.10/site-packages/sklearn/utils/_openmp_helpers.cpython-310-x86_64-linux-gnu.so
7f8c36ae1000-7f8c36ae2000 rw-p 0000d000 00:62 10235991                   /home/ubuntu/.local/lib/python3.10/site-packages/sklearn/utils/_openmp_helpers.cpython-310-x86_64-linux-gnu.so
7f8c36ae2000-7f8c36ae4000 rw-p 00012000 00:62 10235991                   /home/ubuntu/.local/lib/python3.10/site-packages/sklearn/utils/_openmp_helpers.cpython-310-x86_64-linux-gnu.so
7f8c36ae4000-7f8c36ae5000 rw-p 00014000 00:62 10235991                   /home/ubuntu/.local/lib/python3.10/site-packages/sklearn/utils/_openmp_helpers.cpython-310-x86_64-linux-gnu.so
7f8c36ae5000-7f8c36ae9000 r--p 00000000 00:62 10236036                   /home/ubuntu/.local/lib/python3.10/site-packages/sklearn/utils/murmurhash.cpython-310-x86_64-linux-gnu.so
7f8c36ae9000-7f8c36afb000 r-xp 00004000 00:62 10236036                   /home/ubuntu/.local/lib/python3.10/site-packages/sklearn/utils/murmurhash.cpython-310-x86_64-linux-gnu.so
7f8c36afb000-7f8c36b00000 r--p 00016000 00:62 10236036                   /home/ubuntu/.local/lib/python3.10/site-packages/sklearn/utils/murmurhash.cpython-310-x86_64-linux-gnu.so
7f8c36b00000-7f8c36b01000 ---p 0001b000 00:62 10236036                   /home/ubuntu/.local/lib/python3.10/site-packages/sklearn/utils/murmurhash.cpython-310-x86_64-linux-gnu.so
7f8c36b01000-7f8c36b02000 r--p 0001b000 00:62 10236036                   /home/ubuntu/.local/lib/python3.10/site-packages/sklearn/utils/murmurhash.cpython-310-x86_64-linux-gnu.so
7f8c36b02000-7f8c36b03000 rw-p 0001c000 00:62 10236036                   /home/ubuntu/.local/lib/python3.10/site-packages/sklearn/utils/murmurhash.cpython-310-x86_64-linux-gnu.so
7f8c36b03000-7f8c36c03000 rw-p 00000000 00:00 0 
7f8c36c03000-7f8c36c08000 r--p 00000000 00:62 10236043                   /home/ubuntu/.local/lib/python3.10/site-packages/sklearn/utils/sparsefuncs_fast.cpython-310-x86_64-linux-gnu.so
7f8c36c08000-7f8c36ca1000 r-xp 00005000 00:62 10236043                   /home/ubuntu/.local/lib/python3.10/site-packages/sklearn/utils/sparsefuncs_fast.cpython-310-x86_64-linux-gnu.so
7f8c36ca1000-7f8c36cad000 r--p 0009e000 00:62 10236043                   /home/ubuntu/.local/lib/python3.10/site-packages/sklearn/utils/sparsefuncs_fast.cpython-310-x86_64-linux-gnu.so
7f8c36cad000-7f8c36caf000 r--p 000a9000 00:62 10236043                   /home/ubuntu/.local/lib/python3.10/site-packages/sklearn/utils/sparsefuncs_fast.cpython-310-x86_64-linux-gnu.so
7f8c36caf000-7f8c36cb1000 rw-p 000ab000 00:62 10236043                   /home/ubuntu/.local/lib/python3.10/site-packages/sklearn/utils/sparsefuncs_fast.cpython-310-x86_64-linux-gnu.so
7f8c36cb1000-7f8c36cb2000 rw-p 00000000 00:00 0 
7f8c36cb2000-7f8c36cb7000 r--p 00000000 00:62 10235048                   /home/ubuntu/.local/lib/python3.10/site-packages/sklearn/_cyutility.cpython-310-x86_64-linux-gnu.so
7f8c36cb7000-7f8c36cd4000 r-xp 00005000 00:62 10235048                   /home/ubuntu/.local/lib/python3.10/site-packages/sklearn/_cyutility.cpython-310-x86_64-linux-gnu.so
7f8c36cd4000-7f8c36cda000 r--p 00022000 00:62 10235048                   /home/ubuntu/.local/lib/python3.10/site-packages/sklearn/_cyutility.cpython-310-x86_64-linux-gnu.so
7f8c36cda000-7f8c36cdb000 ---p 00028000 00:62 10235048                   /home/ubuntu/.local/lib/python3.10/site-packages/sklearn/_cyutility.cpython-310-x86_64-linux-gnu.so
7f8c36cdb000-7f8c36cdc000 r--p 00028000 00:62 10235048                   /home/ubuntu/.local/lib/python3.10/site-packages/sklearn/_cyutility.cpython-310-x86_64-linux-gnu.so
7f8c36cdc000-7f8c36cde000 rw-p 00029000 00:62 10235048                   /home/ubuntu/.local/lib/python3.10/site-packages/sklearn/_cyutility.cpython-310-x86_64-linux-gnu.so
7f8c36cde000-7f8c36ce2000 r--p 00000000 00:62 10235985                   /home/ubuntu/.local/lib/python3.10/site-packages/sklearn/utils/_isfinite.cpython-310-x86_64-linux-gnu.so
7f8c36ce2000-7f8c36cf0000 r-xp 00004000 00:62 10235985                   /home/ubuntu/.local/lib/python3.10/site-packages/sklearn/utils/_isfinite.cpython-310-x86_64-linux-gnu.so
7f8c36cf0000-7f8c36cf4000 r--p 00012000 00:62 10235985                   /home/ubuntu/.local/lib/python3.10/site-packages/sklearn/utils/_isfinite.cpython-310-x86_64-linux-gnu.so
7f8c36cf4000-7f8c36cf5000 ---p 00016000 00:62 10235985                   /home/ubuntu/.local/lib/python3.10/site-packages/sklearn/utils/_isfinite.cpython-310-x86_64-linux-gnu.so
7f8c36cf5000-7f8c36cf6000 r--p 00016000 00:62 10235985                   /home/ubuntu/.local/lib/python3.10/site-packages/sklearn/utils/_isfinite.cpython-310-x86_64-linux-gnu.so
7f8c36cf6000-7f8c36cf7000 rw-p 00017000 00:62 10235985                   /home/ubuntu/.local/lib/python3.10/site-packages/sklearn/utils/_isfinite.cpython-310-x86_64-linux-gnu.so
7f8c36cf7000-7f8c36df8000 rw-p 00000000 00:00 0 
7f8c36df8000-7f8c36dfc000 r--p 00000000 00:62 10229409                   /home/ubuntu/.local/lib/python3.10/site-packages/pandas/_libs/testing.cpython-310-x86_64-linux-gnu.so
7f8c36dfc000-7f8c36e10000 r-xp 00004000 00:62 10229409                   /home/ubuntu/.local/lib/python3.10/site-packages/pandas/_libs/testing.cpython-310-x86_64-linux-gnu.so
7f8c36e10000-7f8c36e13000 r--p 00018000 00:62 10229409                   /home/ubuntu/.local/lib/python3.10/site-packages/pandas/_libs/testing.cpython-310-x86_64-linux-gnu.so
7f8c36e13000-7f8c36e14000 r--p 0001b000 00:62 10229409                   /home/ubuntu/.local/lib/python3.10/site-packages/pandas/_libs/testing.cpython-310-x86_64-linux-gnu.so
7f8c36e14000-7f8c36e15000 rw-p 0001c000 00:62 10229409                   /home/ubuntu/.local/lib/python3.10/site-packages/pandas/_libs/testing.cpython-310-x86_64-linux-gnu.so
7f8c36e15000-7f8c36e1f000 r--p 00000000 00:62 10229399                   /home/ubuntu/.local/lib/python3.10/site-packages/pandas/_libs/parsers.cpython-310-x86_64-linux-gnu.so
7f8c36e1f000-7f8c36e8d000 r-xp 0000a000 00:62 10229399                   /home/ubuntu/.local/lib/python3.10/site-packages/pandas/_libs/parsers.cpython-310-x86_64-linux-gnu.so
7f8c36e8d000-7f8c36e9a000 r--p 00078000 00:62 10229399                   /home/ubuntu/.local/lib/python3.10/site-packages/pandas/_libs/parsers.cpython-310-x86_64-linux-gnu.so
7f8c36e9a000-7f8c36e9d000 r--p 00084000 00:62 10229399                   /home/ubuntu/.local/lib/python3.10/site-packages/pandas/_libs/parsers.cpython-310-x86_64-linux-gnu.so
7f8c36e9d000-7f8c36ea0000 rw-p 00087000 00:62 10229399                   /home/ubuntu/.local/lib/python3.10/site-packages/pandas/_libs/parsers.cpython-310-x86_64-linux-gnu.so
7f8c36ea0000-7f8c36ea2000 rw-p 00000000 00:00 0 
7f8c36ea2000-7f8c36ea4000 r--p 00000000 00:62 10229387                   /home/ubuntu/.local/lib/python3.10/site-packages/pandas/_libs/json.cpython-310-x86_64-linux-gnu.so
7f8c36ea4000-7f8c36ead000 r-xp 00002000 00:62 10229387                   /home/ubuntu/.local/lib/python3.10/site-packages/pandas/_libs/json.cpython-310-x86_64-linux-gnu.so
7f8c36ead000-7f8c36eb0000 r--p 0000b000 00:62 10229387                   /home/ubuntu/.local/lib/python3.10/site-packages/pandas/_libs/json.cpython-310-x86_64-linux-gnu.so
7f8c36eb0000-7f8c36eb1000 r--p 0000e000 00:62 10229387                   /home/ubuntu/.local/lib/python3.10/site-packages/pandas/_libs/json.cpython-310-x86_64-linux-gnu.so
7f8c36eb1000-7f8c36eb2000 rw-p 0000f000 00:62 10229387                   /home/ubuntu/.local/lib/python3.10/site-packages/pandas/_libs/json.cpython-310-x86_64-linux-gnu.so
7f8c36eb2000-7f8c370b2000 rw-p 00000000 00:00 0 
7f8c370b2000-7f8c370be000 r--p 00000000 00:62 10229371                   /home/ubuntu/.local/lib/python3.10/site-packages/pandas/_libs/groupby.cpython-310-x86_64-linux-gnu.so
7f8c370be000-7f8c3730e000 r-xp 0000c000 00:62 10229371                   /home/ubuntu/.local/lib/python3.10/site-packages/pandas/_libs/groupby.cpython-310-x86_64-linux-gnu.so
7f8c3730e000-7f8c3732b000 r--p 0025c000 00:62 10229371                   /home/ubuntu/.local/lib/python3.10/site-packages/pandas/_libs/groupby.cpython-310-x86_64-linux-gnu.so
7f8c3732b000-7f8c3732e000 r--p 00279000 00:62 10229371                   /home/ubuntu/.local/lib/python3.10/site-packages/pandas/_libs/groupby.cpython-310-x86_64-linux-gnu.so
7f8c3732e000-7f8c37334000 rw-p 0027c000 00:62 10229371                   /home/ubuntu/.local/lib/python3.10/site-packages/pandas/_libs/groupby.cpython-310-x86_64-linux-gnu.so
7f8c37334000-7f8c37338000 rw-p 00000000 00:00 0 
7f8c37338000-7f8c3733f000 r--p 00000000 00:62 10229403                   /home/ubuntu/.local/lib/python3.10/site-packages/pandas/_libs/reshape.cpython-310-x86_64-linux-gnu.so
7f8c3733f000-7f8c37378000 r-xp 00007000 00:62 10229403                   /home/ubuntu/.local/lib/python3.10/site-packages/pandas/_libs/reshape.cpython-310-x86_64-linux-gnu.so
7f8c37378000-7f8c37381000 r--p 00040000 00:62 10229403                   /home/ubuntu/.local/lib/python3.10/site-packages/pandas/_libs/reshape.cpython-310-x86_64-linux-gnu.so
7f8c37381000-7f8c37383000 r--p 00048000 00:62 10229403                   /home/ubuntu/.local/lib/python3.10/site-packages/pandas/_libs/reshape.cpython-310-x86_64-linux-gnu.so
7f8c37383000-7f8c37385000 rw-p 0004a000 00:62 10229403                   /home/ubuntu/.local/lib/python3.10/site-packages/pandas/_libs/reshape.cpython-310-x86_64-linux-gnu.so
7f8c37385000-7f8c37386000 rw-p 00000000 00:00 0 
7f8c37386000-7f8c3738c000 r--p 00000000 00:62 10229452                   /home/ubuntu/.local/lib/python3.10/site-packages/pandas/_libs/window/indexers.cpython-310-x86_64-linux-gnu.so
7f8c3738c000-7f8c373af000 r-xp 00006000 00:62 10229452                   /home/ubuntu/.local/lib/python3.10/site-packages/pandas/_libs/window/indexers.cpython-310-x86_64-linux-gnu.so
7f8c373af000-7f8c373b6000 r--p 00029000 00:62 10229452                   /home/ubuntu/.local/lib/python3.10/site-packages/pandas/_libs/window/indexers.cpython-310-x86_64-linux-gnu.so
7f8c373b6000-7f8c373b7000 r--p 00030000 00:62 10229452                   /home/ubuntu/.local/lib/python3.10/site-packages/pandas/_libs/window/indexers.cpython-310-x86_64-linux-gnu.so
7f8c373b7000-7f8c373b9000 rw-p 00031000 00:62 10229452                   /home/ubuntu/.local/lib/python3.10/site-packages/pandas/_libs/window/indexers.cpython-310-x86_64-linux-gnu.so
7f8c373b9000-7f8c373ba000 rw-p 00000000 00:00 0 
7f8c373ba000-7f8c373c2000 r--p 00000000 00:62 10229450                   /home/ubuntu/.local/lib/python3.10/site-packages/pandas/_libs/window/aggregations.cpython-310-x86_64-linux-gnu.so
7f8c373c2000-7f8c37411000 r-xp 00008000 00:62 10229450                   /home/ubuntu/.local/lib/python3.10/site-packages/pandas/_libs/window/aggregations.cpython-310-x86_64-linux-gnu.so
7f8c37411000-7f8c3741b000 r--p 00057000 00:62 10229450                   /home/ubuntu/.local/lib/python3.10/site-packages/pandas/_libs/window/aggregations.cpython-310-x86_64-linux-gnu.so
7f8c3741b000-7f8c3741d000 r--p 00061000 00:62 10229450                   /home/ubuntu/.local/lib/python3.10/site-packages/pandas/_libs/window/aggregations.cpython-310-x86_64-linux-gnu.so
7f8c3741d000-7f8c3741f000 rw-p 00063000 00:62 10229450                   /home/ubuntu/.local/lib/python3.10/site-packages/pandas/_libs/window/aggregations.cpython-310-x86_64-linux-gnu.so
7f8c3741f000-7f8c37620000 rw-p 00000000 00:00 0 
7f8c37620000-7f8c37628000 r--p 00000000 00:62 10229385                   /home/ubuntu/.local/lib/python3.10/site-packages/pandas/_libs/join.cpython-310-x86_64-linux-gnu.so
7f8c37628000-7f8c3776a000 r-xp 00008000 00:62 10229385                   /home/ubuntu/.local/lib/python3.10/site-packages/pandas/_libs/join.cpython-310-x86_64-linux-gnu.so
7f8c3776a000-7f8c37778000 r--p 0014a000 00:62 10229385                   /home/ubuntu/.local/lib/python3.10/site-packages/pandas/_libs/join.cpython-310-x86_64-linux-gnu.so
7f8c37778000-7f8c3777a000 r--p 00157000 00:62 10229385                   /home/ubuntu/.local/lib/python3.10/site-packages/pandas/_libs/join.cpython-310-x86_64-linux-gnu.so
7f8c3777a000-7f8c3777d000 rw-p 00159000 00:62 10229385                   /home/ubuntu/.local/lib/python3.10/site-packages/pandas/_libs/join.cpython-310-x86_64-linux-gnu.so
7f8c3777d000-7f8c3777f000 rw-p 00000000 00:00 0 
7f8c3777f000-7f8c37785000 r--p 00000000 00:62 10229413                   /home/ubuntu/.local/lib/python3.10/site-packages/pandas/_libs/writers.cpython-310-x86_64-linux-gnu.so
7f8c37785000-7f8c377b0000 r-xp 00006000 00:62 10229413                   /home/ubuntu/.local/lib/python3.10/site-packages/pandas/_libs/writers.cpython-310-x86_64-linux-gnu.so
7f8c377b0000-7f8c377b8000 r--p 00031000 00:62 10229413                   /home/ubuntu/.local/lib/python3.10/site-packages/pandas/_libs/writers.cpython-310-x86_64-linux-gnu.so
7f8c377b8000-7f8c377ba000 r--p 00038000 00:62 10229413                   /home/ubuntu/.local/lib/python3.10/site-packages/pandas/_libs/writers.cpython-310-x86_64-linux-gnu.so
7f8c377ba000-7f8c377bc000 rw-p 0003a000 00:62 10229413                   /home/ubuntu/.local/lib/python3.10/site-packages/pandas/_libs/writers.cpython-310-x86_64-linux-gnu.so
7f8c377bc000-7f8c377bd000 rw-p 00000000 00:00 0 
7f8c377bd000-7f8c377ca000 r--p 00000000 00:62 10229377                   /home/ubuntu/.local/lib/python3.10/site-packages/pandas/_libs/index.cpython-310-x86_64-linux-gnu.so
7f8c377ca000-7f8c37874000 r-xp 0000d000 00:62 10229377                   /home/ubuntu/.local/lib/python3.10/site-packages/pandas/_libs/index.cpython-310-x86_64-linux-gnu.so
7f8c37874000-7f8c3788c000 r--p 000b7000 00:62 10229377                   /home/ubuntu/.local/lib/python3.10/site-packages/pandas/_libs/index.cpython-310-x86_64-linux-gnu.so
7f8c3788c000-7f8c3788f000 r--p 000ce000 00:62 10229377                   /home/ubuntu/.local/lib/python3.10/site-packages/pandas/_libs/index.cpython-310-x86_64-linux-gnu.so
7f8c3788f000-7f8c37897000 rw-p 000d1000 00:62 10229377                   /home/ubuntu/.local/lib/python3.10/site-packages/pandas/_libs/index.cpython-310-x86_64-linux-gnu.so
7f8c37897000-7f8c3799b000 rw-p 00000000 00:00 0 
7f8c3799b000-7f8c379a3000 r--p 00000000 00:62 10229381                   /home/ubuntu/.local/lib/python3.10/site-packages/pandas/_libs/internals.cpython-310-x86_64-linux-gnu.so
7f8c379a3000-7f8c379ed000 r-xp 00008000 00:62 10229381                   /home/ubuntu/.local/lib/python3.10/site-packages/pandas/_libs/internals.cpython-310-x86_64-linux-gnu.so
7f8c379ed000-7f8c379f9000 r--p 00052000 00:62 10229381                   /home/ubuntu/.local/lib/python3.10/site-packages/pandas/_libs/internals.cpython-310-x86_64-linux-gnu.so
7f8c379f9000-7f8c379fb000 r--p 0005d000 00:62 10229381                   /home/ubuntu/.local/lib/python3.10/site-packages/pandas/_libs/internals.cpython-310-x86_64-linux-gnu.so
7f8c379fb000-7f8c379fe000 rw-p 0005f000 00:62 10229381                   /home/ubuntu/.local/lib/python3.10/site-packages/pandas/_libs/internals.cpython-310-x86_64-linux-gnu.so
7f8c379fe000-7f8c37b00000 rw-p 00000000 00:00 0 
7f8c37b00000-7f8c37b08000 r--p 00000000 00:62 10229407                   /home/ubuntu/.local/lib/python3.10/site-packages/pandas/_libs/sparse.cpython-310-x86_64-linux-gnu.so
7f8c37b08000-7f8c37be2000 r-xp 00008000 00:62 10229407                   /home/ubuntu/.local/lib/python3.10/site-packages/pandas/_libs/sparse.cpython-310-x86_64-linux-gnu.so
7f8c37be2000-7f8c37bef000 r--p 000e2000 00:62 10229407                   /home/ubuntu/.local/lib/python3.10/site-packages/pandas/_libs/sparse.cpython-310-x86_64-linux-gnu.so
7f8c37bef000-7f8c37bf1000 r--p 000ef000 00:62 10229407                   /home/ubuntu/.local/lib/python3.10/site-packages/pandas/_libs/sparse.cpython-310-x86_64-linux-gnu.so
7f8c37bf1000-7f8c37bf4000 rw-p 000f1000 00:62 10229407                   /home/ubuntu/.local/lib/python3.10/site-packages/pandas/_libs/sparse.cpython-310-x86_64-linux-gnu.so
7f8c37bf4000-7f8c37ef6000 rw-p 00000000 00:00 0 
7f8c37ef6000-7f8c37f2a000 r--p 00000000 00:62 10173737                   /home/ubuntu/.local/lib/python3.10/site-packages/pyarrow/_compute.cpython-310-x86_64-linux-gnu.so
7f8c37f2a000-7f8c37fba000 r-xp 00034000 00:62 10173737                   /home/ubuntu/.local/lib/python3.10/site-packages/pyarrow/_compute.cpython-310-x86_64-linux-gnu.so
7f8c37fba000-7f8c37fe9000 r--p 000c4000 00:62 10173737                   /home/ubuntu/.local/lib/python3.10/site-packages/pyarrow/_compute.cpython-310-x86_64-linux-gnu.so
7f8c37fe9000-7f8c37fef000 r--p 000f3000 00:62 10173737                   /home/ubuntu/.local/lib/python3.10/site-packages/pyarrow/_compute.cpython-310-x86_64-linux-gnu.so
7f8c37fef000-7f8c37ffc000 rw-p 000f9000 00:62 10173737                   /home/ubuntu/.local/lib/python3.10/site-packages/pyarrow/_compute.cpython-310-x86_64-linux-gnu.so
7f8c37ffc000-7f8c38000000 rw-p 00000000 00:00 0 
7f8c38000000-7f8c38021000 rw-p 00000000 00:00 0 
7f8c38021000-7f8c3c000000 ---p 00000000 00:00 0 
7f8c3c005000-7f8c3c009000 r--p 00000000 00:62 10229379                   /home/ubuntu/.local/lib/python3.10/site-packages/pandas/_libs/indexing.cpython-310-x86_64-linux-gnu.so
7f8c3c009000-7f8c3c011000 r-xp 00004000 00:62 10229379                   /home/ubuntu/.local/lib/python3.10/site-packages/pandas/_libs/indexing.cpython-310-x86_64-linux-gnu.so
7f8c3c011000-7f8c3c014000 r--p 0000c000 00:62 10229379                   /home/ubuntu/.local/lib/python3.10/site-packages/pandas/_libs/indexing.cpython-310-x86_64-linux-gnu.so
7f8c3c014000-7f8c3c015000 r--p 0000e000 00:62 10229379                   /home/ubuntu/.local/lib/python3.10/site-packages/pandas/_libs/indexing.cpython-310-x86_64-linux-gnu.so
7f8c3c015000-7f8c3c016000 rw-p 0000f000 00:62 10229379                   /home/ubuntu/.local/lib/python3.10/site-packages/pandas/_libs/indexing.cpython-310-x86_64-linux-gnu.so
7f8c3c016000-7f8c3c01d000 r--p 00000000 00:62 10229411                   /home/ubuntu/.local/lib/python3.10/site-packages/pandas/_libs/tslib.cpython-310-x86_64-linux-gnu.so
7f8c3c01d000-7f8c3c05b000 r-xp 00007000 00:62 10229411                   /home/ubuntu/.local/lib/python3.10/site-packages/pandas/_libs/tslib.cpython-310-x86_64-linux-gnu.so
7f8c3c05b000-7f8c3c065000 r--p 00045000 00:62 10229411                   /home/ubuntu/.local/lib/python3.10/site-packages/pandas/_libs/tslib.cpython-310-x86_64-linux-gnu.so
7f8c3c065000-7f8c3c067000 r--p 0004e000 00:62 10229411                   /home/ubuntu/.local/lib/python3.10/site-packages/pandas/_libs/tslib.cpython-310-x86_64-linux-gnu.so
7f8c3c067000-7f8c3c069000 rw-p 00050000 00:62 10229411                   /home/ubuntu/.local/lib/python3.10/site-packages/pandas/_libs/tslib.cpython-310-x86_64-linux-gnu.so
7f8c3c069000-7f8c3c06a000 rw-p 00000000 00:00 0 
7f8c3c06a000-7f8c3c06f000 r--p 00000000 00:62 10229367                   /home/ubuntu/.local/lib/python3.10/site-packages/pandas/_libs/arrays.cpython-310-x86_64-linux-gnu.so
7f8c3c06f000-7f8c3c082000 r-xp 00005000 00:62 10229367                   /home/ubuntu/.local/lib/python3.10/site-packages/pandas/_libs/arrays.cpython-310-x86_64-linux-gnu.so
7f8c3c082000-7f8c3c086000 r--p 00018000 00:62 10229367                   /home/ubuntu/.local/lib/python3.10/site-packages/pandas/_libs/arrays.cpython-310-x86_64-linux-gnu.so
7f8c3c086000-7f8c3c087000 r--p 0001c000 00:62 10229367                   /home/ubuntu/.local/lib/python3.10/site-packages/pandas/_libs/arrays.cpython-310-x86_64-linux-gnu.so
7f8c3c087000-7f8c3c089000 rw-p 0001d000 00:62 10229367                   /home/ubuntu/.local/lib/python3.10/site-packages/pandas/_libs/arrays.cpython-310-x86_64-linux-gnu.so
7f8c3c089000-7f8c3c08f000 r--p 00000000 00:62 10229373                   /home/ubuntu/.local/lib/python3.10/site-packages/pandas/_libs/hashing.cpython-310-x86_64-linux-gnu.so
7f8c3c08f000-7f8c3c0b3000 r-xp 00006000 00:62 10229373                   /home/ubuntu/.local/lib/python3.10/site-packages/pandas/_libs/hashing.cpython-310-x86_64-linux-gnu.so
7f8c3c0b3000-7f8c3c0ba000 r--p 0002a000 00:62 10229373                   /home/ubuntu/.local/lib/python3.10/site-packages/pandas/_libs/hashing.cpython-310-x86_64-linux-gnu.so
7f8c3c0ba000-7f8c3c0bb000 r--p 00031000 00:62 10229373                   /home/ubuntu/.local/lib/python3.10/site-packages/pandas/_libs/hashing.cpython-310-x86_64-linux-gnu.so
7f8c3c0bb000-7f8c3c0bd000 rw-p 00032000 00:62 10229373                   /home/ubuntu/.local/lib/python3.10/site-packages/pandas/_libs/hashing.cpython-310-x86_64-linux-gnu.so
7f8c3c0bd000-7f8c3c0be000 rw-p 00000000 00:00 0 
7f8c3c0be000-7f8c3c0c4000 r--p 00000000 00:62 10229393                   /home/ubuntu/.local/lib/python3.10/site-packages/pandas/_libs/ops.cpython-310-x86_64-linux-gnu.so
7f8c3c0c4000-7f8c3c0f2000 r-xp 00006000 00:62 10229393                   /home/ubuntu/.local/lib/python3.10/site-packages/pandas/_libs/ops.cpython-310-x86_64-linux-gnu.so
7f8c3c0f2000-7f8c3c0fa000 r--p 00034000 00:62 10229393                   /home/ubuntu/.local/lib/python3.10/site-packages/pandas/_libs/ops.cpython-310-x86_64-linux-gnu.so
7f8c3c0fa000-7f8c3c0fc000 r--p 0003b000 00:62 10229393                   /home/ubuntu/.local/lib/python3.10/site-packages/pandas/_libs/ops.cpython-310-x86_64-linux-gnu.so
7f8c3c0fc000-7f8c3c0fe000 rw-p 0003d000 00:62 10229393                   /home/ubuntu/.local/lib/python3.10/site-packages/pandas/_libs/ops.cpython-310-x86_64-linux-gnu.so
7f8c3c0fe000-7f8c3c0ff000 rw-p 00000000 00:00 0 
7f8c3c0ff000-7f8c3c10b000 r--p 00000000 00:62 10229389                   /home/ubuntu/.local/lib/python3.10/site-packages/pandas/_libs/lib.cpython-310-x86_64-linux-gnu.so
7f8c3c10b000-7f8c3c1b1000 r-xp 0000c000 00:62 10229389                   /home/ubuntu/.local/lib/python3.10/site-packages/pandas/_libs/lib.cpython-310-x86_64-linux-gnu.so
7f8c3c1b1000-7f8c3c1ca000 r--p 000b2000 00:62 10229389                   /home/ubuntu/.local/lib/python3.10/site-packages/pandas/_libs/lib.cpython-310-x86_64-linux-gnu.so
7f8c3c1ca000-7f8c3c1ce000 r--p 000ca000 00:62 10229389                   /home/ubuntu/.local/lib/python3.10/site-packages/pandas/_libs/lib.cpython-310-x86_64-linux-gnu.so
7f8c3c1ce000-7f8c3c1d4000 rw-p 000ce000 00:62 10229389                   /home/ubuntu/.local/lib/python3.10/site-packages/pandas/_libs/lib.cpython-310-x86_64-linux-gnu.so
7f8c3c1d4000-7f8c3c1d6000 rw-p 00000000 00:00 0 
7f8c3c1d6000-7f8c3c1e2000 r--p 00000000 00:62 10229365                   /home/ubuntu/.local/lib/python3.10/site-packages/pandas/_libs/algos.cpython-310-x86_64-linux-gnu.so
7f8c3c1e2000-7f8c3c3c6000 r-xp 0000c000 00:62 10229365                   /home/ubuntu/.local/lib/python3.10/site-packages/pandas/_libs/algos.cpython-310-x86_64-linux-gnu.so
7f8c3c3c6000-7f8c3c3e3000 r--p 001f0000 00:62 10229365                   /home/ubuntu/.local/lib/python3.10/site-packages/pandas/_libs/algos.cpython-310-x86_64-linux-gnu.so
7f8c3c3e3000-7f8c3c3e6000 r--p 0020d000 00:62 10229365                   /home/ubuntu/.local/lib/python3.10/site-packages/pandas/_libs/algos.cpython-310-x86_64-linux-gnu.so
7f8c3c3e6000-7f8c3c3ea000 rw-p 00210000 00:62 10229365                   /home/ubuntu/.local/lib/python3.10/site-packages/pandas/_libs/algos.cpython-310-x86_64-linux-gnu.so
7f8c3c3ea000-7f8c3c4ef000 rw-p 00000000 00:00 0 
7f8c3c4ef000-7f8c3c4f3000 r--p 00000000 00:62 10229395                   /home/ubuntu/.local/lib/python3.10/site-packages/pandas/_libs/ops_dispatch.cpython-310-x86_64-linux-gnu.so
7f8c3c4f3000-7f8c3c4fa000 r-xp 00004000 00:62 10229395                   /home/ubuntu/.local/lib/python3.10/site-packages/pandas/_libs/ops_dispatch.cpython-310-x86_64-linux-gnu.so
7f8c3c4fa000-7f8c3c4fc000 r--p 0000b000 00:62 10229395                   /home/ubuntu/.local/lib/python3.10/site-packages/pandas/_libs/ops_dispatch.cpython-310-x86_64-linux-gnu.so
7f8c3c4fc000-7f8c3c4fd000 r--p 0000d000 00:62 10229395                   /home/ubuntu/.local/lib/python3.10/site-packages/pandas/_libs/ops_dispatch.cpython-310-x86_64-linux-gnu.so
7f8c3c4fd000-7f8c3c4fe000 rw-p 0000e000 00:62 10229395                   /home/ubuntu/.local/lib/python3.10/site-packages/pandas/_libs/ops_dispatch.cpython-310-x86_64-linux-gnu.so
7f8c3c4fe000-7f8c3c504000 r--p 00000000 00:62 10229446                   /home/ubuntu/.local/lib/python3.10/site-packages/pandas/_libs/tslibs/vectorized.cpython-310-x86_64-linux-gnu.so
7f8c3c504000-7f8c3c52e000 r-xp 00006000 00:62 10229446                   /home/ubuntu/.local/lib/python3.10/site-packages/pandas/_libs/tslibs/vectorized.cpython-310-x86_64-linux-gnu.so
7f8c3c52e000-7f8c3c536000 r--p 00030000 00:62 10229446                   /home/ubuntu/.local/lib/python3.10/site-packages/pandas/_libs/tslibs/vectorized.cpython-310-x86_64-linux-gnu.so
7f8c3c536000-7f8c3c537000 r--p 00038000 00:62 10229446                   /home/ubuntu/.local/lib/python3.10/site-packages/pandas/_libs/tslibs/vectorized.cpython-310-x86_64-linux-gnu.so
7f8c3c537000-7f8c3c539000 rw-p 00039000 00:62 10229446                   /home/ubuntu/.local/lib/python3.10/site-packages/pandas/_libs/tslibs/vectorized.cpython-310-x86_64-linux-gnu.so
7f8c3c539000-7f8c3c53a000 rw-p 00000000 00:00 0 
7f8c3c53a000-7f8c3c543000 r--p 00000000 00:62 10229434                   /home/ubuntu/.local/lib/python3.10/site-packages/pandas/_libs/tslibs/period.cpython-310-x86_64-linux-gnu.so
7f8c3c543000-7f8c3c599000 r-xp 00009000 00:62 10229434                   /home/ubuntu/.local/lib/python3.10/site-packages/pandas/_libs/tslibs/period.cpython-310-x86_64-linux-gnu.so
7f8c3c599000-7f8c3c5b2000 r--p 0005f000 00:62 10229434                   /home/ubuntu/.local/lib/python3.10/site-packages/pandas/_libs/tslibs/period.cpython-310-x86_64-linux-gnu.so
7f8c3c5b2000-7f8c3c5b5000 r--p 00077000 00:62 10229434                   /home/ubuntu/.local/lib/python3.10/site-packages/pandas/_libs/tslibs/period.cpython-310-x86_64-linux-gnu.so
7f8c3c5b5000-7f8c3c5b8000 rw-p 0007a000 00:62 10229434                   /home/ubuntu/.local/lib/python3.10/site-packages/pandas/_libs/tslibs/period.cpython-310-x86_64-linux-gnu.so
7f8c3c5b8000-7f8c3c5b9000 rw-p 00000000 00:00 0 
7f8c3c5b9000-7f8c3c5c1000 r--p 00000000 00:62 10229436                   /home/ubuntu/.local/lib/python3.10/site-packages/pandas/_libs/tslibs/strptime.cpython-310-x86_64-linux-gnu.so
7f8c3c5c1000-7f8c3c609000 r-xp 00008000 00:62 10229436                   /home/ubuntu/.local/lib/python3.10/site-packages/pandas/_libs/tslibs/strptime.cpython-310-x86_64-linux-gnu.so
7f8c3c609000-7f8c3c613000 r--p 00050000 00:62 10229436                   /home/ubuntu/.local/lib/python3.10/site-packages/pandas/_libs/tslibs/strptime.cpython-310-x86_64-linux-gnu.so
7f8c3c613000-7f8c3c615000 r--p 0005a000 00:62 10229436                   /home/ubuntu/.local/lib/python3.10/site-packages/pandas/_libs/tslibs/strptime.cpython-310-x86_64-linux-gnu.so
7f8c3c615000-7f8c3c617000 rw-p 0005c000 00:62 10229436                   /home/ubuntu/.local/lib/python3.10/site-packages/pandas/_libs/tslibs/strptime.cpython-310-x86_64-linux-gnu.so
7f8c3c617000-7f8c3c619000 rw-p 00000000 00:00 0 
7f8c3c619000-7f8c3c622000 r--p 00000000 00:62 10229432                   /home/ubuntu/.local/lib/python3.10/site-packages/pandas/_libs/tslibs/parsing.cpython-310-x86_64-linux-gnu.so
7f8c3c622000-7f8c3c673000 r-xp 00009000 00:62 10229432                   /home/ubuntu/.local/lib/python3.10/site-packages/pandas/_libs/tslibs/parsing.cpython-310-x86_64-linux-gnu.so
7f8c3c673000-7f8c3c680000 r--p 0005a000 00:62 10229432                   /home/ubuntu/.local/lib/python3.10/site-packages/pandas/_libs/tslibs/parsing.cpython-310-x86_64-linux-gnu.so
7f8c3c680000-7f8c3c682000 r--p 00067000 00:62 10229432                   /home/ubuntu/.local/lib/python3.10/site-packages/pandas/_libs/tslibs/parsing.cpython-310-x86_64-linux-gnu.so
7f8c3c682000-7f8c3c685000 rw-p 00069000 00:62 10229432                   /home/ubuntu/.local/lib/python3.10/site-packages/pandas/_libs/tslibs/parsing.cpython-310-x86_64-linux-gnu.so
7f8c3c685000-7f8c3ce87000 rw-p 00000000 00:00 0 
7f8c3ce87000-7f8c3ce97000 r--p 00000000 00:62 10229430                   /home/ubuntu/.local/lib/python3.10/site-packages/pandas/_libs/tslibs/offsets.cpython-310-x86_64-linux-gnu.so
7f8c3ce97000-7f8c3cf56000 r-xp 00010000 00:62 10229430                   /home/ubuntu/.local/lib/python3.10/site-packages/pandas/_libs/tslibs/offsets.cpython-310-x86_64-linux-gnu.so
7f8c3cf56000-7f8c3cf7b000 r--p 000cf000 00:62 10229430                   /home/ubuntu/.local/lib/python3.10/site-packages/pandas/_libs/tslibs/offsets.cpython-310-x86_64-linux-gnu.so
7f8c3cf7b000-7f8c3cf7f000 r--p 000f3000 00:62 10229430                   /home/ubuntu/.local/lib/python3.10/site-packages/pandas/_libs/tslibs/offsets.cpython-310-x86_64-linux-gnu.so
7f8c3cf7f000-7f8c3cf89000 rw-p 000f7000 00:62 10229430                   /home/ubuntu/.local/lib/python3.10/site-packages/pandas/_libs/tslibs/offsets.cpython-310-x86_64-linux-gnu.so
7f8c3cf89000-7f8c3cf8d000 rw-p 00000000 00:00 0 
7f8c3cf8d000-7f8c3cf90000 r--p 00000000 00:62 10229417                   /home/ubuntu/.local/lib/python3.10/site-packages/pandas/_libs/tslibs/base.cpython-310-x86_64-linux-gnu.so
7f8c3cf90000-7f8c3cf97000 r-xp 00003000 00:62 10229417                   /home/ubuntu/.local/lib/python3.10/site-packages/pandas/_libs/tslibs/base.cpython-310-x86_64-linux-gnu.so
7f8c3cf97000-7f8c3cf99000 r--p 0000a000 00:62 10229417                   /home/ubuntu/.local/lib/python3.10/site-packages/pandas/_libs/tslibs/base.cpython-310-x86_64-linux-gnu.so
7f8c3cf99000-7f8c3cf9a000 r--p 0000c000 00:62 10229417                   /home/ubuntu/.local/lib/python3.10/site-packages/pandas/_libs/tslibs/base.cpython-310-x86_64-linux-gnu.so
7f8c3cf9a000-7f8c3cf9b000 rw-p 0000d000 00:62 10229417                   /home/ubuntu/.local/lib/python3.10/site-packages/pandas/_libs/tslibs/base.cpython-310-x86_64-linux-gnu.so
7f8c3cf9b000-7f8c3cfa2000 r--p 00000000 00:62 10229420                   /home/ubuntu/.local/lib/python3.10/site-packages/pandas/_libs/tslibs/conversion.cpython-310-x86_64-linux-gnu.so
7f8c3cfa2000-7f8c3cfd8000 r-xp 00007000 00:62 10229420                   /home/ubuntu/.local/lib/python3.10/site-packages/pandas/_libs/tslibs/conversion.cpython-310-x86_64-linux-gnu.so
7f8c3cfd8000-7f8c3cfe2000 r--p 0003d000 00:62 10229420                   /home/ubuntu/.local/lib/python3.10/site-packages/pandas/_libs/tslibs/conversion.cpython-310-x86_64-linux-gnu.so
7f8c3cfe2000-7f8c3cfe4000 r--p 00046000 00:62 10229420                   /home/ubuntu/.local/lib/python3.10/site-packages/pandas/_libs/tslibs/conversion.cpython-310-x86_64-linux-gnu.so
7f8c3cfe4000-7f8c3cfe6000 rw-p 00048000 00:62 10229420                   /home/ubuntu/.local/lib/python3.10/site-packages/pandas/_libs/tslibs/conversion.cpython-310-x86_64-linux-gnu.so
7f8c3cfe6000-7f8c3cfe7000 rw-p 00000000 00:00 0 
7f8c3cfe7000-7f8c3cfeb000 r--p 00000000 00:62 10229428                   /home/ubuntu/.local/lib/python3.10/site-packages/pandas/_libs/tslibs/np_datetime.cpython-310-x86_64-linux-gnu.so
7f8c3cfeb000-7f8c3d002000 r-xp 00004000 00:62 10229428                   /home/ubuntu/.local/lib/python3.10/site-packages/pandas/_libs/tslibs/np_datetime.cpython-310-x86_64-linux-gnu.so
7f8c3d002000-7f8c3d007000 r--p 0001b000 00:62 10229428                   /home/ubuntu/.local/lib/python3.10/site-packages/pandas/_libs/tslibs/np_datetime.cpython-310-x86_64-linux-gnu.so
7f8c3d007000-7f8c3d008000 r--p 00020000 00:62 10229428                   /home/ubuntu/.local/lib/python3.10/site-packages/pandas/_libs/tslibs/np_datetime.cpython-310-x86_64-linux-gnu.so
7f8c3d008000-7f8c3d009000 rw-p 00021000 00:62 10229428                   /home/ubuntu/.local/lib/python3.10/site-packages/pandas/_libs/tslibs/np_datetime.cpython-310-x86_64-linux-gnu.so
7f8c3d009000-7f8c3d00a000 rw-p 00000000 00:00 0 
7f8c3d00a000-7f8c3d011000 r--p 00000000 00:62 10229422                   /home/ubuntu/.local/lib/python3.10/site-packages/pandas/_libs/tslibs/dtypes.cpython-310-x86_64-linux-gnu.so
7f8c3d011000-7f8c3d02d000 r-xp 00007000 00:62 10229422                   /home/ubuntu/.local/lib/python3.10/site-packages/pandas/_libs/tslibs/dtypes.cpython-310-x86_64-linux-gnu.so
7f8c3d02d000-7f8c3d033000 r--p 00023000 00:62 10229422                   /home/ubuntu/.local/lib/python3.10/site-packages/pandas/_libs/tslibs/dtypes.cpython-310-x86_64-linux-gnu.so
7f8c3d033000-7f8c3d035000 r--p 00029000 00:62 10229422                   /home/ubuntu/.local/lib/python3.10/site-packages/pandas/_libs/tslibs/dtypes.cpython-310-x86_64-linux-gnu.so
7f8c3d035000-7f8c3d036000 rw-p 0002b000 00:62 10229422                   /home/ubuntu/.local/lib/python3.10/site-packages/pandas/_libs/tslibs/dtypes.cpython-310-x86_64-linux-gnu.so
7f8c3d036000-7f8c3d038000 rw-p 00000000 00:00 0 
7f8c3d038000-7f8c3d04d000 r--p 00000000 00:62 10229375                   /home/ubuntu/.local/lib/python3.10/site-packages/pandas/_libs/hashtable.cpython-310-x86_64-linux-gnu.so
7f8c3d04d000-7f8c3d216000 r-xp 00015000 00:62 10229375                   /home/ubuntu/.local/lib/python3.10/site-packages/pandas/_libs/hashtable.cpython-310-x86_64-linux-gnu.so
7f8c3d216000-7f8c3d24d000 r--p 001de000 00:62 10229375                   /home/ubuntu/.local/lib/python3.10/site-packages/pandas/_libs/hashtable.cpython-310-x86_64-linux-gnu.so
7f8c3d24d000-7f8c3d252000 r--p 00215000 00:62 10229375                   /home/ubuntu/.local/lib/python3.10/site-packages/pandas/_libs/hashtable.cpython-310-x86_64-linux-gnu.so
7f8c3d252000-7f8c3d25f000 rw-p 0021a000 00:62 10229375                   /home/ubuntu/.local/lib/python3.10/site-packages/pandas/_libs/hashtable.cpython-310-x86_64-linux-gnu.so
7f8c3d25f000-7f8c3d367000 rw-p 00000000 00:00 0 
7f8c3d367000-7f8c3d374000 r--p 00000000 00:62 10229383                   /home/ubuntu/.local/lib/python3.10/site-packages/pandas/_libs/interval.cpython-310-x86_64-linux-gnu.so
7f8c3d374000-7f8c3d496000 r-xp 0000d000 00:62 10229383                   /home/ubuntu/.local/lib/python3.10/site-packages/pandas/_libs/interval.cpython-310-x86_64-linux-gnu.so
7f8c3d496000-7f8c3d4b4000 r--p 0012f000 00:62 10229383                   /home/ubuntu/.local/lib/python3.10/site-packages/pandas/_libs/interval.cpython-310-x86_64-linux-gnu.so
7f8c3d4b4000-7f8c3d4b6000 r--p 0014d000 00:62 10229383                   /home/ubuntu/.local/lib/python3.10/site-packages/pandas/_libs/interval.cpython-310-x86_64-linux-gnu.so
7f8c3d4b6000-7f8c3d4bd000 rw-p 0014f000 00:62 10229383                   /home/ubuntu/.local/lib/python3.10/site-packages/pandas/_libs/interval.cpython-310-x86_64-linux-gnu.so
7f8c3d4bd000-7f8c3d5bf000 rw-p 00000000 00:00 0 
7f8c3d5bf000-7f8c3d7ff000 rw-p 00000000 00:00 0 
7f8c3d7ff000-7f8c3d800000 ---p 00000000 00:00 0 
7f8c3d800000-7f8c3e000000 rw-p 00000000 00:00 0 
7f8c3e000000-7f8c3e800000 rw-p 00000000 00:00 0 
7f8c3e802000-7f8c3e806000 r--p 00000000 00:62 10229418                   /home/ubuntu/.local/lib/python3.10/site-packages/pandas/_libs/tslibs/ccalendar.cpython-310-x86_64-linux-gnu.so
7f8c3e806000-7f8c3e814000 r-xp 00004000 00:62 10229418                   /home/ubuntu/.local/lib/python3.10/site-packages/pandas/_libs/tslibs/ccalendar.cpython-310-x86_64-linux-gnu.so
7f8c3e814000-7f8c3e817000 r--p 00012000 00:62 10229418                   /home/ubuntu/.local/lib/python3.10/site-packages/pandas/_libs/tslibs/ccalendar.cpython-310-x86_64-linux-gnu.so
7f8c3e817000-7f8c3e818000 r--p 00015000 00:62 10229418                   /home/ubuntu/.local/lib/python3.10/site-packages/pandas/_libs/tslibs/ccalendar.cpython-310-x86_64-linux-gnu.so
7f8c3e818000-7f8c3e819000 rw-p 00016000 00:62 10229418                   /home/ubuntu/.local/lib/python3.10/site-packages/pandas/_libs/tslibs/ccalendar.cpython-310-x86_64-linux-gnu.so
7f8c3e819000-7f8c3e81f000 r--p 00000000 00:62 10229391                   /home/ubuntu/.local/lib/python3.10/site-packages/pandas/_libs/missing.cpython-310-x86_64-linux-gnu.so
7f8c3e81f000-7f8c3e83f000 r-xp 00006000 00:62 10229391                   /home/ubuntu/.local/lib/python3.10/site-packages/pandas/_libs/missing.cpython-310-x86_64-linux-gnu.so
7f8c3e83f000-7f8c3e846000 r--p 00026000 00:62 10229391                   /home/ubuntu/.local/lib/python3.10/site-packages/pandas/_libs/missing.cpython-310-x86_64-linux-gnu.so
7f8c3e846000-7f8c3e848000 r--p 0002c000 00:62 10229391                   /home/ubuntu/.local/lib/python3.10/site-packages/pandas/_libs/missing.cpython-310-x86_64-linux-gnu.so
7f8c3e848000-7f8c3e84a000 rw-p 0002e000 00:62 10229391                   /home/ubuntu/.local/lib/python3.10/site-packages/pandas/_libs/missing.cpython-310-x86_64-linux-gnu.so
7f8c3e84a000-7f8c3e84b000 rw-p 00000000 00:00 0 
7f8c3e84b000-7f8c3e84c000 r--p 00000000 00:62 10229397                   /home/ubuntu/.local/lib/python3.10/site-packages/pandas/_libs/pandas_datetime.cpython-310-x86_64-linux-gnu.so
7f8c3e84c000-7f8c3e852000 r-xp 00001000 00:62 10229397                   /home/ubuntu/.local/lib/python3.10/site-packages/pandas/_libs/pandas_datetime.cpython-310-x86_64-linux-gnu.so
7f8c3e852000-7f8c3e853000 r--p 00007000 00:62 10229397                   /home/ubuntu/.local/lib/python3.10/site-packages/pandas/_libs/pandas_datetime.cpython-310-x86_64-linux-gnu.so
7f8c3e853000-7f8c3e854000 r--p 00008000 00:62 10229397                   /home/ubuntu/.local/lib/python3.10/site-packages/pandas/_libs/pandas_datetime.cpython-310-x86_64-linux-gnu.so
7f8c3e854000-7f8c3e855000 rw-p 00009000 00:62 10229397                   /home/ubuntu/.local/lib/python3.10/site-packages/pandas/_libs/pandas_datetime.cpython-310-x86_64-linux-gnu.so
7f8c3e855000-7f8c3ec94000 r--p 00000000 00:62 10173817                   /home/ubuntu/.local/lib/python3.10/site-packages/pyarrow/libarrow.so.2200
7f8c3ec94000-7f8c408ce000 r-xp 0043f000 00:62 10173817                   /home/ubuntu/.local/lib/python3.10/site-packages/pyarrow/libarrow.so.2200
7f8c408ce000-7f8c4102d000 r--p 02079000 00:62 10173817                   /home/ubuntu/.local/lib/python3.10/site-packages/pyarrow/libarrow.so.2200
7f8c4102d000-7f8c4112c000 r--p 027d8000 00:62 10173817                   /home/ubuntu/.local/lib/python3.10/site-packages/pyarrow/libarrow.so.2200
7f8c4112c000-7f8c41167000 rw-p 028d7000 00:62 10173817                   /home/ubuntu/.local/lib/python3.10/site-packages/pyarrow/libarrow.so.2200
7f8c41167000-7f8c41392000 rw-p 00000000 00:00 0 
7f8c41392000-7f8c4149b000 r--p 00000000 00:62 10173819                   /home/ubuntu/.local/lib/python3.10/site-packages/pyarrow/libarrow_compute.so.2200
7f8c4149b000-7f8c41fb1000 r-xp 00109000 00:62 10173819                   /home/ubuntu/.local/lib/python3.10/site-packages/pyarrow/libarrow_compute.so.2200
7f8c41fb1000-7f8c421c5000 r--p 00c1f000 00:62 10173819                   /home/ubuntu/.local/lib/python3.10/site-packages/pyarrow/libarrow_compute.so.2200
7f8c421c5000-7f8c421e4000 r--p 00e33000 00:62 10173819                   /home/ubuntu/.local/lib/python3.10/site-packages/pyarrow/libarrow_compute.so.2200
7f8c421e4000-7f8c421e9000 rw-p 00e52000 00:62 10173819                   /home/ubuntu/.local/lib/python3.10/site-packages/pyarrow/libarrow_compute.so.2200
7f8c421e9000-7f8c421f6000 rw-p 00000000 00:00 0 
7f8c421f6000-7f8c4224b000 r--p 00000000 00:62 10173818                   /home/ubuntu/.local/lib/python3.10/site-packages/pyarrow/libarrow_acero.so.2200
7f8c4224b000-7f8c4233d000 r-xp 00055000 00:62 10173818                   /home/ubuntu/.local/lib/python3.10/site-packages/pyarrow/libarrow_acero.so.2200
7f8c4233d000-7f8c42375000 r--p 00147000 00:62 10173818                   /home/ubuntu/.local/lib/python3.10/site-packages/pyarrow/libarrow_acero.so.2200
7f8c42375000-7f8c4237b000 r--p 0017e000 00:62 10173818                   /home/ubuntu/.local/lib/python3.10/site-packages/pyarrow/libarrow_acero.so.2200
7f8c4237b000-7f8c4237e000 rw-p 00184000 00:62 10173818                   /home/ubuntu/.local/lib/python3.10/site-packages/pyarrow/libarrow_acero.so.2200
7f8c4237e000-7f8c42578000 r--p 00000000 00:62 10173832                   /home/ubuntu/.local/lib/python3.10/site-packages/pyarrow/libparquet.so.2200
7f8c42578000-7f8c42b0c000 r-xp 001fa000 00:62 10173832                   /home/ubuntu/.local/lib/python3.10/site-packages/pyarrow/libparquet.so.2200
7f8c42b0c000-7f8c42ccf000 r--p 0078e000 00:62 10173832                   /home/ubuntu/.local/lib/python3.10/site-packages/pyarrow/libparquet.so.2200
7f8c42ccf000-7f8c42d6a000 r--p 00951000 00:62 10173832                   /home/ubuntu/.local/lib/python3.10/site-packages/pyarrow/libparquet.so.2200
7f8c42d6a000-7f8c42d78000 rw-p 009ec000 00:62 10173832                   /home/ubuntu/.local/lib/python3.10/site-packages/pyarrow/libparquet.so.2200
7f8c42d78000-7f8c42d7c000 rw-p 00000000 00:00 0 
7f8c42d7c000-7f8c42e21000 r--p 00000000 00:62 10173820                   /home/ubuntu/.local/lib/python3.10/site-packages/pyarrow/libarrow_dataset.so.2200
7f8c42e21000-7f8c42efe000 r-xp 000a5000 00:62 10173820                   /home/ubuntu/.local/lib/python3.10/site-packages/pyarrow/libarrow_dataset.so.2200
7f8c42efe000-7f8c42f41000 r--p 00182000 00:62 10173820                   /home/ubuntu/.local/lib/python3.10/site-packages/pyarrow/libarrow_dataset.so.2200
7f8c42f41000-7f8c42f4a000 r--p 001c4000 00:62 10173820                   /home/ubuntu/.local/lib/python3.10/site-packages/pyarrow/libarrow_dataset.so.2200
7f8c42f4a000-7f8c42f4c000 rw-p 001cd000 00:62 10173820                   /home/ubuntu/.local/lib/python3.10/site-packages/pyarrow/libarrow_dataset.so.2200
7f8c42f4c000-7f8c42fbf000 r--p 00000000 00:62 10173831                   /home/ubuntu/.local/lib/python3.10/site-packages/pyarrow/libarrow_substrait.so.2200
7f8c42fbf000-7f8c432a8000 r-xp 00073000 00:62 10173831                   /home/ubuntu/.local/lib/python3.10/site-packages/pyarrow/libarrow_substrait.so.2200
7f8c432a8000-7f8c4335f000 r--p 0035c000 00:62 10173831                   /home/ubuntu/.local/lib/python3.10/site-packages/pyarrow/libarrow_substrait.so.2200
7f8c4335f000-7f8c4336c000 r--p 00413000 00:62 10173831                   /home/ubuntu/.local/lib/python3.10/site-packages/pyarrow/libarrow_substrait.so.2200
7f8c4336c000-7f8c43382000 rw-p 00420000 00:62 10173831                   /home/ubuntu/.local/lib/python3.10/site-packages/pyarrow/libarrow_substrait.so.2200
7f8c43382000-7f8c43384000 rw-p 00000000 00:00 0 
7f8c43384000-7f8c4340f000 r--p 00000000 00:62 10173823                   /home/ubuntu/.local/lib/python3.10/site-packages/pyarrow/libarrow_python.so.2200
7f8c4340f000-7f8c43531000 r-xp 0008b000 00:62 10173823                   /home/ubuntu/.local/lib/python3.10/site-packages/pyarrow/libarrow_python.so.2200
7f8c43531000-7f8c43574000 r--p 001ad000 00:62 10173823                   /home/ubuntu/.local/lib/python3.10/site-packages/pyarrow/libarrow_python.so.2200
7f8c43574000-7f8c43580000 r--p 001f0000 00:62 10173823                   /home/ubuntu/.local/lib/python3.10/site-packages/pyarrow/libarrow_python.so.2200
7f8c43580000-7f8c43583000 rw-p 001fc000 00:62 10173823                   /home/ubuntu/.local/lib/python3.10/site-packages/pyarrow/libarrow_python.so.2200
7f8c43583000-7f8c435e1000 r--p 00000000 00:62 10173812                   /home/ubuntu/.local/lib/python3.10/site-packages/pyarrow/lib.cpython-310-x86_64-linux-gnu.so
7f8c435e1000-7f8c43832000 r-xp 0005e000 00:62 10173812                   /home/ubuntu/.local/lib/python3.10/site-packages/pyarrow/lib.cpython-310-x86_64-linux-gnu.so
7f8c43832000-7f8c4391f000 r--p 002af000 00:62 10173812                   /home/ubuntu/.local/lib/python3.10/site-packages/pyarrow/lib.cpython-310-x86_64-linux-gnu.so
7f8c4391f000-7f8c4392e000 r--p 0039b000 00:62 10173812                   /home/ubuntu/.local/lib/python3.10/site-packages/pyarrow/lib.cpython-310-x86_64-linux-gnu.so
7f8c4392e000-7f8c43956000 rw-p 003aa000 00:62 10173812                   /home/ubuntu/.local/lib/python3.10/site-packages/pyarrow/lib.cpython-310-x86_64-linux-gnu.so
7f8c43956000-7f8c43964000 rw-p 00000000 00:00 0 
7f8c43964000-7f8c43969000 r--p 00000000 00:62 10226752                   /home/ubuntu/.local/lib/python3.10/site-packages/scipy/ndimage/_ni_label.cpython-310-x86_64-linux-gnu.so
7f8c43969000-7f8c439b5000 r-xp 00005000 00:62 10226752                   /home/ubuntu/.local/lib/python3.10/site-packages/scipy/ndimage/_ni_label.cpython-310-x86_64-linux-gnu.so
7f8c439b5000-7f8c439be000 r--p 00051000 00:62 10226752                   /home/ubuntu/.local/lib/python3.10/site-packages/scipy/ndimage/_ni_label.cpython-310-x86_64-linux-gnu.so
7f8c439be000-7f8c439bf000 ---p 0005a000 00:62 10226752                   /home/ubuntu/.local/lib/python3.10/site-packages/scipy/ndimage/_ni_label.cpython-310-x86_64-linux-gnu.so
7f8c439bf000-7f8c439c0000 r--p 0005a000 00:62 10226752                   /home/ubuntu/.local/lib/python3.10/site-packages/scipy/ndimage/_ni_label.cpython-310-x86_64-linux-gnu.so
7f8c439c0000-7f8c439c3000 rw-p 0005b000 00:62 10226752                   /home/ubuntu/.local/lib/python3.10/site-packages/scipy/ndimage/_ni_label.cpython-310-x86_64-linux-gnu.so
7f8c439c3000-7f8c439c5000 r--p 00000000 00:62 10226766                   /home/ubuntu/.local/lib/python3.10/site-packages/scipy/ndimage/_nd_image.cpython-310-x86_64-linux-gnu.so
7f8c439c5000-7f8c439e0000 r-xp 00002000 00:62 10226766                   /home/ubuntu/.local/lib/python3.10/site-packages/scipy/ndimage/_nd_image.cpython-310-x86_64-linux-gnu.so
7f8c439e0000-7f8c439e4000 r--p 0001d000 00:62 10226766                   /home/ubuntu/.local/lib/python3.10/site-packages/scipy/ndimage/_nd_image.cpython-310-x86_64-linux-gnu.so
7f8c439e4000-7f8c439e5000 r--p 00020000 00:62 10226766                   /home/ubuntu/.local/lib/python3.10/site-packages/scipy/ndimage/_nd_image.cpython-310-x86_64-linux-gnu.so
7f8c439e5000-7f8c439e6000 rw-p 00021000 00:62 10226766                   /home/ubuntu/.local/lib/python3.10/site-packages/scipy/ndimage/_nd_image.cpython-310-x86_64-linux-gnu.so
7f8c439e6000-7f8c43ae6000 rw-p 00000000 00:00 0 
7f8c43ae6000-7f8c43aeb000 r--p 00000000 00:62 10227388                   /home/ubuntu/.local/lib/python3.10/site-packages/scipy/stats/_rcont/rcont.cpython-310-x86_64-linux-gnu.so
7f8c43aeb000-7f8c43b13000 r-xp 00005000 00:62 10227388                   /home/ubuntu/.local/lib/python3.10/site-packages/scipy/stats/_rcont/rcont.cpython-310-x86_64-linux-gnu.so
7f8c43b13000-7f8c43b1c000 r--p 0002d000 00:62 10227388                   /home/ubuntu/.local/lib/python3.10/site-packages/scipy/stats/_rcont/rcont.cpython-310-x86_64-linux-gnu.so
7f8c43b1c000-7f8c43b1d000 ---p 00036000 00:62 10227388                   /home/ubuntu/.local/lib/python3.10/site-packages/scipy/stats/_rcont/rcont.cpython-310-x86_64-linux-gnu.so
7f8c43b1d000-7f8c43b1e000 r--p 00036000 00:62 10227388                   /home/ubuntu/.local/lib/python3.10/site-packages/scipy/stats/_rcont/rcont.cpython-310-x86_64-linux-gnu.so
7f8c43b1e000-7f8c43b20000 rw-p 00037000 00:62 10227388                   /home/ubuntu/.local/lib/python3.10/site-packages/scipy/stats/_rcont/rcont.cpython-310-x86_64-linux-gnu.so
7f8c43b20000-7f8c43b21000 rw-p 00000000 00:00 0 
7f8c43b21000-7f8c43b23000 r--p 00000000 00:62 10227269                   /home/ubuntu/.local/lib/python3.10/site-packages/scipy/stats/_mvn.cpython-310-x86_64-linux-gnu.so
7f8c43b23000-7f8c43b2c000 r-xp 00002000 00:62 10227269                   /home/ubuntu/.local/lib/python3.10/site-packages/scipy/stats/_mvn.cpython-310-x86_64-linux-gnu.so
7f8c43b2c000-7f8c43b32000 r--p 0000b000 00:62 10227269                   /home/ubuntu/.local/lib/python3.10/site-packages/scipy/stats/_mvn.cpython-310-x86_64-linux-gnu.so
7f8c43b32000-7f8c43b33000 r--p 00010000 00:62 10227269                   /home/ubuntu/.local/lib/python3.10/site-packages/scipy/stats/_mvn.cpython-310-x86_64-linux-gnu.so
7f8c43b33000-7f8c43b35000 rw-p 00011000 00:62 10227269                   /home/ubuntu/.local/lib/python3.10/site-packages/scipy/stats/_mvn.cpython-310-x86_64-linux-gnu.so
7f8c43b35000-7f8c43c2c000 rw-p 00000000 00:00 0 
7f8c43c2c000-7f8c43c31000 r--p 00000000 00:62 10227257                   /home/ubuntu/.local/lib/python3.10/site-packages/scipy/stats/_ansari_swilk_statistics.cpython-310-x86_64-linux-gnu.so
7f8c43c31000-7f8c43c5e000 r-xp 00005000 00:62 10227257                   /home/ubuntu/.local/lib/python3.10/site-packages/scipy/stats/_ansari_swilk_statistics.cpython-310-x86_64-linux-gnu.so
7f8c43c5e000-7f8c43c66000 r--p 00032000 00:62 10227257                   /home/ubuntu/.local/lib/python3.10/site-packages/scipy/stats/_ansari_swilk_statistics.cpython-310-x86_64-linux-gnu.so
7f8c43c66000-7f8c43c67000 r--p 00039000 00:62 10227257                   /home/ubuntu/.local/lib/python3.10/site-packages/scipy/stats/_ansari_swilk_statistics.cpython-310-x86_64-linux-gnu.so
7f8c43c67000-7f8c43c69000 rw-p 0003a000 00:62 10227257                   /home/ubuntu/.local/lib/python3.10/site-packages/scipy/stats/_ansari_swilk_statistics.cpython-310-x86_64-linux-gnu.so
7f8c43c69000-7f8c43d6a000 rw-p 00000000 00:00 0 
7f8c43d6a000-7f8c43d6d000 r--p 00000000 00:62 10227390                   /home/ubuntu/.local/lib/python3.10/site-packages/scipy/stats/_levy_stable/levyst.cpython-310-x86_64-linux-gnu.so
7f8c43d6d000-7f8c43d74000 r-xp 00003000 00:62 10227390                   /home/ubuntu/.local/lib/python3.10/site-packages/scipy/stats/_levy_stable/levyst.cpython-310-x86_64-linux-gnu.so
7f8c43d74000-7f8c43d76000 r--p 0000a000 00:62 10227390                   /home/ubuntu/.local/lib/python3.10/site-packages/scipy/stats/_levy_stable/levyst.cpython-310-x86_64-linux-gnu.so
7f8c43d76000-7f8c43d77000 r--p 0000b000 00:62 10227390                   /home/ubuntu/.local/lib/python3.10/site-packages/scipy/stats/_levy_stable/levyst.cpython-310-x86_64-linux-gnu.so
7f8c43d77000-7f8c43d78000 rw-p 0000c000 00:62 10227390                   /home/ubuntu/.local/lib/python3.10/site-packages/scipy/stats/_levy_stable/levyst.cpython-310-x86_64-linux-gnu.so
7f8c43d78000-7f8c43d7c000 r--p 00000000 00:62 10227300                   /home/ubuntu/.local/lib/python3.10/site-packages/scipy/stats/_stats_pythran.cpython-310-x86_64-linux-gnu.so
7f8c43d7c000-7f8c43d96000 r-xp 00004000 00:62 10227300                   /home/ubuntu/.local/lib/python3.10/site-packages/scipy/stats/_stats_pythran.cpython-310-x86_64-linux-gnu.so
7f8c43d96000-7f8c43d9c000 r--p 0001e000 00:62 10227300                   /home/ubuntu/.local/lib/python3.10/site-packages/scipy/stats/_stats_pythran.cpython-310-x86_64-linux-gnu.so
7f8c43d9c000-7f8c43d9d000 r--p 00023000 00:62 10227300                   /home/ubuntu/.local/lib/python3.10/site-packages/scipy/stats/_stats_pythran.cpython-310-x86_64-linux-gnu.so
7f8c43d9d000-7f8c43d9e000 rw-p 00024000 00:62 10227300                   /home/ubuntu/.local/lib/python3.10/site-packages/scipy/stats/_stats_pythran.cpython-310-x86_64-linux-gnu.so
7f8c43d9e000-7f8c43da3000 r--p 00000000 00:62 10227279                   /home/ubuntu/.local/lib/python3.10/site-packages/scipy/stats/_biasedurn.cpython-310-x86_64-linux-gnu.so
7f8c43da3000-7f8c43dcd000 r-xp 00005000 00:62 10227279                   /home/ubuntu/.local/lib/python3.10/site-packages/scipy/stats/_biasedurn.cpython-310-x86_64-linux-gnu.so
7f8c43dcd000-7f8c43dd9000 r--p 0002f000 00:62 10227279                   /home/ubuntu/.local/lib/python3.10/site-packages/scipy/stats/_biasedurn.cpython-310-x86_64-linux-gnu.so
7f8c43dd9000-7f8c43dda000 r--p 0003a000 00:62 10227279                   /home/ubuntu/.local/lib/python3.10/site-packages/scipy/stats/_biasedurn.cpython-310-x86_64-linux-gnu.so
7f8c43dda000-7f8c43ddd000 rw-p 0003b000 00:62 10227279                   /home/ubuntu/.local/lib/python3.10/site-packages/scipy/stats/_biasedurn.cpython-310-x86_64-linux-gnu.so
7f8c43ddd000-7f8c43ee0000 rw-p 00000000 00:00 0 
7f8c43ee0000-7f8c43ee6000 r--p 00000000 00:62 10227315                   /home/ubuntu/.local/lib/python3.10/site-packages/scipy/stats/_qmc_cy.cpython-310-x86_64-linux-gnu.so
7f8c43ee6000-7f8c43f11000 r-xp 00006000 00:62 10227315                   /home/ubuntu/.local/lib/python3.10/site-packages/scipy/stats/_qmc_cy.cpython-310-x86_64-linux-gnu.so
7f8c43f11000-7f8c43f1a000 r--p 00031000 00:62 10227315                   /home/ubuntu/.local/lib/python3.10/site-packages/scipy/stats/_qmc_cy.cpython-310-x86_64-linux-gnu.so
7f8c43f1a000-7f8c43f1b000 r--p 00039000 00:62 10227315                   /home/ubuntu/.local/lib/python3.10/site-packages/scipy/stats/_qmc_cy.cpython-310-x86_64-linux-gnu.so
7f8c43f1b000-7f8c43f1d000 rw-p 0003a000 00:62 10227315                   /home/ubuntu/.local/lib/python3.10/site-packages/scipy/stats/_qmc_cy.cpython-310-x86_64-linux-gnu.so
7f8c43f1d000-7f8c43f1e000 rw-p 00000000 00:00 0 
7f8c43f1e000-7f8c43f23000 r--p 00000000 00:62 10227297                   /home/ubuntu/.local/lib/python3.10/site-packages/scipy/stats/_sobol.cpython-310-x86_64-linux-gnu.so
7f8c43f23000-7f8c43f6b000 r-xp 00005000 00:62 10227297                   /home/ubuntu/.local/lib/python3.10/site-packages/scipy/stats/_sobol.cpython-310-x86_64-linux-gnu.so
7f8c43f6b000-7f8c43f75000 r--p 0004d000 00:62 10227297                   /home/ubuntu/.local/lib/python3.10/site-packages/scipy/stats/_sobol.cpython-310-x86_64-linux-gnu.so
7f8c43f75000-7f8c43f76000 r--p 00056000 00:62 10227297                   /home/ubuntu/.local/lib/python3.10/site-packages/scipy/stats/_sobol.cpython-310-x86_64-linux-gnu.so
7f8c43f76000-7f8c43f79000 rw-p 00057000 00:62 10227297                   /home/ubuntu/.local/lib/python3.10/site-packages/scipy/stats/_sobol.cpython-310-x86_64-linux-gnu.so
7f8c43f79000-7f8c44079000 rw-p 00000000 00:00 0 
7f8c44079000-7f8c44087000 r--p 00000000 00:62 10226464                   /home/ubuntu/.local/lib/python3.10/site-packages/scipy/special/cython_special.cpython-310-x86_64-linux-gnu.so
7f8c44087000-7f8c4434c000 r-xp 0000e000 00:62 10226464                   /home/ubuntu/.local/lib/python3.10/site-packages/scipy/special/cython_special.cpython-310-x86_64-linux-gnu.so
7f8c4434c000-7f8c44394000 r--p 002d3000 00:62 10226464                   /home/ubuntu/.local/lib/python3.10/site-packages/scipy/special/cython_special.cpython-310-x86_64-linux-gnu.so
7f8c44394000-7f8c44395000 r--p 0031a000 00:62 10226464                   /home/ubuntu/.local/lib/python3.10/site-packages/scipy/special/cython_special.cpython-310-x86_64-linux-gnu.so
7f8c44395000-7f8c4439a000 rw-p 0031b000 00:62 10226464                   /home/ubuntu/.local/lib/python3.10/site-packages/scipy/special/cython_special.cpython-310-x86_64-linux-gnu.so
7f8c4439a000-7f8c4439d000 rw-p 00000000 00:00 0 
7f8c4439d000-7f8c443a3000 r--p 00000000 00:62 10227263                   /home/ubuntu/.local/lib/python3.10/site-packages/scipy/stats/_stats.cpython-310-x86_64-linux-gnu.so
7f8c443a3000-7f8c44437000 r-xp 00006000 00:62 10227263                   /home/ubuntu/.local/lib/python3.10/site-packages/scipy/stats/_stats.cpython-310-x86_64-linux-gnu.so
7f8c44437000-7f8c44445000 r--p 0009a000 00:62 10227263                   /home/ubuntu/.local/lib/python3.10/site-packages/scipy/stats/_stats.cpython-310-x86_64-linux-gnu.so
7f8c44445000-7f8c44446000 r--p 000a7000 00:62 10227263                   /home/ubuntu/.local/lib/python3.10/site-packages/scipy/stats/_stats.cpython-310-x86_64-linux-gnu.so
7f8c44446000-7f8c44449000 rw-p 000a8000 00:62 10227263                   /home/ubuntu/.local/lib/python3.10/site-packages/scipy/stats/_stats.cpython-310-x86_64-linux-gnu.so
7f8c44449000-7f8c4444b000 rw-p 00000000 00:00 0 
7f8c4444b000-7f8c44451000 r--p 00000000 00:62 10227514                   /home/ubuntu/.local/lib/python3.10/site-packages/scipy/interpolate/_bspl.cpython-310-x86_64-linux-gnu.so
7f8c44451000-7f8c44487000 r-xp 00006000 00:62 10227514                   /home/ubuntu/.local/lib/python3.10/site-packages/scipy/interpolate/_bspl.cpython-310-x86_64-linux-gnu.so
7f8c44487000-7f8c44494000 r--p 0003c000 00:62 10227514                   /home/ubuntu/.local/lib/python3.10/site-packages/scipy/interpolate/_bspl.cpython-310-x86_64-linux-gnu.so
7f8c44494000-7f8c44495000 r--p 00048000 00:62 10227514                   /home/ubuntu/.local/lib/python3.10/site-packages/scipy/interpolate/_bspl.cpython-310-x86_64-linux-gnu.so
7f8c44495000-7f8c44497000 rw-p 00049000 00:62 10227514                   /home/ubuntu/.local/lib/python3.10/site-packages/scipy/interpolate/_bspl.cpython-310-x86_64-linux-gnu.so
7f8c44497000-7f8c44498000 rw-p 00000000 00:00 0 
7f8c44498000-7f8c4449b000 rw-p 0005f000 00:62 10227514                   /home/ubuntu/.local/lib/python3.10/site-packages/scipy/interpolate/_bspl.cpython-310-x86_64-linux-gnu.so
7f8c4449b000-7f8c4449d000 rw-p 00062000 00:62 10227514                   /home/ubuntu/.local/lib/python3.10/site-packages/scipy/interpolate/_bspl.cpython-310-x86_64-linux-gnu.so
7f8c4449d000-7f8c444a2000 r--p 00000000 00:62 10227517                   /home/ubuntu/.local/lib/python3.10/site-packages/scipy/interpolate/_rgi_cython.cpython-310-x86_64-linux-gnu.so
7f8c444a2000-7f8c444d3000 r-xp 00005000 00:62 10227517                   /home/ubuntu/.local/lib/python3.10/site-packages/scipy/interpolate/_rgi_cython.cpython-310-x86_64-linux-gnu.so
7f8c444d3000-7f8c444db000 r--p 00036000 00:62 10227517                   /home/ubuntu/.local/lib/python3.10/site-packages/scipy/interpolate/_rgi_cython.cpython-310-x86_64-linux-gnu.so
7f8c444db000-7f8c444dc000 r--p 0003d000 00:62 10227517                   /home/ubuntu/.local/lib/python3.10/site-packages/scipy/interpolate/_rgi_cython.cpython-310-x86_64-linux-gnu.so
7f8c444dc000-7f8c444de000 rw-p 0003e000 00:62 10227517                   /home/ubuntu/.local/lib/python3.10/site-packages/scipy/interpolate/_rgi_cython.cpython-310-x86_64-linux-gnu.so
7f8c444de000-7f8c444df000 rw-p 00000000 00:00 0 
7f8c444df000-7f8c444e3000 r--p 00000000 00:62 10227507                   /home/ubuntu/.local/lib/python3.10/site-packages/scipy/interpolate/_rbfinterp_pythran.cpython-310-x86_64-linux-gnu.so
7f8c444e3000-7f8c4450e000 r-xp 00004000 00:62 10227507                   /home/ubuntu/.local/lib/python3.10/site-packages/scipy/interpolate/_rbfinterp_pythran.cpython-310-x86_64-linux-gnu.so
7f8c4450e000-7f8c44514000 r--p 0002f000 00:62 10227507                   /home/ubuntu/.local/lib/python3.10/site-packages/scipy/interpolate/_rbfinterp_pythran.cpython-310-x86_64-linux-gnu.so
7f8c44514000-7f8c44515000 r--p 00034000 00:62 10227507                   /home/ubuntu/.local/lib/python3.10/site-packages/scipy/interpolate/_rbfinterp_pythran.cpython-310-x86_64-linux-gnu.so
7f8c44515000-7f8c44516000 rw-p 00035000 00:62 10227507                   /home/ubuntu/.local/lib/python3.10/site-packages/scipy/interpolate/_rbfinterp_pythran.cpython-310-x86_64-linux-gnu.so
7f8c44516000-7f8c4451c000 r--p 00000000 00:62 10227521                   /home/ubuntu/.local/lib/python3.10/site-packages/scipy/interpolate/_interpnd.cpython-310-x86_64-linux-gnu.so
7f8c4451c000-7f8c4456c000 r-xp 00006000 00:62 10227521                   /home/ubuntu/.local/lib/python3.10/site-packages/scipy/interpolate/_interpnd.cpython-310-x86_64-linux-gnu.so
7f8c4456c000-7f8c44578000 r--p 00056000 00:62 10227521                   /home/ubuntu/.local/lib/python3.10/site-packages/scipy/interpolate/_interpnd.cpython-310-x86_64-linux-gnu.so
7f8c44578000-7f8c44579000 r--p 00061000 00:62 10227521                   /home/ubuntu/.local/lib/python3.10/site-packages/scipy/interpolate/_interpnd.cpython-310-x86_64-linux-gnu.so
7f8c44579000-7f8c4457c000 rw-p 00062000 00:62 10227521                   /home/ubuntu/.local/lib/python3.10/site-packages/scipy/interpolate/_interpnd.cpython-310-x86_64-linux-gnu.so
7f8c4457c000-7f8c4457d000 rw-p 00000000 00:00 0 
7f8c4457d000-7f8c44582000 r--p 00000000 00:62 10227494                   /home/ubuntu/.local/lib/python3.10/site-packages/scipy/interpolate/_ppoly.cpython-310-x86_64-linux-gnu.so
7f8c44582000-7f8c445d8000 r-xp 00005000 00:62 10227494                   /home/ubuntu/.local/lib/python3.10/site-packages/scipy/interpolate/_ppoly.cpython-310-x86_64-linux-gnu.so
7f8c445d8000-7f8c445e3000 r--p 0005b000 00:62 10227494                   /home/ubuntu/.local/lib/python3.10/site-packages/scipy/interpolate/_ppoly.cpython-310-x86_64-linux-gnu.so
7f8c445e3000-7f8c445e4000 r--p 00065000 00:62 10227494                   /home/ubuntu/.local/lib/python3.10/site-packages/scipy/interpolate/_ppoly.cpython-310-x86_64-linux-gnu.so
7f8c445e4000-7f8c445e6000 rw-p 00066000 00:62 10227494                   /home/ubuntu/.local/lib/python3.10/site-packages/scipy/interpolate/_ppoly.cpython-310-x86_64-linux-gnu.so
7f8c445e6000-7f8c446e7000 rw-p 00000000 00:00 0 
7f8c446e7000-7f8c446ea000 r--p 00000000 00:62 10227515                   /home/ubuntu/.local/lib/python3.10/site-packages/scipy/interpolate/_dierckx.cpython-310-x86_64-linux-gnu.so
7f8c446ea000-7f8c446f6000 r-xp 00003000 00:62 10227515                   /home/ubuntu/.local/lib/python3.10/site-packages/scipy/interpolate/_dierckx.cpython-310-x86_64-linux-gnu.so
7f8c446f6000-7f8c446fb000 r--p 0000f000 00:62 10227515                   /home/ubuntu/.local/lib/python3.10/site-packages/scipy/interpolate/_dierckx.cpython-310-x86_64-linux-gnu.so
7f8c446fb000-7f8c446fc000 r--p 00013000 00:62 10227515                   /home/ubuntu/.local/lib/python3.10/site-packages/scipy/interpolate/_dierckx.cpython-310-x86_64-linux-gnu.so
7f8c446fc000-7f8c446fe000 rw-p 00014000 00:62 10227515                   /home/ubuntu/.local/lib/python3.10/site-packages/scipy/interpolate/_dierckx.cpython-310-x86_64-linux-gnu.so
7f8c446fe000-7f8c44700000 rw-p 00020000 00:62 10227515                   /home/ubuntu/.local/lib/python3.10/site-packages/scipy/interpolate/_dierckx.cpython-310-x86_64-linux-gnu.so
7f8c44700000-7f8c44701000 rw-p 00022000 00:62 10227515                   /home/ubuntu/.local/lib/python3.10/site-packages/scipy/interpolate/_dierckx.cpython-310-x86_64-linux-gnu.so
7f8c44701000-7f8c44705000 r--p 00000000 00:62 10227502                   /home/ubuntu/.local/lib/python3.10/site-packages/scipy/interpolate/_dfitpack.cpython-310-x86_64-linux-gnu.so
7f8c44705000-7f8c4473b000 r-xp 00004000 00:62 10227502                   /home/ubuntu/.local/lib/python3.10/site-packages/scipy/interpolate/_dfitpack.cpython-310-x86_64-linux-gnu.so
7f8c4473b000-7f8c44747000 r--p 0003a000 00:62 10227502                   /home/ubuntu/.local/lib/python3.10/site-packages/scipy/interpolate/_dfitpack.cpython-310-x86_64-linux-gnu.so
7f8c44747000-7f8c44748000 ---p 00046000 00:62 10227502                   /home/ubuntu/.local/lib/python3.10/site-packages/scipy/interpolate/_dfitpack.cpython-310-x86_64-linux-gnu.so
7f8c44748000-7f8c44749000 r--p 00046000 00:62 10227502                   /home/ubuntu/.local/lib/python3.10/site-packages/scipy/interpolate/_dfitpack.cpython-310-x86_64-linux-gnu.so
7f8c44749000-7f8c44751000 rw-p 00047000 00:62 10227502                   /home/ubuntu/.local/lib/python3.10/site-packages/scipy/interpolate/_dfitpack.cpython-310-x86_64-linux-gnu.so
7f8c44751000-7f8c44753000 rw-p 00052000 00:62 10227502                   /home/ubuntu/.local/lib/python3.10/site-packages/scipy/interpolate/_dfitpack.cpython-310-x86_64-linux-gnu.so
7f8c44753000-7f8c44754000 rw-p 00054000 00:62 10227502                   /home/ubuntu/.local/lib/python3.10/site-packages/scipy/interpolate/_dfitpack.cpython-310-x86_64-linux-gnu.so
7f8c44754000-7f8c44755000 r--p 00000000 00:62 10227498                   /home/ubuntu/.local/lib/python3.10/site-packages/scipy/interpolate/_fitpack.cpython-310-x86_64-linux-gnu.so
7f8c44755000-7f8c44765000 r-xp 00001000 00:62 10227498                   /home/ubuntu/.local/lib/python3.10/site-packages/scipy/interpolate/_fitpack.cpython-310-x86_64-linux-gnu.so
7f8c44765000-7f8c44767000 r--p 00011000 00:62 10227498                   /home/ubuntu/.local/lib/python3.10/site-packages/scipy/interpolate/_fitpack.cpython-310-x86_64-linux-gnu.so
7f8c44767000-7f8c44768000 r--p 00012000 00:62 10227498                   /home/ubuntu/.local/lib/python3.10/site-packages/scipy/interpolate/_fitpack.cpython-310-x86_64-linux-gnu.so
7f8c44768000-7f8c44769000 rw-p 00013000 00:62 10227498                   /home/ubuntu/.local/lib/python3.10/site-packages/scipy/interpolate/_fitpack.cpython-310-x86_64-linux-gnu.so
7f8c44769000-7f8c4476a000 rw-p 00015000 00:62 10227498                   /home/ubuntu/.local/lib/python3.10/site-packages/scipy/interpolate/_fitpack.cpython-310-x86_64-linux-gnu.so
7f8c4476a000-7f8c4476b000 rw-p 00016000 00:62 10227498                   /home/ubuntu/.local/lib/python3.10/site-packages/scipy/interpolate/_fitpack.cpython-310-x86_64-linux-gnu.so
7f8c4476b000-7f8c4486b000 rw-p 00000000 00:00 0 
7f8c4486b000-7f8c44887000 r--p 00000000 00:62 10226100                   /home/ubuntu/.local/lib/python3.10/site-packages/scipy/integrate/_lsoda.cpython-310-x86_64-linux-gnu.so
7f8c44887000-7f8c448a2000 r-xp 0001c000 00:62 10226100                   /home/ubuntu/.local/lib/python3.10/site-packages/scipy/integrate/_lsoda.cpython-310-x86_64-linux-gnu.so
7f8c448a2000-7f8c448b1000 r--p 00037000 00:62 10226100                   /home/ubuntu/.local/lib/python3.10/site-packages/scipy/integrate/_lsoda.cpython-310-x86_64-linux-gnu.so
7f8c448b1000-7f8c448b2000 ---p 00046000 00:62 10226100                   /home/ubuntu/.local/lib/python3.10/site-packages/scipy/integrate/_lsoda.cpython-310-x86_64-linux-gnu.so
7f8c448b2000-7f8c448b3000 r--p 00046000 00:62 10226100                   /home/ubuntu/.local/lib/python3.10/site-packages/scipy/integrate/_lsoda.cpython-310-x86_64-linux-gnu.so
7f8c448b3000-7f8c448b8000 rw-p 00047000 00:62 10226100                   /home/ubuntu/.local/lib/python3.10/site-packages/scipy/integrate/_lsoda.cpython-310-x86_64-linux-gnu.so
7f8c448b8000-7f8c448c9000 rw-p 00067000 00:62 10226100                   /home/ubuntu/.local/lib/python3.10/site-packages/scipy/integrate/_lsoda.cpython-310-x86_64-linux-gnu.so
7f8c448c9000-7f8c448d0000 rw-p 00078000 00:62 10226100                   /home/ubuntu/.local/lib/python3.10/site-packages/scipy/integrate/_lsoda.cpython-310-x86_64-linux-gnu.so
7f8c448d0000-7f8c448d3000 r--p 00000000 00:62 10226101                   /home/ubuntu/.local/lib/python3.10/site-packages/scipy/integrate/_dop.cpython-310-x86_64-linux-gnu.so
7f8c448d3000-7f8c448e1000 r-xp 00003000 00:62 10226101                   /home/ubuntu/.local/lib/python3.10/site-packages/scipy/integrate/_dop.cpython-310-x86_64-linux-gnu.so
7f8c448e1000-7f8c448e5000 r--p 00011000 00:62 10226101                   /home/ubuntu/.local/lib/python3.10/site-packages/scipy/integrate/_dop.cpython-310-x86_64-linux-gnu.so
7f8c448e5000-7f8c448e6000 r--p 00014000 00:62 10226101                   /home/ubuntu/.local/lib/python3.10/site-packages/scipy/integrate/_dop.cpython-310-x86_64-linux-gnu.so
7f8c448e6000-7f8c448e8000 rw-p 00015000 00:62 10226101                   /home/ubuntu/.local/lib/python3.10/site-packages/scipy/integrate/_dop.cpython-310-x86_64-linux-gnu.so
7f8c448e8000-7f8c448ea000 rw-p 0001a000 00:62 10226101                   /home/ubuntu/.local/lib/python3.10/site-packages/scipy/integrate/_dop.cpython-310-x86_64-linux-gnu.so
7f8c448ea000-7f8c448eb000 rw-p 0001c000 00:62 10226101                   /home/ubuntu/.local/lib/python3.10/site-packages/scipy/integrate/_dop.cpython-310-x86_64-linux-gnu.so
7f8c448eb000-7f8c44907000 r--p 00000000 00:62 10226111                   /home/ubuntu/.local/lib/python3.10/site-packages/scipy/integrate/_vode.cpython-310-x86_64-linux-gnu.so
7f8c44907000-7f8c4492c000 r-xp 0001c000 00:62 10226111                   /home/ubuntu/.local/lib/python3.10/site-packages/scipy/integrate/_vode.cpython-310-x86_64-linux-gnu.so
7f8c4492c000-7f8c4493d000 r--p 00041000 00:62 10226111                   /home/ubuntu/.local/lib/python3.10/site-packages/scipy/integrate/_vode.cpython-310-x86_64-linux-gnu.so
7f8c4493d000-7f8c4493e000 r--p 00051000 00:62 10226111                   /home/ubuntu/.local/lib/python3.10/site-packages/scipy/integrate/_vode.cpython-310-x86_64-linux-gnu.so
7f8c4493e000-7f8c44943000 rw-p 00052000 00:62 10226111                   /home/ubuntu/.local/lib/python3.10/site-packages/scipy/integrate/_vode.cpython-310-x86_64-linux-gnu.so
7f8c44943000-7f8c44954000 rw-p 00073000 00:62 10226111                   /home/ubuntu/.local/lib/python3.10/site-packages/scipy/integrate/_vode.cpython-310-x86_64-linux-gnu.so
7f8c44954000-7f8c4495b000 rw-p 00084000 00:62 10226111                   /home/ubuntu/.local/lib/python3.10/site-packages/scipy/integrate/_vode.cpython-310-x86_64-linux-gnu.so
7f8c4495b000-7f8c4495d000 r--p 00000000 00:62 10226112                   /home/ubuntu/.local/lib/python3.10/site-packages/scipy/integrate/_quadpack.cpython-310-x86_64-linux-gnu.so
7f8c4495d000-7f8c44971000 r-xp 00002000 00:62 10226112                   /home/ubuntu/.local/lib/python3.10/site-packages/scipy/integrate/_quadpack.cpython-310-x86_64-linux-gnu.so
7f8c44971000-7f8c44974000 r--p 00016000 00:62 10226112                   /home/ubuntu/.local/lib/python3.10/site-packages/scipy/integrate/_quadpack.cpython-310-x86_64-linux-gnu.so
7f8c44974000-7f8c44975000 r--p 00018000 00:62 10226112                   /home/ubuntu/.local/lib/python3.10/site-packages/scipy/integrate/_quadpack.cpython-310-x86_64-linux-gnu.so
7f8c44975000-7f8c44976000 rw-p 00019000 00:62 10226112                   /home/ubuntu/.local/lib/python3.10/site-packages/scipy/integrate/_quadpack.cpython-310-x86_64-linux-gnu.so
7f8c44976000-7f8c44991000 r--p 00000000 00:62 10226108                   /home/ubuntu/.local/lib/python3.10/site-packages/scipy/integrate/_odepack.cpython-310-x86_64-linux-gnu.so
7f8c44991000-7f8c449a9000 r-xp 0001b000 00:62 10226108                   /home/ubuntu/.local/lib/python3.10/site-packages/scipy/integrate/_odepack.cpython-310-x86_64-linux-gnu.so
7f8c449a9000-7f8c449b7000 r--p 00033000 00:62 10226108                   /home/ubuntu/.local/lib/python3.10/site-packages/scipy/integrate/_odepack.cpython-310-x86_64-linux-gnu.so
7f8c449b7000-7f8c449b8000 r--p 00040000 00:62 10226108                   /home/ubuntu/.local/lib/python3.10/site-packages/scipy/integrate/_odepack.cpython-310-x86_64-linux-gnu.so
7f8c449b8000-7f8c449bc000 rw-p 00041000 00:62 10226108                   /home/ubuntu/.local/lib/python3.10/site-packages/scipy/integrate/_odepack.cpython-310-x86_64-linux-gnu.so
7f8c449bc000-7f8c449bd000 rw-p 00000000 00:00 0 
7f8c449bd000-7f8c449cd000 rw-p 0005f000 00:62 10226108                   /home/ubuntu/.local/lib/python3.10/site-packages/scipy/integrate/_odepack.cpython-310-x86_64-linux-gnu.so
7f8c449cd000-7f8c449d3000 rw-p 0006f000 00:62 10226108                   /home/ubuntu/.local/lib/python3.10/site-packages/scipy/integrate/_odepack.cpython-310-x86_64-linux-gnu.so
7f8c449d3000-7f8c449d8000 r--p 00000000 00:62 10226218                   /home/ubuntu/.local/lib/python3.10/site-packages/scipy/optimize/_pava_pybind.cpython-310-x86_64-linux-gnu.so
7f8c449d8000-7f8c449f1000 r-xp 00005000 00:62 10226218                   /home/ubuntu/.local/lib/python3.10/site-packages/scipy/optimize/_pava_pybind.cpython-310-x86_64-linux-gnu.so
7f8c449f1000-7f8c449fa000 r--p 0001e000 00:62 10226218                   /home/ubuntu/.local/lib/python3.10/site-packages/scipy/optimize/_pava_pybind.cpython-310-x86_64-linux-gnu.so
7f8c449fa000-7f8c449fb000 r--p 00026000 00:62 10226218                   /home/ubuntu/.local/lib/python3.10/site-packages/scipy/optimize/_pava_pybind.cpython-310-x86_64-linux-gnu.so
7f8c449fb000-7f8c449fc000 rw-p 00027000 00:62 10226218                   /home/ubuntu/.local/lib/python3.10/site-packages/scipy/optimize/_pava_pybind.cpython-310-x86_64-linux-gnu.so
7f8c449fc000-7f8c44afc000 rw-p 00000000 00:00 0 
7f8c44afc000-7f8c44b02000 r--p 00000000 00:62 10226214                   /home/ubuntu/.local/lib/python3.10/site-packages/scipy/optimize/_bglu_dense.cpython-310-x86_64-linux-gnu.so
7f8c44b02000-7f8c44b3d000 r-xp 00006000 00:62 10226214                   /home/ubuntu/.local/lib/python3.10/site-packages/scipy/optimize/_bglu_dense.cpython-310-x86_64-linux-gnu.so
7f8c44b3d000-7f8c44b47000 r--p 00041000 00:62 10226214                   /home/ubuntu/.local/lib/python3.10/site-packages/scipy/optimize/_bglu_dense.cpython-310-x86_64-linux-gnu.so
7f8c44b47000-7f8c44b48000 ---p 0004b000 00:62 10226214                   /home/ubuntu/.local/lib/python3.10/site-packages/scipy/optimize/_bglu_dense.cpython-310-x86_64-linux-gnu.so
7f8c44b48000-7f8c44b49000 r--p 0004b000 00:62 10226214                   /home/ubuntu/.local/lib/python3.10/site-packages/scipy/optimize/_bglu_dense.cpython-310-x86_64-linux-gnu.so
7f8c44b49000-7f8c44b4c000 rw-p 0004c000 00:62 10226214                   /home/ubuntu/.local/lib/python3.10/site-packages/scipy/optimize/_bglu_dense.cpython-310-x86_64-linux-gnu.so
7f8c44b4c000-7f8c44b4d000 rw-p 00000000 00:00 0 
7f8c44b4d000-7f8c44b54000 r--p 00000000 00:62 10227483                   /home/ubuntu/.local/lib/python3.10/site-packages/scipy/fft/_pocketfft/pypocketfft.cpython-310-x86_64-linux-gnu.so
7f8c44b54000-7f8c44c2d000 r-xp 00007000 00:62 10227483                   /home/ubuntu/.local/lib/python3.10/site-packages/scipy/fft/_pocketfft/pypocketfft.cpython-310-x86_64-linux-gnu.so
7f8c44c2d000-7f8c44c47000 r--p 000e0000 00:62 10227483                   /home/ubuntu/.local/lib/python3.10/site-packages/scipy/fft/_pocketfft/pypocketfft.cpython-310-x86_64-linux-gnu.so
7f8c44c47000-7f8c44c48000 ---p 000fa000 00:62 10227483                   /home/ubuntu/.local/lib/python3.10/site-packages/scipy/fft/_pocketfft/pypocketfft.cpython-310-x86_64-linux-gnu.so
7f8c44c48000-7f8c44c49000 r--p 000fa000 00:62 10227483                   /home/ubuntu/.local/lib/python3.10/site-packages/scipy/fft/_pocketfft/pypocketfft.cpython-310-x86_64-linux-gnu.so
7f8c44c49000-7f8c44c4a000 rw-p 000fb000 00:62 10227483                   /home/ubuntu/.local/lib/python3.10/site-packages/scipy/fft/_pocketfft/pypocketfft.cpython-310-x86_64-linux-gnu.so
7f8c44c4a000-7f8c44c4c000 rw-p 00000000 00:00 0 
7f8c44c4c000-7f8c44c50000 r--p 00000000 00:62 10226661                   /home/ubuntu/.local/lib/python3.10/site-packages/scipy/_lib/_uarray/_uarray.cpython-310-x86_64-linux-gnu.so
7f8c44c50000-7f8c44c63000 r-xp 00004000 00:62 10226661                   /home/ubuntu/.local/lib/python3.10/site-packages/scipy/_lib/_uarray/_uarray.cpython-310-x86_64-linux-gnu.so
7f8c44c63000-7f8c44c69000 r--p 00017000 00:62 10226661                   /home/ubuntu/.local/lib/python3.10/site-packages/scipy/_lib/_uarray/_uarray.cpython-310-x86_64-linux-gnu.so
7f8c44c69000-7f8c44c6a000 r--p 0001c000 00:62 10226661                   /home/ubuntu/.local/lib/python3.10/site-packages/scipy/_lib/_uarray/_uarray.cpython-310-x86_64-linux-gnu.so
7f8c44c6a000-7f8c44c6b000 rw-p 0001d000 00:62 10226661                   /home/ubuntu/.local/lib/python3.10/site-packages/scipy/_lib/_uarray/_uarray.cpython-310-x86_64-linux-gnu.so
7f8c44c6b000-7f8c44c70000 r--p 00000000 00:62 10226387                   /home/ubuntu/.local/lib/python3.10/site-packages/scipy/linalg/_decomp_interpolative.cpython-310-x86_64-linux-gnu.so
7f8c44c70000-7f8c44d4d000 r-xp 00005000 00:62 10226387                   /home/ubuntu/.local/lib/python3.10/site-packages/scipy/linalg/_decomp_interpolative.cpython-310-x86_64-linux-gnu.so
7f8c44d4d000-7f8c44d5a000 r--p 000e2000 00:62 10226387                   /home/ubuntu/.local/lib/python3.10/site-packages/scipy/linalg/_decomp_interpolative.cpython-310-x86_64-linux-gnu.so
7f8c44d5a000-7f8c44d5b000 r--p 000ee000 00:62 10226387                   /home/ubuntu/.local/lib/python3.10/site-packages/scipy/linalg/_decomp_interpolative.cpython-310-x86_64-linux-gnu.so
7f8c44d5b000-7f8c44d5d000 rw-p 000ef000 00:62 10226387                   /home/ubuntu/.local/lib/python3.10/site-packages/scipy/linalg/_decomp_interpolative.cpython-310-x86_64-linux-gnu.so
7f8c44d5d000-7f8c44d5f000 rw-p 00000000 00:00 0 
7f8c44d5f000-7f8c44d65000 r--p 00000000 00:62 10226226                   /home/ubuntu/.local/lib/python3.10/site-packages/scipy/optimize/_highspy/_highs_options.cpython-310-x86_64-linux-gnu.so
7f8c44d65000-7f8c44d9a000 r-xp 00006000 00:62 10226226                   /home/ubuntu/.local/lib/python3.10/site-packages/scipy/optimize/_highspy/_highs_options.cpython-310-x86_64-linux-gnu.so
7f8c44d9a000-7f8c44dab000 r--p 0003b000 00:62 10226226                   /home/ubuntu/.local/lib/python3.10/site-packages/scipy/optimize/_highspy/_highs_options.cpython-310-x86_64-linux-gnu.so
7f8c44dab000-7f8c44dac000 r--p 0004b000 00:62 10226226                   /home/ubuntu/.local/lib/python3.10/site-packages/scipy/optimize/_highspy/_highs_options.cpython-310-x86_64-linux-gnu.so
7f8c44dac000-7f8c44dad000 rw-p 0004c000 00:62 10226226                   /home/ubuntu/.local/lib/python3.10/site-packages/scipy/optimize/_highspy/_highs_options.cpython-310-x86_64-linux-gnu.so
7f8c44dad000-7f8c44dbf000 r--p 00000000 00:62 10226225                   /home/ubuntu/.local/lib/python3.10/site-packages/scipy/optimize/_highspy/_core.cpython-310-x86_64-linux-gnu.so
7f8c44dbf000-7f8c451ac000 r-xp 00012000 00:62 10226225                   /home/ubuntu/.local/lib/python3.10/site-packages/scipy/optimize/_highspy/_core.cpython-310-x86_64-linux-gnu.so
7f8c451ac000-7f8c4524d000 r--p 003ff000 00:62 10226225                   /home/ubuntu/.local/lib/python3.10/site-packages/scipy/optimize/_highspy/_core.cpython-310-x86_64-linux-gnu.so
7f8c4524d000-7f8c45252000 r--p 0049f000 00:62 10226225                   /home/ubuntu/.local/lib/python3.10/site-packages/scipy/optimize/_highspy/_core.cpython-310-x86_64-linux-gnu.so
7f8c45252000-7f8c45253000 rw-p 004a4000 00:62 10226225                   /home/ubuntu/.local/lib/python3.10/site-packages/scipy/optimize/_highspy/_core.cpython-310-x86_64-linux-gnu.so
7f8c45253000-7f8c45258000 rw-p 00000000 00:00 0 
7f8c45258000-7f8c4525b000 r--p 00000000 00:62 10226186                   /home/ubuntu/.local/lib/python3.10/site-packages/scipy/optimize/_cython_nnls.cpython-310-x86_64-linux-gnu.so
7f8c4525b000-7f8c4526d000 r-xp 00003000 00:62 10226186                   /home/ubuntu/.local/lib/python3.10/site-packages/scipy/optimize/_cython_nnls.cpython-310-x86_64-linux-gnu.so
7f8c4526d000-7f8c45271000 r--p 00015000 00:62 10226186                   /home/ubuntu/.local/lib/python3.10/site-packages/scipy/optimize/_cython_nnls.cpython-310-x86_64-linux-gnu.so
7f8c45271000-7f8c45272000 r--p 00018000 00:62 10226186                   /home/ubuntu/.local/lib/python3.10/site-packages/scipy/optimize/_cython_nnls.cpython-310-x86_64-linux-gnu.so
7f8c45272000-7f8c45273000 rw-p 00019000 00:62 10226186                   /home/ubuntu/.local/lib/python3.10/site-packages/scipy/optimize/_cython_nnls.cpython-310-x86_64-linux-gnu.so
7f8c45273000-7f8c45278000 r--p 00000000 00:62 10226229                   /home/ubuntu/.local/lib/python3.10/site-packages/scipy/optimize/_lsq/givens_elimination.cpython-310-x86_64-linux-gnu.so
7f8c45278000-7f8c4529b000 r-xp 00005000 00:62 10226229                   /home/ubuntu/.local/lib/python3.10/site-packages/scipy/optimize/_lsq/givens_elimination.cpython-310-x86_64-linux-gnu.so
7f8c4529b000-7f8c452a2000 r--p 00028000 00:62 10226229                   /home/ubuntu/.local/lib/python3.10/site-packages/scipy/optimize/_lsq/givens_elimination.cpython-310-x86_64-linux-gnu.so
7f8c452a2000-7f8c452a3000 ---p 0002f000 00:62 10226229                   /home/ubuntu/.local/lib/python3.10/site-packages/scipy/optimize/_lsq/givens_elimination.cpython-310-x86_64-linux-gnu.so
7f8c452a3000-7f8c452a4000 r--p 0002f000 00:62 10226229                   /home/ubuntu/.local/lib/python3.10/site-packages/scipy/optimize/_lsq/givens_elimination.cpython-310-x86_64-linux-gnu.so
7f8c452a4000-7f8c452a6000 rw-p 00030000 00:62 10226229                   /home/ubuntu/.local/lib/python3.10/site-packages/scipy/optimize/_lsq/givens_elimination.cpython-310-x86_64-linux-gnu.so
7f8c452a6000-7f8c453a6000 rw-p 00000000 00:00 0 
7f8c453a6000-7f8c453a8000 r--p 00000000 00:62 10226217                   /home/ubuntu/.local/lib/python3.10/site-packages/scipy/optimize/_minpack.cpython-310-x86_64-linux-gnu.so
7f8c453a8000-7f8c453ba000 r-xp 00002000 00:62 10226217                   /home/ubuntu/.local/lib/python3.10/site-packages/scipy/optimize/_minpack.cpython-310-x86_64-linux-gnu.so
7f8c453ba000-7f8c453bc000 r--p 00014000 00:62 10226217                   /home/ubuntu/.local/lib/python3.10/site-packages/scipy/optimize/_minpack.cpython-310-x86_64-linux-gnu.so
7f8c453bc000-7f8c453bd000 r--p 00015000 00:62 10226217                   /home/ubuntu/.local/lib/python3.10/site-packages/scipy/optimize/_minpack.cpython-310-x86_64-linux-gnu.so
7f8c453bd000-7f8c453be000 rw-p 00016000 00:62 10226217                   /home/ubuntu/.local/lib/python3.10/site-packages/scipy/optimize/_minpack.cpython-310-x86_64-linux-gnu.so
7f8c453be000-7f8c453c0000 r--p 00000000 00:62 10226204                   /home/ubuntu/.local/lib/python3.10/site-packages/scipy/optimize/_cobyla.cpython-310-x86_64-linux-gnu.so
7f8c453c0000-7f8c453ce000 r-xp 00002000 00:62 10226204                   /home/ubuntu/.local/lib/python3.10/site-packages/scipy/optimize/_cobyla.cpython-310-x86_64-linux-gnu.so
7f8c453ce000-7f8c453d1000 r--p 00010000 00:62 10226204                   /home/ubuntu/.local/lib/python3.10/site-packages/scipy/optimize/_cobyla.cpython-310-x86_64-linux-gnu.so
7f8c453d1000-7f8c453d2000 r--p 00012000 00:62 10226204                   /home/ubuntu/.local/lib/python3.10/site-packages/scipy/optimize/_cobyla.cpython-310-x86_64-linux-gnu.so
7f8c453d2000-7f8c453d3000 rw-p 00013000 00:62 10226204                   /home/ubuntu/.local/lib/python3.10/site-packages/scipy/optimize/_cobyla.cpython-310-x86_64-linux-gnu.so
7f8c453d3000-7f8c453d4000 rw-p 00017000 00:62 10226204                   /home/ubuntu/.local/lib/python3.10/site-packages/scipy/optimize/_cobyla.cpython-310-x86_64-linux-gnu.so
7f8c453d4000-7f8c453d5000 rw-p 00019000 00:62 10226204                   /home/ubuntu/.local/lib/python3.10/site-packages/scipy/optimize/_cobyla.cpython-310-x86_64-linux-gnu.so
7f8c453d5000-7f8c453d8000 r--p 00000000 00:62 10226206                   /home/ubuntu/.local/lib/python3.10/site-packages/scipy/optimize/_moduleTNC.cpython-310-x86_64-linux-gnu.so
7f8c453d8000-7f8c453f1000 r-xp 00003000 00:62 10226206                   /home/ubuntu/.local/lib/python3.10/site-packages/scipy/optimize/_moduleTNC.cpython-310-x86_64-linux-gnu.so
7f8c453f1000-7f8c453f5000 r--p 0001c000 00:62 10226206                   /home/ubuntu/.local/lib/python3.10/site-packages/scipy/optimize/_moduleTNC.cpython-310-x86_64-linux-gnu.so
7f8c453f5000-7f8c453f6000 r--p 0001f000 00:62 10226206                   /home/ubuntu/.local/lib/python3.10/site-packages/scipy/optimize/_moduleTNC.cpython-310-x86_64-linux-gnu.so
7f8c453f6000-7f8c453f7000 rw-p 00020000 00:62 10226206                   /home/ubuntu/.local/lib/python3.10/site-packages/scipy/optimize/_moduleTNC.cpython-310-x86_64-linux-gnu.so
7f8c453f7000-7f8c45412000 r--p 00000000 00:62 10226211                   /home/ubuntu/.local/lib/python3.10/site-packages/scipy/optimize/_lbfgsb.cpython-310-x86_64-linux-gnu.so
7f8c45412000-7f8c45427000 r-xp 0001b000 00:62 10226211                   /home/ubuntu/.local/lib/python3.10/site-packages/scipy/optimize/_lbfgsb.cpython-310-x86_64-linux-gnu.so
7f8c45427000-7f8c45433000 r--p 00030000 00:62 10226211                   /home/ubuntu/.local/lib/python3.10/site-packages/scipy/optimize/_lbfgsb.cpython-310-x86_64-linux-gnu.so
7f8c45433000-7f8c45434000 ---p 0003c000 00:62 10226211                   /home/ubuntu/.local/lib/python3.10/site-packages/scipy/optimize/_lbfgsb.cpython-310-x86_64-linux-gnu.so
7f8c45434000-7f8c45435000 r--p 0003c000 00:62 10226211                   /home/ubuntu/.local/lib/python3.10/site-packages/scipy/optimize/_lbfgsb.cpython-310-x86_64-linux-gnu.so
7f8c45435000-7f8c45439000 rw-p 0003d000 00:62 10226211                   /home/ubuntu/.local/lib/python3.10/site-packages/scipy/optimize/_lbfgsb.cpython-310-x86_64-linux-gnu.so
7f8c45439000-7f8c45449000 rw-p 0005b000 00:62 10226211                   /home/ubuntu/.local/lib/python3.10/site-packages/scipy/optimize/_lbfgsb.cpython-310-x86_64-linux-gnu.so
7f8c45449000-7f8c4544f000 rw-p 0006b000 00:62 10226211                   /home/ubuntu/.local/lib/python3.10/site-packages/scipy/optimize/_lbfgsb.cpython-310-x86_64-linux-gnu.so
7f8c4544f000-7f8c45454000 r--p 00000000 00:62 10226308                   /home/ubuntu/.local/lib/python3.10/site-packages/scipy/optimize/_trlib/_trlib.cpython-310-x86_64-linux-gnu.so
7f8c45454000-7f8c45493000 r-xp 00005000 00:62 10226308                   /home/ubuntu/.local/lib/python3.10/site-packages/scipy/optimize/_trlib/_trlib.cpython-310-x86_64-linux-gnu.so
7f8c45493000-7f8c4549d000 r--p 00044000 00:62 10226308                   /home/ubuntu/.local/lib/python3.10/site-packages/scipy/optimize/_trlib/_trlib.cpython-310-x86_64-linux-gnu.so
7f8c4549d000-7f8c4549e000 r--p 0004d000 00:62 10226308                   /home/ubuntu/.local/lib/python3.10/site-packages/scipy/optimize/_trlib/_trlib.cpython-310-x86_64-linux-gnu.so
7f8c4549e000-7f8c454a0000 rw-p 0004e000 00:62 10226308                   /home/ubuntu/.local/lib/python3.10/site-packages/scipy/optimize/_trlib/_trlib.cpython-310-x86_64-linux-gnu.so
7f8c454a0000-7f8c454a1000 rw-p 00000000 00:00 0 
7f8c454a1000-7f8c454a4000 rw-p 00059000 00:62 10226308                   /home/ubuntu/.local/lib/python3.10/site-packages/scipy/optimize/_trlib/_trlib.cpython-310-x86_64-linux-gnu.so
7f8c454a4000-7f8c454a6000 rw-p 0005c000 00:62 10226308                   /home/ubuntu/.local/lib/python3.10/site-packages/scipy/optimize/_trlib/_trlib.cpython-310-x86_64-linux-gnu.so
7f8c454a6000-7f8c455a6000 rw-p 00000000 00:00 0 
7f8c455a6000-7f8c455ad000 r--p 00000000 00:62 10227608                   /home/ubuntu/.local/lib/python3.10/site-packages/scipy/spatial/transform/_rotation.cpython-310-x86_64-linux-gnu.so
7f8c455ad000-7f8c4565a000 r-xp 00007000 00:62 10227608                   /home/ubuntu/.local/lib/python3.10/site-packages/scipy/spatial/transform/_rotation.cpython-310-x86_64-linux-gnu.so
7f8c4565a000-7f8c4568d000 r--p 000b4000 00:62 10227608                   /home/ubuntu/.local/lib/python3.10/site-packages/scipy/spatial/transform/_rotation.cpython-310-x86_64-linux-gnu.so
7f8c4568d000-7f8c4568e000 r--p 000e6000 00:62 10227608                   /home/ubuntu/.local/lib/python3.10/site-packages/scipy/spatial/transform/_rotation.cpython-310-x86_64-linux-gnu.so
7f8c4568e000-7f8c45692000 rw-p 000e7000 00:62 10227608                   /home/ubuntu/.local/lib/python3.10/site-packages/scipy/spatial/transform/_rotation.cpython-310-x86_64-linux-gnu.so
7f8c45692000-7f8c45694000 rw-p 00000000 00:00 0 
7f8c45694000-7f8c4569a000 r--p 00000000 00:62 10227543                   /home/ubuntu/.local/lib/python3.10/site-packages/scipy/spatial/_distance_pybind.cpython-310-x86_64-linux-gnu.so
7f8c4569a000-7f8c45700000 r-xp 00006000 00:62 10227543                   /home/ubuntu/.local/lib/python3.10/site-packages/scipy/spatial/_distance_pybind.cpython-310-x86_64-linux-gnu.so
7f8c45700000-7f8c45711000 r--p 0006c000 00:62 10227543                   /home/ubuntu/.local/lib/python3.10/site-packages/scipy/spatial/_distance_pybind.cpython-310-x86_64-linux-gnu.so
7f8c45711000-7f8c45712000 r--p 0007c000 00:62 10227543                   /home/ubuntu/.local/lib/python3.10/site-packages/scipy/spatial/_distance_pybind.cpython-310-x86_64-linux-gnu.so
7f8c45712000-7f8c45713000 rw-p 0007d000 00:62 10227543                   /home/ubuntu/.local/lib/python3.10/site-packages/scipy/spatial/_distance_pybind.cpython-310-x86_64-linux-gnu.so
7f8c45713000-7f8c45718000 r--p 00000000 00:62 10227557                   /home/ubuntu/.local/lib/python3.10/site-packages/scipy/spatial/_hausdorff.cpython-310-x86_64-linux-gnu.so
7f8c45718000-7f8c4573f000 r-xp 00005000 00:62 10227557                   /home/ubuntu/.local/lib/python3.10/site-packages/scipy/spatial/_hausdorff.cpython-310-x86_64-linux-gnu.so
7f8c4573f000-7f8c45746000 r--p 0002c000 00:62 10227557                   /home/ubuntu/.local/lib/python3.10/site-packages/scipy/spatial/_hausdorff.cpython-310-x86_64-linux-gnu.so
7f8c45746000-7f8c45747000 ---p 00033000 00:62 10227557                   /home/ubuntu/.local/lib/python3.10/site-packages/scipy/spatial/_hausdorff.cpython-310-x86_64-linux-gnu.so
7f8c45747000-7f8c45748000 r--p 00033000 00:62 10227557                   /home/ubuntu/.local/lib/python3.10/site-packages/scipy/spatial/_hausdorff.cpython-310-x86_64-linux-gnu.so
7f8c45748000-7f8c4574a000 rw-p 00034000 00:62 10227557                   /home/ubuntu/.local/lib/python3.10/site-packages/scipy/spatial/_hausdorff.cpython-310-x86_64-linux-gnu.so
7f8c4574a000-7f8c4574b000 rw-p 00000000 00:00 0 
7f8c4574b000-7f8c45750000 r--p 00000000 00:62 10227550                   /home/ubuntu/.local/lib/python3.10/site-packages/scipy/spatial/_voronoi.cpython-310-x86_64-linux-gnu.so
7f8c45750000-7f8c45775000 r-xp 00005000 00:62 10227550                   /home/ubuntu/.local/lib/python3.10/site-packages/scipy/spatial/_voronoi.cpython-310-x86_64-linux-gnu.so
7f8c45775000-7f8c4577c000 r--p 0002a000 00:62 10227550                   /home/ubuntu/.local/lib/python3.10/site-packages/scipy/spatial/_voronoi.cpython-310-x86_64-linux-gnu.so
7f8c4577c000-7f8c4577d000 ---p 00031000 00:62 10227550                   /home/ubuntu/.local/lib/python3.10/site-packages/scipy/spatial/_voronoi.cpython-310-x86_64-linux-gnu.so
7f8c4577d000-7f8c4577e000 r--p 00031000 00:62 10227550                   /home/ubuntu/.local/lib/python3.10/site-packages/scipy/spatial/_voronoi.cpython-310-x86_64-linux-gnu.so
7f8c4577e000-7f8c45780000 rw-p 00032000 00:62 10227550                   /home/ubuntu/.local/lib/python3.10/site-packages/scipy/spatial/_voronoi.cpython-310-x86_64-linux-gnu.so
7f8c45780000-7f8c45781000 rw-p 00000000 00:00 0 
7f8c45781000-7f8c45788000 r--p 00000000 00:62 10227552                   /home/ubuntu/.local/lib/python3.10/site-packages/scipy/spatial/_qhull.cpython-310-x86_64-linux-gnu.so
7f8c45788000-7f8c45853000 r-xp 00007000 00:62 10227552                   /home/ubuntu/.local/lib/python3.10/site-packages/scipy/spatial/_qhull.cpython-310-x86_64-linux-gnu.so
7f8c45853000-7f8c4588b000 r--p 000d2000 00:62 10227552                   /home/ubuntu/.local/lib/python3.10/site-packages/scipy/spatial/_qhull.cpython-310-x86_64-linux-gnu.so
7f8c4588b000-7f8c4588c000 r--p 00109000 00:62 10227552                   /home/ubuntu/.local/lib/python3.10/site-packages/scipy/spatial/_qhull.cpython-310-x86_64-linux-gnu.so
7f8c4588c000-7f8c4588f000 rw-p 0010a000 00:62 10227552                   /home/ubuntu/.local/lib/python3.10/site-packages/scipy/spatial/_qhull.cpython-310-x86_64-linux-gnu.so
7f8c4588f000-7f8c45891000 rw-p 00000000 00:00 0 
7f8c45891000-7f8c45899000 r--p 00000000 00:62 10227558                   /home/ubuntu/.local/lib/python3.10/site-packages/scipy/spatial/_ckdtree.cpython-310-x86_64-linux-gnu.so
7f8c45899000-7f8c45943000 r-xp 00008000 00:62 10227558                   /home/ubuntu/.local/lib/python3.10/site-packages/scipy/spatial/_ckdtree.cpython-310-x86_64-linux-gnu.so
7f8c45943000-7f8c45962000 r--p 000b2000 00:62 10227558                   /home/ubuntu/.local/lib/python3.10/site-packages/scipy/spatial/_ckdtree.cpython-310-x86_64-linux-gnu.so
7f8c45962000-7f8c45963000 ---p 000d1000 00:62 10227558                   /home/ubuntu/.local/lib/python3.10/site-packages/scipy/spatial/_ckdtree.cpython-310-x86_64-linux-gnu.so
7f8c45963000-7f8c45964000 r--p 000d1000 00:62 10227558                   /home/ubuntu/.local/lib/python3.10/site-packages/scipy/spatial/_ckdtree.cpython-310-x86_64-linux-gnu.so
7f8c45964000-7f8c45968000 rw-p 000d2000 00:62 10227558                   /home/ubuntu/.local/lib/python3.10/site-packages/scipy/spatial/_ckdtree.cpython-310-x86_64-linux-gnu.so
7f8c45968000-7f8c45a69000 rw-p 00000000 00:00 0 
7f8c45a69000-7f8c45a6e000 r--p 00000000 00:62 10226451                   /home/ubuntu/.local/lib/python3.10/site-packages/scipy/special/_specfun.cpython-310-x86_64-linux-gnu.so
7f8c45a6e000-7f8c45aa1000 r-xp 00005000 00:62 10226451                   /home/ubuntu/.local/lib/python3.10/site-packages/scipy/special/_specfun.cpython-310-x86_64-linux-gnu.so
7f8c45aa1000-7f8c45aa8000 r--p 00038000 00:62 10226451                   /home/ubuntu/.local/lib/python3.10/site-packages/scipy/special/_specfun.cpython-310-x86_64-linux-gnu.so
7f8c45aa8000-7f8c45aa9000 r--p 0003e000 00:62 10226451                   /home/ubuntu/.local/lib/python3.10/site-packages/scipy/special/_specfun.cpython-310-x86_64-linux-gnu.so
7f8c45aa9000-7f8c45aab000 rw-p 0003f000 00:62 10226451                   /home/ubuntu/.local/lib/python3.10/site-packages/scipy/special/_specfun.cpython-310-x86_64-linux-gnu.so
7f8c45aab000-7f8c45aad000 r--p 00000000 00:62 10226444                   /home/ubuntu/.local/lib/python3.10/site-packages/scipy/special/_gufuncs.cpython-310-x86_64-linux-gnu.so
7f8c45aad000-7f8c45b33000 r-xp 00002000 00:62 10226444                   /home/ubuntu/.local/lib/python3.10/site-packages/scipy/special/_gufuncs.cpython-310-x86_64-linux-gnu.so
7f8c45b33000-7f8c45b40000 r--p 00088000 00:62 10226444                   /home/ubuntu/.local/lib/python3.10/site-packages/scipy/special/_gufuncs.cpython-310-x86_64-linux-gnu.so
7f8c45b40000-7f8c45b41000 r--p 00094000 00:62 10226444                   /home/ubuntu/.local/lib/python3.10/site-packages/scipy/special/_gufuncs.cpython-310-x86_64-linux-gnu.so
7f8c45b41000-7f8c45b42000 rw-p 00095000 00:62 10226444                   /home/ubuntu/.local/lib/python3.10/site-packages/scipy/special/_gufuncs.cpython-310-x86_64-linux-gnu.so
7f8c45b42000-7f8c45b45000 r--p 00000000 00:62 10226480                   /home/ubuntu/.local/lib/python3.10/site-packages/scipy/special/_special_ufuncs.cpython-310-x86_64-linux-gnu.so
7f8c45b45000-7f8c45c48000 r-xp 00003000 00:62 10226480                   /home/ubuntu/.local/lib/python3.10/site-packages/scipy/special/_special_ufuncs.cpython-310-x86_64-linux-gnu.so
7f8c45c48000-7f8c45c8b000 r--p 00106000 00:62 10226480                   /home/ubuntu/.local/lib/python3.10/site-packages/scipy/special/_special_ufuncs.cpython-310-x86_64-linux-gnu.so
7f8c45c8b000-7f8c45c8c000 r--p 00148000 00:62 10226480                   /home/ubuntu/.local/lib/python3.10/site-packages/scipy/special/_special_ufuncs.cpython-310-x86_64-linux-gnu.so
7f8c45c8c000-7f8c45c8d000 rw-p 00149000 00:62 10226480                   /home/ubuntu/.local/lib/python3.10/site-packages/scipy/special/_special_ufuncs.cpython-310-x86_64-linux-gnu.so
7f8c45c8d000-7f8c45d8d000 rw-p 00000000 00:00 0 
7f8c45d8d000-7f8c45d92000 r--p 00000000 00:62 10226468                   /home/ubuntu/.local/lib/python3.10/site-packages/scipy/special/_ufuncs_cxx.cpython-310-x86_64-linux-gnu.so
7f8c45d92000-7f8c45ee1000 r-xp 00005000 00:62 10226468                   /home/ubuntu/.local/lib/python3.10/site-packages/scipy/special/_ufuncs_cxx.cpython-310-x86_64-linux-gnu.so
7f8c45ee1000-7f8c45f14000 r--p 00154000 00:62 10226468                   /home/ubuntu/.local/lib/python3.10/site-packages/scipy/special/_ufuncs_cxx.cpython-310-x86_64-linux-gnu.so
7f8c45f14000-7f8c45f15000 r--p 00186000 00:62 10226468                   /home/ubuntu/.local/lib/python3.10/site-packages/scipy/special/_ufuncs_cxx.cpython-310-x86_64-linux-gnu.so
7f8c45f15000-7f8c45f16000 rw-p 00187000 00:62 10226468                   /home/ubuntu/.local/lib/python3.10/site-packages/scipy/special/_ufuncs_cxx.cpython-310-x86_64-linux-gnu.so
7f8c45f16000-7f8c45f17000 rw-p 00000000 00:00 0 
7f8c45f17000-7f8c45f1d000 r--p 00000000 00:62 10226473                   /home/ubuntu/.local/lib/python3.10/site-packages/scipy/special/_ufuncs.cpython-310-x86_64-linux-gnu.so
7f8c45f1d000-7f8c46022000 r-xp 00006000 00:62 10226473                   /home/ubuntu/.local/lib/python3.10/site-packages/scipy/special/_ufuncs.cpython-310-x86_64-linux-gnu.so
7f8c46022000-7f8c46077000 r--p 0010b000 00:62 10226473                   /home/ubuntu/.local/lib/python3.10/site-packages/scipy/special/_ufuncs.cpython-310-x86_64-linux-gnu.so
7f8c46077000-7f8c46078000 r--p 0015f000 00:62 10226473                   /home/ubuntu/.local/lib/python3.10/site-packages/scipy/special/_ufuncs.cpython-310-x86_64-linux-gnu.so
7f8c46078000-7f8c46079000 rw-p 00160000 00:62 10226473                   /home/ubuntu/.local/lib/python3.10/site-packages/scipy/special/_ufuncs.cpython-310-x86_64-linux-gnu.so
7f8c46079000-7f8c46081000 rw-p 00000000 00:00 0 
7f8c46081000-7f8c46084000 rw-p 00189000 00:62 10226473                   /home/ubuntu/.local/lib/python3.10/site-packages/scipy/special/_ufuncs.cpython-310-x86_64-linux-gnu.so
7f8c46084000-7f8c46086000 rw-p 0018c000 00:62 10226473                   /home/ubuntu/.local/lib/python3.10/site-packages/scipy/special/_ufuncs.cpython-310-x86_64-linux-gnu.so
7f8c46086000-7f8c4608b000 r--p 00000000 00:62 42012583                   /usr/lib/x86_64-linux-gnu/libmpdec.so.2.5.1
7f8c4608b000-7f8c460ac000 r-xp 00005000 00:62 42012583                   /usr/lib/x86_64-linux-gnu/libmpdec.so.2.5.1
7f8c460ac000-7f8c460b3000 r--p 00026000 00:62 42012583                   /usr/lib/x86_64-linux-gnu/libmpdec.so.2.5.1
7f8c460b3000-7f8c460b4000 r--p 0002c000 00:62 42012583                   /usr/lib/x86_64-linux-gnu/libmpdec.so.2.5.1
7f8c460b4000-7f8c460b5000 rw-p 0002d000 00:62 42012583                   /usr/lib/x86_64-linux-gnu/libmpdec.so.2.5.1
7f8c460b5000-7f8c460bd000 r--p 00000000 00:62 10045268                   /usr/lib/python3.10/lib-dynload/_decimal.cpython-310-x86_64-linux-gnu.so
7f8c460bd000-7f8c460d2000 r-xp 00008000 00:62 10045268                   /usr/lib/python3.10/lib-dynload/_decimal.cpython-310-x86_64-linux-gnu.so
7f8c460d2000-7f8c460de000 r--p 0001d000 00:62 10045268                   /usr/lib/python3.10/lib-dynload/_decimal.cpython-310-x86_64-linux-gnu.so
7f8c460de000-7f8c460df000 r--p 00028000 00:62 10045268                   /usr/lib/python3.10/lib-dynload/_decimal.cpython-310-x86_64-linux-gnu.so
7f8c460df000-7f8c460e2000 rw-p 00029000 00:62 10045268                   /usr/lib/python3.10/lib-dynload/_decimal.cpython-310-x86_64-linux-gnu.so
7f8c460e2000-7f8c461e2000 rw-p 00000000 00:00 0 
7f8c461e2000-7f8c461e7000 r--p 00000000 00:62 10226848                   /home/ubuntu/.local/lib/python3.10/site-packages/scipy/sparse/csgraph/_reordering.cpython-310-x86_64-linux-gnu.so
7f8c461e7000-7f8c4621e000 r-xp 00005000 00:62 10226848                   /home/ubuntu/.local/lib/python3.10/site-packages/scipy/sparse/csgraph/_reordering.cpython-310-x86_64-linux-gnu.so
7f8c4621e000-7f8c46228000 r--p 0003c000 00:62 10226848                   /home/ubuntu/.local/lib/python3.10/site-packages/scipy/sparse/csgraph/_reordering.cpython-310-x86_64-linux-gnu.so
7f8c46228000-7f8c46229000 r--p 00045000 00:62 10226848                   /home/ubuntu/.local/lib/python3.10/site-packages/scipy/sparse/csgraph/_reordering.cpython-310-x86_64-linux-gnu.so
7f8c46229000-7f8c4622b000 rw-p 00046000 00:62 10226848                   /home/ubuntu/.local/lib/python3.10/site-packages/scipy/sparse/csgraph/_reordering.cpython-310-x86_64-linux-gnu.so
7f8c4622b000-7f8c4622c000 rw-p 00000000 00:00 0 
7f8c4622c000-7f8c46231000 r--p 00000000 00:62 10226851                   /home/ubuntu/.local/lib/python3.10/site-packages/scipy/sparse/csgraph/_matching.cpython-310-x86_64-linux-gnu.so
7f8c46231000-7f8c4626a000 r-xp 00005000 00:62 10226851                   /home/ubuntu/.local/lib/python3.10/site-packages/scipy/sparse/csgraph/_matching.cpython-310-x86_64-linux-gnu.so
7f8c4626a000-7f8c46278000 r--p 0003e000 00:62 10226851                   /home/ubuntu/.local/lib/python3.10/site-packages/scipy/sparse/csgraph/_matching.cpython-310-x86_64-linux-gnu.so
7f8c46278000-7f8c46279000 r--p 0004b000 00:62 10226851                   /home/ubuntu/.local/lib/python3.10/site-packages/scipy/sparse/csgraph/_matching.cpython-310-x86_64-linux-gnu.so
7f8c46279000-7f8c4627b000 rw-p 0004c000 00:62 10226851                   /home/ubuntu/.local/lib/python3.10/site-packages/scipy/sparse/csgraph/_matching.cpython-310-x86_64-linux-gnu.so
7f8c4627b000-7f8c4627c000 rw-p 00000000 00:00 0 
7f8c4627c000-7f8c46281000 r--p 00000000 00:62 10226844                   /home/ubuntu/.local/lib/python3.10/site-packages/scipy/sparse/csgraph/_flow.cpython-310-x86_64-linux-gnu.so
7f8c46281000-7f8c462ba000 r-xp 00005000 00:62 10226844                   /home/ubuntu/.local/lib/python3.10/site-packages/scipy/sparse/csgraph/_flow.cpython-310-x86_64-linux-gnu.so
7f8c462ba000-7f8c462c6000 r--p 0003e000 00:62 10226844                   /home/ubuntu/.local/lib/python3.10/site-packages/scipy/sparse/csgraph/_flow.cpython-310-x86_64-linux-gnu.so
7f8c462c6000-7f8c462c7000 ---p 0004a000 00:62 10226844                   /home/ubuntu/.local/lib/python3.10/site-packages/scipy/sparse/csgraph/_flow.cpython-310-x86_64-linux-gnu.so
7f8c462c7000-7f8c462c8000 r--p 0004a000 00:62 10226844                   /home/ubuntu/.local/lib/python3.10/site-packages/scipy/sparse/csgraph/_flow.cpython-310-x86_64-linux-gnu.so
7f8c462c8000-7f8c462ca000 rw-p 0004b000 00:62 10226844                   /home/ubuntu/.local/lib/python3.10/site-packages/scipy/sparse/csgraph/_flow.cpython-310-x86_64-linux-gnu.so
7f8c462ca000-7f8c462cb000 rw-p 00000000 00:00 0 
7f8c462cb000-7f8c462d0000 r--p 00000000 00:62 10226846                   /home/ubuntu/.local/lib/python3.10/site-packages/scipy/sparse/csgraph/_min_spanning_tree.cpython-310-x86_64-linux-gnu.so
7f8c462d0000-7f8c462fa000 r-xp 00005000 00:62 10226846                   /home/ubuntu/.local/lib/python3.10/site-packages/scipy/sparse/csgraph/_min_spanning_tree.cpython-310-x86_64-linux-gnu.so
7f8c462fa000-7f8c46303000 r--p 0002f000 00:62 10226846                   /home/ubuntu/.local/lib/python3.10/site-packages/scipy/sparse/csgraph/_min_spanning_tree.cpython-310-x86_64-linux-gnu.so
7f8c46303000-7f8c46304000 r--p 00037000 00:62 10226846                   /home/ubuntu/.local/lib/python3.10/site-packages/scipy/sparse/csgraph/_min_spanning_tree.cpython-310-x86_64-linux-gnu.so
7f8c46304000-7f8c46306000 rw-p 00038000 00:62 10226846                   /home/ubuntu/.local/lib/python3.10/site-packages/scipy/sparse/csgraph/_min_spanning_tree.cpython-310-x86_64-linux-gnu.so
7f8c46306000-7f8c46407000 rw-p 00000000 00:00 0 
7f8c46407000-7f8c4640c000 r--p 00000000 00:62 10226853                   /home/ubuntu/.local/lib/python3.10/site-packages/scipy/sparse/csgraph/_traversal.cpython-310-x86_64-linux-gnu.so
7f8c4640c000-7f8c4648a000 r-xp 00005000 00:62 10226853                   /home/ubuntu/.local/lib/python3.10/site-packages/scipy/sparse/csgraph/_traversal.cpython-310-x86_64-linux-gnu.so
7f8c4648a000-7f8c4649b000 r--p 00083000 00:62 10226853                   /home/ubuntu/.local/lib/python3.10/site-packages/scipy/sparse/csgraph/_traversal.cpython-310-x86_64-linux-gnu.so
7f8c4649b000-7f8c4649c000 r--p 00093000 00:62 10226853                   /home/ubuntu/.local/lib/python3.10/site-packages/scipy/sparse/csgraph/_traversal.cpython-310-x86_64-linux-gnu.so
7f8c4649c000-7f8c4649e000 rw-p 00094000 00:62 10226853                   /home/ubuntu/.local/lib/python3.10/site-packages/scipy/sparse/csgraph/_traversal.cpython-310-x86_64-linux-gnu.so
7f8c4649e000-7f8c4649f000 rw-p 00000000 00:00 0 
7f8c4649f000-7f8c464a2000 r--p 00000000 00:62 10226847                   /home/ubuntu/.local/lib/python3.10/site-packages/scipy/sparse/csgraph/_tools.cpython-310-x86_64-linux-gnu.so
7f8c464a2000-7f8c464c3000 r-xp 00003000 00:62 10226847                   /home/ubuntu/.local/lib/python3.10/site-packages/scipy/sparse/csgraph/_tools.cpython-310-x86_64-linux-gnu.so
7f8c464c3000-7f8c464cd000 r--p 00024000 00:62 10226847                   /home/ubuntu/.local/lib/python3.10/site-packages/scipy/sparse/csgraph/_tools.cpython-310-x86_64-linux-gnu.so
7f8c464cd000-7f8c464ce000 r--p 0002d000 00:62 10226847                   /home/ubuntu/.local/lib/python3.10/site-packages/scipy/sparse/csgraph/_tools.cpython-310-x86_64-linux-gnu.so
7f8c464ce000-7f8c464cf000 rw-p 0002e000 00:62 10226847                   /home/ubuntu/.local/lib/python3.10/site-packages/scipy/sparse/csgraph/_tools.cpython-310-x86_64-linux-gnu.so
7f8c464cf000-7f8c464d0000 rw-p 00000000 00:00 0 
7f8c464d0000-7f8c464d5000 r--p 00000000 00:62 10226849                   /home/ubuntu/.local/lib/python3.10/site-packages/scipy/sparse/csgraph/_shortest_path.cpython-310-x86_64-linux-gnu.so
7f8c464d5000-7f8c46538000 r-xp 00005000 00:62 10226849                   /home/ubuntu/.local/lib/python3.10/site-packages/scipy/sparse/csgraph/_shortest_path.cpython-310-x86_64-linux-gnu.so
7f8c46538000-7f8c4654d000 r--p 00068000 00:62 10226849                   /home/ubuntu/.local/lib/python3.10/site-packages/scipy/sparse/csgraph/_shortest_path.cpython-310-x86_64-linux-gnu.so
7f8c4654d000-7f8c4654e000 ---p 0007d000 00:62 10226849                   /home/ubuntu/.local/lib/python3.10/site-packages/scipy/sparse/csgraph/_shortest_path.cpython-310-x86_64-linux-gnu.so
7f8c4654e000-7f8c4654f000 r--p 0007d000 00:62 10226849                   /home/ubuntu/.local/lib/python3.10/site-packages/scipy/sparse/csgraph/_shortest_path.cpython-310-x86_64-linux-gnu.so
7f8c4654f000-7f8c46551000 rw-p 0007e000 00:62 10226849                   /home/ubuntu/.local/lib/python3.10/site-packages/scipy/sparse/csgraph/_shortest_path.cpython-310-x86_64-linux-gnu.so
7f8c46551000-7f8c46553000 rw-p 00000000 00:00 0 
7f8c46553000-7f8c46570000 r--p 00000000 00:62 10226963                   /home/ubuntu/.local/lib/python3.10/site-packages/scipy/sparse/linalg/_propack/_zpropack.cpython-310-x86_64-linux-gnu.so
7f8c46570000-7f8c4658f000 r-xp 0001d000 00:62 10226963                   /home/ubuntu/.local/lib/python3.10/site-packages/scipy/sparse/linalg/_propack/_zpropack.cpython-310-x86_64-linux-gnu.so
7f8c4658f000-7f8c4659f000 r--p 0003c000 00:62 10226963                   /home/ubuntu/.local/lib/python3.10/site-packages/scipy/sparse/linalg/_propack/_zpropack.cpython-310-x86_64-linux-gnu.so
7f8c4659f000-7f8c465a0000 ---p 0004c000 00:62 10226963                   /home/ubuntu/.local/lib/python3.10/site-packages/scipy/sparse/linalg/_propack/_zpropack.cpython-310-x86_64-linux-gnu.so
7f8c465a0000-7f8c465a1000 r--p 0004c000 00:62 10226963                   /home/ubuntu/.local/lib/python3.10/site-packages/scipy/sparse/linalg/_propack/_zpropack.cpython-310-x86_64-linux-gnu.so
7f8c465a1000-7f8c465a9000 rw-p 0004d000 00:62 10226963                   /home/ubuntu/.local/lib/python3.10/site-packages/scipy/sparse/linalg/_propack/_zpropack.cpython-310-x86_64-linux-gnu.so
7f8c465a9000-7f8c465df000 rw-p 00000000 00:00 0 
7f8c465df000-7f8c465f0000 rw-p 00071000 00:62 10226963                   /home/ubuntu/.local/lib/python3.10/site-packages/scipy/sparse/linalg/_propack/_zpropack.cpython-310-x86_64-linux-gnu.so
7f8c465f0000-7f8c465f7000 rw-p 00082000 00:62 10226963                   /home/ubuntu/.local/lib/python3.10/site-packages/scipy/sparse/linalg/_propack/_zpropack.cpython-310-x86_64-linux-gnu.so
7f8c465f7000-7f8c46614000 r--p 00000000 00:62 10226962                   /home/ubuntu/.local/lib/python3.10/site-packages/scipy/sparse/linalg/_propack/_cpropack.cpython-310-x86_64-linux-gnu.so
7f8c46614000-7f8c46635000 r-xp 0001d000 00:62 10226962                   /home/ubuntu/.local/lib/python3.10/site-packages/scipy/sparse/linalg/_propack/_cpropack.cpython-310-x86_64-linux-gnu.so
7f8c46635000-7f8c46645000 r--p 0003e000 00:62 10226962                   /home/ubuntu/.local/lib/python3.10/site-packages/scipy/sparse/linalg/_propack/_cpropack.cpython-310-x86_64-linux-gnu.so
7f8c46645000-7f8c46646000 ---p 0004e000 00:62 10226962                   /home/ubuntu/.local/lib/python3.10/site-packages/scipy/sparse/linalg/_propack/_cpropack.cpython-310-x86_64-linux-gnu.so
7f8c46646000-7f8c46647000 r--p 0004e000 00:62 10226962                   /home/ubuntu/.local/lib/python3.10/site-packages/scipy/sparse/linalg/_propack/_cpropack.cpython-310-x86_64-linux-gnu.so
7f8c46647000-7f8c4664f000 rw-p 0004f000 00:62 10226962                   /home/ubuntu/.local/lib/python3.10/site-packages/scipy/sparse/linalg/_propack/_cpropack.cpython-310-x86_64-linux-gnu.so
7f8c4664f000-7f8c4666a000 rw-p 00000000 00:00 0 
7f8c4666a000-7f8c4667b000 rw-p 00073000 00:62 10226962                   /home/ubuntu/.local/lib/python3.10/site-packages/scipy/sparse/linalg/_propack/_cpropack.cpython-310-x86_64-linux-gnu.so
7f8c4667b000-7f8c46682000 rw-p 00084000 00:62 10226962                   /home/ubuntu/.local/lib/python3.10/site-packages/scipy/sparse/linalg/_propack/_cpropack.cpython-310-x86_64-linux-gnu.so
7f8c46682000-7f8c4669f000 r--p 00000000 00:62 10226961                   /home/ubuntu/.local/lib/python3.10/site-packages/scipy/sparse/linalg/_propack/_dpropack.cpython-310-x86_64-linux-gnu.so
7f8c4669f000-7f8c466ba000 r-xp 0001d000 00:62 10226961                   /home/ubuntu/.local/lib/python3.10/site-packages/scipy/sparse/linalg/_propack/_dpropack.cpython-310-x86_64-linux-gnu.so
7f8c466ba000-7f8c466ca000 r--p 00038000 00:62 10226961                   /home/ubuntu/.local/lib/python3.10/site-packages/scipy/sparse/linalg/_propack/_dpropack.cpython-310-x86_64-linux-gnu.so
7f8c466ca000-7f8c466cb000 r--p 00047000 00:62 10226961                   /home/ubuntu/.local/lib/python3.10/site-packages/scipy/sparse/linalg/_propack/_dpropack.cpython-310-x86_64-linux-gnu.so
7f8c466cb000-7f8c466d3000 rw-p 00048000 00:62 10226961                   /home/ubuntu/.local/lib/python3.10/site-packages/scipy/sparse/linalg/_propack/_dpropack.cpython-310-x86_64-linux-gnu.so
7f8c466d3000-7f8c466e4000 rw-p 0006b000 00:62 10226961                   /home/ubuntu/.local/lib/python3.10/site-packages/scipy/sparse/linalg/_propack/_dpropack.cpython-310-x86_64-linux-gnu.so
7f8c466e4000-7f8c466eb000 rw-p 0007c000 00:62 10226961                   /home/ubuntu/.local/lib/python3.10/site-packages/scipy/sparse/linalg/_propack/_dpropack.cpython-310-x86_64-linux-gnu.so
7f8c466eb000-7f8c46708000 r--p 00000000 00:62 10226964                   /home/ubuntu/.local/lib/python3.10/site-packages/scipy/sparse/linalg/_propack/_spropack.cpython-310-x86_64-linux-gnu.so
7f8c46708000-7f8c46723000 r-xp 0001d000 00:62 10226964                   /home/ubuntu/.local/lib/python3.10/site-packages/scipy/sparse/linalg/_propack/_spropack.cpython-310-x86_64-linux-gnu.so
7f8c46723000-7f8c46733000 r--p 00038000 00:62 10226964                   /home/ubuntu/.local/lib/python3.10/site-packages/scipy/sparse/linalg/_propack/_spropack.cpython-310-x86_64-linux-gnu.so
7f8c46733000-7f8c46734000 r--p 00047000 00:62 10226964                   /home/ubuntu/.local/lib/python3.10/site-packages/scipy/sparse/linalg/_propack/_spropack.cpython-310-x86_64-linux-gnu.so
7f8c46734000-7f8c4673c000 rw-p 00048000 00:62 10226964                   /home/ubuntu/.local/lib/python3.10/site-packages/scipy/sparse/linalg/_propack/_spropack.cpython-310-x86_64-linux-gnu.so
7f8c4673c000-7f8c4674d000 rw-p 0006b000 00:62 10226964                   /home/ubuntu/.local/lib/python3.10/site-packages/scipy/sparse/linalg/_propack/_spropack.cpython-310-x86_64-linux-gnu.so
7f8c4674d000-7f8c46754000 rw-p 0007c000 00:62 10226964                   /home/ubuntu/.local/lib/python3.10/site-packages/scipy/sparse/linalg/_propack/_spropack.cpython-310-x86_64-linux-gnu.so
7f8c46754000-7f8c46772000 r--p 00000000 00:62 10226926                   /home/ubuntu/.local/lib/python3.10/site-packages/scipy/sparse/linalg/_eigen/arpack/_arpack.cpython-310-x86_64-linux-gnu.so
7f8c46772000-7f8c467c9000 r-xp 0001e000 00:62 10226926                   /home/ubuntu/.local/lib/python3.10/site-packages/scipy/sparse/linalg/_eigen/arpack/_arpack.cpython-310-x86_64-linux-gnu.so
7f8c467c9000-7f8c467e5000 r--p 00075000 00:62 10226926                   /home/ubuntu/.local/lib/python3.10/site-packages/scipy/sparse/linalg/_eigen/arpack/_arpack.cpython-310-x86_64-linux-gnu.so
7f8c467e5000-7f8c467e6000 r--p 00090000 00:62 10226926                   /home/ubuntu/.local/lib/python3.10/site-packages/scipy/sparse/linalg/_eigen/arpack/_arpack.cpython-310-x86_64-linux-gnu.so
7f8c467e6000-7f8c467f4000 rw-p 00091000 00:62 10226926                   /home/ubuntu/.local/lib/python3.10/site-packages/scipy/sparse/linalg/_eigen/arpack/_arpack.cpython-310-x86_64-linux-gnu.so
7f8c467f4000-7f8c467f5000 rw-p 00000000 00:00 0 
7f8c467f5000-7f8c46806000 rw-p 000bf000 00:62 10226926                   /home/ubuntu/.local/lib/python3.10/site-packages/scipy/sparse/linalg/_eigen/arpack/_arpack.cpython-310-x86_64-linux-gnu.so
7f8c46806000-7f8c4680d000 rw-p 000d0000 00:62 10226926                   /home/ubuntu/.local/lib/python3.10/site-packages/scipy/sparse/linalg/_eigen/arpack/_arpack.cpython-310-x86_64-linux-gnu.so
7f8c4680d000-7f8c46829000 r--p 00000000 00:62 10226934                   /home/ubuntu/.local/lib/python3.10/site-packages/scipy/sparse/linalg/_dsolve/_superlu.cpython-310-x86_64-linux-gnu.so
7f8c46829000-7f8c46882000 r-xp 0001c000 00:62 10226934                   /home/ubuntu/.local/lib/python3.10/site-packages/scipy/sparse/linalg/_dsolve/_superlu.cpython-310-x86_64-linux-gnu.so
7f8c46882000-7f8c46898000 r--p 00075000 00:62 10226934                   /home/ubuntu/.local/lib/python3.10/site-packages/scipy/sparse/linalg/_dsolve/_superlu.cpython-310-x86_64-linux-gnu.so
7f8c46898000-7f8c46899000 r--p 0008a000 00:62 10226934                   /home/ubuntu/.local/lib/python3.10/site-packages/scipy/sparse/linalg/_dsolve/_superlu.cpython-310-x86_64-linux-gnu.so
7f8c46899000-7f8c4689e000 rw-p 0008b000 00:62 10226934                   /home/ubuntu/.local/lib/python3.10/site-packages/scipy/sparse/linalg/_dsolve/_superlu.cpython-310-x86_64-linux-gnu.so
7f8c4689e000-7f8c468af000 rw-p 000af000 00:62 10226934                   /home/ubuntu/.local/lib/python3.10/site-packages/scipy/sparse/linalg/_dsolve/_superlu.cpython-310-x86_64-linux-gnu.so
7f8c468af000-7f8c468b6000 rw-p 000c0000 00:62 10226934                   /home/ubuntu/.local/lib/python3.10/site-packages/scipy/sparse/linalg/_dsolve/_superlu.cpython-310-x86_64-linux-gnu.so
7f8c468b6000-7f8c468bd000 r--p 00000000 00:62 10226373                   /home/ubuntu/.local/lib/python3.10/site-packages/scipy/linalg/cython_blas.cpython-310-x86_64-linux-gnu.so
7f8c468bd000-7f8c468e9000 r-xp 00007000 00:62 10226373                   /home/ubuntu/.local/lib/python3.10/site-packages/scipy/linalg/cython_blas.cpython-310-x86_64-linux-gnu.so
7f8c468e9000-7f8c468f7000 r--p 00033000 00:62 10226373                   /home/ubuntu/.local/lib/python3.10/site-packages/scipy/linalg/cython_blas.cpython-310-x86_64-linux-gnu.so
7f8c468f7000-7f8c468f8000 ---p 00041000 00:62 10226373                   /home/ubuntu/.local/lib/python3.10/site-packages/scipy/linalg/cython_blas.cpython-310-x86_64-linux-gnu.so
7f8c468f8000-7f8c468f9000 r--p 00041000 00:62 10226373                   /home/ubuntu/.local/lib/python3.10/site-packages/scipy/linalg/cython_blas.cpython-310-x86_64-linux-gnu.so
7f8c468f9000-7f8c468fb000 rw-p 00042000 00:62 10226373                   /home/ubuntu/.local/lib/python3.10/site-packages/scipy/linalg/cython_blas.cpython-310-x86_64-linux-gnu.so
7f8c468fb000-7f8c468fc000 rw-p 00000000 00:00 0 
7f8c468fc000-7f8c46900000 rw-p 00051000 00:62 10226373                   /home/ubuntu/.local/lib/python3.10/site-packages/scipy/linalg/cython_blas.cpython-310-x86_64-linux-gnu.so
7f8c46900000-7f8c46902000 rw-p 00055000 00:62 10226373                   /home/ubuntu/.local/lib/python3.10/site-packages/scipy/linalg/cython_blas.cpython-310-x86_64-linux-gnu.so
7f8c46902000-7f8c46906000 r--p 00000000 00:62 10226393                   /home/ubuntu/.local/lib/python3.10/site-packages/scipy/linalg/_decomp_update.cpython-310-x86_64-linux-gnu.so
7f8c46906000-7f8c46944000 r-xp 00004000 00:62 10226393                   /home/ubuntu/.local/lib/python3.10/site-packages/scipy/linalg/_decomp_update.cpython-310-x86_64-linux-gnu.so
7f8c46944000-7f8c46954000 r--p 00042000 00:62 10226393                   /home/ubuntu/.local/lib/python3.10/site-packages/scipy/linalg/_decomp_update.cpython-310-x86_64-linux-gnu.so
7f8c46954000-7f8c46955000 r--p 00051000 00:62 10226393                   /home/ubuntu/.local/lib/python3.10/site-packages/scipy/linalg/_decomp_update.cpython-310-x86_64-linux-gnu.so
7f8c46955000-7f8c46956000 rw-p 00052000 00:62 10226393                   /home/ubuntu/.local/lib/python3.10/site-packages/scipy/linalg/_decomp_update.cpython-310-x86_64-linux-gnu.so
7f8c46956000-7f8c46957000 rw-p 00000000 00:00 0 
7f8c46957000-7f8c46972000 r--p 00000000 00:62 10226363                   /home/ubuntu/.local/lib/python3.10/site-packages/scipy/linalg/_matfuncs_expm.cpython-310-x86_64-linux-gnu.so
7f8c46972000-7f8c46992000 r-xp 0001b000 00:62 10226363                   /home/ubuntu/.local/lib/python3.10/site-packages/scipy/linalg/_matfuncs_expm.cpython-310-x86_64-linux-gnu.so
7f8c46992000-7f8c469a0000 r--p 0003b000 00:62 10226363                   /home/ubuntu/.local/lib/python3.10/site-packages/scipy/linalg/_matfuncs_expm.cpython-310-x86_64-linux-gnu.so
7f8c469a0000-7f8c469a1000 r--p 00048000 00:62 10226363                   /home/ubuntu/.local/lib/python3.10/site-packages/scipy/linalg/_matfuncs_expm.cpython-310-x86_64-linux-gnu.so
7f8c469a1000-7f8c469a5000 rw-p 00049000 00:62 10226363                   /home/ubuntu/.local/lib/python3.10/site-packages/scipy/linalg/_matfuncs_expm.cpython-310-x86_64-linux-gnu.so
7f8c469a5000-7f8c469b5000 rw-p 00067000 00:62 10226363                   /home/ubuntu/.local/lib/python3.10/site-packages/scipy/linalg/_matfuncs_expm.cpython-310-x86_64-linux-gnu.so
7f8c469b5000-7f8c469bb000 rw-p 00077000 00:62 10226363                   /home/ubuntu/.local/lib/python3.10/site-packages/scipy/linalg/_matfuncs_expm.cpython-310-x86_64-linux-gnu.so
7f8c469bb000-7f8c469f8000 r--p 00000000 00:62 10226371                   /home/ubuntu/.local/lib/python3.10/site-packages/scipy/linalg/_flapack.cpython-310-x86_64-linux-gnu.so
7f8c469f8000-7f8c46ac5000 r-xp 0003d000 00:62 10226371                   /home/ubuntu/.local/lib/python3.10/site-packages/scipy/linalg/_flapack.cpython-310-x86_64-linux-gnu.so
7f8c46ac5000-7f8c46b45000 r--p 0010a000 00:62 10226371                   /home/ubuntu/.local/lib/python3.10/site-packages/scipy/linalg/_flapack.cpython-310-x86_64-linux-gnu.so
7f8c46b45000-7f8c46b46000 r--p 00189000 00:62 10226371                   /home/ubuntu/.local/lib/python3.10/site-packages/scipy/linalg/_flapack.cpython-310-x86_64-linux-gnu.so
7f8c46b46000-7f8c46bd5000 rw-p 0018a000 00:62 10226371                   /home/ubuntu/.local/lib/python3.10/site-packages/scipy/linalg/_flapack.cpython-310-x86_64-linux-gnu.so
7f8c46bd5000-7f8c46be6000 rw-p 00246000 00:62 10226371                   /home/ubuntu/.local/lib/python3.10/site-packages/scipy/linalg/_flapack.cpython-310-x86_64-linux-gnu.so
7f8c46be6000-7f8c46bed000 rw-p 00257000 00:62 10226371                   /home/ubuntu/.local/lib/python3.10/site-packages/scipy/linalg/_flapack.cpython-310-x86_64-linux-gnu.so
7f8c46bed000-7f8c46bee000 ---p 00000000 00:00 0 
7f8c46bee000-7f8c473ee000 rw-p 00000000 00:00 0 
7f8c473ee000-7f8c473ef000 ---p 00000000 00:00 0 
7f8c473ef000-7f8c47bef000 rw-p 00000000 00:00 0 
7f8c47bef000-7f8c47bf0000 ---p 00000000 00:00 0 
7f8c47bf0000-7f8c483f0000 rw-p 00000000 00:00 0 
7f8c483f0000-7f8c483f1000 ---p 00000000 00:00 0 
7f8c483f1000-7f8c48bf1000 rw-p 00000000 00:00 0 
7f8c48bf1000-7f8c48bf2000 ---p 00000000 00:00 0 
7f8c48bf2000-7f8c493f2000 rw-p 00000000 00:00 0 
7f8c493f2000-7f8c493f3000 ---p 00000000 00:00 0 
7f8c493f3000-7f8c49bf3000 rw-p 00000000 00:00 0 
7f8c49bf3000-7f8c49bf4000 ---p 00000000 00:00 0 
7f8c49bf4000-7f8c4a3f4000 rw-p 00000000 00:00 0 
7f8c4a3f4000-7f8c4a3f5000 ---p 00000000 00:00 0 
7f8c4a3f5000-7f8c4abf5000 rw-p 00000000 00:00 0 
7f8c4abf5000-7f8c4abf6000 ---p 00000000 00:00 0 
7f8c4abf6000-7f8c4b3f6000 rw-p 00000000 00:00 0 
7f8c4b3f6000-7f8c4b3f7000 ---p 00000000 00:00 0 
7f8c4b3f7000-7f8c4bbf7000 rw-p 00000000 00:00 0 
7f8c4bbf7000-7f8c4bbf8000 ---p 00000000 00:00 0 
7f8c4bbf8000-7f8c4c3f8000 rw-p 00000000 00:00 0 
7f8c4c3f8000-7f8c4c3f9000 ---p 00000000 00:00 0 
7f8c4c3f9000-7f8c4cbf9000 rw-p 00000000 00:00 0 
7f8c4cbf9000-7f8c4cbfa000 ---p 00000000 00:00 0 
7f8c4cbfa000-7f8c4d3fa000 rw-p 00000000 00:00 0 
7f8c4d3fa000-7f8c4d3fb000 ---p 00000000 00:00 0 
7f8c4d3fb000-7f8c4dbfb000 rw-p 00000000 00:00 0 
7f8c4dbfb000-7f8c4dbfc000 ---p 00000000 00:00 0 
7f8c4dbfc000-7f8c4e3fc000 rw-p 00000000 00:00 0 
7f8c4e3fc000-7f8c4e3fd000 ---p 00000000 00:00 0 
7f8c4e3fd000-7f8c4ebfd000 rw-p 00000000 00:00 0 
7f8c4ebfd000-7f8c4ebfe000 ---p 00000000 00:00 0 
7f8c4ebfe000-7f8c4f3fe000 rw-p 00000000 00:00 0 
7f8c4f3fe000-7f8c4f3ff000 ---p 00000000 00:00 0 
7f8c4f3ff000-7f8c4fbff000 rw-p 00000000 00:00 0 
7f8c4fbff000-7f8c4fc00000 ---p 00000000 00:00 0 
7f8c4fc00000-7f8c78400000 rw-p 00000000 00:00 0 
7f8c78400000-7f8c7843b000 r-xp 00000000 00:62 10227622                   /home/ubuntu/.local/lib/python3.10/site-packages/scipy.libs/libquadmath-96973f99-934c22de.so.0.0.0
7f8c7843b000-7f8c7863a000 ---p 0003b000 00:62 10227622                   /home/ubuntu/.local/lib/python3.10/site-packages/scipy.libs/libquadmath-96973f99-934c22de.so.0.0.0
7f8c7863a000-7f8c7863b000 r--p 0003a000 00:62 10227622                   /home/ubuntu/.local/lib/python3.10/site-packages/scipy.libs/libquadmath-96973f99-934c22de.so.0.0.0
7f8c7863b000-7f8c7863c000 rw-p 0003b000 00:62 10227622                   /home/ubuntu/.local/lib/python3.10/site-packages/scipy.libs/libquadmath-96973f99-934c22de.so.0.0.0
7f8c7863c000-7f8c7863d000 rw-p 0003c000 00:62 10227622                   /home/ubuntu/.local/lib/python3.10/site-packages/scipy.libs/libquadmath-96973f99-934c22de.so.0.0.0
7f8c7863d000-7f8c7863e000 rw-p 0003d000 00:62 10227622                   /home/ubuntu/.local/lib/python3.10/site-packages/scipy.libs/libquadmath-96973f99-934c22de.so.0.0.0
7f8c7863f000-7f8c78641000 r--p 00000000 00:62 10226156                   /home/ubuntu/.local/lib/python3.10/site-packages/scipy/optimize/_slsqp.cpython-310-x86_64-linux-gnu.so
7f8c78641000-7f8c7864e000 r-xp 00002000 00:62 10226156                   /home/ubuntu/.local/lib/python3.10/site-packages/scipy/optimize/_slsqp.cpython-310-x86_64-linux-gnu.so
7f8c7864e000-7f8c78651000 r--p 0000f000 00:62 10226156                   /home/ubuntu/.local/lib/python3.10/site-packages/scipy/optimize/_slsqp.cpython-310-x86_64-linux-gnu.so
7f8c78651000-7f8c78652000 r--p 00011000 00:62 10226156                   /home/ubuntu/.local/lib/python3.10/site-packages/scipy/optimize/_slsqp.cpython-310-x86_64-linux-gnu.so
7f8c78652000-7f8c78653000 rw-p 00012000 00:62 10226156                   /home/ubuntu/.local/lib/python3.10/site-packages/scipy/optimize/_slsqp.cpython-310-x86_64-linux-gnu.so
7f8c78653000-7f8c7866d000 r--p 00000000 00:62 10226353                   /home/ubuntu/.local/lib/python3.10/site-packages/scipy/linalg/cython_lapack.cpython-310-x86_64-linux-gnu.so
7f8c7866d000-7f8c7868c000 r-xp 0001a000 00:62 10226353                   /home/ubuntu/.local/lib/python3.10/site-packages/scipy/linalg/cython_lapack.cpython-310-x86_64-linux-gnu.so
7f8c7868c000-7f8c786e4000 r--p 00039000 00:62 10226353                   /home/ubuntu/.local/lib/python3.10/site-packages/scipy/linalg/cython_lapack.cpython-310-x86_64-linux-gnu.so
7f8c786e4000-7f8c786e5000 ---p 00091000 00:62 10226353                   /home/ubuntu/.local/lib/python3.10/site-packages/scipy/linalg/cython_lapack.cpython-310-x86_64-linux-gnu.so
7f8c786e5000-7f8c786e6000 r--p 00091000 00:62 10226353                   /home/ubuntu/.local/lib/python3.10/site-packages/scipy/linalg/cython_lapack.cpython-310-x86_64-linux-gnu.so
7f8c786e6000-7f8c786ea000 rw-p 00092000 00:62 10226353                   /home/ubuntu/.local/lib/python3.10/site-packages/scipy/linalg/cython_lapack.cpython-310-x86_64-linux-gnu.so
7f8c786ea000-7f8c786fa000 rw-p 000c1000 00:62 10226353                   /home/ubuntu/.local/lib/python3.10/site-packages/scipy/linalg/cython_lapack.cpython-310-x86_64-linux-gnu.so
7f8c786fa000-7f8c78700000 rw-p 000d1000 00:62 10226353                   /home/ubuntu/.local/lib/python3.10/site-packages/scipy/linalg/cython_lapack.cpython-310-x86_64-linux-gnu.so
7f8c78700000-7f8c78800000 rw-p 00000000 00:00 0 
7f8c78800000-7f8c78a76000 r-xp 00000000 00:62 10227618                   /home/ubuntu/.local/lib/python3.10/site-packages/scipy.libs/libgfortran-040039e1-0352e75f.so.5.0.0
7f8c78a76000-7f8c78c75000 ---p 00276000 00:62 10227618                   /home/ubuntu/.local/lib/python3.10/site-packages/scipy.libs/libgfortran-040039e1-0352e75f.so.5.0.0
7f8c78c75000-7f8c78c76000 r--p 00275000 00:62 10227618                   /home/ubuntu/.local/lib/python3.10/site-packages/scipy.libs/libgfortran-040039e1-0352e75f.so.5.0.0
7f8c78c76000-7f8c78c78000 rw-p 00276000 00:62 10227618                   /home/ubuntu/.local/lib/python3.10/site-packages/scipy.libs/libgfortran-040039e1-0352e75f.so.5.0.0
7f8c78c78000-7f8c78c84000 rw-p 0027b000 00:62 10227618                   /home/ubuntu/.local/lib/python3.10/site-packages/scipy.libs/libgfortran-040039e1-0352e75f.so.5.0.0
7f8c78c84000-7f8c78c8d000 rw-p 00287000 00:62 10227618                   /home/ubuntu/.local/lib/python3.10/site-packages/scipy.libs/libgfortran-040039e1-0352e75f.so.5.0.0
7f8c78c8d000-7f8c78c96000 rw-p 00290000 00:62 10227618                   /home/ubuntu/.local/lib/python3.10/site-packages/scipy.libs/libgfortran-040039e1-0352e75f.so.5.0.0
7f8c78c96000-7f8c78c9f000 rw-p 00299000 00:62 10227618                   /home/ubuntu/.local/lib/python3.10/site-packages/scipy.libs/libgfortran-040039e1-0352e75f.so.5.0.0
7f8c78c9f000-7f8c78ca8000 rw-p 002a2000 00:62 10227618                   /home/ubuntu/.local/lib/python3.10/site-packages/scipy.libs/libgfortran-040039e1-0352e75f.so.5.0.0
7f8c78ca8000-7f8c78cb1000 rw-p 002ab000 00:62 10227618                   /home/ubuntu/.local/lib/python3.10/site-packages/scipy.libs/libgfortran-040039e1-0352e75f.so.5.0.0
7f8c78cb2000-7f8c78cb4000 r--p 00000000 00:62 10229398                   /home/ubuntu/.local/lib/python3.10/site-packages/pandas/_libs/pandas_parser.cpython-310-x86_64-linux-gnu.so
7f8c78cb4000-7f8c78cba000 r-xp 00002000 00:62 10229398                   /home/ubuntu/.local/lib/python3.10/site-packages/pandas/_libs/pandas_parser.cpython-310-x86_64-linux-gnu.so
7f8c78cba000-7f8c78cbc000 r--p 00008000 00:62 10229398                   /home/ubuntu/.local/lib/python3.10/site-packages/pandas/_libs/pandas_parser.cpython-310-x86_64-linux-gnu.so
7f8c78cbc000-7f8c78cbd000 r--p 00009000 00:62 10229398                   /home/ubuntu/.local/lib/python3.10/site-packages/pandas/_libs/pandas_parser.cpython-310-x86_64-linux-gnu.so
7f8c78cbd000-7f8c78cbe000 rw-p 0000a000 00:62 10229398                   /home/ubuntu/.local/lib/python3.10/site-packages/pandas/_libs/pandas_parser.cpython-310-x86_64-linux-gnu.so
7f8c78cbe000-7f8c78cc1000 r--p 00000000 00:62 10226463                   /home/ubuntu/.local/lib/python3.10/site-packages/scipy/special/_ellip_harm_2.cpython-310-x86_64-linux-gnu.so
7f8c78cc1000-7f8c78cd5000 r-xp 00003000 00:62 10226463                   /home/ubuntu/.local/lib/python3.10/site-packages/scipy/special/_ellip_harm_2.cpython-310-x86_64-linux-gnu.so
7f8c78cd5000-7f8c78cd8000 r--p 00017000 00:62 10226463                   /home/ubuntu/.local/lib/python3.10/site-packages/scipy/special/_ellip_harm_2.cpython-310-x86_64-linux-gnu.so
7f8c78cd8000-7f8c78cd9000 r--p 00019000 00:62 10226463                   /home/ubuntu/.local/lib/python3.10/site-packages/scipy/special/_ellip_harm_2.cpython-310-x86_64-linux-gnu.so
7f8c78cd9000-7f8c78cda000 rw-p 0001a000 00:62 10226463                   /home/ubuntu/.local/lib/python3.10/site-packages/scipy/special/_ellip_harm_2.cpython-310-x86_64-linux-gnu.so
7f8c78cda000-7f8c78cdc000 rw-p 0001f000 00:62 10226463                   /home/ubuntu/.local/lib/python3.10/site-packages/scipy/special/_ellip_harm_2.cpython-310-x86_64-linux-gnu.so
7f8c78cdc000-7f8c78cdd000 rw-p 00021000 00:62 10226463                   /home/ubuntu/.local/lib/python3.10/site-packages/scipy/special/_ellip_harm_2.cpython-310-x86_64-linux-gnu.so
7f8c78cdd000-7f8c78d88000 r--p 00000000 00:62 10227621                   /home/ubuntu/.local/lib/python3.10/site-packages/scipy.libs/libscipy_openblas-68440149.so
7f8c78d88000-7f8c79e99000 r-xp 000ab000 00:62 10227621                   /home/ubuntu/.local/lib/python3.10/site-packages/scipy.libs/libscipy_openblas-68440149.so
7f8c79e99000-7f8c7a048000 r--p 011bc000 00:62 10227621                   /home/ubuntu/.local/lib/python3.10/site-packages/scipy.libs/libscipy_openblas-68440149.so
7f8c7a048000-7f8c7a04e000 r--p 0136a000 00:62 10227621                   /home/ubuntu/.local/lib/python3.10/site-packages/scipy.libs/libscipy_openblas-68440149.so
7f8c7a04e000-7f8c7a059000 rw-p 01370000 00:62 10227621                   /home/ubuntu/.local/lib/python3.10/site-packages/scipy.libs/libscipy_openblas-68440149.so
7f8c7a059000-7f8c7a061000 rw-p 00000000 00:00 0 
7f8c7a061000-7f8c7a0a3000 rw-p 01435000 00:62 10227621                   /home/ubuntu/.local/lib/python3.10/site-packages/scipy.libs/libscipy_openblas-68440149.so
7f8c7a0a3000-7f8c7a0d1000 rw-p 01477000 00:62 10227621                   /home/ubuntu/.local/lib/python3.10/site-packages/scipy.libs/libscipy_openblas-68440149.so
7f8c7a0d1000-7f8c7a0ff000 rw-p 014a5000 00:62 10227621                   /home/ubuntu/.local/lib/python3.10/site-packages/scipy.libs/libscipy_openblas-68440149.so
7f8c7a0ff000-7f8c7a12d000 rw-p 014d3000 00:62 10227621                   /home/ubuntu/.local/lib/python3.10/site-packages/scipy.libs/libscipy_openblas-68440149.so
7f8c7a12d000-7f8c7a15b000 rw-p 01501000 00:62 10227621                   /home/ubuntu/.local/lib/python3.10/site-packages/scipy.libs/libscipy_openblas-68440149.so
7f8c7a15b000-7f8c7a182000 r--p 00000000 00:62 10226386                   /home/ubuntu/.local/lib/python3.10/site-packages/scipy/linalg/_fblas.cpython-310-x86_64-linux-gnu.so
7f8c7a182000-7f8c7a1ca000 r-xp 00027000 00:62 10226386                   /home/ubuntu/.local/lib/python3.10/site-packages/scipy/linalg/_fblas.cpython-310-x86_64-linux-gnu.so
7f8c7a1ca000-7f8c7a1f7000 r--p 0006f000 00:62 10226386                   /home/ubuntu/.local/lib/python3.10/site-packages/scipy/linalg/_fblas.cpython-310-x86_64-linux-gnu.so
7f8c7a1f7000-7f8c7a1f8000 r--p 0009b000 00:62 10226386                   /home/ubuntu/.local/lib/python3.10/site-packages/scipy/linalg/_fblas.cpython-310-x86_64-linux-gnu.so
7f8c7a1f8000-7f8c7a221000 rw-p 0009c000 00:62 10226386                   /home/ubuntu/.local/lib/python3.10/site-packages/scipy/linalg/_fblas.cpython-310-x86_64-linux-gnu.so
7f8c7a221000-7f8c7a232000 rw-p 000e5000 00:62 10226386                   /home/ubuntu/.local/lib/python3.10/site-packages/scipy/linalg/_fblas.cpython-310-x86_64-linux-gnu.so
7f8c7a232000-7f8c7a239000 rw-p 000f6000 00:62 10226386                   /home/ubuntu/.local/lib/python3.10/site-packages/scipy/linalg/_fblas.cpython-310-x86_64-linux-gnu.so
7f8c7a239000-7f8c7a339000 rw-p 00000000 00:00 0 
7f8c7a339000-7f8c7a33c000 r--p 00000000 00:62 10226810                   /home/ubuntu/.local/lib/python3.10/site-packages/scipy/sparse/_sparsetools.cpython-310-x86_64-linux-gnu.so
7f8c7a33c000-7f8c7a6f3000 r-xp 00003000 00:62 10226810                   /home/ubuntu/.local/lib/python3.10/site-packages/scipy/sparse/_sparsetools.cpython-310-x86_64-linux-gnu.so
7f8c7a6f3000-7f8c7a745000 r--p 003ba000 00:62 10226810                   /home/ubuntu/.local/lib/python3.10/site-packages/scipy/sparse/_sparsetools.cpython-310-x86_64-linux-gnu.so
7f8c7a745000-7f8c7a746000 r--p 0040b000 00:62 10226810                   /home/ubuntu/.local/lib/python3.10/site-packages/scipy/sparse/_sparsetools.cpython-310-x86_64-linux-gnu.so
7f8c7a746000-7f8c7a747000 rw-p 0040c000 00:62 10226810                   /home/ubuntu/.local/lib/python3.10/site-packages/scipy/sparse/_sparsetools.cpython-310-x86_64-linux-gnu.so
7f8c7a747000-7f8c7a847000 rw-p 00000000 00:00 0 
7f8c7a847000-7f8c7a894000 r--p 00000000 00:62 10235024                   /home/ubuntu/.local/lib/python3.10/site-packages/tiktoken/_tiktoken.cpython-310-x86_64-linux-gnu.so
7f8c7a894000-7f8c7a9f3000 r-xp 0004d000 00:62 10235024                   /home/ubuntu/.local/lib/python3.10/site-packages/tiktoken/_tiktoken.cpython-310-x86_64-linux-gnu.so
7f8c7a9f3000-7f8c7aa77000 r--p 001ac000 00:62 10235024                   /home/ubuntu/.local/lib/python3.10/site-packages/tiktoken/_tiktoken.cpython-310-x86_64-linux-gnu.so
7f8c7aa77000-7f8c7aa78000 ---p 00230000 00:62 10235024                   /home/ubuntu/.local/lib/python3.10/site-packages/tiktoken/_tiktoken.cpython-310-x86_64-linux-gnu.so
7f8c7aa78000-7f8c7aab7000 r--p 00230000 00:62 10235024                   /home/ubuntu/.local/lib/python3.10/site-packages/tiktoken/_tiktoken.cpython-310-x86_64-linux-gnu.so
7f8c7aab7000-7f8c7aab8000 rw-p 0026f000 00:62 10235024                   /home/ubuntu/.local/lib/python3.10/site-packages/tiktoken/_tiktoken.cpython-310-x86_64-linux-gnu.so
7f8c7aab8000-7f8c7afb8000 rw-p 00000000 00:00 0 
7f8c7afb8000-7f8c7b04f000 r--p 00000000 00:62 10238461                   /home/ubuntu/.local/lib/python3.10/site-packages/tokenizers/tokenizers.cpython-310-x86_64-linux-gnu.so
7f8c7b04f000-7f8c7b3fb000 r-xp 00097000 00:62 10238461                   /home/ubuntu/.local/lib/python3.10/site-packages/tokenizers/tokenizers.cpython-310-x86_64-linux-gnu.so
7f8c7b3fb000-7f8c7b57d000 r--p 00443000 00:62 10238461                   /home/ubuntu/.local/lib/python3.10/site-packages/tokenizers/tokenizers.cpython-310-x86_64-linux-gnu.so
7f8c7b57d000-7f8c7b5f7000 r--p 005c4000 00:62 10238461                   /home/ubuntu/.local/lib/python3.10/site-packages/tokenizers/tokenizers.cpython-310-x86_64-linux-gnu.so
7f8c7b5f7000-7f8c7b5fe000 rw-p 0063e000 00:62 10238461                   /home/ubuntu/.local/lib/python3.10/site-packages/tokenizers/tokenizers.cpython-310-x86_64-linux-gnu.so
7f8c7b5fe000-7f8c7b653000 r--p 00000000 00:62 10172736                   /home/ubuntu/.local/lib/python3.10/site-packages/sentencepiece/_sentencepiece.cpython-310-x86_64-linux-gnu.so
7f8c7b653000-7f8c7b791000 r-xp 00055000 00:62 10172736                   /home/ubuntu/.local/lib/python3.10/site-packages/sentencepiece/_sentencepiece.cpython-310-x86_64-linux-gnu.so
7f8c7b791000-7f8c7b7e1000 r--p 00193000 00:62 10172736                   /home/ubuntu/.local/lib/python3.10/site-packages/sentencepiece/_sentencepiece.cpython-310-x86_64-linux-gnu.so
7f8c7b7e1000-7f8c7b7e4000 r--p 001e3000 00:62 10172736                   /home/ubuntu/.local/lib/python3.10/site-packages/sentencepiece/_sentencepiece.cpython-310-x86_64-linux-gnu.so
7f8c7b7e4000-7f8c7b7e7000 rw-p 001e6000 00:62 10172736                   /home/ubuntu/.local/lib/python3.10/site-packages/sentencepiece/_sentencepiece.cpython-310-x86_64-linux-gnu.so
7f8c7b7e7000-7f8c7c8e7000 rw-p 00000000 00:00 0 
7f8c7c8e9000-7f8c7c8eb000 r--p 00000000 00:62 10236007                   /home/ubuntu/.local/lib/python3.10/site-packages/sklearn/utils/_sorting.cpython-310-x86_64-linux-gnu.so
7f8c7c8eb000-7f8c7c8ed000 r-xp 00002000 00:62 10236007                   /home/ubuntu/.local/lib/python3.10/site-packages/sklearn/utils/_sorting.cpython-310-x86_64-linux-gnu.so
7f8c7c8ed000-7f8c7c8ee000 r--p 00004000 00:62 10236007                   /home/ubuntu/.local/lib/python3.10/site-packages/sklearn/utils/_sorting.cpython-310-x86_64-linux-gnu.so
7f8c7c8ee000-7f8c7c8ef000 r--p 00004000 00:62 10236007                   /home/ubuntu/.local/lib/python3.10/site-packages/sklearn/utils/_sorting.cpython-310-x86_64-linux-gnu.so
7f8c7c8ef000-7f8c7c8f0000 rw-p 00005000 00:62 10236007                   /home/ubuntu/.local/lib/python3.10/site-packages/sklearn/utils/_sorting.cpython-310-x86_64-linux-gnu.so
7f8c7c8f0000-7f8c7c8f4000 r--p 00000000 00:62 10229401                   /home/ubuntu/.local/lib/python3.10/site-packages/pandas/_libs/properties.cpython-310-x86_64-linux-gnu.so
7f8c7c8f4000-7f8c7c900000 r-xp 00004000 00:62 10229401                   /home/ubuntu/.local/lib/python3.10/site-packages/pandas/_libs/properties.cpython-310-x86_64-linux-gnu.so
7f8c7c900000-7f8c7c903000 r--p 00010000 00:62 10229401                   /home/ubuntu/.local/lib/python3.10/site-packages/pandas/_libs/properties.cpython-310-x86_64-linux-gnu.so
7f8c7c903000-7f8c7c904000 r--p 00012000 00:62 10229401                   /home/ubuntu/.local/lib/python3.10/site-packages/pandas/_libs/properties.cpython-310-x86_64-linux-gnu.so
7f8c7c904000-7f8c7c905000 rw-p 00013000 00:62 10229401                   /home/ubuntu/.local/lib/python3.10/site-packages/pandas/_libs/properties.cpython-310-x86_64-linux-gnu.so
7f8c7c905000-7f8c7c906000 rw-p 00000000 00:00 0 
7f8c7c906000-7f8c7c90d000 r--p 00000000 00:62 10229444                   /home/ubuntu/.local/lib/python3.10/site-packages/pandas/_libs/tslibs/tzconversion.cpython-310-x86_64-linux-gnu.so
7f8c7c90d000-7f8c7c94a000 r-xp 00007000 00:62 10229444                   /home/ubuntu/.local/lib/python3.10/site-packages/pandas/_libs/tslibs/tzconversion.cpython-310-x86_64-linux-gnu.so
7f8c7c94a000-7f8c7c953000 r--p 00044000 00:62 10229444                   /home/ubuntu/.local/lib/python3.10/site-packages/pandas/_libs/tslibs/tzconversion.cpython-310-x86_64-linux-gnu.so
7f8c7c953000-7f8c7c955000 r--p 0004d000 00:62 10229444                   /home/ubuntu/.local/lib/python3.10/site-packages/pandas/_libs/tslibs/tzconversion.cpython-310-x86_64-linux-gnu.so
7f8c7c955000-7f8c7c957000 rw-p 0004f000 00:62 10229444                   /home/ubuntu/.local/lib/python3.10/site-packages/pandas/_libs/tslibs/tzconversion.cpython-310-x86_64-linux-gnu.so
7f8c7c957000-7f8c7c958000 rw-p 00000000 00:00 0 
7f8c7c958000-7f8c7c95f000 r--p 00000000 00:62 10229424                   /home/ubuntu/.local/lib/python3.10/site-packages/pandas/_libs/tslibs/fields.cpython-310-x86_64-linux-gnu.so
7f8c7c95f000-7f8c7c99d000 r-xp 00007000 00:62 10229424                   /home/ubuntu/.local/lib/python3.10/site-packages/pandas/_libs/tslibs/fields.cpython-310-x86_64-linux-gnu.so
7f8c7c99d000-7f8c7c9a7000 r--p 00045000 00:62 10229424                   /home/ubuntu/.local/lib/python3.10/site-packages/pandas/_libs/tslibs/fields.cpython-310-x86_64-linux-gnu.so
7f8c7c9a7000-7f8c7c9a9000 r--p 0004e000 00:62 10229424                   /home/ubuntu/.local/lib/python3.10/site-packages/pandas/_libs/tslibs/fields.cpython-310-x86_64-linux-gnu.so
7f8c7c9a9000-7f8c7c9ab000 rw-p 00050000 00:62 10229424                   /home/ubuntu/.local/lib/python3.10/site-packages/pandas/_libs/tslibs/fields.cpython-310-x86_64-linux-gnu.so
7f8c7c9ab000-7f8c7c9ac000 rw-p 00000000 00:00 0 
7f8c7c9ac000-7f8c7c9ae000 r--p 00000000 00:62 10045286                   /usr/lib/python3.10/lib-dynload/_zoneinfo.cpython-310-x86_64-linux-gnu.so
7f8c7c9ae000-7f8c7c9b4000 r-xp 00002000 00:62 10045286                   /usr/lib/python3.10/lib-dynload/_zoneinfo.cpython-310-x86_64-linux-gnu.so
7f8c7c9b4000-7f8c7c9b6000 r--p 00008000 00:62 10045286                   /usr/lib/python3.10/lib-dynload/_zoneinfo.cpython-310-x86_64-linux-gnu.so
7f8c7c9b6000-7f8c7c9b7000 r--p 00009000 00:62 10045286                   /usr/lib/python3.10/lib-dynload/_zoneinfo.cpython-310-x86_64-linux-gnu.so
7f8c7c9b7000-7f8c7c9b8000 rw-p 0000a000 00:62 10045286                   /usr/lib/python3.10/lib-dynload/_zoneinfo.cpython-310-x86_64-linux-gnu.so
7f8c7c9b8000-7f8c7c9be000 r--p 00000000 00:62 10229442                   /home/ubuntu/.local/lib/python3.10/site-packages/pandas/_libs/tslibs/timezones.cpython-310-x86_64-linux-gnu.so
7f8c7c9be000-7f8c7c9f0000 r-xp 00006000 00:62 10229442                   /home/ubuntu/.local/lib/python3.10/site-packages/pandas/_libs/tslibs/timezones.cpython-310-x86_64-linux-gnu.so
7f8c7c9f0000-7f8c7c9f9000 r--p 00038000 00:62 10229442                   /home/ubuntu/.local/lib/python3.10/site-packages/pandas/_libs/tslibs/timezones.cpython-310-x86_64-linux-gnu.so
7f8c7c9f9000-7f8c7c9fb000 r--p 00040000 00:62 10229442                   /home/ubuntu/.local/lib/python3.10/site-packages/pandas/_libs/tslibs/timezones.cpython-310-x86_64-linux-gnu.so
7f8c7c9fb000-7f8c7c9fd000 rw-p 00042000 00:62 10229442                   /home/ubuntu/.local/lib/python3.10/site-packages/pandas/_libs/tslibs/timezones.cpython-310-x86_64-linux-gnu.so
7f8c7c9fd000-7f8c7c9fe000 rw-p 00000000 00:00 0 
7f8c7c9fe000-7f8c7ca08000 r--p 00000000 00:62 10229438                   /home/ubuntu/.local/lib/python3.10/site-packages/pandas/_libs/tslibs/timedeltas.cpython-310-x86_64-linux-gnu.so
7f8c7ca08000-7f8c7ca76000 r-xp 0000a000 00:62 10229438                   /home/ubuntu/.local/lib/python3.10/site-packages/pandas/_libs/tslibs/timedeltas.cpython-310-x86_64-linux-gnu.so
7f8c7ca76000-7f8c7ca8b000 r--p 00078000 00:62 10229438                   /home/ubuntu/.local/lib/python3.10/site-packages/pandas/_libs/tslibs/timedeltas.cpython-310-x86_64-linux-gnu.so
7f8c7ca8b000-7f8c7ca8e000 r--p 0008c000 00:62 10229438                   /home/ubuntu/.local/lib/python3.10/site-packages/pandas/_libs/tslibs/timedeltas.cpython-310-x86_64-linux-gnu.so
7f8c7ca8e000-7f8c7ca91000 rw-p 0008f000 00:62 10229438                   /home/ubuntu/.local/lib/python3.10/site-packages/pandas/_libs/tslibs/timedeltas.cpython-310-x86_64-linux-gnu.so
7f8c7ca91000-7f8c7ca93000 rw-p 00000000 00:00 0 
7f8c7ca93000-7f8c7ca99000 r--p 00000000 00:62 10229426                   /home/ubuntu/.local/lib/python3.10/site-packages/pandas/_libs/tslibs/nattype.cpython-310-x86_64-linux-gnu.so
7f8c7ca99000-7f8c7caba000 r-xp 00006000 00:62 10229426                   /home/ubuntu/.local/lib/python3.10/site-packages/pandas/_libs/tslibs/nattype.cpython-310-x86_64-linux-gnu.so
7f8c7caba000-7f8c7cac8000 r--p 00027000 00:62 10229426                   /home/ubuntu/.local/lib/python3.10/site-packages/pandas/_libs/tslibs/nattype.cpython-310-x86_64-linux-gnu.so
7f8c7cac8000-7f8c7caca000 r--p 00034000 00:62 10229426                   /home/ubuntu/.local/lib/python3.10/site-packages/pandas/_libs/tslibs/nattype.cpython-310-x86_64-linux-gnu.so
7f8c7caca000-7f8c7cacc000 rw-p 00036000 00:62 10229426                   /home/ubuntu/.local/lib/python3.10/site-packages/pandas/_libs/tslibs/nattype.cpython-310-x86_64-linux-gnu.so
7f8c7cacc000-7f8c7cacd000 rw-p 00000000 00:00 0 
7f8c7cacd000-7f8c7cad8000 r--p 00000000 00:62 10229440                   /home/ubuntu/.local/lib/python3.10/site-packages/pandas/_libs/tslibs/timestamps.cpython-310-x86_64-linux-gnu.so
7f8c7cad8000-7f8c7cb3f000 r-xp 0000b000 00:62 10229440                   /home/ubuntu/.local/lib/python3.10/site-packages/pandas/_libs/tslibs/timestamps.cpython-310-x86_64-linux-gnu.so
7f8c7cb3f000-7f8c7cb60000 r--p 00072000 00:62 10229440                   /home/ubuntu/.local/lib/python3.10/site-packages/pandas/_libs/tslibs/timestamps.cpython-310-x86_64-linux-gnu.so
7f8c7cb60000-7f8c7cb63000 r--p 00092000 00:62 10229440                   /home/ubuntu/.local/lib/python3.10/site-packages/pandas/_libs/tslibs/timestamps.cpython-310-x86_64-linux-gnu.so
7f8c7cb63000-7f8c7cb66000 rw-p 00095000 00:62 10229440                   /home/ubuntu/.local/lib/python3.10/site-packages/pandas/_libs/tslibs/timestamps.cpython-310-x86_64-linux-gnu.so
7f8c7cb66000-7f8c7df68000 rw-p 00000000 00:00 0 
7f8c7df6a000-7f8c7df6f000 r--p 00000000 00:62 10226359                   /home/ubuntu/.local/lib/python3.10/site-packages/scipy/linalg/_matfuncs_sqrtm_triu.cpython-310-x86_64-linux-gnu.so
7f8c7df6f000-7f8c7df9d000 r-xp 00005000 00:62 10226359                   /home/ubuntu/.local/lib/python3.10/site-packages/scipy/linalg/_matfuncs_sqrtm_triu.cpython-310-x86_64-linux-gnu.so
7f8c7df9d000-7f8c7dfa5000 r--p 00033000 00:62 10226359                   /home/ubuntu/.local/lib/python3.10/site-packages/scipy/linalg/_matfuncs_sqrtm_triu.cpython-310-x86_64-linux-gnu.so
7f8c7dfa5000-7f8c7dfa6000 r--p 0003a000 00:62 10226359                   /home/ubuntu/.local/lib/python3.10/site-packages/scipy/linalg/_matfuncs_sqrtm_triu.cpython-310-x86_64-linux-gnu.so
7f8c7dfa6000-7f8c7dfa8000 rw-p 0003b000 00:62 10226359                   /home/ubuntu/.local/lib/python3.10/site-packages/scipy/linalg/_matfuncs_sqrtm_triu.cpython-310-x86_64-linux-gnu.so
7f8c7dfa8000-7f8c7e5a9000 rw-p 00000000 00:00 0 
7f8c7e5a9000-7f8c7e65b000 r--p 00000000 00:62 25773368                   /usr/lib/x86_64-linux-gnu/libcrypto.so.3
7f8c7e65b000-7f8c7e8ba000 r-xp 000b2000 00:62 25773368                   /usr/lib/x86_64-linux-gnu/libcrypto.so.3
7f8c7e8ba000-7f8c7e98c000 r--p 00311000 00:62 25773368                   /usr/lib/x86_64-linux-gnu/libcrypto.so.3
7f8c7e98c000-7f8c7e9e7000 r--p 003e2000 00:62 25773368                   /usr/lib/x86_64-linux-gnu/libcrypto.so.3
7f8c7e9e7000-7f8c7e9ea000 rw-p 0043d000 00:62 25773368                   /usr/lib/x86_64-linux-gnu/libcrypto.so.3
7f8c7e9ea000-7f8c829ed000 rw-p 00000000 00:00 0 
7f8c829ed000-7f8c829ee000 ---p 00000000 00:00 0 
7f8c829ee000-7f8c851ee000 rw-p 00000000 00:00 0 
7f8c851ee000-7f8c851ef000 ---p 00000000 00:00 0 
7f8c851ef000-7f8c879ef000 rw-p 00000000 00:00 0 
7f8c879ef000-7f8c879f0000 ---p 00000000 00:00 0 
7f8c879f0000-7f8c8a1f0000 rw-p 00000000 00:00 0 
7f8c8a1f0000-7f8c8a1f1000 ---p 00000000 00:00 0 
7f8c8a1f1000-7f8c8c9f1000 rw-p 00000000 00:00 0 
7f8c8c9f1000-7f8c8c9f2000 ---p 00000000 00:00 0 
7f8c8c9f2000-7f8c8f1f2000 rw-p 00000000 00:00 0 
7f8c8f1f2000-7f8c8f1f3000 ---p 00000000 00:00 0 
7f8c8f1f3000-7f8c919f3000 rw-p 00000000 00:00 0 
7f8c919f3000-7f8c919f4000 ---p 00000000 00:00 0 
7f8c919f4000-7f8c941f4000 rw-p 00000000 00:00 0 
7f8c941f4000-7f8c941f5000 ---p 00000000 00:00 0 
7f8c941f5000-7f8c969f5000 rw-p 00000000 00:00 0 
7f8c969f5000-7f8c969f6000 ---p 00000000 00:00 0 
7f8c969f6000-7f8c9b1f6000 rw-p 00000000 00:00 0 
7f8c9b1f6000-7f8c9b1f7000 ---p 00000000 00:00 0 
7f8c9b1f7000-7f8c9d9f7000 rw-p 00000000 00:00 0 
7f8c9d9f7000-7f8c9d9f8000 ---p 00000000 00:00 0 
7f8c9d9f8000-7f8c9e1f8000 rw-p 00000000 00:00 0 
7f8c9e1f8000-7f8c9e1f9000 ---p 00000000 00:00 0 
7f8c9e1f9000-7f8ca49f9000 rw-p 00000000 00:00 0 
7f8ca49f9000-7f8ca49fa000 ---p 00000000 00:00 0 
7f8ca49fa000-7f8ca51fa000 rw-p 00000000 00:00 0 
7f8ca51fa000-7f8ca51fb000 ---p 00000000 00:00 0 
7f8ca51fb000-7f8ca59fb000 rw-p 00000000 00:00 0 
7f8ca59fb000-7f8ca59fc000 ---p 00000000 00:00 0 
7f8ca59fc000-7f8caa1fc000 rw-p 00000000 00:00 0 
7f8caa1fc000-7f8caa1fd000 ---p 00000000 00:00 0 
7f8caa1fd000-7f8cac9fd000 rw-p 00000000 00:00 0 
7f8cac9fd000-7f8cac9fe000 ---p 00000000 00:00 0 
7f8cac9fe000-7f8cad1fe000 rw-p 00000000 00:00 0 
7f8cad1fe000-7f8cad1ff000 ---p 00000000 00:00 0 
7f8cad1ff000-7f8cad9ff000 rw-p 00000000 00:00 0 
7f8cad9ff000-7f8cada00000 ---p 00000000 00:00 0 
7f8cada00000-7f8cae200000 rw-p 00000000 00:00 0 
7f8cae200000-7f8cae23b000 r-xp 00000000 00:62 10175842                   /home/ubuntu/.local/lib/python3.10/site-packages/numpy.libs/libquadmath-96973f99.so.0.0.0
7f8cae23b000-7f8cae43a000 ---p 0003b000 00:62 10175842                   /home/ubuntu/.local/lib/python3.10/site-packages/numpy.libs/libquadmath-96973f99.so.0.0.0
7f8cae43a000-7f8cae43b000 r--p 0003a000 00:62 10175842                   /home/ubuntu/.local/lib/python3.10/site-packages/numpy.libs/libquadmath-96973f99.so.0.0.0
7f8cae43b000-7f8cae43c000 rw-p 0003b000 00:62 10175842                   /home/ubuntu/.local/lib/python3.10/site-packages/numpy.libs/libquadmath-96973f99.so.0.0.0
7f8cae43c000-7f8cae43d000 rw-p 0003c000 00:62 10175842                   /home/ubuntu/.local/lib/python3.10/site-packages/numpy.libs/libquadmath-96973f99.so.0.0.0
7f8cae441000-7f8cae447000 r--p 00000000 00:62 10226838                   /home/ubuntu/.local/lib/python3.10/site-packages/scipy/sparse/_csparsetools.cpython-310-x86_64-linux-gnu.so
7f8cae447000-7f8cae4eb000 r-xp 00006000 00:62 10226838                   /home/ubuntu/.local/lib/python3.10/site-packages/scipy/sparse/_csparsetools.cpython-310-x86_64-linux-gnu.so
7f8cae4eb000-7f8cae4fa000 r--p 000aa000 00:62 10226838                   /home/ubuntu/.local/lib/python3.10/site-packages/scipy/sparse/_csparsetools.cpython-310-x86_64-linux-gnu.so
7f8cae4fa000-7f8cae4fb000 r--p 000b8000 00:62 10226838                   /home/ubuntu/.local/lib/python3.10/site-packages/scipy/sparse/_csparsetools.cpython-310-x86_64-linux-gnu.so
7f8cae4fb000-7f8cae4fe000 rw-p 000b9000 00:62 10226838                   /home/ubuntu/.local/lib/python3.10/site-packages/scipy/sparse/_csparsetools.cpython-310-x86_64-linux-gnu.so
7f8cae4fe000-7f8cae600000 rw-p 00000000 00:00 0 
7f8cae600000-7f8cae876000 r-xp 00000000 00:62 10175843                   /home/ubuntu/.local/lib/python3.10/site-packages/numpy.libs/libgfortran-040039e1.so.5.0.0
7f8cae876000-7f8caea75000 ---p 00276000 00:62 10175843                   /home/ubuntu/.local/lib/python3.10/site-packages/numpy.libs/libgfortran-040039e1.so.5.0.0
7f8caea75000-7f8caea76000 r--p 00275000 00:62 10175843                   /home/ubuntu/.local/lib/python3.10/site-packages/numpy.libs/libgfortran-040039e1.so.5.0.0
7f8caea76000-7f8caea78000 rw-p 00276000 00:62 10175843                   /home/ubuntu/.local/lib/python3.10/site-packages/numpy.libs/libgfortran-040039e1.so.5.0.0
7f8caea78000-7f8caea84000 rw-p 0027b000 00:62 10175843                   /home/ubuntu/.local/lib/python3.10/site-packages/numpy.libs/libgfortran-040039e1.so.5.0.0
7f8caea84000-7f8caea8d000 rw-p 00287000 00:62 10175843                   /home/ubuntu/.local/lib/python3.10/site-packages/numpy.libs/libgfortran-040039e1.so.5.0.0
7f8caea91000-7f8caea94000 r--p 00000000 00:62 10226192                   /home/ubuntu/.local/lib/python3.10/site-packages/scipy/optimize/_group_columns.cpython-310-x86_64-linux-gnu.so
7f8caea94000-7f8caeaa1000 r-xp 00003000 00:62 10226192                   /home/ubuntu/.local/lib/python3.10/site-packages/scipy/optimize/_group_columns.cpython-310-x86_64-linux-gnu.so
7f8caeaa1000-7f8caeaa4000 r--p 00010000 00:62 10226192                   /home/ubuntu/.local/lib/python3.10/site-packages/scipy/optimize/_group_columns.cpython-310-x86_64-linux-gnu.so
7f8caeaa4000-7f8caeaa5000 r--p 00012000 00:62 10226192                   /home/ubuntu/.local/lib/python3.10/site-packages/scipy/optimize/_group_columns.cpython-310-x86_64-linux-gnu.so
7f8caeaa5000-7f8caeaa6000 rw-p 00013000 00:62 10226192                   /home/ubuntu/.local/lib/python3.10/site-packages/scipy/optimize/_group_columns.cpython-310-x86_64-linux-gnu.so
7f8caeaa6000-7f8caeab4000 r--p 00000000 00:62 10172773                   /home/ubuntu/.local/lib/python3.10/site-packages/safetensors/_safetensors_rust.abi3.so
7f8caeab4000-7f8caeb4a000 r-xp 0000e000 00:62 10172773                   /home/ubuntu/.local/lib/python3.10/site-packages/safetensors/_safetensors_rust.abi3.so
7f8caeb4a000-7f8caeb75000 r--p 000a4000 00:62 10172773                   /home/ubuntu/.local/lib/python3.10/site-packages/safetensors/_safetensors_rust.abi3.so
7f8caeb75000-7f8caeb7e000 r--p 000ce000 00:62 10172773                   /home/ubuntu/.local/lib/python3.10/site-packages/safetensors/_safetensors_rust.abi3.so
7f8caeb7e000-7f8caeb80000 rw-p 000d7000 00:62 10172773                   /home/ubuntu/.local/lib/python3.10/site-packages/safetensors/_safetensors_rust.abi3.so
7f8caeb80000-7f8caec8a000 r--p 00000000 00:62 10175841                   /home/ubuntu/.local/lib/python3.10/site-packages/numpy.libs/libopenblas64_p-r0-0cf96a72.3.23.dev.so
7f8caec8a000-7f8caec92000 r-xp 0010a000 00:62 10175841                   /home/ubuntu/.local/lib/python3.10/site-packages/numpy.libs/libopenblas64_p-r0-0cf96a72.3.23.dev.so
7f8caec92000-7f8caec98000 ---p 00112000 00:62 10175841                   /home/ubuntu/.local/lib/python3.10/site-packages/numpy.libs/libopenblas64_p-r0-0cf96a72.3.23.dev.so
7f8caec98000-7f8cb0919000 r-xp 00118000 00:62 10175841                   /home/ubuntu/.local/lib/python3.10/site-packages/numpy.libs/libopenblas64_p-r0-0cf96a72.3.23.dev.so
7f8cb0919000-7f8cb0b29000 r--p 01d99000 00:62 10175841                   /home/ubuntu/.local/lib/python3.10/site-packages/numpy.libs/libopenblas64_p-r0-0cf96a72.3.23.dev.so
7f8cb0b29000-7f8cb0b2a000 ---p 01fa9000 00:62 10175841                   /home/ubuntu/.local/lib/python3.10/site-packages/numpy.libs/libopenblas64_p-r0-0cf96a72.3.23.dev.so
7f8cb0b2a000-7f8cb0b30000 r--p 01fa9000 00:62 10175841                   /home/ubuntu/.local/lib/python3.10/site-packages/numpy.libs/libopenblas64_p-r0-0cf96a72.3.23.dev.so
7f8cb0b30000-7f8cb0b47000 rw-p 01faf000 00:62 10175841                   /home/ubuntu/.local/lib/python3.10/site-packages/numpy.libs/libopenblas64_p-r0-0cf96a72.3.23.dev.so
7f8cb0b47000-7f8cb0b53000 rw-p 00000000 00:00 0 
7f8cb0b53000-7f8cb0bb6000 rw-p 020d4000 00:62 10175841                   /home/ubuntu/.local/lib/python3.10/site-packages/numpy.libs/libopenblas64_p-r0-0cf96a72.3.23.dev.so
7f8cb0bb6000-7f8cb0bff000 rw-p 02137000 00:62 10175841                   /home/ubuntu/.local/lib/python3.10/site-packages/numpy.libs/libopenblas64_p-r0-0cf96a72.3.23.dev.so
7f8cb0bff000-7f8cb0c2a000 r--p 00000000 00:62 10175524                   /home/ubuntu/.local/lib/python3.10/site-packages/numpy/core/_multiarray_umath.cpython-310-x86_64-linux-gnu.so
7f8cb0c2a000-7f8cb1108000 r-xp 0002b000 00:62 10175524                   /home/ubuntu/.local/lib/python3.10/site-packages/numpy/core/_multiarray_umath.cpython-310-x86_64-linux-gnu.so
7f8cb1108000-7f8cb127c000 r--p 00509000 00:62 10175524                   /home/ubuntu/.local/lib/python3.10/site-packages/numpy/core/_multiarray_umath.cpython-310-x86_64-linux-gnu.so
7f8cb127c000-7f8cb127d000 ---p 0067d000 00:62 10175524                   /home/ubuntu/.local/lib/python3.10/site-packages/numpy/core/_multiarray_umath.cpython-310-x86_64-linux-gnu.so
7f8cb127d000-7f8cb127f000 r--p 0067d000 00:62 10175524                   /home/ubuntu/.local/lib/python3.10/site-packages/numpy/core/_multiarray_umath.cpython-310-x86_64-linux-gnu.so
7f8cb127f000-7f8cb12a2000 rw-p 0067f000 00:62 10175524                   /home/ubuntu/.local/lib/python3.10/site-packages/numpy/core/_multiarray_umath.cpython-310-x86_64-linux-gnu.so
7f8cb12a2000-7f8cb12c2000 rw-p 00000000 00:00 0 
7f8cb12c2000-7f8cb12c8000 rw-p 0070b000 00:62 10175524                   /home/ubuntu/.local/lib/python3.10/site-packages/numpy/core/_multiarray_umath.cpython-310-x86_64-linux-gnu.so
7f8cb12c8000-7f8cb12cd000 rw-p 00711000 00:62 10175524                   /home/ubuntu/.local/lib/python3.10/site-packages/numpy/core/_multiarray_umath.cpython-310-x86_64-linux-gnu.so
7f8cb12cd000-7f8cb137c000 r--p 00000000 103:03 106299464                 /usr/lib/x86_64-linux-gnu/libcuda.so.555.42.02
7f8cb137c000-7f8cb1806000 r-xp 000af000 103:03 106299464                 /usr/lib/x86_64-linux-gnu/libcuda.so.555.42.02
7f8cb1806000-7f8cb2cdd000 r--p 00539000 103:03 106299464                 /usr/lib/x86_64-linux-gnu/libcuda.so.555.42.02
7f8cb2cdd000-7f8cb2cde000 ---p 01a10000 103:03 106299464                 /usr/lib/x86_64-linux-gnu/libcuda.so.555.42.02
7f8cb2cde000-7f8cb2cf5000 r--p 01a10000 103:03 106299464                 /usr/lib/x86_64-linux-gnu/libcuda.so.555.42.02
7f8cb2cf5000-7f8cb2d99000 rw-p 01a27000 103:03 106299464                 /usr/lib/x86_64-linux-gnu/libcuda.so.555.42.02
7f8cb2d99000-7f8cb2e00000 rw-p 00000000 00:00 0 
7f8cb2e00000-7f8cbb643000 r-xp 00000000 00:62 10100322                   /home/ubuntu/.local/lib/python3.10/site-packages/nvidia/nvshmem/lib/libnvshmem_host.so.3
7f8cbb643000-7f8cbb843000 ---p 08843000 00:62 10100322                   /home/ubuntu/.local/lib/python3.10/site-packages/nvidia/nvshmem/lib/libnvshmem_host.so.3
7f8cbb843000-7f8cbb848000 r--p 08843000 00:62 10100322                   /home/ubuntu/.local/lib/python3.10/site-packages/nvidia/nvshmem/lib/libnvshmem_host.so.3
7f8cbb848000-7f8cbb84f000 rw-p 08848000 00:62 10100322                   /home/ubuntu/.local/lib/python3.10/site-packages/nvidia/nvshmem/lib/libnvshmem_host.so.3
7f8cbb84f000-7f8cbb875000 rw-p 00000000 00:00 0 
7f8cbb875000-7f8cbb876000 r--s 00000000 08:00 45646499                   /home/ubuntu/tbazzocchi/FRAG/MedRAG/corpus/wikipedia/index/bm25/_a.fdx
7f8cbb876000-7f8cbb877000 r--s 00000000 08:00 45646512                   /home/ubuntu/tbazzocchi/FRAG/MedRAG/corpus/wikipedia/index/bm25/_6.fdx
7f8cbb877000-7f8cbb879000 r--p 00000000 00:62 10227561                   /home/ubuntu/.local/lib/python3.10/site-packages/scipy/spatial/_distance_wrap.cpython-310-x86_64-linux-gnu.so
7f8cbb879000-7f8cbb88d000 r-xp 00002000 00:62 10227561                   /home/ubuntu/.local/lib/python3.10/site-packages/scipy/spatial/_distance_wrap.cpython-310-x86_64-linux-gnu.so
7f8cbb88d000-7f8cbb88f000 r--p 00016000 00:62 10227561                   /home/ubuntu/.local/lib/python3.10/site-packages/scipy/spatial/_distance_wrap.cpython-310-x86_64-linux-gnu.so
7f8cbb88f000-7f8cbb890000 ---p 00018000 00:62 10227561                   /home/ubuntu/.local/lib/python3.10/site-packages/scipy/spatial/_distance_wrap.cpython-310-x86_64-linux-gnu.so
7f8cbb890000-7f8cbb891000 r--p 00018000 00:62 10227561                   /home/ubuntu/.local/lib/python3.10/site-packages/scipy/spatial/_distance_wrap.cpython-310-x86_64-linux-gnu.so
7f8cbb891000-7f8cbb892000 rw-p 00019000 00:62 10227561                   /home/ubuntu/.local/lib/python3.10/site-packages/scipy/spatial/_distance_wrap.cpython-310-x86_64-linux-gnu.so
7f8cbb892000-7f8cbb898000 r--p 00000000 00:62 10226385                   /home/ubuntu/.local/lib/python3.10/site-packages/scipy/linalg/_cythonized_array_utils.cpython-310-x86_64-linux-gnu.so
7f8cbb898000-7f8cbb90c000 r-xp 00006000 00:62 10226385                   /home/ubuntu/.local/lib/python3.10/site-packages/scipy/linalg/_cythonized_array_utils.cpython-310-x86_64-linux-gnu.so
7f8cbb90c000-7f8cbb91a000 r--p 0007a000 00:62 10226385                   /home/ubuntu/.local/lib/python3.10/site-packages/scipy/linalg/_cythonized_array_utils.cpython-310-x86_64-linux-gnu.so
7f8cbb91a000-7f8cbb91b000 ---p 00088000 00:62 10226385                   /home/ubuntu/.local/lib/python3.10/site-packages/scipy/linalg/_cythonized_array_utils.cpython-310-x86_64-linux-gnu.so
7f8cbb91b000-7f8cbb91c000 r--p 00088000 00:62 10226385                   /home/ubuntu/.local/lib/python3.10/site-packages/scipy/linalg/_cythonized_array_utils.cpython-310-x86_64-linux-gnu.so
7f8cbb91c000-7f8cbb91f000 rw-p 00089000 00:62 10226385                   /home/ubuntu/.local/lib/python3.10/site-packages/scipy/linalg/_cythonized_array_utils.cpython-310-x86_64-linux-gnu.so
7f8cbb91f000-7f8cbb920000 rw-p 00000000 00:00 0 
7f8cbb920000-7f8cbb927000 r--p 00000000 00:62 10175431                   /home/ubuntu/.local/lib/python3.10/site-packages/numpy/random/_generator.cpython-310-x86_64-linux-gnu.so
7f8cbb927000-7f8cbb9a7000 r-xp 00007000 00:62 10175431                   /home/ubuntu/.local/lib/python3.10/site-packages/numpy/random/_generator.cpython-310-x86_64-linux-gnu.so
7f8cbb9a7000-7f8cbb9fb000 r--p 00087000 00:62 10175431                   /home/ubuntu/.local/lib/python3.10/site-packages/numpy/random/_generator.cpython-310-x86_64-linux-gnu.so
7f8cbb9fb000-7f8cbb9fc000 r--p 000da000 00:62 10175431                   /home/ubuntu/.local/lib/python3.10/site-packages/numpy/random/_generator.cpython-310-x86_64-linux-gnu.so
7f8cbb9fc000-7f8cbb9fe000 rw-p 000db000 00:62 10175431                   /home/ubuntu/.local/lib/python3.10/site-packages/numpy/random/_generator.cpython-310-x86_64-linux-gnu.so
7f8cbb9fe000-7f8cbba00000 rw-p 00000000 00:00 0 
7f8cbba00000-7f8cd5269000 r-xp 00000000 00:62 10100646                   /home/ubuntu/.local/lib/python3.10/site-packages/nvidia/cublas/lib/libcublasLt.so.12
7f8cd5269000-7f8cd5469000 ---p 19869000 00:62 10100646                   /home/ubuntu/.local/lib/python3.10/site-packages/nvidia/cublas/lib/libcublasLt.so.12
7f8cd5469000-7f8cd56a7000 r--p 19869000 00:62 10100646                   /home/ubuntu/.local/lib/python3.10/site-packages/nvidia/cublas/lib/libcublasLt.so.12
7f8cd56a7000-7f8cd905b000 rw-p 19aa7000 00:62 10100646                   /home/ubuntu/.local/lib/python3.10/site-packages/nvidia/cublas/lib/libcublasLt.so.12
7f8cd905b000-7f8cdd22c000 rw-p 00000000 00:00 0 
7f8cdd22c000-7f8cdd22d000 r--s 00000000 08:00 45646534                   /home/ubuntu/tbazzocchi/FRAG/MedRAG/corpus/wikipedia/index/bm25/_8.fdx
7f8cdd22d000-7f8cdd23d000 r--p 00000000 00:62 10172787                   /home/ubuntu/.local/lib/python3.10/site-packages/regex/_regex.cpython-310-x86_64-linux-gnu.so
7f8cdd23d000-7f8cdd277000 r-xp 00010000 00:62 10172787                   /home/ubuntu/.local/lib/python3.10/site-packages/regex/_regex.cpython-310-x86_64-linux-gnu.so
7f8cdd277000-7f8cdd2f6000 r--p 0004a000 00:62 10172787                   /home/ubuntu/.local/lib/python3.10/site-packages/regex/_regex.cpython-310-x86_64-linux-gnu.so
7f8cdd2f6000-7f8cdd2f7000 r--p 000c8000 00:62 10172787                   /home/ubuntu/.local/lib/python3.10/site-packages/regex/_regex.cpython-310-x86_64-linux-gnu.so
7f8cdd2f7000-7f8cdd300000 rw-p 000c9000 00:62 10172787                   /home/ubuntu/.local/lib/python3.10/site-packages/regex/_regex.cpython-310-x86_64-linux-gnu.so
7f8cdd300000-7f8cdd400000 rw-p 00000000 00:00 0 
7f8cdd400000-7f8ce3b28000 r-xp 00000000 00:62 10100645                   /home/ubuntu/.local/lib/python3.10/site-packages/nvidia/cublas/lib/libcublas.so.12
7f8ce3b28000-7f8ce3d28000 ---p 06728000 00:62 10100645                   /home/ubuntu/.local/lib/python3.10/site-packages/nvidia/cublas/lib/libcublas.so.12
7f8ce3d28000-7f8ce3d34000 r--p 06728000 00:62 10100645                   /home/ubuntu/.local/lib/python3.10/site-packages/nvidia/cublas/lib/libcublas.so.12
7f8ce3d34000-7f8ce3d3b000 rw-p 06734000 00:62 10100645                   /home/ubuntu/.local/lib/python3.10/site-packages/nvidia/cublas/lib/libcublas.so.12
7f8ce3d3b000-7f8ce3d47000 rw-p 00000000 00:00 0 
7f8ce3d47000-7f8ce3d49000 r--p 00000000 00:62 10553176                   /usr/lib/jvm/java-17-openjdk-amd64/lib/libmanagement.so
7f8ce3d49000-7f8ce3d4a000 r-xp 00002000 00:62 10553176                   /usr/lib/jvm/java-17-openjdk-amd64/lib/libmanagement.so
7f8ce3d4a000-7f8ce3d4b000 r--p 00003000 00:62 10553176                   /usr/lib/jvm/java-17-openjdk-amd64/lib/libmanagement.so
7f8ce3d4b000-7f8ce3d4c000 r--p 00003000 00:62 10553176                   /usr/lib/jvm/java-17-openjdk-amd64/lib/libmanagement.so
7f8ce3d4c000-7f8ce3d4d000 rw-p 00004000 00:62 10553176                   /usr/lib/jvm/java-17-openjdk-amd64/lib/libmanagement.so
7f8ce3d4d000-7f8ce3d4e000 r--p 00000000 00:62 10226176                   /home/ubuntu/.local/lib/python3.10/site-packages/scipy/optimize/_direct.cpython-310-x86_64-linux-gnu.so
7f8ce3d4e000-7f8ce3d54000 r-xp 00001000 00:62 10226176                   /home/ubuntu/.local/lib/python3.10/site-packages/scipy/optimize/_direct.cpython-310-x86_64-linux-gnu.so
7f8ce3d54000-7f8ce3d56000 r--p 00007000 00:62 10226176                   /home/ubuntu/.local/lib/python3.10/site-packages/scipy/optimize/_direct.cpython-310-x86_64-linux-gnu.so
7f8ce3d56000-7f8ce3d57000 r--p 00008000 00:62 10226176                   /home/ubuntu/.local/lib/python3.10/site-packages/scipy/optimize/_direct.cpython-310-x86_64-linux-gnu.so
7f8ce3d57000-7f8ce3d58000 rw-p 00009000 00:62 10226176                   /home/ubuntu/.local/lib/python3.10/site-packages/scipy/optimize/_direct.cpython-310-x86_64-linux-gnu.so
7f8ce3d58000-7f8ce3d5d000 r--p 00000000 00:62 10226354                   /home/ubuntu/.local/lib/python3.10/site-packages/scipy/linalg/_decomp_lu_cython.cpython-310-x86_64-linux-gnu.so
7f8ce3d5d000-7f8ce3d89000 r-xp 00005000 00:62 10226354                   /home/ubuntu/.local/lib/python3.10/site-packages/scipy/linalg/_decomp_lu_cython.cpython-310-x86_64-linux-gnu.so
7f8ce3d89000-7f8ce3d91000 r--p 00031000 00:62 10226354                   /home/ubuntu/.local/lib/python3.10/site-packages/scipy/linalg/_decomp_lu_cython.cpython-310-x86_64-linux-gnu.so
7f8ce3d91000-7f8ce3d92000 r--p 00038000 00:62 10226354                   /home/ubuntu/.local/lib/python3.10/site-packages/scipy/linalg/_decomp_lu_cython.cpython-310-x86_64-linux-gnu.so
7f8ce3d92000-7f8ce3d94000 rw-p 00039000 00:62 10226354                   /home/ubuntu/.local/lib/python3.10/site-packages/scipy/linalg/_decomp_lu_cython.cpython-310-x86_64-linux-gnu.so
7f8ce3d94000-7f8ce3d95000 rw-p 00000000 00:00 0 
7f8ce3d95000-7f8ce3d9f000 r--p 00000000 00:62 10238240                   /home/ubuntu/.local/lib/python3.10/site-packages/aiohttp/_http_parser.cpython-310-x86_64-linux-gnu.so
7f8ce3d9f000-7f8ce3ded000 r-xp 0000a000 00:62 10238240                   /home/ubuntu/.local/lib/python3.10/site-packages/aiohttp/_http_parser.cpython-310-x86_64-linux-gnu.so
7f8ce3ded000-7f8ce3df9000 r--p 00058000 00:62 10238240                   /home/ubuntu/.local/lib/python3.10/site-packages/aiohttp/_http_parser.cpython-310-x86_64-linux-gnu.so
7f8ce3df9000-7f8ce3dfb000 r--p 00063000 00:62 10238240                   /home/ubuntu/.local/lib/python3.10/site-packages/aiohttp/_http_parser.cpython-310-x86_64-linux-gnu.so
7f8ce3dfb000-7f8ce3dfe000 rw-p 00065000 00:62 10238240                   /home/ubuntu/.local/lib/python3.10/site-packages/aiohttp/_http_parser.cpython-310-x86_64-linux-gnu.so
7f8ce3dfe000-7f8ce3e00000 rw-p 00000000 00:00 0 
7f8ce3e00000-7f8ce85cf000 r-xp 00000000 00:62 10100399                   /home/ubuntu/.local/lib/python3.10/site-packages/nvidia/curand/lib/libcurand.so.10
7f8ce85cf000-7f8ce87cf000 ---p 047cf000 00:62 10100399                   /home/ubuntu/.local/lib/python3.10/site-packages/nvidia/curand/lib/libcurand.so.10
7f8ce87cf000-7f8ce87d5000 r--p 047cf000 00:62 10100399                   /home/ubuntu/.local/lib/python3.10/site-packages/nvidia/curand/lib/libcurand.so.10
7f8ce87d5000-7f8ce9c01000 rw-p 047d5000 00:62 10100399                   /home/ubuntu/.local/lib/python3.10/site-packages/nvidia/curand/lib/libcurand.so.10
7f8ce9c01000-7f8cea239000 rw-p 00000000 00:00 0 
7f8cea239000-7f8cea23b000 r--p 00000000 00:62 10235981                   /home/ubuntu/.local/lib/python3.10/site-packages/sklearn/utils/_heap.cpython-310-x86_64-linux-gnu.so
7f8cea23b000-7f8cea23c000 r-xp 00002000 00:62 10235981                   /home/ubuntu/.local/lib/python3.10/site-packages/sklearn/utils/_heap.cpython-310-x86_64-linux-gnu.so
7f8cea23c000-7f8cea23d000 r--p 00003000 00:62 10235981                   /home/ubuntu/.local/lib/python3.10/site-packages/sklearn/utils/_heap.cpython-310-x86_64-linux-gnu.so
7f8cea23d000-7f8cea23e000 r--p 00003000 00:62 10235981                   /home/ubuntu/.local/lib/python3.10/site-packages/sklearn/utils/_heap.cpython-310-x86_64-linux-gnu.so
7f8cea23e000-7f8cea23f000 rw-p 00004000 00:62 10235981                   /home/ubuntu/.local/lib/python3.10/site-packages/sklearn/utils/_heap.cpython-310-x86_64-linux-gnu.so
7f8cea23f000-7f8cea242000 r--p 00000000 00:62 10226400                   /home/ubuntu/.local/lib/python3.10/site-packages/scipy/linalg/_linalg_pythran.cpython-310-x86_64-linux-gnu.so
7f8cea242000-7f8cea256000 r-xp 00003000 00:62 10226400                   /home/ubuntu/.local/lib/python3.10/site-packages/scipy/linalg/_linalg_pythran.cpython-310-x86_64-linux-gnu.so
7f8cea256000-7f8cea25a000 r--p 00017000 00:62 10226400                   /home/ubuntu/.local/lib/python3.10/site-packages/scipy/linalg/_linalg_pythran.cpython-310-x86_64-linux-gnu.so
7f8cea25a000-7f8cea25b000 r--p 0001a000 00:62 10226400                   /home/ubuntu/.local/lib/python3.10/site-packages/scipy/linalg/_linalg_pythran.cpython-310-x86_64-linux-gnu.so
7f8cea25b000-7f8cea25c000 rw-p 0001b000 00:62 10226400                   /home/ubuntu/.local/lib/python3.10/site-packages/scipy/linalg/_linalg_pythran.cpython-310-x86_64-linux-gnu.so
7f8cea25c000-7f8cea27a000 r--p 00000000 00:62 25773465                   /usr/lib/x86_64-linux-gnu/libssl.so.3
7f8cea27a000-7f8cea2d5000 r-xp 0001e000 00:62 25773465                   /usr/lib/x86_64-linux-gnu/libssl.so.3
7f8cea2d5000-7f8cea2f2000 r--p 00079000 00:62 25773465                   /usr/lib/x86_64-linux-gnu/libssl.so.3
7f8cea2f2000-7f8cea2fc000 r--p 00095000 00:62 25773465                   /usr/lib/x86_64-linux-gnu/libssl.so.3
7f8cea2fc000-7f8cea300000 rw-p 0009f000 00:62 25773465                   /usr/lib/x86_64-linux-gnu/libssl.so.3
7f8cea300000-7f8cea400000 rw-p 00000000 00:00 0 
7f8cea400000-7f8d02c50000 r-xp 00000000 00:62 10100367                   /home/ubuntu/.local/lib/python3.10/site-packages/nvidia/nccl/lib/libnccl.so.2
7f8d02c50000-7f8d02e50000 ---p 18850000 00:62 10100367                   /home/ubuntu/.local/lib/python3.10/site-packages/nvidia/nccl/lib/libnccl.so.2
7f8d02e50000-7f8d02e59000 r--p 18850000 00:62 10100367                   /home/ubuntu/.local/lib/python3.10/site-packages/nvidia/nccl/lib/libnccl.so.2
7f8d02e59000-7f8d02e6e000 rw-p 18859000 00:62 10100367                   /home/ubuntu/.local/lib/python3.10/site-packages/nvidia/nccl/lib/libnccl.so.2
7f8d02e6e000-7f8d02ea6000 rw-p 00000000 00:00 0 
7f8d02ea6000-7f8d02ea7000 r--p 00000000 00:62 10237028                   /home/ubuntu/.local/lib/python3.10/site-packages/onnxruntime/capi/libonnxruntime_providers_shared.so
7f8d02ea7000-7f8d02ea8000 r-xp 00001000 00:62 10237028                   /home/ubuntu/.local/lib/python3.10/site-packages/onnxruntime/capi/libonnxruntime_providers_shared.so
7f8d02ea8000-7f8d02ea9000 r--p 00002000 00:62 10237028                   /home/ubuntu/.local/lib/python3.10/site-packages/onnxruntime/capi/libonnxruntime_providers_shared.so
7f8d02ea9000-7f8d02eaa000 r--p 00002000 00:62 10237028                   /home/ubuntu/.local/lib/python3.10/site-packages/onnxruntime/capi/libonnxruntime_providers_shared.so
7f8d02eaa000-7f8d02eab000 rw-p 00000000 00:00 0 
7f8d02eab000-7f8d02eae000 r--p 00000000 00:62 10226654                   /home/ubuntu/.local/lib/python3.10/site-packages/scipy/_lib/messagestream.cpython-310-x86_64-linux-gnu.so
7f8d02eae000-7f8d02eb8000 r-xp 00003000 00:62 10226654                   /home/ubuntu/.local/lib/python3.10/site-packages/scipy/_lib/messagestream.cpython-310-x86_64-linux-gnu.so
7f8d02eb8000-7f8d02ebb000 r--p 0000d000 00:62 10226654                   /home/ubuntu/.local/lib/python3.10/site-packages/scipy/_lib/messagestream.cpython-310-x86_64-linux-gnu.so
7f8d02ebb000-7f8d02ebc000 r--p 0000f000 00:62 10226654                   /home/ubuntu/.local/lib/python3.10/site-packages/scipy/_lib/messagestream.cpython-310-x86_64-linux-gnu.so
7f8d02ebc000-7f8d02ebd000 rw-p 00010000 00:62 10226654                   /home/ubuntu/.local/lib/python3.10/site-packages/scipy/_lib/messagestream.cpython-310-x86_64-linux-gnu.so
7f8d02ebd000-7f8d02ec2000 r--p 00000000 00:62 10226382                   /home/ubuntu/.local/lib/python3.10/site-packages/scipy/linalg/_solve_toeplitz.cpython-310-x86_64-linux-gnu.so
7f8d02ec2000-7f8d02ef3000 r-xp 00005000 00:62 10226382                   /home/ubuntu/.local/lib/python3.10/site-packages/scipy/linalg/_solve_toeplitz.cpython-310-x86_64-linux-gnu.so
7f8d02ef3000-7f8d02efb000 r--p 00036000 00:62 10226382                   /home/ubuntu/.local/lib/python3.10/site-packages/scipy/linalg/_solve_toeplitz.cpython-310-x86_64-linux-gnu.so
7f8d02efb000-7f8d02efc000 ---p 0003e000 00:62 10226382                   /home/ubuntu/.local/lib/python3.10/site-packages/scipy/linalg/_solve_toeplitz.cpython-310-x86_64-linux-gnu.so
7f8d02efc000-7f8d02efd000 r--p 0003e000 00:62 10226382                   /home/ubuntu/.local/lib/python3.10/site-packages/scipy/linalg/_solve_toeplitz.cpython-310-x86_64-linux-gnu.so
7f8d02efd000-7f8d02eff000 rw-p 0003f000 00:62 10226382                   /home/ubuntu/.local/lib/python3.10/site-packages/scipy/linalg/_solve_toeplitz.cpython-310-x86_64-linux-gnu.so
7f8d02eff000-7f8d03000000 rw-p 00000000 00:00 0 
7f8d03000000-7f8d0357a000 r-xp 00000000 00:62 10103692                   /home/ubuntu/.local/lib/python3.10/site-packages/nvidia/cufft/lib/libcufft.so.11
7f8d0357a000-7f8d03779000 ---p 0057a000 00:62 10103692                   /home/ubuntu/.local/lib/python3.10/site-packages/nvidia/cufft/lib/libcufft.so.11
7f8d03779000-7f8d03786000 r--p 00579000 00:62 10103692                   /home/ubuntu/.local/lib/python3.10/site-packages/nvidia/cufft/lib/libcufft.so.11
7f8d03786000-7f8d13b63000 rw-p 00586000 00:62 10103692                   /home/ubuntu/.local/lib/python3.10/site-packages/nvidia/cufft/lib/libcufft.so.11
7f8d13b63000-7f8d13eaa000 rw-p 00000000 00:00 0 
7f8d13eaa000-7f8d14000000 ---p 10eaa000 00:62 10103692                   /home/ubuntu/.local/lib/python3.10/site-packages/nvidia/cufft/lib/libcufft.so.11
7f8d14000000-7f8d14001000 rw-p 10a00000 00:62 10103692                   /home/ubuntu/.local/lib/python3.10/site-packages/nvidia/cufft/lib/libcufft.so.11
7f8d14001000-7f8d14002000 r--p 00000000 00:62 10226763                   /home/ubuntu/.local/lib/python3.10/site-packages/scipy/ndimage/_rank_filter_1d.cpython-310-x86_64-linux-gnu.so
7f8d14002000-7f8d14005000 r-xp 00001000 00:62 10226763                   /home/ubuntu/.local/lib/python3.10/site-packages/scipy/ndimage/_rank_filter_1d.cpython-310-x86_64-linux-gnu.so
7f8d14005000-7f8d14006000 r--p 00004000 00:62 10226763                   /home/ubuntu/.local/lib/python3.10/site-packages/scipy/ndimage/_rank_filter_1d.cpython-310-x86_64-linux-gnu.so
7f8d14006000-7f8d14007000 r--p 00004000 00:62 10226763                   /home/ubuntu/.local/lib/python3.10/site-packages/scipy/ndimage/_rank_filter_1d.cpython-310-x86_64-linux-gnu.so
7f8d14007000-7f8d14008000 rw-p 00005000 00:62 10226763                   /home/ubuntu/.local/lib/python3.10/site-packages/scipy/ndimage/_rank_filter_1d.cpython-310-x86_64-linux-gnu.so
7f8d14008000-7f8d14009000 r--p 00000000 00:62 10226175                   /home/ubuntu/.local/lib/python3.10/site-packages/scipy/optimize/_lsap.cpython-310-x86_64-linux-gnu.so
7f8d14009000-7f8d1400b000 r-xp 00001000 00:62 10226175                   /home/ubuntu/.local/lib/python3.10/site-packages/scipy/optimize/_lsap.cpython-310-x86_64-linux-gnu.so
7f8d1400b000-7f8d1400d000 r--p 00003000 00:62 10226175                   /home/ubuntu/.local/lib/python3.10/site-packages/scipy/optimize/_lsap.cpython-310-x86_64-linux-gnu.so
7f8d1400d000-7f8d1400e000 r--p 00004000 00:62 10226175                   /home/ubuntu/.local/lib/python3.10/site-packages/scipy/optimize/_lsap.cpython-310-x86_64-linux-gnu.so
7f8d1400e000-7f8d1400f000 rw-p 00005000 00:62 10226175                   /home/ubuntu/.local/lib/python3.10/site-packages/scipy/optimize/_lsap.cpython-310-x86_64-linux-gnu.so
7f8d1400f000-7f8d14012000 r--p 00000000 00:62 10226445                   /home/ubuntu/.local/lib/python3.10/site-packages/scipy/special/_comb.cpython-310-x86_64-linux-gnu.so
7f8d14012000-7f8d14019000 r-xp 00003000 00:62 10226445                   /home/ubuntu/.local/lib/python3.10/site-packages/scipy/special/_comb.cpython-310-x86_64-linux-gnu.so
7f8d14019000-7f8d1401b000 r--p 0000a000 00:62 10226445                   /home/ubuntu/.local/lib/python3.10/site-packages/scipy/special/_comb.cpython-310-x86_64-linux-gnu.so
7f8d1401b000-7f8d1401c000 r--p 0000b000 00:62 10226445                   /home/ubuntu/.local/lib/python3.10/site-packages/scipy/special/_comb.cpython-310-x86_64-linux-gnu.so
7f8d1401c000-7f8d1401d000 rw-p 0000c000 00:62 10226445                   /home/ubuntu/.local/lib/python3.10/site-packages/scipy/special/_comb.cpython-310-x86_64-linux-gnu.so
7f8d1401d000-7f8d14021000 r--p 00000000 00:62 10226637                   /home/ubuntu/.local/lib/python3.10/site-packages/scipy/_lib/_ccallback_c.cpython-310-x86_64-linux-gnu.so
7f8d14021000-7f8d1402f000 r-xp 00004000 00:62 10226637                   /home/ubuntu/.local/lib/python3.10/site-packages/scipy/_lib/_ccallback_c.cpython-310-x86_64-linux-gnu.so
7f8d1402f000-7f8d14032000 r--p 00012000 00:62 10226637                   /home/ubuntu/.local/lib/python3.10/site-packages/scipy/_lib/_ccallback_c.cpython-310-x86_64-linux-gnu.so
7f8d14032000-7f8d14033000 r--p 00014000 00:62 10226637                   /home/ubuntu/.local/lib/python3.10/site-packages/scipy/_lib/_ccallback_c.cpython-310-x86_64-linux-gnu.so
7f8d14033000-7f8d14034000 rw-p 00015000 00:62 10226637                   /home/ubuntu/.local/lib/python3.10/site-packages/scipy/_lib/_ccallback_c.cpython-310-x86_64-linux-gnu.so
7f8d14034000-7f8d14035000 rw-p 00000000 00:00 0 
7f8d14035000-7f8d1403a000 r--p 00000000 00:62 10224197                   /home/ubuntu/.local/lib/python3.10/site-packages/frozenlist/_frozenlist.cpython-310-x86_64-linux-gnu.so
7f8d1403a000-7f8d14046000 r-xp 00005000 00:62 10224197                   /home/ubuntu/.local/lib/python3.10/site-packages/frozenlist/_frozenlist.cpython-310-x86_64-linux-gnu.so
7f8d14046000-7f8d1404a000 r--p 00011000 00:62 10224197                   /home/ubuntu/.local/lib/python3.10/site-packages/frozenlist/_frozenlist.cpython-310-x86_64-linux-gnu.so
7f8d1404a000-7f8d1404b000 r--p 00014000 00:62 10224197                   /home/ubuntu/.local/lib/python3.10/site-packages/frozenlist/_frozenlist.cpython-310-x86_64-linux-gnu.so
7f8d1404b000-7f8d1404d000 rw-p 00015000 00:62 10224197                   /home/ubuntu/.local/lib/python3.10/site-packages/frozenlist/_frozenlist.cpython-310-x86_64-linux-gnu.so
7f8d1404d000-7f8d14052000 r--p 00000000 00:62 10175422                   /home/ubuntu/.local/lib/python3.10/site-packages/numpy/random/mtrand.cpython-310-x86_64-linux-gnu.so
7f8d14052000-7f8d140ab000 r-xp 00005000 00:62 10175422                   /home/ubuntu/.local/lib/python3.10/site-packages/numpy/random/mtrand.cpython-310-x86_64-linux-gnu.so
7f8d140ab000-7f8d140fb000 r--p 0005e000 00:62 10175422                   /home/ubuntu/.local/lib/python3.10/site-packages/numpy/random/mtrand.cpython-310-x86_64-linux-gnu.so
7f8d140fb000-7f8d140fc000 ---p 000ae000 00:62 10175422                   /home/ubuntu/.local/lib/python3.10/site-packages/numpy/random/mtrand.cpython-310-x86_64-linux-gnu.so
7f8d140fc000-7f8d140fd000 r--p 000ae000 00:62 10175422                   /home/ubuntu/.local/lib/python3.10/site-packages/numpy/random/mtrand.cpython-310-x86_64-linux-gnu.so
7f8d140fd000-7f8d140fe000 rw-p 000af000 00:62 10175422                   /home/ubuntu/.local/lib/python3.10/site-packages/numpy/random/mtrand.cpython-310-x86_64-linux-gnu.so
7f8d140fe000-7f8d14200000 rw-p 00000000 00:00 0 
7f8d14200000-7f8d259ba000 r-xp 00000000 00:62 10103668                   /home/ubuntu/.local/lib/python3.10/site-packages/nvidia/cusparse/lib/libcusparse.so.12
7f8d259ba000-7f8d25bba000 ---p 117ba000 00:62 10103668                   /home/ubuntu/.local/lib/python3.10/site-packages/nvidia/cusparse/lib/libcusparse.so.12
7f8d25bba000-7f8d25bc9000 r--p 117ba000 00:62 10103668                   /home/ubuntu/.local/lib/python3.10/site-packages/nvidia/cusparse/lib/libcusparse.so.12
7f8d25bc9000-7f8d25be5000 rw-p 117c9000 00:62 10103668                   /home/ubuntu/.local/lib/python3.10/site-packages/nvidia/cusparse/lib/libcusparse.so.12
7f8d25be5000-7f8d25bea000 rw-p 00000000 00:00 0 
7f8d25bea000-7f8d25c00000 ---p 119ea000 00:62 10103668                   /home/ubuntu/.local/lib/python3.10/site-packages/nvidia/cusparse/lib/libcusparse.so.12
7f8d25c00000-7f8d25c05000 rw-p 11800000 00:62 10103668                   /home/ubuntu/.local/lib/python3.10/site-packages/nvidia/cusparse/lib/libcusparse.so.12
7f8d25c05000-7f8d25c06000 r--s 00000000 08:00 45646547                   /home/ubuntu/tbazzocchi/FRAG/MedRAG/corpus/wikipedia/index/bm25/_2.fdx
7f8d25c06000-7f8d25c07000 r--s 00000000 08:00 45646660                   /home/ubuntu/tbazzocchi/FRAG/MedRAG/corpus/wikipedia/index/bm25/_o.fdx
7f8d25c07000-7f8d25c08000 r--s 00000000 08:00 45646683                   /home/ubuntu/tbazzocchi/FRAG/MedRAG/corpus/wikipedia/index/bm25/_q.fdx
7f8d25c08000-7f8d25c09000 r--s 00000000 08:00 45646304                   /home/ubuntu/tbazzocchi/FRAG/MedRAG/corpus/wikipedia/index/bm25/_r.fdx
7f8d25c09000-7f8d25c0a000 r--p 00000000 00:62 10226173                   /home/ubuntu/.local/lib/python3.10/site-packages/scipy/optimize/_zeros.cpython-310-x86_64-linux-gnu.so
7f8d25c0a000-7f8d25c0c000 r-xp 00001000 00:62 10226173                   /home/ubuntu/.local/lib/python3.10/site-packages/scipy/optimize/_zeros.cpython-310-x86_64-linux-gnu.so
7f8d25c0c000-7f8d25c0d000 r--p 00003000 00:62 10226173                   /home/ubuntu/.local/lib/python3.10/site-packages/scipy/optimize/_zeros.cpython-310-x86_64-linux-gnu.so
7f8d25c0d000-7f8d25c0e000 r--p 00003000 00:62 10226173                   /home/ubuntu/.local/lib/python3.10/site-packages/scipy/optimize/_zeros.cpython-310-x86_64-linux-gnu.so
7f8d25c0e000-7f8d25c0f000 rw-p 00004000 00:62 10226173                   /home/ubuntu/.local/lib/python3.10/site-packages/scipy/optimize/_zeros.cpython-310-x86_64-linux-gnu.so
7f8d25c0f000-7f8d25c12000 r--p 00000000 00:62 10554495                   /home/ubuntu/.local/lib/python3.10/site-packages/psutil/_psutil_linux.abi3.so
7f8d25c12000-7f8d25c15000 r-xp 00003000 00:62 10554495                   /home/ubuntu/.local/lib/python3.10/site-packages/psutil/_psutil_linux.abi3.so
7f8d25c15000-7f8d25c16000 r--p 00006000 00:62 10554495                   /home/ubuntu/.local/lib/python3.10/site-packages/psutil/_psutil_linux.abi3.so
7f8d25c16000-7f8d25c17000 r--p 00007000 00:62 10554495                   /home/ubuntu/.local/lib/python3.10/site-packages/psutil/_psutil_linux.abi3.so
7f8d25c17000-7f8d25c18000 rw-p 00008000 00:62 10554495                   /home/ubuntu/.local/lib/python3.10/site-packages/psutil/_psutil_linux.abi3.so
7f8d25c18000-7f8d25c1e000 r--p 00000000 00:62 10238305                   /home/ubuntu/.local/lib/python3.10/site-packages/aiohttp/_websocket/reader_c.cpython-310-x86_64-linux-gnu.so
7f8d25c1e000-7f8d25c42000 r-xp 00006000 00:62 10238305                   /home/ubuntu/.local/lib/python3.10/site-packages/aiohttp/_websocket/reader_c.cpython-310-x86_64-linux-gnu.so
7f8d25c42000-7f8d25c48000 r--p 0002a000 00:62 10238305                   /home/ubuntu/.local/lib/python3.10/site-packages/aiohttp/_websocket/reader_c.cpython-310-x86_64-linux-gnu.so
7f8d25c48000-7f8d25c4a000 r--p 0002f000 00:62 10238305                   /home/ubuntu/.local/lib/python3.10/site-packages/aiohttp/_websocket/reader_c.cpython-310-x86_64-linux-gnu.so
7f8d25c4a000-7f8d25c4c000 rw-p 00031000 00:62 10238305                   /home/ubuntu/.local/lib/python3.10/site-packages/aiohttp/_websocket/reader_c.cpython-310-x86_64-linux-gnu.so
7f8d25c4c000-7f8d25c4d000 rw-p 00000000 00:00 0 
7f8d25c4d000-7f8d25c54000 r--p 00000000 00:62 10172809                   /home/ubuntu/.local/lib/python3.10/site-packages/yaml/_yaml.cpython-310-x86_64-linux-gnu.so
7f8d25c54000-7f8d25c9a000 r-xp 00007000 00:62 10172809                   /home/ubuntu/.local/lib/python3.10/site-packages/yaml/_yaml.cpython-310-x86_64-linux-gnu.so
7f8d25c9a000-7f8d25ca3000 r--p 0004d000 00:62 10172809                   /home/ubuntu/.local/lib/python3.10/site-packages/yaml/_yaml.cpython-310-x86_64-linux-gnu.so
7f8d25ca3000-7f8d25ca5000 r--p 00055000 00:62 10172809                   /home/ubuntu/.local/lib/python3.10/site-packages/yaml/_yaml.cpython-310-x86_64-linux-gnu.so
7f8d25ca5000-7f8d25ca7000 rw-p 00057000 00:62 10172809                   /home/ubuntu/.local/lib/python3.10/site-packages/yaml/_yaml.cpython-310-x86_64-linux-gnu.so
7f8d25ca7000-7f8d25d59000 rw-p 00000000 00:00 0 
7f8d25d59000-7f8d25d74000 r--p 00000000 00:62 10159921                   /home/ubuntu/.local/lib/python3.10/site-packages/torch/lib/libtorch_nvshmem.so
7f8d25d74000-7f8d25e10000 r-xp 0001b000 00:62 10159921                   /home/ubuntu/.local/lib/python3.10/site-packages/torch/lib/libtorch_nvshmem.so
7f8d25e10000-7f8d265ad000 r--p 000b7000 00:62 10159921                   /home/ubuntu/.local/lib/python3.10/site-packages/torch/lib/libtorch_nvshmem.so
7f8d265ad000-7f8d265b3000 r--p 00854000 00:62 10159921                   /home/ubuntu/.local/lib/python3.10/site-packages/torch/lib/libtorch_nvshmem.so
7f8d265b3000-7f8d265b5000 rw-p 0085a000 00:62 10159921                   /home/ubuntu/.local/lib/python3.10/site-packages/torch/lib/libtorch_nvshmem.so
7f8d265b5000-7f8d265b9000 rw-p 00000000 00:00 0 
7f8d265b9000-7f8d265c4000 rw-p 008b1000 00:62 10159921                   /home/ubuntu/.local/lib/python3.10/site-packages/torch/lib/libtorch_nvshmem.so
7f8d265c4000-7f8d2667f000 r--p 00000000 00:62 10100616                   /home/ubuntu/.local/lib/python3.10/site-packages/nvidia/cuda_cupti/lib/libcupti.so.12
7f8d2667f000-7f8d26b1c000 r-xp 000bb000 00:62 10100616                   /home/ubuntu/.local/lib/python3.10/site-packages/nvidia/cuda_cupti/lib/libcupti.so.12
7f8d26b1c000-7f8d26c73000 r--p 00558000 00:62 10100616                   /home/ubuntu/.local/lib/python3.10/site-packages/nvidia/cuda_cupti/lib/libcupti.so.12
7f8d26c73000-7f8d26cc0000 r--p 006ae000 00:62 10100616                   /home/ubuntu/.local/lib/python3.10/site-packages/nvidia/cuda_cupti/lib/libcupti.so.12
7f8d26cc0000-7f8d26d77000 rw-p 006fb000 00:62 10100616                   /home/ubuntu/.local/lib/python3.10/site-packages/nvidia/cuda_cupti/lib/libcupti.so.12
7f8d26d77000-7f8d26db8000 rw-p 00000000 00:00 0 
7f8d26db8000-7f8d26de6000 r--p 00000000 00:62 10100420                   /home/ubuntu/.local/lib/python3.10/site-packages/nvidia/cufile/lib/libcufile.so.0
7f8d26de6000-7f8d26fc9000 r-xp 0002e000 00:62 10100420                   /home/ubuntu/.local/lib/python3.10/site-packages/nvidia/cufile/lib/libcufile.so.0
7f8d26fc9000-7f8d2706b000 r--p 00211000 00:62 10100420                   /home/ubuntu/.local/lib/python3.10/site-packages/nvidia/cufile/lib/libcufile.so.0
7f8d2706b000-7f8d2706c000 ---p 002b3000 00:62 10100420                   /home/ubuntu/.local/lib/python3.10/site-packages/nvidia/cufile/lib/libcufile.so.0
7f8d2706c000-7f8d27071000 r--p 002b3000 00:62 10100420                   /home/ubuntu/.local/lib/python3.10/site-packages/nvidia/cufile/lib/libcufile.so.0
7f8d27071000-7f8d27079000 rw-p 002b8000 00:62 10100420                   /home/ubuntu/.local/lib/python3.10/site-packages/nvidia/cufile/lib/libcufile.so.0
7f8d27079000-7f8d27084000 rw-p 00000000 00:00 0 
7f8d27084000-7f8d27090000 rw-p 002db000 00:62 10100420                   /home/ubuntu/.local/lib/python3.10/site-packages/nvidia/cufile/lib/libcufile.so.0
7f8d27090000-7f8d29037000 r--p 00000000 00:62 10095764                   /home/ubuntu/.local/lib/python3.10/site-packages/nvidia/cusparselt/lib/libcusparseLt.so.0
7f8d29037000-7f8d2c045000 r-xp 01fa7000 00:62 10095764                   /home/ubuntu/.local/lib/python3.10/site-packages/nvidia/cusparselt/lib/libcusparseLt.so.0
7f8d2c045000-7f8d40481000 r--p 04fb5000 00:62 10095764                   /home/ubuntu/.local/lib/python3.10/site-packages/nvidia/cusparselt/lib/libcusparseLt.so.0
7f8d40481000-7f8d40482000 ---p 193f1000 00:62 10095764                   /home/ubuntu/.local/lib/python3.10/site-packages/nvidia/cusparselt/lib/libcusparseLt.so.0
7f8d40482000-7f8d405a5000 r--p 193f1000 00:62 10095764                   /home/ubuntu/.local/lib/python3.10/site-packages/nvidia/cusparselt/lib/libcusparseLt.so.0
7f8d405a5000-7f8d405d2000 rw-p 19514000 00:62 10095764                   /home/ubuntu/.local/lib/python3.10/site-packages/nvidia/cusparselt/lib/libcusparseLt.so.0
7f8d405d2000-7f8d40837000 rw-p 00000000 00:00 0 
7f8d40837000-7f8d42200000 rw-p 19542000 00:62 10095764                   /home/ubuntu/.local/lib/python3.10/site-packages/nvidia/cusparselt/lib/libcusparseLt.so.0
7f8d42200000-7f8d4221e000 r-xp 00000000 00:62 10103724                   /home/ubuntu/.local/lib/python3.10/site-packages/nvidia/cudnn/lib/libcudnn.so.9
7f8d4221e000-7f8d4241d000 ---p 0001e000 00:62 10103724                   /home/ubuntu/.local/lib/python3.10/site-packages/nvidia/cudnn/lib/libcudnn.so.9
7f8d4241d000-7f8d4241e000 r--p 0001d000 00:62 10103724                   /home/ubuntu/.local/lib/python3.10/site-packages/nvidia/cudnn/lib/libcudnn.so.9
7f8d4241e000-7f8d4241f000 rw-p 0001e000 00:62 10103724                   /home/ubuntu/.local/lib/python3.10/site-packages/nvidia/cudnn/lib/libcudnn.so.9
7f8d4241f000-7f8d42420000 r--p 00000000 00:62 10103491                   /home/ubuntu/.local/lib/python3.10/site-packages/markupsafe/_speedups.cpython-310-x86_64-linux-gnu.so
7f8d42420000-7f8d42421000 r-xp 00001000 00:62 10103491                   /home/ubuntu/.local/lib/python3.10/site-packages/markupsafe/_speedups.cpython-310-x86_64-linux-gnu.so
7f8d42421000-7f8d42422000 r--p 00002000 00:62 10103491                   /home/ubuntu/.local/lib/python3.10/site-packages/markupsafe/_speedups.cpython-310-x86_64-linux-gnu.so
7f8d42422000-7f8d42423000 r--p 00002000 00:62 10103491                   /home/ubuntu/.local/lib/python3.10/site-packages/markupsafe/_speedups.cpython-310-x86_64-linux-gnu.so
7f8d42423000-7f8d42424000 rw-p 00003000 00:62 10103491                   /home/ubuntu/.local/lib/python3.10/site-packages/markupsafe/_speedups.cpython-310-x86_64-linux-gnu.so
7f8d42424000-7f8d42427000 r--p 00000000 00:62 10238242                   /home/ubuntu/.local/lib/python3.10/site-packages/aiohttp/_http_writer.cpython-310-x86_64-linux-gnu.so
7f8d42427000-7f8d42431000 r-xp 00003000 00:62 10238242                   /home/ubuntu/.local/lib/python3.10/site-packages/aiohttp/_http_writer.cpython-310-x86_64-linux-gnu.so
7f8d42431000-7f8d42433000 r--p 0000d000 00:62 10238242                   /home/ubuntu/.local/lib/python3.10/site-packages/aiohttp/_http_writer.cpython-310-x86_64-linux-gnu.so
7f8d42433000-7f8d42434000 r--p 0000e000 00:62 10238242                   /home/ubuntu/.local/lib/python3.10/site-packages/aiohttp/_http_writer.cpython-310-x86_64-linux-gnu.so
7f8d42434000-7f8d42435000 rw-p 0000f000 00:62 10238242                   /home/ubuntu/.local/lib/python3.10/site-packages/aiohttp/_http_writer.cpython-310-x86_64-linux-gnu.so
7f8d42435000-7f8d42439000 r--p 00000000 00:62 10174777                   /home/ubuntu/.local/lib/python3.10/site-packages/propcache/_helpers_c.cpython-310-x86_64-linux-gnu.so
7f8d42439000-7f8d42445000 r-xp 00004000 00:62 10174777                   /home/ubuntu/.local/lib/python3.10/site-packages/propcache/_helpers_c.cpython-310-x86_64-linux-gnu.so
7f8d42445000-7f8d42449000 r--p 00010000 00:62 10174777                   /home/ubuntu/.local/lib/python3.10/site-packages/propcache/_helpers_c.cpython-310-x86_64-linux-gnu.so
7f8d42449000-7f8d4244a000 r--p 00013000 00:62 10174777                   /home/ubuntu/.local/lib/python3.10/site-packages/propcache/_helpers_c.cpython-310-x86_64-linux-gnu.so
7f8d4244a000-7f8d4244b000 rw-p 00014000 00:62 10174777                   /home/ubuntu/.local/lib/python3.10/site-packages/propcache/_helpers_c.cpython-310-x86_64-linux-gnu.so
7f8d4244b000-7f8d4244c000 rw-p 00000000 00:00 0 
7f8d4244c000-7f8d43258000 r--p 00000000 00:62 10159918                   /home/ubuntu/.local/lib/python3.10/site-packages/torch/lib/libtorch_cuda.so
7f8d43258000-7f8d46228000 r-xp 00e0c000 00:62 10159918                   /home/ubuntu/.local/lib/python3.10/site-packages/torch/lib/libtorch_cuda.so
7f8d46228000-7f8d7a6b5000 r--p 03ddc000 00:62 10159918                   /home/ubuntu/.local/lib/python3.10/site-packages/torch/lib/libtorch_cuda.so
7f8d7a6b5000-7f8d7a72f000 r--p 38268000 00:62 10159918                   /home/ubuntu/.local/lib/python3.10/site-packages/torch/lib/libtorch_cuda.so
7f8d7a72f000-7f8d7a755000 rw-p 382e2000 00:62 10159918                   /home/ubuntu/.local/lib/python3.10/site-packages/torch/lib/libtorch_cuda.so
7f8d7a755000-7f8d7b49f000 rw-p 00000000 00:00 0 
7f8d7b49f000-7f8d7bfb3000 rw-p 39cdf000 00:62 10159918                   /home/ubuntu/.local/lib/python3.10/site-packages/torch/lib/libtorch_cuda.so
7f8d7bfb3000-7f8d7cee3000 r--p 00000000 00:62 10159917                   /home/ubuntu/.local/lib/python3.10/site-packages/torch/lib/libtorch_cpu.so
7f8d7cee3000-7f8d8d48f000 r-xp 00f30000 00:62 10159917                   /home/ubuntu/.local/lib/python3.10/site-packages/torch/lib/libtorch_cpu.so
7f8d8d48f000-7f8d8ff58000 r--p 114dc000 00:62 10159917                   /home/ubuntu/.local/lib/python3.10/site-packages/torch/lib/libtorch_cpu.so
7f8d8ff58000-7f8d901c0000 r--p 13fa4000 00:62 10159917                   /home/ubuntu/.local/lib/python3.10/site-packages/torch/lib/libtorch_cpu.so
7f8d901c0000-7f8d90233000 rw-p 1420c000 00:62 10159917                   /home/ubuntu/.local/lib/python3.10/site-packages/torch/lib/libtorch_cpu.so
7f8d90233000-7f8d90343000 rw-p 00000000 00:00 0 
7f8d90343000-7f8d9090a000 rw-p 19aed000 00:62 10159917                   /home/ubuntu/.local/lib/python3.10/site-packages/torch/lib/libtorch_cpu.so
7f8d9090a000-7f8d90ab4000 r--p 00000000 00:62 10159922                   /home/ubuntu/.local/lib/python3.10/site-packages/torch/lib/libtorch_python.so
7f8d90ab4000-7f8d917b3000 r-xp 001aa000 00:62 10159922                   /home/ubuntu/.local/lib/python3.10/site-packages/torch/lib/libtorch_python.so
7f8d917b3000-7f8d91c60000 r--p 00ea9000 00:62 10159922                   /home/ubuntu/.local/lib/python3.10/site-packages/torch/lib/libtorch_python.so
7f8d91c60000-7f8d91c89000 r--p 01355000 00:62 10159922                   /home/ubuntu/.local/lib/python3.10/site-packages/torch/lib/libtorch_python.so
7f8d91c89000-7f8d91cf1000 rw-p 0137e000 00:62 10159922                   /home/ubuntu/.local/lib/python3.10/site-packages/torch/lib/libtorch_python.so
7f8d91cf1000-7f8d91d65000 rw-p 00000000 00:00 0 
7f8d91d65000-7f8d91e00000 rw-p 01da9000 00:62 10159922                   /home/ubuntu/.local/lib/python3.10/site-packages/torch/lib/libtorch_python.so
7f8d91e00000-7f8d94877000 r-xp 00000000 00:62 10100349                   /home/ubuntu/.local/lib/python3.10/site-packages/nvidia/nvjitlink/lib/libnvJitLink.so.12
7f8d94877000-7f8d94a77000 ---p 02a77000 00:62 10100349                   /home/ubuntu/.local/lib/python3.10/site-packages/nvidia/nvjitlink/lib/libnvJitLink.so.12
7f8d94a77000-7f8d94fa2000 r--p 02a77000 00:62 10100349                   /home/ubuntu/.local/lib/python3.10/site-packages/nvidia/nvjitlink/lib/libnvJitLink.so.12
7f8d94fa2000-7f8d95015000 rw-p 02fa2000 00:62 10100349                   /home/ubuntu/.local/lib/python3.10/site-packages/nvidia/nvjitlink/lib/libnvJitLink.so.12
7f8d95015000-7f8d95089000 rw-p 00000000 00:00 0 
7f8d95089000-7f8d9508e000 r--p 00000000 00:62 10225146                   /home/ubuntu/.local/lib/python3.10/site-packages/yarl/_quoting_c.cpython-310-x86_64-linux-gnu.so
7f8d9508e000-7f8d950a3000 r-xp 00005000 00:62 10225146                   /home/ubuntu/.local/lib/python3.10/site-packages/yarl/_quoting_c.cpython-310-x86_64-linux-gnu.so
7f8d950a3000-7f8d950a7000 r--p 0001a000 00:62 10225146                   /home/ubuntu/.local/lib/python3.10/site-packages/yarl/_quoting_c.cpython-310-x86_64-linux-gnu.so
7f8d950a7000-7f8d950a8000 r--p 0001d000 00:62 10225146                   /home/ubuntu/.local/lib/python3.10/site-packages/yarl/_quoting_c.cpython-310-x86_64-linux-gnu.so
7f8d950a8000-7f8d950a9000 rw-p 0001e000 00:62 10225146                   /home/ubuntu/.local/lib/python3.10/site-packages/yarl/_quoting_c.cpython-310-x86_64-linux-gnu.so
7f8d950a9000-7f8d950aa000 rw-p 00000000 00:00 0 
7f8d950aa000-7f8d950ae000 r--p 00000000 00:62 10045253                   /usr/lib/python3.10/lib-dynload/_asyncio.cpython-310-x86_64-linux-gnu.so
7f8d950ae000-7f8d950b6000 r-xp 00004000 00:62 10045253                   /usr/lib/python3.10/lib-dynload/_asyncio.cpython-310-x86_64-linux-gnu.so
7f8d950b6000-7f8d950ba000 r--p 0000c000 00:62 10045253                   /usr/lib/python3.10/lib-dynload/_asyncio.cpython-310-x86_64-linux-gnu.so
7f8d950ba000-7f8d950bb000 ---p 00010000 00:62 10045253                   /usr/lib/python3.10/lib-dynload/_asyncio.cpython-310-x86_64-linux-gnu.so
7f8d950bb000-7f8d950bc000 r--p 00010000 00:62 10045253                   /usr/lib/python3.10/lib-dynload/_asyncio.cpython-310-x86_64-linux-gnu.so
7f8d950bc000-7f8d950be000 rw-p 00011000 00:62 10045253                   /usr/lib/python3.10/lib-dynload/_asyncio.cpython-310-x86_64-linux-gnu.so
7f8d950be000-7f8d950d0000 r--p 00000000 00:62 10045508                   /usr/lib/python3.10/lib-dynload/_ssl.cpython-310-x86_64-linux-gnu.so
7f8d950d0000-7f8d950dd000 r-xp 00012000 00:62 10045508                   /usr/lib/python3.10/lib-dynload/_ssl.cpython-310-x86_64-linux-gnu.so
7f8d950dd000-7f8d950eb000 r--p 0001f000 00:62 10045508                   /usr/lib/python3.10/lib-dynload/_ssl.cpython-310-x86_64-linux-gnu.so
7f8d950eb000-7f8d950ec000 ---p 0002d000 00:62 10045508                   /usr/lib/python3.10/lib-dynload/_ssl.cpython-310-x86_64-linux-gnu.so
7f8d950ec000-7f8d950ed000 r--p 0002d000 00:62 10045508                   /usr/lib/python3.10/lib-dynload/_ssl.cpython-310-x86_64-linux-gnu.so
7f8d950ed000-7f8d950f6000 rw-p 0002e000 00:62 10045508                   /usr/lib/python3.10/lib-dynload/_ssl.cpython-310-x86_64-linux-gnu.so
7f8d950f6000-7f8d950f9000 r--p 00000000 00:62 10175414                   /home/ubuntu/.local/lib/python3.10/site-packages/numpy/random/_sfc64.cpython-310-x86_64-linux-gnu.so
7f8d950f9000-7f8d95102000 r-xp 00003000 00:62 10175414                   /home/ubuntu/.local/lib/python3.10/site-packages/numpy/random/_sfc64.cpython-310-x86_64-linux-gnu.so
7f8d95102000-7f8d95105000 r--p 0000c000 00:62 10175414                   /home/ubuntu/.local/lib/python3.10/site-packages/numpy/random/_sfc64.cpython-310-x86_64-linux-gnu.so
7f8d95105000-7f8d95106000 r--p 0000e000 00:62 10175414                   /home/ubuntu/.local/lib/python3.10/site-packages/numpy/random/_sfc64.cpython-310-x86_64-linux-gnu.so
7f8d95106000-7f8d95107000 rw-p 0000f000 00:62 10175414                   /home/ubuntu/.local/lib/python3.10/site-packages/numpy/random/_sfc64.cpython-310-x86_64-linux-gnu.so
7f8d95107000-7f8d9510a000 r--p 00000000 00:62 10175411                   /home/ubuntu/.local/lib/python3.10/site-packages/numpy/random/_pcg64.cpython-310-x86_64-linux-gnu.so
7f8d9510a000-7f8d9511c000 r-xp 00003000 00:62 10175411                   /home/ubuntu/.local/lib/python3.10/site-packages/numpy/random/_pcg64.cpython-310-x86_64-linux-gnu.so
7f8d9511c000-7f8d95121000 r--p 00015000 00:62 10175411                   /home/ubuntu/.local/lib/python3.10/site-packages/numpy/random/_pcg64.cpython-310-x86_64-linux-gnu.so
7f8d95121000-7f8d95122000 r--p 00019000 00:62 10175411                   /home/ubuntu/.local/lib/python3.10/site-packages/numpy/random/_pcg64.cpython-310-x86_64-linux-gnu.so
7f8d95122000-7f8d95123000 rw-p 0001a000 00:62 10175411                   /home/ubuntu/.local/lib/python3.10/site-packages/numpy/random/_pcg64.cpython-310-x86_64-linux-gnu.so
7f8d95123000-7f8d951d4000 rw-p 00000000 00:00 0 
7f8d951d4000-7f8d9526e000 r--p 00000000 00:62 25773467                   /usr/lib/x86_64-linux-gnu/libstdc++.so.6.0.30
7f8d9526e000-7f8d9537f000 r-xp 0009a000 00:62 25773467                   /usr/lib/x86_64-linux-gnu/libstdc++.so.6.0.30
7f8d9537f000-7f8d953ee000 r--p 001ab000 00:62 25773467                   /usr/lib/x86_64-linux-gnu/libstdc++.so.6.0.30
7f8d953ee000-7f8d953ef000 ---p 0021a000 00:62 25773467                   /usr/lib/x86_64-linux-gnu/libstdc++.so.6.0.30
7f8d953ef000-7f8d953fa000 r--p 0021a000 00:62 25773467                   /usr/lib/x86_64-linux-gnu/libstdc++.so.6.0.30
7f8d953fa000-7f8d953fd000 rw-p 00225000 00:62 25773467                   /usr/lib/x86_64-linux-gnu/libstdc++.so.6.0.30
7f8d953fd000-7f8d95400000 rw-p 00000000 00:00 0 
7f8d95400000-7f8d95913000 r-xp 00000000 00:62 10100555                   /home/ubuntu/.local/lib/python3.10/site-packages/nvidia/cuda_nvrtc/lib/libnvrtc-builtins.so.12.6
7f8d95913000-7f8d95b12000 ---p 00513000 00:62 10100555                   /home/ubuntu/.local/lib/python3.10/site-packages/nvidia/cuda_nvrtc/lib/libnvrtc-builtins.so.12.6
7f8d95b12000-7f8d95b13000 r--p 00512000 00:62 10100555                   /home/ubuntu/.local/lib/python3.10/site-packages/nvidia/cuda_nvrtc/lib/libnvrtc-builtins.so.12.6
7f8d95b13000-7f8d95b14000 rw-p 00513000 00:62 10100555                   /home/ubuntu/.local/lib/python3.10/site-packages/nvidia/cuda_nvrtc/lib/libnvrtc-builtins.so.12.6
7f8d95b14000-7f8d95b15000 r--s 00000000 08:00 45646321                   /home/ubuntu/tbazzocchi/FRAG/MedRAG/corpus/wikipedia/index/bm25/_x.fdx
7f8d95b15000-7f8d95b16000 r--s 00000000 08:00 45646338                   /home/ubuntu/tbazzocchi/FRAG/MedRAG/corpus/wikipedia/index/bm25/_12.fdx
7f8d95b16000-7f8d95b18000 r--p 00000000 00:62 10045292                   /usr/lib/python3.10/lib-dynload/resource.cpython-310-x86_64-linux-gnu.so
7f8d95b18000-7f8d95b19000 r-xp 00002000 00:62 10045292                   /usr/lib/python3.10/lib-dynload/resource.cpython-310-x86_64-linux-gnu.so
7f8d95b19000-7f8d95b1a000 r--p 00003000 00:62 10045292                   /usr/lib/python3.10/lib-dynload/resource.cpython-310-x86_64-linux-gnu.so
7f8d95b1a000-7f8d95b1b000 r--p 00003000 00:62 10045292                   /usr/lib/python3.10/lib-dynload/resource.cpython-310-x86_64-linux-gnu.so
7f8d95b1b000-7f8d95b1c000 rw-p 00004000 00:62 10045292                   /usr/lib/python3.10/lib-dynload/resource.cpython-310-x86_64-linux-gnu.so
7f8d95b1c000-7f8d95b1f000 r--p 00000000 00:62 10175418                   /home/ubuntu/.local/lib/python3.10/site-packages/numpy/random/_philox.cpython-310-x86_64-linux-gnu.so
7f8d95b1f000-7f8d95b2e000 r-xp 00003000 00:62 10175418                   /home/ubuntu/.local/lib/python3.10/site-packages/numpy/random/_philox.cpython-310-x86_64-linux-gnu.so
7f8d95b2e000-7f8d95b32000 r--p 00012000 00:62 10175418                   /home/ubuntu/.local/lib/python3.10/site-packages/numpy/random/_philox.cpython-310-x86_64-linux-gnu.so
7f8d95b32000-7f8d95b33000 r--p 00015000 00:62 10175418                   /home/ubuntu/.local/lib/python3.10/site-packages/numpy/random/_philox.cpython-310-x86_64-linux-gnu.so
7f8d95b33000-7f8d95b34000 rw-p 00016000 00:62 10175418                   /home/ubuntu/.local/lib/python3.10/site-packages/numpy/random/_philox.cpython-310-x86_64-linux-gnu.so
7f8d95b34000-7f8d95b37000 r--p 00000000 00:62 10175421                   /home/ubuntu/.local/lib/python3.10/site-packages/numpy/random/_mt19937.cpython-310-x86_64-linux-gnu.so
7f8d95b37000-7f8d95b48000 r-xp 00003000 00:62 10175421                   /home/ubuntu/.local/lib/python3.10/site-packages/numpy/random/_mt19937.cpython-310-x86_64-linux-gnu.so
7f8d95b48000-7f8d95b4d000 r--p 00014000 00:62 10175421                   /home/ubuntu/.local/lib/python3.10/site-packages/numpy/random/_mt19937.cpython-310-x86_64-linux-gnu.so
7f8d95b4d000-7f8d95b4e000 r--p 00018000 00:62 10175421                   /home/ubuntu/.local/lib/python3.10/site-packages/numpy/random/_mt19937.cpython-310-x86_64-linux-gnu.so
7f8d95b4e000-7f8d95b4f000 rw-p 00019000 00:62 10175421                   /home/ubuntu/.local/lib/python3.10/site-packages/numpy/random/_mt19937.cpython-310-x86_64-linux-gnu.so
7f8d95b4f000-7f8d95b53000 r--p 00000000 00:62 10175416                   /home/ubuntu/.local/lib/python3.10/site-packages/numpy/random/_bounded_integers.cpython-310-x86_64-linux-gnu.so
7f8d95b53000-7f8d95b98000 r-xp 00004000 00:62 10175416                   /home/ubuntu/.local/lib/python3.10/site-packages/numpy/random/_bounded_integers.cpython-310-x86_64-linux-gnu.so
7f8d95b98000-7f8d95ba1000 r--p 00049000 00:62 10175416                   /home/ubuntu/.local/lib/python3.10/site-packages/numpy/random/_bounded_integers.cpython-310-x86_64-linux-gnu.so
7f8d95ba1000-7f8d95ba2000 r--p 00051000 00:62 10175416                   /home/ubuntu/.local/lib/python3.10/site-packages/numpy/random/_bounded_integers.cpython-310-x86_64-linux-gnu.so
7f8d95ba2000-7f8d95ba3000 rw-p 00052000 00:62 10175416                   /home/ubuntu/.local/lib/python3.10/site-packages/numpy/random/_bounded_integers.cpython-310-x86_64-linux-gnu.so
7f8d95ba3000-7f8d95c00000 rw-p 00000000 00:00 0 
7f8d95c00000-7f8d98cef000 r-xp 00000000 00:62 10100556                   /home/ubuntu/.local/lib/python3.10/site-packages/nvidia/cuda_nvrtc/lib/libnvrtc.so.12
7f8d98cef000-7f8d98eee000 ---p 030ef000 00:62 10100556                   /home/ubuntu/.local/lib/python3.10/site-packages/nvidia/cuda_nvrtc/lib/libnvrtc.so.12
7f8d98eee000-7f8d99477000 r--p 030ee000 00:62 10100556                   /home/ubuntu/.local/lib/python3.10/site-packages/nvidia/cuda_nvrtc/lib/libnvrtc.so.12
7f8d99477000-7f8d9955e000 rw-p 03677000 00:62 10100556                   /home/ubuntu/.local/lib/python3.10/site-packages/nvidia/cuda_nvrtc/lib/libnvrtc.so.12
7f8d9955e000-7f8d9983a000 rw-p 00000000 00:00 0 
7f8d9983a000-7f8d99a00000 ---p 03c3a000 00:62 10100556                   /home/ubuntu/.local/lib/python3.10/site-packages/nvidia/cuda_nvrtc/lib/libnvrtc.so.12
7f8d99a00000-7f8d99a02000 rw-p 03800000 00:62 10100556                   /home/ubuntu/.local/lib/python3.10/site-packages/nvidia/cuda_nvrtc/lib/libnvrtc.so.12
7f8d99a02000-7f8d99a03000 r--p 00000000 00:62 10226471                   /home/ubuntu/.local/lib/python3.10/site-packages/scipy/special/libsf_error_state.so
7f8d99a03000-7f8d99a04000 r-xp 00001000 00:62 10226471                   /home/ubuntu/.local/lib/python3.10/site-packages/scipy/special/libsf_error_state.so
7f8d99a04000-7f8d99a05000 r--p 00002000 00:62 10226471                   /home/ubuntu/.local/lib/python3.10/site-packages/scipy/special/libsf_error_state.so
7f8d99a05000-7f8d99a06000 r--p 00002000 00:62 10226471                   /home/ubuntu/.local/lib/python3.10/site-packages/scipy/special/libsf_error_state.so
7f8d99a06000-7f8d99a07000 rw-p 00003000 00:62 10226471                   /home/ubuntu/.local/lib/python3.10/site-packages/scipy/special/libsf_error_state.so
7f8d99a07000-7f8d99a09000 r--p 00000000 00:62 10235070                   /home/ubuntu/.local/lib/python3.10/site-packages/sklearn/__check_build/_check_build.cpython-310-x86_64-linux-gnu.so
7f8d99a09000-7f8d99a0c000 r-xp 00002000 00:62 10235070                   /home/ubuntu/.local/lib/python3.10/site-packages/sklearn/__check_build/_check_build.cpython-310-x86_64-linux-gnu.so
7f8d99a0c000-7f8d99a0d000 r--p 00005000 00:62 10235070                   /home/ubuntu/.local/lib/python3.10/site-packages/sklearn/__check_build/_check_build.cpython-310-x86_64-linux-gnu.so
7f8d99a0d000-7f8d99a0e000 ---p 00006000 00:62 10235070                   /home/ubuntu/.local/lib/python3.10/site-packages/sklearn/__check_build/_check_build.cpython-310-x86_64-linux-gnu.so
7f8d99a0e000-7f8d99a0f000 r--p 00006000 00:62 10235070                   /home/ubuntu/.local/lib/python3.10/site-packages/sklearn/__check_build/_check_build.cpython-310-x86_64-linux-gnu.so
7f8d99a0f000-7f8d99a10000 rw-p 00007000 00:62 10235070                   /home/ubuntu/.local/lib/python3.10/site-packages/sklearn/__check_build/_check_build.cpython-310-x86_64-linux-gnu.so
7f8d99a10000-7f8d99a14000 r--p 00000000 00:62 10175412                   /home/ubuntu/.local/lib/python3.10/site-packages/numpy/random/_common.cpython-310-x86_64-linux-gnu.so
7f8d99a14000-7f8d99a46000 r-xp 00004000 00:62 10175412                   /home/ubuntu/.local/lib/python3.10/site-packages/numpy/random/_common.cpython-310-x86_64-linux-gnu.so
7f8d99a46000-7f8d99a4a000 r--p 00036000 00:62 10175412                   /home/ubuntu/.local/lib/python3.10/site-packages/numpy/random/_common.cpython-310-x86_64-linux-gnu.so
7f8d99a4a000-7f8d99a4b000 ---p 0003a000 00:62 10175412                   /home/ubuntu/.local/lib/python3.10/site-packages/numpy/random/_common.cpython-310-x86_64-linux-gnu.so
7f8d99a4b000-7f8d99a4c000 r--p 0003a000 00:62 10175412                   /home/ubuntu/.local/lib/python3.10/site-packages/numpy/random/_common.cpython-310-x86_64-linux-gnu.so
7f8d99a4c000-7f8d99a4d000 rw-p 0003b000 00:62 10175412                   /home/ubuntu/.local/lib/python3.10/site-packages/numpy/random/_common.cpython-310-x86_64-linux-gnu.so
7f8d99a4d000-7f8d99a4e000 rw-p 00000000 00:00 0 
7f8d99a4e000-7f8d99a4f000 r--s 00000000 08:00 45646352                   /home/ubuntu/tbazzocchi/FRAG/MedRAG/corpus/wikipedia/index/bm25/_10.fdx
7f8d99a4f000-7f8d99a52000 r--p 00000000 00:62 10238300                   /home/ubuntu/.local/lib/python3.10/site-packages/aiohttp/_websocket/mask.cpython-310-x86_64-linux-gnu.so
7f8d99a52000-7f8d99a56000 r-xp 00003000 00:62 10238300                   /home/ubuntu/.local/lib/python3.10/site-packages/aiohttp/_websocket/mask.cpython-310-x86_64-linux-gnu.so
7f8d99a56000-7f8d99a58000 r--p 00007000 00:62 10238300                   /home/ubuntu/.local/lib/python3.10/site-packages/aiohttp/_websocket/mask.cpython-310-x86_64-linux-gnu.so
7f8d99a58000-7f8d99a59000 r--p 00008000 00:62 10238300                   /home/ubuntu/.local/lib/python3.10/site-packages/aiohttp/_websocket/mask.cpython-310-x86_64-linux-gnu.so
7f8d99a59000-7f8d99a5a000 rw-p 00009000 00:62 10238300                   /home/ubuntu/.local/lib/python3.10/site-packages/aiohttp/_websocket/mask.cpython-310-x86_64-linux-gnu.so
7f8d99a5a000-7f8d99a5e000 r--p 00000000 00:62 10176417                   /home/ubuntu/.local/lib/python3.10/site-packages/multidict/_multidict.cpython-310-x86_64-linux-gnu.so
7f8d99a5e000-7f8d99a6f000 r-xp 00004000 00:62 10176417                   /home/ubuntu/.local/lib/python3.10/site-packages/multidict/_multidict.cpython-310-x86_64-linux-gnu.so
7f8d99a6f000-7f8d99a73000 r--p 00015000 00:62 10176417                   /home/ubuntu/.local/lib/python3.10/site-packages/multidict/_multidict.cpython-310-x86_64-linux-gnu.so
7f8d99a73000-7f8d99a74000 r--p 00018000 00:62 10176417                   /home/ubuntu/.local/lib/python3.10/site-packages/multidict/_multidict.cpython-310-x86_64-linux-gnu.so
7f8d99a74000-7f8d99a76000 rw-p 00019000 00:62 10176417                   /home/ubuntu/.local/lib/python3.10/site-packages/multidict/_multidict.cpython-310-x86_64-linux-gnu.so
7f8d99a76000-7f8d99a79000 r--p 00000000 00:62 10045272                   /usr/lib/python3.10/lib-dynload/_multibytecodec.cpython-310-x86_64-linux-gnu.so
7f8d99a79000-7f8d99a7f000 r-xp 00003000 00:62 10045272                   /usr/lib/python3.10/lib-dynload/_multibytecodec.cpython-310-x86_64-linux-gnu.so
7f8d99a7f000-7f8d99a81000 r--p 00009000 00:62 10045272                   /usr/lib/python3.10/lib-dynload/_multibytecodec.cpython-310-x86_64-linux-gnu.so
7f8d99a81000-7f8d99a82000 r--p 0000a000 00:62 10045272                   /usr/lib/python3.10/lib-dynload/_multibytecodec.cpython-310-x86_64-linux-gnu.so
7f8d99a82000-7f8d99a83000 rw-p 0000b000 00:62 10045272                   /usr/lib/python3.10/lib-dynload/_multibytecodec.cpython-310-x86_64-linux-gnu.so
7f8d99a83000-7f8d99a91000 r--p 00000000 00:62 10224959                   /home/ubuntu/.local/lib/python3.10/site-packages/charset_normalizer/md__mypyc.cpython-310-x86_64-linux-gnu.so
7f8d99a91000-7f8d99ab0000 r-xp 0000e000 00:62 10224959                   /home/ubuntu/.local/lib/python3.10/site-packages/charset_normalizer/md__mypyc.cpython-310-x86_64-linux-gnu.so
7f8d99ab0000-7f8d99aba000 r--p 0002d000 00:62 10224959                   /home/ubuntu/.local/lib/python3.10/site-packages/charset_normalizer/md__mypyc.cpython-310-x86_64-linux-gnu.so
7f8d99aba000-7f8d99abb000 r--p 00036000 00:62 10224959                   /home/ubuntu/.local/lib/python3.10/site-packages/charset_normalizer/md__mypyc.cpython-310-x86_64-linux-gnu.so
7f8d99abb000-7f8d99abf000 rw-p 00037000 00:62 10224959                   /home/ubuntu/.local/lib/python3.10/site-packages/charset_normalizer/md__mypyc.cpython-310-x86_64-linux-gnu.so
7f8d99abf000-7f8d99ac0000 rw-p 00000000 00:00 0 
7f8d99ac0000-7f8d99ac1000 r--p 00000000 00:62 10224957                   /home/ubuntu/.local/lib/python3.10/site-packages/charset_normalizer/md.cpython-310-x86_64-linux-gnu.so
7f8d99ac1000-7f8d99ac2000 r-xp 00001000 00:62 10224957                   /home/ubuntu/.local/lib/python3.10/site-packages/charset_normalizer/md.cpython-310-x86_64-linux-gnu.so
7f8d99ac2000-7f8d99ac3000 r--p 00002000 00:62 10224957                   /home/ubuntu/.local/lib/python3.10/site-packages/charset_normalizer/md.cpython-310-x86_64-linux-gnu.so
7f8d99ac3000-7f8d99ac4000 r--p 00002000 00:62 10224957                   /home/ubuntu/.local/lib/python3.10/site-packages/charset_normalizer/md.cpython-310-x86_64-linux-gnu.so
7f8d99ac4000-7f8d99ac5000 rw-p 00003000 00:62 10224957                   /home/ubuntu/.local/lib/python3.10/site-packages/charset_normalizer/md.cpython-310-x86_64-linux-gnu.so
7f8d99ac5000-7f8d99ac7000 r--p 00000000 00:62 10045273                   /usr/lib/python3.10/lib-dynload/_multiprocessing.cpython-310-x86_64-linux-gnu.so
7f8d99ac7000-7f8d99ac9000 r-xp 00002000 00:62 10045273                   /usr/lib/python3.10/lib-dynload/_multiprocessing.cpython-310-x86_64-linux-gnu.so
7f8d99ac9000-7f8d99aca000 r--p 00004000 00:62 10045273                   /usr/lib/python3.10/lib-dynload/_multiprocessing.cpython-310-x86_64-linux-gnu.so
7f8d99aca000-7f8d99acb000 r--p 00004000 00:62 10045273                   /usr/lib/python3.10/lib-dynload/_multiprocessing.cpython-310-x86_64-linux-gnu.so
7f8d99acb000-7f8d99acc000 rw-p 00005000 00:62 10045273                   /usr/lib/python3.10/lib-dynload/_multiprocessing.cpython-310-x86_64-linux-gnu.so
7f8d99acc000-7f8d99ace000 r--p 00000000 00:62 25773485                   /usr/lib/x86_64-linux-gnu/libuuid.so.1.3.0
7f8d99ace000-7f8d99ad2000 r-xp 00002000 00:62 25773485                   /usr/lib/x86_64-linux-gnu/libuuid.so.1.3.0
7f8d99ad2000-7f8d99ad3000 r--p 00006000 00:62 25773485                   /usr/lib/x86_64-linux-gnu/libuuid.so.1.3.0
7f8d99ad3000-7f8d99ad4000 r--p 00006000 00:62 25773485                   /usr/lib/x86_64-linux-gnu/libuuid.so.1.3.0
7f8d99ad4000-7f8d99ad5000 rw-p 00007000 00:62 25773485                   /usr/lib/x86_64-linux-gnu/libuuid.so.1.3.0
7f8d99ad5000-7f8d99ad6000 r--p 00000000 00:62 10045274                   /usr/lib/python3.10/lib-dynload/_posixshmem.cpython-310-x86_64-linux-gnu.so
7f8d99ad6000-7f8d99ad7000 r-xp 00001000 00:62 10045274                   /usr/lib/python3.10/lib-dynload/_posixshmem.cpython-310-x86_64-linux-gnu.so
7f8d99ad7000-7f8d99ad8000 r--p 00002000 00:62 10045274                   /usr/lib/python3.10/lib-dynload/_posixshmem.cpython-310-x86_64-linux-gnu.so
7f8d99ad8000-7f8d99ad9000 r--p 00002000 00:62 10045274                   /usr/lib/python3.10/lib-dynload/_posixshmem.cpython-310-x86_64-linux-gnu.so
7f8d99ad9000-7f8d99ada000 rw-p 00003000 00:62 10045274                   /usr/lib/python3.10/lib-dynload/_posixshmem.cpython-310-x86_64-linux-gnu.so
7f8d99ada000-7f8d99adb000 r--p 00000000 00:62 10045283                   /usr/lib/python3.10/lib-dynload/_uuid.cpython-310-x86_64-linux-gnu.so
7f8d99adb000-7f8d99adc000 r-xp 00001000 00:62 10045283                   /usr/lib/python3.10/lib-dynload/_uuid.cpython-310-x86_64-linux-gnu.so
7f8d99adc000-7f8d99add000 r--p 00002000 00:62 10045283                   /usr/lib/python3.10/lib-dynload/_uuid.cpython-310-x86_64-linux-gnu.so
7f8d99add000-7f8d99ade000 r--p 00002000 00:62 10045283                   /usr/lib/python3.10/lib-dynload/_uuid.cpython-310-x86_64-linux-gnu.so
7f8d99ade000-7f8d99adf000 rw-p 00003000 00:62 10045283                   /usr/lib/python3.10/lib-dynload/_uuid.cpython-310-x86_64-linux-gnu.so
7f8d99adf000-7f8d99b08000 r--p 00000000 00:62 10159912                   /home/ubuntu/.local/lib/python3.10/site-packages/torch/lib/libc10.so
7f8d99b08000-7f8d99baa000 r-xp 00029000 00:62 10159912                   /home/ubuntu/.local/lib/python3.10/site-packages/torch/lib/libc10.so
7f8d99baa000-7f8d99bdf000 r--p 000cb000 00:62 10159912                   /home/ubuntu/.local/lib/python3.10/site-packages/torch/lib/libc10.so
7f8d99bdf000-7f8d99be2000 r--p 000ff000 00:62 10159912                   /home/ubuntu/.local/lib/python3.10/site-packages/torch/lib/libc10.so
7f8d99be2000-7f8d99be9000 rw-p 00102000 00:62 10159912                   /home/ubuntu/.local/lib/python3.10/site-packages/torch/lib/libc10.so
7f8d99be9000-7f8d99beb000 rw-p 00000000 00:00 0 
7f8d99beb000-7f8d99c00000 rw-p 0014f000 00:62 10159912                   /home/ubuntu/.local/lib/python3.10/site-packages/torch/lib/libc10.so
7f8d99c00000-7f8d99c37000 r-xp 00000000 00:62 10159930                   /home/ubuntu/.local/lib/python3.10/site-packages/torch/lib/libgomp.so.1
7f8d99c37000-7f8d99e36000 ---p 00037000 00:62 10159930                   /home/ubuntu/.local/lib/python3.10/site-packages/torch/lib/libgomp.so.1
7f8d99e36000-7f8d99e37000 r--p 00036000 00:62 10159930                   /home/ubuntu/.local/lib/python3.10/site-packages/torch/lib/libgomp.so.1
7f8d99e37000-7f8d99e38000 rw-p 00037000 00:62 10159930                   /home/ubuntu/.local/lib/python3.10/site-packages/torch/lib/libgomp.so.1
7f8d99e38000-7f8d99e3d000 rw-p 0003a000 00:62 10159930                   /home/ubuntu/.local/lib/python3.10/site-packages/torch/lib/libgomp.so.1
7f8d99e3d000-7f8d99e3e000 r--s 00000000 08:00 45646363                   /home/ubuntu/tbazzocchi/FRAG/MedRAG/corpus/wikipedia/index/bm25/_u.fdx
7f8d99e3e000-7f8d99e3f000 r--s 00000000 08:00 45646378                   /home/ubuntu/tbazzocchi/FRAG/MedRAG/corpus/wikipedia/index/bm25/_11.fdx
7f8d99e3f000-7f8d99e43000 r--p 00000000 00:62 10045506                   /usr/lib/python3.10/lib-dynload/_hashlib.cpython-310-x86_64-linux-gnu.so
7f8d99e43000-7f8d99e49000 r-xp 00004000 00:62 10045506                   /usr/lib/python3.10/lib-dynload/_hashlib.cpython-310-x86_64-linux-gnu.so
7f8d99e49000-7f8d99e4d000 r--p 0000a000 00:62 10045506                   /usr/lib/python3.10/lib-dynload/_hashlib.cpython-310-x86_64-linux-gnu.so
7f8d99e4d000-7f8d99e4e000 r--p 0000d000 00:62 10045506                   /usr/lib/python3.10/lib-dynload/_hashlib.cpython-310-x86_64-linux-gnu.so
7f8d99e4e000-7f8d99e50000 rw-p 0000e000 00:62 10045506                   /usr/lib/python3.10/lib-dynload/_hashlib.cpython-310-x86_64-linux-gnu.so
7f8d99e50000-7f8d99ed0000 rw-p 00000000 00:00 0 
7f8d99ed0000-7f8d99ed1000 r--s 00000000 08:00 45646397                   /home/ubuntu/tbazzocchi/FRAG/MedRAG/corpus/wikipedia/index/bm25/_w.fdx
7f8d99ed1000-7f8d99ed2000 r--s 00000000 08:00 45646408                   /home/ubuntu/tbazzocchi/FRAG/MedRAG/corpus/wikipedia/index/bm25/_p.fdx
7f8d99ed2000-7f8d99ed3000 r--s 00000000 08:00 45646427                   /home/ubuntu/tbazzocchi/FRAG/MedRAG/corpus/wikipedia/index/bm25/_z.fdx
7f8d99ed3000-7f8d99ed5000 r--p 00000000 00:62 10045275                   /usr/lib/python3.10/lib-dynload/_queue.cpython-310-x86_64-linux-gnu.so
7f8d99ed5000-7f8d99ed7000 r-xp 00002000 00:62 10045275                   /usr/lib/python3.10/lib-dynload/_queue.cpython-310-x86_64-linux-gnu.so
7f8d99ed7000-7f8d99ed8000 r--p 00004000 00:62 10045275                   /usr/lib/python3.10/lib-dynload/_queue.cpython-310-x86_64-linux-gnu.so
7f8d99ed8000-7f8d99ed9000 r--p 00004000 00:62 10045275                   /usr/lib/python3.10/lib-dynload/_queue.cpython-310-x86_64-linux-gnu.so
7f8d99ed9000-7f8d99eda000 rw-p 00005000 00:62 10045275                   /usr/lib/python3.10/lib-dynload/_queue.cpython-310-x86_64-linux-gnu.so
7f8d99eda000-7f8d99edf000 r--p 00000000 00:62 10175433                   /home/ubuntu/.local/lib/python3.10/site-packages/numpy/random/bit_generator.cpython-310-x86_64-linux-gnu.so
7f8d99edf000-7f8d99f02000 r-xp 00005000 00:62 10175433                   /home/ubuntu/.local/lib/python3.10/site-packages/numpy/random/bit_generator.cpython-310-x86_64-linux-gnu.so
7f8d99f02000-7f8d99f0c000 r--p 00028000 00:62 10175433                   /home/ubuntu/.local/lib/python3.10/site-packages/numpy/random/bit_generator.cpython-310-x86_64-linux-gnu.so
7f8d99f0c000-7f8d99f0d000 r--p 00031000 00:62 10175433                   /home/ubuntu/.local/lib/python3.10/site-packages/numpy/random/bit_generator.cpython-310-x86_64-linux-gnu.so
7f8d99f0d000-7f8d99f0f000 rw-p 00032000 00:62 10175433                   /home/ubuntu/.local/lib/python3.10/site-packages/numpy/random/bit_generator.cpython-310-x86_64-linux-gnu.so
7f8d99f0f000-7f8d99f10000 rw-p 00000000 00:00 0 
7f8d99f10000-7f8d99f20000 r--p 00000000 00:62 10159913                   /home/ubuntu/.local/lib/python3.10/site-packages/torch/lib/libc10_cuda.so
7f8d99f20000-7f8d99f73000 r-xp 00010000 00:62 10159913                   /home/ubuntu/.local/lib/python3.10/site-packages/torch/lib/libc10_cuda.so
7f8d99f73000-7f8d99f8a000 r--p 00063000 00:62 10159913                   /home/ubuntu/.local/lib/python3.10/site-packages/torch/lib/libc10_cuda.so
7f8d99f8a000-7f8d99f8c000 r--p 00079000 00:62 10159913                   /home/ubuntu/.local/lib/python3.10/site-packages/torch/lib/libc10_cuda.so
7f8d99f8c000-7f8d99f8d000 rw-p 0007b000 00:62 10159913                   /home/ubuntu/.local/lib/python3.10/site-packages/torch/lib/libc10_cuda.so
7f8d99f8d000-7f8d99fb3000 rw-p 00000000 00:00 0 
7f8d99fb3000-7f8d99fbb000 rw-p 000a3000 00:62 10159913                   /home/ubuntu/.local/lib/python3.10/site-packages/torch/lib/libc10_cuda.so
7f8d99fbb000-7f8d99fc6000 r--p 00000000 00:62 10159916                   /home/ubuntu/.local/lib/python3.10/site-packages/torch/lib/libtorch.so
7f8d99fc6000-7f8d99fee000 r-xp 0000b000 00:62 10159916                   /home/ubuntu/.local/lib/python3.10/site-packages/torch/lib/libtorch.so
7f8d99fee000-7f8d99ff8000 r--p 00033000 00:62 10159916                   /home/ubuntu/.local/lib/python3.10/site-packages/torch/lib/libtorch.so
7f8d99ff8000-7f8d99ff9000 r--p 0003c000 00:62 10159916                   /home/ubuntu/.local/lib/python3.10/site-packages/torch/lib/libtorch.so
7f8d99ff9000-7f8d99ffa000 rw-p 0003d000 00:62 10159916                   /home/ubuntu/.local/lib/python3.10/site-packages/torch/lib/libtorch.so
7f8d99ffa000-7f8d9a000000 rw-p 0004e000 00:62 10159916                   /home/ubuntu/.local/lib/python3.10/site-packages/torch/lib/libtorch.so
7f8d9a000000-7f8d9a0a9000 r-xp 00000000 00:62 10100534                   /home/ubuntu/.local/lib/python3.10/site-packages/nvidia/cuda_runtime/lib/libcudart.so.12
7f8d9a0a9000-7f8d9a2a9000 ---p 000a9000 00:62 10100534                   /home/ubuntu/.local/lib/python3.10/site-packages/nvidia/cuda_runtime/lib/libcudart.so.12
7f8d9a2a9000-7f8d9a2ae000 r--p 000a9000 00:62 10100534                   /home/ubuntu/.local/lib/python3.10/site-packages/nvidia/cuda_runtime/lib/libcudart.so.12
7f8d9a2ae000-7f8d9a2af000 rw-p 000ae000 00:62 10100534                   /home/ubuntu/.local/lib/python3.10/site-packages/nvidia/cuda_runtime/lib/libcudart.so.12
7f8d9a2af000-7f8d9a2b1000 rw-p 00000000 00:00 0 
7f8d9a2b1000-7f8d9a2b2000 r--s 00000000 08:00 45646444                   /home/ubuntu/tbazzocchi/FRAG/MedRAG/corpus/wikipedia/index/bm25/_t.fdx
7f8d9a2b2000-7f8d9a2b8000 r--p 00000000 00:62 10175371                   /home/ubuntu/.local/lib/python3.10/site-packages/numpy/linalg/_umath_linalg.cpython-310-x86_64-linux-gnu.so
7f8d9a2b8000-7f8d9a2d8000 r-xp 00006000 00:62 10175371                   /home/ubuntu/.local/lib/python3.10/site-packages/numpy/linalg/_umath_linalg.cpython-310-x86_64-linux-gnu.so
7f8d9a2d8000-7f8d9a2dd000 r--p 00026000 00:62 10175371                   /home/ubuntu/.local/lib/python3.10/site-packages/numpy/linalg/_umath_linalg.cpython-310-x86_64-linux-gnu.so
7f8d9a2dd000-7f8d9a2de000 r--p 0002a000 00:62 10175371                   /home/ubuntu/.local/lib/python3.10/site-packages/numpy/linalg/_umath_linalg.cpython-310-x86_64-linux-gnu.so
7f8d9a2de000-7f8d9a2df000 rw-p 0002b000 00:62 10175371                   /home/ubuntu/.local/lib/python3.10/site-packages/numpy/linalg/_umath_linalg.cpython-310-x86_64-linux-gnu.so
7f8d9a2df000-7f8d9a2e0000 rw-p 00000000 00:00 0 
7f8d9a2e0000-7f8d9a2e2000 rw-p 00032000 00:62 10175371                   /home/ubuntu/.local/lib/python3.10/site-packages/numpy/linalg/_umath_linalg.cpython-310-x86_64-linux-gnu.so
7f8d9a2e2000-7f8d9a2e3000 rw-p 00034000 00:62 10175371                   /home/ubuntu/.local/lib/python3.10/site-packages/numpy/linalg/_umath_linalg.cpython-310-x86_64-linux-gnu.so
7f8d9a2e3000-7f8d9a2e4000 r--p 00000000 00:62 42020368                   /usr/lib/x86_64-linux-gnu/libutil.so.1
7f8d9a2e4000-7f8d9a2e5000 r-xp 00001000 00:62 42020368                   /usr/lib/x86_64-linux-gnu/libutil.so.1
7f8d9a2e5000-7f8d9a2e6000 r--p 00002000 00:62 42020368                   /usr/lib/x86_64-linux-gnu/libutil.so.1
7f8d9a2e6000-7f8d9a2e7000 r--p 00002000 00:62 42020368                   /usr/lib/x86_64-linux-gnu/libutil.so.1
7f8d9a2e7000-7f8d9a2e8000 rw-p 00003000 00:62 42020368                   /usr/lib/x86_64-linux-gnu/libutil.so.1
7f8d9a2e8000-7f8d9a2eb000 r--p 00000000 00:62 10159915                   /home/ubuntu/.local/lib/python3.10/site-packages/torch/lib/libshm.so
7f8d9a2eb000-7f8d9a2ee000 r-xp 00003000 00:62 10159915                   /home/ubuntu/.local/lib/python3.10/site-packages/torch/lib/libshm.so
7f8d9a2ee000-7f8d9a2ef000 r--p 00006000 00:62 10159915                   /home/ubuntu/.local/lib/python3.10/site-packages/torch/lib/libshm.so
7f8d9a2ef000-7f8d9a2f0000 r--p 00006000 00:62 10159915                   /home/ubuntu/.local/lib/python3.10/site-packages/torch/lib/libshm.so
7f8d9a2f0000-7f8d9a2f1000 rw-p 00007000 00:62 10159915                   /home/ubuntu/.local/lib/python3.10/site-packages/torch/lib/libshm.so
7f8d9a2f1000-7f8d9a2f3000 rw-p 0000b000 00:62 10159915                   /home/ubuntu/.local/lib/python3.10/site-packages/torch/lib/libshm.so
7f8d9a2f3000-7f8d9a2f4000 r--p 00000000 00:62 10103858                   /home/ubuntu/.local/lib/python3.10/site-packages/torch/_C.cpython-310-x86_64-linux-gnu.so
7f8d9a2f4000-7f8d9a2f5000 r-xp 00001000 00:62 10103858                   /home/ubuntu/.local/lib/python3.10/site-packages/torch/_C.cpython-310-x86_64-linux-gnu.so
7f8d9a2f5000-7f8d9a2f6000 r--p 00002000 00:62 10103858                   /home/ubuntu/.local/lib/python3.10/site-packages/torch/_C.cpython-310-x86_64-linux-gnu.so
7f8d9a2f6000-7f8d9a2f7000 r--p 00002000 00:62 10103858                   /home/ubuntu/.local/lib/python3.10/site-packages/torch/_C.cpython-310-x86_64-linux-gnu.so
7f8d9a2f7000-7f8d9a2f8000 rw-p 00003000 00:62 10103858                   /home/ubuntu/.local/lib/python3.10/site-packages/torch/_C.cpython-310-x86_64-linux-gnu.so
7f8d9a2f8000-7f8d9a2f9000 rw-p 00006000 00:62 10103858                   /home/ubuntu/.local/lib/python3.10/site-packages/torch/_C.cpython-310-x86_64-linux-gnu.so
7f8d9a2f9000-7f8d9a2fc000 r--p 00000000 00:62 25773383                   /usr/lib/x86_64-linux-gnu/libgcc_s.so.1
7f8d9a2fc000-7f8d9a313000 r-xp 00003000 00:62 25773383                   /usr/lib/x86_64-linux-gnu/libgcc_s.so.1
7f8d9a313000-7f8d9a317000 r--p 0001a000 00:62 25773383                   /usr/lib/x86_64-linux-gnu/libgcc_s.so.1
7f8d9a317000-7f8d9a318000 r--p 0001d000 00:62 25773383                   /usr/lib/x86_64-linux-gnu/libgcc_s.so.1
7f8d9a318000-7f8d9a319000 rw-p 0001e000 00:62 25773383                   /usr/lib/x86_64-linux-gnu/libgcc_s.so.1
7f8d9a319000-7f8d9a31a000 r--p 00000000 00:62 42020364                   /usr/lib/x86_64-linux-gnu/librt.so.1
7f8d9a31a000-7f8d9a31b000 r-xp 00001000 00:62 42020364                   /usr/lib/x86_64-linux-gnu/librt.so.1
7f8d9a31b000-7f8d9a31c000 r--p 00002000 00:62 42020364                   /usr/lib/x86_64-linux-gnu/librt.so.1
7f8d9a31c000-7f8d9a31d000 r--p 00002000 00:62 42020364                   /usr/lib/x86_64-linux-gnu/librt.so.1
7f8d9a31d000-7f8d9a31e000 rw-p 00003000 00:62 42020364                   /usr/lib/x86_64-linux-gnu/librt.so.1
7f8d9a31e000-7f8d9a31f000 r--p 00000000 00:62 42020340                   /usr/lib/x86_64-linux-gnu/libdl.so.2
7f8d9a31f000-7f8d9a320000 r-xp 00001000 00:62 42020340                   /usr/lib/x86_64-linux-gnu/libdl.so.2
7f8d9a320000-7f8d9a321000 r--p 00002000 00:62 42020340                   /usr/lib/x86_64-linux-gnu/libdl.so.2
7f8d9a321000-7f8d9a322000 r--p 00002000 00:62 42020340                   /usr/lib/x86_64-linux-gnu/libdl.so.2
7f8d9a322000-7f8d9a323000 rw-p 00003000 00:62 42020340                   /usr/lib/x86_64-linux-gnu/libdl.so.2
7f8d9a323000-7f8d9a324000 r--p 00000000 00:62 42020360                   /usr/lib/x86_64-linux-gnu/libpthread.so.0
7f8d9a324000-7f8d9a325000 r-xp 00001000 00:62 42020360                   /usr/lib/x86_64-linux-gnu/libpthread.so.0
7f8d9a325000-7f8d9a326000 r--p 00002000 00:62 42020360                   /usr/lib/x86_64-linux-gnu/libpthread.so.0
7f8d9a326000-7f8d9a327000 r--p 00002000 00:62 42020360                   /usr/lib/x86_64-linux-gnu/libpthread.so.0
7f8d9a327000-7f8d9a328000 rw-p 00003000 00:62 42020360                   /usr/lib/x86_64-linux-gnu/libpthread.so.0
7f8d9a328000-7f8d9a329000 r--p 00000000 00:62 10159920                   /home/ubuntu/.local/lib/python3.10/site-packages/torch/lib/libtorch_global_deps.so
7f8d9a329000-7f8d9a32a000 r-xp 00001000 00:62 10159920                   /home/ubuntu/.local/lib/python3.10/site-packages/torch/lib/libtorch_global_deps.so
7f8d9a32a000-7f8d9a32b000 r--p 00002000 00:62 10159920                   /home/ubuntu/.local/lib/python3.10/site-packages/torch/lib/libtorch_global_deps.so
7f8d9a32b000-7f8d9a32c000 r--p 00002000 00:62 10159920                   /home/ubuntu/.local/lib/python3.10/site-packages/torch/lib/libtorch_global_deps.so
7f8d9a32c000-7f8d9a32d000 rw-p 00003000 00:62 10159920                   /home/ubuntu/.local/lib/python3.10/site-packages/torch/lib/libtorch_global_deps.so
7f8d9a32d000-7f8d9a32e000 rw-p 00004000 00:62 10159920                   /home/ubuntu/.local/lib/python3.10/site-packages/torch/lib/libtorch_global_deps.so
7f8d9a32e000-7f8d9a42e000 rw-p 00000000 00:00 0 
7f8d9a42e000-7f8d9a431000 r--p 00000000 00:62 25773409                   /usr/lib/x86_64-linux-gnu/liblzma.so.5.2.5
7f8d9a431000-7f8d9a44c000 r-xp 00003000 00:62 25773409                   /usr/lib/x86_64-linux-gnu/liblzma.so.5.2.5
7f8d9a44c000-7f8d9a457000 r--p 0001e000 00:62 25773409                   /usr/lib/x86_64-linux-gnu/liblzma.so.5.2.5
7f8d9a457000-7f8d9a458000 r--p 00028000 00:62 25773409                   /usr/lib/x86_64-linux-gnu/liblzma.so.5.2.5
7f8d9a458000-7f8d9a459000 rw-p 00029000 00:62 25773409                   /usr/lib/x86_64-linux-gnu/liblzma.so.5.2.5
7f8d9a459000-7f8d9a45c000 r--p 00000000 00:62 10045271                   /usr/lib/python3.10/lib-dynload/_lzma.cpython-310-x86_64-linux-gnu.so
7f8d9a45c000-7f8d9a460000 r-xp 00003000 00:62 10045271                   /usr/lib/python3.10/lib-dynload/_lzma.cpython-310-x86_64-linux-gnu.so
7f8d9a460000-7f8d9a463000 r--p 00007000 00:62 10045271                   /usr/lib/python3.10/lib-dynload/_lzma.cpython-310-x86_64-linux-gnu.so
7f8d9a463000-7f8d9a464000 r--p 00009000 00:62 10045271                   /usr/lib/python3.10/lib-dynload/_lzma.cpython-310-x86_64-linux-gnu.so
7f8d9a464000-7f8d9a465000 rw-p 0000a000 00:62 10045271                   /usr/lib/python3.10/lib-dynload/_lzma.cpython-310-x86_64-linux-gnu.so
7f8d9a465000-7f8d9a665000 rw-p 00000000 00:00 0 
7f8d9a665000-7f8d9a666000 r--s 00000000 08:00 45646459                   /home/ubuntu/tbazzocchi/FRAG/MedRAG/corpus/wikipedia/index/bm25/_v.fdx
7f8d9a666000-7f8d9a668000 r--p 00000000 00:62 10045288                   /usr/lib/python3.10/lib-dynload/mmap.cpython-310-x86_64-linux-gnu.so
7f8d9a668000-7f8d9a66b000 r-xp 00002000 00:62 10045288                   /usr/lib/python3.10/lib-dynload/mmap.cpython-310-x86_64-linux-gnu.so
7f8d9a66b000-7f8d9a66d000 r--p 00005000 00:62 10045288                   /usr/lib/python3.10/lib-dynload/mmap.cpython-310-x86_64-linux-gnu.so
7f8d9a66d000-7f8d9a66e000 r--p 00006000 00:62 10045288                   /usr/lib/python3.10/lib-dynload/mmap.cpython-310-x86_64-linux-gnu.so
7f8d9a66e000-7f8d9a66f000 rw-p 00007000 00:62 10045288                   /usr/lib/python3.10/lib-dynload/mmap.cpython-310-x86_64-linux-gnu.so
7f8d9a66f000-7f8d9a670000 r--p 00000000 00:62 10174975                   /home/ubuntu/.local/lib/python3.10/site-packages/numpy/fft/_pocketfft_internal.cpython-310-x86_64-linux-gnu.so
7f8d9a670000-7f8d9a683000 r-xp 00001000 00:62 10174975                   /home/ubuntu/.local/lib/python3.10/site-packages/numpy/fft/_pocketfft_internal.cpython-310-x86_64-linux-gnu.so
7f8d9a683000-7f8d9a685000 r--p 00014000 00:62 10174975                   /home/ubuntu/.local/lib/python3.10/site-packages/numpy/fft/_pocketfft_internal.cpython-310-x86_64-linux-gnu.so
7f8d9a685000-7f8d9a686000 r--p 00015000 00:62 10174975                   /home/ubuntu/.local/lib/python3.10/site-packages/numpy/fft/_pocketfft_internal.cpython-310-x86_64-linux-gnu.so
7f8d9a686000-7f8d9a687000 rw-p 00016000 00:62 10174975                   /home/ubuntu/.local/lib/python3.10/site-packages/numpy/fft/_pocketfft_internal.cpython-310-x86_64-linux-gnu.so
7f8d9a687000-7f8d9a68e000 r--p 00000000 00:62 10175495                   /home/ubuntu/.local/lib/python3.10/site-packages/numpy/core/_multiarray_tests.cpython-310-x86_64-linux-gnu.so
7f8d9a68e000-7f8d9a6a5000 r-xp 00007000 00:62 10175495                   /home/ubuntu/.local/lib/python3.10/site-packages/numpy/core/_multiarray_tests.cpython-310-x86_64-linux-gnu.so
7f8d9a6a5000-7f8d9a6ab000 r--p 0001e000 00:62 10175495                   /home/ubuntu/.local/lib/python3.10/site-packages/numpy/core/_multiarray_tests.cpython-310-x86_64-linux-gnu.so
7f8d9a6ab000-7f8d9a6ac000 r--p 00023000 00:62 10175495                   /home/ubuntu/.local/lib/python3.10/site-packages/numpy/core/_multiarray_tests.cpython-310-x86_64-linux-gnu.so
7f8d9a6ac000-7f8d9a6ae000 rw-p 00024000 00:62 10175495                   /home/ubuntu/.local/lib/python3.10/site-packages/numpy/core/_multiarray_tests.cpython-310-x86_64-linux-gnu.so
7f8d9a6ae000-7f8d9a6b0000 r--p 00000000 00:62 25773378                   /usr/lib/x86_64-linux-gnu/libffi.so.8.1.0
7f8d9a6b0000-7f8d9a6b7000 r-xp 00002000 00:62 25773378                   /usr/lib/x86_64-linux-gnu/libffi.so.8.1.0
7f8d9a6b7000-7f8d9a6b8000 r--p 00009000 00:62 25773378                   /usr/lib/x86_64-linux-gnu/libffi.so.8.1.0
7f8d9a6b8000-7f8d9a6b9000 ---p 0000a000 00:62 25773378                   /usr/lib/x86_64-linux-gnu/libffi.so.8.1.0
7f8d9a6b9000-7f8d9a6ba000 r--p 0000a000 00:62 25773378                   /usr/lib/x86_64-linux-gnu/libffi.so.8.1.0
7f8d9a6ba000-7f8d9a6bb000 rw-p 0000b000 00:62 25773378                   /usr/lib/x86_64-linux-gnu/libffi.so.8.1.0
7f8d9a6bb000-7f8d9a6c1000 r--p 00000000 00:62 10045263                   /usr/lib/python3.10/lib-dynload/_ctypes.cpython-310-x86_64-linux-gnu.so
7f8d9a6c1000-7f8d9a6d1000 r-xp 00006000 00:62 10045263                   /usr/lib/python3.10/lib-dynload/_ctypes.cpython-310-x86_64-linux-gnu.so
7f8d9a6d1000-7f8d9a6d7000 r--p 00016000 00:62 10045263                   /usr/lib/python3.10/lib-dynload/_ctypes.cpython-310-x86_64-linux-gnu.so
7f8d9a6d7000-7f8d9a6d8000 r--p 0001b000 00:62 10045263                   /usr/lib/python3.10/lib-dynload/_ctypes.cpython-310-x86_64-linux-gnu.so
7f8d9a6d8000-7f8d9a6dc000 rw-p 0001c000 00:62 10045263                   /usr/lib/python3.10/lib-dynload/_ctypes.cpython-310-x86_64-linux-gnu.so
7f8d9a6dc000-7f8d9a6de000 r--p 00000000 00:62 10045269                   /usr/lib/python3.10/lib-dynload/_json.cpython-310-x86_64-linux-gnu.so
7f8d9a6de000-7f8d9a6e5000 r-xp 00002000 00:62 10045269                   /usr/lib/python3.10/lib-dynload/_json.cpython-310-x86_64-linux-gnu.so
7f8d9a6e5000-7f8d9a6e7000 r--p 00009000 00:62 10045269                   /usr/lib/python3.10/lib-dynload/_json.cpython-310-x86_64-linux-gnu.so
7f8d9a6e7000-7f8d9a6e8000 r--p 0000a000 00:62 10045269                   /usr/lib/python3.10/lib-dynload/_json.cpython-310-x86_64-linux-gnu.so
7f8d9a6e8000-7f8d9a6e9000 rw-p 0000b000 00:62 10045269                   /usr/lib/python3.10/lib-dynload/_json.cpython-310-x86_64-linux-gnu.so
7f8d9a6e9000-7f8d9a7e9000 rw-p 00000000 00:00 0 
7f8d9a7e9000-7f8d9a7ea000 r--s 00000000 08:00 45646370                   /home/ubuntu/tbazzocchi/FRAG/MedRAG/corpus/wikipedia/index/bm25/_y.fdx
7f8d9a7ea000-7f8d9a7eb000 rw-s 00000000 00:69 43                         /dev/shm/sem.nUKKoB (deleted)
7f8d9a7eb000-7f8d9a7ec000 ---p 00000000 00:00 0 
7f8d9a7ec000-7f8d9a7ed000 r--p 00000000 00:00 0 
7f8d9a7ed000-7f8d9a7ef000 r--p 00000000 00:62 25773357                   /usr/lib/x86_64-linux-gnu/libbz2.so.1.0.4
7f8d9a7ef000-7f8d9a7fc000 r-xp 00002000 00:62 25773357                   /usr/lib/x86_64-linux-gnu/libbz2.so.1.0.4
7f8d9a7fc000-7f8d9a7fe000 r--p 0000f000 00:62 25773357                   /usr/lib/x86_64-linux-gnu/libbz2.so.1.0.4
7f8d9a7fe000-7f8d9a7ff000 r--p 00010000 00:62 25773357                   /usr/lib/x86_64-linux-gnu/libbz2.so.1.0.4
7f8d9a7ff000-7f8d9a800000 rw-p 00011000 00:62 25773357                   /usr/lib/x86_64-linux-gnu/libbz2.so.1.0.4
7f8d9a800000-7f8d9a801000 r--p 00000000 00:62 10045261                   /usr/lib/python3.10/lib-dynload/_contextvars.cpython-310-x86_64-linux-gnu.so
7f8d9a801000-7f8d9a802000 r-xp 00001000 00:62 10045261                   /usr/lib/python3.10/lib-dynload/_contextvars.cpython-310-x86_64-linux-gnu.so
7f8d9a802000-7f8d9a803000 r--p 00002000 00:62 10045261                   /usr/lib/python3.10/lib-dynload/_contextvars.cpython-310-x86_64-linux-gnu.so
7f8d9a803000-7f8d9a804000 r--p 00002000 00:62 10045261                   /usr/lib/python3.10/lib-dynload/_contextvars.cpython-310-x86_64-linux-gnu.so
7f8d9a804000-7f8d9a805000 rw-p 00003000 00:62 10045261                   /usr/lib/python3.10/lib-dynload/_contextvars.cpython-310-x86_64-linux-gnu.so
7f8d9a805000-7f8d9a807000 r--p 00000000 00:62 10045254                   /usr/lib/python3.10/lib-dynload/_bz2.cpython-310-x86_64-linux-gnu.so
7f8d9a807000-7f8d9a80a000 r-xp 00002000 00:62 10045254                   /usr/lib/python3.10/lib-dynload/_bz2.cpython-310-x86_64-linux-gnu.so
7f8d9a80a000-7f8d9a80c000 r--p 00005000 00:62 10045254                   /usr/lib/python3.10/lib-dynload/_bz2.cpython-310-x86_64-linux-gnu.so
7f8d9a80c000-7f8d9a80d000 r--p 00006000 00:62 10045254                   /usr/lib/python3.10/lib-dynload/_bz2.cpython-310-x86_64-linux-gnu.so
7f8d9a80d000-7f8d9a80e000 rw-p 00007000 00:62 10045254                   /usr/lib/python3.10/lib-dynload/_bz2.cpython-310-x86_64-linux-gnu.so
7f8d9a80e000-7f8d9aa70000 rw-p 00000000 00:00 0 
7f8d9aa70000-7f8d9aa77000 r--s 00000000 00:62 42020870                   /usr/lib/x86_64-linux-gnu/gconv/gconv-modules.cache
7f8d9aa77000-7f8d9aace000 r--p 00000000 00:62 25642035                   /usr/lib/locale/C.utf8/LC_CTYPE
7f8d9aace000-7f8d9aad0000 rw-p 00000000 00:00 0 
7f8d9aad0000-7f8d9aaf8000 r--p 00000000 00:62 42020336                   /usr/lib/x86_64-linux-gnu/libc.so.6
7f8d9aaf8000-7f8d9ac8d000 r-xp 00028000 00:62 42020336                   /usr/lib/x86_64-linux-gnu/libc.so.6
7f8d9ac8d000-7f8d9ace5000 r--p 001bd000 00:62 42020336                   /usr/lib/x86_64-linux-gnu/libc.so.6
7f8d9ace5000-7f8d9ace6000 ---p 00215000 00:62 42020336                   /usr/lib/x86_64-linux-gnu/libc.so.6
7f8d9ace6000-7f8d9acea000 r--p 00215000 00:62 42020336                   /usr/lib/x86_64-linux-gnu/libc.so.6
7f8d9acea000-7f8d9acec000 rw-p 00219000 00:62 42020336                   /usr/lib/x86_64-linux-gnu/libc.so.6
7f8d9acec000-7f8d9acf9000 rw-p 00000000 00:00 0 
7f8d9acf9000-7f8d9acfb000 r--p 00000000 00:62 25773489                   /usr/lib/x86_64-linux-gnu/libz.so.1.2.11
7f8d9acfb000-7f8d9ad0c000 r-xp 00002000 00:62 25773489                   /usr/lib/x86_64-linux-gnu/libz.so.1.2.11
7f8d9ad0c000-7f8d9ad12000 r--p 00013000 00:62 25773489                   /usr/lib/x86_64-linux-gnu/libz.so.1.2.11
7f8d9ad12000-7f8d9ad13000 ---p 00019000 00:62 25773489                   /usr/lib/x86_64-linux-gnu/libz.so.1.2.11
7f8d9ad13000-7f8d9ad14000 r--p 00019000 00:62 25773489                   /usr/lib/x86_64-linux-gnu/libz.so.1.2.11
7f8d9ad14000-7f8d9ad15000 rw-p 0001a000 00:62 25773489                   /usr/lib/x86_64-linux-gnu/libz.so.1.2.11
7f8d9ad15000-7f8d9ad19000 r--p 00000000 00:62 9914585                    /usr/lib/x86_64-linux-gnu/libexpat.so.1.8.7
7f8d9ad19000-7f8d9ad38000 r-xp 00004000 00:62 9914585                    /usr/lib/x86_64-linux-gnu/libexpat.so.1.8.7
7f8d9ad38000-7f8d9ad42000 r--p 00023000 00:62 9914585                    /usr/lib/x86_64-linux-gnu/libexpat.so.1.8.7
7f8d9ad42000-7f8d9ad43000 ---p 0002d000 00:62 9914585                    /usr/lib/x86_64-linux-gnu/libexpat.so.1.8.7
7f8d9ad43000-7f8d9ad45000 r--p 0002d000 00:62 9914585                    /usr/lib/x86_64-linux-gnu/libexpat.so.1.8.7
7f8d9ad45000-7f8d9ad46000 rw-p 0002f000 00:62 9914585                    /usr/lib/x86_64-linux-gnu/libexpat.so.1.8.7
7f8d9ad46000-7f8d9ad54000 r--p 00000000 00:62 42020342                   /usr/lib/x86_64-linux-gnu/libm.so.6
7f8d9ad54000-7f8d9add0000 r-xp 0000e000 00:62 42020342                   /usr/lib/x86_64-linux-gnu/libm.so.6
7f8d9add0000-7f8d9ae2b000 r--p 0008a000 00:62 42020342                   /usr/lib/x86_64-linux-gnu/libm.so.6
7f8d9ae2b000-7f8d9ae2c000 r--p 000e4000 00:62 42020342                   /usr/lib/x86_64-linux-gnu/libm.so.6
7f8d9ae2c000-7f8d9ae2d000 rw-p 000e5000 00:62 42020342                   /usr/lib/x86_64-linux-gnu/libm.so.6
7f8d9ae2d000-7f8d9ae2e000 r--p 00000000 00:62 10045507                   /usr/lib/python3.10/lib-dynload/_opcode.cpython-310-x86_64-linux-gnu.so
7f8d9ae2e000-7f8d9ae2f000 r-xp 00001000 00:62 10045507                   /usr/lib/python3.10/lib-dynload/_opcode.cpython-310-x86_64-linux-gnu.so
7f8d9ae2f000-7f8d9ae30000 r--p 00002000 00:62 10045507                   /usr/lib/python3.10/lib-dynload/_opcode.cpython-310-x86_64-linux-gnu.so
7f8d9ae30000-7f8d9ae31000 r--p 00002000 00:62 10045507                   /usr/lib/python3.10/lib-dynload/_opcode.cpython-310-x86_64-linux-gnu.so
7f8d9ae31000-7f8d9ae32000 rw-p 00003000 00:62 10045507                   /usr/lib/python3.10/lib-dynload/_opcode.cpython-310-x86_64-linux-gnu.so
7f8d9ae32000-7f8d9ae34000 rw-p 00000000 00:00 0 
7f8d9ae34000-7f8d9ae36000 r--p 00000000 00:62 42020330                   /usr/lib/x86_64-linux-gnu/ld-linux-x86-64.so.2
7f8d9ae36000-7f8d9ae60000 r-xp 00002000 00:62 42020330                   /usr/lib/x86_64-linux-gnu/ld-linux-x86-64.so.2
7f8d9ae60000-7f8d9ae6b000 r--p 0002c000 00:62 42020330                   /usr/lib/x86_64-linux-gnu/ld-linux-x86-64.so.2
7f8d9ae6b000-7f8d9ae6c000 ---p 00000000 00:00 0 
7f8d9ae6c000-7f8d9ae6e000 r--p 00037000 00:62 42020330                   /usr/lib/x86_64-linux-gnu/ld-linux-x86-64.so.2
7f8d9ae6e000-7f8d9ae70000 rw-p 00039000 00:62 42020330                   /usr/lib/x86_64-linux-gnu/ld-linux-x86-64.so.2
7ffdba5ca000-7ffdba5ce000 ---p 00000000 00:00 0 
7ffdba5ce000-7ffdba6ca000 rw-p 00000000 00:00 0                          [stack]
7ffdba6fc000-7ffdba700000 r--p 00000000 00:00 0                          [vvar]
7ffdba700000-7ffdba702000 r-xp 00000000 00:00 0                          [vdso]
ffffffffff600000-ffffffffff601000 --xp 00000000 00:00 0                  [vsyscall]


VM Arguments:
java_command: <unknown>
java_class_path (initial): /home/ubuntu/.local/lib/python3.10/site-packages/pyserini/resources/jars/anserini-0.22.1-fatjar.jar:/home/ubuntu/.local/lib/python3.10/site-packages/jnius/src
Launcher Type: generic

[Global flags]
     intx CICompilerCount                          = 12                                        {product} {ergonomic}
     uint ConcGCThreads                            = 4                                         {product} {ergonomic}
     uint G1ConcRefinementThreads                  = 15                                        {product} {ergonomic}
   size_t G1HeapRegionSize                         = 16777216                                  {product} {ergonomic}
    uintx GCDrainStackTargetSize                   = 64                                        {product} {ergonomic}
   size_t InitialHeapSize                          = 2147483648                                {product} {ergonomic}
   size_t MarkStackSize                            = 4194304                                   {product} {ergonomic}
   size_t MaxHeapSize                              = 32178700288                               {product} {ergonomic}
   size_t MaxNewSize                               = 19293798400                               {product} {ergonomic}
   size_t MinHeapDeltaBytes                        = 16777216                                  {product} {ergonomic}
   size_t MinHeapSize                              = 16777216                                  {product} {ergonomic}
    uintx NonNMethodCodeHeapSize                   = 7602480                                {pd product} {ergonomic}
    uintx NonProfiledCodeHeapSize                  = 122027880                              {pd product} {ergonomic}
    uintx ProfiledCodeHeapSize                     = 122027880                              {pd product} {ergonomic}
    uintx ReservedCodeCacheSize                    = 251658240                              {pd product} {ergonomic}
     bool SegmentedCodeCache                       = true                                      {product} {ergonomic}
   size_t SoftMaxHeapSize                          = 32178700288                            {manageable} {ergonomic}
     bool UseCompressedClassPointers               = true                           {product lp64_product} {ergonomic}
     bool UseCompressedOops                        = true                           {product lp64_product} {ergonomic}
     bool UseG1GC                                  = true                                      {product} {ergonomic}

Logging:
Log output configuration:
 #0: stdout all=off uptime,level,tags
 #1: stderr all=off uptime,level,tags

Environment Variables:
PATH=/home/ubuntu/.local/bin:/usr/local/sbin:/usr/local/bin:/usr/sbin:/usr/bin:/sbin:/bin:/usr/games:/usr/local/games:/snap/bin
SHELL=/bin/bash
LC_CTYPE=C.UTF-8
TERM=xterm-256color

Active Locale:
LC_ALL=LC_CTYPE=C.UTF-8;LC_NUMERIC=C;LC_TIME=C;LC_COLLATE=C;LC_MONETARY=C;LC_MESSAGES=C;LC_PAPER=C;LC_NAME=C;LC_ADDRESS=C;LC_TELEPHONE=C;LC_MEASUREMENT=C;LC_IDENTIFICATION=C
LC_COLLATE=C
LC_CTYPE=C.UTF-8
LC_MESSAGES=C
LC_MONETARY=C
LC_NUMERIC=C
LC_TIME=C

Signal Handlers:
   SIGSEGV: crash_handler in libjvm.so, mask=11100100010111111101111111111110, flags=SA_RESTART|SA_SIGINFO, unblocked
    SIGBUS: crash_handler in libjvm.so, mask=11100100010111111101111111111110, flags=SA_RESTART|SA_SIGINFO, unblocked
    SIGFPE: crash_handler in libjvm.so, mask=11100100010111111101111111111110, flags=SA_RESTART|SA_SIGINFO, unblocked
   SIGPIPE: javaSignalHandler in libjvm.so, mask=11100100010111111101111111111110, flags=SA_RESTART|SA_SIGINFO, blocked
  *** Handler was modified!
  *** Expected: 0x00005579acb50ce0, mask=00000010011011000110100010110101, flags=SA_RESTART|SA_SIGINFO
   SIGXFSZ: javaSignalHandler in libjvm.so, mask=11100100010111111101111111111110, flags=SA_RESTART|SA_SIGINFO, blocked
  *** Handler was modified!
  *** Expected: 0x00005579acb05530, mask=00000110101101101011101010110101, flags=SA_RESTART|SA_SIGINFO
    SIGILL: crash_handler in libjvm.so, mask=11100100010111111101111111111110, flags=SA_RESTART|SA_SIGINFO, unblocked
   SIGUSR2: SR_handler in libjvm.so, mask=00100000000000000000000000000000, flags=SA_RESTART|SA_SIGINFO, blocked
  *** Handler was modified!
  *** Expected: 0x00005579acb0ca50, mask=00001100101010100000110100110101, flags=SA_RESTART|SA_SIGINFO
    SIGHUP: UserHandler in libjvm.so, mask=11100100010111111101111111111110, flags=SA_RESTART|SA_SIGINFO, blocked
    SIGINT: UserHandler in libjvm.so, mask=11100100010111111101111111111110, flags=SA_RESTART|SA_SIGINFO, blocked
   SIGTERM: UserHandler in libjvm.so, mask=11100100010111111101111111111110, flags=SA_RESTART|SA_SIGINFO, blocked
   SIGQUIT: UserHandler in libjvm.so, mask=11100100010111111101111111111110, flags=SA_RESTART|SA_SIGINFO, blocked
   SIGTRAP: crash_handler in libjvm.so, mask=11100100010111111101111111111110, flags=SA_RESTART|SA_SIGINFO, unblocked


Periodic native trim disabled


---------------  S Y S T E M  ---------------

OS:
DISTRIB_ID=Ubuntu
DISTRIB_RELEASE=22.04
DISTRIB_CODENAME=jammy
DISTRIB_DESCRIPTION="Ubuntu 22.04.4 LTS"
uname: Linux 5.15.0-141-generic #151-Ubuntu SMP Sun May 18 21:35:19 UTC 2025 x86_64
OS uptime: 14 days 2:22 hours
libc: glibc 2.35 NPTL 2.35 
rlimit (soft/hard): STACK 8192k/infinity , CORE infinity/infinity , NPROC infinity/infinity , NOFILE 1048576/1048576 , AS infinity/infinity , CPU infinity/infinity , DATA infinity/infinity , FSIZE infinity/infinity , MEMLOCK 64k/64k
load average: 9.00 7.49 5.44

/proc/meminfo:
MemTotal:       395722488 kB
MemFree:        59161244 kB
MemAvailable:   248960084 kB
Buffers:         6688292 kB
Cached:         172457800 kB
SwapCached:         2220 kB
Active:         124089368 kB
Inactive:       196256484 kB
Active(anon):      17748 kB
Inactive(anon): 141213548 kB
Active(file):   124071620 kB
Inactive(file): 55042936 kB
Unevictable:           0 kB
Mlocked:               0 kB
SwapTotal:      268435452 kB
SwapFree:       268395004 kB
Dirty:               340 kB
Writeback:             0 kB
AnonPages:      141198492 kB
Mapped:         12020688 kB
Shmem:             31516 kB
KReclaimable:   13683924 kB
Slab:           15039624 kB
SReclaimable:   13683924 kB
SUnreclaim:      1355700 kB
KernelStack:       25040 kB
PageTables:       391248 kB
NFS_Unstable:          0 kB
Bounce:                0 kB
WritebackTmp:          0 kB
CommitLimit:    466296696 kB
Committed_AS:   197451468 kB
VmallocTotal:   34359738367 kB
VmallocUsed:      266972 kB
VmallocChunk:          0 kB
Percpu:            36960 kB
HardwareCorrupted:     0 kB
AnonHugePages:         0 kB
ShmemHugePages:        0 kB
ShmemPmdMapped:        0 kB
FileHugePages:         0 kB
FilePmdMapped:         0 kB
HugePages_Total:       0
HugePages_Free:        0
HugePages_Rsvd:        0
HugePages_Surp:        0
Hugepagesize:       2048 kB
Hugetlb:               0 kB
DirectMap4k:     4350896 kB
DirectMap2M:    145270784 kB
DirectMap1G:    252706816 kB

/sys/kernel/mm/transparent_hugepage/enabled: always [madvise] never
/sys/kernel/mm/transparent_hugepage/hpage_pmd_size: 2097152
/sys/kernel/mm/transparent_hugepage/defrag (defrag/compaction efforts parameter): always defer defer+madvise [madvise] never

Process Memory:
Virtual Size: 119861900K (peak: 122078308K)
Resident Set Size: 59174780K (peak: 71986068K) (anon: 50171384K, file: 8993152K, shmem: 10244K)
Swapped out: 0K
C-Heap outstanding allocations: 30967241K, retained: 1749262K
glibc malloc tunables: (default)

/proc/sys/kernel/threads-max (system-wide limit on the number of threads): 3089982
/proc/sys/vm/max_map_count (maximum number of memory map areas a process may have): 65530
/proc/sys/vm/swappiness (control to define how aggressively the kernel swaps out anonymous memory): 60
/proc/sys/kernel/pid_max (system-wide limit on number of process identifiers): 4194304

container (cgroup) information:
container_type: cgroupv2
cpu_cpuset_cpus: not supported
cpu_memory_nodes: not supported
active_processor_count: 20
cpu_quota: no quota
cpu_period: 100000
cpu_shares: no shares
memory_limit_in_bytes: unlimited
memory_and_swap_limit_in_bytes: unlimited
memory_soft_limit_in_bytes: 0
memory_usage_in_bytes: 101483848 k
memory_max_usage_in_bytes: not supported
memory_swap_current_in_bytes: 4 k
memory_swap_max_limit_in_bytes: unlimited
maximum number of tasks: 463497
current number of tasks: 316

Steal ticks since vm start: 0
Steal ticks percentage since vm start:  0.000

CPU: total 20 (initial active 20) (10 cores per cpu, 2 threads per core) family 6 model 85 stepping 7 microcode 0x5003901, cx8, cmov, fxsr, ht, mmx, 3dnowpref, sse, sse2, sse3, ssse3, sse4.1, sse4.2, popcnt, lzcnt, tsc, tscinvbit, avx, avx2, aes, erms, clmul, bmi1, bmi2, adx, avx512f, avx512dq, avx512cd, avx512bw, avx512vl, fma, vzeroupper, avx512_vnni, clflush, clflushopt, clwb
CPU Model and flags from /proc/cpuinfo:
model name	: Intel(R) Xeon(R) W-2255 CPU @ 3.70GHz
flags		: fpu vme de pse tsc msr pae mce cx8 apic sep mtrr pge mca cmov pat pse36 clflush dts acpi mmx fxsr sse sse2 ss ht tm pbe syscall nx pdpe1gb rdtscp lm constant_tsc art arch_perfmon pebs bts rep_good nopl xtopology nonstop_tsc cpuid aperfmperf pni pclmulqdq dtes64 monitor ds_cpl vmx smx est tm2 ssse3 sdbg fma cx16 xtpr pdcm pcid dca sse4_1 sse4_2 x2apic movbe popcnt tsc_deadline_timer aes xsave avx f16c rdrand lahf_lm abm 3dnowprefetch cpuid_fault epb cat_l3 cdp_l3 invpcid_single intel_ppin ssbd mba ibrs ibpb stibp ibrs_enhanced tpr_shadow vnmi flexpriority ept vpid ept_ad fsgsbase tsc_adjust bmi1 avx2 smep bmi2 erms invpcid cqm mpx rdt_a avx512f avx512dq rdseed adx smap clflushopt clwb intel_pt avx512cd avx512bw avx512vl xsaveopt xsavec xgetbv1 xsaves cqm_llc cqm_occup_llc cqm_mbm_total cqm_mbm_local dtherm ida arat pln pts hwp hwp_act_window hwp_epp hwp_pkg_req avx512_vnni md_clear flush_l1d arch_capabilities

Online cpus: 0-19
Offline cpus: 
BIOS frequency limitation: <Not Available>
Frequency switch latency (ns): 0
Available cpu frequencies: <Not Available>
Current governor: powersave
Core performance/turbo boost: <Not Available>

Memory: 4k page, physical 395722488k(65749792k free), swap 268435452k(268395004k free)
Page Sizes: 4k

vm_info: OpenJDK 64-Bit Server VM (17.0.16+8-Ubuntu-0ubuntu122.04.1) for linux-amd64 JRE (17.0.16+8-Ubuntu-0ubuntu122.04.1), built on Jul 17 2025 00:00:46 by "buildd" with gcc 11.4.0

END.
