#
# A fatal error has been detected by the Java Runtime Environment:
#
#  SIGSEGV (0xb) at pc=0x0000564b97ea6390, pid=58966, tid=58966
#
# JRE version: OpenJDK Runtime Environment (17.0.16+8) (build 17.0.16+8-Ubuntu-0ubuntu122.04.1)
# Java VM: OpenJDK 64-Bit Server VM (17.0.16+8-Ubuntu-0ubuntu122.04.1, mixed mode, sharing, tiered, compressed oops, compressed class ptrs, g1 gc, linux-amd64)
# Problematic frame:
# C  0x0000564b97ea6390
#
# Core dump will be written. Default location: Core dumps may be processed with "/usr/share/apport/apport -p%p -s%s -c%c -d%d -P%P -u%u -g%g -F%F -- %E" (or dumping to /home/ubuntu/tbazzocchi/FRAG/MedRAG/core.58966)
#
# If you would like to submit a bug report, please visit:
#   https://bugs.launchpad.net/ubuntu/+source/openjdk-17
# The crash happened outside the Java Virtual Machine in native code.
# See problematic frame for where to report the bug.
#

---------------  S U M M A R Y ------------

Command Line: 

Host: Intel(R) Xeon(R) W-2255 CPU @ 3.70GHz, 20 cores, 377G, Ubuntu 22.04.4 LTS
Time: Tue Nov 11 14:35:56 2025 UTC elapsed time: 621.780448 seconds (0d 0h 10m 21s)

---------------  T H R E A D  ---------------

Current thread (0x000056452d6c3b80):  JavaThread "main" [_thread_in_native, id=58966, stack(0x00007ffdcf84e000,0x00007ffdcf94e000)]

Stack: [0x00007ffdcf84e000,0x00007ffdcf94e000],  sp=0x00007ffdcf94a6f8,  free space=1009k
Native frames: (J=compiled Java code, j=interpreted, Vv=VM code, C=native code)
C  0x0000564b97ea6390


siginfo: si_signo: 11 (SIGSEGV), si_code: 2 (SEGV_ACCERR), si_addr: 0x0000564b97ea6390

Registers:
RAX=0x000056468dc03000, RBX=0x00005645ab3a84e0, RCX=0x0000000000000000, RDX=0x00007f1900735ea0
RSP=0x00007ffdcf94a6f8, RBP=0x0000000000000000, RSI=0x000056454ca5eef0, RDI=0x0000564528f92000
R8 =0x00005647830db520, R9 =0x00007ffdcf94a450, R10=0x00007f1900c94220, R11=0xefa3751d28402722
R12=0x00007ffdcf94a7b0, R13=0x00007f18aca98410, R14=0x00007f18acc067a1, R15=0x0000000000000000
RIP=0x0000564b97ea6390, EFLAGS=0x0000000000010206, CSGSFS=0x002b000000000033, ERR=0x0000000000000015
  TRAPNO=0x000000000000000e

XMM[0]=0x0000000000000000 0x0000000000000000
XMM[1]=0x0000000000000000 0x000056451e384f38
XMM[2]=0x0000000000000000 0x00007f1900bed286
XMM[3]=0x00007f1900b85f69 0x0000000000000000
XMM[4]=0x0000000000000000 0x4000000000000000
XMM[5]=0x00007f18e27b2660 0x00007f18a8c4c000
XMM[6]=0x00007f18e08acb98 0x0000564525515650
XMM[7]=0x00007ffdcf94a668 0x00007ffdcf94a660
XMM[8]=0x00007f108ebf2c00 0x00007f108ebf3600
XMM[9]=0x0000000000000000 0x0000000000000000
XMM[10]=0x0000000000000000 0xbfe5555555555560
XMM[11]=0x0000000000000000 0x3fe999999959554e
XMM[12]=0x0000000000000000 0xbff2495b9b4845e9
XMM[13]=0x0000000000000000 0x0000000000000000
XMM[14]=0x0000000000000000 0x0000000000000000
XMM[15]=0x0000000000000000 0x00007f108ebf3000
  MXCSR=0x00001fa3


Register to memory mapping:

RAX=0x000056468dc03000 points into unknown readable memory: 0x0000002e0074006e | 6e 00 74 00 2e 00 00 00
RBX=0x00005645ab3a84e0 points into unknown readable memory: 0x00007f18f846cef8 | f8 ce 46 f8 18 7f 00 00
RCX=0x0 is NULL
RDX=0x00007f1900735ea0: <offset 0x0000000000056ea0> in /home/ubuntu/.local/lib/python3.10/site-packages/torch/lib/libc10.so at 0x00007f19006df000
RSP=0x00007ffdcf94a6f8 is pointing into the stack for thread: 0x000056452d6c3b80
RBP=0x0 is NULL
RSI=0x000056454ca5eef0 points into unknown readable memory: 0x0000000000000000 | 00 00 00 00 00 00 00 00
RDI=0x0000564528f92000 points into unknown readable memory: 0x000056468dc03000 | 00 30 c0 8d 46 56 00 00
R8 =0x00005647830db520 points into unknown readable memory: 0x636f6c2f6374652f | 2f 65 74 63 2f 6c 6f 63
R9 =0x00007ffdcf94a450 is pointing into the stack for thread: 0x000056452d6c3b80
R10=0x00007f1900c94220: <offset 0x000000000001f220> in /usr/lib/x86_64-linux-gnu/libgcc_s.so.1 at 0x00007f1900c75000
R11=0xefa3751d28402722 is an unknown value
R12=0x00007ffdcf94a7b0 is pointing into the stack for thread: 0x000056452d6c3b80
R13=0x00007f18aca98410: <offset 0x0000000003e4c410> in /home/ubuntu/.local/lib/python3.10/site-packages/torch/lib/libtorch_cuda.so at 0x00007f18a8c4c000
R14=0x00007f18acc067a1: <offset 0x0000000003fba7a1> in /home/ubuntu/.local/lib/python3.10/site-packages/torch/lib/libtorch_cuda.so at 0x00007f18a8c4c000
R15=0x0 is NULL


Top of Stack: (sp=0x00007ffdcf94a6f8)
0x00007ffdcf94a6f8:   00007f18f75961df 00007ffdcf94a800
0x00007ffdcf94a708:   00007ffdcf94a900 00007ffdcf94a7b0
0x00007ffdcf94a718:   0000564603ddaca0 00007ffdcf94a800
0x00007ffdcf94a728:   00007f1900759d69 0000564af3f92090
0x00007ffdcf94a738:   00007f18a9ac527e 0000564b962ec8f0
0x00007ffdcf94a748:   0000564b962ec8f0 0000564b00000001
0x00007ffdcf94a758:   00007ffdcf94a790 0000000000000000
0x00007ffdcf94a768:   00007ffdcf94a8b0 00007f18acc06788
0x00007ffdcf94a778:   00007ffdcf94a7a0 0000000100000000
0x00007ffdcf94a788:   00007ffdcf00ac10 0000564603ddaca0
0x00007ffdcf94a798:   00007f18e3f82211 0000000100000080
0x00007ffdcf94a7a8:   0000000000000003 0000000000000001
0x00007ffdcf94a7b8:   0000000000000000 0000000100000001
0x00007ffdcf94a7c8:   0000564b00000001 00007f108ebf3600
0x00007ffdcf94a7d8:   00007ffdcf94a900 00007ffdcf94a850
0x00007ffdcf94a7e8:   00007f11ea1f1688 00007ffdcf94a990
0x00007ffdcf94a7f8:   00007f18f6a698f0 00007f11ea1f1688
0x00007ffdcf94a808:   00007f18aa73ec25 00007ffdcf94a900
0x00007ffdcf94a818:   00007ffdcf94a850 00007f11ea1f1688
0x00007ffdcf94a828:   00007f11ea1f1688 00007ffdcf94a900
0x00007ffdcf94a838:   00007f18ac5415b7 01010001e0ebcbe0
0x00007ffdcf94a848:   0100010100010100 00007f18e0eb7510
0x00007ffdcf94a858:   0000564525c21540 0000000000010001
0x00007ffdcf94a868:   00007f18e3f7cd01 00007ffdcf94a900
0x00007ffdcf94a878:   00007ffdcf94a900 0000000000010002
0x00007ffdcf94a888:   00007f18ac54162c 000056452631f108
0x00007ffdcf94a898:   00007f18e4df730e 00007ffdcf94ad60
0x00007ffdcf94a8a8:   00007f18e414448c 00007ffdcf94ac98
0x00007ffdcf94a8b8:   00007f18e3f7fe51 00007ffdcf94ad60
0x00007ffdcf94a8c8:   0000002000010002 00007f11ea1f1688
0x00007ffdcf94a8d8:   00007ffdcf94a8f0 00007ffdcf94a990
0x00007ffdcf94a8e8:   00007f18e7406316 0000564525326e68 

Instructions: (pc=0x0000564b97ea6390)
0x0000564b97ea6290:   00 00 00 00 00 00 00 00 00 00 00 00 00 00 00 00
0x0000564b97ea62a0:   00 00 00 00 00 00 00 00 00 00 00 00 00 00 00 00
0x0000564b97ea62b0:   00 00 00 00 00 00 00 00 c8 62 ea 97 4b 56 00 00
0x0000564b97ea62c0:   00 00 00 00 00 00 00 00 00 00 00 00 00 00 00 00
0x0000564b97ea62d0:   00 00 00 00 00 00 00 00 00 00 00 00 00 00 00 00
0x0000564b97ea62e0:   00 00 00 00 00 00 00 00 f8 62 ea 97 4b 56 00 00
0x0000564b97ea62f0:   04 00 00 00 00 00 00 00 4e 6f 6e 65 00 00 00 00
0x0000564b97ea6300:   00 00 00 00 00 00 00 00 00 00 00 00 00 00 00 00
0x0000564b97ea6310:   10 04 00 00 00 00 00 00 80 00 00 00 00 00 00 00
0x0000564b97ea6320:   00 00 00 00 4e 56 00 00 38 63 ea 97 4b 56 00 00
0x0000564b97ea6330:   0e 00 00 00 00 00 00 00 5f 69 6e 64 75 63 74 6f
0x0000564b97ea6340:   72 5f 74 65 73 74 00 00 01 77 ea 97 4b 56 00 00
0x0000564b97ea6350:   00 00 00 16 4e 6f 72 6d 00 00 00 00 00 00 00 00
0x0000564b97ea6360:   00 00 00 00 00 00 00 00 00 00 00 00 00 00 00 00
0x0000564b97ea6370:   90 b5 bf 97 4b 56 00 00 08 00 00 00 4b 56 00 00
0x0000564b97ea6380:   90 e9 3b 41 45 56 00 00 d0 e9 3b 41 45 56 00 00
0x0000564b97ea6390:   d0 e9 3b 41 45 56 00 00 b1 04 00 00 00 00 00 00
0x0000564b97ea63a0:   00 30 c0 8d 46 56 00 00 c0 42 92 28 45 56 00 00
0x0000564b97ea63b0:   00 00 00 00 00 00 00 00 00 00 00 00 00 00 00 00
0x0000564b97ea63c0:   00 00 00 00 00 00 00 00 00 00 00 00 00 00 00 00
0x0000564b97ea63d0:   00 00 00 00 00 00 00 00 00 00 00 00 00 00 00 00
0x0000564b97ea63e0:   00 00 00 00 00 00 00 00 00 00 00 00 00 00 00 00
0x0000564b97ea63f0:   00 00 00 00 00 00 00 00 00 00 00 00 00 00 00 00
0x0000564b97ea6400:   00 00 00 00 00 00 00 00 00 00 00 00 00 00 00 00
0x0000564b97ea6410:   00 00 00 00 00 00 00 00 00 00 00 00 00 00 00 00
0x0000564b97ea6420:   00 00 00 00 00 00 00 00 00 00 00 00 00 00 00 00
0x0000564b97ea6430:   00 00 00 00 00 00 00 00 00 00 00 00 00 00 00 00
0x0000564b97ea6440:   00 00 00 00 00 00 00 00 00 00 00 00 00 00 00 00
0x0000564b97ea6450:   00 00 00 00 00 00 00 00 00 00 00 00 00 00 00 00
0x0000564b97ea6460:   00 00 00 00 00 00 00 00 00 00 00 00 00 00 00 00
0x0000564b97ea6470:   00 00 00 00 00 00 00 00 00 00 00 00 00 00 00 00
0x0000564b97ea6480:   00 00 00 00 00 00 00 00 00 00 00 00 00 00 00 00 


Stack slot to memory mapping:
stack at sp + 0 slots: 0x00007f18f75961df: <offset 0x000000000048c1df> in /home/ubuntu/.local/lib/python3.10/site-packages/torch/lib/libtorch_python.so at 0x00007f18f710a000
stack at sp + 1 slots: 0x00007ffdcf94a800 is pointing into the stack for thread: 0x000056452d6c3b80
stack at sp + 2 slots: 0x00007ffdcf94a900 is pointing into the stack for thread: 0x000056452d6c3b80
stack at sp + 3 slots: 0x00007ffdcf94a7b0 is pointing into the stack for thread: 0x000056452d6c3b80
stack at sp + 4 slots: 0x0000564603ddaca0 points into unknown readable memory: 0x00007f19007e1028 | 28 10 7e 00 19 7f 00 00
stack at sp + 5 slots: 0x00007ffdcf94a800 is pointing into the stack for thread: 0x000056452d6c3b80
stack at sp + 6 slots: 0x00007f1900759d69: _ZN3c1010TensorImplD0Ev+0x0000000000000009 in /home/ubuntu/.local/lib/python3.10/site-packages/torch/lib/libc10.so at 0x00007f19006df000
stack at sp + 7 slots: 0x0000564af3f92090 points into unknown readable memory: 0x474e5543432b2b00 | 00 2b 2b 43 43 55 4e 47


---------------  P R O C E S S  ---------------

Threads class SMR info:
_java_thread_list=0x00007f0ca423ef20, length=11, elements={
0x000056452d6c3b80, 0x000056452f8e2d40, 0x000056452f8e3b00, 0x000056452f8e6c80,
0x000056452f8e83a0, 0x000056452f8e9d10, 0x000056452f8eb4b0, 0x000056452f8ecc40,
0x000056452f8f3b80, 0x000056452f90db90, 0x00007f16c4001a20
}

Java Threads: ( => current thread )
=>0x000056452d6c3b80 JavaThread "main" [_thread_in_native, id=58966, stack(0x00007ffdcf84e000,0x00007ffdcf94e000)]
  0x000056452f8e2d40 JavaThread "Reference Handler" daemon [_thread_blocked, id=59031, stack(0x00007f173974e000,0x00007f173984e000)]
  0x000056452f8e3b00 JavaThread "Finalizer" daemon [_thread_blocked, id=59032, stack(0x00007f173964e000,0x00007f173974e000)]
  0x000056452f8e6c80 JavaThread "Service Thread" daemon [_thread_blocked, id=59034, stack(0x00007f173944e000,0x00007f173954e000)]
  0x000056452f8e83a0 JavaThread "Monitor Deflation Thread" daemon [_thread_blocked, id=59035, stack(0x00007f173934e000,0x00007f173944e000)]
  0x000056452f8e9d10 JavaThread "C2 CompilerThread0" daemon [_thread_blocked, id=59036, stack(0x00007f173924e000,0x00007f173934e000)]
  0x000056452f8eb4b0 JavaThread "C1 CompilerThread0" daemon [_thread_blocked, id=59037, stack(0x00007f173914e000,0x00007f173924e000)]
  0x000056452f8ecc40 JavaThread "Sweeper thread" daemon [_thread_blocked, id=59038, stack(0x00007f173904e000,0x00007f173914e000)]
  0x000056452f8f3b80 JavaThread "Notification Thread" daemon [_thread_blocked, id=59039, stack(0x00007f1738f4e000,0x00007f173904e000)]
  0x000056452f90db90 JavaThread "Common-Cleaner" daemon [_thread_blocked, id=59041, stack(0x00007f1738d4d000,0x00007f1738e4d000)]
  0x00007f16c4001a20 JavaThread "SIGHUP handler" daemon [_thread_blocked, id=60723, stack(0x00007f173871e000,0x00007f173881e000)]

Other Threads:
  0x000056452d617590 VMThread "VM Thread" [stack: 0x00007f173984f000,0x00007f173994f000] [id=59030]
  0x000056452d4e1170 GCTaskThread "GC Thread#0" [stack: 0x00007f1739e25000,0x00007f1739f25000] [id=59025]
  0x00007f16d4007580 GCTaskThread "GC Thread#1" [stack: 0x00007f11ad1ff000,0x00007f11ad2ff000] [id=59346]
  0x00007f16d4008000 GCTaskThread "GC Thread#2" [stack: 0x00007f11ad0fe000,0x00007f11ad1fe000] [id=59347]
  0x00007f16d4008a00 GCTaskThread "GC Thread#3" [stack: 0x00007f11acffd000,0x00007f11ad0fd000] [id=59348]
  0x00007f16d40094c0 GCTaskThread "GC Thread#4" [stack: 0x00007f11acefc000,0x00007f11acffc000] [id=59349]
  0x00007f16d400a070 GCTaskThread "GC Thread#5" [stack: 0x00007f11acdfb000,0x00007f11acefb000] [id=59350]
  0x00007f16d400ac70 GCTaskThread "GC Thread#6" [stack: 0x00007f11accfa000,0x00007f11acdfa000] [id=59351]
  0x00007f16d400b890 GCTaskThread "GC Thread#7" [stack: 0x00007f11acbf9000,0x00007f11accf9000] [id=59352]
  0x00007f16d400c670 GCTaskThread "GC Thread#8" [stack: 0x00007f11acaf8000,0x00007f11acbf8000] [id=59353]
  0x00007f16d400d450 GCTaskThread "GC Thread#9" [stack: 0x00007f11ac9f7000,0x00007f11acaf7000] [id=59354]
  0x00007f16d400e230 GCTaskThread "GC Thread#10" [stack: 0x00007f11ac8f6000,0x00007f11ac9f6000] [id=59355]
  0x00007f16d400f010 GCTaskThread "GC Thread#11" [stack: 0x00007f11ac7f5000,0x00007f11ac8f5000] [id=59356]
  0x00007f16d400fdf0 GCTaskThread "GC Thread#12" [stack: 0x00007f11ac6f4000,0x00007f11ac7f4000] [id=59357]
  0x00007f16d4010bd0 GCTaskThread "GC Thread#13" [stack: 0x00007f11ac5f3000,0x00007f11ac6f3000] [id=59358]
  0x00007f16d40119b0 GCTaskThread "GC Thread#14" [stack: 0x00007f11ac4f2000,0x00007f11ac5f2000] [id=59359]
  0x000056452e765eb0 ConcurrentGCThread "G1 Main Marker" terminated
  0x000056452d491c40 ConcurrentGCThread "G1 Conc#0" [stack: 0x00007f1739c23000,0x00007f1739d23000] [id=59027]
  0x000056452d636db0 ConcurrentGCThread "G1 Refine#0" terminated
  0x000056452d63fc50 ConcurrentGCThread "G1 Service" terminated

Threads with active compile tasks:

VM state: at safepoint (shutting down)

VM Mutex/Monitor currently owned by a thread:  ([mutex/lock_event])
[0x000056452d4d10d0] Threads_lock - owner thread: 0x000056452d617590
[0x000056452d4f6bd0] Heap_lock - owner thread: 0x00007f16c4001a20

Heap address: 0x0000000082000000, size: 30688 MB, Compressed Oops mode: Zero based, Oop shift amount: 3

CDS archive(s) mapped at: [0x00007f16db000000-0x00007f16dbbca000-0x00007f16dbbca000), size 12361728, SharedBaseAddress: 0x00007f16db000000, ArchiveRelocationMode: 1.
Compressed class space mapped at: 0x00007f16dc000000-0x00007f171c000000, reserved size: 1073741824
Narrow klass base: 0x00007f16db000000, Narrow klass shift: 0, Narrow klass range: 0x100000000

GC Precious Log:
 CPUs: 20 total, 20 available
 Memory: 377G
 Large Page Support: Disabled
 NUMA Support: Disabled
 Compressed Oops: Enabled (Zero based)
 Heap Region Size: 16M
 Heap Min Capacity: 16M
 Heap Initial Capacity: 2G
 Heap Max Capacity: 30688M
 Pre-touch: Disabled
 Parallel Workers: 15
 Concurrent Workers: 4
 Concurrent Refinement Workers: 15
 Periodic GC: Disabled

Heap:
 garbage-first heap   total 2129920K, used 451719K [0x0000000082000000, 0x0000000800000000)
  region size 16384K, 28 young (458752K), 1 survivors (16384K)
 Metaspace       used 18835K, committed 19072K, reserved 1114112K
  class space    used 2168K, committed 2240K, reserved 1048576K

Heap Regions: E=young(eden), S=young(survivor), O=old, HS=humongous(starts), HC=humongous(continues), CS=collection set, F=free, OA=open archive, CA=closed archive, TAMS=top-at-mark-start (previous, next)
|   0|0x0000000082000000, 0x0000000082832a00, 0x0000000083000000| 51%| O|  |TAMS 0x0000000082000000, 0x0000000082000000| Untracked 
|   1|0x0000000083000000, 0x0000000083000000, 0x0000000084000000|  0%| F|  |TAMS 0x0000000083000000, 0x0000000083000000| Untracked 
|   2|0x0000000084000000, 0x0000000084000000, 0x0000000085000000|  0%| F|  |TAMS 0x0000000084000000, 0x0000000084000000| Untracked 
|   3|0x0000000085000000, 0x0000000085000000, 0x0000000086000000|  0%| F|  |TAMS 0x0000000085000000, 0x0000000085000000| Untracked 
|   4|0x0000000086000000, 0x0000000086000000, 0x0000000087000000|  0%| F|  |TAMS 0x0000000086000000, 0x0000000086000000| Untracked 
|   5|0x0000000087000000, 0x0000000087000000, 0x0000000088000000|  0%| F|  |TAMS 0x0000000087000000, 0x0000000087000000| Untracked 
|   6|0x0000000088000000, 0x0000000088000000, 0x0000000089000000|  0%| F|  |TAMS 0x0000000088000000, 0x0000000088000000| Untracked 
|   7|0x0000000089000000, 0x0000000089000000, 0x000000008a000000|  0%| F|  |TAMS 0x0000000089000000, 0x0000000089000000| Untracked 
|   8|0x000000008a000000, 0x000000008a000000, 0x000000008b000000|  0%| F|  |TAMS 0x000000008a000000, 0x000000008a000000| Untracked 
|   9|0x000000008b000000, 0x000000008b000000, 0x000000008c000000|  0%| F|  |TAMS 0x000000008b000000, 0x000000008b000000| Untracked 
|  10|0x000000008c000000, 0x000000008c000000, 0x000000008d000000|  0%| F|  |TAMS 0x000000008c000000, 0x000000008c000000| Untracked 
|  11|0x000000008d000000, 0x000000008d000000, 0x000000008e000000|  0%| F|  |TAMS 0x000000008d000000, 0x000000008d000000| Untracked 
|  12|0x000000008e000000, 0x000000008e000000, 0x000000008f000000|  0%| F|  |TAMS 0x000000008e000000, 0x000000008e000000| Untracked 
|  13|0x000000008f000000, 0x000000008f000000, 0x0000000090000000|  0%| F|  |TAMS 0x000000008f000000, 0x000000008f000000| Untracked 
|  14|0x0000000090000000, 0x0000000090000000, 0x0000000091000000|  0%| F|  |TAMS 0x0000000090000000, 0x0000000090000000| Untracked 
|  15|0x0000000091000000, 0x0000000091000000, 0x0000000092000000|  0%| F|  |TAMS 0x0000000091000000, 0x0000000091000000| Untracked 
|  16|0x0000000092000000, 0x0000000092000000, 0x0000000093000000|  0%| F|  |TAMS 0x0000000092000000, 0x0000000092000000| Untracked 
|  17|0x0000000093000000, 0x0000000093000000, 0x0000000094000000|  0%| F|  |TAMS 0x0000000093000000, 0x0000000093000000| Untracked 
|  18|0x0000000094000000, 0x0000000094000000, 0x0000000095000000|  0%| F|  |TAMS 0x0000000094000000, 0x0000000094000000| Untracked 
|  19|0x0000000095000000, 0x0000000095000000, 0x0000000096000000|  0%| F|  |TAMS 0x0000000095000000, 0x0000000095000000| Untracked 
|  20|0x0000000096000000, 0x0000000096000000, 0x0000000097000000|  0%| F|  |TAMS 0x0000000096000000, 0x0000000096000000| Untracked 
|  21|0x0000000097000000, 0x0000000097000000, 0x0000000098000000|  0%| F|  |TAMS 0x0000000097000000, 0x0000000097000000| Untracked 
|  22|0x0000000098000000, 0x0000000098000000, 0x0000000099000000|  0%| F|  |TAMS 0x0000000098000000, 0x0000000098000000| Untracked 
|  23|0x0000000099000000, 0x0000000099000000, 0x000000009a000000|  0%| F|  |TAMS 0x0000000099000000, 0x0000000099000000| Untracked 
|  24|0x000000009a000000, 0x000000009a000000, 0x000000009b000000|  0%| F|  |TAMS 0x000000009a000000, 0x000000009a000000| Untracked 
|  25|0x000000009b000000, 0x000000009b000000, 0x000000009c000000|  0%| F|  |TAMS 0x000000009b000000, 0x000000009b000000| Untracked 
|  26|0x000000009c000000, 0x000000009c000000, 0x000000009d000000|  0%| F|  |TAMS 0x000000009c000000, 0x000000009c000000| Untracked 
|  27|0x000000009d000000, 0x000000009d000000, 0x000000009e000000|  0%| F|  |TAMS 0x000000009d000000, 0x000000009d000000| Untracked 
|  28|0x000000009e000000, 0x000000009e000000, 0x000000009f000000|  0%| F|  |TAMS 0x000000009e000000, 0x000000009e000000| Untracked 
|  29|0x000000009f000000, 0x000000009f000000, 0x00000000a0000000|  0%| F|  |TAMS 0x000000009f000000, 0x000000009f000000| Untracked 
|  30|0x00000000a0000000, 0x00000000a0000000, 0x00000000a1000000|  0%| F|  |TAMS 0x00000000a0000000, 0x00000000a0000000| Untracked 
|  31|0x00000000a1000000, 0x00000000a1000000, 0x00000000a2000000|  0%| F|  |TAMS 0x00000000a1000000, 0x00000000a1000000| Untracked 
|  32|0x00000000a2000000, 0x00000000a2000000, 0x00000000a3000000|  0%| F|  |TAMS 0x00000000a2000000, 0x00000000a2000000| Untracked 
|  33|0x00000000a3000000, 0x00000000a3000000, 0x00000000a4000000|  0%| F|  |TAMS 0x00000000a3000000, 0x00000000a3000000| Untracked 
|  34|0x00000000a4000000, 0x00000000a4000000, 0x00000000a5000000|  0%| F|  |TAMS 0x00000000a4000000, 0x00000000a4000000| Untracked 
|  35|0x00000000a5000000, 0x00000000a5000000, 0x00000000a6000000|  0%| F|  |TAMS 0x00000000a5000000, 0x00000000a5000000| Untracked 
|  36|0x00000000a6000000, 0x00000000a6000000, 0x00000000a7000000|  0%| F|  |TAMS 0x00000000a6000000, 0x00000000a6000000| Untracked 
|  37|0x00000000a7000000, 0x00000000a7000000, 0x00000000a8000000|  0%| F|  |TAMS 0x00000000a7000000, 0x00000000a7000000| Untracked 
|  38|0x00000000a8000000, 0x00000000a8000000, 0x00000000a9000000|  0%| F|  |TAMS 0x00000000a8000000, 0x00000000a8000000| Untracked 
|  39|0x00000000a9000000, 0x00000000a9000000, 0x00000000aa000000|  0%| F|  |TAMS 0x00000000a9000000, 0x00000000a9000000| Untracked 
|  40|0x00000000aa000000, 0x00000000aa000000, 0x00000000ab000000|  0%| F|  |TAMS 0x00000000aa000000, 0x00000000aa000000| Untracked 
|  41|0x00000000ab000000, 0x00000000ab000000, 0x00000000ac000000|  0%| F|  |TAMS 0x00000000ab000000, 0x00000000ab000000| Untracked 
|  42|0x00000000ac000000, 0x00000000ac000000, 0x00000000ad000000|  0%| F|  |TAMS 0x00000000ac000000, 0x00000000ac000000| Untracked 
|  43|0x00000000ad000000, 0x00000000ad000000, 0x00000000ae000000|  0%| F|  |TAMS 0x00000000ad000000, 0x00000000ad000000| Untracked 
|  44|0x00000000ae000000, 0x00000000ae000000, 0x00000000af000000|  0%| F|  |TAMS 0x00000000ae000000, 0x00000000ae000000| Untracked 
|  45|0x00000000af000000, 0x00000000af000000, 0x00000000b0000000|  0%| F|  |TAMS 0x00000000af000000, 0x00000000af000000| Untracked 
|  46|0x00000000b0000000, 0x00000000b0000000, 0x00000000b1000000|  0%| F|  |TAMS 0x00000000b0000000, 0x00000000b0000000| Untracked 
|  47|0x00000000b1000000, 0x00000000b1000000, 0x00000000b2000000|  0%| F|  |TAMS 0x00000000b1000000, 0x00000000b1000000| Untracked 
|  48|0x00000000b2000000, 0x00000000b2000000, 0x00000000b3000000|  0%| F|  |TAMS 0x00000000b2000000, 0x00000000b2000000| Untracked 
|  49|0x00000000b3000000, 0x00000000b3000000, 0x00000000b4000000|  0%| F|  |TAMS 0x00000000b3000000, 0x00000000b3000000| Untracked 
|  50|0x00000000b4000000, 0x00000000b4000000, 0x00000000b5000000|  0%| F|  |TAMS 0x00000000b4000000, 0x00000000b4000000| Untracked 
|  51|0x00000000b5000000, 0x00000000b5000000, 0x00000000b6000000|  0%| F|  |TAMS 0x00000000b5000000, 0x00000000b5000000| Untracked 
|  52|0x00000000b6000000, 0x00000000b6000000, 0x00000000b7000000|  0%| F|  |TAMS 0x00000000b6000000, 0x00000000b6000000| Untracked 
|  53|0x00000000b7000000, 0x00000000b7000000, 0x00000000b8000000|  0%| F|  |TAMS 0x00000000b7000000, 0x00000000b7000000| Untracked 
|  54|0x00000000b8000000, 0x00000000b8000000, 0x00000000b9000000|  0%| F|  |TAMS 0x00000000b8000000, 0x00000000b8000000| Untracked 
|  55|0x00000000b9000000, 0x00000000b9000000, 0x00000000ba000000|  0%| F|  |TAMS 0x00000000b9000000, 0x00000000b9000000| Untracked 
|  56|0x00000000ba000000, 0x00000000ba000000, 0x00000000bb000000|  0%| F|  |TAMS 0x00000000ba000000, 0x00000000ba000000| Untracked 
|  57|0x00000000bb000000, 0x00000000bb000000, 0x00000000bc000000|  0%| F|  |TAMS 0x00000000bb000000, 0x00000000bb000000| Untracked 
|  58|0x00000000bc000000, 0x00000000bc000000, 0x00000000bd000000|  0%| F|  |TAMS 0x00000000bc000000, 0x00000000bc000000| Untracked 
|  59|0x00000000bd000000, 0x00000000bd000000, 0x00000000be000000|  0%| F|  |TAMS 0x00000000bd000000, 0x00000000bd000000| Untracked 
|  60|0x00000000be000000, 0x00000000be000000, 0x00000000bf000000|  0%| F|  |TAMS 0x00000000be000000, 0x00000000be000000| Untracked 
|  61|0x00000000bf000000, 0x00000000bf000000, 0x00000000c0000000|  0%| F|  |TAMS 0x00000000bf000000, 0x00000000bf000000| Untracked 
|  62|0x00000000c0000000, 0x00000000c0000000, 0x00000000c1000000|  0%| F|  |TAMS 0x00000000c0000000, 0x00000000c0000000| Untracked 
|  63|0x00000000c1000000, 0x00000000c1000000, 0x00000000c2000000|  0%| F|  |TAMS 0x00000000c1000000, 0x00000000c1000000| Untracked 
|  64|0x00000000c2000000, 0x00000000c2000000, 0x00000000c3000000|  0%| F|  |TAMS 0x00000000c2000000, 0x00000000c2000000| Untracked 
|  65|0x00000000c3000000, 0x00000000c3000000, 0x00000000c4000000|  0%| F|  |TAMS 0x00000000c3000000, 0x00000000c3000000| Untracked 
|  66|0x00000000c4000000, 0x00000000c4000000, 0x00000000c5000000|  0%| F|  |TAMS 0x00000000c4000000, 0x00000000c4000000| Untracked 
|  67|0x00000000c5000000, 0x00000000c5000000, 0x00000000c6000000|  0%| F|  |TAMS 0x00000000c5000000, 0x00000000c5000000| Untracked 
|  68|0x00000000c6000000, 0x00000000c6000000, 0x00000000c7000000|  0%| F|  |TAMS 0x00000000c6000000, 0x00000000c6000000| Untracked 
|  69|0x00000000c7000000, 0x00000000c7000000, 0x00000000c8000000|  0%| F|  |TAMS 0x00000000c7000000, 0x00000000c7000000| Untracked 
|  70|0x00000000c8000000, 0x00000000c8000000, 0x00000000c9000000|  0%| F|  |TAMS 0x00000000c8000000, 0x00000000c8000000| Untracked 
|  71|0x00000000c9000000, 0x00000000c9000000, 0x00000000ca000000|  0%| F|  |TAMS 0x00000000c9000000, 0x00000000c9000000| Untracked 
|  72|0x00000000ca000000, 0x00000000ca000000, 0x00000000cb000000|  0%| F|  |TAMS 0x00000000ca000000, 0x00000000ca000000| Untracked 
|  73|0x00000000cb000000, 0x00000000cb000000, 0x00000000cc000000|  0%| F|  |TAMS 0x00000000cb000000, 0x00000000cb000000| Untracked 
|  74|0x00000000cc000000, 0x00000000cc000000, 0x00000000cd000000|  0%| F|  |TAMS 0x00000000cc000000, 0x00000000cc000000| Untracked 
|  75|0x00000000cd000000, 0x00000000cd000000, 0x00000000ce000000|  0%| F|  |TAMS 0x00000000cd000000, 0x00000000cd000000| Untracked 
|  76|0x00000000ce000000, 0x00000000ce000000, 0x00000000cf000000|  0%| F|  |TAMS 0x00000000ce000000, 0x00000000ce000000| Untracked 
|  77|0x00000000cf000000, 0x00000000cf000000, 0x00000000d0000000|  0%| F|  |TAMS 0x00000000cf000000, 0x00000000cf000000| Untracked 
|  78|0x00000000d0000000, 0x00000000d0000000, 0x00000000d1000000|  0%| F|  |TAMS 0x00000000d0000000, 0x00000000d0000000| Untracked 
|  79|0x00000000d1000000, 0x00000000d1000000, 0x00000000d2000000|  0%| F|  |TAMS 0x00000000d1000000, 0x00000000d1000000| Untracked 
|  80|0x00000000d2000000, 0x00000000d2000000, 0x00000000d3000000|  0%| F|  |TAMS 0x00000000d2000000, 0x00000000d2000000| Untracked 
|  81|0x00000000d3000000, 0x00000000d3000000, 0x00000000d4000000|  0%| F|  |TAMS 0x00000000d3000000, 0x00000000d3000000| Untracked 
|  82|0x00000000d4000000, 0x00000000d4000000, 0x00000000d5000000|  0%| F|  |TAMS 0x00000000d4000000, 0x00000000d4000000| Untracked 
|  83|0x00000000d5000000, 0x00000000d5000000, 0x00000000d6000000|  0%| F|  |TAMS 0x00000000d5000000, 0x00000000d5000000| Untracked 
|  84|0x00000000d6000000, 0x00000000d6000000, 0x00000000d7000000|  0%| F|  |TAMS 0x00000000d6000000, 0x00000000d6000000| Untracked 
|  85|0x00000000d7000000, 0x00000000d7000000, 0x00000000d8000000|  0%| F|  |TAMS 0x00000000d7000000, 0x00000000d7000000| Untracked 
|  86|0x00000000d8000000, 0x00000000d8000000, 0x00000000d9000000|  0%| F|  |TAMS 0x00000000d8000000, 0x00000000d8000000| Untracked 
|  87|0x00000000d9000000, 0x00000000d9000000, 0x00000000da000000|  0%| F|  |TAMS 0x00000000d9000000, 0x00000000d9000000| Untracked 
|  88|0x00000000da000000, 0x00000000da000000, 0x00000000db000000|  0%| F|  |TAMS 0x00000000da000000, 0x00000000da000000| Untracked 
|  89|0x00000000db000000, 0x00000000db000000, 0x00000000dc000000|  0%| F|  |TAMS 0x00000000db000000, 0x00000000db000000| Untracked 
|  90|0x00000000dc000000, 0x00000000dc000000, 0x00000000dd000000|  0%| F|  |TAMS 0x00000000dc000000, 0x00000000dc000000| Untracked 
|  91|0x00000000dd000000, 0x00000000dd000000, 0x00000000de000000|  0%| F|  |TAMS 0x00000000dd000000, 0x00000000dd000000| Untracked 
|  92|0x00000000de000000, 0x00000000de000000, 0x00000000df000000|  0%| F|  |TAMS 0x00000000de000000, 0x00000000de000000| Untracked 
|  93|0x00000000df000000, 0x00000000df000000, 0x00000000e0000000|  0%| F|  |TAMS 0x00000000df000000, 0x00000000df000000| Untracked 
|  94|0x00000000e0000000, 0x00000000e0000000, 0x00000000e1000000|  0%| F|  |TAMS 0x00000000e0000000, 0x00000000e0000000| Untracked 
|  95|0x00000000e1000000, 0x00000000e1000000, 0x00000000e2000000|  0%| F|  |TAMS 0x00000000e1000000, 0x00000000e1000000| Untracked 
|  96|0x00000000e2000000, 0x00000000e2000000, 0x00000000e3000000|  0%| F|  |TAMS 0x00000000e2000000, 0x00000000e2000000| Untracked 
|  97|0x00000000e3000000, 0x00000000e3000000, 0x00000000e4000000|  0%| F|  |TAMS 0x00000000e3000000, 0x00000000e3000000| Untracked 
|  98|0x00000000e4000000, 0x00000000e4000000, 0x00000000e5000000|  0%| F|  |TAMS 0x00000000e4000000, 0x00000000e4000000| Untracked 
|  99|0x00000000e5000000, 0x00000000e5000000, 0x00000000e6000000|  0%| F|  |TAMS 0x00000000e5000000, 0x00000000e5000000| Untracked 
| 100|0x00000000e6000000, 0x00000000e6800000, 0x00000000e7000000| 50%| E|  |TAMS 0x00000000e6000000, 0x00000000e6000000| Complete 
| 101|0x00000000e7000000, 0x00000000e8000000, 0x00000000e8000000|100%| E|CS|TAMS 0x00000000e7000000, 0x00000000e7000000| Complete 
| 102|0x00000000e8000000, 0x00000000e9000000, 0x00000000e9000000|100%| E|CS|TAMS 0x00000000e8000000, 0x00000000e8000000| Complete 
| 103|0x00000000e9000000, 0x00000000ea000000, 0x00000000ea000000|100%| E|CS|TAMS 0x00000000e9000000, 0x00000000e9000000| Complete 
| 104|0x00000000ea000000, 0x00000000eb000000, 0x00000000eb000000|100%| E|CS|TAMS 0x00000000ea000000, 0x00000000ea000000| Complete 
| 105|0x00000000eb000000, 0x00000000ec000000, 0x00000000ec000000|100%| E|CS|TAMS 0x00000000eb000000, 0x00000000eb000000| Complete 
| 106|0x00000000ec000000, 0x00000000ed000000, 0x00000000ed000000|100%| E|CS|TAMS 0x00000000ec000000, 0x00000000ec000000| Complete 
| 107|0x00000000ed000000, 0x00000000ee000000, 0x00000000ee000000|100%| E|CS|TAMS 0x00000000ed000000, 0x00000000ed000000| Complete 
| 108|0x00000000ee000000, 0x00000000ef000000, 0x00000000ef000000|100%| E|CS|TAMS 0x00000000ee000000, 0x00000000ee000000| Complete 
| 109|0x00000000ef000000, 0x00000000f0000000, 0x00000000f0000000|100%| E|CS|TAMS 0x00000000ef000000, 0x00000000ef000000| Complete 
| 110|0x00000000f0000000, 0x00000000f1000000, 0x00000000f1000000|100%| E|CS|TAMS 0x00000000f0000000, 0x00000000f0000000| Complete 
| 111|0x00000000f1000000, 0x00000000f2000000, 0x00000000f2000000|100%| E|CS|TAMS 0x00000000f1000000, 0x00000000f1000000| Complete 
| 112|0x00000000f2000000, 0x00000000f3000000, 0x00000000f3000000|100%| E|CS|TAMS 0x00000000f2000000, 0x00000000f2000000| Complete 
| 113|0x00000000f3000000, 0x00000000f4000000, 0x00000000f4000000|100%| E|CS|TAMS 0x00000000f3000000, 0x00000000f3000000| Complete 
| 114|0x00000000f4000000, 0x00000000f5000000, 0x00000000f5000000|100%| E|CS|TAMS 0x00000000f4000000, 0x00000000f4000000| Complete 
| 115|0x00000000f5000000, 0x00000000f6000000, 0x00000000f6000000|100%| E|CS|TAMS 0x00000000f5000000, 0x00000000f5000000| Complete 
| 116|0x00000000f6000000, 0x00000000f7000000, 0x00000000f7000000|100%| E|CS|TAMS 0x00000000f6000000, 0x00000000f6000000| Complete 
| 117|0x00000000f7000000, 0x00000000f8000000, 0x00000000f8000000|100%| E|CS|TAMS 0x00000000f7000000, 0x00000000f7000000| Complete 
| 118|0x00000000f8000000, 0x00000000f9000000, 0x00000000f9000000|100%| E|CS|TAMS 0x00000000f8000000, 0x00000000f8000000| Complete 
| 119|0x00000000f9000000, 0x00000000f9102280, 0x00000000fa000000|  6%| S|CS|TAMS 0x00000000f9000000, 0x00000000f9000000| Complete 
| 120|0x00000000fa000000, 0x00000000fb000000, 0x00000000fb000000|100%| E|CS|TAMS 0x00000000fa000000, 0x00000000fa000000| Complete 
| 121|0x00000000fb000000, 0x00000000fc000000, 0x00000000fc000000|100%| E|CS|TAMS 0x00000000fb000000, 0x00000000fb000000| Complete 
| 122|0x00000000fc000000, 0x00000000fd000000, 0x00000000fd000000|100%| E|CS|TAMS 0x00000000fc000000, 0x00000000fc000000| Complete 
| 123|0x00000000fd000000, 0x00000000fe000000, 0x00000000fe000000|100%| E|CS|TAMS 0x00000000fd000000, 0x00000000fd000000| Complete 
| 124|0x00000000fe000000, 0x00000000ff000000, 0x00000000ff000000|100%| E|CS|TAMS 0x00000000fe000000, 0x00000000fe000000| Complete 
| 125|0x00000000ff000000, 0x0000000100000000, 0x0000000100000000|100%| E|CS|TAMS 0x00000000ff000000, 0x00000000ff000000| Complete 
| 126|0x0000000100000000, 0x0000000101000000, 0x0000000101000000|100%| E|CS|TAMS 0x0000000100000000, 0x0000000100000000| Complete 
| 127|0x0000000101000000, 0x0000000102000000, 0x0000000102000000|100%| E|CS|TAMS 0x0000000101000000, 0x0000000101000000| Complete 
|1916|0x00000007fe000000, 0x00000007fef75000, 0x00000007ff000000| 96%|OA|  |TAMS 0x00000007fe000000, 0x00000007fe000000| Untracked 
|1917|0x00000007ff000000, 0x00000007ff078000, 0x0000000800000000|  2%|CA|  |TAMS 0x00000007ff000000, 0x00000007ff000000| Untracked 

Card table byte_map: [0x00007f1779b09000,0x00007f177d6f9000] _byte_map_base: 0x00007f17796f9000

Marking Bits (Prev, Next): (CMBitMap*) 0x000056452e756540, (CMBitMap*) 0x000056452e756580
 Prev Bits: [0x00007f1757f99000, 0x00007f1775f19000)
 Next Bits: [0x00007f173a019000, 0x00007f1757f99000)

Polling page: 0x00007f1901167000

Metaspace:

Usage:
  Non-class:     16.28 MB used.
      Class:      2.12 MB used.
       Both:     18.39 MB used.

Virtual space:
  Non-class space:       64.00 MB reserved,      16.44 MB ( 26%) committed,  1 nodes.
      Class space:        1.00 GB reserved,       2.19 MB ( <1%) committed,  1 nodes.
             Both:        1.06 GB reserved,      18.62 MB (  2%) committed. 

Chunk freelists:
   Non-Class:  15.11 MB
       Class:  13.82 MB
        Both:  28.93 MB

MaxMetaspaceSize: unlimited
CompressedClassSpaceSize: 1.00 GB
Initial GC threshold: 21.00 MB
Current GC threshold: 21.00 MB
CDS: on
MetaspaceReclaimPolicy: balanced
 - commit_granule_bytes: 65536.
 - commit_granule_words: 8192.
 - virtual_space_node_default_size: 8388608.
 - enlarge_chunks_in_place: 1.
 - new_chunks_are_fully_committed: 0.
 - uncommit_free_chunks: 1.
 - use_allocation_guard: 0.
 - handle_deallocations: 1.


Internal statistics:

num_allocs_failed_limit: 0.
num_arena_births: 200.
num_arena_deaths: 0.
num_vsnodes_births: 2.
num_vsnodes_deaths: 0.
num_space_committed: 298.
num_space_uncommitted: 0.
num_chunks_returned_to_freelist: 0.
num_chunks_taken_from_freelist: 720.
num_chunk_merges: 0.
num_chunk_splits: 518.
num_chunks_enlarged: 411.
num_inconsistent_stats: 0.

CodeHeap 'non-profiled nmethods': size=119168Kb used=2616Kb max_used=2616Kb free=116551Kb
 bounds [0x00007f178905b000, 0x00007f17892eb000, 0x00007f17904bb000]
CodeHeap 'profiled nmethods': size=119164Kb used=4916Kb max_used=4916Kb free=114247Kb
 bounds [0x00007f17814bb000, 0x00007f178198b000, 0x00007f178891a000]
CodeHeap 'non-nmethods': size=7428Kb used=1228Kb max_used=2992Kb free=6199Kb
 bounds [0x00007f178891a000, 0x00007f1788c1a000, 0x00007f178905b000]
 total_blobs=3612 nmethods=3082 adapters=443
 compilation: enabled
              stopped_count=0, restarted_count=0
 full_count=0

Compilation events (20 events):
Event: 594.577 Thread 0x000056452f8eb4b0 nmethod 3072 0x00007f1781984590 code [0x00007f1781984760, 0x00007f1781984be0]
Event: 594.577 Thread 0x000056452f8eb4b0 3073       3       io.anserini.search.SimpleSearcher$Result::<init> (38 bytes)
Event: 594.577 Thread 0x000056452f8eb4b0 nmethod 3073 0x00007f1781984c90 code [0x00007f1781984e40, 0x00007f1781985130]
Event: 594.581 Thread 0x000056452f8e9d10 nmethod 3071 0x00007f17892e7a90 code [0x00007f17892e7c40, 0x00007f17892e7ef8]
Event: 621.379 Thread 0x000056452f8eb4b0 3074       1       java.util.concurrent.locks.AbstractQueuedSynchronizer::setState (6 bytes)
Event: 621.379 Thread 0x000056452f8eb4b0 nmethod 3074 0x00007f17892e8190 code [0x00007f17892e8320, 0x00007f17892e83f0]
Event: 621.379 Thread 0x000056452f8eb4b0 3075       1       java.util.Formatter$Flags::valueOf (5 bytes)
Event: 621.379 Thread 0x000056452f8eb4b0 nmethod 3075 0x00007f17892e8490 code [0x00007f17892e8620, 0x00007f17892e86f0]
Event: 621.380 Thread 0x000056452f8eb4b0 3076       1       java.util.concurrent.locks.AbstractOwnableSynchronizer::getExclusiveOwnerThread (5 bytes)
Event: 621.380 Thread 0x000056452f8eb4b0 nmethod 3076 0x00007f17892e8790 code [0x00007f17892e8920, 0x00007f17892e89f0]
Event: 621.380 Thread 0x000056452f8eb4b0 3077       1       javax.management.ObjectName$Property::setKeyIndex (6 bytes)
Event: 621.380 Thread 0x000056452f8eb4b0 nmethod 3077 0x00007f17892e8a90 code [0x00007f17892e8c20, 0x00007f17892e8cf0]
Event: 621.380 Thread 0x000056452f8eb4b0 3078       3       javax.management.ObjectName::getDomainLength (9 bytes)
Event: 621.380 Thread 0x000056452f8eb4b0 nmethod 3078 0x00007f1781985210 code [0x00007f17819853a0, 0x00007f17819854b0]
Event: 621.380 Thread 0x000056452f8eb4b0 3079   !   3       java.lang.invoke.MethodHandleNatives::linkMethodHandleConstant (50 bytes)
Event: 621.381 Thread 0x000056452f8eb4b0 nmethod 3079 0x00007f1781985510 code [0x00007f17819856e0, 0x00007f17819858c0]
Event: 621.381 Thread 0x000056452f8eb4b0 3080       3       java.lang.invoke.MethodHandles$Lookup::linkMethodHandleConstant (223 bytes)
Event: 621.382 Thread 0x000056452f8eb4b0 nmethod 3080 0x00007f1781985a10 code [0x00007f1781985de0, 0x00007f1781987620]
Event: 621.382 Thread 0x000056452f8eb4b0 3082       3       org.apache.logging.log4j.util.PropertiesUtil::getProperties (4 bytes)
Event: 621.382 Thread 0x000056452f8eb4b0 nmethod 3082 0x00007f1781987d90 code [0x00007f1781987f20, 0x00007f1781988010]

GC Heap History (6 events):
Event: 114.486 GC heap before
{Heap before GC invocations=0 (full 0):
 garbage-first heap   total 2129920K, used 114612K [0x0000000082000000, 0x0000000800000000)
  region size 16384K, 6 young (98304K), 0 survivors (0K)
 Metaspace       used 18458K, committed 18688K, reserved 1114112K
  class space    used 2152K, committed 2240K, reserved 1048576K
}
Event: 114.492 GC heap after
{Heap after GC invocations=1 (full 0):
 garbage-first heap   total 2129920K, used 25454K [0x0000000082000000, 0x0000000800000000)
  region size 16384K, 1 young (16384K), 1 survivors (16384K)
 Metaspace       used 18458K, committed 18688K, reserved 1114112K
  class space    used 2152K, committed 2240K, reserved 1048576K
}
Event: 203.027 GC heap before
{Heap before GC invocations=1 (full 0):
 garbage-first heap   total 2129920K, used 107374K [0x0000000082000000, 0x0000000800000000)
  region size 16384K, 6 young (98304K), 1 survivors (16384K)
 Metaspace       used 18661K, committed 18880K, reserved 1114112K
  class space    used 2167K, committed 2240K, reserved 1048576K
}
Event: 203.031 GC heap after
{Heap after GC invocations=2 (full 0):
 garbage-first heap   total 2129920K, used 25586K [0x0000000082000000, 0x0000000800000000)
  region size 16384K, 1 young (16384K), 1 survivors (16384K)
 Metaspace       used 18661K, committed 18880K, reserved 1114112K
  class space    used 2167K, committed 2240K, reserved 1048576K
}
Event: 269.367 GC heap before
{Heap before GC invocations=2 (full 0):
 garbage-first heap   total 2129920K, used 140274K [0x0000000082000000, 0x0000000800000000)
  region size 16384K, 8 young (131072K), 1 survivors (16384K)
 Metaspace       used 18711K, committed 18880K, reserved 1114112K
  class space    used 2167K, committed 2240K, reserved 1048576K
}
Event: 269.368 GC heap after
{Heap after GC invocations=3 (full 0):
 garbage-first heap   total 2129920K, used 25735K [0x0000000082000000, 0x0000000800000000)
  region size 16384K, 1 young (16384K), 1 survivors (16384K)
 Metaspace       used 18711K, committed 18880K, reserved 1114112K
  class space    used 2167K, committed 2240K, reserved 1048576K
}

Dll operation events (8 events):
Event: 0.006 Loaded shared library /usr/lib/jvm/java-17-openjdk-amd64/lib/libjava.so
Event: 0.019 Loaded shared library /usr/lib/jvm/java-17-openjdk-amd64/lib/libjsvml.so
Event: 0.077 Loaded shared library /usr/lib/jvm/java-17-openjdk-amd64/lib/libnio.so
Event: 0.092 Loaded shared library /usr/lib/jvm/java-17-openjdk-amd64/lib/libzip.so
Event: 0.187 Loaded shared library /usr/lib/jvm/java-17-openjdk-amd64/lib/libjimage.so
Event: 0.221 Loaded shared library /usr/lib/jvm/java-17-openjdk-amd64/lib/libmanagement.so
Event: 0.224 Loaded shared library /usr/lib/jvm/java-17-openjdk-amd64/lib/libmanagement_ext.so
Event: 0.409 Loaded shared library /usr/lib/jvm/java-17-openjdk-amd64/lib/libnet.so

Deoptimization events (20 events):
Event: 300.421 Thread 0x000056452d6c3b80 Uncommon trap: trap_request=0xffffffcc fr.pc=0x00007f17892baea4 relative=0x0000000000000204
Event: 300.421 Thread 0x000056452d6c3b80 Uncommon trap: reason=intrinsic_or_type_checked_inlining action=make_not_entrant pc=0x00007f17892baea4 method=java.util.Arrays.copyOf([Ljava/lang/Object;ILjava/lang/Class;)[Ljava/lang/Object; @ 35 c2
Event: 300.421 Thread 0x000056452d6c3b80 DEOPT PACKING pc=0x00007f17892baea4 sp=0x00007ffdcf94b5b0
Event: 300.421 Thread 0x000056452d6c3b80 DEOPT UNPACKING pc=0x00007f1788973b19 sp=0x00007ffdcf94b540 mode 2
Event: 331.274 Thread 0x000056452d6c3b80 Uncommon trap: trap_request=0xffffff45 fr.pc=0x00007f17891c7958 relative=0x0000000000000c78
Event: 331.274 Thread 0x000056452d6c3b80 Uncommon trap: reason=unstable_if action=reinterpret pc=0x00007f17891c7958 method=org.apache.lucene.codecs.lucene90.Lucene90PostingsReader.findFirstGreater([JII)I @ 6 c2
Event: 331.274 Thread 0x000056452d6c3b80 DEOPT PACKING pc=0x00007f17891c7958 sp=0x00007ffdcf94b480
Event: 331.274 Thread 0x000056452d6c3b80 DEOPT UNPACKING pc=0x00007f1788973b19 sp=0x00007ffdcf94b3f8 mode 2
Event: 394.996 Thread 0x000056452d6c3b80 DEOPT PACKING pc=0x00007f17818e6287 sp=0x00007ffdcf94af00
Event: 394.996 Thread 0x000056452d6c3b80 DEOPT UNPACKING pc=0x00007f178897464f sp=0x00007ffdcf94a3e8 mode 0
Event: 428.052 Thread 0x000056452d6c3b80 DEOPT PACKING pc=0x00007f17818fb0bd sp=0x00007ffdcf94b470
Event: 428.052 Thread 0x000056452d6c3b80 DEOPT UNPACKING pc=0x00007f178897464f sp=0x00007ffdcf94a908 mode 0
Event: 489.998 Thread 0x000056452d6c3b80 Uncommon trap: trap_request=0xffffff45 fr.pc=0x00007f17892665fc relative=0x0000000000000edc
Event: 489.998 Thread 0x000056452d6c3b80 Uncommon trap: reason=unstable_if action=reinterpret pc=0x00007f17892665fc method=org.apache.lucene.codecs.lucene90.blocktree.SegmentTermsEnumFrame.scanToTermLeaf(Lorg/apache/lucene/util/BytesRef;Z)Lorg/apache/lucene/index/TermsEnum$SeekStatus; @ 226 c2
Event: 489.998 Thread 0x000056452d6c3b80 DEOPT PACKING pc=0x00007f17892665fc sp=0x00007ffdcf94b400
Event: 489.998 Thread 0x000056452d6c3b80 DEOPT UNPACKING pc=0x00007f1788973b19 sp=0x00007ffdcf94b3d8 mode 2
Event: 558.949 Thread 0x000056452d6c3b80 Uncommon trap: trap_request=0xffffff45 fr.pc=0x00007f178917b374 relative=0x0000000000001774
Event: 558.949 Thread 0x000056452d6c3b80 Uncommon trap: reason=unstable_if action=reinterpret pc=0x00007f178917b374 method=org.apache.lucene.codecs.lucene90.ForUtil.decode(ILorg/apache/lucene/store/DataInput;[J)V @ 1 c2
Event: 558.949 Thread 0x000056452d6c3b80 DEOPT PACKING pc=0x00007f178917b374 sp=0x00007ffdcf94b410
Event: 558.949 Thread 0x000056452d6c3b80 DEOPT UNPACKING pc=0x00007f1788973b19 sp=0x00007ffdcf94b3f0 mode 2

Classes loaded (20 events):
Event: 113.238 Loading class java/util/stream/ReduceOps$8ReducingSink
Event: 113.238 Loading class java/util/stream/ReduceOps$8ReducingSink done
Event: 113.241 Loading class java/nio/DirectLongBufferRU
Event: 113.241 Loading class java/nio/DirectLongBufferRU done
Event: 113.242 Loading class java/util/AbstractList$RandomAccessSubList
Event: 113.242 Loading class java/util/AbstractList$SubList
Event: 113.243 Loading class java/util/AbstractList$SubList done
Event: 113.243 Loading class java/util/AbstractList$RandomAccessSubList done
Event: 113.243 Loading class java/util/AbstractList$SubList$1
Event: 113.243 Loading class java/util/AbstractList$SubList$1 done
Event: 113.243 Loading class java/util/AbstractList$ListItr
Event: 113.243 Loading class java/util/AbstractList$Itr
Event: 113.243 Loading class java/util/AbstractList$Itr done
Event: 113.243 Loading class java/util/AbstractList$ListItr done
Event: 142.266 Loading class java/util/WeakHashMap$KeyIterator
Event: 142.266 Loading class java/util/WeakHashMap$HashIterator
Event: 142.266 Loading class java/util/WeakHashMap$HashIterator done
Event: 142.266 Loading class java/util/WeakHashMap$KeyIterator done
Event: 621.377 Loading class jdk/internal/misc/Signal$1
Event: 621.377 Loading class jdk/internal/misc/Signal$1 done

Classes unloaded (0 events):
No events

Classes redefined (0 events):
No events

Internal exceptions (20 events):
Event: 0.922 Thread 0x000056452d6c3b80 Exception <a 'java/lang/NoSuchMethodError'{0x00000000fe0e00f0}: 'void java.lang.invoke.DirectMethodHandle$Holder.invokeSpecial(java.lang.Object, java.lang.Object, java.lang.Object)'> (0x00000000fe0e00f0) 
thrown [./src/hotspot/share/interpreter/linkResolver.cpp, line 758]
Event: 0.933 Thread 0x000056452d6c3b80 Exception <a 'java/lang/NoSuchMethodError'{0x00000000fe194160}: 'java.lang.Object java.lang.invoke.Invokers$Holder.invoke_MT(java.lang.Object, java.lang.Object, java.lang.Object)'> (0x00000000fe194160) 
thrown [./src/hotspot/share/interpreter/linkResolver.cpp, line 758]
Event: 0.954 Thread 0x000056452d6c3b80 Exception <a 'java/lang/NoSuchMethodError'{0x00000000fe3b3c60}: 'void java.lang.invoke.DirectMethodHandle$Holder.invokeInterface(java.lang.Object, java.lang.Object, int)'> (0x00000000fe3b3c60) 
thrown [./src/hotspot/share/interpreter/linkResolver.cpp, line 758]
Event: 0.954 Thread 0x000056452d6c3b80 Exception <a 'java/lang/IncompatibleClassChangeError'{0x00000000fe3b7558}: Found class java.lang.Object, but interface was expected> (0x00000000fe3b7558) 
thrown [./src/hotspot/share/interpreter/linkResolver.cpp, line 826]
Event: 0.974 Thread 0x000056452d6c3b80 Exception <a 'java/lang/NoSuchMethodError'{0x00000000fe5caed8}: 'void java.lang.invoke.Invokers$Holder.invokeExact_MT(java.lang.Object, java.lang.Object, java.lang.Object)'> (0x00000000fe5caed8) 
thrown [./src/hotspot/share/interpreter/linkResolver.cpp, line 758]
Event: 0.985 Thread 0x000056452d6c3b80 Exception <a 'java/lang/NoSuchMethodError'{0x00000000fe661d70}: 'long java.lang.invoke.DirectMethodHandle$Holder.invokeStatic(java.lang.Object)'> (0x00000000fe661d70) 
thrown [./src/hotspot/share/interpreter/linkResolver.cpp, line 758]
Event: 0.985 Thread 0x000056452d6c3b80 Exception <a 'java/lang/NoSuchMethodError'{0x00000000fe665170}: 'long java.lang.invoke.DirectMethodHandle$Holder.invokeStaticInit(java.lang.Object)'> (0x00000000fe665170) 
thrown [./src/hotspot/share/interpreter/linkResolver.cpp, line 758]
Event: 0.988 Thread 0x000056452d6c3b80 Exception <a 'java/lang/NoSuchMethodError'{0x00000000fe68fee8}: 'java.lang.Object java.lang.invoke.DirectMethodHandle$Holder.invokeStatic(java.lang.Object, java.lang.Object, int)'> (0x00000000fe68fee8) 
thrown [./src/hotspot/share/interpreter/linkResolver.cpp, line 758]
Event: 0.989 Thread 0x000056452d6c3b80 Exception <a 'java/lang/NoSuchMethodError'{0x00000000fe69bba0}: 'void java.lang.invoke.DelegatingMethodHandle$Holder.delegate(java.lang.Object, java.lang.Object, int, java.lang.Object)'> (0x00000000fe69bba0) 
thrown [./src/hotspot/share/interpreter/linkResolver.cpp, line 758]
Event: 0.991 Thread 0x000056452d6c3b80 Exception <a 'java/lang/NoSuchMethodError'{0x00000000fe6bf418}: 'void java.lang.invoke.DirectMethodHandle$Holder.invokeStaticInit(java.lang.Object, java.lang.Object)'> (0x00000000fe6bf418) 
thrown [./src/hotspot/share/interpreter/linkResolver.cpp, line 758]
Event: 113.179 Thread 0x000056452d6c3b80 Exception <a 'java/lang/NoSuchMethodError'{0x00000000feb30450}: 'long java.lang.invoke.DirectMethodHandle$Holder.invokeStatic(java.lang.Object, java.lang.Object)'> (0x00000000feb30450) 
thrown [./src/hotspot/share/interpreter/linkResolver.cpp, line 758]
Event: 113.189 Thread 0x000056452d6c3b80 Exception <a 'java/lang/NoSuchMethodError'{0x00000000febcb8b0}: 'int java.lang.invoke.DirectMethodHandle$Holder.invokeStaticInit(java.lang.Object, java.lang.Object)'> (0x00000000febcb8b0) 
thrown [./src/hotspot/share/interpreter/linkResolver.cpp, line 758]
Event: 113.190 Thread 0x000056452d6c3b80 Exception <a 'java/lang/NoSuchMethodError'{0x00000000febdaea0}: 'int java.lang.invoke.DirectMethodHandle$Holder.invokeSpecialIFC(java.lang.Object, java.lang.Object, java.lang.Object, java.lang.Object, java.lang.Object)'> (0x00000000febdaea0) 
thrown [./src/hotspot/share/interpreter/linkResolver.cpp, line 758]
Event: 113.235 Thread 0x000056452d6c3b80 Exception <a 'java/lang/NoSuchMethodError'{0x00000000fd942560}: 'long java.lang.invoke.DirectMethodHandle$Holder.invokeVirtual(java.lang.Object, java.lang.Object)'> (0x00000000fd942560) 
thrown [./src/hotspot/share/interpreter/linkResolver.cpp, line 758]
Event: 113.237 Thread 0x000056452d6c3b80 Exception <a 'java/lang/NoSuchMethodError'{0x00000000fd951498}: 'java.lang.Object java.lang.invoke.DirectMethodHandle$Holder.invokeVirtual(java.lang.Object, java.lang.Object, java.lang.Object)'> (0x00000000fd951498) 
thrown [./src/hotspot/share/interpreter/linkResolver.cpp, line 758]
Event: 113.686 Thread 0x000056452d6c3b80 Implicit null exception at 0x00007f178915f860 to 0x00007f1789164f68
Event: 113.686 Thread 0x000056452d6c3b80 Implicit null exception at 0x00007f1789141c80 to 0x00007f1789142330
Event: 113.686 Thread 0x000056452d6c3b80 Implicit null exception at 0x00007f17891abc71 to 0x00007f17891ac448
Event: 113.687 Thread 0x000056452d6c3b80 Implicit null exception at 0x00007f17891acd71 to 0x00007f17891ad4ec
Event: 114.024 Thread 0x000056452d6c3b80 Implicit null exception at 0x00007f178911896f to 0x00007f17891189d0

VM Operations (20 events):
Event: 394.378 Executing VM operation: Cleanup done
Event: 396.379 Executing VM operation: Cleanup
Event: 396.379 Executing VM operation: Cleanup done
Event: 428.383 Executing VM operation: Cleanup
Event: 428.383 Executing VM operation: Cleanup done
Event: 460.386 Executing VM operation: Cleanup
Event: 460.387 Executing VM operation: Cleanup done
Event: 490.390 Executing VM operation: Cleanup
Event: 490.390 Executing VM operation: Cleanup done
Event: 492.390 Executing VM operation: Cleanup
Event: 492.390 Executing VM operation: Cleanup done
Event: 522.394 Executing VM operation: Cleanup
Event: 522.395 Executing VM operation: Cleanup done
Event: 558.403 Executing VM operation: Cleanup
Event: 558.403 Executing VM operation: Cleanup done
Event: 593.406 Executing VM operation: Cleanup
Event: 593.406 Executing VM operation: Cleanup done
Event: 595.406 Executing VM operation: Cleanup
Event: 595.407 Executing VM operation: Cleanup done
Event: 621.382 Executing VM operation: Exit

Memory protections (20 events):
Event: 139.873 Protecting memory [0x00007f11ad4ff000,0x00007f11ad503000] with protection modes 0
Event: 175.688 Protecting memory [0x00007f1738a1e000,0x00007f1738a22000] with protection modes 0
Event: 175.689 Protecting memory [0x00007f173871e000,0x00007f1738722000] with protection modes 0
Event: 175.689 Protecting memory [0x00007f173861e000,0x00007f1738622000] with protection modes 0
Event: 177.453 Protecting memory [0x00007f173871e000,0x00007f1738722000] with protection modes 0
Event: 204.627 Protecting memory [0x00007f173871e000,0x00007f1738722000] with protection modes 0
Event: 204.633 Protecting memory [0x00007f1738a1e000,0x00007f1738a22000] with protection modes 0
Event: 204.633 Protecting memory [0x00007f173861e000,0x00007f1738622000] with protection modes 0
Event: 204.634 Protecting memory [0x00007f11ad5ff000,0x00007f11ad603000] with protection modes 0
Event: 204.634 Protecting memory [0x00007f173891e000,0x00007f1738922000] with protection modes 0
Event: 234.162 Protecting memory [0x00007f173871e000,0x00007f1738722000] with protection modes 0
Event: 331.289 Protecting memory [0x00007f173871e000,0x00007f1738722000] with protection modes 0
Event: 462.371 Protecting memory [0x00007f173871e000,0x00007f1738722000] with protection modes 0
Event: 462.371 Protecting memory [0x00007f1738a1e000,0x00007f1738a22000] with protection modes 0
Event: 462.371 Protecting memory [0x00007f11ad5ff000,0x00007f11ad603000] with protection modes 0
Event: 491.821 Protecting memory [0x00007f173871e000,0x00007f1738722000] with protection modes 0
Event: 491.821 Protecting memory [0x00007f1738a1e000,0x00007f1738a22000] with protection modes 0
Event: 621.377 Protecting memory [0x00007f173871e000,0x00007f1738722000] with protection modes 0
Event: 621.378 Protecting memory [0x00007f1738a1e000,0x00007f1738a22000] with protection modes 0
Event: 621.378 Protecting memory [0x00007f11ad5ff000,0x00007f11ad603000] with protection modes 0

Nmethod flushes (0 events):
No events

Events (20 events):
Event: 235.189 Thread 0x00007f16b40c4f40 Thread exited: 0x00007f16b40c4f40
Event: 331.289 Thread 0x000056452f8eb4b0 Thread added: 0x00007f16b40c7c50
Event: 336.544 Thread 0x00007f16b40c7c50 Thread exited: 0x00007f16b40c7c50
Event: 462.371 Thread 0x000056452f8eb4b0 Thread added: 0x00007f16b40ca800
Event: 462.371 Thread 0x000056452f8eb4b0 Thread added: 0x00007f16b40cb250
Event: 462.371 Thread 0x000056452f8eb4b0 Thread added: 0x00007f16b40cc100
Event: 467.374 Thread 0x00007f16b40cc100 Thread exited: 0x00007f16b40cc100
Event: 467.374 Thread 0x00007f16b40cb250 Thread exited: 0x00007f16b40cb250
Event: 467.375 Thread 0x00007f16b40ca800 Thread exited: 0x00007f16b40ca800
Event: 491.821 Thread 0x000056452f8eb4b0 Thread added: 0x00007f16b40cb1a0
Event: 491.821 Thread 0x000056452f8eb4b0 Thread added: 0x00007f16b40ca800
Event: 497.056 Thread 0x00007f16b40ca800 Thread exited: 0x00007f16b40ca800
Event: 502.056 Thread 0x00007f16b40cb1a0 Thread exited: 0x00007f16b40cb1a0
Event: 621.377 Thread 0x000056452f8e55b0 Thread added: 0x00007f16c4001a20
Event: 621.378 Thread 0x00007f16c4001a20 Thread added: 0x00007f0ca4240060
Event: 621.378 Thread 0x00007f16c4001a20 Thread added: 0x00007f0ca42405d0
Event: 621.379 Thread 0x00007f0ca4240060 Thread exited: 0x00007f0ca4240060
Event: 621.382 Thread 0x00007f0ca42405d0 Thread exited: 0x00007f0ca42405d0
Event: 621.382 Thread 0x00007f16c4001a20 Before exit entered
Event: 621.382 Thread 0x000056452f8e55b0 Thread exited: 0x000056452f8e55b0


Dynamic libraries:
82000000-102000000 rw-p 00000000 00:00 0 
102000000-7fe000000 ---p 00000000 00:00 0 
7fe000000-7fef00000 rw-p 00000000 00:00 0 
7fef00000-7fef75000 rw-p 00c7a000 00:62 10553192                         /usr/lib/jvm/java-17-openjdk-amd64/lib/server/classes.jsa
7fef75000-7ff000000 rw-p 00000000 00:00 0 
7ff000000-7ff078000 rw-p 00c02000 00:62 10553192                         /usr/lib/jvm/java-17-openjdk-amd64/lib/server/classes.jsa
7ff078000-800000000 rw-p 00000000 00:00 0 
800000000-800200000 ---p 00000000 00:00 0 
800200000-800400000 rw-s 00000000 00:05 680                              /dev/nvidia0
800400000-803c00000 rw-s 00000000 00:05 679                              /dev/nvidiactl
803c00000-804a00000 ---p 00000000 00:00 0 
804a00000-804c00000 rw-s 00000000 00:05 679                              /dev/nvidiactl
804c00000-804e00000 rw-s 00000000 00:05 679                              /dev/nvidiactl
804e00000-805000000 rw-s 804e00000 00:05 716                             /dev/nvidia-uvm
805000000-805400000 ---p 00000000 00:00 0 
805400000-805600000 rw-s 00000000 00:01 6292                             /dev/zero (deleted)
805600000-900200000 ---p 00000000 00:00 0 
10000000000-10004000000 ---p 00000000 00:00 0 
56451dd95000-56451de02000 r--p 00000000 00:62 9914583                    /usr/bin/python3.10
56451de02000-56451e0b7000 r-xp 0006d000 00:62 9914583                    /usr/bin/python3.10
56451e0b7000-56451e2f9000 r--p 00322000 00:62 9914583                    /usr/bin/python3.10
56451e2f9000-56451e300000 r--p 00563000 00:62 9914583                    /usr/bin/python3.10
56451e300000-56451e33f000 rw-p 0056a000 00:62 9914583                    /usr/bin/python3.10
56451e33f000-56451e385000 rw-p 00000000 00:00 0 
5645252e0000-564bbc862000 rw-p 00000000 00:00 0                          [heap]
7f0324000000-7f05fa000000 ---p 00000000 00:00 0 
7f0742000000-7f08fa000000 ---p 00000000 00:00 0 
7f0968000000-7f0bc8000000 ---p 00000000 00:00 0 
7f0bca000000-7f0bda000000 ---p 00000000 00:00 0 
7f0bea000000-7f0bf2a00000 ---p 00000000 00:00 0 
7f0bf2a00000-7f0bf2c00000 rw-s 00000000 00:01 6294                       /dev/zero (deleted)
7f0bf2c00000-7f0bf2e41000 rw-s 00000000 00:01 6295                       /dev/zero (deleted)
7f0bf2e41000-7f0bf3000000 ---p 00000000 00:00 0 
7f0bf3000000-7f0bf3200000 rw-s 00000000 00:01 6296                       /dev/zero (deleted)
7f0bf3200000-7f0bf4000000 ---p 00000000 00:00 0 
7f0bf4000000-7f0bf4021000 rw-p 00000000 00:00 0 
7f0bf4021000-7f0bf8000000 ---p 00000000 00:00 0 
7f0bfc000000-7f0bfc021000 rw-p 00000000 00:00 0 
7f0bfc021000-7f0c00000000 ---p 00000000 00:00 0 
7f0c00000000-7f0c00021000 rw-p 00000000 00:00 0 
7f0c00021000-7f0c04000000 ---p 00000000 00:00 0 
7f0c04000000-7f0c04021000 rw-p 00000000 00:00 0 
7f0c04021000-7f0c08000000 ---p 00000000 00:00 0 
7f0c08000000-7f0c08021000 rw-p 00000000 00:00 0 
7f0c08021000-7f0c0c000000 ---p 00000000 00:00 0 
7f0c0c000000-7f0c0c021000 rw-p 00000000 00:00 0 
7f0c0c021000-7f0c10000000 ---p 00000000 00:00 0 
7f0c10000000-7f0c10021000 rw-p 00000000 00:00 0 
7f0c10021000-7f0c14000000 ---p 00000000 00:00 0 
7f0c14000000-7f0c14021000 rw-p 00000000 00:00 0 
7f0c14021000-7f0c18000000 ---p 00000000 00:00 0 
7f0c1c000000-7f0c1c021000 rw-p 00000000 00:00 0 
7f0c1c021000-7f0c20000000 ---p 00000000 00:00 0 
7f0c20000000-7f0c20021000 rw-p 00000000 00:00 0 
7f0c20021000-7f0c24000000 ---p 00000000 00:00 0 
7f0c24000000-7f0c24021000 rw-p 00000000 00:00 0 
7f0c24021000-7f0c28000000 ---p 00000000 00:00 0 
7f0c28000000-7f0c28021000 rw-p 00000000 00:00 0 
7f0c28021000-7f0c2c000000 ---p 00000000 00:00 0 
7f0c2c000000-7f0c2c021000 rw-p 00000000 00:00 0 
7f0c2c021000-7f0c30000000 ---p 00000000 00:00 0 
7f0c30000000-7f0c30021000 rw-p 00000000 00:00 0 
7f0c30021000-7f0c34000000 ---p 00000000 00:00 0 
7f0c34000000-7f0c34021000 rw-p 00000000 00:00 0 
7f0c34021000-7f0c38000000 ---p 00000000 00:00 0 
7f0c38000000-7f0c38021000 rw-p 00000000 00:00 0 
7f0c38021000-7f0c3c000000 ---p 00000000 00:00 0 
7f0c3c000000-7f0c3c021000 rw-p 00000000 00:00 0 
7f0c3c021000-7f0c40000000 ---p 00000000 00:00 0 
7f0c40000000-7f0c40021000 rw-p 00000000 00:00 0 
7f0c40021000-7f0c44000000 ---p 00000000 00:00 0 
7f0c44000000-7f0c44021000 rw-p 00000000 00:00 0 
7f0c44021000-7f0c48000000 ---p 00000000 00:00 0 
7f0c48000000-7f0c48021000 rw-p 00000000 00:00 0 
7f0c48021000-7f0c4c000000 ---p 00000000 00:00 0 
7f0c4c000000-7f0c4c021000 rw-p 00000000 00:00 0 
7f0c4c021000-7f0c50000000 ---p 00000000 00:00 0 
7f0c50000000-7f0c504cc000 rw-p 00000000 00:00 0 
7f0c504cc000-7f0c54000000 ---p 00000000 00:00 0 
7f0c54000000-7f0c54021000 rw-p 00000000 00:00 0 
7f0c54021000-7f0c58000000 ---p 00000000 00:00 0 
7f0c5a000000-7f0c62000000 ---p 00000000 00:00 0 
7f0c68000000-7f0c68021000 rw-p 00000000 00:00 0 
7f0c68021000-7f0c6c000000 ---p 00000000 00:00 0 
7f0c6c000000-7f0c6c021000 rw-p 00000000 00:00 0 
7f0c6c021000-7f0c70000000 ---p 00000000 00:00 0 
7f0c70000000-7f0c70021000 rw-p 00000000 00:00 0 
7f0c70021000-7f0c74000000 ---p 00000000 00:00 0 
7f0c74000000-7f0c74021000 rw-p 00000000 00:00 0 
7f0c74021000-7f0c78000000 ---p 00000000 00:00 0 
7f0c78000000-7f0c78021000 rw-p 00000000 00:00 0 
7f0c78021000-7f0c7c000000 ---p 00000000 00:00 0 
7f0c7c000000-7f0c7c021000 rw-p 00000000 00:00 0 
7f0c7c021000-7f0c80000000 ---p 00000000 00:00 0 
7f0c80000000-7f0c80021000 rw-p 00000000 00:00 0 
7f0c80021000-7f0c84000000 ---p 00000000 00:00 0 
7f0c84000000-7f0c84021000 rw-p 00000000 00:00 0 
7f0c84021000-7f0c88000000 ---p 00000000 00:00 0 
7f0c88000000-7f0c8909e000 rw-p 00000000 00:00 0 
7f0c8909e000-7f0c8c000000 ---p 00000000 00:00 0 
7f0c8c000000-7f0c8c021000 rw-p 00000000 00:00 0 
7f0c8c021000-7f0c90000000 ---p 00000000 00:00 0 
7f0c90000000-7f0c9127f000 rw-p 00000000 00:00 0 
7f0c9127f000-7f0c94000000 ---p 00000000 00:00 0 
7f0c94000000-7f0c9517d000 rw-p 00000000 00:00 0 
7f0c9517d000-7f0c98000000 ---p 00000000 00:00 0 
7f0c98000000-7f0c993ed000 rw-p 00000000 00:00 0 
7f0c993ed000-7f0c9c000000 ---p 00000000 00:00 0 
7f0c9c000000-7f0c9cf7b000 rw-p 00000000 00:00 0 
7f0c9cf7b000-7f0ca0000000 ---p 00000000 00:00 0 
7f0ca0000000-7f0ca009c000 rw-p 00000000 00:00 0 
7f0ca009c000-7f0ca4000000 ---p 00000000 00:00 0 
7f0ca4000000-7f0ca50af000 rw-p 00000000 00:00 0 
7f0ca50af000-7f0ca8000000 ---p 00000000 00:00 0 
7f0ca8000000-7f0ca8232000 rw-p 00000000 00:00 0 
7f0ca8232000-7f0cac000000 ---p 00000000 00:00 0 
7f0cae000000-7f0d1e000000 ---p 00000000 00:00 0 
7f0d1fbfe000-7f0d1fbff000 ---p 00000000 00:00 0 
7f0d1fbff000-7f0d1fdff000 rw-p 00000000 00:00 0 
7f0d1fdff000-7f0d1fe00000 ---p 00000000 00:00 0 
7f0d1fe00000-7f0d20000000 rw-p 00000000 00:00 0 
7f0d20000000-7f1090000000 ---p 00000000 00:00 0 
7f10901bd000-7f10901be000 ---p 00000000 00:00 0 
7f10901be000-7f10903be000 rw-p 00000000 00:00 0 
7f10903be000-7f10903bf000 ---p 00000000 00:00 0 
7f10903bf000-7f10905bf000 rw-p 00000000 00:00 0 
7f10905bf000-7f10905c0000 ---p 00000000 00:00 0 
7f10905c0000-7f10907c0000 rw-p 00000000 00:00 0 
7f10907c0000-7f10907c1000 ---p 00000000 00:00 0 
7f10907c1000-7f10909c1000 rw-p 00000000 00:00 0 
7f10909c1000-7f10909c2000 ---p 00000000 00:00 0 
7f10909c2000-7f1090bc2000 rw-p 00000000 00:00 0 
7f1090bc2000-7f1090bc3000 ---p 00000000 00:00 0 
7f1090bc3000-7f11aacc4000 rw-p 00000000 00:00 0 
7f11aace5000-7f11aace6000 ---p 00000000 00:00 0 
7f11aace6000-7f11aaee6000 rw-p 00000000 00:00 0 
7f11aaee6000-7f11aaee7000 ---p 00000000 00:00 0 
7f11aaee7000-7f11ab0e7000 rw-p 00000000 00:00 0 
7f11ab0e7000-7f11ab0e8000 ---p 00000000 00:00 0 
7f11ab0e8000-7f11ab2e8000 rw-p 00000000 00:00 0 
7f11ab2e8000-7f11ab2e9000 ---p 00000000 00:00 0 
7f11ab2e9000-7f11ab4e9000 rw-p 00000000 00:00 0 
7f11ab4e9000-7f11ab4ea000 ---p 00000000 00:00 0 
7f11ab4ea000-7f11ab6ea000 rw-p 00000000 00:00 0 
7f11ab6ea000-7f11ab6eb000 ---p 00000000 00:00 0 
7f11ab6eb000-7f11ab8eb000 rw-p 00000000 00:00 0 
7f11ab8eb000-7f11ab8ec000 ---p 00000000 00:00 0 
7f11ab8ec000-7f11abaec000 rw-p 00000000 00:00 0 
7f11abaec000-7f11abaed000 ---p 00000000 00:00 0 
7f11abaed000-7f11abced000 rw-p 00000000 00:00 0 
7f11abced000-7f11abcee000 ---p 00000000 00:00 0 
7f11abcee000-7f11abeee000 rw-p 00000000 00:00 0 
7f11abeee000-7f11abeef000 ---p 00000000 00:00 0 
7f11abeef000-7f11ac0ef000 rw-p 00000000 00:00 0 
7f11ac0ef000-7f11ac0f0000 ---p 00000000 00:00 0 
7f11ac0f0000-7f11ac2f0000 rw-p 00000000 00:00 0 
7f11ac2f0000-7f11ac2f1000 ---p 00000000 00:00 0 
7f11ac2f1000-7f11ac4f1000 rw-p 00000000 00:00 0 
7f11ac4f1000-7f11ac4f2000 ---p 00000000 00:00 0 
7f11ac4f2000-7f11ac5f2000 rw-p 00000000 00:00 0 
7f11ac5f2000-7f11ac5f3000 ---p 00000000 00:00 0 
7f11ac5f3000-7f11ac6f3000 rw-p 00000000 00:00 0 
7f11ac6f3000-7f11ac6f4000 ---p 00000000 00:00 0 
7f11ac6f4000-7f11ac7f4000 rw-p 00000000 00:00 0 
7f11ac7f4000-7f11ac7f5000 ---p 00000000 00:00 0 
7f11ac7f5000-7f11ac8f5000 rw-p 00000000 00:00 0 
7f11ac8f5000-7f11ac8f6000 ---p 00000000 00:00 0 
7f11ac8f6000-7f11ac9f6000 rw-p 00000000 00:00 0 
7f11ac9f6000-7f11ac9f7000 ---p 00000000 00:00 0 
7f11ac9f7000-7f11acaf7000 rw-p 00000000 00:00 0 
7f11acaf7000-7f11acaf8000 ---p 00000000 00:00 0 
7f11acaf8000-7f11acbf8000 rw-p 00000000 00:00 0 
7f11acbf8000-7f11acbf9000 ---p 00000000 00:00 0 
7f11acbf9000-7f11accf9000 rw-p 00000000 00:00 0 
7f11accf9000-7f11accfa000 ---p 00000000 00:00 0 
7f11accfa000-7f11acdfa000 rw-p 00000000 00:00 0 
7f11acdfa000-7f11acdfb000 ---p 00000000 00:00 0 
7f11acdfb000-7f11acefb000 rw-p 00000000 00:00 0 
7f11acefb000-7f11acefc000 ---p 00000000 00:00 0 
7f11acefc000-7f11acffc000 rw-p 00000000 00:00 0 
7f11acffc000-7f11acffd000 ---p 00000000 00:00 0 
7f11acffd000-7f11ad0fd000 rw-p 00000000 00:00 0 
7f11ad0fd000-7f11ad0fe000 ---p 00000000 00:00 0 
7f11ad0fe000-7f11ad1fe000 rw-p 00000000 00:00 0 
7f11ad1fe000-7f11ad1ff000 ---p 00000000 00:00 0 
7f11ad1ff000-7f11ad2ff000 rw-p 00000000 00:00 0 
7f11ad2ff000-7f11ad303000 ---p 00000000 00:00 0 
7f11ad303000-7f11ad3ff000 rw-p 00000000 00:00 0 
7f11ad3ff000-7f11ad403000 ---p 00000000 00:00 0 
7f11ad403000-7f11ad4ff000 rw-p 00000000 00:00 0 
7f11ad4ff000-7f11ad503000 ---p 00000000 00:00 0 
7f11ad503000-7f11ad5ff000 rw-p 00000000 00:00 0 
7f11ad5ff000-7f11ad603000 ---p 00000000 00:00 0 
7f11ad603000-7f11ad6ff000 rw-p 00000000 00:00 0 
7f11ad6ff000-7f11ad700000 ---p 00000000 00:00 0 
7f11ad700000-7f11ae000000 rw-p 00000000 00:00 0 
7f11ae000000-7f11de000000 ---p 00000000 00:00 0 
7f11e2000000-7f11e8400000 ---p 00000000 00:00 0 
7f11e8400000-7f11e8600000 rw-s 00000000 00:05 679                        /dev/nvidiactl
7f11e8600000-7f11e8800000 rw-s 00000000 00:01 6289                       /dev/zero (deleted)
7f11e8800000-7f11e8a00000 rw-s 00000000 00:01 6290                       /dev/zero (deleted)
7f11e8a00000-7f11e9000000 ---p 00000000 00:00 0 
7f11e9000000-7f11e9200000 rw-s 00000000 00:05 679                        /dev/nvidiactl
7f11e9200000-7f11e9400000 rw-s 00000000 00:01 6293                       /dev/zero (deleted)
7f11e9400000-7f11e9577000 rw-s 00000000 00:05 679                        /dev/nvidiactl
7f11e9577000-7f11ea000000 ---p 00000000 00:00 0 
7f11ea0dd000-7f11ea5dd000 rw-p 00000000 00:00 0 
7f11ea5dd000-7f11ea7dd000 rw-s 00000000 00:01 6291                       /dev/zero (deleted)
7f11ea7dd000-7f11ea7de000 rw-s 00000000 00:05 679                        /dev/nvidiactl
7f11ea7de000-7f11ea7df000 rw-s 00000000 00:05 679                        /dev/nvidiactl
7f11ea7df000-7f11ea7e0000 rw-s 00000000 00:05 679                        /dev/nvidiactl
7f11ea7e0000-7f11ea7e1000 rw-s 00000000 00:05 679                        /dev/nvidiactl
7f11ea7e1000-7f11ea7e2000 rw-s 00000000 00:05 679                        /dev/nvidiactl
7f11ea7e2000-7f11ea7e3000 rw-s 00000000 00:05 679                        /dev/nvidiactl
7f11ea7e3000-7f11ea7e4000 rw-s 00000000 00:05 679                        /dev/nvidiactl
7f11ea7e4000-7f11ea7e5000 rw-s 00000000 00:05 679                        /dev/nvidiactl
7f11ea7e5000-7f11ea7e6000 rw-s 00000000 00:05 679                        /dev/nvidiactl
7f11ea7e6000-7f11ea7e7000 rw-s 00000000 00:05 679                        /dev/nvidiactl
7f11ea7e7000-7f11ea7e8000 rw-s 00000000 00:05 679                        /dev/nvidiactl
7f11ea7e8000-7f11ea7e9000 rw-s 00000000 00:05 679                        /dev/nvidiactl
7f11ea7e9000-7f11ea7ea000 rw-s 00000000 00:05 679                        /dev/nvidiactl
7f11ea7ea000-7f11ea7eb000 rw-s 00000000 00:05 679                        /dev/nvidiactl
7f11ea7eb000-7f11ea7ec000 rw-s 00000000 00:05 679                        /dev/nvidiactl
7f11ea7ec000-7f11ea7ed000 rw-s 00000000 00:05 679                        /dev/nvidiactl
7f11ea7ed000-7f11ea7ee000 rw-s 00000000 00:05 679                        /dev/nvidiactl
7f11ea7ee000-7f11ea7ef000 rw-s 00000000 00:05 679                        /dev/nvidiactl
7f11ea7ef000-7f11ea7f0000 rw-s 00000000 00:05 679                        /dev/nvidiactl
7f11ea7f0000-7f11ea7f1000 rw-s 00000000 00:05 679                        /dev/nvidiactl
7f11ea7f1000-7f11eb7ff000 ---p 00000000 00:00 0 
7f11eb7ff000-7f11ebfff000 rw-p 00000000 00:00 0 
7f11ebfff000-7f11ec000000 ---p 00000000 00:00 0 
7f11ec000000-7f11ec800000 rw-p 00000000 00:00 0 
7f11ec800000-7f11ec9ca000 r-xp 00000000 103:03 106299479                 /usr/lib/x86_64-linux-gnu/libnvidia-ml.so.555.42.02
7f11ec9ca000-7f11ecbc9000 ---p 001ca000 103:03 106299479                 /usr/lib/x86_64-linux-gnu/libnvidia-ml.so.555.42.02
7f11ecbc9000-7f11ecbfb000 r--p 001c9000 103:03 106299479                 /usr/lib/x86_64-linux-gnu/libnvidia-ml.so.555.42.02
7f11ecbfb000-7f11ecbfd000 rw-p 001fb000 103:03 106299479                 /usr/lib/x86_64-linux-gnu/libnvidia-ml.so.555.42.02
7f11ecbfd000-7f11ed829000 rw-p 00000000 00:00 0 
7f11ed8f7000-7f11edbf7000 rw-p 00000000 00:00 0 
7f11edbf7000-7f11edbf8000 ---p 00000000 00:00 0 
7f11edbf8000-7f11ef2f8000 rw-p 00000000 00:00 0 
7f11ef2f8000-7f11f2877000 r--p 00000000 00:62 10095985                   /home/ubuntu/.local/lib/python3.10/site-packages/triton/_C/libtriton.so
7f11f2877000-7f11f791c000 r-xp 0357e000 00:62 10095985                   /home/ubuntu/.local/lib/python3.10/site-packages/triton/_C/libtriton.so
7f11f791c000-7f11f7a4c000 r--p 08622000 00:62 10095985                   /home/ubuntu/.local/lib/python3.10/site-packages/triton/_C/libtriton.so
7f11f7a4c000-7f11f7a6f000 rw-p 08751000 00:62 10095985                   /home/ubuntu/.local/lib/python3.10/site-packages/triton/_C/libtriton.so
7f11f7a6f000-7f11f9200000 rw-p 00000000 00:00 0 
7f11f9200000-7f11f92a9000 r-xp 00000000 00:62 10163489                   /home/ubuntu/.local/lib/python3.10/site-packages/torchvision.libs/libcudart.45e7f3ed.so.12
7f11f92a9000-7f11f94a9000 ---p 000a9000 00:62 10163489                   /home/ubuntu/.local/lib/python3.10/site-packages/torchvision.libs/libcudart.45e7f3ed.so.12
7f11f94a9000-7f11f94ae000 r--p 000a9000 00:62 10163489                   /home/ubuntu/.local/lib/python3.10/site-packages/torchvision.libs/libcudart.45e7f3ed.so.12
7f11f94ae000-7f11f94af000 rw-p 000ae000 00:62 10163489                   /home/ubuntu/.local/lib/python3.10/site-packages/torchvision.libs/libcudart.45e7f3ed.so.12
7f11f94af000-7f11f94b1000 rw-p 00000000 00:00 0 
7f11f9500000-7f11f9600000 rw-p 00000000 00:00 0 
7f11f9600000-7f11f9c5a000 r-xp 00000000 00:62 10163488                   /home/ubuntu/.local/lib/python3.10/site-packages/torchvision.libs/libnvjpeg.e5f20359.so.12
7f11f9c5a000-7f11f9e5a000 ---p 0065a000 00:62 10163488                   /home/ubuntu/.local/lib/python3.10/site-packages/torchvision.libs/libnvjpeg.e5f20359.so.12
7f11f9e5a000-7f11f9e67000 r--p 0065a000 00:62 10163488                   /home/ubuntu/.local/lib/python3.10/site-packages/torchvision.libs/libnvjpeg.e5f20359.so.12
7f11f9e67000-7f11f9e68000 rw-p 00667000 00:62 10163488                   /home/ubuntu/.local/lib/python3.10/site-packages/torchvision.libs/libnvjpeg.e5f20359.so.12
7f11f9e68000-7f11f9e6d000 rw-p 00000000 00:00 0 
7f11f9edd000-7f11f9fdd000 rw-p 00000000 00:00 0 
7f11f9fdd000-7f11f9fe0000 r--p 00000000 00:62 10163490                   /home/ubuntu/.local/lib/python3.10/site-packages/torchvision.libs/libz.81d90590.so.1
7f11f9fe0000-7f11f9fee000 r-xp 00003000 00:62 10163490                   /home/ubuntu/.local/lib/python3.10/site-packages/torchvision.libs/libz.81d90590.so.1
7f11f9fee000-7f11f9ff5000 r--p 00011000 00:62 10163490                   /home/ubuntu/.local/lib/python3.10/site-packages/torchvision.libs/libz.81d90590.so.1
7f11f9ff5000-7f11f9ff6000 r--p 00017000 00:62 10163490                   /home/ubuntu/.local/lib/python3.10/site-packages/torchvision.libs/libz.81d90590.so.1
7f11f9ff6000-7f11f9ff7000 rw-p 00018000 00:62 10163490                   /home/ubuntu/.local/lib/python3.10/site-packages/torchvision.libs/libz.81d90590.so.1
7f11f9ff7000-7f11f9ffa000 r--p 00000000 00:62 10163487                   /home/ubuntu/.local/lib/python3.10/site-packages/torchvision.libs/libwebp.32d871e4.so.7
7f11f9ffa000-7f11fa084000 r-xp 00003000 00:62 10163487                   /home/ubuntu/.local/lib/python3.10/site-packages/torchvision.libs/libwebp.32d871e4.so.7
7f11fa084000-7f11fa097000 r--p 0008d000 00:62 10163487                   /home/ubuntu/.local/lib/python3.10/site-packages/torchvision.libs/libwebp.32d871e4.so.7
7f11fa097000-7f11fa098000 r--p 000a0000 00:62 10163487                   /home/ubuntu/.local/lib/python3.10/site-packages/torchvision.libs/libwebp.32d871e4.so.7
7f11fa098000-7f11fa099000 rw-p 000a1000 00:62 10163487                   /home/ubuntu/.local/lib/python3.10/site-packages/torchvision.libs/libwebp.32d871e4.so.7
7f11fa099000-7f11fa09a000 rw-p 00000000 00:00 0 
7f11fa09a000-7f11fa09b000 rw-p 000ad000 00:62 10163487                   /home/ubuntu/.local/lib/python3.10/site-packages/torchvision.libs/libwebp.32d871e4.so.7
7f11fa09b000-7f11fa0a0000 r--p 00000000 00:62 10163486                   /home/ubuntu/.local/lib/python3.10/site-packages/torchvision.libs/libjpeg.37781fad.so.8
7f11fa0a0000-7f11fa0f5000 r-xp 00005000 00:62 10163486                   /home/ubuntu/.local/lib/python3.10/site-packages/torchvision.libs/libjpeg.37781fad.so.8
7f11fa0f5000-7f11fa130000 r--p 0005a000 00:62 10163486                   /home/ubuntu/.local/lib/python3.10/site-packages/torchvision.libs/libjpeg.37781fad.so.8
7f11fa130000-7f11fa131000 r--p 00094000 00:62 10163486                   /home/ubuntu/.local/lib/python3.10/site-packages/torchvision.libs/libjpeg.37781fad.so.8
7f11fa131000-7f11fa132000 rw-p 00095000 00:62 10163486                   /home/ubuntu/.local/lib/python3.10/site-packages/torchvision.libs/libjpeg.37781fad.so.8
7f11fa132000-7f11fa138000 r--p 00000000 00:62 10163485                   /home/ubuntu/.local/lib/python3.10/site-packages/torchvision.libs/libpng16.e328d493.so.16
7f11fa138000-7f11fa161000 r-xp 00006000 00:62 10163485                   /home/ubuntu/.local/lib/python3.10/site-packages/torchvision.libs/libpng16.e328d493.so.16
7f11fa161000-7f11fa16c000 r--p 0002f000 00:62 10163485                   /home/ubuntu/.local/lib/python3.10/site-packages/torchvision.libs/libpng16.e328d493.so.16
7f11fa16c000-7f11fa16d000 ---p 0003a000 00:62 10163485                   /home/ubuntu/.local/lib/python3.10/site-packages/torchvision.libs/libpng16.e328d493.so.16
7f11fa16d000-7f11fa16e000 r--p 0003a000 00:62 10163485                   /home/ubuntu/.local/lib/python3.10/site-packages/torchvision.libs/libpng16.e328d493.so.16
7f11fa16e000-7f11fa16f000 rw-p 0003b000 00:62 10163485                   /home/ubuntu/.local/lib/python3.10/site-packages/torchvision.libs/libpng16.e328d493.so.16
7f11fa16f000-7f11fa172000 rw-p 00042000 00:62 10163485                   /home/ubuntu/.local/lib/python3.10/site-packages/torchvision.libs/libpng16.e328d493.so.16
7f11fa172000-7f11fa189000 r--p 00000000 00:62 10163281                   /home/ubuntu/.local/lib/python3.10/site-packages/torchvision/image.so
7f11fa189000-7f11fa1bc000 r-xp 00017000 00:62 10163281                   /home/ubuntu/.local/lib/python3.10/site-packages/torchvision/image.so
7f11fa1bc000-7f11fa1d2000 r--p 0004a000 00:62 10163281                   /home/ubuntu/.local/lib/python3.10/site-packages/torchvision/image.so
7f11fa1d2000-7f11fa1d3000 r--p 0005f000 00:62 10163281                   /home/ubuntu/.local/lib/python3.10/site-packages/torchvision/image.so
7f11fa1d3000-7f11fa1d5000 rw-p 00060000 00:62 10163281                   /home/ubuntu/.local/lib/python3.10/site-packages/torchvision/image.so
7f11fa1d5000-7f11fa1e1000 rw-p 0007a000 00:62 10163281                   /home/ubuntu/.local/lib/python3.10/site-packages/torchvision/image.so
7f11fa1e1000-7f11fa1ed000 rw-p 00086000 00:62 10163281                   /home/ubuntu/.local/lib/python3.10/site-packages/torchvision/image.so
7f11fa1ed000-7f11fa1f9000 rw-p 00092000 00:62 10163281                   /home/ubuntu/.local/lib/python3.10/site-packages/torchvision/image.so
7f11fa1f9000-7f11fa205000 rw-p 0009e000 00:62 10163281                   /home/ubuntu/.local/lib/python3.10/site-packages/torchvision/image.so
7f11fa205000-7f11fa211000 rw-p 000aa000 00:62 10163281                   /home/ubuntu/.local/lib/python3.10/site-packages/torchvision/image.so
7f11fa211000-7f11fa213000 r--p 00000000 00:62 9914557                    /usr/lib/x86_64-linux-gnu/libfribidi.so.0.4.0
7f11fa213000-7f11fa216000 r-xp 00002000 00:62 9914557                    /usr/lib/x86_64-linux-gnu/libfribidi.so.0.4.0
7f11fa216000-7f11fa22b000 r--p 00005000 00:62 9914557                    /usr/lib/x86_64-linux-gnu/libfribidi.so.0.4.0
7f11fa22b000-7f11fa22c000 r--p 00019000 00:62 9914557                    /usr/lib/x86_64-linux-gnu/libfribidi.so.0.4.0
7f11fa22c000-7f11fa22d000 rw-p 0001a000 00:62 9914557                    /usr/lib/x86_64-linux-gnu/libfribidi.so.0.4.0
7f11fa22d000-7f11fa22e000 r--p 00000000 00:62 10100091                   /home/ubuntu/.local/lib/python3.10/site-packages/pillow.libs/libbrotlicommon-c55a5f7a.so.1.1.0
7f11fa22e000-7f11fa22f000 r-xp 00001000 00:62 10100091                   /home/ubuntu/.local/lib/python3.10/site-packages/pillow.libs/libbrotlicommon-c55a5f7a.so.1.1.0
7f11fa22f000-7f11fa24e000 r--p 00002000 00:62 10100091                   /home/ubuntu/.local/lib/python3.10/site-packages/pillow.libs/libbrotlicommon-c55a5f7a.so.1.1.0
7f11fa24e000-7f11fa24f000 r--p 00021000 00:62 10100091                   /home/ubuntu/.local/lib/python3.10/site-packages/pillow.libs/libbrotlicommon-c55a5f7a.so.1.1.0
7f11fa24f000-7f11fa250000 rw-p 00022000 00:62 10100091                   /home/ubuntu/.local/lib/python3.10/site-packages/pillow.libs/libbrotlicommon-c55a5f7a.so.1.1.0
7f11fa250000-7f11fa251000 rw-p 00023000 00:62 10100091                   /home/ubuntu/.local/lib/python3.10/site-packages/pillow.libs/libbrotlicommon-c55a5f7a.so.1.1.0
7f11fa251000-7f11fa256000 r--p 00000000 00:62 10100099                   /home/ubuntu/.local/lib/python3.10/site-packages/pillow.libs/libpng16-d00bd151.so.16.49.0
7f11fa256000-7f11fa288000 r-xp 00005000 00:62 10100099                   /home/ubuntu/.local/lib/python3.10/site-packages/pillow.libs/libpng16-d00bd151.so.16.49.0
7f11fa288000-7f11fa292000 r--p 00037000 00:62 10100099                   /home/ubuntu/.local/lib/python3.10/site-packages/pillow.libs/libpng16-d00bd151.so.16.49.0
7f11fa292000-7f11fa293000 r--p 00040000 00:62 10100099                   /home/ubuntu/.local/lib/python3.10/site-packages/pillow.libs/libpng16-d00bd151.so.16.49.0
7f11fa293000-7f11fa294000 rw-p 00041000 00:62 10100099                   /home/ubuntu/.local/lib/python3.10/site-packages/pillow.libs/libpng16-d00bd151.so.16.49.0
7f11fa294000-7f11fa296000 rw-p 00042000 00:62 10100099                   /home/ubuntu/.local/lib/python3.10/site-packages/pillow.libs/libpng16-d00bd151.so.16.49.0
7f11fa296000-7f11fa2a2000 r--p 00000000 00:62 10100094                   /home/ubuntu/.local/lib/python3.10/site-packages/pillow.libs/libharfbuzz-fe5b8f8d.so.0.61121.0
7f11fa2a2000-7f11fa31f000 r-xp 0000c000 00:62 10100094                   /home/ubuntu/.local/lib/python3.10/site-packages/pillow.libs/libharfbuzz-fe5b8f8d.so.0.61121.0
7f11fa31f000-7f11fa368000 r--p 00089000 00:62 10100094                   /home/ubuntu/.local/lib/python3.10/site-packages/pillow.libs/libharfbuzz-fe5b8f8d.so.0.61121.0
7f11fa368000-7f11fa369000 r--p 000d1000 00:62 10100094                   /home/ubuntu/.local/lib/python3.10/site-packages/pillow.libs/libharfbuzz-fe5b8f8d.so.0.61121.0
7f11fa369000-7f11fa36b000 rw-p 000d2000 00:62 10100094                   /home/ubuntu/.local/lib/python3.10/site-packages/pillow.libs/libharfbuzz-fe5b8f8d.so.0.61121.0
7f11fa36b000-7f11fa370000 rw-p 000d5000 00:62 10100094                   /home/ubuntu/.local/lib/python3.10/site-packages/pillow.libs/libharfbuzz-fe5b8f8d.so.0.61121.0
7f11fa370000-7f11fa374000 rw-p 000da000 00:62 10100094                   /home/ubuntu/.local/lib/python3.10/site-packages/pillow.libs/libharfbuzz-fe5b8f8d.so.0.61121.0
7f11fa374000-7f11fa381000 r--p 00000000 00:62 10100093                   /home/ubuntu/.local/lib/python3.10/site-packages/pillow.libs/libfreetype-083ff72c.so.6.20.2
7f11fa381000-7f11fa448000 r-xp 0000d000 00:62 10100093                   /home/ubuntu/.local/lib/python3.10/site-packages/pillow.libs/libfreetype-083ff72c.so.6.20.2
7f11fa448000-7f11fa474000 r--p 000d4000 00:62 10100093                   /home/ubuntu/.local/lib/python3.10/site-packages/pillow.libs/libfreetype-083ff72c.so.6.20.2
7f11fa474000-7f11fa47b000 r--p 00100000 00:62 10100093                   /home/ubuntu/.local/lib/python3.10/site-packages/pillow.libs/libfreetype-083ff72c.so.6.20.2
7f11fa47b000-7f11fa47d000 rw-p 00107000 00:62 10100093                   /home/ubuntu/.local/lib/python3.10/site-packages/pillow.libs/libfreetype-083ff72c.so.6.20.2
7f11fa47d000-7f11fa47f000 rw-p 0015a000 00:62 10100093                   /home/ubuntu/.local/lib/python3.10/site-packages/pillow.libs/libfreetype-083ff72c.so.6.20.2
7f11fa47f000-7f11fa481000 rw-p 0015c000 00:62 10100093                   /home/ubuntu/.local/lib/python3.10/site-packages/pillow.libs/libfreetype-083ff72c.so.6.20.2
7f11fa481000-7f11fa525000 r--p 00000000 00:62 10163275                   /home/ubuntu/.local/lib/python3.10/site-packages/torchvision/_C.so
7f11fa525000-7f11fa63b000 r-xp 000a4000 00:62 10163275                   /home/ubuntu/.local/lib/python3.10/site-packages/torchvision/_C.so
7f11fa63b000-7f11fabbb000 r--p 001ba000 00:62 10163275                   /home/ubuntu/.local/lib/python3.10/site-packages/torchvision/_C.so
7f11fabbb000-7f11fabbe000 r--p 00739000 00:62 10163275                   /home/ubuntu/.local/lib/python3.10/site-packages/torchvision/_C.so
7f11fabbe000-7f11fabc3000 rw-p 0073c000 00:62 10163275                   /home/ubuntu/.local/lib/python3.10/site-packages/torchvision/_C.so
7f11fabc3000-7f136fcc5000 rw-p 00000000 00:00 0 
7f136fcc7000-7f1475ac7000 rw-p 00000000 00:00 0 
7f1475ac9000-7f14f7bc9000 rw-p 00000000 00:00 0 
7f14f7bcb000-7f15386cb000 rw-p 00000000 00:00 0 
7f15386cd000-7f1558bcd000 rw-p 00000000 00:00 0 
7f1558bcf000-7f1568ecf000 rw-p 00000000 00:00 0 
7f1568ed1000-7f1570ed1000 rw-p 00000000 00:00 0 
7f1570ed3000-7f15754d3000 rw-p 00000000 00:00 0 
7f15754d5000-7f1578fd5000 rw-p 00000000 00:00 0 
7f1578fd5000-7f158256d000 r--s 00000000 08:00 45646671                   /home/ubuntu/tbazzocchi/FRAG/MedRAG/corpus/wikipedia/index/bm25/_s_Lucene90_0.dvd
7f158256d000-7f1585689000 r--s 00000000 08:00 45646518                   /home/ubuntu/tbazzocchi/FRAG/MedRAG/corpus/wikipedia/index/bm25/_s.fdt
7f1585689000-7f1585cb1000 r--s 00000000 08:00 45646519                   /home/ubuntu/tbazzocchi/FRAG/MedRAG/corpus/wikipedia/index/bm25/_s.nvd
7f1585cb1000-7f1585f09000 r--s 00000000 08:00 45646528                   /home/ubuntu/tbazzocchi/FRAG/MedRAG/corpus/wikipedia/index/bm25/_s_Lucene90_0.tip
7f1585f09000-7f158acd2000 r--s 00000000 08:00 45646527                   /home/ubuntu/tbazzocchi/FRAG/MedRAG/corpus/wikipedia/index/bm25/_s_Lucene90_0.tim
7f158acd2000-7f15b0584000 r--s 00000000 08:00 45646526                   /home/ubuntu/tbazzocchi/FRAG/MedRAG/corpus/wikipedia/index/bm25/_s_Lucene90_0.doc
7f15b0584000-7f15be9e4000 r--s 00000000 08:00 45646432                   /home/ubuntu/tbazzocchi/FRAG/MedRAG/corpus/wikipedia/index/bm25/_13_Lucene90_0.dvd
7f15be9e4000-7f15c344e000 r--s 00000000 08:00 45646676                   /home/ubuntu/tbazzocchi/FRAG/MedRAG/corpus/wikipedia/index/bm25/_13.fdt
7f15c344e000-7f15c3db3000 r--s 00000000 08:00 45646503                   /home/ubuntu/tbazzocchi/FRAG/MedRAG/corpus/wikipedia/index/bm25/_13.nvd
7f15c3db3000-7f15c4112000 r--s 00000000 08:00 45646685                   /home/ubuntu/tbazzocchi/FRAG/MedRAG/corpus/wikipedia/index/bm25/_13_Lucene90_0.tip
7f15c4112000-7f15cadb1000 r--s 00000000 08:00 45646684                   /home/ubuntu/tbazzocchi/FRAG/MedRAG/corpus/wikipedia/index/bm25/_13_Lucene90_0.tim
7f15cadb1000-7f160498a000 r--s 00000000 08:00 45646678                   /home/ubuntu/tbazzocchi/FRAG/MedRAG/corpus/wikipedia/index/bm25/_13_Lucene90_0.doc
7f160498a000-7f16062f6000 r--s 00000000 08:00 45646497                   /home/ubuntu/tbazzocchi/FRAG/MedRAG/corpus/wikipedia/index/bm25/_a_Lucene90_0.dvd
7f16062f6000-7f1606b45000 r--s 00000000 08:00 45646313                   /home/ubuntu/tbazzocchi/FRAG/MedRAG/corpus/wikipedia/index/bm25/_a.fdt
7f1606b45000-7f1606c51000 r--s 00000000 08:00 45646495                   /home/ubuntu/tbazzocchi/FRAG/MedRAG/corpus/wikipedia/index/bm25/_a.nvd
7f1606c51000-7f1606ce6000 r--s 00000000 08:00 45646506                   /home/ubuntu/tbazzocchi/FRAG/MedRAG/corpus/wikipedia/index/bm25/_a_Lucene90_0.tip
7f1606ce6000-7f1607e77000 r--s 00000000 08:00 45646505                   /home/ubuntu/tbazzocchi/FRAG/MedRAG/corpus/wikipedia/index/bm25/_a_Lucene90_0.tim
7f1607e77000-7f160e2d7000 r--s 00000000 08:00 45646504                   /home/ubuntu/tbazzocchi/FRAG/MedRAG/corpus/wikipedia/index/bm25/_a_Lucene90_0.doc
7f160e2d7000-7f160fe61000 r--s 00000000 08:00 45646510                   /home/ubuntu/tbazzocchi/FRAG/MedRAG/corpus/wikipedia/index/bm25/_6_Lucene90_0.dvd
7f160fe61000-7f1610760000 r--s 00000000 08:00 45646303                   /home/ubuntu/tbazzocchi/FRAG/MedRAG/corpus/wikipedia/index/bm25/_6.fdt
7f1610760000-7f1610882000 r--s 00000000 08:00 45646508                   /home/ubuntu/tbazzocchi/FRAG/MedRAG/corpus/wikipedia/index/bm25/_6.nvd
7f1610882000-7f1610920000 r--s 00000000 08:00 45646524                   /home/ubuntu/tbazzocchi/FRAG/MedRAG/corpus/wikipedia/index/bm25/_6_Lucene90_0.tip
7f1610920000-7f1611bc6000 r--s 00000000 08:00 45646523                   /home/ubuntu/tbazzocchi/FRAG/MedRAG/corpus/wikipedia/index/bm25/_6_Lucene90_0.tim
7f1611bc6000-7f1618874000 r--s 00000000 08:00 45646522                   /home/ubuntu/tbazzocchi/FRAG/MedRAG/corpus/wikipedia/index/bm25/_6_Lucene90_0.doc
7f1618874000-7f161a60d000 r--s 00000000 08:00 45646532                   /home/ubuntu/tbazzocchi/FRAG/MedRAG/corpus/wikipedia/index/bm25/_8_Lucene90_0.dvd
7f161a60d000-7f161afb7000 r--s 00000000 08:00 45646317                   /home/ubuntu/tbazzocchi/FRAG/MedRAG/corpus/wikipedia/index/bm25/_8.fdt
7f161afb7000-7f161b0ef000 r--s 00000000 08:00 45646530                   /home/ubuntu/tbazzocchi/FRAG/MedRAG/corpus/wikipedia/index/bm25/_8.nvd
7f161b0ef000-7f161b196000 r--s 00000000 08:00 45646541                   /home/ubuntu/tbazzocchi/FRAG/MedRAG/corpus/wikipedia/index/bm25/_8_Lucene90_0.tip
7f161b196000-7f161c54d000 r--s 00000000 08:00 45646540                   /home/ubuntu/tbazzocchi/FRAG/MedRAG/corpus/wikipedia/index/bm25/_8_Lucene90_0.tim
7f161c54d000-7f1623a33000 r--s 00000000 08:00 45646539                   /home/ubuntu/tbazzocchi/FRAG/MedRAG/corpus/wikipedia/index/bm25/_8_Lucene90_0.doc
7f1623a33000-7f1625a20000 r--s 00000000 08:00 45646545                   /home/ubuntu/tbazzocchi/FRAG/MedRAG/corpus/wikipedia/index/bm25/_2_Lucene90_0.dvd
7f1625a20000-7f1626489000 r--s 00000000 08:00 45646308                   /home/ubuntu/tbazzocchi/FRAG/MedRAG/corpus/wikipedia/index/bm25/_2.fdt
7f1626489000-7f16265d9000 r--s 00000000 08:00 45646543                   /home/ubuntu/tbazzocchi/FRAG/MedRAG/corpus/wikipedia/index/bm25/_2.nvd
7f16265d9000-7f1626689000 r--s 00000000 08:00 45646554                   /home/ubuntu/tbazzocchi/FRAG/MedRAG/corpus/wikipedia/index/bm25/_2_Lucene90_0.tip
7f1626689000-7f1627b5f000 r--s 00000000 08:00 45646553                   /home/ubuntu/tbazzocchi/FRAG/MedRAG/corpus/wikipedia/index/bm25/_2_Lucene90_0.tim
7f1627b5f000-7f162f953000 r--s 00000000 08:00 45646552                   /home/ubuntu/tbazzocchi/FRAG/MedRAG/corpus/wikipedia/index/bm25/_2_Lucene90_0.doc
7f162f953000-7f163123c000 r--s 00000000 08:00 45646658                   /home/ubuntu/tbazzocchi/FRAG/MedRAG/corpus/wikipedia/index/bm25/_o_Lucene90_0.dvd
7f163123c000-7f1631a59000 r--s 00000000 08:00 45646468                   /home/ubuntu/tbazzocchi/FRAG/MedRAG/corpus/wikipedia/index/bm25/_o.fdt
7f1631a59000-7f1631b60000 r--s 00000000 08:00 45646656                   /home/ubuntu/tbazzocchi/FRAG/MedRAG/corpus/wikipedia/index/bm25/_o.nvd
7f1631b60000-7f1631bf1000 r--s 00000000 08:00 45646667                   /home/ubuntu/tbazzocchi/FRAG/MedRAG/corpus/wikipedia/index/bm25/_o_Lucene90_0.tip
7f1631bf1000-7f1632d07000 r--s 00000000 08:00 45646666                   /home/ubuntu/tbazzocchi/FRAG/MedRAG/corpus/wikipedia/index/bm25/_o_Lucene90_0.tim
7f1632d07000-7f1638fa5000 r--s 00000000 08:00 45646665                   /home/ubuntu/tbazzocchi/FRAG/MedRAG/corpus/wikipedia/index/bm25/_o_Lucene90_0.doc
7f1638fa5000-7f163aaa4000 r--s 00000000 08:00 45646681                   /home/ubuntu/tbazzocchi/FRAG/MedRAG/corpus/wikipedia/index/bm25/_q_Lucene90_0.dvd
7f163aaa4000-7f163b316000 r--s 00000000 08:00 45646501                   /home/ubuntu/tbazzocchi/FRAG/MedRAG/corpus/wikipedia/index/bm25/_q.fdt
7f163b316000-7f163b432000 r--s 00000000 08:00 45646679                   /home/ubuntu/tbazzocchi/FRAG/MedRAG/corpus/wikipedia/index/bm25/_q.nvd
7f163b432000-7f163b4c7000 r--s 00000000 08:00 45646291                   /home/ubuntu/tbazzocchi/FRAG/MedRAG/corpus/wikipedia/index/bm25/_q_Lucene90_0.tip
7f163b4c7000-7f163c62f000 r--s 00000000 08:00 45646290                   /home/ubuntu/tbazzocchi/FRAG/MedRAG/corpus/wikipedia/index/bm25/_q_Lucene90_0.tim
7f163c62f000-7f164312e000 r--s 00000000 08:00 45646289                   /home/ubuntu/tbazzocchi/FRAG/MedRAG/corpus/wikipedia/index/bm25/_q_Lucene90_0.doc
7f164312e000-7f1644544000 r--s 00000000 08:00 45646299                   /home/ubuntu/tbazzocchi/FRAG/MedRAG/corpus/wikipedia/index/bm25/_r_Lucene90_0.dvd
7f1644544000-7f1644bcc000 r--s 00000000 08:00 45646514                   /home/ubuntu/tbazzocchi/FRAG/MedRAG/corpus/wikipedia/index/bm25/_r.fdt
7f1644bcc000-7f1644ca0000 r--s 00000000 08:00 45646295                   /home/ubuntu/tbazzocchi/FRAG/MedRAG/corpus/wikipedia/index/bm25/_r.nvd
7f1644ca0000-7f1644d1b000 r--s 00000000 08:00 45646309                   /home/ubuntu/tbazzocchi/FRAG/MedRAG/corpus/wikipedia/index/bm25/_r_Lucene90_0.tip
7f1644d1b000-7f1645b87000 r--s 00000000 08:00 45646306                   /home/ubuntu/tbazzocchi/FRAG/MedRAG/corpus/wikipedia/index/bm25/_r_Lucene90_0.tim
7f1645b87000-7f164ab15000 r--s 00000000 08:00 45646305                   /home/ubuntu/tbazzocchi/FRAG/MedRAG/corpus/wikipedia/index/bm25/_r_Lucene90_0.doc
7f164ab15000-7f164b515000 r--s 00000000 08:00 45646318                   /home/ubuntu/tbazzocchi/FRAG/MedRAG/corpus/wikipedia/index/bm25/_x_Lucene90_0.dvd
7f164b515000-7f164b857000 r--s 00000000 08:00 45646592                   /home/ubuntu/tbazzocchi/FRAG/MedRAG/corpus/wikipedia/index/bm25/_x.fdt
7f164b857000-7f164b8c0000 r--s 00000000 08:00 45646315                   /home/ubuntu/tbazzocchi/FRAG/MedRAG/corpus/wikipedia/index/bm25/_x.nvd
7f164b8c0000-7f164b909000 r--s 00000000 08:00 45646326                   /home/ubuntu/tbazzocchi/FRAG/MedRAG/corpus/wikipedia/index/bm25/_x_Lucene90_0.tip
7f164b909000-7f164c172000 r--s 00000000 08:00 45646325                   /home/ubuntu/tbazzocchi/FRAG/MedRAG/corpus/wikipedia/index/bm25/_x_Lucene90_0.tim
7f164c172000-7f164e8e4000 r--s 00000000 08:00 45646324                   /home/ubuntu/tbazzocchi/FRAG/MedRAG/corpus/wikipedia/index/bm25/_x_Lucene90_0.doc
7f164e8e4000-7f164eab2000 r--s 00000000 08:00 45646334                   /home/ubuntu/tbazzocchi/FRAG/MedRAG/corpus/wikipedia/index/bm25/_12_Lucene90_0.dvd
7f164eab2000-7f164eb47000 r--s 00000000 08:00 45646649                   /home/ubuntu/tbazzocchi/FRAG/MedRAG/corpus/wikipedia/index/bm25/_12.fdt
7f164eb47000-7f164edb0000 r--s 00000000 08:00 45646341                   /home/ubuntu/tbazzocchi/FRAG/MedRAG/corpus/wikipedia/index/bm25/_12_Lucene90_0.tim
7f164edb0000-7f164f4a8000 r--s 00000000 08:00 45646340                   /home/ubuntu/tbazzocchi/FRAG/MedRAG/corpus/wikipedia/index/bm25/_12_Lucene90_0.doc
7f164f4a8000-7f164fcf5000 r--s 00000000 08:00 45646350                   /home/ubuntu/tbazzocchi/FRAG/MedRAG/corpus/wikipedia/index/bm25/_10_Lucene90_0.dvd
7f164fcf5000-7f164ff88000 r--s 00000000 08:00 45646627                   /home/ubuntu/tbazzocchi/FRAG/MedRAG/corpus/wikipedia/index/bm25/_10.fdt
7f164ff88000-7f165066d000 r--s 00000000 08:00 45646354                   /home/ubuntu/tbazzocchi/FRAG/MedRAG/corpus/wikipedia/index/bm25/_10_Lucene90_0.tim
7f165066d000-7f16526c4000 r--s 00000000 08:00 45646353                   /home/ubuntu/tbazzocchi/FRAG/MedRAG/corpus/wikipedia/index/bm25/_10_Lucene90_0.doc
7f16526c4000-7f1653688000 r--s 00000000 08:00 45646361                   /home/ubuntu/tbazzocchi/FRAG/MedRAG/corpus/wikipedia/index/bm25/_u_Lucene90_0.dvd
7f1653688000-7f1653ba8000 r--s 00000000 08:00 45646549                   /home/ubuntu/tbazzocchi/FRAG/MedRAG/corpus/wikipedia/index/bm25/_u.fdt
7f1653ba8000-7f16547a8000 r--s 00000000 08:00 45646365                   /home/ubuntu/tbazzocchi/FRAG/MedRAG/corpus/wikipedia/index/bm25/_u_Lucene90_0.tim
7f16547a8000-7f1658613000 r--s 00000000 08:00 45646364                   /home/ubuntu/tbazzocchi/FRAG/MedRAG/corpus/wikipedia/index/bm25/_u_Lucene90_0.doc
7f1658613000-7f1658afc000 r--s 00000000 08:00 45646376                   /home/ubuntu/tbazzocchi/FRAG/MedRAG/corpus/wikipedia/index/bm25/_11_Lucene90_0.dvd
7f1658afc000-7f1658c8b000 r--s 00000000 08:00 45646640                   /home/ubuntu/tbazzocchi/FRAG/MedRAG/corpus/wikipedia/index/bm25/_11.fdt
7f1658c8b000-7f1659161000 r--s 00000000 08:00 45646384                   /home/ubuntu/tbazzocchi/FRAG/MedRAG/corpus/wikipedia/index/bm25/_11_Lucene90_0.tim
7f1659161000-7f165a473000 r--s 00000000 08:00 45646379                   /home/ubuntu/tbazzocchi/FRAG/MedRAG/corpus/wikipedia/index/bm25/_11_Lucene90_0.doc
7f165a473000-7f165aef2000 r--s 00000000 08:00 45646391                   /home/ubuntu/tbazzocchi/FRAG/MedRAG/corpus/wikipedia/index/bm25/_w_Lucene90_0.dvd
7f165aef2000-7f165b7c4000 r--s 00000000 08:00 45646399                   /home/ubuntu/tbazzocchi/FRAG/MedRAG/corpus/wikipedia/index/bm25/_w_Lucene90_0.tim
7f165b7c4000-7f165e11c000 r--s 00000000 08:00 45646398                   /home/ubuntu/tbazzocchi/FRAG/MedRAG/corpus/wikipedia/index/bm25/_w_Lucene90_0.doc
7f165e11c000-7f165fd9b000 r--s 00000000 08:00 45646406                   /home/ubuntu/tbazzocchi/FRAG/MedRAG/corpus/wikipedia/index/bm25/_p_Lucene90_0.dvd
7f165fd9b000-7f1660689000 r--s 00000000 08:00 45646488                   /home/ubuntu/tbazzocchi/FRAG/MedRAG/corpus/wikipedia/index/bm25/_p.fdt
7f1660689000-7f16618b2000 r--s 00000000 08:00 45646414                   /home/ubuntu/tbazzocchi/FRAG/MedRAG/corpus/wikipedia/index/bm25/_p_Lucene90_0.tim
7f16618b2000-7f166894d000 r--s 00000000 08:00 45646413                   /home/ubuntu/tbazzocchi/FRAG/MedRAG/corpus/wikipedia/index/bm25/_p_Lucene90_0.doc
7f166894d000-7f166917c000 r--s 00000000 08:00 45646421                   /home/ubuntu/tbazzocchi/FRAG/MedRAG/corpus/wikipedia/index/bm25/_z_Lucene90_0.dvd
7f166917c000-7f16698a5000 r--s 00000000 08:00 45646429                   /home/ubuntu/tbazzocchi/FRAG/MedRAG/corpus/wikipedia/index/bm25/_z_Lucene90_0.tim
7f16698a5000-7f166b8a7000 r--s 00000000 08:00 45646428                   /home/ubuntu/tbazzocchi/FRAG/MedRAG/corpus/wikipedia/index/bm25/_z_Lucene90_0.doc
7f166b8a7000-7f1670000000 r--s 00000000 08:00 45646445                   /home/ubuntu/tbazzocchi/FRAG/MedRAG/corpus/wikipedia/index/bm25/_t_Lucene90_0.doc
7f1670000000-7f1680000000 ---p 00000000 00:00 0 
7f1680005000-7f1680008000 r--p 00000000 00:62 10045293                   /usr/lib/python3.10/lib-dynload/termios.cpython-310-x86_64-linux-gnu.so
7f1680008000-7f1680009000 r-xp 00003000 00:62 10045293                   /usr/lib/python3.10/lib-dynload/termios.cpython-310-x86_64-linux-gnu.so
7f1680009000-7f168000b000 r--p 00004000 00:62 10045293                   /usr/lib/python3.10/lib-dynload/termios.cpython-310-x86_64-linux-gnu.so
7f168000b000-7f168000c000 r--p 00005000 00:62 10045293                   /usr/lib/python3.10/lib-dynload/termios.cpython-310-x86_64-linux-gnu.so
7f168000c000-7f168000e000 rw-p 00006000 00:62 10045293                   /usr/lib/python3.10/lib-dynload/termios.cpython-310-x86_64-linux-gnu.so
7f168000e000-7f1680010000 r--p 00000000 00:62 10045270                   /usr/lib/python3.10/lib-dynload/_lsprof.cpython-310-x86_64-linux-gnu.so
7f1680010000-7f1680013000 r-xp 00002000 00:62 10045270                   /usr/lib/python3.10/lib-dynload/_lsprof.cpython-310-x86_64-linux-gnu.so
7f1680013000-7f1680015000 r--p 00005000 00:62 10045270                   /usr/lib/python3.10/lib-dynload/_lsprof.cpython-310-x86_64-linux-gnu.so
7f1680015000-7f1680016000 r--p 00006000 00:62 10045270                   /usr/lib/python3.10/lib-dynload/_lsprof.cpython-310-x86_64-linux-gnu.so
7f1680016000-7f1680017000 rw-p 00007000 00:62 10045270                   /usr/lib/python3.10/lib-dynload/_lsprof.cpython-310-x86_64-linux-gnu.so
7f1680017000-7f168001b000 r--p 00000000 00:62 10100071                   /home/ubuntu/.local/lib/python3.10/site-packages/PIL/_imagingft.cpython-310-x86_64-linux-gnu.so
7f168001b000-7f1680024000 r-xp 00004000 00:62 10100071                   /home/ubuntu/.local/lib/python3.10/site-packages/PIL/_imagingft.cpython-310-x86_64-linux-gnu.so
7f1680024000-7f1680026000 r--p 0000d000 00:62 10100071                   /home/ubuntu/.local/lib/python3.10/site-packages/PIL/_imagingft.cpython-310-x86_64-linux-gnu.so
7f1680026000-7f1680027000 r--p 0000f000 00:62 10100071                   /home/ubuntu/.local/lib/python3.10/site-packages/PIL/_imagingft.cpython-310-x86_64-linux-gnu.so
7f1680027000-7f1680028000 rw-p 00010000 00:62 10100071                   /home/ubuntu/.local/lib/python3.10/site-packages/PIL/_imagingft.cpython-310-x86_64-linux-gnu.so
7f1680028000-7f1680029000 rw-p 00047000 00:62 10100071                   /home/ubuntu/.local/lib/python3.10/site-packages/PIL/_imagingft.cpython-310-x86_64-linux-gnu.so
7f1680029000-7f168002a000 rw-p 00048000 00:62 10100071                   /home/ubuntu/.local/lib/python3.10/site-packages/PIL/_imagingft.cpython-310-x86_64-linux-gnu.so
7f168002a000-7f168003d000 r--s 00000000 08:00 45646332                   /home/ubuntu/tbazzocchi/FRAG/MedRAG/corpus/wikipedia/index/bm25/_12.nvd
7f168003d000-7f16800e3000 r--s 00000000 08:00 45646359                   /home/ubuntu/tbazzocchi/FRAG/MedRAG/corpus/wikipedia/index/bm25/_u.nvd
7f16800e3000-7f168044d000 r--s 00000000 08:00 45646582                   /home/ubuntu/tbazzocchi/FRAG/MedRAG/corpus/wikipedia/index/bm25/_w.fdt
7f168044d000-7f16806ef000 r--s 00000000 08:00 45646614                   /home/ubuntu/tbazzocchi/FRAG/MedRAG/corpus/wikipedia/index/bm25/_z.fdt
7f16806ef000-7f16818f4000 r--s 00000000 08:00 45646442                   /home/ubuntu/tbazzocchi/FRAG/MedRAG/corpus/wikipedia/index/bm25/_t_Lucene90_0.dvd
7f16818f4000-7f1682649000 r--s 00000000 08:00 45646446                   /home/ubuntu/tbazzocchi/FRAG/MedRAG/corpus/wikipedia/index/bm25/_t_Lucene90_0.tim
7f1682649000-7f1686000000 r--s 00000000 08:00 45646296                   /home/ubuntu/tbazzocchi/FRAG/MedRAG/corpus/wikipedia/index/bm25/_v_Lucene90_0.doc
7f1686000000-7f168c000000 ---p 00000000 00:00 0 
7f168c000000-7f168c021000 rw-p 00000000 00:00 0 
7f168c021000-7f1690000000 ---p 00000000 00:00 0 
7f1690001000-7f1690057000 r--s 00000000 08:00 45646348                   /home/ubuntu/tbazzocchi/FRAG/MedRAG/corpus/wikipedia/index/bm25/_10.nvd
7f1690057000-7f1690094000 r--s 00000000 08:00 45646355                   /home/ubuntu/tbazzocchi/FRAG/MedRAG/corpus/wikipedia/index/bm25/_10_Lucene90_0.tip
7f1690094000-7f16900fb000 r--s 00000000 08:00 45646366                   /home/ubuntu/tbazzocchi/FRAG/MedRAG/corpus/wikipedia/index/bm25/_u_Lucene90_0.tip
7f16900fb000-7f1690fa0000 r--s 00000000 08:00 45646457                   /home/ubuntu/tbazzocchi/FRAG/MedRAG/corpus/wikipedia/index/bm25/_v_Lucene90_0.dvd
7f1690fa0000-7f1691ab3000 r--s 00000000 08:00 45646301                   /home/ubuntu/tbazzocchi/FRAG/MedRAG/corpus/wikipedia/index/bm25/_v_Lucene90_0.tim
7f1691ab3000-7f1694000000 r--s 00000000 08:00 45646371                   /home/ubuntu/tbazzocchi/FRAG/MedRAG/corpus/wikipedia/index/bm25/_y_Lucene90_0.doc
7f1694000000-7f16941e0000 rw-p 00000000 00:00 0 
7f16941e0000-7f1698000000 ---p 00000000 00:00 0 
7f1698000000-7f16984d3000 rw-p 00000000 00:00 0 
7f16984d3000-7f169c000000 ---p 00000000 00:00 0 
7f169c000000-7f169cf34000 rw-p 00000000 00:00 0 
7f169cf34000-7f16a0000000 ---p 00000000 00:00 0 
7f16a0000000-7f16a022f000 rw-p 00000000 00:00 0 
7f16a022f000-7f16a4000000 ---p 00000000 00:00 0 
7f16a4000000-7f16a4021000 rw-p 00000000 00:00 0 
7f16a4021000-7f16a8000000 ---p 00000000 00:00 0 
7f16a8000000-7f16a8138000 rw-p 00000000 00:00 0 
7f16a8138000-7f16ac000000 ---p 00000000 00:00 0 
7f16ac000000-7f16ac021000 rw-p 00000000 00:00 0 
7f16ac021000-7f16b0000000 ---p 00000000 00:00 0 
7f16b0000000-7f16b0021000 rw-p 00000000 00:00 0 
7f16b0021000-7f16b4000000 ---p 00000000 00:00 0 
7f16b4000000-7f16b414f000 rw-p 00000000 00:00 0 
7f16b414f000-7f16b8000000 ---p 00000000 00:00 0 
7f16b8000000-7f16b8021000 rw-p 00000000 00:00 0 
7f16b8021000-7f16bc000000 ---p 00000000 00:00 0 
7f16bc000000-7f16bc021000 rw-p 00000000 00:00 0 
7f16bc021000-7f16c0000000 ---p 00000000 00:00 0 
7f16c0000000-7f16c15ac000 rw-p 00000000 00:00 0 
7f16c15ac000-7f16c4000000 ---p 00000000 00:00 0 
7f16c4000000-7f16c4021000 rw-p 00000000 00:00 0 
7f16c4021000-7f16c8000000 ---p 00000000 00:00 0 
7f16c8000000-7f16c8021000 rw-p 00000000 00:00 0 
7f16c8021000-7f16cc000000 ---p 00000000 00:00 0 
7f16cc000000-7f16cc021000 rw-p 00000000 00:00 0 
7f16cc021000-7f16d0000000 ---p 00000000 00:00 0 
7f16d0000000-7f16d0021000 rw-p 00000000 00:00 0 
7f16d0021000-7f16d4000000 ---p 00000000 00:00 0 
7f16d4000000-7f16d4021000 rw-p 00000000 00:00 0 
7f16d4021000-7f16d8000000 ---p 00000000 00:00 0 
7f16d8003000-7f16d8004000 r--p 00000000 00:62 10163491                   /home/ubuntu/.local/lib/python3.10/site-packages/torchvision.libs/libsharpyuv.0032f495.so.0
7f16d8004000-7f16d8009000 r-xp 00001000 00:62 10163491                   /home/ubuntu/.local/lib/python3.10/site-packages/torchvision.libs/libsharpyuv.0032f495.so.0
7f16d8009000-7f16d800a000 r--p 00006000 00:62 10163491                   /home/ubuntu/.local/lib/python3.10/site-packages/torchvision.libs/libsharpyuv.0032f495.so.0
7f16d800a000-7f16d800b000 r--p 00006000 00:62 10163491                   /home/ubuntu/.local/lib/python3.10/site-packages/torchvision.libs/libsharpyuv.0032f495.so.0
7f16d800b000-7f16d800c000 rw-p 00007000 00:62 10163491                   /home/ubuntu/.local/lib/python3.10/site-packages/torchvision.libs/libsharpyuv.0032f495.so.0
7f16d800c000-7f16d800d000 rw-p 00000000 00:00 0 
7f16d800d000-7f16d8022000 r--s 00000000 08:00 45646342                   /home/ubuntu/tbazzocchi/FRAG/MedRAG/corpus/wikipedia/index/bm25/_12_Lucene90_0.tip
7f16d8022000-7f16d8055000 r--s 00000000 08:00 45646374                   /home/ubuntu/tbazzocchi/FRAG/MedRAG/corpus/wikipedia/index/bm25/_11.nvd
7f16d8055000-7f16d807f000 r--s 00000000 08:00 45646385                   /home/ubuntu/tbazzocchi/FRAG/MedRAG/corpus/wikipedia/index/bm25/_11_Lucene90_0.tip
7f16d807f000-7f16d80ed000 r--s 00000000 08:00 45646389                   /home/ubuntu/tbazzocchi/FRAG/MedRAG/corpus/wikipedia/index/bm25/_w.nvd
7f16d80ed000-7f16d8139000 r--s 00000000 08:00 45646400                   /home/ubuntu/tbazzocchi/FRAG/MedRAG/corpus/wikipedia/index/bm25/_w_Lucene90_0.tip
7f16d8139000-7f16d8264000 r--s 00000000 08:00 45646404                   /home/ubuntu/tbazzocchi/FRAG/MedRAG/corpus/wikipedia/index/bm25/_p.nvd
7f16d8264000-7f16d8840000 r--s 00000000 08:00 45646536                   /home/ubuntu/tbazzocchi/FRAG/MedRAG/corpus/wikipedia/index/bm25/_t.fdt
7f16d8840000-7f16d91b2000 r--s 00000000 08:00 45646337                   /home/ubuntu/tbazzocchi/FRAG/MedRAG/corpus/wikipedia/index/bm25/_y_Lucene90_0.dvd
7f16d91b2000-7f16d99cc000 r--s 00000000 08:00 45646380                   /home/ubuntu/tbazzocchi/FRAG/MedRAG/corpus/wikipedia/index/bm25/_y_Lucene90_0.tim
7f16d99cc000-7f16d9a7d000 r--p 00000000 00:62 10237031                   /home/ubuntu/.local/lib/python3.10/site-packages/onnxruntime/capi/onnxruntime_pybind11_state.cpython-310-x86_64-linux-gnu.so
7f16d9a7d000-7f16dabb8000 r-xp 000b1000 00:62 10237031                   /home/ubuntu/.local/lib/python3.10/site-packages/onnxruntime/capi/onnxruntime_pybind11_state.cpython-310-x86_64-linux-gnu.so
7f16dabb8000-7f16dafb6000 r--p 011ec000 00:62 10237031                   /home/ubuntu/.local/lib/python3.10/site-packages/onnxruntime/capi/onnxruntime_pybind11_state.cpython-310-x86_64-linux-gnu.so
7f16dafb6000-7f16daff6000 r--p 015ea000 00:62 10237031                   /home/ubuntu/.local/lib/python3.10/site-packages/onnxruntime/capi/onnxruntime_pybind11_state.cpython-310-x86_64-linux-gnu.so
7f16daff6000-7f16daff9000 rw-p 0162a000 00:62 10237031                   /home/ubuntu/.local/lib/python3.10/site-packages/onnxruntime/capi/onnxruntime_pybind11_state.cpython-310-x86_64-linux-gnu.so
7f16daff9000-7f16db000000 rw-p 00000000 00:00 0 
7f16db000000-7f16db455000 rw-p 00001000 00:62 10553192                   /usr/lib/jvm/java-17-openjdk-amd64/lib/server/classes.jsa
7f16db455000-7f16dbbca000 rw-p 00456000 00:62 10553192                   /usr/lib/jvm/java-17-openjdk-amd64/lib/server/classes.jsa
7f16dbbca000-7f16dc000000 ---p 00000000 00:00 0 
7f16dc000000-7f16dc040000 rw-p 00000000 00:00 0 
7f16dc040000-7f16dc080000 rw-p 00000000 00:00 0 
7f16dc080000-7f16dc0e0000 rw-p 00000000 00:00 0 
7f16dc0e0000-7f16dc140000 rw-p 00000000 00:00 0 
7f16dc140000-7f16dc230000 rw-p 00000000 00:00 0 
7f16dc230000-7f171c000000 ---p 00000000 00:00 0 
7f171c000000-7f171c021000 rw-p 00000000 00:00 0 
7f171c021000-7f1720000000 ---p 00000000 00:00 0 
7f1720000000-7f1720400000 rw-p 00000000 00:00 0 
7f1720400000-7f1720900000 rw-p 00000000 00:00 0 
7f1720900000-7f1720f00000 rw-p 00000000 00:00 0 
7f1720f00000-7f1720f80000 rw-p 00000000 00:00 0 
7f1720f80000-7f1721000000 ---p 00000000 00:00 0 
7f1721000000-7f17210f0000 rw-p 00000000 00:00 0 
7f17210f0000-7f1724000000 ---p 00000000 00:00 0 
7f1724000000-7f1724021000 rw-p 00000000 00:00 0 
7f1724021000-7f1728000000 ---p 00000000 00:00 0 
7f1728008000-7f17280a4000 r--s 00000000 08:00 45646415                   /home/ubuntu/tbazzocchi/FRAG/MedRAG/corpus/wikipedia/index/bm25/_p_Lucene90_0.tip
7f17280a4000-7f17280fa000 r--s 00000000 08:00 45646419                   /home/ubuntu/tbazzocchi/FRAG/MedRAG/corpus/wikipedia/index/bm25/_z.nvd
7f17280fa000-7f17281b8000 r--s 00000000 08:00 45646440                   /home/ubuntu/tbazzocchi/FRAG/MedRAG/corpus/wikipedia/index/bm25/_t.nvd
7f17281b8000-7f172822b000 r--s 00000000 08:00 45646447                   /home/ubuntu/tbazzocchi/FRAG/MedRAG/corpus/wikipedia/index/bm25/_t_Lucene90_0.tip
7f172822b000-7f17286e4000 r--s 00000000 08:00 45646562                   /home/ubuntu/tbazzocchi/FRAG/MedRAG/corpus/wikipedia/index/bm25/_v.fdt
7f17286e4000-7f172877e000 r--s 00000000 08:00 45646455                   /home/ubuntu/tbazzocchi/FRAG/MedRAG/corpus/wikipedia/index/bm25/_v.nvd
7f172877e000-7f17287de000 r--s 00000000 08:00 45646307                   /home/ubuntu/tbazzocchi/FRAG/MedRAG/corpus/wikipedia/index/bm25/_v_Lucene90_0.tip
7f17287de000-7f1729800000 ---p 00000000 00:00 0 
7f1729800000-7f172c000000 rw-p 00000000 00:00 0 
7f172c000000-7f172c021000 rw-p 00000000 00:00 0 
7f172c021000-7f1730000000 ---p 00000000 00:00 0 
7f1730000000-7f1730021000 rw-p 00000000 00:00 0 
7f1730021000-7f1734000000 ---p 00000000 00:00 0 
7f1734000000-7f1734021000 rw-p 00000000 00:00 0 
7f1734021000-7f1738000000 ---p 00000000 00:00 0 
7f1738000000-7f1738001000 r--p 00000000 00:62 10100092                   /home/ubuntu/.local/lib/python3.10/site-packages/pillow.libs/libbrotlidec-2ced2f3a.so.1.1.0
7f1738001000-7f173800a000 r-xp 00001000 00:62 10100092                   /home/ubuntu/.local/lib/python3.10/site-packages/pillow.libs/libbrotlidec-2ced2f3a.so.1.1.0
7f173800a000-7f173800d000 r--p 0000a000 00:62 10100092                   /home/ubuntu/.local/lib/python3.10/site-packages/pillow.libs/libbrotlidec-2ced2f3a.so.1.1.0
7f173800d000-7f173800e000 r--p 0000c000 00:62 10100092                   /home/ubuntu/.local/lib/python3.10/site-packages/pillow.libs/libbrotlidec-2ced2f3a.so.1.1.0
7f173800e000-7f173800f000 rw-p 0000d000 00:62 10100092                   /home/ubuntu/.local/lib/python3.10/site-packages/pillow.libs/libbrotlidec-2ced2f3a.so.1.1.0
7f173800f000-7f1738010000 rw-p 0000e000 00:62 10100092                   /home/ubuntu/.local/lib/python3.10/site-packages/pillow.libs/libbrotlidec-2ced2f3a.so.1.1.0
7f1738010000-7f1738011000 rw-p 0000f000 00:62 10100092                   /home/ubuntu/.local/lib/python3.10/site-packages/pillow.libs/libbrotlidec-2ced2f3a.so.1.1.0
7f1738011000-7f173804f000 r--s 00000000 08:00 45646430                   /home/ubuntu/tbazzocchi/FRAG/MedRAG/corpus/wikipedia/index/bm25/_z_Lucene90_0.tip
7f173804f000-7f1738364000 r--s 00000000 08:00 45646598                   /home/ubuntu/tbazzocchi/FRAG/MedRAG/corpus/wikipedia/index/bm25/_y.fdt
7f1738364000-7f17383c8000 r--s 00000000 08:00 45646327                   /home/ubuntu/tbazzocchi/FRAG/MedRAG/corpus/wikipedia/index/bm25/_y.nvd
7f17383c8000-7f173840e000 r--s 00000000 08:00 45646381                   /home/ubuntu/tbazzocchi/FRAG/MedRAG/corpus/wikipedia/index/bm25/_y_Lucene90_0.tip
7f173840e000-7f173860e000 rw-p 00000000 00:00 0 
7f173860e000-7f173861e000 -w-s 00000000 00:05 680                        /dev/nvidia0
7f173861e000-7f1738622000 ---p 00000000 00:00 0 
7f1738622000-7f173871e000 rw-p 00000000 00:00 0 
7f173871e000-7f1738722000 ---p 00000000 00:00 0 
7f1738722000-7f173891e000 rw-p 00000000 00:00 0 
7f173891e000-7f1738922000 ---p 00000000 00:00 0 
7f1738922000-7f1738a1e000 rw-p 00000000 00:00 0 
7f1738a1e000-7f1738a22000 ---p 00000000 00:00 0 
7f1738a22000-7f1738b1e000 rw-p 00000000 00:00 0 
7f1738b1e000-7f1738b22000 ---p 00000000 00:00 0 
7f1738b22000-7f1738c1e000 rw-p 00000000 00:00 0 
7f1738c1e000-7f1738c22000 ---p 00000000 00:00 0 
7f1738c22000-7f1738d1e000 rw-p 00000000 00:00 0 
7f1738d1e000-7f1738d22000 r--p 00000000 00:62 10553180                   /usr/lib/jvm/java-17-openjdk-amd64/lib/libnet.so
7f1738d22000-7f1738d30000 r-xp 00004000 00:62 10553180                   /usr/lib/jvm/java-17-openjdk-amd64/lib/libnet.so
7f1738d30000-7f1738d34000 r--p 00012000 00:62 10553180                   /usr/lib/jvm/java-17-openjdk-amd64/lib/libnet.so
7f1738d34000-7f1738d35000 r--p 00015000 00:62 10553180                   /usr/lib/jvm/java-17-openjdk-amd64/lib/libnet.so
7f1738d35000-7f1738d36000 rw-p 00016000 00:62 10553180                   /usr/lib/jvm/java-17-openjdk-amd64/lib/libnet.so
7f1738d36000-7f1738d3d000 r--p 00000000 00:62 10553181                   /usr/lib/jvm/java-17-openjdk-amd64/lib/libnio.so
7f1738d3d000-7f1738d46000 r-xp 00007000 00:62 10553181                   /usr/lib/jvm/java-17-openjdk-amd64/lib/libnio.so
7f1738d46000-7f1738d4a000 r--p 00010000 00:62 10553181                   /usr/lib/jvm/java-17-openjdk-amd64/lib/libnio.so
7f1738d4a000-7f1738d4b000 ---p 00014000 00:62 10553181                   /usr/lib/jvm/java-17-openjdk-amd64/lib/libnio.so
7f1738d4b000-7f1738d4c000 r--p 00014000 00:62 10553181                   /usr/lib/jvm/java-17-openjdk-amd64/lib/libnio.so
7f1738d4c000-7f1738d4d000 rw-p 00015000 00:62 10553181                   /usr/lib/jvm/java-17-openjdk-amd64/lib/libnio.so
7f1738d4d000-7f1738d51000 ---p 00000000 00:00 0 
7f1738d51000-7f1738e4d000 rw-p 00000000 00:00 0 
7f1738e4d000-7f1738e4e000 ---p 00000000 00:00 0 
7f1738e4e000-7f1738f4e000 rw-p 00000000 00:00 0 
7f1738f4e000-7f1738f52000 ---p 00000000 00:00 0 
7f1738f52000-7f173904e000 rw-p 00000000 00:00 0 
7f173904e000-7f1739052000 ---p 00000000 00:00 0 
7f1739052000-7f173914e000 rw-p 00000000 00:00 0 
7f173914e000-7f1739152000 ---p 00000000 00:00 0 
7f1739152000-7f173924e000 rw-p 00000000 00:00 0 
7f173924e000-7f1739252000 ---p 00000000 00:00 0 
7f1739252000-7f173934e000 rw-p 00000000 00:00 0 
7f173934e000-7f1739352000 ---p 00000000 00:00 0 
7f1739352000-7f173944e000 rw-p 00000000 00:00 0 
7f173944e000-7f1739452000 ---p 00000000 00:00 0 
7f1739452000-7f173954e000 rw-p 00000000 00:00 0 
7f173954e000-7f1739552000 ---p 00000000 00:00 0 
7f1739552000-7f173964e000 rw-p 00000000 00:00 0 
7f173964e000-7f1739652000 ---p 00000000 00:00 0 
7f1739652000-7f173974e000 rw-p 00000000 00:00 0 
7f173974e000-7f1739752000 ---p 00000000 00:00 0 
7f1739752000-7f173984e000 rw-p 00000000 00:00 0 
7f173984e000-7f173984f000 ---p 00000000 00:00 0 
7f173984f000-7f173994f000 rw-p 00000000 00:00 0 
7f173994f000-7f1739954000 r--p 00000000 00:62 10553174                   /usr/lib/jvm/java-17-openjdk-amd64/lib/libjsvml.so
7f1739954000-7f1739995000 r-xp 00005000 00:62 10553174                   /usr/lib/jvm/java-17-openjdk-amd64/lib/libjsvml.so
7f1739995000-7f1739a1e000 r--p 00046000 00:62 10553174                   /usr/lib/jvm/java-17-openjdk-amd64/lib/libjsvml.so
7f1739a1e000-7f1739a1f000 r--p 000ce000 00:62 10553174                   /usr/lib/jvm/java-17-openjdk-amd64/lib/libjsvml.so
7f1739a1f000-7f1739a20000 rw-p 000cf000 00:62 10553174                   /usr/lib/jvm/java-17-openjdk-amd64/lib/libjsvml.so
7f1739a20000-7f1739a21000 ---p 00000000 00:00 0 
7f1739a21000-7f1739b21000 rw-p 00000000 00:00 0 
7f1739b21000-7f1739b22000 ---p 00000000 00:00 0 
7f1739b22000-7f1739c22000 rw-p 00000000 00:00 0 
7f1739c22000-7f1739c23000 ---p 00000000 00:00 0 
7f1739c23000-7f1739d23000 rw-p 00000000 00:00 0 
7f1739d23000-7f1739d24000 ---p 00000000 00:00 0 
7f1739d24000-7f1739e24000 rw-p 00000000 00:00 0 
7f1739e24000-7f1739e25000 ---p 00000000 00:00 0 
7f1739e25000-7f173c019000 rw-p 00000000 00:00 0 
7f173c019000-7f1757f19000 ---p 00000000 00:00 0 
7f1757f19000-7f1759f99000 rw-p 00000000 00:00 0 
7f1759f99000-7f1775e99000 ---p 00000000 00:00 0 
7f1775e99000-7f1776319000 rw-p 00000000 00:00 0 
7f1776319000-7f1779af9000 ---p 00000000 00:00 0 
7f1779af9000-7f1779f09000 rw-p 00000000 00:00 0 
7f1779f09000-7f177d6e9000 ---p 00000000 00:00 0 
7f177d6e9000-7f177daf9000 rw-p 00000000 00:00 0 
7f177daf9000-7f17812d9000 ---p 00000000 00:00 0 
7f17812d9000-7f17812ef000 rw-p 00000000 00:00 0 
7f17812ef000-7f17813d2000 ---p 00000000 00:00 0 
7f17813d2000-7f17813dc000 rw-p 00000000 00:00 0 
7f17813dc000-7f17814bb000 ---p 00000000 00:00 0 
7f17814bb000-7f178198b000 rwxp 00000000 00:00 0 
7f178198b000-7f178891a000 ---p 00000000 00:00 0 
7f178891a000-7f1788c1a000 rwxp 00000000 00:00 0 
7f1788c1a000-7f178905b000 ---p 00000000 00:00 0 
7f178905b000-7f17892eb000 rwxp 00000000 00:00 0 
7f17892eb000-7f17904bb000 ---p 00000000 00:00 0 
7f17904bb000-7f17904c7000 r--p 00000000 00:62 10553167                   /usr/lib/jvm/java-17-openjdk-amd64/lib/libjava.so
7f17904c7000-7f17904da000 r-xp 0000c000 00:62 10553167                   /usr/lib/jvm/java-17-openjdk-amd64/lib/libjava.so
7f17904da000-7f17904e0000 r--p 0001f000 00:62 10553167                   /usr/lib/jvm/java-17-openjdk-amd64/lib/libjava.so
7f17904e0000-7f17904e1000 r--p 00024000 00:62 10553167                   /usr/lib/jvm/java-17-openjdk-amd64/lib/libjava.so
7f17904e1000-7f17904e2000 rw-p 00025000 00:62 10553167                   /usr/lib/jvm/java-17-openjdk-amd64/lib/libjava.so
7f17904e2000-7f17904e3000 rw-p 00000000 00:00 0 
7f17904e3000-7f1797f98000 r--s 00000000 00:62 10553189                   /usr/lib/jvm/java-17-openjdk-amd64/lib/modules
7f1797f98000-7f17981e9000 r--p 00000000 00:62 10553195                   /usr/lib/jvm/java-17-openjdk-amd64/lib/server/libjvm.so
7f17981e9000-7f1798f5e000 r-xp 00251000 00:62 10553195                   /usr/lib/jvm/java-17-openjdk-amd64/lib/server/libjvm.so
7f1798f5e000-7f17991e1000 r--p 00fc6000 00:62 10553195                   /usr/lib/jvm/java-17-openjdk-amd64/lib/server/libjvm.so
7f17991e1000-7f17991e2000 ---p 01249000 00:62 10553195                   /usr/lib/jvm/java-17-openjdk-amd64/lib/server/libjvm.so
7f17991e2000-7f179929a000 r--p 01249000 00:62 10553195                   /usr/lib/jvm/java-17-openjdk-amd64/lib/server/libjvm.so
7f179929a000-7f17992cf000 rw-p 01301000 00:62 10553195                   /usr/lib/jvm/java-17-openjdk-amd64/lib/server/libjvm.so
7f17992cf000-7f1799729000 rw-p 00000000 00:00 0 
7f1799729000-7f1799857000 r--p 00000000 00:62 10171480                   /home/ubuntu/.local/lib/python3.10/site-packages/faiss/_swigfaiss_avx2.cpython-310-x86_64-linux-gnu.so
7f1799857000-7f179985b000 r-xp 0012e000 00:62 10171480                   /home/ubuntu/.local/lib/python3.10/site-packages/faiss/_swigfaiss_avx2.cpython-310-x86_64-linux-gnu.so
7f179985b000-7f1799861000 ---p 00132000 00:62 10171480                   /home/ubuntu/.local/lib/python3.10/site-packages/faiss/_swigfaiss_avx2.cpython-310-x86_64-linux-gnu.so
7f1799861000-7f179b58e000 r-xp 00138000 00:62 10171480                   /home/ubuntu/.local/lib/python3.10/site-packages/faiss/_swigfaiss_avx2.cpython-310-x86_64-linux-gnu.so
7f179b58e000-7f179b815000 r--p 01e65000 00:62 10171480                   /home/ubuntu/.local/lib/python3.10/site-packages/faiss/_swigfaiss_avx2.cpython-310-x86_64-linux-gnu.so
7f179b815000-7f179b824000 r--p 020eb000 00:62 10171480                   /home/ubuntu/.local/lib/python3.10/site-packages/faiss/_swigfaiss_avx2.cpython-310-x86_64-linux-gnu.so
7f179b824000-7f179b865000 rw-p 020fa000 00:62 10171480                   /home/ubuntu/.local/lib/python3.10/site-packages/faiss/_swigfaiss_avx2.cpython-310-x86_64-linux-gnu.so
7f179b865000-7f179b871000 rw-p 00000000 00:00 0 
7f179b871000-7f179b8c2000 rw-p 0213c000 00:62 10171480                   /home/ubuntu/.local/lib/python3.10/site-packages/faiss/_swigfaiss_avx2.cpython-310-x86_64-linux-gnu.so
7f179b8c2000-7f179b900000 rw-p 0218d000 00:62 10171480                   /home/ubuntu/.local/lib/python3.10/site-packages/faiss/_swigfaiss_avx2.cpython-310-x86_64-linux-gnu.so
7f179b900000-7f179bc00000 rw-p 00000000 00:00 0 
7f179bc00000-7f179bc03000 r-xp 00000000 00:62 10100089                   /home/ubuntu/.local/lib/python3.10/site-packages/pillow.libs/libXau-154567c4.so.6.0.0
7f179bc03000-7f179be02000 ---p 00003000 00:62 10100089                   /home/ubuntu/.local/lib/python3.10/site-packages/pillow.libs/libXau-154567c4.so.6.0.0
7f179be02000-7f179be03000 r--p 00002000 00:62 10100089                   /home/ubuntu/.local/lib/python3.10/site-packages/pillow.libs/libXau-154567c4.so.6.0.0
7f179be03000-7f179be04000 rw-p 00000000 00:00 0 
7f179be04000-7f179be05000 rw-p 00005000 00:62 10100089                   /home/ubuntu/.local/lib/python3.10/site-packages/pillow.libs/libXau-154567c4.so.6.0.0
7f179be07000-7f179be0f000 r--s 00000000 08:00 45646502                   /home/ubuntu/tbazzocchi/FRAG/MedRAG/corpus/wikipedia/index/bm25/_13.fdx
7f179be0f000-7f179be11000 r--p 00000000 00:62 10553178                   /usr/lib/jvm/java-17-openjdk-amd64/lib/libmanagement_ext.so
7f179be11000-7f179be14000 r-xp 00002000 00:62 10553178                   /usr/lib/jvm/java-17-openjdk-amd64/lib/libmanagement_ext.so
7f179be14000-7f179be16000 r--p 00005000 00:62 10553178                   /usr/lib/jvm/java-17-openjdk-amd64/lib/libmanagement_ext.so
7f179be16000-7f179be17000 r--p 00006000 00:62 10553178                   /usr/lib/jvm/java-17-openjdk-amd64/lib/libmanagement_ext.so
7f179be17000-7f179be18000 rw-p 00007000 00:62 10553178                   /usr/lib/jvm/java-17-openjdk-amd64/lib/libmanagement_ext.so
7f179be18000-7f179be22000 r--p 00000000 00:62 10171408                   /home/ubuntu/.local/lib/python3.10/site-packages/jnius/jnius.cpython-310-x86_64-linux-gnu.so
7f179be22000-7f179be9d000 r-xp 0000a000 00:62 10171408                   /home/ubuntu/.local/lib/python3.10/site-packages/jnius/jnius.cpython-310-x86_64-linux-gnu.so
7f179be9d000-7f179beac000 r--p 00085000 00:62 10171408                   /home/ubuntu/.local/lib/python3.10/site-packages/jnius/jnius.cpython-310-x86_64-linux-gnu.so
7f179beac000-7f179beaf000 r--p 00093000 00:62 10171408                   /home/ubuntu/.local/lib/python3.10/site-packages/jnius/jnius.cpython-310-x86_64-linux-gnu.so
7f179beaf000-7f179beb3000 rw-p 00096000 00:62 10171408                   /home/ubuntu/.local/lib/python3.10/site-packages/jnius/jnius.cpython-310-x86_64-linux-gnu.so
7f179beb3000-7f179beb4000 rw-p 00000000 00:00 0 
7f179beb4000-7f179beb8000 r--p 00000000 00:62 10100097                   /home/ubuntu/.local/lib/python3.10/site-packages/pillow.libs/liblzma-64b7ab39.so.5.8.1
7f179beb8000-7f179bee5000 r-xp 00004000 00:62 10100097                   /home/ubuntu/.local/lib/python3.10/site-packages/pillow.libs/liblzma-64b7ab39.so.5.8.1
7f179bee5000-7f179bef2000 r--p 00031000 00:62 10100097                   /home/ubuntu/.local/lib/python3.10/site-packages/pillow.libs/liblzma-64b7ab39.so.5.8.1
7f179bef2000-7f179bef3000 r--p 0003e000 00:62 10100097                   /home/ubuntu/.local/lib/python3.10/site-packages/pillow.libs/liblzma-64b7ab39.so.5.8.1
7f179bef3000-7f179bef4000 rw-p 0003f000 00:62 10100097                   /home/ubuntu/.local/lib/python3.10/site-packages/pillow.libs/liblzma-64b7ab39.so.5.8.1
7f179bef4000-7f179bef6000 rw-p 00040000 00:62 10100097                   /home/ubuntu/.local/lib/python3.10/site-packages/pillow.libs/liblzma-64b7ab39.so.5.8.1
7f179bef6000-7f179bf02000 r--p 00000000 00:62 10100105                   /home/ubuntu/.local/lib/python3.10/site-packages/pillow.libs/libxcb-64009ff3.so.1.1.0
7f179bf02000-7f179bf1d000 r-xp 0000c000 00:62 10100105                   /home/ubuntu/.local/lib/python3.10/site-packages/pillow.libs/libxcb-64009ff3.so.1.1.0
7f179bf1d000-7f179bf27000 r--p 00027000 00:62 10100105                   /home/ubuntu/.local/lib/python3.10/site-packages/pillow.libs/libxcb-64009ff3.so.1.1.0
7f179bf27000-7f179bf28000 r--p 00030000 00:62 10100105                   /home/ubuntu/.local/lib/python3.10/site-packages/pillow.libs/libxcb-64009ff3.so.1.1.0
7f179bf28000-7f179bf29000 rw-p 00031000 00:62 10100105                   /home/ubuntu/.local/lib/python3.10/site-packages/pillow.libs/libxcb-64009ff3.so.1.1.0
7f179bf29000-7f179bf2f000 rw-p 00033000 00:62 10100105                   /home/ubuntu/.local/lib/python3.10/site-packages/pillow.libs/libxcb-64009ff3.so.1.1.0
7f179bf2f000-7f179bf34000 rw-p 00039000 00:62 10100105                   /home/ubuntu/.local/lib/python3.10/site-packages/pillow.libs/libxcb-64009ff3.so.1.1.0
7f179bf34000-7f179bf3a000 r--p 00000000 00:62 10100095                   /home/ubuntu/.local/lib/python3.10/site-packages/pillow.libs/libjpeg-8a13c6e0.so.62.4.0
7f179bf3a000-7f179bfd1000 r-xp 00006000 00:62 10100095                   /home/ubuntu/.local/lib/python3.10/site-packages/pillow.libs/libjpeg-8a13c6e0.so.62.4.0
7f179bfd1000-7f179bffa000 r--p 0009d000 00:62 10100095                   /home/ubuntu/.local/lib/python3.10/site-packages/pillow.libs/libjpeg-8a13c6e0.so.62.4.0
7f179bffa000-7f179bffb000 r--p 000c6000 00:62 10100095                   /home/ubuntu/.local/lib/python3.10/site-packages/pillow.libs/libjpeg-8a13c6e0.so.62.4.0
7f179bffb000-7f179bffc000 rw-p 000c7000 00:62 10100095                   /home/ubuntu/.local/lib/python3.10/site-packages/pillow.libs/libjpeg-8a13c6e0.so.62.4.0
7f179bffc000-7f179bffe000 rw-p 000c8000 00:62 10100095                   /home/ubuntu/.local/lib/python3.10/site-packages/pillow.libs/libjpeg-8a13c6e0.so.62.4.0
7f179bffe000-7f179c000000 rw-p 000ca000 00:62 10100095                   /home/ubuntu/.local/lib/python3.10/site-packages/pillow.libs/libjpeg-8a13c6e0.so.62.4.0
7f179c000000-7f179c021000 rw-p 00000000 00:00 0 
7f179c021000-7f17a0000000 ---p 00000000 00:00 0 
7f17a0000000-7f17a0006000 r--s 00000000 08:00 45646521                   /home/ubuntu/tbazzocchi/FRAG/MedRAG/corpus/wikipedia/index/bm25/_s.fdx
7f17a0006000-7f17a0008000 r--p 00000000 00:62 10553188                   /usr/lib/jvm/java-17-openjdk-amd64/lib/libzip.so
7f17a0008000-7f17a000d000 r-xp 00002000 00:62 10553188                   /usr/lib/jvm/java-17-openjdk-amd64/lib/libzip.so
7f17a000d000-7f17a000f000 r--p 00007000 00:62 10553188                   /usr/lib/jvm/java-17-openjdk-amd64/lib/libzip.so
7f17a000f000-7f17a0010000 r--p 00008000 00:62 10553188                   /usr/lib/jvm/java-17-openjdk-amd64/lib/libzip.so
7f17a0010000-7f17a0011000 rw-p 00009000 00:62 10553188                   /usr/lib/jvm/java-17-openjdk-amd64/lib/libzip.so
7f17a0011000-7f17a0017000 rw-p 00000000 00:00 0 
7f17a0017000-7f17a0020000 ---p 00000000 00:00 0 
7f17a0020000-7f17a0028000 r--p 00000000 00:62 10100098                   /home/ubuntu/.local/lib/python3.10/site-packages/pillow.libs/libopenjp2-56811f71.so.2.5.3
7f17a0028000-7f17a0097000 r-xp 00008000 00:62 10100098                   /home/ubuntu/.local/lib/python3.10/site-packages/pillow.libs/libopenjp2-56811f71.so.2.5.3
7f17a0097000-7f17a00aa000 r--p 00077000 00:62 10100098                   /home/ubuntu/.local/lib/python3.10/site-packages/pillow.libs/libopenjp2-56811f71.so.2.5.3
7f17a00aa000-7f17a00ab000 r--p 0008a000 00:62 10100098                   /home/ubuntu/.local/lib/python3.10/site-packages/pillow.libs/libopenjp2-56811f71.so.2.5.3
7f17a00ab000-7f17a00ac000 rw-p 0008b000 00:62 10100098                   /home/ubuntu/.local/lib/python3.10/site-packages/pillow.libs/libopenjp2-56811f71.so.2.5.3
7f17a00ac000-7f17a00af000 rw-p 0008d000 00:62 10100098                   /home/ubuntu/.local/lib/python3.10/site-packages/pillow.libs/libopenjp2-56811f71.so.2.5.3
7f17a00af000-7f17a00b7000 r--p 00000000 00:62 10100101                   /home/ubuntu/.local/lib/python3.10/site-packages/pillow.libs/libtiff-13a02c81.so.6.1.0
7f17a00b7000-7f17a012a000 r-xp 00008000 00:62 10100101                   /home/ubuntu/.local/lib/python3.10/site-packages/pillow.libs/libtiff-13a02c81.so.6.1.0
7f17a012a000-7f17a015c000 r--p 0007b000 00:62 10100101                   /home/ubuntu/.local/lib/python3.10/site-packages/pillow.libs/libtiff-13a02c81.so.6.1.0
7f17a015c000-7f17a0160000 r--p 000ad000 00:62 10100101                   /home/ubuntu/.local/lib/python3.10/site-packages/pillow.libs/libtiff-13a02c81.so.6.1.0
7f17a0160000-7f17a0161000 rw-p 000b1000 00:62 10100101                   /home/ubuntu/.local/lib/python3.10/site-packages/pillow.libs/libtiff-13a02c81.so.6.1.0
7f17a0161000-7f17a0163000 rw-p 000b3000 00:62 10100101                   /home/ubuntu/.local/lib/python3.10/site-packages/pillow.libs/libtiff-13a02c81.so.6.1.0
7f17a0163000-7f17a0165000 rw-p 000b5000 00:62 10100101                   /home/ubuntu/.local/lib/python3.10/site-packages/pillow.libs/libtiff-13a02c81.so.6.1.0
7f17a0165000-7f17a0179000 r--p 00000000 00:62 10100067                   /home/ubuntu/.local/lib/python3.10/site-packages/PIL/_imaging.cpython-310-x86_64-linux-gnu.so
7f17a0179000-7f17a01ff000 r-xp 00014000 00:62 10100067                   /home/ubuntu/.local/lib/python3.10/site-packages/PIL/_imaging.cpython-310-x86_64-linux-gnu.so
7f17a01ff000-7f17a0210000 r--p 0009a000 00:62 10100067                   /home/ubuntu/.local/lib/python3.10/site-packages/PIL/_imaging.cpython-310-x86_64-linux-gnu.so
7f17a0210000-7f17a0214000 r--p 000ab000 00:62 10100067                   /home/ubuntu/.local/lib/python3.10/site-packages/PIL/_imaging.cpython-310-x86_64-linux-gnu.so
7f17a0214000-7f17a0218000 rw-p 000af000 00:62 10100067                   /home/ubuntu/.local/lib/python3.10/site-packages/PIL/_imaging.cpython-310-x86_64-linux-gnu.so
7f17a0218000-7f17a021c000 rw-p 0032a000 00:62 10100067                   /home/ubuntu/.local/lib/python3.10/site-packages/PIL/_imaging.cpython-310-x86_64-linux-gnu.so
7f17a021c000-7f17a021f000 rw-p 0032e000 00:62 10100067                   /home/ubuntu/.local/lib/python3.10/site-packages/PIL/_imaging.cpython-310-x86_64-linux-gnu.so
7f17a021f000-7f17a031f000 rw-p 00000000 00:00 0 
7f17a031f000-7f17a0324000 r--p 00000000 00:62 10173769                   /home/ubuntu/.local/lib/python3.10/site-packages/pyarrow/_json.cpython-310-x86_64-linux-gnu.so
7f17a0324000-7f17a0332000 r-xp 00005000 00:62 10173769                   /home/ubuntu/.local/lib/python3.10/site-packages/pyarrow/_json.cpython-310-x86_64-linux-gnu.so
7f17a0332000-7f17a0337000 r--p 00013000 00:62 10173769                   /home/ubuntu/.local/lib/python3.10/site-packages/pyarrow/_json.cpython-310-x86_64-linux-gnu.so
7f17a0337000-7f17a0338000 r--p 00018000 00:62 10173769                   /home/ubuntu/.local/lib/python3.10/site-packages/pyarrow/_json.cpython-310-x86_64-linux-gnu.so
7f17a0338000-7f17a033a000 rw-p 00019000 00:62 10173769                   /home/ubuntu/.local/lib/python3.10/site-packages/pyarrow/_json.cpython-310-x86_64-linux-gnu.so
7f17a033a000-7f17a043a000 rw-p 00000000 00:00 0 
7f17a043a000-7f17a043d000 r--p 00000000 00:62 10171548                   /home/ubuntu/.local/lib/python3.10/site-packages/xxhash/_xxhash.cpython-310-x86_64-linux-gnu.so
7f17a043d000-7f17a0448000 r-xp 00003000 00:62 10171548                   /home/ubuntu/.local/lib/python3.10/site-packages/xxhash/_xxhash.cpython-310-x86_64-linux-gnu.so
7f17a0448000-7f17a044b000 r--p 0000e000 00:62 10171548                   /home/ubuntu/.local/lib/python3.10/site-packages/xxhash/_xxhash.cpython-310-x86_64-linux-gnu.so
7f17a044b000-7f17a044c000 r--p 00010000 00:62 10171548                   /home/ubuntu/.local/lib/python3.10/site-packages/xxhash/_xxhash.cpython-310-x86_64-linux-gnu.so
7f17a044c000-7f17a044e000 rw-p 00011000 00:62 10171548                   /home/ubuntu/.local/lib/python3.10/site-packages/xxhash/_xxhash.cpython-310-x86_64-linux-gnu.so
7f17a044e000-7f17a074e000 rw-p 00000000 00:00 0 
7f17a074e000-7f17a0755000 r--p 00000000 00:62 10173784                   /home/ubuntu/.local/lib/python3.10/site-packages/pyarrow/_s3fs.cpython-310-x86_64-linux-gnu.so
7f17a0755000-7f17a0770000 r-xp 00007000 00:62 10173784                   /home/ubuntu/.local/lib/python3.10/site-packages/pyarrow/_s3fs.cpython-310-x86_64-linux-gnu.so
7f17a0770000-7f17a0777000 r--p 00022000 00:62 10173784                   /home/ubuntu/.local/lib/python3.10/site-packages/pyarrow/_s3fs.cpython-310-x86_64-linux-gnu.so
7f17a0777000-7f17a0778000 r--p 00029000 00:62 10173784                   /home/ubuntu/.local/lib/python3.10/site-packages/pyarrow/_s3fs.cpython-310-x86_64-linux-gnu.so
7f17a0778000-7f17a077a000 rw-p 0002a000 00:62 10173784                   /home/ubuntu/.local/lib/python3.10/site-packages/pyarrow/_s3fs.cpython-310-x86_64-linux-gnu.so
7f17a077a000-7f17a0780000 r--p 00000000 00:62 10173764                   /home/ubuntu/.local/lib/python3.10/site-packages/pyarrow/_gcsfs.cpython-310-x86_64-linux-gnu.so
7f17a0780000-7f17a0790000 r-xp 00006000 00:62 10173764                   /home/ubuntu/.local/lib/python3.10/site-packages/pyarrow/_gcsfs.cpython-310-x86_64-linux-gnu.so
7f17a0790000-7f17a0794000 r--p 00016000 00:62 10173764                   /home/ubuntu/.local/lib/python3.10/site-packages/pyarrow/_gcsfs.cpython-310-x86_64-linux-gnu.so
7f17a0794000-7f17a0795000 r--p 0001a000 00:62 10173764                   /home/ubuntu/.local/lib/python3.10/site-packages/pyarrow/_gcsfs.cpython-310-x86_64-linux-gnu.so
7f17a0795000-7f17a0796000 rw-p 0001b000 00:62 10173764                   /home/ubuntu/.local/lib/python3.10/site-packages/pyarrow/_gcsfs.cpython-310-x86_64-linux-gnu.so
7f17a0796000-7f17a0797000 rw-p 00000000 00:00 0 
7f17a0797000-7f17a079d000 r--p 00000000 00:62 10173767                   /home/ubuntu/.local/lib/python3.10/site-packages/pyarrow/_hdfs.cpython-310-x86_64-linux-gnu.so
7f17a079d000-7f17a07ad000 r-xp 00006000 00:62 10173767                   /home/ubuntu/.local/lib/python3.10/site-packages/pyarrow/_hdfs.cpython-310-x86_64-linux-gnu.so
7f17a07ad000-7f17a07b1000 r--p 00016000 00:62 10173767                   /home/ubuntu/.local/lib/python3.10/site-packages/pyarrow/_hdfs.cpython-310-x86_64-linux-gnu.so
7f17a07b1000-7f17a07b2000 r--p 0001a000 00:62 10173767                   /home/ubuntu/.local/lib/python3.10/site-packages/pyarrow/_hdfs.cpython-310-x86_64-linux-gnu.so
7f17a07b2000-7f17a07b3000 rw-p 0001b000 00:62 10173767                   /home/ubuntu/.local/lib/python3.10/site-packages/pyarrow/_hdfs.cpython-310-x86_64-linux-gnu.so
7f17a07b3000-7f17a07b4000 rw-p 00000000 00:00 0 
7f17a07b4000-7f17a07b9000 r--p 00000000 00:62 10173735                   /home/ubuntu/.local/lib/python3.10/site-packages/pyarrow/_azurefs.cpython-310-x86_64-linux-gnu.so
7f17a07b9000-7f17a07c9000 r-xp 00005000 00:62 10173735                   /home/ubuntu/.local/lib/python3.10/site-packages/pyarrow/_azurefs.cpython-310-x86_64-linux-gnu.so
7f17a07c9000-7f17a07cd000 r--p 00015000 00:62 10173735                   /home/ubuntu/.local/lib/python3.10/site-packages/pyarrow/_azurefs.cpython-310-x86_64-linux-gnu.so
7f17a07cd000-7f17a07ce000 r--p 00019000 00:62 10173735                   /home/ubuntu/.local/lib/python3.10/site-packages/pyarrow/_azurefs.cpython-310-x86_64-linux-gnu.so
7f17a07ce000-7f17a07cf000 rw-p 0001a000 00:62 10173735                   /home/ubuntu/.local/lib/python3.10/site-packages/pyarrow/_azurefs.cpython-310-x86_64-linux-gnu.so
7f17a07cf000-7f17a07d0000 rw-p 00000000 00:00 0 
7f17a07d0000-7f17a07de000 r--p 00000000 00:62 10173761                   /home/ubuntu/.local/lib/python3.10/site-packages/pyarrow/_fs.cpython-310-x86_64-linux-gnu.so
7f17a07de000-7f17a0813000 r-xp 0000e000 00:62 10173761                   /home/ubuntu/.local/lib/python3.10/site-packages/pyarrow/_fs.cpython-310-x86_64-linux-gnu.so
7f17a0813000-7f17a0826000 r--p 00043000 00:62 10173761                   /home/ubuntu/.local/lib/python3.10/site-packages/pyarrow/_fs.cpython-310-x86_64-linux-gnu.so
7f17a0826000-7f17a0828000 r--p 00056000 00:62 10173761                   /home/ubuntu/.local/lib/python3.10/site-packages/pyarrow/_fs.cpython-310-x86_64-linux-gnu.so
7f17a0828000-7f17a082b000 rw-p 00058000 00:62 10173761                   /home/ubuntu/.local/lib/python3.10/site-packages/pyarrow/_fs.cpython-310-x86_64-linux-gnu.so
7f17a082b000-7f17a082c000 rw-p 00000000 00:00 0 
7f17a082c000-7f17a083f000 r--p 00000000 00:62 10173775                   /home/ubuntu/.local/lib/python3.10/site-packages/pyarrow/_parquet.cpython-310-x86_64-linux-gnu.so
7f17a083f000-7f17a0893000 r-xp 00013000 00:62 10173775                   /home/ubuntu/.local/lib/python3.10/site-packages/pyarrow/_parquet.cpython-310-x86_64-linux-gnu.so
7f17a0893000-7f17a08a8000 r--p 00067000 00:62 10173775                   /home/ubuntu/.local/lib/python3.10/site-packages/pyarrow/_parquet.cpython-310-x86_64-linux-gnu.so
7f17a08a8000-7f17a08ab000 r--p 0007b000 00:62 10173775                   /home/ubuntu/.local/lib/python3.10/site-packages/pyarrow/_parquet.cpython-310-x86_64-linux-gnu.so
7f17a08ab000-7f17a08b0000 rw-p 0007e000 00:62 10173775                   /home/ubuntu/.local/lib/python3.10/site-packages/pyarrow/_parquet.cpython-310-x86_64-linux-gnu.so
7f17a08b0000-7f17a0db2000 rw-p 00000000 00:00 0 
7f17a0db2000-7f17a0db6000 r--p 00000000 00:62 10235694                   /home/ubuntu/.local/lib/python3.10/site-packages/sklearn/metrics/_pairwise_fast.cpython-310-x86_64-linux-gnu.so
7f17a0db6000-7f17a0dce000 r-xp 00004000 00:62 10235694                   /home/ubuntu/.local/lib/python3.10/site-packages/sklearn/metrics/_pairwise_fast.cpython-310-x86_64-linux-gnu.so
7f17a0dce000-7f17a0dd3000 r--p 0001c000 00:62 10235694                   /home/ubuntu/.local/lib/python3.10/site-packages/sklearn/metrics/_pairwise_fast.cpython-310-x86_64-linux-gnu.so
7f17a0dd3000-7f17a0dd4000 ---p 00021000 00:62 10235694                   /home/ubuntu/.local/lib/python3.10/site-packages/sklearn/metrics/_pairwise_fast.cpython-310-x86_64-linux-gnu.so
7f17a0dd4000-7f17a0dd5000 r--p 00021000 00:62 10235694                   /home/ubuntu/.local/lib/python3.10/site-packages/sklearn/metrics/_pairwise_fast.cpython-310-x86_64-linux-gnu.so
7f17a0dd5000-7f17a0dd6000 rw-p 00022000 00:62 10235694                   /home/ubuntu/.local/lib/python3.10/site-packages/sklearn/metrics/_pairwise_fast.cpython-310-x86_64-linux-gnu.so
7f17a0dd6000-7f17a0dd7000 rw-p 00000000 00:00 0 
7f17a0dd7000-7f17a0dd9000 rw-p 00029000 00:62 10235694                   /home/ubuntu/.local/lib/python3.10/site-packages/sklearn/metrics/_pairwise_fast.cpython-310-x86_64-linux-gnu.so
7f17a0dd9000-7f17a0dda000 rw-p 0002b000 00:62 10235694                   /home/ubuntu/.local/lib/python3.10/site-packages/sklearn/metrics/_pairwise_fast.cpython-310-x86_64-linux-gnu.so
7f17a0dda000-7f17a0ddf000 r--p 00000000 00:62 10235722                   /home/ubuntu/.local/lib/python3.10/site-packages/sklearn/metrics/_pairwise_distances_reduction/_radius_neighbors_classmode.cpython-310-x86_64-linux-gnu.so
7f17a0ddf000-7f17a0df6000 r-xp 00005000 00:62 10235722                   /home/ubuntu/.local/lib/python3.10/site-packages/sklearn/metrics/_pairwise_distances_reduction/_radius_neighbors_classmode.cpython-310-x86_64-linux-gnu.so
7f17a0df6000-7f17a0dfc000 r--p 0001c000 00:62 10235722                   /home/ubuntu/.local/lib/python3.10/site-packages/sklearn/metrics/_pairwise_distances_reduction/_radius_neighbors_classmode.cpython-310-x86_64-linux-gnu.so
7f17a0dfc000-7f17a0dfd000 ---p 00022000 00:62 10235722                   /home/ubuntu/.local/lib/python3.10/site-packages/sklearn/metrics/_pairwise_distances_reduction/_radius_neighbors_classmode.cpython-310-x86_64-linux-gnu.so
7f17a0dfd000-7f17a0dfe000 r--p 00022000 00:62 10235722                   /home/ubuntu/.local/lib/python3.10/site-packages/sklearn/metrics/_pairwise_distances_reduction/_radius_neighbors_classmode.cpython-310-x86_64-linux-gnu.so
7f17a0dfe000-7f17a0dff000 rw-p 00023000 00:62 10235722                   /home/ubuntu/.local/lib/python3.10/site-packages/sklearn/metrics/_pairwise_distances_reduction/_radius_neighbors_classmode.cpython-310-x86_64-linux-gnu.so
7f17a0dff000-7f17a0e00000 rw-p 00000000 00:00 0 
7f17a0e00000-7f17a0e02000 rw-p 0002f000 00:62 10235722                   /home/ubuntu/.local/lib/python3.10/site-packages/sklearn/metrics/_pairwise_distances_reduction/_radius_neighbors_classmode.cpython-310-x86_64-linux-gnu.so
7f17a0e02000-7f17a0e03000 rw-p 00031000 00:62 10235722                   /home/ubuntu/.local/lib/python3.10/site-packages/sklearn/metrics/_pairwise_distances_reduction/_radius_neighbors_classmode.cpython-310-x86_64-linux-gnu.so
7f17a0e03000-7f17a0e08000 r--p 00000000 00:62 10236017                   /home/ubuntu/.local/lib/python3.10/site-packages/sklearn/utils/_vector_sentinel.cpython-310-x86_64-linux-gnu.so
7f17a0e08000-7f17a0e1b000 r-xp 00005000 00:62 10236017                   /home/ubuntu/.local/lib/python3.10/site-packages/sklearn/utils/_vector_sentinel.cpython-310-x86_64-linux-gnu.so
7f17a0e1b000-7f17a0e20000 r--p 00018000 00:62 10236017                   /home/ubuntu/.local/lib/python3.10/site-packages/sklearn/utils/_vector_sentinel.cpython-310-x86_64-linux-gnu.so
7f17a0e20000-7f17a0e21000 ---p 0001d000 00:62 10236017                   /home/ubuntu/.local/lib/python3.10/site-packages/sklearn/utils/_vector_sentinel.cpython-310-x86_64-linux-gnu.so
7f17a0e21000-7f17a0e22000 r--p 0001d000 00:62 10236017                   /home/ubuntu/.local/lib/python3.10/site-packages/sklearn/utils/_vector_sentinel.cpython-310-x86_64-linux-gnu.so
7f17a0e22000-7f17a0e24000 rw-p 0001e000 00:62 10236017                   /home/ubuntu/.local/lib/python3.10/site-packages/sklearn/utils/_vector_sentinel.cpython-310-x86_64-linux-gnu.so
7f17a0e24000-7f17a0e2a000 r--p 00000000 00:62 10235719                   /home/ubuntu/.local/lib/python3.10/site-packages/sklearn/metrics/_pairwise_distances_reduction/_radius_neighbors.cpython-310-x86_64-linux-gnu.so
7f17a0e2a000-7f17a0e4c000 r-xp 00006000 00:62 10235719                   /home/ubuntu/.local/lib/python3.10/site-packages/sklearn/metrics/_pairwise_distances_reduction/_radius_neighbors.cpython-310-x86_64-linux-gnu.so
7f17a0e4c000-7f17a0e55000 r--p 00028000 00:62 10235719                   /home/ubuntu/.local/lib/python3.10/site-packages/sklearn/metrics/_pairwise_distances_reduction/_radius_neighbors.cpython-310-x86_64-linux-gnu.so
7f17a0e55000-7f17a0e56000 ---p 00031000 00:62 10235719                   /home/ubuntu/.local/lib/python3.10/site-packages/sklearn/metrics/_pairwise_distances_reduction/_radius_neighbors.cpython-310-x86_64-linux-gnu.so
7f17a0e56000-7f17a0e57000 r--p 00031000 00:62 10235719                   /home/ubuntu/.local/lib/python3.10/site-packages/sklearn/metrics/_pairwise_distances_reduction/_radius_neighbors.cpython-310-x86_64-linux-gnu.so
7f17a0e57000-7f17a0e59000 rw-p 00032000 00:62 10235719                   /home/ubuntu/.local/lib/python3.10/site-packages/sklearn/metrics/_pairwise_distances_reduction/_radius_neighbors.cpython-310-x86_64-linux-gnu.so
7f17a0e59000-7f17a0e5a000 rw-p 00000000 00:00 0 
7f17a0e5a000-7f17a0e5c000 rw-p 00045000 00:62 10235719                   /home/ubuntu/.local/lib/python3.10/site-packages/sklearn/metrics/_pairwise_distances_reduction/_radius_neighbors.cpython-310-x86_64-linux-gnu.so
7f17a0e5c000-7f17a0e5e000 rw-p 00047000 00:62 10235719                   /home/ubuntu/.local/lib/python3.10/site-packages/sklearn/metrics/_pairwise_distances_reduction/_radius_neighbors.cpython-310-x86_64-linux-gnu.so
7f17a0e5e000-7f17a0e62000 r--p 00000000 00:62 10235706                   /home/ubuntu/.local/lib/python3.10/site-packages/sklearn/metrics/_pairwise_distances_reduction/_argkmin_classmode.cpython-310-x86_64-linux-gnu.so
7f17a0e62000-7f17a0e75000 r-xp 00004000 00:62 10235706                   /home/ubuntu/.local/lib/python3.10/site-packages/sklearn/metrics/_pairwise_distances_reduction/_argkmin_classmode.cpython-310-x86_64-linux-gnu.so
7f17a0e75000-7f17a0e7b000 r--p 00017000 00:62 10235706                   /home/ubuntu/.local/lib/python3.10/site-packages/sklearn/metrics/_pairwise_distances_reduction/_argkmin_classmode.cpython-310-x86_64-linux-gnu.so
7f17a0e7b000-7f17a0e7c000 r--p 0001c000 00:62 10235706                   /home/ubuntu/.local/lib/python3.10/site-packages/sklearn/metrics/_pairwise_distances_reduction/_argkmin_classmode.cpython-310-x86_64-linux-gnu.so
7f17a0e7c000-7f17a0e7d000 rw-p 0001d000 00:62 10235706                   /home/ubuntu/.local/lib/python3.10/site-packages/sklearn/metrics/_pairwise_distances_reduction/_argkmin_classmode.cpython-310-x86_64-linux-gnu.so
7f17a0e7d000-7f17a0e7e000 rw-p 00000000 00:00 0 
7f17a0e7e000-7f17a0e80000 rw-p 00027000 00:62 10235706                   /home/ubuntu/.local/lib/python3.10/site-packages/sklearn/metrics/_pairwise_distances_reduction/_argkmin_classmode.cpython-310-x86_64-linux-gnu.so
7f17a0e80000-7f17a0e81000 rw-p 00029000 00:62 10235706                   /home/ubuntu/.local/lib/python3.10/site-packages/sklearn/metrics/_pairwise_distances_reduction/_argkmin_classmode.cpython-310-x86_64-linux-gnu.so
7f17a0e81000-7f17a0e87000 r--p 00000000 00:62 10235716                   /home/ubuntu/.local/lib/python3.10/site-packages/sklearn/metrics/_pairwise_distances_reduction/_middle_term_computer.cpython-310-x86_64-linux-gnu.so
7f17a0e87000-7f17a0ebd000 r-xp 00006000 00:62 10235716                   /home/ubuntu/.local/lib/python3.10/site-packages/sklearn/metrics/_pairwise_distances_reduction/_middle_term_computer.cpython-310-x86_64-linux-gnu.so
7f17a0ebd000-7f17a0ec9000 r--p 0003c000 00:62 10235716                   /home/ubuntu/.local/lib/python3.10/site-packages/sklearn/metrics/_pairwise_distances_reduction/_middle_term_computer.cpython-310-x86_64-linux-gnu.so
7f17a0ec9000-7f17a0eca000 r--p 00047000 00:62 10235716                   /home/ubuntu/.local/lib/python3.10/site-packages/sklearn/metrics/_pairwise_distances_reduction/_middle_term_computer.cpython-310-x86_64-linux-gnu.so
7f17a0eca000-7f17a0ecc000 rw-p 00048000 00:62 10235716                   /home/ubuntu/.local/lib/python3.10/site-packages/sklearn/metrics/_pairwise_distances_reduction/_middle_term_computer.cpython-310-x86_64-linux-gnu.so
7f17a0ecc000-7f17a0ecd000 rw-p 00000000 00:00 0 
7f17a0ecd000-7f17a0ed2000 r--p 00000000 00:62 10235973                   /home/ubuntu/.local/lib/python3.10/site-packages/sklearn/utils/_cython_blas.cpython-310-x86_64-linux-gnu.so
7f17a0ed2000-7f17a0f11000 r-xp 00005000 00:62 10235973                   /home/ubuntu/.local/lib/python3.10/site-packages/sklearn/utils/_cython_blas.cpython-310-x86_64-linux-gnu.so
7f17a0f11000-7f17a0f1a000 r--p 00044000 00:62 10235973                   /home/ubuntu/.local/lib/python3.10/site-packages/sklearn/utils/_cython_blas.cpython-310-x86_64-linux-gnu.so
7f17a0f1a000-7f17a0f1b000 r--p 0004c000 00:62 10235973                   /home/ubuntu/.local/lib/python3.10/site-packages/sklearn/utils/_cython_blas.cpython-310-x86_64-linux-gnu.so
7f17a0f1b000-7f17a0f1d000 rw-p 0004d000 00:62 10235973                   /home/ubuntu/.local/lib/python3.10/site-packages/sklearn/utils/_cython_blas.cpython-310-x86_64-linux-gnu.so
7f17a0f1d000-7f17a0f23000 r--p 00000000 00:62 10235712                   /home/ubuntu/.local/lib/python3.10/site-packages/sklearn/metrics/_pairwise_distances_reduction/_datasets_pair.cpython-310-x86_64-linux-gnu.so
7f17a0f23000-7f17a0f57000 r-xp 00006000 00:62 10235712                   /home/ubuntu/.local/lib/python3.10/site-packages/sklearn/metrics/_pairwise_distances_reduction/_datasets_pair.cpython-310-x86_64-linux-gnu.so
7f17a0f57000-7f17a0f63000 r--p 0003a000 00:62 10235712                   /home/ubuntu/.local/lib/python3.10/site-packages/sklearn/metrics/_pairwise_distances_reduction/_datasets_pair.cpython-310-x86_64-linux-gnu.so
7f17a0f63000-7f17a0f64000 ---p 00046000 00:62 10235712                   /home/ubuntu/.local/lib/python3.10/site-packages/sklearn/metrics/_pairwise_distances_reduction/_datasets_pair.cpython-310-x86_64-linux-gnu.so
7f17a0f64000-7f17a0f65000 r--p 00046000 00:62 10235712                   /home/ubuntu/.local/lib/python3.10/site-packages/sklearn/metrics/_pairwise_distances_reduction/_datasets_pair.cpython-310-x86_64-linux-gnu.so
7f17a0f65000-7f17a0f68000 rw-p 00047000 00:62 10235712                   /home/ubuntu/.local/lib/python3.10/site-packages/sklearn/metrics/_pairwise_distances_reduction/_datasets_pair.cpython-310-x86_64-linux-gnu.so
7f17a0f68000-7f17a0f6d000 r--p 00000000 00:62 10235708                   /home/ubuntu/.local/lib/python3.10/site-packages/sklearn/metrics/_pairwise_distances_reduction/_base.cpython-310-x86_64-linux-gnu.so
7f17a0f6d000-7f17a0f89000 r-xp 00005000 00:62 10235708                   /home/ubuntu/.local/lib/python3.10/site-packages/sklearn/metrics/_pairwise_distances_reduction/_base.cpython-310-x86_64-linux-gnu.so
7f17a0f89000-7f17a0f90000 r--p 00021000 00:62 10235708                   /home/ubuntu/.local/lib/python3.10/site-packages/sklearn/metrics/_pairwise_distances_reduction/_base.cpython-310-x86_64-linux-gnu.so
7f17a0f90000-7f17a0f91000 r--p 00027000 00:62 10235708                   /home/ubuntu/.local/lib/python3.10/site-packages/sklearn/metrics/_pairwise_distances_reduction/_base.cpython-310-x86_64-linux-gnu.so
7f17a0f91000-7f17a0f93000 rw-p 00028000 00:62 10235708                   /home/ubuntu/.local/lib/python3.10/site-packages/sklearn/metrics/_pairwise_distances_reduction/_base.cpython-310-x86_64-linux-gnu.so
7f17a0f93000-7f17a0f95000 rw-p 00037000 00:62 10235708                   /home/ubuntu/.local/lib/python3.10/site-packages/sklearn/metrics/_pairwise_distances_reduction/_base.cpython-310-x86_64-linux-gnu.so
7f17a0f95000-7f17a0f96000 rw-p 00039000 00:62 10235708                   /home/ubuntu/.local/lib/python3.10/site-packages/sklearn/metrics/_pairwise_distances_reduction/_base.cpython-310-x86_64-linux-gnu.so
7f17a0f96000-7f17a0f9b000 r--p 00000000 00:62 10235703                   /home/ubuntu/.local/lib/python3.10/site-packages/sklearn/metrics/_pairwise_distances_reduction/_argkmin.cpython-310-x86_64-linux-gnu.so
7f17a0f9b000-7f17a0fbc000 r-xp 00005000 00:62 10235703                   /home/ubuntu/.local/lib/python3.10/site-packages/sklearn/metrics/_pairwise_distances_reduction/_argkmin.cpython-310-x86_64-linux-gnu.so
7f17a0fbc000-7f17a0fc4000 r--p 00026000 00:62 10235703                   /home/ubuntu/.local/lib/python3.10/site-packages/sklearn/metrics/_pairwise_distances_reduction/_argkmin.cpython-310-x86_64-linux-gnu.so
7f17a0fc4000-7f17a0fc5000 r--p 0002d000 00:62 10235703                   /home/ubuntu/.local/lib/python3.10/site-packages/sklearn/metrics/_pairwise_distances_reduction/_argkmin.cpython-310-x86_64-linux-gnu.so
7f17a0fc5000-7f17a0fc7000 rw-p 0002e000 00:62 10235703                   /home/ubuntu/.local/lib/python3.10/site-packages/sklearn/metrics/_pairwise_distances_reduction/_argkmin.cpython-310-x86_64-linux-gnu.so
7f17a0fc7000-7f17a0fc8000 rw-p 00000000 00:00 0 
7f17a0fc8000-7f17a0fca000 rw-p 0003f000 00:62 10235703                   /home/ubuntu/.local/lib/python3.10/site-packages/sklearn/metrics/_pairwise_distances_reduction/_argkmin.cpython-310-x86_64-linux-gnu.so
7f17a0fca000-7f17a0fcb000 rw-p 00041000 00:62 10235703                   /home/ubuntu/.local/lib/python3.10/site-packages/sklearn/metrics/_pairwise_distances_reduction/_argkmin.cpython-310-x86_64-linux-gnu.so
7f17a0fcb000-7f17a0fd4000 r--p 00000000 00:62 10235690                   /home/ubuntu/.local/lib/python3.10/site-packages/sklearn/metrics/_dist_metrics.cpython-310-x86_64-linux-gnu.so
7f17a0fd4000-7f17a1032000 r-xp 00009000 00:62 10235690                   /home/ubuntu/.local/lib/python3.10/site-packages/sklearn/metrics/_dist_metrics.cpython-310-x86_64-linux-gnu.so
7f17a1032000-7f17a1047000 r--p 00067000 00:62 10235690                   /home/ubuntu/.local/lib/python3.10/site-packages/sklearn/metrics/_dist_metrics.cpython-310-x86_64-linux-gnu.so
7f17a1047000-7f17a1049000 r--p 0007b000 00:62 10235690                   /home/ubuntu/.local/lib/python3.10/site-packages/sklearn/metrics/_dist_metrics.cpython-310-x86_64-linux-gnu.so
7f17a1049000-7f17a104f000 rw-p 0007d000 00:62 10235690                   /home/ubuntu/.local/lib/python3.10/site-packages/sklearn/metrics/_dist_metrics.cpython-310-x86_64-linux-gnu.so
7f17a104f000-7f17a1152000 rw-p 00000000 00:00 0 
7f17a1152000-7f17a1157000 r--p 00000000 00:62 10235850                   /home/ubuntu/.local/lib/python3.10/site-packages/sklearn/preprocessing/_target_encoder_fast.cpython-310-x86_64-linux-gnu.so
7f17a1157000-7f17a11a3000 r-xp 00005000 00:62 10235850                   /home/ubuntu/.local/lib/python3.10/site-packages/sklearn/preprocessing/_target_encoder_fast.cpython-310-x86_64-linux-gnu.so
7f17a11a3000-7f17a11aa000 r--p 00051000 00:62 10235850                   /home/ubuntu/.local/lib/python3.10/site-packages/sklearn/preprocessing/_target_encoder_fast.cpython-310-x86_64-linux-gnu.so
7f17a11aa000-7f17a11ab000 ---p 00058000 00:62 10235850                   /home/ubuntu/.local/lib/python3.10/site-packages/sklearn/preprocessing/_target_encoder_fast.cpython-310-x86_64-linux-gnu.so
7f17a11ab000-7f17a11ac000 r--p 00058000 00:62 10235850                   /home/ubuntu/.local/lib/python3.10/site-packages/sklearn/preprocessing/_target_encoder_fast.cpython-310-x86_64-linux-gnu.so
7f17a11ac000-7f17a11ae000 rw-p 00059000 00:62 10235850                   /home/ubuntu/.local/lib/python3.10/site-packages/sklearn/preprocessing/_target_encoder_fast.cpython-310-x86_64-linux-gnu.so
7f17a11ae000-7f17a11b3000 r--p 00000000 00:62 10235841                   /home/ubuntu/.local/lib/python3.10/site-packages/sklearn/preprocessing/_csr_polynomial_expansion.cpython-310-x86_64-linux-gnu.so
7f17a11b3000-7f17a11f5000 r-xp 00005000 00:62 10235841                   /home/ubuntu/.local/lib/python3.10/site-packages/sklearn/preprocessing/_csr_polynomial_expansion.cpython-310-x86_64-linux-gnu.so
7f17a11f5000-7f17a11fc000 r--p 00047000 00:62 10235841                   /home/ubuntu/.local/lib/python3.10/site-packages/sklearn/preprocessing/_csr_polynomial_expansion.cpython-310-x86_64-linux-gnu.so
7f17a11fc000-7f17a11fd000 ---p 0004e000 00:62 10235841                   /home/ubuntu/.local/lib/python3.10/site-packages/sklearn/preprocessing/_csr_polynomial_expansion.cpython-310-x86_64-linux-gnu.so
7f17a11fd000-7f17a11fe000 r--p 0004e000 00:62 10235841                   /home/ubuntu/.local/lib/python3.10/site-packages/sklearn/preprocessing/_csr_polynomial_expansion.cpython-310-x86_64-linux-gnu.so
7f17a11fe000-7f17a1200000 rw-p 0004f000 00:62 10235841                   /home/ubuntu/.local/lib/python3.10/site-packages/sklearn/preprocessing/_csr_polynomial_expansion.cpython-310-x86_64-linux-gnu.so
7f17a1200000-7f17a1225000 r-xp 00000000 00:62 10235043                   /home/ubuntu/.local/lib/python3.10/site-packages/scikit_learn.libs/libgomp-a34b3233.so.1.0.0
7f17a1225000-7f17a1424000 ---p 00025000 00:62 10235043                   /home/ubuntu/.local/lib/python3.10/site-packages/scikit_learn.libs/libgomp-a34b3233.so.1.0.0
7f17a1424000-7f17a1425000 r--p 00024000 00:62 10235043                   /home/ubuntu/.local/lib/python3.10/site-packages/scikit_learn.libs/libgomp-a34b3233.so.1.0.0
7f17a1425000-7f17a1426000 rw-p 00025000 00:62 10235043                   /home/ubuntu/.local/lib/python3.10/site-packages/scikit_learn.libs/libgomp-a34b3233.so.1.0.0
7f17a1426000-7f17a142a000 rw-p 00026000 00:62 10235043                   /home/ubuntu/.local/lib/python3.10/site-packages/scikit_learn.libs/libgomp-a34b3233.so.1.0.0
7f17a142f000-7f17a1433000 r--p 00000000 00:62 10235743                   /home/ubuntu/.local/lib/python3.10/site-packages/sklearn/metrics/cluster/_expected_mutual_info_fast.cpython-310-x86_64-linux-gnu.so
7f17a1433000-7f17a1440000 r-xp 00004000 00:62 10235743                   /home/ubuntu/.local/lib/python3.10/site-packages/sklearn/metrics/cluster/_expected_mutual_info_fast.cpython-310-x86_64-linux-gnu.so
7f17a1440000-7f17a1444000 r--p 00011000 00:62 10235743                   /home/ubuntu/.local/lib/python3.10/site-packages/sklearn/metrics/cluster/_expected_mutual_info_fast.cpython-310-x86_64-linux-gnu.so
7f17a1444000-7f17a1445000 r--p 00014000 00:62 10235743                   /home/ubuntu/.local/lib/python3.10/site-packages/sklearn/metrics/cluster/_expected_mutual_info_fast.cpython-310-x86_64-linux-gnu.so
7f17a1445000-7f17a1446000 rw-p 00015000 00:62 10235743                   /home/ubuntu/.local/lib/python3.10/site-packages/sklearn/metrics/cluster/_expected_mutual_info_fast.cpython-310-x86_64-linux-gnu.so
7f17a1446000-7f17a1449000 r--p 00000000 00:62 10235991                   /home/ubuntu/.local/lib/python3.10/site-packages/sklearn/utils/_openmp_helpers.cpython-310-x86_64-linux-gnu.so
7f17a1449000-7f17a1450000 r-xp 00003000 00:62 10235991                   /home/ubuntu/.local/lib/python3.10/site-packages/sklearn/utils/_openmp_helpers.cpython-310-x86_64-linux-gnu.so
7f17a1450000-7f17a1452000 r--p 0000a000 00:62 10235991                   /home/ubuntu/.local/lib/python3.10/site-packages/sklearn/utils/_openmp_helpers.cpython-310-x86_64-linux-gnu.so
7f17a1452000-7f17a1453000 ---p 0000c000 00:62 10235991                   /home/ubuntu/.local/lib/python3.10/site-packages/sklearn/utils/_openmp_helpers.cpython-310-x86_64-linux-gnu.so
7f17a1453000-7f17a1454000 r--p 0000c000 00:62 10235991                   /home/ubuntu/.local/lib/python3.10/site-packages/sklearn/utils/_openmp_helpers.cpython-310-x86_64-linux-gnu.so
7f17a1454000-7f17a1455000 rw-p 0000d000 00:62 10235991                   /home/ubuntu/.local/lib/python3.10/site-packages/sklearn/utils/_openmp_helpers.cpython-310-x86_64-linux-gnu.so
7f17a1455000-7f17a1457000 rw-p 00012000 00:62 10235991                   /home/ubuntu/.local/lib/python3.10/site-packages/sklearn/utils/_openmp_helpers.cpython-310-x86_64-linux-gnu.so
7f17a1457000-7f17a1458000 rw-p 00014000 00:62 10235991                   /home/ubuntu/.local/lib/python3.10/site-packages/sklearn/utils/_openmp_helpers.cpython-310-x86_64-linux-gnu.so
7f17a1458000-7f17a145c000 r--p 00000000 00:62 10236036                   /home/ubuntu/.local/lib/python3.10/site-packages/sklearn/utils/murmurhash.cpython-310-x86_64-linux-gnu.so
7f17a145c000-7f17a146e000 r-xp 00004000 00:62 10236036                   /home/ubuntu/.local/lib/python3.10/site-packages/sklearn/utils/murmurhash.cpython-310-x86_64-linux-gnu.so
7f17a146e000-7f17a1473000 r--p 00016000 00:62 10236036                   /home/ubuntu/.local/lib/python3.10/site-packages/sklearn/utils/murmurhash.cpython-310-x86_64-linux-gnu.so
7f17a1473000-7f17a1474000 ---p 0001b000 00:62 10236036                   /home/ubuntu/.local/lib/python3.10/site-packages/sklearn/utils/murmurhash.cpython-310-x86_64-linux-gnu.so
7f17a1474000-7f17a1475000 r--p 0001b000 00:62 10236036                   /home/ubuntu/.local/lib/python3.10/site-packages/sklearn/utils/murmurhash.cpython-310-x86_64-linux-gnu.so
7f17a1475000-7f17a1476000 rw-p 0001c000 00:62 10236036                   /home/ubuntu/.local/lib/python3.10/site-packages/sklearn/utils/murmurhash.cpython-310-x86_64-linux-gnu.so
7f17a1476000-7f17a1576000 rw-p 00000000 00:00 0 
7f17a1576000-7f17a157b000 r--p 00000000 00:62 10236043                   /home/ubuntu/.local/lib/python3.10/site-packages/sklearn/utils/sparsefuncs_fast.cpython-310-x86_64-linux-gnu.so
7f17a157b000-7f17a1614000 r-xp 00005000 00:62 10236043                   /home/ubuntu/.local/lib/python3.10/site-packages/sklearn/utils/sparsefuncs_fast.cpython-310-x86_64-linux-gnu.so
7f17a1614000-7f17a1620000 r--p 0009e000 00:62 10236043                   /home/ubuntu/.local/lib/python3.10/site-packages/sklearn/utils/sparsefuncs_fast.cpython-310-x86_64-linux-gnu.so
7f17a1620000-7f17a1622000 r--p 000a9000 00:62 10236043                   /home/ubuntu/.local/lib/python3.10/site-packages/sklearn/utils/sparsefuncs_fast.cpython-310-x86_64-linux-gnu.so
7f17a1622000-7f17a1624000 rw-p 000ab000 00:62 10236043                   /home/ubuntu/.local/lib/python3.10/site-packages/sklearn/utils/sparsefuncs_fast.cpython-310-x86_64-linux-gnu.so
7f17a1624000-7f17a1625000 rw-p 00000000 00:00 0 
7f17a1625000-7f17a162a000 r--p 00000000 00:62 10235048                   /home/ubuntu/.local/lib/python3.10/site-packages/sklearn/_cyutility.cpython-310-x86_64-linux-gnu.so
7f17a162a000-7f17a1647000 r-xp 00005000 00:62 10235048                   /home/ubuntu/.local/lib/python3.10/site-packages/sklearn/_cyutility.cpython-310-x86_64-linux-gnu.so
7f17a1647000-7f17a164d000 r--p 00022000 00:62 10235048                   /home/ubuntu/.local/lib/python3.10/site-packages/sklearn/_cyutility.cpython-310-x86_64-linux-gnu.so
7f17a164d000-7f17a164e000 ---p 00028000 00:62 10235048                   /home/ubuntu/.local/lib/python3.10/site-packages/sklearn/_cyutility.cpython-310-x86_64-linux-gnu.so
7f17a164e000-7f17a164f000 r--p 00028000 00:62 10235048                   /home/ubuntu/.local/lib/python3.10/site-packages/sklearn/_cyutility.cpython-310-x86_64-linux-gnu.so
7f17a164f000-7f17a1651000 rw-p 00029000 00:62 10235048                   /home/ubuntu/.local/lib/python3.10/site-packages/sklearn/_cyutility.cpython-310-x86_64-linux-gnu.so
7f17a1651000-7f17a1655000 r--p 00000000 00:62 10235985                   /home/ubuntu/.local/lib/python3.10/site-packages/sklearn/utils/_isfinite.cpython-310-x86_64-linux-gnu.so
7f17a1655000-7f17a1663000 r-xp 00004000 00:62 10235985                   /home/ubuntu/.local/lib/python3.10/site-packages/sklearn/utils/_isfinite.cpython-310-x86_64-linux-gnu.so
7f17a1663000-7f17a1667000 r--p 00012000 00:62 10235985                   /home/ubuntu/.local/lib/python3.10/site-packages/sklearn/utils/_isfinite.cpython-310-x86_64-linux-gnu.so
7f17a1667000-7f17a1668000 ---p 00016000 00:62 10235985                   /home/ubuntu/.local/lib/python3.10/site-packages/sklearn/utils/_isfinite.cpython-310-x86_64-linux-gnu.so
7f17a1668000-7f17a1669000 r--p 00016000 00:62 10235985                   /home/ubuntu/.local/lib/python3.10/site-packages/sklearn/utils/_isfinite.cpython-310-x86_64-linux-gnu.so
7f17a1669000-7f17a166a000 rw-p 00017000 00:62 10235985                   /home/ubuntu/.local/lib/python3.10/site-packages/sklearn/utils/_isfinite.cpython-310-x86_64-linux-gnu.so
7f17a166a000-7f17a176b000 rw-p 00000000 00:00 0 
7f17a176b000-7f17a176f000 r--p 00000000 00:62 10229409                   /home/ubuntu/.local/lib/python3.10/site-packages/pandas/_libs/testing.cpython-310-x86_64-linux-gnu.so
7f17a176f000-7f17a1783000 r-xp 00004000 00:62 10229409                   /home/ubuntu/.local/lib/python3.10/site-packages/pandas/_libs/testing.cpython-310-x86_64-linux-gnu.so
7f17a1783000-7f17a1786000 r--p 00018000 00:62 10229409                   /home/ubuntu/.local/lib/python3.10/site-packages/pandas/_libs/testing.cpython-310-x86_64-linux-gnu.so
7f17a1786000-7f17a1787000 r--p 0001b000 00:62 10229409                   /home/ubuntu/.local/lib/python3.10/site-packages/pandas/_libs/testing.cpython-310-x86_64-linux-gnu.so
7f17a1787000-7f17a1788000 rw-p 0001c000 00:62 10229409                   /home/ubuntu/.local/lib/python3.10/site-packages/pandas/_libs/testing.cpython-310-x86_64-linux-gnu.so
7f17a1788000-7f17a1792000 r--p 00000000 00:62 10229399                   /home/ubuntu/.local/lib/python3.10/site-packages/pandas/_libs/parsers.cpython-310-x86_64-linux-gnu.so
7f17a1792000-7f17a1800000 r-xp 0000a000 00:62 10229399                   /home/ubuntu/.local/lib/python3.10/site-packages/pandas/_libs/parsers.cpython-310-x86_64-linux-gnu.so
7f17a1800000-7f17a180d000 r--p 00078000 00:62 10229399                   /home/ubuntu/.local/lib/python3.10/site-packages/pandas/_libs/parsers.cpython-310-x86_64-linux-gnu.so
7f17a180d000-7f17a1810000 r--p 00084000 00:62 10229399                   /home/ubuntu/.local/lib/python3.10/site-packages/pandas/_libs/parsers.cpython-310-x86_64-linux-gnu.so
7f17a1810000-7f17a1813000 rw-p 00087000 00:62 10229399                   /home/ubuntu/.local/lib/python3.10/site-packages/pandas/_libs/parsers.cpython-310-x86_64-linux-gnu.so
7f17a1813000-7f17a1815000 rw-p 00000000 00:00 0 
7f17a1815000-7f17a1817000 r--p 00000000 00:62 10229387                   /home/ubuntu/.local/lib/python3.10/site-packages/pandas/_libs/json.cpython-310-x86_64-linux-gnu.so
7f17a1817000-7f17a1820000 r-xp 00002000 00:62 10229387                   /home/ubuntu/.local/lib/python3.10/site-packages/pandas/_libs/json.cpython-310-x86_64-linux-gnu.so
7f17a1820000-7f17a1823000 r--p 0000b000 00:62 10229387                   /home/ubuntu/.local/lib/python3.10/site-packages/pandas/_libs/json.cpython-310-x86_64-linux-gnu.so
7f17a1823000-7f17a1824000 r--p 0000e000 00:62 10229387                   /home/ubuntu/.local/lib/python3.10/site-packages/pandas/_libs/json.cpython-310-x86_64-linux-gnu.so
7f17a1824000-7f17a1825000 rw-p 0000f000 00:62 10229387                   /home/ubuntu/.local/lib/python3.10/site-packages/pandas/_libs/json.cpython-310-x86_64-linux-gnu.so
7f17a1825000-7f17a1a25000 rw-p 00000000 00:00 0 
7f17a1a25000-7f17a1a31000 r--p 00000000 00:62 10229371                   /home/ubuntu/.local/lib/python3.10/site-packages/pandas/_libs/groupby.cpython-310-x86_64-linux-gnu.so
7f17a1a31000-7f17a1c81000 r-xp 0000c000 00:62 10229371                   /home/ubuntu/.local/lib/python3.10/site-packages/pandas/_libs/groupby.cpython-310-x86_64-linux-gnu.so
7f17a1c81000-7f17a1c9e000 r--p 0025c000 00:62 10229371                   /home/ubuntu/.local/lib/python3.10/site-packages/pandas/_libs/groupby.cpython-310-x86_64-linux-gnu.so
7f17a1c9e000-7f17a1ca1000 r--p 00279000 00:62 10229371                   /home/ubuntu/.local/lib/python3.10/site-packages/pandas/_libs/groupby.cpython-310-x86_64-linux-gnu.so
7f17a1ca1000-7f17a1ca7000 rw-p 0027c000 00:62 10229371                   /home/ubuntu/.local/lib/python3.10/site-packages/pandas/_libs/groupby.cpython-310-x86_64-linux-gnu.so
7f17a1ca7000-7f17a1cab000 rw-p 00000000 00:00 0 
7f17a1cab000-7f17a1cb2000 r--p 00000000 00:62 10229403                   /home/ubuntu/.local/lib/python3.10/site-packages/pandas/_libs/reshape.cpython-310-x86_64-linux-gnu.so
7f17a1cb2000-7f17a1ceb000 r-xp 00007000 00:62 10229403                   /home/ubuntu/.local/lib/python3.10/site-packages/pandas/_libs/reshape.cpython-310-x86_64-linux-gnu.so
7f17a1ceb000-7f17a1cf4000 r--p 00040000 00:62 10229403                   /home/ubuntu/.local/lib/python3.10/site-packages/pandas/_libs/reshape.cpython-310-x86_64-linux-gnu.so
7f17a1cf4000-7f17a1cf6000 r--p 00048000 00:62 10229403                   /home/ubuntu/.local/lib/python3.10/site-packages/pandas/_libs/reshape.cpython-310-x86_64-linux-gnu.so
7f17a1cf6000-7f17a1cf8000 rw-p 0004a000 00:62 10229403                   /home/ubuntu/.local/lib/python3.10/site-packages/pandas/_libs/reshape.cpython-310-x86_64-linux-gnu.so
7f17a1cf8000-7f17a1cf9000 rw-p 00000000 00:00 0 
7f17a1cf9000-7f17a1cff000 r--p 00000000 00:62 10229452                   /home/ubuntu/.local/lib/python3.10/site-packages/pandas/_libs/window/indexers.cpython-310-x86_64-linux-gnu.so
7f17a1cff000-7f17a1d22000 r-xp 00006000 00:62 10229452                   /home/ubuntu/.local/lib/python3.10/site-packages/pandas/_libs/window/indexers.cpython-310-x86_64-linux-gnu.so
7f17a1d22000-7f17a1d29000 r--p 00029000 00:62 10229452                   /home/ubuntu/.local/lib/python3.10/site-packages/pandas/_libs/window/indexers.cpython-310-x86_64-linux-gnu.so
7f17a1d29000-7f17a1d2a000 r--p 00030000 00:62 10229452                   /home/ubuntu/.local/lib/python3.10/site-packages/pandas/_libs/window/indexers.cpython-310-x86_64-linux-gnu.so
7f17a1d2a000-7f17a1d2c000 rw-p 00031000 00:62 10229452                   /home/ubuntu/.local/lib/python3.10/site-packages/pandas/_libs/window/indexers.cpython-310-x86_64-linux-gnu.so
7f17a1d2c000-7f17a1d2d000 rw-p 00000000 00:00 0 
7f17a1d2d000-7f17a1d35000 r--p 00000000 00:62 10229450                   /home/ubuntu/.local/lib/python3.10/site-packages/pandas/_libs/window/aggregations.cpython-310-x86_64-linux-gnu.so
7f17a1d35000-7f17a1d84000 r-xp 00008000 00:62 10229450                   /home/ubuntu/.local/lib/python3.10/site-packages/pandas/_libs/window/aggregations.cpython-310-x86_64-linux-gnu.so
7f17a1d84000-7f17a1d8e000 r--p 00057000 00:62 10229450                   /home/ubuntu/.local/lib/python3.10/site-packages/pandas/_libs/window/aggregations.cpython-310-x86_64-linux-gnu.so
7f17a1d8e000-7f17a1d90000 r--p 00061000 00:62 10229450                   /home/ubuntu/.local/lib/python3.10/site-packages/pandas/_libs/window/aggregations.cpython-310-x86_64-linux-gnu.so
7f17a1d90000-7f17a1d92000 rw-p 00063000 00:62 10229450                   /home/ubuntu/.local/lib/python3.10/site-packages/pandas/_libs/window/aggregations.cpython-310-x86_64-linux-gnu.so
7f17a1d92000-7f17a1f93000 rw-p 00000000 00:00 0 
7f17a1f93000-7f17a1f9b000 r--p 00000000 00:62 10229385                   /home/ubuntu/.local/lib/python3.10/site-packages/pandas/_libs/join.cpython-310-x86_64-linux-gnu.so
7f17a1f9b000-7f17a20dd000 r-xp 00008000 00:62 10229385                   /home/ubuntu/.local/lib/python3.10/site-packages/pandas/_libs/join.cpython-310-x86_64-linux-gnu.so
7f17a20dd000-7f17a20eb000 r--p 0014a000 00:62 10229385                   /home/ubuntu/.local/lib/python3.10/site-packages/pandas/_libs/join.cpython-310-x86_64-linux-gnu.so
7f17a20eb000-7f17a20ed000 r--p 00157000 00:62 10229385                   /home/ubuntu/.local/lib/python3.10/site-packages/pandas/_libs/join.cpython-310-x86_64-linux-gnu.so
7f17a20ed000-7f17a20f0000 rw-p 00159000 00:62 10229385                   /home/ubuntu/.local/lib/python3.10/site-packages/pandas/_libs/join.cpython-310-x86_64-linux-gnu.so
7f17a20f0000-7f17a20f2000 rw-p 00000000 00:00 0 
7f17a20f2000-7f17a20f8000 r--p 00000000 00:62 10229413                   /home/ubuntu/.local/lib/python3.10/site-packages/pandas/_libs/writers.cpython-310-x86_64-linux-gnu.so
7f17a20f8000-7f17a2123000 r-xp 00006000 00:62 10229413                   /home/ubuntu/.local/lib/python3.10/site-packages/pandas/_libs/writers.cpython-310-x86_64-linux-gnu.so
7f17a2123000-7f17a212b000 r--p 00031000 00:62 10229413                   /home/ubuntu/.local/lib/python3.10/site-packages/pandas/_libs/writers.cpython-310-x86_64-linux-gnu.so
7f17a212b000-7f17a212d000 r--p 00038000 00:62 10229413                   /home/ubuntu/.local/lib/python3.10/site-packages/pandas/_libs/writers.cpython-310-x86_64-linux-gnu.so
7f17a212d000-7f17a212f000 rw-p 0003a000 00:62 10229413                   /home/ubuntu/.local/lib/python3.10/site-packages/pandas/_libs/writers.cpython-310-x86_64-linux-gnu.so
7f17a212f000-7f17a2130000 rw-p 00000000 00:00 0 
7f17a2130000-7f17a213d000 r--p 00000000 00:62 10229377                   /home/ubuntu/.local/lib/python3.10/site-packages/pandas/_libs/index.cpython-310-x86_64-linux-gnu.so
7f17a213d000-7f17a21e7000 r-xp 0000d000 00:62 10229377                   /home/ubuntu/.local/lib/python3.10/site-packages/pandas/_libs/index.cpython-310-x86_64-linux-gnu.so
7f17a21e7000-7f17a21ff000 r--p 000b7000 00:62 10229377                   /home/ubuntu/.local/lib/python3.10/site-packages/pandas/_libs/index.cpython-310-x86_64-linux-gnu.so
7f17a21ff000-7f17a2202000 r--p 000ce000 00:62 10229377                   /home/ubuntu/.local/lib/python3.10/site-packages/pandas/_libs/index.cpython-310-x86_64-linux-gnu.so
7f17a2202000-7f17a220a000 rw-p 000d1000 00:62 10229377                   /home/ubuntu/.local/lib/python3.10/site-packages/pandas/_libs/index.cpython-310-x86_64-linux-gnu.so
7f17a220a000-7f17a230e000 rw-p 00000000 00:00 0 
7f17a230e000-7f17a2312000 r--p 00000000 00:62 10229379                   /home/ubuntu/.local/lib/python3.10/site-packages/pandas/_libs/indexing.cpython-310-x86_64-linux-gnu.so
7f17a2312000-7f17a231a000 r-xp 00004000 00:62 10229379                   /home/ubuntu/.local/lib/python3.10/site-packages/pandas/_libs/indexing.cpython-310-x86_64-linux-gnu.so
7f17a231a000-7f17a231d000 r--p 0000c000 00:62 10229379                   /home/ubuntu/.local/lib/python3.10/site-packages/pandas/_libs/indexing.cpython-310-x86_64-linux-gnu.so
7f17a231d000-7f17a231e000 r--p 0000e000 00:62 10229379                   /home/ubuntu/.local/lib/python3.10/site-packages/pandas/_libs/indexing.cpython-310-x86_64-linux-gnu.so
7f17a231e000-7f17a231f000 rw-p 0000f000 00:62 10229379                   /home/ubuntu/.local/lib/python3.10/site-packages/pandas/_libs/indexing.cpython-310-x86_64-linux-gnu.so
7f17a231f000-7f17a2327000 r--p 00000000 00:62 10229381                   /home/ubuntu/.local/lib/python3.10/site-packages/pandas/_libs/internals.cpython-310-x86_64-linux-gnu.so
7f17a2327000-7f17a2371000 r-xp 00008000 00:62 10229381                   /home/ubuntu/.local/lib/python3.10/site-packages/pandas/_libs/internals.cpython-310-x86_64-linux-gnu.so
7f17a2371000-7f17a237d000 r--p 00052000 00:62 10229381                   /home/ubuntu/.local/lib/python3.10/site-packages/pandas/_libs/internals.cpython-310-x86_64-linux-gnu.so
7f17a237d000-7f17a237f000 r--p 0005d000 00:62 10229381                   /home/ubuntu/.local/lib/python3.10/site-packages/pandas/_libs/internals.cpython-310-x86_64-linux-gnu.so
7f17a237f000-7f17a2382000 rw-p 0005f000 00:62 10229381                   /home/ubuntu/.local/lib/python3.10/site-packages/pandas/_libs/internals.cpython-310-x86_64-linux-gnu.so
7f17a2382000-7f17a2484000 rw-p 00000000 00:00 0 
7f17a2484000-7f17a248c000 r--p 00000000 00:62 10229407                   /home/ubuntu/.local/lib/python3.10/site-packages/pandas/_libs/sparse.cpython-310-x86_64-linux-gnu.so
7f17a248c000-7f17a2566000 r-xp 00008000 00:62 10229407                   /home/ubuntu/.local/lib/python3.10/site-packages/pandas/_libs/sparse.cpython-310-x86_64-linux-gnu.so
7f17a2566000-7f17a2573000 r--p 000e2000 00:62 10229407                   /home/ubuntu/.local/lib/python3.10/site-packages/pandas/_libs/sparse.cpython-310-x86_64-linux-gnu.so
7f17a2573000-7f17a2575000 r--p 000ef000 00:62 10229407                   /home/ubuntu/.local/lib/python3.10/site-packages/pandas/_libs/sparse.cpython-310-x86_64-linux-gnu.so
7f17a2575000-7f17a2578000 rw-p 000f1000 00:62 10229407                   /home/ubuntu/.local/lib/python3.10/site-packages/pandas/_libs/sparse.cpython-310-x86_64-linux-gnu.so
7f17a2578000-7f17a257a000 rw-p 00000000 00:00 0 
7f17a257a000-7f17a2581000 r--p 00000000 00:62 10229411                   /home/ubuntu/.local/lib/python3.10/site-packages/pandas/_libs/tslib.cpython-310-x86_64-linux-gnu.so
7f17a2581000-7f17a25bf000 r-xp 00007000 00:62 10229411                   /home/ubuntu/.local/lib/python3.10/site-packages/pandas/_libs/tslib.cpython-310-x86_64-linux-gnu.so
7f17a25bf000-7f17a25c9000 r--p 00045000 00:62 10229411                   /home/ubuntu/.local/lib/python3.10/site-packages/pandas/_libs/tslib.cpython-310-x86_64-linux-gnu.so
7f17a25c9000-7f17a25cb000 r--p 0004e000 00:62 10229411                   /home/ubuntu/.local/lib/python3.10/site-packages/pandas/_libs/tslib.cpython-310-x86_64-linux-gnu.so
7f17a25cb000-7f17a25cd000 rw-p 00050000 00:62 10229411                   /home/ubuntu/.local/lib/python3.10/site-packages/pandas/_libs/tslib.cpython-310-x86_64-linux-gnu.so
7f17a25cd000-7f17a26ce000 rw-p 00000000 00:00 0 
7f17a26ce000-7f17a26d3000 r--p 00000000 00:62 10229367                   /home/ubuntu/.local/lib/python3.10/site-packages/pandas/_libs/arrays.cpython-310-x86_64-linux-gnu.so
7f17a26d3000-7f17a26e6000 r-xp 00005000 00:62 10229367                   /home/ubuntu/.local/lib/python3.10/site-packages/pandas/_libs/arrays.cpython-310-x86_64-linux-gnu.so
7f17a26e6000-7f17a26ea000 r--p 00018000 00:62 10229367                   /home/ubuntu/.local/lib/python3.10/site-packages/pandas/_libs/arrays.cpython-310-x86_64-linux-gnu.so
7f17a26ea000-7f17a26eb000 r--p 0001c000 00:62 10229367                   /home/ubuntu/.local/lib/python3.10/site-packages/pandas/_libs/arrays.cpython-310-x86_64-linux-gnu.so
7f17a26eb000-7f17a26ed000 rw-p 0001d000 00:62 10229367                   /home/ubuntu/.local/lib/python3.10/site-packages/pandas/_libs/arrays.cpython-310-x86_64-linux-gnu.so
7f17a26ed000-7f17a26f3000 r--p 00000000 00:62 10229373                   /home/ubuntu/.local/lib/python3.10/site-packages/pandas/_libs/hashing.cpython-310-x86_64-linux-gnu.so
7f17a26f3000-7f17a2717000 r-xp 00006000 00:62 10229373                   /home/ubuntu/.local/lib/python3.10/site-packages/pandas/_libs/hashing.cpython-310-x86_64-linux-gnu.so
7f17a2717000-7f17a271e000 r--p 0002a000 00:62 10229373                   /home/ubuntu/.local/lib/python3.10/site-packages/pandas/_libs/hashing.cpython-310-x86_64-linux-gnu.so
7f17a271e000-7f17a271f000 r--p 00031000 00:62 10229373                   /home/ubuntu/.local/lib/python3.10/site-packages/pandas/_libs/hashing.cpython-310-x86_64-linux-gnu.so
7f17a271f000-7f17a2721000 rw-p 00032000 00:62 10229373                   /home/ubuntu/.local/lib/python3.10/site-packages/pandas/_libs/hashing.cpython-310-x86_64-linux-gnu.so
7f17a2721000-7f17a2722000 rw-p 00000000 00:00 0 
7f17a2722000-7f17a2728000 r--p 00000000 00:62 10229393                   /home/ubuntu/.local/lib/python3.10/site-packages/pandas/_libs/ops.cpython-310-x86_64-linux-gnu.so
7f17a2728000-7f17a2756000 r-xp 00006000 00:62 10229393                   /home/ubuntu/.local/lib/python3.10/site-packages/pandas/_libs/ops.cpython-310-x86_64-linux-gnu.so
7f17a2756000-7f17a275e000 r--p 00034000 00:62 10229393                   /home/ubuntu/.local/lib/python3.10/site-packages/pandas/_libs/ops.cpython-310-x86_64-linux-gnu.so
7f17a275e000-7f17a2760000 r--p 0003b000 00:62 10229393                   /home/ubuntu/.local/lib/python3.10/site-packages/pandas/_libs/ops.cpython-310-x86_64-linux-gnu.so
7f17a2760000-7f17a2762000 rw-p 0003d000 00:62 10229393                   /home/ubuntu/.local/lib/python3.10/site-packages/pandas/_libs/ops.cpython-310-x86_64-linux-gnu.so
7f17a2762000-7f17a2963000 rw-p 00000000 00:00 0 
7f17a2963000-7f17a2997000 r--p 00000000 00:62 10173737                   /home/ubuntu/.local/lib/python3.10/site-packages/pyarrow/_compute.cpython-310-x86_64-linux-gnu.so
7f17a2997000-7f17a2a27000 r-xp 00034000 00:62 10173737                   /home/ubuntu/.local/lib/python3.10/site-packages/pyarrow/_compute.cpython-310-x86_64-linux-gnu.so
7f17a2a27000-7f17a2a56000 r--p 000c4000 00:62 10173737                   /home/ubuntu/.local/lib/python3.10/site-packages/pyarrow/_compute.cpython-310-x86_64-linux-gnu.so
7f17a2a56000-7f17a2a5c000 r--p 000f3000 00:62 10173737                   /home/ubuntu/.local/lib/python3.10/site-packages/pyarrow/_compute.cpython-310-x86_64-linux-gnu.so
7f17a2a5c000-7f17a2a69000 rw-p 000f9000 00:62 10173737                   /home/ubuntu/.local/lib/python3.10/site-packages/pyarrow/_compute.cpython-310-x86_64-linux-gnu.so
7f17a2a69000-7f17a2a6d000 rw-p 00000000 00:00 0 
7f17a2a6d000-7f17a2a79000 r--p 00000000 00:62 10229389                   /home/ubuntu/.local/lib/python3.10/site-packages/pandas/_libs/lib.cpython-310-x86_64-linux-gnu.so
7f17a2a79000-7f17a2b1f000 r-xp 0000c000 00:62 10229389                   /home/ubuntu/.local/lib/python3.10/site-packages/pandas/_libs/lib.cpython-310-x86_64-linux-gnu.so
7f17a2b1f000-7f17a2b38000 r--p 000b2000 00:62 10229389                   /home/ubuntu/.local/lib/python3.10/site-packages/pandas/_libs/lib.cpython-310-x86_64-linux-gnu.so
7f17a2b38000-7f17a2b3c000 r--p 000ca000 00:62 10229389                   /home/ubuntu/.local/lib/python3.10/site-packages/pandas/_libs/lib.cpython-310-x86_64-linux-gnu.so
7f17a2b3c000-7f17a2b42000 rw-p 000ce000 00:62 10229389                   /home/ubuntu/.local/lib/python3.10/site-packages/pandas/_libs/lib.cpython-310-x86_64-linux-gnu.so
7f17a2b42000-7f17a2b44000 rw-p 00000000 00:00 0 
7f17a2b44000-7f17a2b50000 r--p 00000000 00:62 10229365                   /home/ubuntu/.local/lib/python3.10/site-packages/pandas/_libs/algos.cpython-310-x86_64-linux-gnu.so
7f17a2b50000-7f17a2d34000 r-xp 0000c000 00:62 10229365                   /home/ubuntu/.local/lib/python3.10/site-packages/pandas/_libs/algos.cpython-310-x86_64-linux-gnu.so
7f17a2d34000-7f17a2d51000 r--p 001f0000 00:62 10229365                   /home/ubuntu/.local/lib/python3.10/site-packages/pandas/_libs/algos.cpython-310-x86_64-linux-gnu.so
7f17a2d51000-7f17a2d54000 r--p 0020d000 00:62 10229365                   /home/ubuntu/.local/lib/python3.10/site-packages/pandas/_libs/algos.cpython-310-x86_64-linux-gnu.so
7f17a2d54000-7f17a2d58000 rw-p 00210000 00:62 10229365                   /home/ubuntu/.local/lib/python3.10/site-packages/pandas/_libs/algos.cpython-310-x86_64-linux-gnu.so
7f17a2d58000-7f17a2e5d000 rw-p 00000000 00:00 0 
7f17a2e5d000-7f17a2e63000 r--p 00000000 00:62 10229446                   /home/ubuntu/.local/lib/python3.10/site-packages/pandas/_libs/tslibs/vectorized.cpython-310-x86_64-linux-gnu.so
7f17a2e63000-7f17a2e8d000 r-xp 00006000 00:62 10229446                   /home/ubuntu/.local/lib/python3.10/site-packages/pandas/_libs/tslibs/vectorized.cpython-310-x86_64-linux-gnu.so
7f17a2e8d000-7f17a2e95000 r--p 00030000 00:62 10229446                   /home/ubuntu/.local/lib/python3.10/site-packages/pandas/_libs/tslibs/vectorized.cpython-310-x86_64-linux-gnu.so
7f17a2e95000-7f17a2e96000 r--p 00038000 00:62 10229446                   /home/ubuntu/.local/lib/python3.10/site-packages/pandas/_libs/tslibs/vectorized.cpython-310-x86_64-linux-gnu.so
7f17a2e96000-7f17a2e98000 rw-p 00039000 00:62 10229446                   /home/ubuntu/.local/lib/python3.10/site-packages/pandas/_libs/tslibs/vectorized.cpython-310-x86_64-linux-gnu.so
7f17a2e98000-7f17a2e99000 rw-p 00000000 00:00 0 
7f17a2e99000-7f17a2ea2000 r--p 00000000 00:62 10229434                   /home/ubuntu/.local/lib/python3.10/site-packages/pandas/_libs/tslibs/period.cpython-310-x86_64-linux-gnu.so
7f17a2ea2000-7f17a2ef8000 r-xp 00009000 00:62 10229434                   /home/ubuntu/.local/lib/python3.10/site-packages/pandas/_libs/tslibs/period.cpython-310-x86_64-linux-gnu.so
7f17a2ef8000-7f17a2f11000 r--p 0005f000 00:62 10229434                   /home/ubuntu/.local/lib/python3.10/site-packages/pandas/_libs/tslibs/period.cpython-310-x86_64-linux-gnu.so
7f17a2f11000-7f17a2f14000 r--p 00077000 00:62 10229434                   /home/ubuntu/.local/lib/python3.10/site-packages/pandas/_libs/tslibs/period.cpython-310-x86_64-linux-gnu.so
7f17a2f14000-7f17a2f17000 rw-p 0007a000 00:62 10229434                   /home/ubuntu/.local/lib/python3.10/site-packages/pandas/_libs/tslibs/period.cpython-310-x86_64-linux-gnu.so
7f17a2f17000-7f17a2f18000 rw-p 00000000 00:00 0 
7f17a2f18000-7f17a2f20000 r--p 00000000 00:62 10229436                   /home/ubuntu/.local/lib/python3.10/site-packages/pandas/_libs/tslibs/strptime.cpython-310-x86_64-linux-gnu.so
7f17a2f20000-7f17a2f68000 r-xp 00008000 00:62 10229436                   /home/ubuntu/.local/lib/python3.10/site-packages/pandas/_libs/tslibs/strptime.cpython-310-x86_64-linux-gnu.so
7f17a2f68000-7f17a2f72000 r--p 00050000 00:62 10229436                   /home/ubuntu/.local/lib/python3.10/site-packages/pandas/_libs/tslibs/strptime.cpython-310-x86_64-linux-gnu.so
7f17a2f72000-7f17a2f74000 r--p 0005a000 00:62 10229436                   /home/ubuntu/.local/lib/python3.10/site-packages/pandas/_libs/tslibs/strptime.cpython-310-x86_64-linux-gnu.so
7f17a2f74000-7f17a2f76000 rw-p 0005c000 00:62 10229436                   /home/ubuntu/.local/lib/python3.10/site-packages/pandas/_libs/tslibs/strptime.cpython-310-x86_64-linux-gnu.so
7f17a2f76000-7f17a2f78000 rw-p 00000000 00:00 0 
7f17a2f78000-7f17a2f81000 r--p 00000000 00:62 10229432                   /home/ubuntu/.local/lib/python3.10/site-packages/pandas/_libs/tslibs/parsing.cpython-310-x86_64-linux-gnu.so
7f17a2f81000-7f17a2fd2000 r-xp 00009000 00:62 10229432                   /home/ubuntu/.local/lib/python3.10/site-packages/pandas/_libs/tslibs/parsing.cpython-310-x86_64-linux-gnu.so
7f17a2fd2000-7f17a2fdf000 r--p 0005a000 00:62 10229432                   /home/ubuntu/.local/lib/python3.10/site-packages/pandas/_libs/tslibs/parsing.cpython-310-x86_64-linux-gnu.so
7f17a2fdf000-7f17a2fe1000 r--p 00067000 00:62 10229432                   /home/ubuntu/.local/lib/python3.10/site-packages/pandas/_libs/tslibs/parsing.cpython-310-x86_64-linux-gnu.so
7f17a2fe1000-7f17a2fe4000 rw-p 00069000 00:62 10229432                   /home/ubuntu/.local/lib/python3.10/site-packages/pandas/_libs/tslibs/parsing.cpython-310-x86_64-linux-gnu.so
7f17a2fe4000-7f17a37e6000 rw-p 00000000 00:00 0 
7f17a37e6000-7f17a37f6000 r--p 00000000 00:62 10229430                   /home/ubuntu/.local/lib/python3.10/site-packages/pandas/_libs/tslibs/offsets.cpython-310-x86_64-linux-gnu.so
7f17a37f6000-7f17a38b5000 r-xp 00010000 00:62 10229430                   /home/ubuntu/.local/lib/python3.10/site-packages/pandas/_libs/tslibs/offsets.cpython-310-x86_64-linux-gnu.so
7f17a38b5000-7f17a38da000 r--p 000cf000 00:62 10229430                   /home/ubuntu/.local/lib/python3.10/site-packages/pandas/_libs/tslibs/offsets.cpython-310-x86_64-linux-gnu.so
7f17a38da000-7f17a38de000 r--p 000f3000 00:62 10229430                   /home/ubuntu/.local/lib/python3.10/site-packages/pandas/_libs/tslibs/offsets.cpython-310-x86_64-linux-gnu.so
7f17a38de000-7f17a38e8000 rw-p 000f7000 00:62 10229430                   /home/ubuntu/.local/lib/python3.10/site-packages/pandas/_libs/tslibs/offsets.cpython-310-x86_64-linux-gnu.so
7f17a38e8000-7f17a38ec000 rw-p 00000000 00:00 0 
7f17a38ec000-7f17a38f3000 r--p 00000000 00:62 10229420                   /home/ubuntu/.local/lib/python3.10/site-packages/pandas/_libs/tslibs/conversion.cpython-310-x86_64-linux-gnu.so
7f17a38f3000-7f17a3929000 r-xp 00007000 00:62 10229420                   /home/ubuntu/.local/lib/python3.10/site-packages/pandas/_libs/tslibs/conversion.cpython-310-x86_64-linux-gnu.so
7f17a3929000-7f17a3933000 r--p 0003d000 00:62 10229420                   /home/ubuntu/.local/lib/python3.10/site-packages/pandas/_libs/tslibs/conversion.cpython-310-x86_64-linux-gnu.so
7f17a3933000-7f17a3935000 r--p 00046000 00:62 10229420                   /home/ubuntu/.local/lib/python3.10/site-packages/pandas/_libs/tslibs/conversion.cpython-310-x86_64-linux-gnu.so
7f17a3935000-7f17a3937000 rw-p 00048000 00:62 10229420                   /home/ubuntu/.local/lib/python3.10/site-packages/pandas/_libs/tslibs/conversion.cpython-310-x86_64-linux-gnu.so
7f17a3937000-7f17a3938000 rw-p 00000000 00:00 0 
7f17a3938000-7f17a394d000 r--p 00000000 00:62 10229375                   /home/ubuntu/.local/lib/python3.10/site-packages/pandas/_libs/hashtable.cpython-310-x86_64-linux-gnu.so
7f17a394d000-7f17a3b16000 r-xp 00015000 00:62 10229375                   /home/ubuntu/.local/lib/python3.10/site-packages/pandas/_libs/hashtable.cpython-310-x86_64-linux-gnu.so
7f17a3b16000-7f17a3b4d000 r--p 001de000 00:62 10229375                   /home/ubuntu/.local/lib/python3.10/site-packages/pandas/_libs/hashtable.cpython-310-x86_64-linux-gnu.so
7f17a3b4d000-7f17a3b52000 r--p 00215000 00:62 10229375                   /home/ubuntu/.local/lib/python3.10/site-packages/pandas/_libs/hashtable.cpython-310-x86_64-linux-gnu.so
7f17a3b52000-7f17a3b5f000 rw-p 0021a000 00:62 10229375                   /home/ubuntu/.local/lib/python3.10/site-packages/pandas/_libs/hashtable.cpython-310-x86_64-linux-gnu.so
7f17a3b5f000-7f17a3c67000 rw-p 00000000 00:00 0 
7f17a3c67000-7f17a3c74000 r--p 00000000 00:62 10229383                   /home/ubuntu/.local/lib/python3.10/site-packages/pandas/_libs/interval.cpython-310-x86_64-linux-gnu.so
7f17a3c74000-7f17a3d96000 r-xp 0000d000 00:62 10229383                   /home/ubuntu/.local/lib/python3.10/site-packages/pandas/_libs/interval.cpython-310-x86_64-linux-gnu.so
7f17a3d96000-7f17a3db4000 r--p 0012f000 00:62 10229383                   /home/ubuntu/.local/lib/python3.10/site-packages/pandas/_libs/interval.cpython-310-x86_64-linux-gnu.so
7f17a3db4000-7f17a3db6000 r--p 0014d000 00:62 10229383                   /home/ubuntu/.local/lib/python3.10/site-packages/pandas/_libs/interval.cpython-310-x86_64-linux-gnu.so
7f17a3db6000-7f17a3dbd000 rw-p 0014f000 00:62 10229383                   /home/ubuntu/.local/lib/python3.10/site-packages/pandas/_libs/interval.cpython-310-x86_64-linux-gnu.so
7f17a3dbd000-7f17a3dbf000 rw-p 00000000 00:00 0 
7f17a3dbf000-7f17a3fff000 rw-p 00000000 00:00 0 
7f17a3fff000-7f17a4000000 ---p 00000000 00:00 0 
7f17a4000000-7f17a4800000 rw-p 00000000 00:00 0 
7f17a4800000-7f17a5000000 rw-p 00000000 00:00 0 
7f17a5002000-7f17a5003000 r--p 00000000 00:62 10237028                   /home/ubuntu/.local/lib/python3.10/site-packages/onnxruntime/capi/libonnxruntime_providers_shared.so
7f17a5003000-7f17a5004000 r-xp 00001000 00:62 10237028                   /home/ubuntu/.local/lib/python3.10/site-packages/onnxruntime/capi/libonnxruntime_providers_shared.so
7f17a5004000-7f17a5005000 r--p 00002000 00:62 10237028                   /home/ubuntu/.local/lib/python3.10/site-packages/onnxruntime/capi/libonnxruntime_providers_shared.so
7f17a5005000-7f17a5006000 r--p 00002000 00:62 10237028                   /home/ubuntu/.local/lib/python3.10/site-packages/onnxruntime/capi/libonnxruntime_providers_shared.so
7f17a5006000-7f17a5007000 rw-p 00000000 00:00 0 
7f17a5007000-7f17a500f000 rw-s 00000000 00:62 10176893                   /tmp/hsperfdata_ubuntu/58966 (deleted)
7f17a500f000-7f17a5013000 r--p 00000000 00:62 10229395                   /home/ubuntu/.local/lib/python3.10/site-packages/pandas/_libs/ops_dispatch.cpython-310-x86_64-linux-gnu.so
7f17a5013000-7f17a501a000 r-xp 00004000 00:62 10229395                   /home/ubuntu/.local/lib/python3.10/site-packages/pandas/_libs/ops_dispatch.cpython-310-x86_64-linux-gnu.so
7f17a501a000-7f17a501c000 r--p 0000b000 00:62 10229395                   /home/ubuntu/.local/lib/python3.10/site-packages/pandas/_libs/ops_dispatch.cpython-310-x86_64-linux-gnu.so
7f17a501c000-7f17a501d000 r--p 0000d000 00:62 10229395                   /home/ubuntu/.local/lib/python3.10/site-packages/pandas/_libs/ops_dispatch.cpython-310-x86_64-linux-gnu.so
7f17a501d000-7f17a501e000 rw-p 0000e000 00:62 10229395                   /home/ubuntu/.local/lib/python3.10/site-packages/pandas/_libs/ops_dispatch.cpython-310-x86_64-linux-gnu.so
7f17a501e000-7f17a5021000 r--p 00000000 00:62 10229417                   /home/ubuntu/.local/lib/python3.10/site-packages/pandas/_libs/tslibs/base.cpython-310-x86_64-linux-gnu.so
7f17a5021000-7f17a5028000 r-xp 00003000 00:62 10229417                   /home/ubuntu/.local/lib/python3.10/site-packages/pandas/_libs/tslibs/base.cpython-310-x86_64-linux-gnu.so
7f17a5028000-7f17a502a000 r--p 0000a000 00:62 10229417                   /home/ubuntu/.local/lib/python3.10/site-packages/pandas/_libs/tslibs/base.cpython-310-x86_64-linux-gnu.so
7f17a502a000-7f17a502b000 r--p 0000c000 00:62 10229417                   /home/ubuntu/.local/lib/python3.10/site-packages/pandas/_libs/tslibs/base.cpython-310-x86_64-linux-gnu.so
7f17a502b000-7f17a502c000 rw-p 0000d000 00:62 10229417                   /home/ubuntu/.local/lib/python3.10/site-packages/pandas/_libs/tslibs/base.cpython-310-x86_64-linux-gnu.so
7f17a502c000-7f17a5030000 r--p 00000000 00:62 10229428                   /home/ubuntu/.local/lib/python3.10/site-packages/pandas/_libs/tslibs/np_datetime.cpython-310-x86_64-linux-gnu.so
7f17a5030000-7f17a5047000 r-xp 00004000 00:62 10229428                   /home/ubuntu/.local/lib/python3.10/site-packages/pandas/_libs/tslibs/np_datetime.cpython-310-x86_64-linux-gnu.so
7f17a5047000-7f17a504c000 r--p 0001b000 00:62 10229428                   /home/ubuntu/.local/lib/python3.10/site-packages/pandas/_libs/tslibs/np_datetime.cpython-310-x86_64-linux-gnu.so
7f17a504c000-7f17a504d000 r--p 00020000 00:62 10229428                   /home/ubuntu/.local/lib/python3.10/site-packages/pandas/_libs/tslibs/np_datetime.cpython-310-x86_64-linux-gnu.so
7f17a504d000-7f17a504e000 rw-p 00021000 00:62 10229428                   /home/ubuntu/.local/lib/python3.10/site-packages/pandas/_libs/tslibs/np_datetime.cpython-310-x86_64-linux-gnu.so
7f17a504e000-7f17a504f000 rw-p 00000000 00:00 0 
7f17a504f000-7f17a5053000 r--p 00000000 00:62 10229418                   /home/ubuntu/.local/lib/python3.10/site-packages/pandas/_libs/tslibs/ccalendar.cpython-310-x86_64-linux-gnu.so
7f17a5053000-7f17a5061000 r-xp 00004000 00:62 10229418                   /home/ubuntu/.local/lib/python3.10/site-packages/pandas/_libs/tslibs/ccalendar.cpython-310-x86_64-linux-gnu.so
7f17a5061000-7f17a5064000 r--p 00012000 00:62 10229418                   /home/ubuntu/.local/lib/python3.10/site-packages/pandas/_libs/tslibs/ccalendar.cpython-310-x86_64-linux-gnu.so
7f17a5064000-7f17a5065000 r--p 00015000 00:62 10229418                   /home/ubuntu/.local/lib/python3.10/site-packages/pandas/_libs/tslibs/ccalendar.cpython-310-x86_64-linux-gnu.so
7f17a5065000-7f17a5066000 rw-p 00016000 00:62 10229418                   /home/ubuntu/.local/lib/python3.10/site-packages/pandas/_libs/tslibs/ccalendar.cpython-310-x86_64-linux-gnu.so
7f17a5066000-7f17a506d000 r--p 00000000 00:62 10229422                   /home/ubuntu/.local/lib/python3.10/site-packages/pandas/_libs/tslibs/dtypes.cpython-310-x86_64-linux-gnu.so
7f17a506d000-7f17a5089000 r-xp 00007000 00:62 10229422                   /home/ubuntu/.local/lib/python3.10/site-packages/pandas/_libs/tslibs/dtypes.cpython-310-x86_64-linux-gnu.so
7f17a5089000-7f17a508f000 r--p 00023000 00:62 10229422                   /home/ubuntu/.local/lib/python3.10/site-packages/pandas/_libs/tslibs/dtypes.cpython-310-x86_64-linux-gnu.so
7f17a508f000-7f17a5091000 r--p 00029000 00:62 10229422                   /home/ubuntu/.local/lib/python3.10/site-packages/pandas/_libs/tslibs/dtypes.cpython-310-x86_64-linux-gnu.so
7f17a5091000-7f17a5092000 rw-p 0002b000 00:62 10229422                   /home/ubuntu/.local/lib/python3.10/site-packages/pandas/_libs/tslibs/dtypes.cpython-310-x86_64-linux-gnu.so
7f17a5092000-7f17a5094000 rw-p 00000000 00:00 0 
7f17a5094000-7f17a509a000 r--p 00000000 00:62 10229391                   /home/ubuntu/.local/lib/python3.10/site-packages/pandas/_libs/missing.cpython-310-x86_64-linux-gnu.so
7f17a509a000-7f17a50ba000 r-xp 00006000 00:62 10229391                   /home/ubuntu/.local/lib/python3.10/site-packages/pandas/_libs/missing.cpython-310-x86_64-linux-gnu.so
7f17a50ba000-7f17a50c1000 r--p 00026000 00:62 10229391                   /home/ubuntu/.local/lib/python3.10/site-packages/pandas/_libs/missing.cpython-310-x86_64-linux-gnu.so
7f17a50c1000-7f17a50c3000 r--p 0002c000 00:62 10229391                   /home/ubuntu/.local/lib/python3.10/site-packages/pandas/_libs/missing.cpython-310-x86_64-linux-gnu.so
7f17a50c3000-7f17a50c5000 rw-p 0002e000 00:62 10229391                   /home/ubuntu/.local/lib/python3.10/site-packages/pandas/_libs/missing.cpython-310-x86_64-linux-gnu.so
7f17a50c5000-7f17a50c6000 rw-p 00000000 00:00 0 
7f17a50c6000-7f17a50c7000 r--p 00000000 00:62 10229397                   /home/ubuntu/.local/lib/python3.10/site-packages/pandas/_libs/pandas_datetime.cpython-310-x86_64-linux-gnu.so
7f17a50c7000-7f17a50cd000 r-xp 00001000 00:62 10229397                   /home/ubuntu/.local/lib/python3.10/site-packages/pandas/_libs/pandas_datetime.cpython-310-x86_64-linux-gnu.so
7f17a50cd000-7f17a50ce000 r--p 00007000 00:62 10229397                   /home/ubuntu/.local/lib/python3.10/site-packages/pandas/_libs/pandas_datetime.cpython-310-x86_64-linux-gnu.so
7f17a50ce000-7f17a50cf000 r--p 00008000 00:62 10229397                   /home/ubuntu/.local/lib/python3.10/site-packages/pandas/_libs/pandas_datetime.cpython-310-x86_64-linux-gnu.so
7f17a50cf000-7f17a50d0000 rw-p 00009000 00:62 10229397                   /home/ubuntu/.local/lib/python3.10/site-packages/pandas/_libs/pandas_datetime.cpython-310-x86_64-linux-gnu.so
7f17a50d0000-7f17a51d0000 rw-p 00000000 00:00 0 
7f17a51d0000-7f17a560f000 r--p 00000000 00:62 10173817                   /home/ubuntu/.local/lib/python3.10/site-packages/pyarrow/libarrow.so.2200
7f17a560f000-7f17a7249000 r-xp 0043f000 00:62 10173817                   /home/ubuntu/.local/lib/python3.10/site-packages/pyarrow/libarrow.so.2200
7f17a7249000-7f17a79a8000 r--p 02079000 00:62 10173817                   /home/ubuntu/.local/lib/python3.10/site-packages/pyarrow/libarrow.so.2200
7f17a79a8000-7f17a7aa7000 r--p 027d8000 00:62 10173817                   /home/ubuntu/.local/lib/python3.10/site-packages/pyarrow/libarrow.so.2200
7f17a7aa7000-7f17a7ae2000 rw-p 028d7000 00:62 10173817                   /home/ubuntu/.local/lib/python3.10/site-packages/pyarrow/libarrow.so.2200
7f17a7ae2000-7f17a7d0d000 rw-p 00000000 00:00 0 
7f17a7d0d000-7f17a7e16000 r--p 00000000 00:62 10173819                   /home/ubuntu/.local/lib/python3.10/site-packages/pyarrow/libarrow_compute.so.2200
7f17a7e16000-7f17a892c000 r-xp 00109000 00:62 10173819                   /home/ubuntu/.local/lib/python3.10/site-packages/pyarrow/libarrow_compute.so.2200
7f17a892c000-7f17a8b40000 r--p 00c1f000 00:62 10173819                   /home/ubuntu/.local/lib/python3.10/site-packages/pyarrow/libarrow_compute.so.2200
7f17a8b40000-7f17a8b5f000 r--p 00e33000 00:62 10173819                   /home/ubuntu/.local/lib/python3.10/site-packages/pyarrow/libarrow_compute.so.2200
7f17a8b5f000-7f17a8b64000 rw-p 00e52000 00:62 10173819                   /home/ubuntu/.local/lib/python3.10/site-packages/pyarrow/libarrow_compute.so.2200
7f17a8b64000-7f17a8b71000 rw-p 00000000 00:00 0 
7f17a8b71000-7f17a8bc6000 r--p 00000000 00:62 10173818                   /home/ubuntu/.local/lib/python3.10/site-packages/pyarrow/libarrow_acero.so.2200
7f17a8bc6000-7f17a8cb8000 r-xp 00055000 00:62 10173818                   /home/ubuntu/.local/lib/python3.10/site-packages/pyarrow/libarrow_acero.so.2200
7f17a8cb8000-7f17a8cf0000 r--p 00147000 00:62 10173818                   /home/ubuntu/.local/lib/python3.10/site-packages/pyarrow/libarrow_acero.so.2200
7f17a8cf0000-7f17a8cf6000 r--p 0017e000 00:62 10173818                   /home/ubuntu/.local/lib/python3.10/site-packages/pyarrow/libarrow_acero.so.2200
7f17a8cf6000-7f17a8cf9000 rw-p 00184000 00:62 10173818                   /home/ubuntu/.local/lib/python3.10/site-packages/pyarrow/libarrow_acero.so.2200
7f17a8cf9000-7f17a8ef3000 r--p 00000000 00:62 10173832                   /home/ubuntu/.local/lib/python3.10/site-packages/pyarrow/libparquet.so.2200
7f17a8ef3000-7f17a9487000 r-xp 001fa000 00:62 10173832                   /home/ubuntu/.local/lib/python3.10/site-packages/pyarrow/libparquet.so.2200
7f17a9487000-7f17a964a000 r--p 0078e000 00:62 10173832                   /home/ubuntu/.local/lib/python3.10/site-packages/pyarrow/libparquet.so.2200
7f17a964a000-7f17a96e5000 r--p 00951000 00:62 10173832                   /home/ubuntu/.local/lib/python3.10/site-packages/pyarrow/libparquet.so.2200
7f17a96e5000-7f17a96f3000 rw-p 009ec000 00:62 10173832                   /home/ubuntu/.local/lib/python3.10/site-packages/pyarrow/libparquet.so.2200
7f17a96f3000-7f17a96f7000 rw-p 00000000 00:00 0 
7f17a96f7000-7f17a979c000 r--p 00000000 00:62 10173820                   /home/ubuntu/.local/lib/python3.10/site-packages/pyarrow/libarrow_dataset.so.2200
7f17a979c000-7f17a9879000 r-xp 000a5000 00:62 10173820                   /home/ubuntu/.local/lib/python3.10/site-packages/pyarrow/libarrow_dataset.so.2200
7f17a9879000-7f17a98bc000 r--p 00182000 00:62 10173820                   /home/ubuntu/.local/lib/python3.10/site-packages/pyarrow/libarrow_dataset.so.2200
7f17a98bc000-7f17a98c5000 r--p 001c4000 00:62 10173820                   /home/ubuntu/.local/lib/python3.10/site-packages/pyarrow/libarrow_dataset.so.2200
7f17a98c5000-7f17a98c7000 rw-p 001cd000 00:62 10173820                   /home/ubuntu/.local/lib/python3.10/site-packages/pyarrow/libarrow_dataset.so.2200
7f17a98c7000-7f17a993a000 r--p 00000000 00:62 10173831                   /home/ubuntu/.local/lib/python3.10/site-packages/pyarrow/libarrow_substrait.so.2200
7f17a993a000-7f17a9c23000 r-xp 00073000 00:62 10173831                   /home/ubuntu/.local/lib/python3.10/site-packages/pyarrow/libarrow_substrait.so.2200
7f17a9c23000-7f17a9cda000 r--p 0035c000 00:62 10173831                   /home/ubuntu/.local/lib/python3.10/site-packages/pyarrow/libarrow_substrait.so.2200
7f17a9cda000-7f17a9ce7000 r--p 00413000 00:62 10173831                   /home/ubuntu/.local/lib/python3.10/site-packages/pyarrow/libarrow_substrait.so.2200
7f17a9ce7000-7f17a9cfd000 rw-p 00420000 00:62 10173831                   /home/ubuntu/.local/lib/python3.10/site-packages/pyarrow/libarrow_substrait.so.2200
7f17a9cfd000-7f17a9cff000 rw-p 00000000 00:00 0 
7f17a9cff000-7f17a9d8a000 r--p 00000000 00:62 10173823                   /home/ubuntu/.local/lib/python3.10/site-packages/pyarrow/libarrow_python.so.2200
7f17a9d8a000-7f17a9eac000 r-xp 0008b000 00:62 10173823                   /home/ubuntu/.local/lib/python3.10/site-packages/pyarrow/libarrow_python.so.2200
7f17a9eac000-7f17a9eef000 r--p 001ad000 00:62 10173823                   /home/ubuntu/.local/lib/python3.10/site-packages/pyarrow/libarrow_python.so.2200
7f17a9eef000-7f17a9efb000 r--p 001f0000 00:62 10173823                   /home/ubuntu/.local/lib/python3.10/site-packages/pyarrow/libarrow_python.so.2200
7f17a9efb000-7f17a9efe000 rw-p 001fc000 00:62 10173823                   /home/ubuntu/.local/lib/python3.10/site-packages/pyarrow/libarrow_python.so.2200
7f17a9efe000-7f17a9f5c000 r--p 00000000 00:62 10173812                   /home/ubuntu/.local/lib/python3.10/site-packages/pyarrow/lib.cpython-310-x86_64-linux-gnu.so
7f17a9f5c000-7f17aa1ad000 r-xp 0005e000 00:62 10173812                   /home/ubuntu/.local/lib/python3.10/site-packages/pyarrow/lib.cpython-310-x86_64-linux-gnu.so
7f17aa1ad000-7f17aa29a000 r--p 002af000 00:62 10173812                   /home/ubuntu/.local/lib/python3.10/site-packages/pyarrow/lib.cpython-310-x86_64-linux-gnu.so
7f17aa29a000-7f17aa2a9000 r--p 0039b000 00:62 10173812                   /home/ubuntu/.local/lib/python3.10/site-packages/pyarrow/lib.cpython-310-x86_64-linux-gnu.so
7f17aa2a9000-7f17aa2d1000 rw-p 003aa000 00:62 10173812                   /home/ubuntu/.local/lib/python3.10/site-packages/pyarrow/lib.cpython-310-x86_64-linux-gnu.so
7f17aa2d1000-7f17aa2df000 rw-p 00000000 00:00 0 
7f17aa2df000-7f17aa2e4000 r--p 00000000 00:62 10226752                   /home/ubuntu/.local/lib/python3.10/site-packages/scipy/ndimage/_ni_label.cpython-310-x86_64-linux-gnu.so
7f17aa2e4000-7f17aa330000 r-xp 00005000 00:62 10226752                   /home/ubuntu/.local/lib/python3.10/site-packages/scipy/ndimage/_ni_label.cpython-310-x86_64-linux-gnu.so
7f17aa330000-7f17aa339000 r--p 00051000 00:62 10226752                   /home/ubuntu/.local/lib/python3.10/site-packages/scipy/ndimage/_ni_label.cpython-310-x86_64-linux-gnu.so
7f17aa339000-7f17aa33a000 ---p 0005a000 00:62 10226752                   /home/ubuntu/.local/lib/python3.10/site-packages/scipy/ndimage/_ni_label.cpython-310-x86_64-linux-gnu.so
7f17aa33a000-7f17aa33b000 r--p 0005a000 00:62 10226752                   /home/ubuntu/.local/lib/python3.10/site-packages/scipy/ndimage/_ni_label.cpython-310-x86_64-linux-gnu.so
7f17aa33b000-7f17aa33e000 rw-p 0005b000 00:62 10226752                   /home/ubuntu/.local/lib/python3.10/site-packages/scipy/ndimage/_ni_label.cpython-310-x86_64-linux-gnu.so
7f17aa33e000-7f17aa340000 r--p 00000000 00:62 10226766                   /home/ubuntu/.local/lib/python3.10/site-packages/scipy/ndimage/_nd_image.cpython-310-x86_64-linux-gnu.so
7f17aa340000-7f17aa35b000 r-xp 00002000 00:62 10226766                   /home/ubuntu/.local/lib/python3.10/site-packages/scipy/ndimage/_nd_image.cpython-310-x86_64-linux-gnu.so
7f17aa35b000-7f17aa35f000 r--p 0001d000 00:62 10226766                   /home/ubuntu/.local/lib/python3.10/site-packages/scipy/ndimage/_nd_image.cpython-310-x86_64-linux-gnu.so
7f17aa35f000-7f17aa360000 r--p 00020000 00:62 10226766                   /home/ubuntu/.local/lib/python3.10/site-packages/scipy/ndimage/_nd_image.cpython-310-x86_64-linux-gnu.so
7f17aa360000-7f17aa361000 rw-p 00021000 00:62 10226766                   /home/ubuntu/.local/lib/python3.10/site-packages/scipy/ndimage/_nd_image.cpython-310-x86_64-linux-gnu.so
7f17aa361000-7f17aa461000 rw-p 00000000 00:00 0 
7f17aa461000-7f17aa466000 r--p 00000000 00:62 10227388                   /home/ubuntu/.local/lib/python3.10/site-packages/scipy/stats/_rcont/rcont.cpython-310-x86_64-linux-gnu.so
7f17aa466000-7f17aa48e000 r-xp 00005000 00:62 10227388                   /home/ubuntu/.local/lib/python3.10/site-packages/scipy/stats/_rcont/rcont.cpython-310-x86_64-linux-gnu.so
7f17aa48e000-7f17aa497000 r--p 0002d000 00:62 10227388                   /home/ubuntu/.local/lib/python3.10/site-packages/scipy/stats/_rcont/rcont.cpython-310-x86_64-linux-gnu.so
7f17aa497000-7f17aa498000 ---p 00036000 00:62 10227388                   /home/ubuntu/.local/lib/python3.10/site-packages/scipy/stats/_rcont/rcont.cpython-310-x86_64-linux-gnu.so
7f17aa498000-7f17aa499000 r--p 00036000 00:62 10227388                   /home/ubuntu/.local/lib/python3.10/site-packages/scipy/stats/_rcont/rcont.cpython-310-x86_64-linux-gnu.so
7f17aa499000-7f17aa49b000 rw-p 00037000 00:62 10227388                   /home/ubuntu/.local/lib/python3.10/site-packages/scipy/stats/_rcont/rcont.cpython-310-x86_64-linux-gnu.so
7f17aa49b000-7f17aa49c000 rw-p 00000000 00:00 0 
7f17aa49c000-7f17aa49e000 r--p 00000000 00:62 10227269                   /home/ubuntu/.local/lib/python3.10/site-packages/scipy/stats/_mvn.cpython-310-x86_64-linux-gnu.so
7f17aa49e000-7f17aa4a7000 r-xp 00002000 00:62 10227269                   /home/ubuntu/.local/lib/python3.10/site-packages/scipy/stats/_mvn.cpython-310-x86_64-linux-gnu.so
7f17aa4a7000-7f17aa4ad000 r--p 0000b000 00:62 10227269                   /home/ubuntu/.local/lib/python3.10/site-packages/scipy/stats/_mvn.cpython-310-x86_64-linux-gnu.so
7f17aa4ad000-7f17aa4ae000 r--p 00010000 00:62 10227269                   /home/ubuntu/.local/lib/python3.10/site-packages/scipy/stats/_mvn.cpython-310-x86_64-linux-gnu.so
7f17aa4ae000-7f17aa4b0000 rw-p 00011000 00:62 10227269                   /home/ubuntu/.local/lib/python3.10/site-packages/scipy/stats/_mvn.cpython-310-x86_64-linux-gnu.so
7f17aa4b0000-7f17aa5a7000 rw-p 00000000 00:00 0 
7f17aa5a7000-7f17aa5ac000 r--p 00000000 00:62 10227257                   /home/ubuntu/.local/lib/python3.10/site-packages/scipy/stats/_ansari_swilk_statistics.cpython-310-x86_64-linux-gnu.so
7f17aa5ac000-7f17aa5d9000 r-xp 00005000 00:62 10227257                   /home/ubuntu/.local/lib/python3.10/site-packages/scipy/stats/_ansari_swilk_statistics.cpython-310-x86_64-linux-gnu.so
7f17aa5d9000-7f17aa5e1000 r--p 00032000 00:62 10227257                   /home/ubuntu/.local/lib/python3.10/site-packages/scipy/stats/_ansari_swilk_statistics.cpython-310-x86_64-linux-gnu.so
7f17aa5e1000-7f17aa5e2000 r--p 00039000 00:62 10227257                   /home/ubuntu/.local/lib/python3.10/site-packages/scipy/stats/_ansari_swilk_statistics.cpython-310-x86_64-linux-gnu.so
7f17aa5e2000-7f17aa5e4000 rw-p 0003a000 00:62 10227257                   /home/ubuntu/.local/lib/python3.10/site-packages/scipy/stats/_ansari_swilk_statistics.cpython-310-x86_64-linux-gnu.so
7f17aa5e4000-7f17aa6e5000 rw-p 00000000 00:00 0 
7f17aa6e5000-7f17aa6e9000 r--p 00000000 00:62 10227300                   /home/ubuntu/.local/lib/python3.10/site-packages/scipy/stats/_stats_pythran.cpython-310-x86_64-linux-gnu.so
7f17aa6e9000-7f17aa703000 r-xp 00004000 00:62 10227300                   /home/ubuntu/.local/lib/python3.10/site-packages/scipy/stats/_stats_pythran.cpython-310-x86_64-linux-gnu.so
7f17aa703000-7f17aa709000 r--p 0001e000 00:62 10227300                   /home/ubuntu/.local/lib/python3.10/site-packages/scipy/stats/_stats_pythran.cpython-310-x86_64-linux-gnu.so
7f17aa709000-7f17aa70a000 r--p 00023000 00:62 10227300                   /home/ubuntu/.local/lib/python3.10/site-packages/scipy/stats/_stats_pythran.cpython-310-x86_64-linux-gnu.so
7f17aa70a000-7f17aa70b000 rw-p 00024000 00:62 10227300                   /home/ubuntu/.local/lib/python3.10/site-packages/scipy/stats/_stats_pythran.cpython-310-x86_64-linux-gnu.so
7f17aa70b000-7f17aa710000 r--p 00000000 00:62 10227279                   /home/ubuntu/.local/lib/python3.10/site-packages/scipy/stats/_biasedurn.cpython-310-x86_64-linux-gnu.so
7f17aa710000-7f17aa73a000 r-xp 00005000 00:62 10227279                   /home/ubuntu/.local/lib/python3.10/site-packages/scipy/stats/_biasedurn.cpython-310-x86_64-linux-gnu.so
7f17aa73a000-7f17aa746000 r--p 0002f000 00:62 10227279                   /home/ubuntu/.local/lib/python3.10/site-packages/scipy/stats/_biasedurn.cpython-310-x86_64-linux-gnu.so
7f17aa746000-7f17aa747000 r--p 0003a000 00:62 10227279                   /home/ubuntu/.local/lib/python3.10/site-packages/scipy/stats/_biasedurn.cpython-310-x86_64-linux-gnu.so
7f17aa747000-7f17aa74a000 rw-p 0003b000 00:62 10227279                   /home/ubuntu/.local/lib/python3.10/site-packages/scipy/stats/_biasedurn.cpython-310-x86_64-linux-gnu.so
7f17aa74a000-7f17aa84d000 rw-p 00000000 00:00 0 
7f17aa84d000-7f17aa853000 r--p 00000000 00:62 10227315                   /home/ubuntu/.local/lib/python3.10/site-packages/scipy/stats/_qmc_cy.cpython-310-x86_64-linux-gnu.so
7f17aa853000-7f17aa87e000 r-xp 00006000 00:62 10227315                   /home/ubuntu/.local/lib/python3.10/site-packages/scipy/stats/_qmc_cy.cpython-310-x86_64-linux-gnu.so
7f17aa87e000-7f17aa887000 r--p 00031000 00:62 10227315                   /home/ubuntu/.local/lib/python3.10/site-packages/scipy/stats/_qmc_cy.cpython-310-x86_64-linux-gnu.so
7f17aa887000-7f17aa888000 r--p 00039000 00:62 10227315                   /home/ubuntu/.local/lib/python3.10/site-packages/scipy/stats/_qmc_cy.cpython-310-x86_64-linux-gnu.so
7f17aa888000-7f17aa88a000 rw-p 0003a000 00:62 10227315                   /home/ubuntu/.local/lib/python3.10/site-packages/scipy/stats/_qmc_cy.cpython-310-x86_64-linux-gnu.so
7f17aa88a000-7f17aa88b000 rw-p 00000000 00:00 0 
7f17aa88b000-7f17aa890000 r--p 00000000 00:62 10227297                   /home/ubuntu/.local/lib/python3.10/site-packages/scipy/stats/_sobol.cpython-310-x86_64-linux-gnu.so
7f17aa890000-7f17aa8d8000 r-xp 00005000 00:62 10227297                   /home/ubuntu/.local/lib/python3.10/site-packages/scipy/stats/_sobol.cpython-310-x86_64-linux-gnu.so
7f17aa8d8000-7f17aa8e2000 r--p 0004d000 00:62 10227297                   /home/ubuntu/.local/lib/python3.10/site-packages/scipy/stats/_sobol.cpython-310-x86_64-linux-gnu.so
7f17aa8e2000-7f17aa8e3000 r--p 00056000 00:62 10227297                   /home/ubuntu/.local/lib/python3.10/site-packages/scipy/stats/_sobol.cpython-310-x86_64-linux-gnu.so
7f17aa8e3000-7f17aa8e6000 rw-p 00057000 00:62 10227297                   /home/ubuntu/.local/lib/python3.10/site-packages/scipy/stats/_sobol.cpython-310-x86_64-linux-gnu.so
7f17aa8e6000-7f17aa9e6000 rw-p 00000000 00:00 0 
7f17aa9e6000-7f17aa9f4000 r--p 00000000 00:62 10226464                   /home/ubuntu/.local/lib/python3.10/site-packages/scipy/special/cython_special.cpython-310-x86_64-linux-gnu.so
7f17aa9f4000-7f17aacb9000 r-xp 0000e000 00:62 10226464                   /home/ubuntu/.local/lib/python3.10/site-packages/scipy/special/cython_special.cpython-310-x86_64-linux-gnu.so
7f17aacb9000-7f17aad01000 r--p 002d3000 00:62 10226464                   /home/ubuntu/.local/lib/python3.10/site-packages/scipy/special/cython_special.cpython-310-x86_64-linux-gnu.so
7f17aad01000-7f17aad02000 r--p 0031a000 00:62 10226464                   /home/ubuntu/.local/lib/python3.10/site-packages/scipy/special/cython_special.cpython-310-x86_64-linux-gnu.so
7f17aad02000-7f17aad07000 rw-p 0031b000 00:62 10226464                   /home/ubuntu/.local/lib/python3.10/site-packages/scipy/special/cython_special.cpython-310-x86_64-linux-gnu.so
7f17aad07000-7f17aad0a000 rw-p 00000000 00:00 0 
7f17aad0a000-7f17aad10000 r--p 00000000 00:62 10227263                   /home/ubuntu/.local/lib/python3.10/site-packages/scipy/stats/_stats.cpython-310-x86_64-linux-gnu.so
7f17aad10000-7f17aada4000 r-xp 00006000 00:62 10227263                   /home/ubuntu/.local/lib/python3.10/site-packages/scipy/stats/_stats.cpython-310-x86_64-linux-gnu.so
7f17aada4000-7f17aadb2000 r--p 0009a000 00:62 10227263                   /home/ubuntu/.local/lib/python3.10/site-packages/scipy/stats/_stats.cpython-310-x86_64-linux-gnu.so
7f17aadb2000-7f17aadb3000 r--p 000a7000 00:62 10227263                   /home/ubuntu/.local/lib/python3.10/site-packages/scipy/stats/_stats.cpython-310-x86_64-linux-gnu.so
7f17aadb3000-7f17aadb6000 rw-p 000a8000 00:62 10227263                   /home/ubuntu/.local/lib/python3.10/site-packages/scipy/stats/_stats.cpython-310-x86_64-linux-gnu.so
7f17aadb6000-7f17aadb8000 rw-p 00000000 00:00 0 
7f17aadb8000-7f17aadbe000 r--p 00000000 00:62 10227514                   /home/ubuntu/.local/lib/python3.10/site-packages/scipy/interpolate/_bspl.cpython-310-x86_64-linux-gnu.so
7f17aadbe000-7f17aadf4000 r-xp 00006000 00:62 10227514                   /home/ubuntu/.local/lib/python3.10/site-packages/scipy/interpolate/_bspl.cpython-310-x86_64-linux-gnu.so
7f17aadf4000-7f17aae01000 r--p 0003c000 00:62 10227514                   /home/ubuntu/.local/lib/python3.10/site-packages/scipy/interpolate/_bspl.cpython-310-x86_64-linux-gnu.so
7f17aae01000-7f17aae02000 r--p 00048000 00:62 10227514                   /home/ubuntu/.local/lib/python3.10/site-packages/scipy/interpolate/_bspl.cpython-310-x86_64-linux-gnu.so
7f17aae02000-7f17aae04000 rw-p 00049000 00:62 10227514                   /home/ubuntu/.local/lib/python3.10/site-packages/scipy/interpolate/_bspl.cpython-310-x86_64-linux-gnu.so
7f17aae04000-7f17aae05000 rw-p 00000000 00:00 0 
7f17aae05000-7f17aae08000 rw-p 0005f000 00:62 10227514                   /home/ubuntu/.local/lib/python3.10/site-packages/scipy/interpolate/_bspl.cpython-310-x86_64-linux-gnu.so
7f17aae08000-7f17aae0a000 rw-p 00062000 00:62 10227514                   /home/ubuntu/.local/lib/python3.10/site-packages/scipy/interpolate/_bspl.cpython-310-x86_64-linux-gnu.so
7f17aae0a000-7f17aae0f000 r--p 00000000 00:62 10227517                   /home/ubuntu/.local/lib/python3.10/site-packages/scipy/interpolate/_rgi_cython.cpython-310-x86_64-linux-gnu.so
7f17aae0f000-7f17aae40000 r-xp 00005000 00:62 10227517                   /home/ubuntu/.local/lib/python3.10/site-packages/scipy/interpolate/_rgi_cython.cpython-310-x86_64-linux-gnu.so
7f17aae40000-7f17aae48000 r--p 00036000 00:62 10227517                   /home/ubuntu/.local/lib/python3.10/site-packages/scipy/interpolate/_rgi_cython.cpython-310-x86_64-linux-gnu.so
7f17aae48000-7f17aae49000 r--p 0003d000 00:62 10227517                   /home/ubuntu/.local/lib/python3.10/site-packages/scipy/interpolate/_rgi_cython.cpython-310-x86_64-linux-gnu.so
7f17aae49000-7f17aae4b000 rw-p 0003e000 00:62 10227517                   /home/ubuntu/.local/lib/python3.10/site-packages/scipy/interpolate/_rgi_cython.cpython-310-x86_64-linux-gnu.so
7f17aae4b000-7f17aae4c000 rw-p 00000000 00:00 0 
7f17aae4c000-7f17aae50000 r--p 00000000 00:62 10227507                   /home/ubuntu/.local/lib/python3.10/site-packages/scipy/interpolate/_rbfinterp_pythran.cpython-310-x86_64-linux-gnu.so
7f17aae50000-7f17aae7b000 r-xp 00004000 00:62 10227507                   /home/ubuntu/.local/lib/python3.10/site-packages/scipy/interpolate/_rbfinterp_pythran.cpython-310-x86_64-linux-gnu.so
7f17aae7b000-7f17aae81000 r--p 0002f000 00:62 10227507                   /home/ubuntu/.local/lib/python3.10/site-packages/scipy/interpolate/_rbfinterp_pythran.cpython-310-x86_64-linux-gnu.so
7f17aae81000-7f17aae82000 r--p 00034000 00:62 10227507                   /home/ubuntu/.local/lib/python3.10/site-packages/scipy/interpolate/_rbfinterp_pythran.cpython-310-x86_64-linux-gnu.so
7f17aae82000-7f17aae83000 rw-p 00035000 00:62 10227507                   /home/ubuntu/.local/lib/python3.10/site-packages/scipy/interpolate/_rbfinterp_pythran.cpython-310-x86_64-linux-gnu.so
7f17aae83000-7f17aaf83000 rw-p 00000000 00:00 0 
7f17aaf83000-7f17aaf89000 r--p 00000000 00:62 10227521                   /home/ubuntu/.local/lib/python3.10/site-packages/scipy/interpolate/_interpnd.cpython-310-x86_64-linux-gnu.so
7f17aaf89000-7f17aafd9000 r-xp 00006000 00:62 10227521                   /home/ubuntu/.local/lib/python3.10/site-packages/scipy/interpolate/_interpnd.cpython-310-x86_64-linux-gnu.so
7f17aafd9000-7f17aafe5000 r--p 00056000 00:62 10227521                   /home/ubuntu/.local/lib/python3.10/site-packages/scipy/interpolate/_interpnd.cpython-310-x86_64-linux-gnu.so
7f17aafe5000-7f17aafe6000 r--p 00061000 00:62 10227521                   /home/ubuntu/.local/lib/python3.10/site-packages/scipy/interpolate/_interpnd.cpython-310-x86_64-linux-gnu.so
7f17aafe6000-7f17aafe9000 rw-p 00062000 00:62 10227521                   /home/ubuntu/.local/lib/python3.10/site-packages/scipy/interpolate/_interpnd.cpython-310-x86_64-linux-gnu.so
7f17aafe9000-7f17aafea000 rw-p 00000000 00:00 0 
7f17aafea000-7f17aafef000 r--p 00000000 00:62 10227494                   /home/ubuntu/.local/lib/python3.10/site-packages/scipy/interpolate/_ppoly.cpython-310-x86_64-linux-gnu.so
7f17aafef000-7f17ab045000 r-xp 00005000 00:62 10227494                   /home/ubuntu/.local/lib/python3.10/site-packages/scipy/interpolate/_ppoly.cpython-310-x86_64-linux-gnu.so
7f17ab045000-7f17ab050000 r--p 0005b000 00:62 10227494                   /home/ubuntu/.local/lib/python3.10/site-packages/scipy/interpolate/_ppoly.cpython-310-x86_64-linux-gnu.so
7f17ab050000-7f17ab051000 r--p 00065000 00:62 10227494                   /home/ubuntu/.local/lib/python3.10/site-packages/scipy/interpolate/_ppoly.cpython-310-x86_64-linux-gnu.so
7f17ab051000-7f17ab053000 rw-p 00066000 00:62 10227494                   /home/ubuntu/.local/lib/python3.10/site-packages/scipy/interpolate/_ppoly.cpython-310-x86_64-linux-gnu.so
7f17ab053000-7f17ab054000 rw-p 00000000 00:00 0 
7f17ab054000-7f17ab057000 r--p 00000000 00:62 10227515                   /home/ubuntu/.local/lib/python3.10/site-packages/scipy/interpolate/_dierckx.cpython-310-x86_64-linux-gnu.so
7f17ab057000-7f17ab063000 r-xp 00003000 00:62 10227515                   /home/ubuntu/.local/lib/python3.10/site-packages/scipy/interpolate/_dierckx.cpython-310-x86_64-linux-gnu.so
7f17ab063000-7f17ab068000 r--p 0000f000 00:62 10227515                   /home/ubuntu/.local/lib/python3.10/site-packages/scipy/interpolate/_dierckx.cpython-310-x86_64-linux-gnu.so
7f17ab068000-7f17ab069000 r--p 00013000 00:62 10227515                   /home/ubuntu/.local/lib/python3.10/site-packages/scipy/interpolate/_dierckx.cpython-310-x86_64-linux-gnu.so
7f17ab069000-7f17ab06b000 rw-p 00014000 00:62 10227515                   /home/ubuntu/.local/lib/python3.10/site-packages/scipy/interpolate/_dierckx.cpython-310-x86_64-linux-gnu.so
7f17ab06b000-7f17ab06d000 rw-p 00020000 00:62 10227515                   /home/ubuntu/.local/lib/python3.10/site-packages/scipy/interpolate/_dierckx.cpython-310-x86_64-linux-gnu.so
7f17ab06d000-7f17ab06e000 rw-p 00022000 00:62 10227515                   /home/ubuntu/.local/lib/python3.10/site-packages/scipy/interpolate/_dierckx.cpython-310-x86_64-linux-gnu.so
7f17ab06e000-7f17ab072000 r--p 00000000 00:62 10227502                   /home/ubuntu/.local/lib/python3.10/site-packages/scipy/interpolate/_dfitpack.cpython-310-x86_64-linux-gnu.so
7f17ab072000-7f17ab0a8000 r-xp 00004000 00:62 10227502                   /home/ubuntu/.local/lib/python3.10/site-packages/scipy/interpolate/_dfitpack.cpython-310-x86_64-linux-gnu.so
7f17ab0a8000-7f17ab0b4000 r--p 0003a000 00:62 10227502                   /home/ubuntu/.local/lib/python3.10/site-packages/scipy/interpolate/_dfitpack.cpython-310-x86_64-linux-gnu.so
7f17ab0b4000-7f17ab0b5000 ---p 00046000 00:62 10227502                   /home/ubuntu/.local/lib/python3.10/site-packages/scipy/interpolate/_dfitpack.cpython-310-x86_64-linux-gnu.so
7f17ab0b5000-7f17ab0b6000 r--p 00046000 00:62 10227502                   /home/ubuntu/.local/lib/python3.10/site-packages/scipy/interpolate/_dfitpack.cpython-310-x86_64-linux-gnu.so
7f17ab0b6000-7f17ab0be000 rw-p 00047000 00:62 10227502                   /home/ubuntu/.local/lib/python3.10/site-packages/scipy/interpolate/_dfitpack.cpython-310-x86_64-linux-gnu.so
7f17ab0be000-7f17ab0c0000 rw-p 00052000 00:62 10227502                   /home/ubuntu/.local/lib/python3.10/site-packages/scipy/interpolate/_dfitpack.cpython-310-x86_64-linux-gnu.so
7f17ab0c0000-7f17ab0c1000 rw-p 00054000 00:62 10227502                   /home/ubuntu/.local/lib/python3.10/site-packages/scipy/interpolate/_dfitpack.cpython-310-x86_64-linux-gnu.so
7f17ab0c1000-7f17ab0c2000 r--p 00000000 00:62 10227498                   /home/ubuntu/.local/lib/python3.10/site-packages/scipy/interpolate/_fitpack.cpython-310-x86_64-linux-gnu.so
7f17ab0c2000-7f17ab0d2000 r-xp 00001000 00:62 10227498                   /home/ubuntu/.local/lib/python3.10/site-packages/scipy/interpolate/_fitpack.cpython-310-x86_64-linux-gnu.so
7f17ab0d2000-7f17ab0d4000 r--p 00011000 00:62 10227498                   /home/ubuntu/.local/lib/python3.10/site-packages/scipy/interpolate/_fitpack.cpython-310-x86_64-linux-gnu.so
7f17ab0d4000-7f17ab0d5000 r--p 00012000 00:62 10227498                   /home/ubuntu/.local/lib/python3.10/site-packages/scipy/interpolate/_fitpack.cpython-310-x86_64-linux-gnu.so
7f17ab0d5000-7f17ab0d6000 rw-p 00013000 00:62 10227498                   /home/ubuntu/.local/lib/python3.10/site-packages/scipy/interpolate/_fitpack.cpython-310-x86_64-linux-gnu.so
7f17ab0d6000-7f17ab0d7000 rw-p 00015000 00:62 10227498                   /home/ubuntu/.local/lib/python3.10/site-packages/scipy/interpolate/_fitpack.cpython-310-x86_64-linux-gnu.so
7f17ab0d7000-7f17ab0d8000 rw-p 00016000 00:62 10227498                   /home/ubuntu/.local/lib/python3.10/site-packages/scipy/interpolate/_fitpack.cpython-310-x86_64-linux-gnu.so
7f17ab0d8000-7f17ab1d8000 rw-p 00000000 00:00 0 
7f17ab1d8000-7f17ab1f4000 r--p 00000000 00:62 10226100                   /home/ubuntu/.local/lib/python3.10/site-packages/scipy/integrate/_lsoda.cpython-310-x86_64-linux-gnu.so
7f17ab1f4000-7f17ab20f000 r-xp 0001c000 00:62 10226100                   /home/ubuntu/.local/lib/python3.10/site-packages/scipy/integrate/_lsoda.cpython-310-x86_64-linux-gnu.so
7f17ab20f000-7f17ab21e000 r--p 00037000 00:62 10226100                   /home/ubuntu/.local/lib/python3.10/site-packages/scipy/integrate/_lsoda.cpython-310-x86_64-linux-gnu.so
7f17ab21e000-7f17ab21f000 ---p 00046000 00:62 10226100                   /home/ubuntu/.local/lib/python3.10/site-packages/scipy/integrate/_lsoda.cpython-310-x86_64-linux-gnu.so
7f17ab21f000-7f17ab220000 r--p 00046000 00:62 10226100                   /home/ubuntu/.local/lib/python3.10/site-packages/scipy/integrate/_lsoda.cpython-310-x86_64-linux-gnu.so
7f17ab220000-7f17ab225000 rw-p 00047000 00:62 10226100                   /home/ubuntu/.local/lib/python3.10/site-packages/scipy/integrate/_lsoda.cpython-310-x86_64-linux-gnu.so
7f17ab225000-7f17ab236000 rw-p 00067000 00:62 10226100                   /home/ubuntu/.local/lib/python3.10/site-packages/scipy/integrate/_lsoda.cpython-310-x86_64-linux-gnu.so
7f17ab236000-7f17ab23d000 rw-p 00078000 00:62 10226100                   /home/ubuntu/.local/lib/python3.10/site-packages/scipy/integrate/_lsoda.cpython-310-x86_64-linux-gnu.so
7f17ab23d000-7f17ab240000 r--p 00000000 00:62 10226101                   /home/ubuntu/.local/lib/python3.10/site-packages/scipy/integrate/_dop.cpython-310-x86_64-linux-gnu.so
7f17ab240000-7f17ab24e000 r-xp 00003000 00:62 10226101                   /home/ubuntu/.local/lib/python3.10/site-packages/scipy/integrate/_dop.cpython-310-x86_64-linux-gnu.so
7f17ab24e000-7f17ab252000 r--p 00011000 00:62 10226101                   /home/ubuntu/.local/lib/python3.10/site-packages/scipy/integrate/_dop.cpython-310-x86_64-linux-gnu.so
7f17ab252000-7f17ab253000 r--p 00014000 00:62 10226101                   /home/ubuntu/.local/lib/python3.10/site-packages/scipy/integrate/_dop.cpython-310-x86_64-linux-gnu.so
7f17ab253000-7f17ab255000 rw-p 00015000 00:62 10226101                   /home/ubuntu/.local/lib/python3.10/site-packages/scipy/integrate/_dop.cpython-310-x86_64-linux-gnu.so
7f17ab255000-7f17ab257000 rw-p 0001a000 00:62 10226101                   /home/ubuntu/.local/lib/python3.10/site-packages/scipy/integrate/_dop.cpython-310-x86_64-linux-gnu.so
7f17ab257000-7f17ab258000 rw-p 0001c000 00:62 10226101                   /home/ubuntu/.local/lib/python3.10/site-packages/scipy/integrate/_dop.cpython-310-x86_64-linux-gnu.so
7f17ab258000-7f17ab274000 r--p 00000000 00:62 10226111                   /home/ubuntu/.local/lib/python3.10/site-packages/scipy/integrate/_vode.cpython-310-x86_64-linux-gnu.so
7f17ab274000-7f17ab299000 r-xp 0001c000 00:62 10226111                   /home/ubuntu/.local/lib/python3.10/site-packages/scipy/integrate/_vode.cpython-310-x86_64-linux-gnu.so
7f17ab299000-7f17ab2aa000 r--p 00041000 00:62 10226111                   /home/ubuntu/.local/lib/python3.10/site-packages/scipy/integrate/_vode.cpython-310-x86_64-linux-gnu.so
7f17ab2aa000-7f17ab2ab000 r--p 00051000 00:62 10226111                   /home/ubuntu/.local/lib/python3.10/site-packages/scipy/integrate/_vode.cpython-310-x86_64-linux-gnu.so
7f17ab2ab000-7f17ab2b0000 rw-p 00052000 00:62 10226111                   /home/ubuntu/.local/lib/python3.10/site-packages/scipy/integrate/_vode.cpython-310-x86_64-linux-gnu.so
7f17ab2b0000-7f17ab2c1000 rw-p 00073000 00:62 10226111                   /home/ubuntu/.local/lib/python3.10/site-packages/scipy/integrate/_vode.cpython-310-x86_64-linux-gnu.so
7f17ab2c1000-7f17ab2c8000 rw-p 00084000 00:62 10226111                   /home/ubuntu/.local/lib/python3.10/site-packages/scipy/integrate/_vode.cpython-310-x86_64-linux-gnu.so
7f17ab2c8000-7f17ab2ca000 r--p 00000000 00:62 10226112                   /home/ubuntu/.local/lib/python3.10/site-packages/scipy/integrate/_quadpack.cpython-310-x86_64-linux-gnu.so
7f17ab2ca000-7f17ab2de000 r-xp 00002000 00:62 10226112                   /home/ubuntu/.local/lib/python3.10/site-packages/scipy/integrate/_quadpack.cpython-310-x86_64-linux-gnu.so
7f17ab2de000-7f17ab2e1000 r--p 00016000 00:62 10226112                   /home/ubuntu/.local/lib/python3.10/site-packages/scipy/integrate/_quadpack.cpython-310-x86_64-linux-gnu.so
7f17ab2e1000-7f17ab2e2000 r--p 00018000 00:62 10226112                   /home/ubuntu/.local/lib/python3.10/site-packages/scipy/integrate/_quadpack.cpython-310-x86_64-linux-gnu.so
7f17ab2e2000-7f17ab2e3000 rw-p 00019000 00:62 10226112                   /home/ubuntu/.local/lib/python3.10/site-packages/scipy/integrate/_quadpack.cpython-310-x86_64-linux-gnu.so
7f17ab2e3000-7f17ab2fe000 r--p 00000000 00:62 10226108                   /home/ubuntu/.local/lib/python3.10/site-packages/scipy/integrate/_odepack.cpython-310-x86_64-linux-gnu.so
7f17ab2fe000-7f17ab316000 r-xp 0001b000 00:62 10226108                   /home/ubuntu/.local/lib/python3.10/site-packages/scipy/integrate/_odepack.cpython-310-x86_64-linux-gnu.so
7f17ab316000-7f17ab324000 r--p 00033000 00:62 10226108                   /home/ubuntu/.local/lib/python3.10/site-packages/scipy/integrate/_odepack.cpython-310-x86_64-linux-gnu.so
7f17ab324000-7f17ab325000 r--p 00040000 00:62 10226108                   /home/ubuntu/.local/lib/python3.10/site-packages/scipy/integrate/_odepack.cpython-310-x86_64-linux-gnu.so
7f17ab325000-7f17ab329000 rw-p 00041000 00:62 10226108                   /home/ubuntu/.local/lib/python3.10/site-packages/scipy/integrate/_odepack.cpython-310-x86_64-linux-gnu.so
7f17ab329000-7f17ab32a000 rw-p 00000000 00:00 0 
7f17ab32a000-7f17ab33a000 rw-p 0005f000 00:62 10226108                   /home/ubuntu/.local/lib/python3.10/site-packages/scipy/integrate/_odepack.cpython-310-x86_64-linux-gnu.so
7f17ab33a000-7f17ab340000 rw-p 0006f000 00:62 10226108                   /home/ubuntu/.local/lib/python3.10/site-packages/scipy/integrate/_odepack.cpython-310-x86_64-linux-gnu.so
7f17ab340000-7f17ab345000 r--p 00000000 00:62 10226218                   /home/ubuntu/.local/lib/python3.10/site-packages/scipy/optimize/_pava_pybind.cpython-310-x86_64-linux-gnu.so
7f17ab345000-7f17ab35e000 r-xp 00005000 00:62 10226218                   /home/ubuntu/.local/lib/python3.10/site-packages/scipy/optimize/_pava_pybind.cpython-310-x86_64-linux-gnu.so
7f17ab35e000-7f17ab367000 r--p 0001e000 00:62 10226218                   /home/ubuntu/.local/lib/python3.10/site-packages/scipy/optimize/_pava_pybind.cpython-310-x86_64-linux-gnu.so
7f17ab367000-7f17ab368000 r--p 00026000 00:62 10226218                   /home/ubuntu/.local/lib/python3.10/site-packages/scipy/optimize/_pava_pybind.cpython-310-x86_64-linux-gnu.so
7f17ab368000-7f17ab369000 rw-p 00027000 00:62 10226218                   /home/ubuntu/.local/lib/python3.10/site-packages/scipy/optimize/_pava_pybind.cpython-310-x86_64-linux-gnu.so
7f17ab369000-7f17ab469000 rw-p 00000000 00:00 0 
7f17ab469000-7f17ab46f000 r--p 00000000 00:62 10226214                   /home/ubuntu/.local/lib/python3.10/site-packages/scipy/optimize/_bglu_dense.cpython-310-x86_64-linux-gnu.so
7f17ab46f000-7f17ab4aa000 r-xp 00006000 00:62 10226214                   /home/ubuntu/.local/lib/python3.10/site-packages/scipy/optimize/_bglu_dense.cpython-310-x86_64-linux-gnu.so
7f17ab4aa000-7f17ab4b4000 r--p 00041000 00:62 10226214                   /home/ubuntu/.local/lib/python3.10/site-packages/scipy/optimize/_bglu_dense.cpython-310-x86_64-linux-gnu.so
7f17ab4b4000-7f17ab4b5000 ---p 0004b000 00:62 10226214                   /home/ubuntu/.local/lib/python3.10/site-packages/scipy/optimize/_bglu_dense.cpython-310-x86_64-linux-gnu.so
7f17ab4b5000-7f17ab4b6000 r--p 0004b000 00:62 10226214                   /home/ubuntu/.local/lib/python3.10/site-packages/scipy/optimize/_bglu_dense.cpython-310-x86_64-linux-gnu.so
7f17ab4b6000-7f17ab4b9000 rw-p 0004c000 00:62 10226214                   /home/ubuntu/.local/lib/python3.10/site-packages/scipy/optimize/_bglu_dense.cpython-310-x86_64-linux-gnu.so
7f17ab4b9000-7f17ab4ba000 rw-p 00000000 00:00 0 
7f17ab4ba000-7f17ab4c1000 r--p 00000000 00:62 10227483                   /home/ubuntu/.local/lib/python3.10/site-packages/scipy/fft/_pocketfft/pypocketfft.cpython-310-x86_64-linux-gnu.so
7f17ab4c1000-7f17ab59a000 r-xp 00007000 00:62 10227483                   /home/ubuntu/.local/lib/python3.10/site-packages/scipy/fft/_pocketfft/pypocketfft.cpython-310-x86_64-linux-gnu.so
7f17ab59a000-7f17ab5b4000 r--p 000e0000 00:62 10227483                   /home/ubuntu/.local/lib/python3.10/site-packages/scipy/fft/_pocketfft/pypocketfft.cpython-310-x86_64-linux-gnu.so
7f17ab5b4000-7f17ab5b5000 ---p 000fa000 00:62 10227483                   /home/ubuntu/.local/lib/python3.10/site-packages/scipy/fft/_pocketfft/pypocketfft.cpython-310-x86_64-linux-gnu.so
7f17ab5b5000-7f17ab5b6000 r--p 000fa000 00:62 10227483                   /home/ubuntu/.local/lib/python3.10/site-packages/scipy/fft/_pocketfft/pypocketfft.cpython-310-x86_64-linux-gnu.so
7f17ab5b6000-7f17ab5b7000 rw-p 000fb000 00:62 10227483                   /home/ubuntu/.local/lib/python3.10/site-packages/scipy/fft/_pocketfft/pypocketfft.cpython-310-x86_64-linux-gnu.so
7f17ab5b7000-7f17ab5b9000 rw-p 00000000 00:00 0 
7f17ab5b9000-7f17ab5bd000 r--p 00000000 00:62 10226661                   /home/ubuntu/.local/lib/python3.10/site-packages/scipy/_lib/_uarray/_uarray.cpython-310-x86_64-linux-gnu.so
7f17ab5bd000-7f17ab5d0000 r-xp 00004000 00:62 10226661                   /home/ubuntu/.local/lib/python3.10/site-packages/scipy/_lib/_uarray/_uarray.cpython-310-x86_64-linux-gnu.so
7f17ab5d0000-7f17ab5d6000 r--p 00017000 00:62 10226661                   /home/ubuntu/.local/lib/python3.10/site-packages/scipy/_lib/_uarray/_uarray.cpython-310-x86_64-linux-gnu.so
7f17ab5d6000-7f17ab5d7000 r--p 0001c000 00:62 10226661                   /home/ubuntu/.local/lib/python3.10/site-packages/scipy/_lib/_uarray/_uarray.cpython-310-x86_64-linux-gnu.so
7f17ab5d7000-7f17ab5d8000 rw-p 0001d000 00:62 10226661                   /home/ubuntu/.local/lib/python3.10/site-packages/scipy/_lib/_uarray/_uarray.cpython-310-x86_64-linux-gnu.so
7f17ab5d8000-7f17ab5dd000 r--p 00000000 00:62 10226387                   /home/ubuntu/.local/lib/python3.10/site-packages/scipy/linalg/_decomp_interpolative.cpython-310-x86_64-linux-gnu.so
7f17ab5dd000-7f17ab6ba000 r-xp 00005000 00:62 10226387                   /home/ubuntu/.local/lib/python3.10/site-packages/scipy/linalg/_decomp_interpolative.cpython-310-x86_64-linux-gnu.so
7f17ab6ba000-7f17ab6c7000 r--p 000e2000 00:62 10226387                   /home/ubuntu/.local/lib/python3.10/site-packages/scipy/linalg/_decomp_interpolative.cpython-310-x86_64-linux-gnu.so
7f17ab6c7000-7f17ab6c8000 r--p 000ee000 00:62 10226387                   /home/ubuntu/.local/lib/python3.10/site-packages/scipy/linalg/_decomp_interpolative.cpython-310-x86_64-linux-gnu.so
7f17ab6c8000-7f17ab6ca000 rw-p 000ef000 00:62 10226387                   /home/ubuntu/.local/lib/python3.10/site-packages/scipy/linalg/_decomp_interpolative.cpython-310-x86_64-linux-gnu.so
7f17ab6ca000-7f17ab6cc000 rw-p 00000000 00:00 0 
7f17ab6cc000-7f17ab6d2000 r--p 00000000 00:62 10226226                   /home/ubuntu/.local/lib/python3.10/site-packages/scipy/optimize/_highspy/_highs_options.cpython-310-x86_64-linux-gnu.so
7f17ab6d2000-7f17ab707000 r-xp 00006000 00:62 10226226                   /home/ubuntu/.local/lib/python3.10/site-packages/scipy/optimize/_highspy/_highs_options.cpython-310-x86_64-linux-gnu.so
7f17ab707000-7f17ab718000 r--p 0003b000 00:62 10226226                   /home/ubuntu/.local/lib/python3.10/site-packages/scipy/optimize/_highspy/_highs_options.cpython-310-x86_64-linux-gnu.so
7f17ab718000-7f17ab719000 r--p 0004b000 00:62 10226226                   /home/ubuntu/.local/lib/python3.10/site-packages/scipy/optimize/_highspy/_highs_options.cpython-310-x86_64-linux-gnu.so
7f17ab719000-7f17ab71a000 rw-p 0004c000 00:62 10226226                   /home/ubuntu/.local/lib/python3.10/site-packages/scipy/optimize/_highspy/_highs_options.cpython-310-x86_64-linux-gnu.so
7f17ab71a000-7f17ab72c000 r--p 00000000 00:62 10226225                   /home/ubuntu/.local/lib/python3.10/site-packages/scipy/optimize/_highspy/_core.cpython-310-x86_64-linux-gnu.so
7f17ab72c000-7f17abb19000 r-xp 00012000 00:62 10226225                   /home/ubuntu/.local/lib/python3.10/site-packages/scipy/optimize/_highspy/_core.cpython-310-x86_64-linux-gnu.so
7f17abb19000-7f17abbba000 r--p 003ff000 00:62 10226225                   /home/ubuntu/.local/lib/python3.10/site-packages/scipy/optimize/_highspy/_core.cpython-310-x86_64-linux-gnu.so
7f17abbba000-7f17abbbf000 r--p 0049f000 00:62 10226225                   /home/ubuntu/.local/lib/python3.10/site-packages/scipy/optimize/_highspy/_core.cpython-310-x86_64-linux-gnu.so
7f17abbbf000-7f17abbc0000 rw-p 004a4000 00:62 10226225                   /home/ubuntu/.local/lib/python3.10/site-packages/scipy/optimize/_highspy/_core.cpython-310-x86_64-linux-gnu.so
7f17abbc0000-7f17abbc5000 rw-p 00000000 00:00 0 
7f17abbc5000-7f17abbc8000 r--p 00000000 00:62 10226186                   /home/ubuntu/.local/lib/python3.10/site-packages/scipy/optimize/_cython_nnls.cpython-310-x86_64-linux-gnu.so
7f17abbc8000-7f17abbda000 r-xp 00003000 00:62 10226186                   /home/ubuntu/.local/lib/python3.10/site-packages/scipy/optimize/_cython_nnls.cpython-310-x86_64-linux-gnu.so
7f17abbda000-7f17abbde000 r--p 00015000 00:62 10226186                   /home/ubuntu/.local/lib/python3.10/site-packages/scipy/optimize/_cython_nnls.cpython-310-x86_64-linux-gnu.so
7f17abbde000-7f17abbdf000 r--p 00018000 00:62 10226186                   /home/ubuntu/.local/lib/python3.10/site-packages/scipy/optimize/_cython_nnls.cpython-310-x86_64-linux-gnu.so
7f17abbdf000-7f17abbe0000 rw-p 00019000 00:62 10226186                   /home/ubuntu/.local/lib/python3.10/site-packages/scipy/optimize/_cython_nnls.cpython-310-x86_64-linux-gnu.so
7f17abbe0000-7f17abce0000 rw-p 00000000 00:00 0 
7f17abce0000-7f17abce5000 r--p 00000000 00:62 10226229                   /home/ubuntu/.local/lib/python3.10/site-packages/scipy/optimize/_lsq/givens_elimination.cpython-310-x86_64-linux-gnu.so
7f17abce5000-7f17abd08000 r-xp 00005000 00:62 10226229                   /home/ubuntu/.local/lib/python3.10/site-packages/scipy/optimize/_lsq/givens_elimination.cpython-310-x86_64-linux-gnu.so
7f17abd08000-7f17abd0f000 r--p 00028000 00:62 10226229                   /home/ubuntu/.local/lib/python3.10/site-packages/scipy/optimize/_lsq/givens_elimination.cpython-310-x86_64-linux-gnu.so
7f17abd0f000-7f17abd10000 ---p 0002f000 00:62 10226229                   /home/ubuntu/.local/lib/python3.10/site-packages/scipy/optimize/_lsq/givens_elimination.cpython-310-x86_64-linux-gnu.so
7f17abd10000-7f17abd11000 r--p 0002f000 00:62 10226229                   /home/ubuntu/.local/lib/python3.10/site-packages/scipy/optimize/_lsq/givens_elimination.cpython-310-x86_64-linux-gnu.so
7f17abd11000-7f17abd13000 rw-p 00030000 00:62 10226229                   /home/ubuntu/.local/lib/python3.10/site-packages/scipy/optimize/_lsq/givens_elimination.cpython-310-x86_64-linux-gnu.so
7f17abd13000-7f17abd15000 r--p 00000000 00:62 10226217                   /home/ubuntu/.local/lib/python3.10/site-packages/scipy/optimize/_minpack.cpython-310-x86_64-linux-gnu.so
7f17abd15000-7f17abd27000 r-xp 00002000 00:62 10226217                   /home/ubuntu/.local/lib/python3.10/site-packages/scipy/optimize/_minpack.cpython-310-x86_64-linux-gnu.so
7f17abd27000-7f17abd29000 r--p 00014000 00:62 10226217                   /home/ubuntu/.local/lib/python3.10/site-packages/scipy/optimize/_minpack.cpython-310-x86_64-linux-gnu.so
7f17abd29000-7f17abd2a000 r--p 00015000 00:62 10226217                   /home/ubuntu/.local/lib/python3.10/site-packages/scipy/optimize/_minpack.cpython-310-x86_64-linux-gnu.so
7f17abd2a000-7f17abd2b000 rw-p 00016000 00:62 10226217                   /home/ubuntu/.local/lib/python3.10/site-packages/scipy/optimize/_minpack.cpython-310-x86_64-linux-gnu.so
7f17abd2b000-7f17abd2d000 r--p 00000000 00:62 10226156                   /home/ubuntu/.local/lib/python3.10/site-packages/scipy/optimize/_slsqp.cpython-310-x86_64-linux-gnu.so
7f17abd2d000-7f17abd3a000 r-xp 00002000 00:62 10226156                   /home/ubuntu/.local/lib/python3.10/site-packages/scipy/optimize/_slsqp.cpython-310-x86_64-linux-gnu.so
7f17abd3a000-7f17abd3d000 r--p 0000f000 00:62 10226156                   /home/ubuntu/.local/lib/python3.10/site-packages/scipy/optimize/_slsqp.cpython-310-x86_64-linux-gnu.so
7f17abd3d000-7f17abd3e000 r--p 00011000 00:62 10226156                   /home/ubuntu/.local/lib/python3.10/site-packages/scipy/optimize/_slsqp.cpython-310-x86_64-linux-gnu.so
7f17abd3e000-7f17abd3f000 rw-p 00012000 00:62 10226156                   /home/ubuntu/.local/lib/python3.10/site-packages/scipy/optimize/_slsqp.cpython-310-x86_64-linux-gnu.so
7f17abd3f000-7f17abd41000 r--p 00000000 00:62 10226204                   /home/ubuntu/.local/lib/python3.10/site-packages/scipy/optimize/_cobyla.cpython-310-x86_64-linux-gnu.so
7f17abd41000-7f17abd4f000 r-xp 00002000 00:62 10226204                   /home/ubuntu/.local/lib/python3.10/site-packages/scipy/optimize/_cobyla.cpython-310-x86_64-linux-gnu.so
7f17abd4f000-7f17abd52000 r--p 00010000 00:62 10226204                   /home/ubuntu/.local/lib/python3.10/site-packages/scipy/optimize/_cobyla.cpython-310-x86_64-linux-gnu.so
7f17abd52000-7f17abd53000 r--p 00012000 00:62 10226204                   /home/ubuntu/.local/lib/python3.10/site-packages/scipy/optimize/_cobyla.cpython-310-x86_64-linux-gnu.so
7f17abd53000-7f17abd54000 rw-p 00013000 00:62 10226204                   /home/ubuntu/.local/lib/python3.10/site-packages/scipy/optimize/_cobyla.cpython-310-x86_64-linux-gnu.so
7f17abd54000-7f17abd55000 rw-p 00017000 00:62 10226204                   /home/ubuntu/.local/lib/python3.10/site-packages/scipy/optimize/_cobyla.cpython-310-x86_64-linux-gnu.so
7f17abd55000-7f17abd56000 rw-p 00019000 00:62 10226204                   /home/ubuntu/.local/lib/python3.10/site-packages/scipy/optimize/_cobyla.cpython-310-x86_64-linux-gnu.so
7f17abd56000-7f17abd59000 r--p 00000000 00:62 10226206                   /home/ubuntu/.local/lib/python3.10/site-packages/scipy/optimize/_moduleTNC.cpython-310-x86_64-linux-gnu.so
7f17abd59000-7f17abd72000 r-xp 00003000 00:62 10226206                   /home/ubuntu/.local/lib/python3.10/site-packages/scipy/optimize/_moduleTNC.cpython-310-x86_64-linux-gnu.so
7f17abd72000-7f17abd76000 r--p 0001c000 00:62 10226206                   /home/ubuntu/.local/lib/python3.10/site-packages/scipy/optimize/_moduleTNC.cpython-310-x86_64-linux-gnu.so
7f17abd76000-7f17abd77000 r--p 0001f000 00:62 10226206                   /home/ubuntu/.local/lib/python3.10/site-packages/scipy/optimize/_moduleTNC.cpython-310-x86_64-linux-gnu.so
7f17abd77000-7f17abd78000 rw-p 00020000 00:62 10226206                   /home/ubuntu/.local/lib/python3.10/site-packages/scipy/optimize/_moduleTNC.cpython-310-x86_64-linux-gnu.so
7f17abd78000-7f17abd93000 r--p 00000000 00:62 10226211                   /home/ubuntu/.local/lib/python3.10/site-packages/scipy/optimize/_lbfgsb.cpython-310-x86_64-linux-gnu.so
7f17abd93000-7f17abda8000 r-xp 0001b000 00:62 10226211                   /home/ubuntu/.local/lib/python3.10/site-packages/scipy/optimize/_lbfgsb.cpython-310-x86_64-linux-gnu.so
7f17abda8000-7f17abdb4000 r--p 00030000 00:62 10226211                   /home/ubuntu/.local/lib/python3.10/site-packages/scipy/optimize/_lbfgsb.cpython-310-x86_64-linux-gnu.so
7f17abdb4000-7f17abdb5000 ---p 0003c000 00:62 10226211                   /home/ubuntu/.local/lib/python3.10/site-packages/scipy/optimize/_lbfgsb.cpython-310-x86_64-linux-gnu.so
7f17abdb5000-7f17abdb6000 r--p 0003c000 00:62 10226211                   /home/ubuntu/.local/lib/python3.10/site-packages/scipy/optimize/_lbfgsb.cpython-310-x86_64-linux-gnu.so
7f17abdb6000-7f17abdba000 rw-p 0003d000 00:62 10226211                   /home/ubuntu/.local/lib/python3.10/site-packages/scipy/optimize/_lbfgsb.cpython-310-x86_64-linux-gnu.so
7f17abdba000-7f17abdca000 rw-p 0005b000 00:62 10226211                   /home/ubuntu/.local/lib/python3.10/site-packages/scipy/optimize/_lbfgsb.cpython-310-x86_64-linux-gnu.so
7f17abdca000-7f17abdd0000 rw-p 0006b000 00:62 10226211                   /home/ubuntu/.local/lib/python3.10/site-packages/scipy/optimize/_lbfgsb.cpython-310-x86_64-linux-gnu.so
7f17abdd0000-7f17abdd5000 r--p 00000000 00:62 10226308                   /home/ubuntu/.local/lib/python3.10/site-packages/scipy/optimize/_trlib/_trlib.cpython-310-x86_64-linux-gnu.so
7f17abdd5000-7f17abe14000 r-xp 00005000 00:62 10226308                   /home/ubuntu/.local/lib/python3.10/site-packages/scipy/optimize/_trlib/_trlib.cpython-310-x86_64-linux-gnu.so
7f17abe14000-7f17abe1e000 r--p 00044000 00:62 10226308                   /home/ubuntu/.local/lib/python3.10/site-packages/scipy/optimize/_trlib/_trlib.cpython-310-x86_64-linux-gnu.so
7f17abe1e000-7f17abe1f000 r--p 0004d000 00:62 10226308                   /home/ubuntu/.local/lib/python3.10/site-packages/scipy/optimize/_trlib/_trlib.cpython-310-x86_64-linux-gnu.so
7f17abe1f000-7f17abe21000 rw-p 0004e000 00:62 10226308                   /home/ubuntu/.local/lib/python3.10/site-packages/scipy/optimize/_trlib/_trlib.cpython-310-x86_64-linux-gnu.so
7f17abe21000-7f17abe22000 rw-p 00000000 00:00 0 
7f17abe22000-7f17abe25000 rw-p 00059000 00:62 10226308                   /home/ubuntu/.local/lib/python3.10/site-packages/scipy/optimize/_trlib/_trlib.cpython-310-x86_64-linux-gnu.so
7f17abe25000-7f17abe27000 rw-p 0005c000 00:62 10226308                   /home/ubuntu/.local/lib/python3.10/site-packages/scipy/optimize/_trlib/_trlib.cpython-310-x86_64-linux-gnu.so
7f17abe27000-7f17abe2a000 r--p 00000000 00:62 10226192                   /home/ubuntu/.local/lib/python3.10/site-packages/scipy/optimize/_group_columns.cpython-310-x86_64-linux-gnu.so
7f17abe2a000-7f17abe37000 r-xp 00003000 00:62 10226192                   /home/ubuntu/.local/lib/python3.10/site-packages/scipy/optimize/_group_columns.cpython-310-x86_64-linux-gnu.so
7f17abe37000-7f17abe3a000 r--p 00010000 00:62 10226192                   /home/ubuntu/.local/lib/python3.10/site-packages/scipy/optimize/_group_columns.cpython-310-x86_64-linux-gnu.so
7f17abe3a000-7f17abe3b000 r--p 00012000 00:62 10226192                   /home/ubuntu/.local/lib/python3.10/site-packages/scipy/optimize/_group_columns.cpython-310-x86_64-linux-gnu.so
7f17abe3b000-7f17abe3c000 rw-p 00013000 00:62 10226192                   /home/ubuntu/.local/lib/python3.10/site-packages/scipy/optimize/_group_columns.cpython-310-x86_64-linux-gnu.so
7f17abe3c000-7f17abf3c000 rw-p 00000000 00:00 0 
7f17abf3c000-7f17abf43000 r--p 00000000 00:62 10227608                   /home/ubuntu/.local/lib/python3.10/site-packages/scipy/spatial/transform/_rotation.cpython-310-x86_64-linux-gnu.so
7f17abf43000-7f17abff0000 r-xp 00007000 00:62 10227608                   /home/ubuntu/.local/lib/python3.10/site-packages/scipy/spatial/transform/_rotation.cpython-310-x86_64-linux-gnu.so
7f17abff0000-7f17ac023000 r--p 000b4000 00:62 10227608                   /home/ubuntu/.local/lib/python3.10/site-packages/scipy/spatial/transform/_rotation.cpython-310-x86_64-linux-gnu.so
7f17ac023000-7f17ac024000 r--p 000e6000 00:62 10227608                   /home/ubuntu/.local/lib/python3.10/site-packages/scipy/spatial/transform/_rotation.cpython-310-x86_64-linux-gnu.so
7f17ac024000-7f17ac028000 rw-p 000e7000 00:62 10227608                   /home/ubuntu/.local/lib/python3.10/site-packages/scipy/spatial/transform/_rotation.cpython-310-x86_64-linux-gnu.so
7f17ac028000-7f17ac02a000 rw-p 00000000 00:00 0 
7f17ac02a000-7f17ac030000 r--p 00000000 00:62 10227543                   /home/ubuntu/.local/lib/python3.10/site-packages/scipy/spatial/_distance_pybind.cpython-310-x86_64-linux-gnu.so
7f17ac030000-7f17ac096000 r-xp 00006000 00:62 10227543                   /home/ubuntu/.local/lib/python3.10/site-packages/scipy/spatial/_distance_pybind.cpython-310-x86_64-linux-gnu.so
7f17ac096000-7f17ac0a7000 r--p 0006c000 00:62 10227543                   /home/ubuntu/.local/lib/python3.10/site-packages/scipy/spatial/_distance_pybind.cpython-310-x86_64-linux-gnu.so
7f17ac0a7000-7f17ac0a8000 r--p 0007c000 00:62 10227543                   /home/ubuntu/.local/lib/python3.10/site-packages/scipy/spatial/_distance_pybind.cpython-310-x86_64-linux-gnu.so
7f17ac0a8000-7f17ac0a9000 rw-p 0007d000 00:62 10227543                   /home/ubuntu/.local/lib/python3.10/site-packages/scipy/spatial/_distance_pybind.cpython-310-x86_64-linux-gnu.so
7f17ac0a9000-7f17ac0ae000 r--p 00000000 00:62 10227557                   /home/ubuntu/.local/lib/python3.10/site-packages/scipy/spatial/_hausdorff.cpython-310-x86_64-linux-gnu.so
7f17ac0ae000-7f17ac0d5000 r-xp 00005000 00:62 10227557                   /home/ubuntu/.local/lib/python3.10/site-packages/scipy/spatial/_hausdorff.cpython-310-x86_64-linux-gnu.so
7f17ac0d5000-7f17ac0dc000 r--p 0002c000 00:62 10227557                   /home/ubuntu/.local/lib/python3.10/site-packages/scipy/spatial/_hausdorff.cpython-310-x86_64-linux-gnu.so
7f17ac0dc000-7f17ac0dd000 ---p 00033000 00:62 10227557                   /home/ubuntu/.local/lib/python3.10/site-packages/scipy/spatial/_hausdorff.cpython-310-x86_64-linux-gnu.so
7f17ac0dd000-7f17ac0de000 r--p 00033000 00:62 10227557                   /home/ubuntu/.local/lib/python3.10/site-packages/scipy/spatial/_hausdorff.cpython-310-x86_64-linux-gnu.so
7f17ac0de000-7f17ac0e0000 rw-p 00034000 00:62 10227557                   /home/ubuntu/.local/lib/python3.10/site-packages/scipy/spatial/_hausdorff.cpython-310-x86_64-linux-gnu.so
7f17ac0e0000-7f17ac0e1000 rw-p 00000000 00:00 0 
7f17ac0e1000-7f17ac0e3000 r--p 00000000 00:62 10227561                   /home/ubuntu/.local/lib/python3.10/site-packages/scipy/spatial/_distance_wrap.cpython-310-x86_64-linux-gnu.so
7f17ac0e3000-7f17ac0f7000 r-xp 00002000 00:62 10227561                   /home/ubuntu/.local/lib/python3.10/site-packages/scipy/spatial/_distance_wrap.cpython-310-x86_64-linux-gnu.so
7f17ac0f7000-7f17ac0f9000 r--p 00016000 00:62 10227561                   /home/ubuntu/.local/lib/python3.10/site-packages/scipy/spatial/_distance_wrap.cpython-310-x86_64-linux-gnu.so
7f17ac0f9000-7f17ac0fa000 ---p 00018000 00:62 10227561                   /home/ubuntu/.local/lib/python3.10/site-packages/scipy/spatial/_distance_wrap.cpython-310-x86_64-linux-gnu.so
7f17ac0fa000-7f17ac0fb000 r--p 00018000 00:62 10227561                   /home/ubuntu/.local/lib/python3.10/site-packages/scipy/spatial/_distance_wrap.cpython-310-x86_64-linux-gnu.so
7f17ac0fb000-7f17ac0fc000 rw-p 00019000 00:62 10227561                   /home/ubuntu/.local/lib/python3.10/site-packages/scipy/spatial/_distance_wrap.cpython-310-x86_64-linux-gnu.so
7f17ac0fc000-7f17ac101000 r--p 00000000 00:62 10227550                   /home/ubuntu/.local/lib/python3.10/site-packages/scipy/spatial/_voronoi.cpython-310-x86_64-linux-gnu.so
7f17ac101000-7f17ac126000 r-xp 00005000 00:62 10227550                   /home/ubuntu/.local/lib/python3.10/site-packages/scipy/spatial/_voronoi.cpython-310-x86_64-linux-gnu.so
7f17ac126000-7f17ac12d000 r--p 0002a000 00:62 10227550                   /home/ubuntu/.local/lib/python3.10/site-packages/scipy/spatial/_voronoi.cpython-310-x86_64-linux-gnu.so
7f17ac12d000-7f17ac12e000 ---p 00031000 00:62 10227550                   /home/ubuntu/.local/lib/python3.10/site-packages/scipy/spatial/_voronoi.cpython-310-x86_64-linux-gnu.so
7f17ac12e000-7f17ac12f000 r--p 00031000 00:62 10227550                   /home/ubuntu/.local/lib/python3.10/site-packages/scipy/spatial/_voronoi.cpython-310-x86_64-linux-gnu.so
7f17ac12f000-7f17ac131000 rw-p 00032000 00:62 10227550                   /home/ubuntu/.local/lib/python3.10/site-packages/scipy/spatial/_voronoi.cpython-310-x86_64-linux-gnu.so
7f17ac131000-7f17ac132000 rw-p 00000000 00:00 0 
7f17ac132000-7f17ac139000 r--p 00000000 00:62 10227552                   /home/ubuntu/.local/lib/python3.10/site-packages/scipy/spatial/_qhull.cpython-310-x86_64-linux-gnu.so
7f17ac139000-7f17ac204000 r-xp 00007000 00:62 10227552                   /home/ubuntu/.local/lib/python3.10/site-packages/scipy/spatial/_qhull.cpython-310-x86_64-linux-gnu.so
7f17ac204000-7f17ac23c000 r--p 000d2000 00:62 10227552                   /home/ubuntu/.local/lib/python3.10/site-packages/scipy/spatial/_qhull.cpython-310-x86_64-linux-gnu.so
7f17ac23c000-7f17ac23d000 r--p 00109000 00:62 10227552                   /home/ubuntu/.local/lib/python3.10/site-packages/scipy/spatial/_qhull.cpython-310-x86_64-linux-gnu.so
7f17ac23d000-7f17ac240000 rw-p 0010a000 00:62 10227552                   /home/ubuntu/.local/lib/python3.10/site-packages/scipy/spatial/_qhull.cpython-310-x86_64-linux-gnu.so
7f17ac240000-7f17ac242000 rw-p 00000000 00:00 0 
7f17ac242000-7f17ac24a000 r--p 00000000 00:62 10227558                   /home/ubuntu/.local/lib/python3.10/site-packages/scipy/spatial/_ckdtree.cpython-310-x86_64-linux-gnu.so
7f17ac24a000-7f17ac2f4000 r-xp 00008000 00:62 10227558                   /home/ubuntu/.local/lib/python3.10/site-packages/scipy/spatial/_ckdtree.cpython-310-x86_64-linux-gnu.so
7f17ac2f4000-7f17ac313000 r--p 000b2000 00:62 10227558                   /home/ubuntu/.local/lib/python3.10/site-packages/scipy/spatial/_ckdtree.cpython-310-x86_64-linux-gnu.so
7f17ac313000-7f17ac314000 ---p 000d1000 00:62 10227558                   /home/ubuntu/.local/lib/python3.10/site-packages/scipy/spatial/_ckdtree.cpython-310-x86_64-linux-gnu.so
7f17ac314000-7f17ac315000 r--p 000d1000 00:62 10227558                   /home/ubuntu/.local/lib/python3.10/site-packages/scipy/spatial/_ckdtree.cpython-310-x86_64-linux-gnu.so
7f17ac315000-7f17ac319000 rw-p 000d2000 00:62 10227558                   /home/ubuntu/.local/lib/python3.10/site-packages/scipy/spatial/_ckdtree.cpython-310-x86_64-linux-gnu.so
7f17ac319000-7f17ac41a000 rw-p 00000000 00:00 0 
7f17ac41a000-7f17ac41f000 r--p 00000000 00:62 10226451                   /home/ubuntu/.local/lib/python3.10/site-packages/scipy/special/_specfun.cpython-310-x86_64-linux-gnu.so
7f17ac41f000-7f17ac452000 r-xp 00005000 00:62 10226451                   /home/ubuntu/.local/lib/python3.10/site-packages/scipy/special/_specfun.cpython-310-x86_64-linux-gnu.so
7f17ac452000-7f17ac459000 r--p 00038000 00:62 10226451                   /home/ubuntu/.local/lib/python3.10/site-packages/scipy/special/_specfun.cpython-310-x86_64-linux-gnu.so
7f17ac459000-7f17ac45a000 r--p 0003e000 00:62 10226451                   /home/ubuntu/.local/lib/python3.10/site-packages/scipy/special/_specfun.cpython-310-x86_64-linux-gnu.so
7f17ac45a000-7f17ac45c000 rw-p 0003f000 00:62 10226451                   /home/ubuntu/.local/lib/python3.10/site-packages/scipy/special/_specfun.cpython-310-x86_64-linux-gnu.so
7f17ac45c000-7f17ac45e000 r--p 00000000 00:62 10226444                   /home/ubuntu/.local/lib/python3.10/site-packages/scipy/special/_gufuncs.cpython-310-x86_64-linux-gnu.so
7f17ac45e000-7f17ac4e4000 r-xp 00002000 00:62 10226444                   /home/ubuntu/.local/lib/python3.10/site-packages/scipy/special/_gufuncs.cpython-310-x86_64-linux-gnu.so
7f17ac4e4000-7f17ac4f1000 r--p 00088000 00:62 10226444                   /home/ubuntu/.local/lib/python3.10/site-packages/scipy/special/_gufuncs.cpython-310-x86_64-linux-gnu.so
7f17ac4f1000-7f17ac4f2000 r--p 00094000 00:62 10226444                   /home/ubuntu/.local/lib/python3.10/site-packages/scipy/special/_gufuncs.cpython-310-x86_64-linux-gnu.so
7f17ac4f2000-7f17ac4f3000 rw-p 00095000 00:62 10226444                   /home/ubuntu/.local/lib/python3.10/site-packages/scipy/special/_gufuncs.cpython-310-x86_64-linux-gnu.so
7f17ac4f3000-7f17ac4f6000 r--p 00000000 00:62 10226480                   /home/ubuntu/.local/lib/python3.10/site-packages/scipy/special/_special_ufuncs.cpython-310-x86_64-linux-gnu.so
7f17ac4f6000-7f17ac5f9000 r-xp 00003000 00:62 10226480                   /home/ubuntu/.local/lib/python3.10/site-packages/scipy/special/_special_ufuncs.cpython-310-x86_64-linux-gnu.so
7f17ac5f9000-7f17ac63c000 r--p 00106000 00:62 10226480                   /home/ubuntu/.local/lib/python3.10/site-packages/scipy/special/_special_ufuncs.cpython-310-x86_64-linux-gnu.so
7f17ac63c000-7f17ac63d000 r--p 00148000 00:62 10226480                   /home/ubuntu/.local/lib/python3.10/site-packages/scipy/special/_special_ufuncs.cpython-310-x86_64-linux-gnu.so
7f17ac63d000-7f17ac63e000 rw-p 00149000 00:62 10226480                   /home/ubuntu/.local/lib/python3.10/site-packages/scipy/special/_special_ufuncs.cpython-310-x86_64-linux-gnu.so
7f17ac63e000-7f17ac73e000 rw-p 00000000 00:00 0 
7f17ac73e000-7f17ac743000 r--p 00000000 00:62 10226468                   /home/ubuntu/.local/lib/python3.10/site-packages/scipy/special/_ufuncs_cxx.cpython-310-x86_64-linux-gnu.so
7f17ac743000-7f17ac892000 r-xp 00005000 00:62 10226468                   /home/ubuntu/.local/lib/python3.10/site-packages/scipy/special/_ufuncs_cxx.cpython-310-x86_64-linux-gnu.so
7f17ac892000-7f17ac8c5000 r--p 00154000 00:62 10226468                   /home/ubuntu/.local/lib/python3.10/site-packages/scipy/special/_ufuncs_cxx.cpython-310-x86_64-linux-gnu.so
7f17ac8c5000-7f17ac8c6000 r--p 00186000 00:62 10226468                   /home/ubuntu/.local/lib/python3.10/site-packages/scipy/special/_ufuncs_cxx.cpython-310-x86_64-linux-gnu.so
7f17ac8c6000-7f17ac8c7000 rw-p 00187000 00:62 10226468                   /home/ubuntu/.local/lib/python3.10/site-packages/scipy/special/_ufuncs_cxx.cpython-310-x86_64-linux-gnu.so
7f17ac8c7000-7f17ac8c8000 rw-p 00000000 00:00 0 
7f17ac8c8000-7f17ac8ce000 r--p 00000000 00:62 10226473                   /home/ubuntu/.local/lib/python3.10/site-packages/scipy/special/_ufuncs.cpython-310-x86_64-linux-gnu.so
7f17ac8ce000-7f17ac9d3000 r-xp 00006000 00:62 10226473                   /home/ubuntu/.local/lib/python3.10/site-packages/scipy/special/_ufuncs.cpython-310-x86_64-linux-gnu.so
7f17ac9d3000-7f17aca28000 r--p 0010b000 00:62 10226473                   /home/ubuntu/.local/lib/python3.10/site-packages/scipy/special/_ufuncs.cpython-310-x86_64-linux-gnu.so
7f17aca28000-7f17aca29000 r--p 0015f000 00:62 10226473                   /home/ubuntu/.local/lib/python3.10/site-packages/scipy/special/_ufuncs.cpython-310-x86_64-linux-gnu.so
7f17aca29000-7f17aca2a000 rw-p 00160000 00:62 10226473                   /home/ubuntu/.local/lib/python3.10/site-packages/scipy/special/_ufuncs.cpython-310-x86_64-linux-gnu.so
7f17aca2a000-7f17aca32000 rw-p 00000000 00:00 0 
7f17aca32000-7f17aca35000 rw-p 00189000 00:62 10226473                   /home/ubuntu/.local/lib/python3.10/site-packages/scipy/special/_ufuncs.cpython-310-x86_64-linux-gnu.so
7f17aca35000-7f17aca37000 rw-p 0018c000 00:62 10226473                   /home/ubuntu/.local/lib/python3.10/site-packages/scipy/special/_ufuncs.cpython-310-x86_64-linux-gnu.so
7f17aca37000-7f17aca3c000 r--p 00000000 00:62 42012583                   /usr/lib/x86_64-linux-gnu/libmpdec.so.2.5.1
7f17aca3c000-7f17aca5d000 r-xp 00005000 00:62 42012583                   /usr/lib/x86_64-linux-gnu/libmpdec.so.2.5.1
7f17aca5d000-7f17aca64000 r--p 00026000 00:62 42012583                   /usr/lib/x86_64-linux-gnu/libmpdec.so.2.5.1
7f17aca64000-7f17aca65000 r--p 0002c000 00:62 42012583                   /usr/lib/x86_64-linux-gnu/libmpdec.so.2.5.1
7f17aca65000-7f17aca66000 rw-p 0002d000 00:62 42012583                   /usr/lib/x86_64-linux-gnu/libmpdec.so.2.5.1
7f17aca66000-7f17acb66000 rw-p 00000000 00:00 0 
7f17acb66000-7f17acb6b000 r--p 00000000 00:62 10226848                   /home/ubuntu/.local/lib/python3.10/site-packages/scipy/sparse/csgraph/_reordering.cpython-310-x86_64-linux-gnu.so
7f17acb6b000-7f17acba2000 r-xp 00005000 00:62 10226848                   /home/ubuntu/.local/lib/python3.10/site-packages/scipy/sparse/csgraph/_reordering.cpython-310-x86_64-linux-gnu.so
7f17acba2000-7f17acbac000 r--p 0003c000 00:62 10226848                   /home/ubuntu/.local/lib/python3.10/site-packages/scipy/sparse/csgraph/_reordering.cpython-310-x86_64-linux-gnu.so
7f17acbac000-7f17acbad000 r--p 00045000 00:62 10226848                   /home/ubuntu/.local/lib/python3.10/site-packages/scipy/sparse/csgraph/_reordering.cpython-310-x86_64-linux-gnu.so
7f17acbad000-7f17acbaf000 rw-p 00046000 00:62 10226848                   /home/ubuntu/.local/lib/python3.10/site-packages/scipy/sparse/csgraph/_reordering.cpython-310-x86_64-linux-gnu.so
7f17acbaf000-7f17acbb0000 rw-p 00000000 00:00 0 
7f17acbb0000-7f17acbb5000 r--p 00000000 00:62 10226851                   /home/ubuntu/.local/lib/python3.10/site-packages/scipy/sparse/csgraph/_matching.cpython-310-x86_64-linux-gnu.so
7f17acbb5000-7f17acbee000 r-xp 00005000 00:62 10226851                   /home/ubuntu/.local/lib/python3.10/site-packages/scipy/sparse/csgraph/_matching.cpython-310-x86_64-linux-gnu.so
7f17acbee000-7f17acbfc000 r--p 0003e000 00:62 10226851                   /home/ubuntu/.local/lib/python3.10/site-packages/scipy/sparse/csgraph/_matching.cpython-310-x86_64-linux-gnu.so
7f17acbfc000-7f17acbfd000 r--p 0004b000 00:62 10226851                   /home/ubuntu/.local/lib/python3.10/site-packages/scipy/sparse/csgraph/_matching.cpython-310-x86_64-linux-gnu.so
7f17acbfd000-7f17acbff000 rw-p 0004c000 00:62 10226851                   /home/ubuntu/.local/lib/python3.10/site-packages/scipy/sparse/csgraph/_matching.cpython-310-x86_64-linux-gnu.so
7f17acbff000-7f17acc00000 rw-p 00000000 00:00 0 
7f17acc00000-7f17acc05000 r--p 00000000 00:62 10226844                   /home/ubuntu/.local/lib/python3.10/site-packages/scipy/sparse/csgraph/_flow.cpython-310-x86_64-linux-gnu.so
7f17acc05000-7f17acc3e000 r-xp 00005000 00:62 10226844                   /home/ubuntu/.local/lib/python3.10/site-packages/scipy/sparse/csgraph/_flow.cpython-310-x86_64-linux-gnu.so
7f17acc3e000-7f17acc4a000 r--p 0003e000 00:62 10226844                   /home/ubuntu/.local/lib/python3.10/site-packages/scipy/sparse/csgraph/_flow.cpython-310-x86_64-linux-gnu.so
7f17acc4a000-7f17acc4b000 ---p 0004a000 00:62 10226844                   /home/ubuntu/.local/lib/python3.10/site-packages/scipy/sparse/csgraph/_flow.cpython-310-x86_64-linux-gnu.so
7f17acc4b000-7f17acc4c000 r--p 0004a000 00:62 10226844                   /home/ubuntu/.local/lib/python3.10/site-packages/scipy/sparse/csgraph/_flow.cpython-310-x86_64-linux-gnu.so
7f17acc4c000-7f17acc4e000 rw-p 0004b000 00:62 10226844                   /home/ubuntu/.local/lib/python3.10/site-packages/scipy/sparse/csgraph/_flow.cpython-310-x86_64-linux-gnu.so
7f17acc4e000-7f17acc4f000 rw-p 00000000 00:00 0 
7f17acc4f000-7f17acc54000 r--p 00000000 00:62 10226846                   /home/ubuntu/.local/lib/python3.10/site-packages/scipy/sparse/csgraph/_min_spanning_tree.cpython-310-x86_64-linux-gnu.so
7f17acc54000-7f17acc7e000 r-xp 00005000 00:62 10226846                   /home/ubuntu/.local/lib/python3.10/site-packages/scipy/sparse/csgraph/_min_spanning_tree.cpython-310-x86_64-linux-gnu.so
7f17acc7e000-7f17acc87000 r--p 0002f000 00:62 10226846                   /home/ubuntu/.local/lib/python3.10/site-packages/scipy/sparse/csgraph/_min_spanning_tree.cpython-310-x86_64-linux-gnu.so
7f17acc87000-7f17acc88000 r--p 00037000 00:62 10226846                   /home/ubuntu/.local/lib/python3.10/site-packages/scipy/sparse/csgraph/_min_spanning_tree.cpython-310-x86_64-linux-gnu.so
7f17acc88000-7f17acc8a000 rw-p 00038000 00:62 10226846                   /home/ubuntu/.local/lib/python3.10/site-packages/scipy/sparse/csgraph/_min_spanning_tree.cpython-310-x86_64-linux-gnu.so
7f17acc8a000-7f17acd8b000 rw-p 00000000 00:00 0 
7f17acd8b000-7f17acd90000 r--p 00000000 00:62 10226853                   /home/ubuntu/.local/lib/python3.10/site-packages/scipy/sparse/csgraph/_traversal.cpython-310-x86_64-linux-gnu.so
7f17acd90000-7f17ace0e000 r-xp 00005000 00:62 10226853                   /home/ubuntu/.local/lib/python3.10/site-packages/scipy/sparse/csgraph/_traversal.cpython-310-x86_64-linux-gnu.so
7f17ace0e000-7f17ace1f000 r--p 00083000 00:62 10226853                   /home/ubuntu/.local/lib/python3.10/site-packages/scipy/sparse/csgraph/_traversal.cpython-310-x86_64-linux-gnu.so
7f17ace1f000-7f17ace20000 r--p 00093000 00:62 10226853                   /home/ubuntu/.local/lib/python3.10/site-packages/scipy/sparse/csgraph/_traversal.cpython-310-x86_64-linux-gnu.so
7f17ace20000-7f17ace22000 rw-p 00094000 00:62 10226853                   /home/ubuntu/.local/lib/python3.10/site-packages/scipy/sparse/csgraph/_traversal.cpython-310-x86_64-linux-gnu.so
7f17ace22000-7f17ace23000 rw-p 00000000 00:00 0 
7f17ace23000-7f17ace28000 r--p 00000000 00:62 10226849                   /home/ubuntu/.local/lib/python3.10/site-packages/scipy/sparse/csgraph/_shortest_path.cpython-310-x86_64-linux-gnu.so
7f17ace28000-7f17ace8b000 r-xp 00005000 00:62 10226849                   /home/ubuntu/.local/lib/python3.10/site-packages/scipy/sparse/csgraph/_shortest_path.cpython-310-x86_64-linux-gnu.so
7f17ace8b000-7f17acea0000 r--p 00068000 00:62 10226849                   /home/ubuntu/.local/lib/python3.10/site-packages/scipy/sparse/csgraph/_shortest_path.cpython-310-x86_64-linux-gnu.so
7f17acea0000-7f17acea1000 ---p 0007d000 00:62 10226849                   /home/ubuntu/.local/lib/python3.10/site-packages/scipy/sparse/csgraph/_shortest_path.cpython-310-x86_64-linux-gnu.so
7f17acea1000-7f17acea2000 r--p 0007d000 00:62 10226849                   /home/ubuntu/.local/lib/python3.10/site-packages/scipy/sparse/csgraph/_shortest_path.cpython-310-x86_64-linux-gnu.so
7f17acea2000-7f17acea4000 rw-p 0007e000 00:62 10226849                   /home/ubuntu/.local/lib/python3.10/site-packages/scipy/sparse/csgraph/_shortest_path.cpython-310-x86_64-linux-gnu.so
7f17acea4000-7f17acea6000 rw-p 00000000 00:00 0 
7f17acea6000-7f17acec3000 r--p 00000000 00:62 10226963                   /home/ubuntu/.local/lib/python3.10/site-packages/scipy/sparse/linalg/_propack/_zpropack.cpython-310-x86_64-linux-gnu.so
7f17acec3000-7f17acee2000 r-xp 0001d000 00:62 10226963                   /home/ubuntu/.local/lib/python3.10/site-packages/scipy/sparse/linalg/_propack/_zpropack.cpython-310-x86_64-linux-gnu.so
7f17acee2000-7f17acef2000 r--p 0003c000 00:62 10226963                   /home/ubuntu/.local/lib/python3.10/site-packages/scipy/sparse/linalg/_propack/_zpropack.cpython-310-x86_64-linux-gnu.so
7f17acef2000-7f17acef3000 ---p 0004c000 00:62 10226963                   /home/ubuntu/.local/lib/python3.10/site-packages/scipy/sparse/linalg/_propack/_zpropack.cpython-310-x86_64-linux-gnu.so
7f17acef3000-7f17acef4000 r--p 0004c000 00:62 10226963                   /home/ubuntu/.local/lib/python3.10/site-packages/scipy/sparse/linalg/_propack/_zpropack.cpython-310-x86_64-linux-gnu.so
7f17acef4000-7f17acefc000 rw-p 0004d000 00:62 10226963                   /home/ubuntu/.local/lib/python3.10/site-packages/scipy/sparse/linalg/_propack/_zpropack.cpython-310-x86_64-linux-gnu.so
7f17acefc000-7f17acf32000 rw-p 00000000 00:00 0 
7f17acf32000-7f17acf43000 rw-p 00071000 00:62 10226963                   /home/ubuntu/.local/lib/python3.10/site-packages/scipy/sparse/linalg/_propack/_zpropack.cpython-310-x86_64-linux-gnu.so
7f17acf43000-7f17acf4a000 rw-p 00082000 00:62 10226963                   /home/ubuntu/.local/lib/python3.10/site-packages/scipy/sparse/linalg/_propack/_zpropack.cpython-310-x86_64-linux-gnu.so
7f17acf4a000-7f17acf67000 r--p 00000000 00:62 10226962                   /home/ubuntu/.local/lib/python3.10/site-packages/scipy/sparse/linalg/_propack/_cpropack.cpython-310-x86_64-linux-gnu.so
7f17acf67000-7f17acf88000 r-xp 0001d000 00:62 10226962                   /home/ubuntu/.local/lib/python3.10/site-packages/scipy/sparse/linalg/_propack/_cpropack.cpython-310-x86_64-linux-gnu.so
7f17acf88000-7f17acf98000 r--p 0003e000 00:62 10226962                   /home/ubuntu/.local/lib/python3.10/site-packages/scipy/sparse/linalg/_propack/_cpropack.cpython-310-x86_64-linux-gnu.so
7f17acf98000-7f17acf99000 ---p 0004e000 00:62 10226962                   /home/ubuntu/.local/lib/python3.10/site-packages/scipy/sparse/linalg/_propack/_cpropack.cpython-310-x86_64-linux-gnu.so
7f17acf99000-7f17acf9a000 r--p 0004e000 00:62 10226962                   /home/ubuntu/.local/lib/python3.10/site-packages/scipy/sparse/linalg/_propack/_cpropack.cpython-310-x86_64-linux-gnu.so
7f17acf9a000-7f17acfa2000 rw-p 0004f000 00:62 10226962                   /home/ubuntu/.local/lib/python3.10/site-packages/scipy/sparse/linalg/_propack/_cpropack.cpython-310-x86_64-linux-gnu.so
7f17acfa2000-7f17acfbd000 rw-p 00000000 00:00 0 
7f17acfbd000-7f17acfce000 rw-p 00073000 00:62 10226962                   /home/ubuntu/.local/lib/python3.10/site-packages/scipy/sparse/linalg/_propack/_cpropack.cpython-310-x86_64-linux-gnu.so
7f17acfce000-7f17acfd5000 rw-p 00084000 00:62 10226962                   /home/ubuntu/.local/lib/python3.10/site-packages/scipy/sparse/linalg/_propack/_cpropack.cpython-310-x86_64-linux-gnu.so
7f17acfd5000-7f17acff2000 r--p 00000000 00:62 10226961                   /home/ubuntu/.local/lib/python3.10/site-packages/scipy/sparse/linalg/_propack/_dpropack.cpython-310-x86_64-linux-gnu.so
7f17acff2000-7f17ad00d000 r-xp 0001d000 00:62 10226961                   /home/ubuntu/.local/lib/python3.10/site-packages/scipy/sparse/linalg/_propack/_dpropack.cpython-310-x86_64-linux-gnu.so
7f17ad00d000-7f17ad01d000 r--p 00038000 00:62 10226961                   /home/ubuntu/.local/lib/python3.10/site-packages/scipy/sparse/linalg/_propack/_dpropack.cpython-310-x86_64-linux-gnu.so
7f17ad01d000-7f17ad01e000 r--p 00047000 00:62 10226961                   /home/ubuntu/.local/lib/python3.10/site-packages/scipy/sparse/linalg/_propack/_dpropack.cpython-310-x86_64-linux-gnu.so
7f17ad01e000-7f17ad026000 rw-p 00048000 00:62 10226961                   /home/ubuntu/.local/lib/python3.10/site-packages/scipy/sparse/linalg/_propack/_dpropack.cpython-310-x86_64-linux-gnu.so
7f17ad026000-7f17ad037000 rw-p 0006b000 00:62 10226961                   /home/ubuntu/.local/lib/python3.10/site-packages/scipy/sparse/linalg/_propack/_dpropack.cpython-310-x86_64-linux-gnu.so
7f17ad037000-7f17ad03e000 rw-p 0007c000 00:62 10226961                   /home/ubuntu/.local/lib/python3.10/site-packages/scipy/sparse/linalg/_propack/_dpropack.cpython-310-x86_64-linux-gnu.so
7f17ad03e000-7f17ad05b000 r--p 00000000 00:62 10226964                   /home/ubuntu/.local/lib/python3.10/site-packages/scipy/sparse/linalg/_propack/_spropack.cpython-310-x86_64-linux-gnu.so
7f17ad05b000-7f17ad076000 r-xp 0001d000 00:62 10226964                   /home/ubuntu/.local/lib/python3.10/site-packages/scipy/sparse/linalg/_propack/_spropack.cpython-310-x86_64-linux-gnu.so
7f17ad076000-7f17ad086000 r--p 00038000 00:62 10226964                   /home/ubuntu/.local/lib/python3.10/site-packages/scipy/sparse/linalg/_propack/_spropack.cpython-310-x86_64-linux-gnu.so
7f17ad086000-7f17ad087000 r--p 00047000 00:62 10226964                   /home/ubuntu/.local/lib/python3.10/site-packages/scipy/sparse/linalg/_propack/_spropack.cpython-310-x86_64-linux-gnu.so
7f17ad087000-7f17ad08f000 rw-p 00048000 00:62 10226964                   /home/ubuntu/.local/lib/python3.10/site-packages/scipy/sparse/linalg/_propack/_spropack.cpython-310-x86_64-linux-gnu.so
7f17ad08f000-7f17ad0a0000 rw-p 0006b000 00:62 10226964                   /home/ubuntu/.local/lib/python3.10/site-packages/scipy/sparse/linalg/_propack/_spropack.cpython-310-x86_64-linux-gnu.so
7f17ad0a0000-7f17ad0a7000 rw-p 0007c000 00:62 10226964                   /home/ubuntu/.local/lib/python3.10/site-packages/scipy/sparse/linalg/_propack/_spropack.cpython-310-x86_64-linux-gnu.so
7f17ad0a7000-7f17ad0c5000 r--p 00000000 00:62 10226926                   /home/ubuntu/.local/lib/python3.10/site-packages/scipy/sparse/linalg/_eigen/arpack/_arpack.cpython-310-x86_64-linux-gnu.so
7f17ad0c5000-7f17ad11c000 r-xp 0001e000 00:62 10226926                   /home/ubuntu/.local/lib/python3.10/site-packages/scipy/sparse/linalg/_eigen/arpack/_arpack.cpython-310-x86_64-linux-gnu.so
7f17ad11c000-7f17ad138000 r--p 00075000 00:62 10226926                   /home/ubuntu/.local/lib/python3.10/site-packages/scipy/sparse/linalg/_eigen/arpack/_arpack.cpython-310-x86_64-linux-gnu.so
7f17ad138000-7f17ad139000 r--p 00090000 00:62 10226926                   /home/ubuntu/.local/lib/python3.10/site-packages/scipy/sparse/linalg/_eigen/arpack/_arpack.cpython-310-x86_64-linux-gnu.so
7f17ad139000-7f17ad147000 rw-p 00091000 00:62 10226926                   /home/ubuntu/.local/lib/python3.10/site-packages/scipy/sparse/linalg/_eigen/arpack/_arpack.cpython-310-x86_64-linux-gnu.so
7f17ad147000-7f17ad148000 rw-p 00000000 00:00 0 
7f17ad148000-7f17ad159000 rw-p 000bf000 00:62 10226926                   /home/ubuntu/.local/lib/python3.10/site-packages/scipy/sparse/linalg/_eigen/arpack/_arpack.cpython-310-x86_64-linux-gnu.so
7f17ad159000-7f17ad160000 rw-p 000d0000 00:62 10226926                   /home/ubuntu/.local/lib/python3.10/site-packages/scipy/sparse/linalg/_eigen/arpack/_arpack.cpython-310-x86_64-linux-gnu.so
7f17ad160000-7f17ad17c000 r--p 00000000 00:62 10226934                   /home/ubuntu/.local/lib/python3.10/site-packages/scipy/sparse/linalg/_dsolve/_superlu.cpython-310-x86_64-linux-gnu.so
7f17ad17c000-7f17ad1d5000 r-xp 0001c000 00:62 10226934                   /home/ubuntu/.local/lib/python3.10/site-packages/scipy/sparse/linalg/_dsolve/_superlu.cpython-310-x86_64-linux-gnu.so
7f17ad1d5000-7f17ad1eb000 r--p 00075000 00:62 10226934                   /home/ubuntu/.local/lib/python3.10/site-packages/scipy/sparse/linalg/_dsolve/_superlu.cpython-310-x86_64-linux-gnu.so
7f17ad1eb000-7f17ad1ec000 r--p 0008a000 00:62 10226934                   /home/ubuntu/.local/lib/python3.10/site-packages/scipy/sparse/linalg/_dsolve/_superlu.cpython-310-x86_64-linux-gnu.so
7f17ad1ec000-7f17ad1f1000 rw-p 0008b000 00:62 10226934                   /home/ubuntu/.local/lib/python3.10/site-packages/scipy/sparse/linalg/_dsolve/_superlu.cpython-310-x86_64-linux-gnu.so
7f17ad1f1000-7f17ad202000 rw-p 000af000 00:62 10226934                   /home/ubuntu/.local/lib/python3.10/site-packages/scipy/sparse/linalg/_dsolve/_superlu.cpython-310-x86_64-linux-gnu.so
7f17ad202000-7f17ad209000 rw-p 000c0000 00:62 10226934                   /home/ubuntu/.local/lib/python3.10/site-packages/scipy/sparse/linalg/_dsolve/_superlu.cpython-310-x86_64-linux-gnu.so
7f17ad209000-7f17ad210000 r--p 00000000 00:62 10226373                   /home/ubuntu/.local/lib/python3.10/site-packages/scipy/linalg/cython_blas.cpython-310-x86_64-linux-gnu.so
7f17ad210000-7f17ad23c000 r-xp 00007000 00:62 10226373                   /home/ubuntu/.local/lib/python3.10/site-packages/scipy/linalg/cython_blas.cpython-310-x86_64-linux-gnu.so
7f17ad23c000-7f17ad24a000 r--p 00033000 00:62 10226373                   /home/ubuntu/.local/lib/python3.10/site-packages/scipy/linalg/cython_blas.cpython-310-x86_64-linux-gnu.so
7f17ad24a000-7f17ad24b000 ---p 00041000 00:62 10226373                   /home/ubuntu/.local/lib/python3.10/site-packages/scipy/linalg/cython_blas.cpython-310-x86_64-linux-gnu.so
7f17ad24b000-7f17ad24c000 r--p 00041000 00:62 10226373                   /home/ubuntu/.local/lib/python3.10/site-packages/scipy/linalg/cython_blas.cpython-310-x86_64-linux-gnu.so
7f17ad24c000-7f17ad24e000 rw-p 00042000 00:62 10226373                   /home/ubuntu/.local/lib/python3.10/site-packages/scipy/linalg/cython_blas.cpython-310-x86_64-linux-gnu.so
7f17ad24e000-7f17ad24f000 rw-p 00000000 00:00 0 
7f17ad24f000-7f17ad253000 rw-p 00051000 00:62 10226373                   /home/ubuntu/.local/lib/python3.10/site-packages/scipy/linalg/cython_blas.cpython-310-x86_64-linux-gnu.so
7f17ad253000-7f17ad255000 rw-p 00055000 00:62 10226373                   /home/ubuntu/.local/lib/python3.10/site-packages/scipy/linalg/cython_blas.cpython-310-x86_64-linux-gnu.so
7f17ad255000-7f17ad259000 r--p 00000000 00:62 10226393                   /home/ubuntu/.local/lib/python3.10/site-packages/scipy/linalg/_decomp_update.cpython-310-x86_64-linux-gnu.so
7f17ad259000-7f17ad297000 r-xp 00004000 00:62 10226393                   /home/ubuntu/.local/lib/python3.10/site-packages/scipy/linalg/_decomp_update.cpython-310-x86_64-linux-gnu.so
7f17ad297000-7f17ad2a7000 r--p 00042000 00:62 10226393                   /home/ubuntu/.local/lib/python3.10/site-packages/scipy/linalg/_decomp_update.cpython-310-x86_64-linux-gnu.so
7f17ad2a7000-7f17ad2a8000 r--p 00051000 00:62 10226393                   /home/ubuntu/.local/lib/python3.10/site-packages/scipy/linalg/_decomp_update.cpython-310-x86_64-linux-gnu.so
7f17ad2a8000-7f17ad2a9000 rw-p 00052000 00:62 10226393                   /home/ubuntu/.local/lib/python3.10/site-packages/scipy/linalg/_decomp_update.cpython-310-x86_64-linux-gnu.so
7f17ad2a9000-7f17ad2aa000 rw-p 00000000 00:00 0 
7f17ad2aa000-7f17ad2c5000 r--p 00000000 00:62 10226363                   /home/ubuntu/.local/lib/python3.10/site-packages/scipy/linalg/_matfuncs_expm.cpython-310-x86_64-linux-gnu.so
7f17ad2c5000-7f17ad2e5000 r-xp 0001b000 00:62 10226363                   /home/ubuntu/.local/lib/python3.10/site-packages/scipy/linalg/_matfuncs_expm.cpython-310-x86_64-linux-gnu.so
7f17ad2e5000-7f17ad2f3000 r--p 0003b000 00:62 10226363                   /home/ubuntu/.local/lib/python3.10/site-packages/scipy/linalg/_matfuncs_expm.cpython-310-x86_64-linux-gnu.so
7f17ad2f3000-7f17ad2f4000 r--p 00048000 00:62 10226363                   /home/ubuntu/.local/lib/python3.10/site-packages/scipy/linalg/_matfuncs_expm.cpython-310-x86_64-linux-gnu.so
7f17ad2f4000-7f17ad2f8000 rw-p 00049000 00:62 10226363                   /home/ubuntu/.local/lib/python3.10/site-packages/scipy/linalg/_matfuncs_expm.cpython-310-x86_64-linux-gnu.so
7f17ad2f8000-7f17ad308000 rw-p 00067000 00:62 10226363                   /home/ubuntu/.local/lib/python3.10/site-packages/scipy/linalg/_matfuncs_expm.cpython-310-x86_64-linux-gnu.so
7f17ad308000-7f17ad30e000 rw-p 00077000 00:62 10226363                   /home/ubuntu/.local/lib/python3.10/site-packages/scipy/linalg/_matfuncs_expm.cpython-310-x86_64-linux-gnu.so
7f17ad30e000-7f17ad328000 r--p 00000000 00:62 10226353                   /home/ubuntu/.local/lib/python3.10/site-packages/scipy/linalg/cython_lapack.cpython-310-x86_64-linux-gnu.so
7f17ad328000-7f17ad347000 r-xp 0001a000 00:62 10226353                   /home/ubuntu/.local/lib/python3.10/site-packages/scipy/linalg/cython_lapack.cpython-310-x86_64-linux-gnu.so
7f17ad347000-7f17ad39f000 r--p 00039000 00:62 10226353                   /home/ubuntu/.local/lib/python3.10/site-packages/scipy/linalg/cython_lapack.cpython-310-x86_64-linux-gnu.so
7f17ad39f000-7f17ad3a0000 ---p 00091000 00:62 10226353                   /home/ubuntu/.local/lib/python3.10/site-packages/scipy/linalg/cython_lapack.cpython-310-x86_64-linux-gnu.so
7f17ad3a0000-7f17ad3a1000 r--p 00091000 00:62 10226353                   /home/ubuntu/.local/lib/python3.10/site-packages/scipy/linalg/cython_lapack.cpython-310-x86_64-linux-gnu.so
7f17ad3a1000-7f17ad3a5000 rw-p 00092000 00:62 10226353                   /home/ubuntu/.local/lib/python3.10/site-packages/scipy/linalg/cython_lapack.cpython-310-x86_64-linux-gnu.so
7f17ad3a5000-7f17ad3b5000 rw-p 000c1000 00:62 10226353                   /home/ubuntu/.local/lib/python3.10/site-packages/scipy/linalg/cython_lapack.cpython-310-x86_64-linux-gnu.so
7f17ad3b5000-7f17ad3bb000 rw-p 000d1000 00:62 10226353                   /home/ubuntu/.local/lib/python3.10/site-packages/scipy/linalg/cython_lapack.cpython-310-x86_64-linux-gnu.so
7f17ad3bb000-7f17ad3f8000 r--p 00000000 00:62 10226371                   /home/ubuntu/.local/lib/python3.10/site-packages/scipy/linalg/_flapack.cpython-310-x86_64-linux-gnu.so
7f17ad3f8000-7f17ad4c5000 r-xp 0003d000 00:62 10226371                   /home/ubuntu/.local/lib/python3.10/site-packages/scipy/linalg/_flapack.cpython-310-x86_64-linux-gnu.so
7f17ad4c5000-7f17ad545000 r--p 0010a000 00:62 10226371                   /home/ubuntu/.local/lib/python3.10/site-packages/scipy/linalg/_flapack.cpython-310-x86_64-linux-gnu.so
7f17ad545000-7f17ad546000 r--p 00189000 00:62 10226371                   /home/ubuntu/.local/lib/python3.10/site-packages/scipy/linalg/_flapack.cpython-310-x86_64-linux-gnu.so
7f17ad546000-7f17ad5d5000 rw-p 0018a000 00:62 10226371                   /home/ubuntu/.local/lib/python3.10/site-packages/scipy/linalg/_flapack.cpython-310-x86_64-linux-gnu.so
7f17ad5d5000-7f17ad5e6000 rw-p 00246000 00:62 10226371                   /home/ubuntu/.local/lib/python3.10/site-packages/scipy/linalg/_flapack.cpython-310-x86_64-linux-gnu.so
7f17ad5e6000-7f17ad5ed000 rw-p 00257000 00:62 10226371                   /home/ubuntu/.local/lib/python3.10/site-packages/scipy/linalg/_flapack.cpython-310-x86_64-linux-gnu.so
7f17ad5ed000-7f17ad5ee000 ---p 00000000 00:00 0 
7f17ad5ee000-7f17addee000 rw-p 00000000 00:00 0 
7f17addee000-7f17addef000 ---p 00000000 00:00 0 
7f17addef000-7f17ae5ef000 rw-p 00000000 00:00 0 
7f17ae5ef000-7f17ae5f0000 ---p 00000000 00:00 0 
7f17ae5f0000-7f17aedf0000 rw-p 00000000 00:00 0 
7f17aedf0000-7f17aedf1000 ---p 00000000 00:00 0 
7f17aedf1000-7f17af5f1000 rw-p 00000000 00:00 0 
7f17af5f1000-7f17af5f2000 ---p 00000000 00:00 0 
7f17af5f2000-7f17afdf2000 rw-p 00000000 00:00 0 
7f17afdf2000-7f17afdf3000 ---p 00000000 00:00 0 
7f17afdf3000-7f17b05f3000 rw-p 00000000 00:00 0 
7f17b05f3000-7f17b05f4000 ---p 00000000 00:00 0 
7f17b05f4000-7f17b0df4000 rw-p 00000000 00:00 0 
7f17b0df4000-7f17b0df5000 ---p 00000000 00:00 0 
7f17b0df5000-7f17b15f5000 rw-p 00000000 00:00 0 
7f17b15f5000-7f17b15f6000 ---p 00000000 00:00 0 
7f17b15f6000-7f17b1df6000 rw-p 00000000 00:00 0 
7f17b1df6000-7f17b1df7000 ---p 00000000 00:00 0 
7f17b1df7000-7f17b25f7000 rw-p 00000000 00:00 0 
7f17b25f7000-7f17b25f8000 ---p 00000000 00:00 0 
7f17b25f8000-7f17b2df8000 rw-p 00000000 00:00 0 
7f17b2df8000-7f17b2df9000 ---p 00000000 00:00 0 
7f17b2df9000-7f17b35f9000 rw-p 00000000 00:00 0 
7f17b35f9000-7f17b35fa000 ---p 00000000 00:00 0 
7f17b35fa000-7f17b3dfa000 rw-p 00000000 00:00 0 
7f17b3dfa000-7f17b3dfb000 ---p 00000000 00:00 0 
7f17b3dfb000-7f17b45fb000 rw-p 00000000 00:00 0 
7f17b45fb000-7f17b45fc000 ---p 00000000 00:00 0 
7f17b45fc000-7f17b4dfc000 rw-p 00000000 00:00 0 
7f17b4dfc000-7f17b4dfd000 ---p 00000000 00:00 0 
7f17b4dfd000-7f17b55fd000 rw-p 00000000 00:00 0 
7f17b55fd000-7f17b55fe000 ---p 00000000 00:00 0 
7f17b55fe000-7f17b5dfe000 rw-p 00000000 00:00 0 
7f17b5dfe000-7f17b5dff000 ---p 00000000 00:00 0 
7f17b5dff000-7f17b65ff000 rw-p 00000000 00:00 0 
7f17b65ff000-7f17b6600000 ---p 00000000 00:00 0 
7f17b6600000-7f17dee00000 rw-p 00000000 00:00 0 
7f17dee00000-7f17dee3b000 r-xp 00000000 00:62 10227622                   /home/ubuntu/.local/lib/python3.10/site-packages/scipy.libs/libquadmath-96973f99-934c22de.so.0.0.0
7f17dee3b000-7f17df03a000 ---p 0003b000 00:62 10227622                   /home/ubuntu/.local/lib/python3.10/site-packages/scipy.libs/libquadmath-96973f99-934c22de.so.0.0.0
7f17df03a000-7f17df03b000 r--p 0003a000 00:62 10227622                   /home/ubuntu/.local/lib/python3.10/site-packages/scipy.libs/libquadmath-96973f99-934c22de.so.0.0.0
7f17df03b000-7f17df03c000 rw-p 0003b000 00:62 10227622                   /home/ubuntu/.local/lib/python3.10/site-packages/scipy.libs/libquadmath-96973f99-934c22de.so.0.0.0
7f17df03c000-7f17df03d000 rw-p 0003c000 00:62 10227622                   /home/ubuntu/.local/lib/python3.10/site-packages/scipy.libs/libquadmath-96973f99-934c22de.so.0.0.0
7f17df03d000-7f17df03e000 rw-p 0003d000 00:62 10227622                   /home/ubuntu/.local/lib/python3.10/site-packages/scipy.libs/libquadmath-96973f99-934c22de.so.0.0.0
7f17df03f000-7f17df041000 r--p 00000000 00:62 10553176                   /usr/lib/jvm/java-17-openjdk-amd64/lib/libmanagement.so
7f17df041000-7f17df042000 r-xp 00002000 00:62 10553176                   /usr/lib/jvm/java-17-openjdk-amd64/lib/libmanagement.so
7f17df042000-7f17df043000 r--p 00003000 00:62 10553176                   /usr/lib/jvm/java-17-openjdk-amd64/lib/libmanagement.so
7f17df043000-7f17df044000 r--p 00003000 00:62 10553176                   /usr/lib/jvm/java-17-openjdk-amd64/lib/libmanagement.so
7f17df044000-7f17df045000 rw-p 00004000 00:62 10553176                   /usr/lib/jvm/java-17-openjdk-amd64/lib/libmanagement.so
7f17df045000-7f17df04d000 r--p 00000000 00:62 10045268                   /usr/lib/python3.10/lib-dynload/_decimal.cpython-310-x86_64-linux-gnu.so
7f17df04d000-7f17df062000 r-xp 00008000 00:62 10045268                   /usr/lib/python3.10/lib-dynload/_decimal.cpython-310-x86_64-linux-gnu.so
7f17df062000-7f17df06e000 r--p 0001d000 00:62 10045268                   /usr/lib/python3.10/lib-dynload/_decimal.cpython-310-x86_64-linux-gnu.so
7f17df06e000-7f17df06f000 r--p 00028000 00:62 10045268                   /usr/lib/python3.10/lib-dynload/_decimal.cpython-310-x86_64-linux-gnu.so
7f17df06f000-7f17df072000 rw-p 00029000 00:62 10045268                   /usr/lib/python3.10/lib-dynload/_decimal.cpython-310-x86_64-linux-gnu.so
7f17df072000-7f17df172000 rw-p 00000000 00:00 0 
7f17df172000-7f17df178000 r--p 00000000 00:62 10226385                   /home/ubuntu/.local/lib/python3.10/site-packages/scipy/linalg/_cythonized_array_utils.cpython-310-x86_64-linux-gnu.so
7f17df178000-7f17df1ec000 r-xp 00006000 00:62 10226385                   /home/ubuntu/.local/lib/python3.10/site-packages/scipy/linalg/_cythonized_array_utils.cpython-310-x86_64-linux-gnu.so
7f17df1ec000-7f17df1fa000 r--p 0007a000 00:62 10226385                   /home/ubuntu/.local/lib/python3.10/site-packages/scipy/linalg/_cythonized_array_utils.cpython-310-x86_64-linux-gnu.so
7f17df1fa000-7f17df1fb000 ---p 00088000 00:62 10226385                   /home/ubuntu/.local/lib/python3.10/site-packages/scipy/linalg/_cythonized_array_utils.cpython-310-x86_64-linux-gnu.so
7f17df1fb000-7f17df1fc000 r--p 00088000 00:62 10226385                   /home/ubuntu/.local/lib/python3.10/site-packages/scipy/linalg/_cythonized_array_utils.cpython-310-x86_64-linux-gnu.so
7f17df1fc000-7f17df1ff000 rw-p 00089000 00:62 10226385                   /home/ubuntu/.local/lib/python3.10/site-packages/scipy/linalg/_cythonized_array_utils.cpython-310-x86_64-linux-gnu.so
7f17df1ff000-7f17df200000 rw-p 00000000 00:00 0 
7f17df200000-7f17df476000 r-xp 00000000 00:62 10227618                   /home/ubuntu/.local/lib/python3.10/site-packages/scipy.libs/libgfortran-040039e1-0352e75f.so.5.0.0
7f17df476000-7f17df675000 ---p 00276000 00:62 10227618                   /home/ubuntu/.local/lib/python3.10/site-packages/scipy.libs/libgfortran-040039e1-0352e75f.so.5.0.0
7f17df675000-7f17df676000 r--p 00275000 00:62 10227618                   /home/ubuntu/.local/lib/python3.10/site-packages/scipy.libs/libgfortran-040039e1-0352e75f.so.5.0.0
7f17df676000-7f17df678000 rw-p 00276000 00:62 10227618                   /home/ubuntu/.local/lib/python3.10/site-packages/scipy.libs/libgfortran-040039e1-0352e75f.so.5.0.0
7f17df678000-7f17df684000 rw-p 0027b000 00:62 10227618                   /home/ubuntu/.local/lib/python3.10/site-packages/scipy.libs/libgfortran-040039e1-0352e75f.so.5.0.0
7f17df684000-7f17df68d000 rw-p 00287000 00:62 10227618                   /home/ubuntu/.local/lib/python3.10/site-packages/scipy.libs/libgfortran-040039e1-0352e75f.so.5.0.0
7f17df68d000-7f17df696000 rw-p 00290000 00:62 10227618                   /home/ubuntu/.local/lib/python3.10/site-packages/scipy.libs/libgfortran-040039e1-0352e75f.so.5.0.0
7f17df696000-7f17df69f000 rw-p 00299000 00:62 10227618                   /home/ubuntu/.local/lib/python3.10/site-packages/scipy.libs/libgfortran-040039e1-0352e75f.so.5.0.0
7f17df69f000-7f17df6a8000 rw-p 002a2000 00:62 10227618                   /home/ubuntu/.local/lib/python3.10/site-packages/scipy.libs/libgfortran-040039e1-0352e75f.so.5.0.0
7f17df6a8000-7f17df6b1000 rw-p 002ab000 00:62 10227618                   /home/ubuntu/.local/lib/python3.10/site-packages/scipy.libs/libgfortran-040039e1-0352e75f.so.5.0.0
7f17df6b2000-7f17df6b4000 r--p 00000000 00:62 10229398                   /home/ubuntu/.local/lib/python3.10/site-packages/pandas/_libs/pandas_parser.cpython-310-x86_64-linux-gnu.so
7f17df6b4000-7f17df6ba000 r-xp 00002000 00:62 10229398                   /home/ubuntu/.local/lib/python3.10/site-packages/pandas/_libs/pandas_parser.cpython-310-x86_64-linux-gnu.so
7f17df6ba000-7f17df6bc000 r--p 00008000 00:62 10229398                   /home/ubuntu/.local/lib/python3.10/site-packages/pandas/_libs/pandas_parser.cpython-310-x86_64-linux-gnu.so
7f17df6bc000-7f17df6bd000 r--p 00009000 00:62 10229398                   /home/ubuntu/.local/lib/python3.10/site-packages/pandas/_libs/pandas_parser.cpython-310-x86_64-linux-gnu.so
7f17df6bd000-7f17df6be000 rw-p 0000a000 00:62 10229398                   /home/ubuntu/.local/lib/python3.10/site-packages/pandas/_libs/pandas_parser.cpython-310-x86_64-linux-gnu.so
7f17df6be000-7f17df6c1000 r--p 00000000 00:62 10226463                   /home/ubuntu/.local/lib/python3.10/site-packages/scipy/special/_ellip_harm_2.cpython-310-x86_64-linux-gnu.so
7f17df6c1000-7f17df6d5000 r-xp 00003000 00:62 10226463                   /home/ubuntu/.local/lib/python3.10/site-packages/scipy/special/_ellip_harm_2.cpython-310-x86_64-linux-gnu.so
7f17df6d5000-7f17df6d8000 r--p 00017000 00:62 10226463                   /home/ubuntu/.local/lib/python3.10/site-packages/scipy/special/_ellip_harm_2.cpython-310-x86_64-linux-gnu.so
7f17df6d8000-7f17df6d9000 r--p 00019000 00:62 10226463                   /home/ubuntu/.local/lib/python3.10/site-packages/scipy/special/_ellip_harm_2.cpython-310-x86_64-linux-gnu.so
7f17df6d9000-7f17df6da000 rw-p 0001a000 00:62 10226463                   /home/ubuntu/.local/lib/python3.10/site-packages/scipy/special/_ellip_harm_2.cpython-310-x86_64-linux-gnu.so
7f17df6da000-7f17df6dc000 rw-p 0001f000 00:62 10226463                   /home/ubuntu/.local/lib/python3.10/site-packages/scipy/special/_ellip_harm_2.cpython-310-x86_64-linux-gnu.so
7f17df6dc000-7f17df6dd000 rw-p 00021000 00:62 10226463                   /home/ubuntu/.local/lib/python3.10/site-packages/scipy/special/_ellip_harm_2.cpython-310-x86_64-linux-gnu.so
7f17df6dd000-7f17df788000 r--p 00000000 00:62 10227621                   /home/ubuntu/.local/lib/python3.10/site-packages/scipy.libs/libscipy_openblas-68440149.so
7f17df788000-7f17e0899000 r-xp 000ab000 00:62 10227621                   /home/ubuntu/.local/lib/python3.10/site-packages/scipy.libs/libscipy_openblas-68440149.so
7f17e0899000-7f17e0a48000 r--p 011bc000 00:62 10227621                   /home/ubuntu/.local/lib/python3.10/site-packages/scipy.libs/libscipy_openblas-68440149.so
7f17e0a48000-7f17e0a4e000 r--p 0136a000 00:62 10227621                   /home/ubuntu/.local/lib/python3.10/site-packages/scipy.libs/libscipy_openblas-68440149.so
7f17e0a4e000-7f17e0a59000 rw-p 01370000 00:62 10227621                   /home/ubuntu/.local/lib/python3.10/site-packages/scipy.libs/libscipy_openblas-68440149.so
7f17e0a59000-7f17e0a61000 rw-p 00000000 00:00 0 
7f17e0a61000-7f17e0aa3000 rw-p 01435000 00:62 10227621                   /home/ubuntu/.local/lib/python3.10/site-packages/scipy.libs/libscipy_openblas-68440149.so
7f17e0aa3000-7f17e0ad1000 rw-p 01477000 00:62 10227621                   /home/ubuntu/.local/lib/python3.10/site-packages/scipy.libs/libscipy_openblas-68440149.so
7f17e0ad1000-7f17e0aff000 rw-p 014a5000 00:62 10227621                   /home/ubuntu/.local/lib/python3.10/site-packages/scipy.libs/libscipy_openblas-68440149.so
7f17e0aff000-7f17e0b2d000 rw-p 014d3000 00:62 10227621                   /home/ubuntu/.local/lib/python3.10/site-packages/scipy.libs/libscipy_openblas-68440149.so
7f17e0b2d000-7f17e0b5b000 rw-p 01501000 00:62 10227621                   /home/ubuntu/.local/lib/python3.10/site-packages/scipy.libs/libscipy_openblas-68440149.so
7f17e0b5b000-7f17e0b82000 r--p 00000000 00:62 10226386                   /home/ubuntu/.local/lib/python3.10/site-packages/scipy/linalg/_fblas.cpython-310-x86_64-linux-gnu.so
7f17e0b82000-7f17e0bca000 r-xp 00027000 00:62 10226386                   /home/ubuntu/.local/lib/python3.10/site-packages/scipy/linalg/_fblas.cpython-310-x86_64-linux-gnu.so
7f17e0bca000-7f17e0bf7000 r--p 0006f000 00:62 10226386                   /home/ubuntu/.local/lib/python3.10/site-packages/scipy/linalg/_fblas.cpython-310-x86_64-linux-gnu.so
7f17e0bf7000-7f17e0bf8000 r--p 0009b000 00:62 10226386                   /home/ubuntu/.local/lib/python3.10/site-packages/scipy/linalg/_fblas.cpython-310-x86_64-linux-gnu.so
7f17e0bf8000-7f17e0c21000 rw-p 0009c000 00:62 10226386                   /home/ubuntu/.local/lib/python3.10/site-packages/scipy/linalg/_fblas.cpython-310-x86_64-linux-gnu.so
7f17e0c21000-7f17e0c32000 rw-p 000e5000 00:62 10226386                   /home/ubuntu/.local/lib/python3.10/site-packages/scipy/linalg/_fblas.cpython-310-x86_64-linux-gnu.so
7f17e0c32000-7f17e0c39000 rw-p 000f6000 00:62 10226386                   /home/ubuntu/.local/lib/python3.10/site-packages/scipy/linalg/_fblas.cpython-310-x86_64-linux-gnu.so
7f17e0c39000-7f17e0d39000 rw-p 00000000 00:00 0 
7f17e0d39000-7f17e0d3c000 r--p 00000000 00:62 10226810                   /home/ubuntu/.local/lib/python3.10/site-packages/scipy/sparse/_sparsetools.cpython-310-x86_64-linux-gnu.so
7f17e0d3c000-7f17e10f3000 r-xp 00003000 00:62 10226810                   /home/ubuntu/.local/lib/python3.10/site-packages/scipy/sparse/_sparsetools.cpython-310-x86_64-linux-gnu.so
7f17e10f3000-7f17e1145000 r--p 003ba000 00:62 10226810                   /home/ubuntu/.local/lib/python3.10/site-packages/scipy/sparse/_sparsetools.cpython-310-x86_64-linux-gnu.so
7f17e1145000-7f17e1146000 r--p 0040b000 00:62 10226810                   /home/ubuntu/.local/lib/python3.10/site-packages/scipy/sparse/_sparsetools.cpython-310-x86_64-linux-gnu.so
7f17e1146000-7f17e1147000 rw-p 0040c000 00:62 10226810                   /home/ubuntu/.local/lib/python3.10/site-packages/scipy/sparse/_sparsetools.cpython-310-x86_64-linux-gnu.so
7f17e1147000-7f17e1247000 rw-p 00000000 00:00 0 
7f17e1247000-7f17e1294000 r--p 00000000 00:62 10235024                   /home/ubuntu/.local/lib/python3.10/site-packages/tiktoken/_tiktoken.cpython-310-x86_64-linux-gnu.so
7f17e1294000-7f17e13f3000 r-xp 0004d000 00:62 10235024                   /home/ubuntu/.local/lib/python3.10/site-packages/tiktoken/_tiktoken.cpython-310-x86_64-linux-gnu.so
7f17e13f3000-7f17e1477000 r--p 001ac000 00:62 10235024                   /home/ubuntu/.local/lib/python3.10/site-packages/tiktoken/_tiktoken.cpython-310-x86_64-linux-gnu.so
7f17e1477000-7f17e1478000 ---p 00230000 00:62 10235024                   /home/ubuntu/.local/lib/python3.10/site-packages/tiktoken/_tiktoken.cpython-310-x86_64-linux-gnu.so
7f17e1478000-7f17e14b7000 r--p 00230000 00:62 10235024                   /home/ubuntu/.local/lib/python3.10/site-packages/tiktoken/_tiktoken.cpython-310-x86_64-linux-gnu.so
7f17e14b7000-7f17e14b8000 rw-p 0026f000 00:62 10235024                   /home/ubuntu/.local/lib/python3.10/site-packages/tiktoken/_tiktoken.cpython-310-x86_64-linux-gnu.so
7f17e14b8000-7f17e19b8000 rw-p 00000000 00:00 0 
7f17e19b8000-7f17e1a4f000 r--p 00000000 00:62 10238461                   /home/ubuntu/.local/lib/python3.10/site-packages/tokenizers/tokenizers.cpython-310-x86_64-linux-gnu.so
7f17e1a4f000-7f17e1dfb000 r-xp 00097000 00:62 10238461                   /home/ubuntu/.local/lib/python3.10/site-packages/tokenizers/tokenizers.cpython-310-x86_64-linux-gnu.so
7f17e1dfb000-7f17e1f7d000 r--p 00443000 00:62 10238461                   /home/ubuntu/.local/lib/python3.10/site-packages/tokenizers/tokenizers.cpython-310-x86_64-linux-gnu.so
7f17e1f7d000-7f17e1ff7000 r--p 005c4000 00:62 10238461                   /home/ubuntu/.local/lib/python3.10/site-packages/tokenizers/tokenizers.cpython-310-x86_64-linux-gnu.so
7f17e1ff7000-7f17e1ffe000 rw-p 0063e000 00:62 10238461                   /home/ubuntu/.local/lib/python3.10/site-packages/tokenizers/tokenizers.cpython-310-x86_64-linux-gnu.so
7f17e1ffe000-7f17e2053000 r--p 00000000 00:62 10172736                   /home/ubuntu/.local/lib/python3.10/site-packages/sentencepiece/_sentencepiece.cpython-310-x86_64-linux-gnu.so
7f17e2053000-7f17e2191000 r-xp 00055000 00:62 10172736                   /home/ubuntu/.local/lib/python3.10/site-packages/sentencepiece/_sentencepiece.cpython-310-x86_64-linux-gnu.so
7f17e2191000-7f17e21e1000 r--p 00193000 00:62 10172736                   /home/ubuntu/.local/lib/python3.10/site-packages/sentencepiece/_sentencepiece.cpython-310-x86_64-linux-gnu.so
7f17e21e1000-7f17e21e4000 r--p 001e3000 00:62 10172736                   /home/ubuntu/.local/lib/python3.10/site-packages/sentencepiece/_sentencepiece.cpython-310-x86_64-linux-gnu.so
7f17e21e4000-7f17e21e7000 rw-p 001e6000 00:62 10172736                   /home/ubuntu/.local/lib/python3.10/site-packages/sentencepiece/_sentencepiece.cpython-310-x86_64-linux-gnu.so
7f17e21e7000-7f17e32e7000 rw-p 00000000 00:00 0 
7f17e32e7000-7f17e32e9000 r--p 00000000 00:62 10553170                   /usr/lib/jvm/java-17-openjdk-amd64/lib/libjimage.so
7f17e32e9000-7f17e32ec000 r-xp 00002000 00:62 10553170                   /usr/lib/jvm/java-17-openjdk-amd64/lib/libjimage.so
7f17e32ec000-7f17e32ed000 r--p 00005000 00:62 10553170                   /usr/lib/jvm/java-17-openjdk-amd64/lib/libjimage.so
7f17e32ed000-7f17e32ee000 ---p 00006000 00:62 10553170                   /usr/lib/jvm/java-17-openjdk-amd64/lib/libjimage.so
7f17e32ee000-7f17e32ef000 r--p 00006000 00:62 10553170                   /usr/lib/jvm/java-17-openjdk-amd64/lib/libjimage.so
7f17e32ef000-7f17e32f0000 rw-p 00007000 00:62 10553170                   /usr/lib/jvm/java-17-openjdk-amd64/lib/libjimage.so
7f17e32f0000-7f17e32f4000 r--p 00000000 00:62 10229401                   /home/ubuntu/.local/lib/python3.10/site-packages/pandas/_libs/properties.cpython-310-x86_64-linux-gnu.so
7f17e32f4000-7f17e3300000 r-xp 00004000 00:62 10229401                   /home/ubuntu/.local/lib/python3.10/site-packages/pandas/_libs/properties.cpython-310-x86_64-linux-gnu.so
7f17e3300000-7f17e3303000 r--p 00010000 00:62 10229401                   /home/ubuntu/.local/lib/python3.10/site-packages/pandas/_libs/properties.cpython-310-x86_64-linux-gnu.so
7f17e3303000-7f17e3304000 r--p 00012000 00:62 10229401                   /home/ubuntu/.local/lib/python3.10/site-packages/pandas/_libs/properties.cpython-310-x86_64-linux-gnu.so
7f17e3304000-7f17e3305000 rw-p 00013000 00:62 10229401                   /home/ubuntu/.local/lib/python3.10/site-packages/pandas/_libs/properties.cpython-310-x86_64-linux-gnu.so
7f17e3305000-7f17e3306000 rw-p 00000000 00:00 0 
7f17e3306000-7f17e330d000 r--p 00000000 00:62 10229444                   /home/ubuntu/.local/lib/python3.10/site-packages/pandas/_libs/tslibs/tzconversion.cpython-310-x86_64-linux-gnu.so
7f17e330d000-7f17e334a000 r-xp 00007000 00:62 10229444                   /home/ubuntu/.local/lib/python3.10/site-packages/pandas/_libs/tslibs/tzconversion.cpython-310-x86_64-linux-gnu.so
7f17e334a000-7f17e3353000 r--p 00044000 00:62 10229444                   /home/ubuntu/.local/lib/python3.10/site-packages/pandas/_libs/tslibs/tzconversion.cpython-310-x86_64-linux-gnu.so
7f17e3353000-7f17e3355000 r--p 0004d000 00:62 10229444                   /home/ubuntu/.local/lib/python3.10/site-packages/pandas/_libs/tslibs/tzconversion.cpython-310-x86_64-linux-gnu.so
7f17e3355000-7f17e3357000 rw-p 0004f000 00:62 10229444                   /home/ubuntu/.local/lib/python3.10/site-packages/pandas/_libs/tslibs/tzconversion.cpython-310-x86_64-linux-gnu.so
7f17e3357000-7f17e3358000 rw-p 00000000 00:00 0 
7f17e3358000-7f17e335f000 r--p 00000000 00:62 10229424                   /home/ubuntu/.local/lib/python3.10/site-packages/pandas/_libs/tslibs/fields.cpython-310-x86_64-linux-gnu.so
7f17e335f000-7f17e339d000 r-xp 00007000 00:62 10229424                   /home/ubuntu/.local/lib/python3.10/site-packages/pandas/_libs/tslibs/fields.cpython-310-x86_64-linux-gnu.so
7f17e339d000-7f17e33a7000 r--p 00045000 00:62 10229424                   /home/ubuntu/.local/lib/python3.10/site-packages/pandas/_libs/tslibs/fields.cpython-310-x86_64-linux-gnu.so
7f17e33a7000-7f17e33a9000 r--p 0004e000 00:62 10229424                   /home/ubuntu/.local/lib/python3.10/site-packages/pandas/_libs/tslibs/fields.cpython-310-x86_64-linux-gnu.so
7f17e33a9000-7f17e33ab000 rw-p 00050000 00:62 10229424                   /home/ubuntu/.local/lib/python3.10/site-packages/pandas/_libs/tslibs/fields.cpython-310-x86_64-linux-gnu.so
7f17e33ab000-7f17e33ac000 rw-p 00000000 00:00 0 
7f17e33ac000-7f17e33ae000 r--p 00000000 00:62 10045286                   /usr/lib/python3.10/lib-dynload/_zoneinfo.cpython-310-x86_64-linux-gnu.so
7f17e33ae000-7f17e33b4000 r-xp 00002000 00:62 10045286                   /usr/lib/python3.10/lib-dynload/_zoneinfo.cpython-310-x86_64-linux-gnu.so
7f17e33b4000-7f17e33b6000 r--p 00008000 00:62 10045286                   /usr/lib/python3.10/lib-dynload/_zoneinfo.cpython-310-x86_64-linux-gnu.so
7f17e33b6000-7f17e33b7000 r--p 00009000 00:62 10045286                   /usr/lib/python3.10/lib-dynload/_zoneinfo.cpython-310-x86_64-linux-gnu.so
7f17e33b7000-7f17e33b8000 rw-p 0000a000 00:62 10045286                   /usr/lib/python3.10/lib-dynload/_zoneinfo.cpython-310-x86_64-linux-gnu.so
7f17e33b8000-7f17e33be000 r--p 00000000 00:62 10229442                   /home/ubuntu/.local/lib/python3.10/site-packages/pandas/_libs/tslibs/timezones.cpython-310-x86_64-linux-gnu.so
7f17e33be000-7f17e33f0000 r-xp 00006000 00:62 10229442                   /home/ubuntu/.local/lib/python3.10/site-packages/pandas/_libs/tslibs/timezones.cpython-310-x86_64-linux-gnu.so
7f17e33f0000-7f17e33f9000 r--p 00038000 00:62 10229442                   /home/ubuntu/.local/lib/python3.10/site-packages/pandas/_libs/tslibs/timezones.cpython-310-x86_64-linux-gnu.so
7f17e33f9000-7f17e33fb000 r--p 00040000 00:62 10229442                   /home/ubuntu/.local/lib/python3.10/site-packages/pandas/_libs/tslibs/timezones.cpython-310-x86_64-linux-gnu.so
7f17e33fb000-7f17e33fd000 rw-p 00042000 00:62 10229442                   /home/ubuntu/.local/lib/python3.10/site-packages/pandas/_libs/tslibs/timezones.cpython-310-x86_64-linux-gnu.so
7f17e33fd000-7f17e33fe000 rw-p 00000000 00:00 0 
7f17e33fe000-7f17e3408000 r--p 00000000 00:62 10229438                   /home/ubuntu/.local/lib/python3.10/site-packages/pandas/_libs/tslibs/timedeltas.cpython-310-x86_64-linux-gnu.so
7f17e3408000-7f17e3476000 r-xp 0000a000 00:62 10229438                   /home/ubuntu/.local/lib/python3.10/site-packages/pandas/_libs/tslibs/timedeltas.cpython-310-x86_64-linux-gnu.so
7f17e3476000-7f17e348b000 r--p 00078000 00:62 10229438                   /home/ubuntu/.local/lib/python3.10/site-packages/pandas/_libs/tslibs/timedeltas.cpython-310-x86_64-linux-gnu.so
7f17e348b000-7f17e348e000 r--p 0008c000 00:62 10229438                   /home/ubuntu/.local/lib/python3.10/site-packages/pandas/_libs/tslibs/timedeltas.cpython-310-x86_64-linux-gnu.so
7f17e348e000-7f17e3491000 rw-p 0008f000 00:62 10229438                   /home/ubuntu/.local/lib/python3.10/site-packages/pandas/_libs/tslibs/timedeltas.cpython-310-x86_64-linux-gnu.so
7f17e3491000-7f17e3493000 rw-p 00000000 00:00 0 
7f17e3493000-7f17e3499000 r--p 00000000 00:62 10229426                   /home/ubuntu/.local/lib/python3.10/site-packages/pandas/_libs/tslibs/nattype.cpython-310-x86_64-linux-gnu.so
7f17e3499000-7f17e34ba000 r-xp 00006000 00:62 10229426                   /home/ubuntu/.local/lib/python3.10/site-packages/pandas/_libs/tslibs/nattype.cpython-310-x86_64-linux-gnu.so
7f17e34ba000-7f17e34c8000 r--p 00027000 00:62 10229426                   /home/ubuntu/.local/lib/python3.10/site-packages/pandas/_libs/tslibs/nattype.cpython-310-x86_64-linux-gnu.so
7f17e34c8000-7f17e34ca000 r--p 00034000 00:62 10229426                   /home/ubuntu/.local/lib/python3.10/site-packages/pandas/_libs/tslibs/nattype.cpython-310-x86_64-linux-gnu.so
7f17e34ca000-7f17e34cc000 rw-p 00036000 00:62 10229426                   /home/ubuntu/.local/lib/python3.10/site-packages/pandas/_libs/tslibs/nattype.cpython-310-x86_64-linux-gnu.so
7f17e34cc000-7f17e34cd000 rw-p 00000000 00:00 0 
7f17e34cd000-7f17e34d8000 r--p 00000000 00:62 10229440                   /home/ubuntu/.local/lib/python3.10/site-packages/pandas/_libs/tslibs/timestamps.cpython-310-x86_64-linux-gnu.so
7f17e34d8000-7f17e353f000 r-xp 0000b000 00:62 10229440                   /home/ubuntu/.local/lib/python3.10/site-packages/pandas/_libs/tslibs/timestamps.cpython-310-x86_64-linux-gnu.so
7f17e353f000-7f17e3560000 r--p 00072000 00:62 10229440                   /home/ubuntu/.local/lib/python3.10/site-packages/pandas/_libs/tslibs/timestamps.cpython-310-x86_64-linux-gnu.so
7f17e3560000-7f17e3563000 r--p 00092000 00:62 10229440                   /home/ubuntu/.local/lib/python3.10/site-packages/pandas/_libs/tslibs/timestamps.cpython-310-x86_64-linux-gnu.so
7f17e3563000-7f17e3566000 rw-p 00095000 00:62 10229440                   /home/ubuntu/.local/lib/python3.10/site-packages/pandas/_libs/tslibs/timestamps.cpython-310-x86_64-linux-gnu.so
7f17e3566000-7f17e4968000 rw-p 00000000 00:00 0 
7f17e496a000-7f17e496d000 r--p 00000000 00:62 10227390                   /home/ubuntu/.local/lib/python3.10/site-packages/scipy/stats/_levy_stable/levyst.cpython-310-x86_64-linux-gnu.so
7f17e496d000-7f17e4974000 r-xp 00003000 00:62 10227390                   /home/ubuntu/.local/lib/python3.10/site-packages/scipy/stats/_levy_stable/levyst.cpython-310-x86_64-linux-gnu.so
7f17e4974000-7f17e4976000 r--p 0000a000 00:62 10227390                   /home/ubuntu/.local/lib/python3.10/site-packages/scipy/stats/_levy_stable/levyst.cpython-310-x86_64-linux-gnu.so
7f17e4976000-7f17e4977000 r--p 0000b000 00:62 10227390                   /home/ubuntu/.local/lib/python3.10/site-packages/scipy/stats/_levy_stable/levyst.cpython-310-x86_64-linux-gnu.so
7f17e4977000-7f17e4978000 rw-p 0000c000 00:62 10227390                   /home/ubuntu/.local/lib/python3.10/site-packages/scipy/stats/_levy_stable/levyst.cpython-310-x86_64-linux-gnu.so
7f17e4978000-7f17e497b000 r--p 00000000 00:62 10226847                   /home/ubuntu/.local/lib/python3.10/site-packages/scipy/sparse/csgraph/_tools.cpython-310-x86_64-linux-gnu.so
7f17e497b000-7f17e499c000 r-xp 00003000 00:62 10226847                   /home/ubuntu/.local/lib/python3.10/site-packages/scipy/sparse/csgraph/_tools.cpython-310-x86_64-linux-gnu.so
7f17e499c000-7f17e49a6000 r--p 00024000 00:62 10226847                   /home/ubuntu/.local/lib/python3.10/site-packages/scipy/sparse/csgraph/_tools.cpython-310-x86_64-linux-gnu.so
7f17e49a6000-7f17e49a7000 r--p 0002d000 00:62 10226847                   /home/ubuntu/.local/lib/python3.10/site-packages/scipy/sparse/csgraph/_tools.cpython-310-x86_64-linux-gnu.so
7f17e49a7000-7f17e49a8000 rw-p 0002e000 00:62 10226847                   /home/ubuntu/.local/lib/python3.10/site-packages/scipy/sparse/csgraph/_tools.cpython-310-x86_64-linux-gnu.so
7f17e49a8000-7f17e4da9000 rw-p 00000000 00:00 0 
7f17e4da9000-7f17e4e5b000 r--p 00000000 00:62 25773368                   /usr/lib/x86_64-linux-gnu/libcrypto.so.3
7f17e4e5b000-7f17e50ba000 r-xp 000b2000 00:62 25773368                   /usr/lib/x86_64-linux-gnu/libcrypto.so.3
7f17e50ba000-7f17e518c000 r--p 00311000 00:62 25773368                   /usr/lib/x86_64-linux-gnu/libcrypto.so.3
7f17e518c000-7f17e51e7000 r--p 003e2000 00:62 25773368                   /usr/lib/x86_64-linux-gnu/libcrypto.so.3
7f17e51e7000-7f17e51ea000 rw-p 0043d000 00:62 25773368                   /usr/lib/x86_64-linux-gnu/libcrypto.so.3
7f17e51ea000-7f17e91ed000 rw-p 00000000 00:00 0 
7f17e91ed000-7f17e91ee000 ---p 00000000 00:00 0 
7f17e91ee000-7f17eb9ee000 rw-p 00000000 00:00 0 
7f17eb9ee000-7f17eb9ef000 ---p 00000000 00:00 0 
7f17eb9ef000-7f17ee1ef000 rw-p 00000000 00:00 0 
7f17ee1ef000-7f17ee1f0000 ---p 00000000 00:00 0 
7f17ee1f0000-7f17f09f0000 rw-p 00000000 00:00 0 
7f17f09f0000-7f17f09f1000 ---p 00000000 00:00 0 
7f17f09f1000-7f17f31f1000 rw-p 00000000 00:00 0 
7f17f31f1000-7f17f31f2000 ---p 00000000 00:00 0 
7f17f31f2000-7f17f59f2000 rw-p 00000000 00:00 0 
7f17f59f2000-7f17f59f3000 ---p 00000000 00:00 0 
7f17f59f3000-7f17f81f3000 rw-p 00000000 00:00 0 
7f17f81f3000-7f17f81f4000 ---p 00000000 00:00 0 
7f17f81f4000-7f17fa9f4000 rw-p 00000000 00:00 0 
7f17fa9f4000-7f17fa9f5000 ---p 00000000 00:00 0 
7f17fa9f5000-7f17fd1f5000 rw-p 00000000 00:00 0 
7f17fd1f5000-7f17fd1f6000 ---p 00000000 00:00 0 
7f17fd1f6000-7f18019f6000 rw-p 00000000 00:00 0 
7f18019f6000-7f18019f7000 ---p 00000000 00:00 0 
7f18019f7000-7f18021f7000 rw-p 00000000 00:00 0 
7f18021f7000-7f18021f8000 ---p 00000000 00:00 0 
7f18021f8000-7f18049f8000 rw-p 00000000 00:00 0 
7f18049f8000-7f18049f9000 ---p 00000000 00:00 0 
7f18049f9000-7f180b1f9000 rw-p 00000000 00:00 0 
7f180b1f9000-7f180b1fa000 ---p 00000000 00:00 0 
7f180b1fa000-7f180b9fa000 rw-p 00000000 00:00 0 
7f180b9fa000-7f180b9fb000 ---p 00000000 00:00 0 
7f180b9fb000-7f180c1fb000 rw-p 00000000 00:00 0 
7f180c1fb000-7f180c1fc000 ---p 00000000 00:00 0 
7f180c1fc000-7f18129fc000 rw-p 00000000 00:00 0 
7f18129fc000-7f18129fd000 ---p 00000000 00:00 0 
7f18129fd000-7f18131fd000 rw-p 00000000 00:00 0 
7f18131fd000-7f18131fe000 ---p 00000000 00:00 0 
7f18131fe000-7f18139fe000 rw-p 00000000 00:00 0 
7f18139fe000-7f18139ff000 ---p 00000000 00:00 0 
7f18139ff000-7f18141ff000 rw-p 00000000 00:00 0 
7f18141ff000-7f1814200000 ---p 00000000 00:00 0 
7f1814200000-7f1814a00000 rw-p 00000000 00:00 0 
7f1814a00000-7f1814a3b000 r-xp 00000000 00:62 10175842                   /home/ubuntu/.local/lib/python3.10/site-packages/numpy.libs/libquadmath-96973f99.so.0.0.0
7f1814a3b000-7f1814c3a000 ---p 0003b000 00:62 10175842                   /home/ubuntu/.local/lib/python3.10/site-packages/numpy.libs/libquadmath-96973f99.so.0.0.0
7f1814c3a000-7f1814c3b000 r--p 0003a000 00:62 10175842                   /home/ubuntu/.local/lib/python3.10/site-packages/numpy.libs/libquadmath-96973f99.so.0.0.0
7f1814c3b000-7f1814c3c000 rw-p 0003b000 00:62 10175842                   /home/ubuntu/.local/lib/python3.10/site-packages/numpy.libs/libquadmath-96973f99.so.0.0.0
7f1814c3c000-7f1814c3d000 rw-p 0003c000 00:62 10175842                   /home/ubuntu/.local/lib/python3.10/site-packages/numpy.libs/libquadmath-96973f99.so.0.0.0
7f1814c41000-7f1814c47000 r--p 00000000 00:62 10226838                   /home/ubuntu/.local/lib/python3.10/site-packages/scipy/sparse/_csparsetools.cpython-310-x86_64-linux-gnu.so
7f1814c47000-7f1814ceb000 r-xp 00006000 00:62 10226838                   /home/ubuntu/.local/lib/python3.10/site-packages/scipy/sparse/_csparsetools.cpython-310-x86_64-linux-gnu.so
7f1814ceb000-7f1814cfa000 r--p 000aa000 00:62 10226838                   /home/ubuntu/.local/lib/python3.10/site-packages/scipy/sparse/_csparsetools.cpython-310-x86_64-linux-gnu.so
7f1814cfa000-7f1814cfb000 r--p 000b8000 00:62 10226838                   /home/ubuntu/.local/lib/python3.10/site-packages/scipy/sparse/_csparsetools.cpython-310-x86_64-linux-gnu.so
7f1814cfb000-7f1814cfe000 rw-p 000b9000 00:62 10226838                   /home/ubuntu/.local/lib/python3.10/site-packages/scipy/sparse/_csparsetools.cpython-310-x86_64-linux-gnu.so
7f1814cfe000-7f1814e00000 rw-p 00000000 00:00 0 
7f1814e00000-7f1815076000 r-xp 00000000 00:62 10175843                   /home/ubuntu/.local/lib/python3.10/site-packages/numpy.libs/libgfortran-040039e1.so.5.0.0
7f1815076000-7f1815275000 ---p 00276000 00:62 10175843                   /home/ubuntu/.local/lib/python3.10/site-packages/numpy.libs/libgfortran-040039e1.so.5.0.0
7f1815275000-7f1815276000 r--p 00275000 00:62 10175843                   /home/ubuntu/.local/lib/python3.10/site-packages/numpy.libs/libgfortran-040039e1.so.5.0.0
7f1815276000-7f1815278000 rw-p 00276000 00:62 10175843                   /home/ubuntu/.local/lib/python3.10/site-packages/numpy.libs/libgfortran-040039e1.so.5.0.0
7f1815278000-7f1815284000 rw-p 0027b000 00:62 10175843                   /home/ubuntu/.local/lib/python3.10/site-packages/numpy.libs/libgfortran-040039e1.so.5.0.0
7f1815284000-7f181528d000 rw-p 00287000 00:62 10175843                   /home/ubuntu/.local/lib/python3.10/site-packages/numpy.libs/libgfortran-040039e1.so.5.0.0
7f181528f000-7f1815290000 r--p 00000000 00:62 10103491                   /home/ubuntu/.local/lib/python3.10/site-packages/markupsafe/_speedups.cpython-310-x86_64-linux-gnu.so
7f1815290000-7f1815291000 r-xp 00001000 00:62 10103491                   /home/ubuntu/.local/lib/python3.10/site-packages/markupsafe/_speedups.cpython-310-x86_64-linux-gnu.so
7f1815291000-7f1815292000 r--p 00002000 00:62 10103491                   /home/ubuntu/.local/lib/python3.10/site-packages/markupsafe/_speedups.cpython-310-x86_64-linux-gnu.so
7f1815292000-7f1815293000 r--p 00002000 00:62 10103491                   /home/ubuntu/.local/lib/python3.10/site-packages/markupsafe/_speedups.cpython-310-x86_64-linux-gnu.so
7f1815293000-7f1815294000 rw-p 00003000 00:62 10103491                   /home/ubuntu/.local/lib/python3.10/site-packages/markupsafe/_speedups.cpython-310-x86_64-linux-gnu.so
7f1815294000-7f1815297000 r--p 00000000 00:62 10226654                   /home/ubuntu/.local/lib/python3.10/site-packages/scipy/_lib/messagestream.cpython-310-x86_64-linux-gnu.so
7f1815297000-7f18152a1000 r-xp 00003000 00:62 10226654                   /home/ubuntu/.local/lib/python3.10/site-packages/scipy/_lib/messagestream.cpython-310-x86_64-linux-gnu.so
7f18152a1000-7f18152a4000 r--p 0000d000 00:62 10226654                   /home/ubuntu/.local/lib/python3.10/site-packages/scipy/_lib/messagestream.cpython-310-x86_64-linux-gnu.so
7f18152a4000-7f18152a5000 r--p 0000f000 00:62 10226654                   /home/ubuntu/.local/lib/python3.10/site-packages/scipy/_lib/messagestream.cpython-310-x86_64-linux-gnu.so
7f18152a5000-7f18152a6000 rw-p 00010000 00:62 10226654                   /home/ubuntu/.local/lib/python3.10/site-packages/scipy/_lib/messagestream.cpython-310-x86_64-linux-gnu.so
7f18152a6000-7f18152b4000 r--p 00000000 00:62 10172773                   /home/ubuntu/.local/lib/python3.10/site-packages/safetensors/_safetensors_rust.abi3.so
7f18152b4000-7f181534a000 r-xp 0000e000 00:62 10172773                   /home/ubuntu/.local/lib/python3.10/site-packages/safetensors/_safetensors_rust.abi3.so
7f181534a000-7f1815375000 r--p 000a4000 00:62 10172773                   /home/ubuntu/.local/lib/python3.10/site-packages/safetensors/_safetensors_rust.abi3.so
7f1815375000-7f181537e000 r--p 000ce000 00:62 10172773                   /home/ubuntu/.local/lib/python3.10/site-packages/safetensors/_safetensors_rust.abi3.so
7f181537e000-7f1815380000 rw-p 000d7000 00:62 10172773                   /home/ubuntu/.local/lib/python3.10/site-packages/safetensors/_safetensors_rust.abi3.so
7f1815380000-7f181548a000 r--p 00000000 00:62 10175841                   /home/ubuntu/.local/lib/python3.10/site-packages/numpy.libs/libopenblas64_p-r0-0cf96a72.3.23.dev.so
7f181548a000-7f1815492000 r-xp 0010a000 00:62 10175841                   /home/ubuntu/.local/lib/python3.10/site-packages/numpy.libs/libopenblas64_p-r0-0cf96a72.3.23.dev.so
7f1815492000-7f1815498000 ---p 00112000 00:62 10175841                   /home/ubuntu/.local/lib/python3.10/site-packages/numpy.libs/libopenblas64_p-r0-0cf96a72.3.23.dev.so
7f1815498000-7f1817119000 r-xp 00118000 00:62 10175841                   /home/ubuntu/.local/lib/python3.10/site-packages/numpy.libs/libopenblas64_p-r0-0cf96a72.3.23.dev.so
7f1817119000-7f1817329000 r--p 01d99000 00:62 10175841                   /home/ubuntu/.local/lib/python3.10/site-packages/numpy.libs/libopenblas64_p-r0-0cf96a72.3.23.dev.so
7f1817329000-7f181732a000 ---p 01fa9000 00:62 10175841                   /home/ubuntu/.local/lib/python3.10/site-packages/numpy.libs/libopenblas64_p-r0-0cf96a72.3.23.dev.so
7f181732a000-7f1817330000 r--p 01fa9000 00:62 10175841                   /home/ubuntu/.local/lib/python3.10/site-packages/numpy.libs/libopenblas64_p-r0-0cf96a72.3.23.dev.so
7f1817330000-7f1817347000 rw-p 01faf000 00:62 10175841                   /home/ubuntu/.local/lib/python3.10/site-packages/numpy.libs/libopenblas64_p-r0-0cf96a72.3.23.dev.so
7f1817347000-7f1817353000 rw-p 00000000 00:00 0 
7f1817353000-7f18173b6000 rw-p 020d4000 00:62 10175841                   /home/ubuntu/.local/lib/python3.10/site-packages/numpy.libs/libopenblas64_p-r0-0cf96a72.3.23.dev.so
7f18173b6000-7f18173ff000 rw-p 02137000 00:62 10175841                   /home/ubuntu/.local/lib/python3.10/site-packages/numpy.libs/libopenblas64_p-r0-0cf96a72.3.23.dev.so
7f18173ff000-7f181742a000 r--p 00000000 00:62 10175524                   /home/ubuntu/.local/lib/python3.10/site-packages/numpy/core/_multiarray_umath.cpython-310-x86_64-linux-gnu.so
7f181742a000-7f1817908000 r-xp 0002b000 00:62 10175524                   /home/ubuntu/.local/lib/python3.10/site-packages/numpy/core/_multiarray_umath.cpython-310-x86_64-linux-gnu.so
7f1817908000-7f1817a7c000 r--p 00509000 00:62 10175524                   /home/ubuntu/.local/lib/python3.10/site-packages/numpy/core/_multiarray_umath.cpython-310-x86_64-linux-gnu.so
7f1817a7c000-7f1817a7d000 ---p 0067d000 00:62 10175524                   /home/ubuntu/.local/lib/python3.10/site-packages/numpy/core/_multiarray_umath.cpython-310-x86_64-linux-gnu.so
7f1817a7d000-7f1817a7f000 r--p 0067d000 00:62 10175524                   /home/ubuntu/.local/lib/python3.10/site-packages/numpy/core/_multiarray_umath.cpython-310-x86_64-linux-gnu.so
7f1817a7f000-7f1817aa2000 rw-p 0067f000 00:62 10175524                   /home/ubuntu/.local/lib/python3.10/site-packages/numpy/core/_multiarray_umath.cpython-310-x86_64-linux-gnu.so
7f1817aa2000-7f1817ac2000 rw-p 00000000 00:00 0 
7f1817ac2000-7f1817ac8000 rw-p 0070b000 00:62 10175524                   /home/ubuntu/.local/lib/python3.10/site-packages/numpy/core/_multiarray_umath.cpython-310-x86_64-linux-gnu.so
7f1817ac8000-7f1817acd000 rw-p 00711000 00:62 10175524                   /home/ubuntu/.local/lib/python3.10/site-packages/numpy/core/_multiarray_umath.cpython-310-x86_64-linux-gnu.so
7f1817acd000-7f1817b7c000 r--p 00000000 103:03 106299464                 /usr/lib/x86_64-linux-gnu/libcuda.so.555.42.02
7f1817b7c000-7f1818006000 r-xp 000af000 103:03 106299464                 /usr/lib/x86_64-linux-gnu/libcuda.so.555.42.02
7f1818006000-7f18194dd000 r--p 00539000 103:03 106299464                 /usr/lib/x86_64-linux-gnu/libcuda.so.555.42.02
7f18194dd000-7f18194de000 ---p 01a10000 103:03 106299464                 /usr/lib/x86_64-linux-gnu/libcuda.so.555.42.02
7f18194de000-7f18194f5000 r--p 01a10000 103:03 106299464                 /usr/lib/x86_64-linux-gnu/libcuda.so.555.42.02
7f18194f5000-7f1819599000 rw-p 01a27000 103:03 106299464                 /usr/lib/x86_64-linux-gnu/libcuda.so.555.42.02
7f1819599000-7f1819600000 rw-p 00000000 00:00 0 
7f1819600000-7f1821e43000 r-xp 00000000 00:62 10100322                   /home/ubuntu/.local/lib/python3.10/site-packages/nvidia/nvshmem/lib/libnvshmem_host.so.3
7f1821e43000-7f1822043000 ---p 08843000 00:62 10100322                   /home/ubuntu/.local/lib/python3.10/site-packages/nvidia/nvshmem/lib/libnvshmem_host.so.3
7f1822043000-7f1822048000 r--p 08843000 00:62 10100322                   /home/ubuntu/.local/lib/python3.10/site-packages/nvidia/nvshmem/lib/libnvshmem_host.so.3
7f1822048000-7f182204f000 rw-p 08848000 00:62 10100322                   /home/ubuntu/.local/lib/python3.10/site-packages/nvidia/nvshmem/lib/libnvshmem_host.so.3
7f182204f000-7f1822075000 rw-p 00000000 00:00 0 
7f1822076000-7f1822079000 r--p 00000000 00:62 10226445                   /home/ubuntu/.local/lib/python3.10/site-packages/scipy/special/_comb.cpython-310-x86_64-linux-gnu.so
7f1822079000-7f1822080000 r-xp 00003000 00:62 10226445                   /home/ubuntu/.local/lib/python3.10/site-packages/scipy/special/_comb.cpython-310-x86_64-linux-gnu.so
7f1822080000-7f1822082000 r--p 0000a000 00:62 10226445                   /home/ubuntu/.local/lib/python3.10/site-packages/scipy/special/_comb.cpython-310-x86_64-linux-gnu.so
7f1822082000-7f1822083000 r--p 0000b000 00:62 10226445                   /home/ubuntu/.local/lib/python3.10/site-packages/scipy/special/_comb.cpython-310-x86_64-linux-gnu.so
7f1822083000-7f1822084000 rw-p 0000c000 00:62 10226445                   /home/ubuntu/.local/lib/python3.10/site-packages/scipy/special/_comb.cpython-310-x86_64-linux-gnu.so
7f1822084000-7f1822089000 r--p 00000000 00:62 10226359                   /home/ubuntu/.local/lib/python3.10/site-packages/scipy/linalg/_matfuncs_sqrtm_triu.cpython-310-x86_64-linux-gnu.so
7f1822089000-7f18220b7000 r-xp 00005000 00:62 10226359                   /home/ubuntu/.local/lib/python3.10/site-packages/scipy/linalg/_matfuncs_sqrtm_triu.cpython-310-x86_64-linux-gnu.so
7f18220b7000-7f18220bf000 r--p 00033000 00:62 10226359                   /home/ubuntu/.local/lib/python3.10/site-packages/scipy/linalg/_matfuncs_sqrtm_triu.cpython-310-x86_64-linux-gnu.so
7f18220bf000-7f18220c0000 r--p 0003a000 00:62 10226359                   /home/ubuntu/.local/lib/python3.10/site-packages/scipy/linalg/_matfuncs_sqrtm_triu.cpython-310-x86_64-linux-gnu.so
7f18220c0000-7f18220c2000 rw-p 0003b000 00:62 10226359                   /home/ubuntu/.local/lib/python3.10/site-packages/scipy/linalg/_matfuncs_sqrtm_triu.cpython-310-x86_64-linux-gnu.so
7f18220c2000-7f18220c3000 rw-p 00000000 00:00 0 
7f18220c3000-7f18220c8000 r--p 00000000 00:62 10226354                   /home/ubuntu/.local/lib/python3.10/site-packages/scipy/linalg/_decomp_lu_cython.cpython-310-x86_64-linux-gnu.so
7f18220c8000-7f18220f4000 r-xp 00005000 00:62 10226354                   /home/ubuntu/.local/lib/python3.10/site-packages/scipy/linalg/_decomp_lu_cython.cpython-310-x86_64-linux-gnu.so
7f18220f4000-7f18220fc000 r--p 00031000 00:62 10226354                   /home/ubuntu/.local/lib/python3.10/site-packages/scipy/linalg/_decomp_lu_cython.cpython-310-x86_64-linux-gnu.so
7f18220fc000-7f18220fd000 r--p 00038000 00:62 10226354                   /home/ubuntu/.local/lib/python3.10/site-packages/scipy/linalg/_decomp_lu_cython.cpython-310-x86_64-linux-gnu.so
7f18220fd000-7f18220ff000 rw-p 00039000 00:62 10226354                   /home/ubuntu/.local/lib/python3.10/site-packages/scipy/linalg/_decomp_lu_cython.cpython-310-x86_64-linux-gnu.so
7f18220ff000-7f1822200000 rw-p 00000000 00:00 0 
7f1822200000-7f183ba69000 r-xp 00000000 00:62 10100646                   /home/ubuntu/.local/lib/python3.10/site-packages/nvidia/cublas/lib/libcublasLt.so.12
7f183ba69000-7f183bc69000 ---p 19869000 00:62 10100646                   /home/ubuntu/.local/lib/python3.10/site-packages/nvidia/cublas/lib/libcublasLt.so.12
7f183bc69000-7f183bea7000 r--p 19869000 00:62 10100646                   /home/ubuntu/.local/lib/python3.10/site-packages/nvidia/cublas/lib/libcublasLt.so.12
7f183bea7000-7f183f85b000 rw-p 19aa7000 00:62 10100646                   /home/ubuntu/.local/lib/python3.10/site-packages/nvidia/cublas/lib/libcublasLt.so.12
7f183f85b000-7f1843a2c000 rw-p 00000000 00:00 0 
7f1843a2c000-7f1843a2d000 r--s 00000000 08:00 45646499                   /home/ubuntu/tbazzocchi/FRAG/MedRAG/corpus/wikipedia/index/bm25/_a.fdx
7f1843a2d000-7f1843a3d000 r--p 00000000 00:62 10172787                   /home/ubuntu/.local/lib/python3.10/site-packages/regex/_regex.cpython-310-x86_64-linux-gnu.so
7f1843a3d000-7f1843a77000 r-xp 00010000 00:62 10172787                   /home/ubuntu/.local/lib/python3.10/site-packages/regex/_regex.cpython-310-x86_64-linux-gnu.so
7f1843a77000-7f1843af6000 r--p 0004a000 00:62 10172787                   /home/ubuntu/.local/lib/python3.10/site-packages/regex/_regex.cpython-310-x86_64-linux-gnu.so
7f1843af6000-7f1843af7000 r--p 000c8000 00:62 10172787                   /home/ubuntu/.local/lib/python3.10/site-packages/regex/_regex.cpython-310-x86_64-linux-gnu.so
7f1843af7000-7f1843b00000 rw-p 000c9000 00:62 10172787                   /home/ubuntu/.local/lib/python3.10/site-packages/regex/_regex.cpython-310-x86_64-linux-gnu.so
7f1843b00000-7f1843c00000 rw-p 00000000 00:00 0 
7f1843c00000-7f184a328000 r-xp 00000000 00:62 10100645                   /home/ubuntu/.local/lib/python3.10/site-packages/nvidia/cublas/lib/libcublas.so.12
7f184a328000-7f184a528000 ---p 06728000 00:62 10100645                   /home/ubuntu/.local/lib/python3.10/site-packages/nvidia/cublas/lib/libcublas.so.12
7f184a528000-7f184a534000 r--p 06728000 00:62 10100645                   /home/ubuntu/.local/lib/python3.10/site-packages/nvidia/cublas/lib/libcublas.so.12
7f184a534000-7f184a53b000 rw-p 06734000 00:62 10100645                   /home/ubuntu/.local/lib/python3.10/site-packages/nvidia/cublas/lib/libcublas.so.12
7f184a53b000-7f184a547000 rw-p 00000000 00:00 0 
7f184a547000-7f184a548000 r--s 00000000 08:00 45646512                   /home/ubuntu/tbazzocchi/FRAG/MedRAG/corpus/wikipedia/index/bm25/_6.fdx
7f184a548000-7f184a549000 r--p 00000000 00:62 10226176                   /home/ubuntu/.local/lib/python3.10/site-packages/scipy/optimize/_direct.cpython-310-x86_64-linux-gnu.so
7f184a549000-7f184a54f000 r-xp 00001000 00:62 10226176                   /home/ubuntu/.local/lib/python3.10/site-packages/scipy/optimize/_direct.cpython-310-x86_64-linux-gnu.so
7f184a54f000-7f184a551000 r--p 00007000 00:62 10226176                   /home/ubuntu/.local/lib/python3.10/site-packages/scipy/optimize/_direct.cpython-310-x86_64-linux-gnu.so
7f184a551000-7f184a552000 r--p 00008000 00:62 10226176                   /home/ubuntu/.local/lib/python3.10/site-packages/scipy/optimize/_direct.cpython-310-x86_64-linux-gnu.so
7f184a552000-7f184a553000 rw-p 00009000 00:62 10226176                   /home/ubuntu/.local/lib/python3.10/site-packages/scipy/optimize/_direct.cpython-310-x86_64-linux-gnu.so
7f184a553000-7f184a556000 r--p 00000000 00:62 10226400                   /home/ubuntu/.local/lib/python3.10/site-packages/scipy/linalg/_linalg_pythran.cpython-310-x86_64-linux-gnu.so
7f184a556000-7f184a56a000 r-xp 00003000 00:62 10226400                   /home/ubuntu/.local/lib/python3.10/site-packages/scipy/linalg/_linalg_pythran.cpython-310-x86_64-linux-gnu.so
7f184a56a000-7f184a56e000 r--p 00017000 00:62 10226400                   /home/ubuntu/.local/lib/python3.10/site-packages/scipy/linalg/_linalg_pythran.cpython-310-x86_64-linux-gnu.so
7f184a56e000-7f184a56f000 r--p 0001a000 00:62 10226400                   /home/ubuntu/.local/lib/python3.10/site-packages/scipy/linalg/_linalg_pythran.cpython-310-x86_64-linux-gnu.so
7f184a56f000-7f184a570000 rw-p 0001b000 00:62 10226400                   /home/ubuntu/.local/lib/python3.10/site-packages/scipy/linalg/_linalg_pythran.cpython-310-x86_64-linux-gnu.so
7f184a570000-7f184a575000 r--p 00000000 00:62 10226382                   /home/ubuntu/.local/lib/python3.10/site-packages/scipy/linalg/_solve_toeplitz.cpython-310-x86_64-linux-gnu.so
7f184a575000-7f184a5a6000 r-xp 00005000 00:62 10226382                   /home/ubuntu/.local/lib/python3.10/site-packages/scipy/linalg/_solve_toeplitz.cpython-310-x86_64-linux-gnu.so
7f184a5a6000-7f184a5ae000 r--p 00036000 00:62 10226382                   /home/ubuntu/.local/lib/python3.10/site-packages/scipy/linalg/_solve_toeplitz.cpython-310-x86_64-linux-gnu.so
7f184a5ae000-7f184a5af000 ---p 0003e000 00:62 10226382                   /home/ubuntu/.local/lib/python3.10/site-packages/scipy/linalg/_solve_toeplitz.cpython-310-x86_64-linux-gnu.so
7f184a5af000-7f184a5b0000 r--p 0003e000 00:62 10226382                   /home/ubuntu/.local/lib/python3.10/site-packages/scipy/linalg/_solve_toeplitz.cpython-310-x86_64-linux-gnu.so
7f184a5b0000-7f184a5b2000 rw-p 0003f000 00:62 10226382                   /home/ubuntu/.local/lib/python3.10/site-packages/scipy/linalg/_solve_toeplitz.cpython-310-x86_64-linux-gnu.so
7f184a5b2000-7f184a5b3000 rw-p 00000000 00:00 0 
7f184a5b3000-7f184a5b7000 r--p 00000000 00:62 10226637                   /home/ubuntu/.local/lib/python3.10/site-packages/scipy/_lib/_ccallback_c.cpython-310-x86_64-linux-gnu.so
7f184a5b7000-7f184a5c5000 r-xp 00004000 00:62 10226637                   /home/ubuntu/.local/lib/python3.10/site-packages/scipy/_lib/_ccallback_c.cpython-310-x86_64-linux-gnu.so
7f184a5c5000-7f184a5c8000 r--p 00012000 00:62 10226637                   /home/ubuntu/.local/lib/python3.10/site-packages/scipy/_lib/_ccallback_c.cpython-310-x86_64-linux-gnu.so
7f184a5c8000-7f184a5c9000 r--p 00014000 00:62 10226637                   /home/ubuntu/.local/lib/python3.10/site-packages/scipy/_lib/_ccallback_c.cpython-310-x86_64-linux-gnu.so
7f184a5c9000-7f184a5ca000 rw-p 00015000 00:62 10226637                   /home/ubuntu/.local/lib/python3.10/site-packages/scipy/_lib/_ccallback_c.cpython-310-x86_64-linux-gnu.so
7f184a5ca000-7f184a5cb000 rw-p 00000000 00:00 0 
7f184a5cb000-7f184a5d1000 r--p 00000000 00:62 10238305                   /home/ubuntu/.local/lib/python3.10/site-packages/aiohttp/_websocket/reader_c.cpython-310-x86_64-linux-gnu.so
7f184a5d1000-7f184a5f5000 r-xp 00006000 00:62 10238305                   /home/ubuntu/.local/lib/python3.10/site-packages/aiohttp/_websocket/reader_c.cpython-310-x86_64-linux-gnu.so
7f184a5f5000-7f184a5fb000 r--p 0002a000 00:62 10238305                   /home/ubuntu/.local/lib/python3.10/site-packages/aiohttp/_websocket/reader_c.cpython-310-x86_64-linux-gnu.so
7f184a5fb000-7f184a5fd000 r--p 0002f000 00:62 10238305                   /home/ubuntu/.local/lib/python3.10/site-packages/aiohttp/_websocket/reader_c.cpython-310-x86_64-linux-gnu.so
7f184a5fd000-7f184a5ff000 rw-p 00031000 00:62 10238305                   /home/ubuntu/.local/lib/python3.10/site-packages/aiohttp/_websocket/reader_c.cpython-310-x86_64-linux-gnu.so
7f184a5ff000-7f184a600000 rw-p 00000000 00:00 0 
7f184a600000-7f184edcf000 r-xp 00000000 00:62 10100399                   /home/ubuntu/.local/lib/python3.10/site-packages/nvidia/curand/lib/libcurand.so.10
7f184edcf000-7f184efcf000 ---p 047cf000 00:62 10100399                   /home/ubuntu/.local/lib/python3.10/site-packages/nvidia/curand/lib/libcurand.so.10
7f184efcf000-7f184efd5000 r--p 047cf000 00:62 10100399                   /home/ubuntu/.local/lib/python3.10/site-packages/nvidia/curand/lib/libcurand.so.10
7f184efd5000-7f1850401000 rw-p 047d5000 00:62 10100399                   /home/ubuntu/.local/lib/python3.10/site-packages/nvidia/curand/lib/libcurand.so.10
7f1850401000-7f1850a39000 rw-p 00000000 00:00 0 
7f1850a39000-7f1850a3a000 r--s 00000000 08:00 45646534                   /home/ubuntu/tbazzocchi/FRAG/MedRAG/corpus/wikipedia/index/bm25/_8.fdx
7f1850a3a000-7f1850a3b000 r--s 00000000 08:00 45646547                   /home/ubuntu/tbazzocchi/FRAG/MedRAG/corpus/wikipedia/index/bm25/_2.fdx
7f1850a3b000-7f1850a3d000 r--p 00000000 00:62 10236007                   /home/ubuntu/.local/lib/python3.10/site-packages/sklearn/utils/_sorting.cpython-310-x86_64-linux-gnu.so
7f1850a3d000-7f1850a3f000 r-xp 00002000 00:62 10236007                   /home/ubuntu/.local/lib/python3.10/site-packages/sklearn/utils/_sorting.cpython-310-x86_64-linux-gnu.so
7f1850a3f000-7f1850a40000 r--p 00004000 00:62 10236007                   /home/ubuntu/.local/lib/python3.10/site-packages/sklearn/utils/_sorting.cpython-310-x86_64-linux-gnu.so
7f1850a40000-7f1850a41000 r--p 00004000 00:62 10236007                   /home/ubuntu/.local/lib/python3.10/site-packages/sklearn/utils/_sorting.cpython-310-x86_64-linux-gnu.so
7f1850a41000-7f1850a42000 rw-p 00005000 00:62 10236007                   /home/ubuntu/.local/lib/python3.10/site-packages/sklearn/utils/_sorting.cpython-310-x86_64-linux-gnu.so
7f1850a42000-7f1850a47000 r--p 00000000 00:62 10224197                   /home/ubuntu/.local/lib/python3.10/site-packages/frozenlist/_frozenlist.cpython-310-x86_64-linux-gnu.so
7f1850a47000-7f1850a53000 r-xp 00005000 00:62 10224197                   /home/ubuntu/.local/lib/python3.10/site-packages/frozenlist/_frozenlist.cpython-310-x86_64-linux-gnu.so
7f1850a53000-7f1850a57000 r--p 00011000 00:62 10224197                   /home/ubuntu/.local/lib/python3.10/site-packages/frozenlist/_frozenlist.cpython-310-x86_64-linux-gnu.so
7f1850a57000-7f1850a58000 r--p 00014000 00:62 10224197                   /home/ubuntu/.local/lib/python3.10/site-packages/frozenlist/_frozenlist.cpython-310-x86_64-linux-gnu.so
7f1850a58000-7f1850a5a000 rw-p 00015000 00:62 10224197                   /home/ubuntu/.local/lib/python3.10/site-packages/frozenlist/_frozenlist.cpython-310-x86_64-linux-gnu.so
7f1850a5a000-7f1850a64000 r--p 00000000 00:62 10238240                   /home/ubuntu/.local/lib/python3.10/site-packages/aiohttp/_http_parser.cpython-310-x86_64-linux-gnu.so
7f1850a64000-7f1850ab2000 r-xp 0000a000 00:62 10238240                   /home/ubuntu/.local/lib/python3.10/site-packages/aiohttp/_http_parser.cpython-310-x86_64-linux-gnu.so
7f1850ab2000-7f1850abe000 r--p 00058000 00:62 10238240                   /home/ubuntu/.local/lib/python3.10/site-packages/aiohttp/_http_parser.cpython-310-x86_64-linux-gnu.so
7f1850abe000-7f1850ac0000 r--p 00063000 00:62 10238240                   /home/ubuntu/.local/lib/python3.10/site-packages/aiohttp/_http_parser.cpython-310-x86_64-linux-gnu.so
7f1850ac0000-7f1850ac3000 rw-p 00065000 00:62 10238240                   /home/ubuntu/.local/lib/python3.10/site-packages/aiohttp/_http_parser.cpython-310-x86_64-linux-gnu.so
7f1850ac3000-7f1850ac5000 rw-p 00000000 00:00 0 
7f1850ac5000-7f1850acc000 r--p 00000000 00:62 10172809                   /home/ubuntu/.local/lib/python3.10/site-packages/yaml/_yaml.cpython-310-x86_64-linux-gnu.so
7f1850acc000-7f1850b12000 r-xp 00007000 00:62 10172809                   /home/ubuntu/.local/lib/python3.10/site-packages/yaml/_yaml.cpython-310-x86_64-linux-gnu.so
7f1850b12000-7f1850b1b000 r--p 0004d000 00:62 10172809                   /home/ubuntu/.local/lib/python3.10/site-packages/yaml/_yaml.cpython-310-x86_64-linux-gnu.so
7f1850b1b000-7f1850b1d000 r--p 00055000 00:62 10172809                   /home/ubuntu/.local/lib/python3.10/site-packages/yaml/_yaml.cpython-310-x86_64-linux-gnu.so
7f1850b1d000-7f1850b1f000 rw-p 00057000 00:62 10172809                   /home/ubuntu/.local/lib/python3.10/site-packages/yaml/_yaml.cpython-310-x86_64-linux-gnu.so
7f1850b1f000-7f1850b20000 rw-p 00000000 00:00 0 
7f1850b20000-7f1850b27000 r--p 00000000 00:62 10175431                   /home/ubuntu/.local/lib/python3.10/site-packages/numpy/random/_generator.cpython-310-x86_64-linux-gnu.so
7f1850b27000-7f1850ba7000 r-xp 00007000 00:62 10175431                   /home/ubuntu/.local/lib/python3.10/site-packages/numpy/random/_generator.cpython-310-x86_64-linux-gnu.so
7f1850ba7000-7f1850bfb000 r--p 00087000 00:62 10175431                   /home/ubuntu/.local/lib/python3.10/site-packages/numpy/random/_generator.cpython-310-x86_64-linux-gnu.so
7f1850bfb000-7f1850bfc000 r--p 000da000 00:62 10175431                   /home/ubuntu/.local/lib/python3.10/site-packages/numpy/random/_generator.cpython-310-x86_64-linux-gnu.so
7f1850bfc000-7f1850bfe000 rw-p 000db000 00:62 10175431                   /home/ubuntu/.local/lib/python3.10/site-packages/numpy/random/_generator.cpython-310-x86_64-linux-gnu.so
7f1850bfe000-7f1850c00000 rw-p 00000000 00:00 0 
7f1850c00000-7f1869450000 r-xp 00000000 00:62 10100367                   /home/ubuntu/.local/lib/python3.10/site-packages/nvidia/nccl/lib/libnccl.so.2
7f1869450000-7f1869650000 ---p 18850000 00:62 10100367                   /home/ubuntu/.local/lib/python3.10/site-packages/nvidia/nccl/lib/libnccl.so.2
7f1869650000-7f1869659000 r--p 18850000 00:62 10100367                   /home/ubuntu/.local/lib/python3.10/site-packages/nvidia/nccl/lib/libnccl.so.2
7f1869659000-7f186966e000 rw-p 18859000 00:62 10100367                   /home/ubuntu/.local/lib/python3.10/site-packages/nvidia/nccl/lib/libnccl.so.2
7f186966e000-7f18696a6000 rw-p 00000000 00:00 0 
7f18696a6000-7f18696a7000 r--s 00000000 08:00 45646660                   /home/ubuntu/tbazzocchi/FRAG/MedRAG/corpus/wikipedia/index/bm25/_o.fdx
7f18696a7000-7f18696a8000 r--p 00000000 00:62 10226763                   /home/ubuntu/.local/lib/python3.10/site-packages/scipy/ndimage/_rank_filter_1d.cpython-310-x86_64-linux-gnu.so
7f18696a8000-7f18696ab000 r-xp 00001000 00:62 10226763                   /home/ubuntu/.local/lib/python3.10/site-packages/scipy/ndimage/_rank_filter_1d.cpython-310-x86_64-linux-gnu.so
7f18696ab000-7f18696ac000 r--p 00004000 00:62 10226763                   /home/ubuntu/.local/lib/python3.10/site-packages/scipy/ndimage/_rank_filter_1d.cpython-310-x86_64-linux-gnu.so
7f18696ac000-7f18696ad000 r--p 00004000 00:62 10226763                   /home/ubuntu/.local/lib/python3.10/site-packages/scipy/ndimage/_rank_filter_1d.cpython-310-x86_64-linux-gnu.so
7f18696ad000-7f18696ae000 rw-p 00005000 00:62 10226763                   /home/ubuntu/.local/lib/python3.10/site-packages/scipy/ndimage/_rank_filter_1d.cpython-310-x86_64-linux-gnu.so
7f18696ae000-7f18696b1000 r--p 00000000 00:62 10554495                   /home/ubuntu/.local/lib/python3.10/site-packages/psutil/_psutil_linux.abi3.so
7f18696b1000-7f18696b4000 r-xp 00003000 00:62 10554495                   /home/ubuntu/.local/lib/python3.10/site-packages/psutil/_psutil_linux.abi3.so
7f18696b4000-7f18696b5000 r--p 00006000 00:62 10554495                   /home/ubuntu/.local/lib/python3.10/site-packages/psutil/_psutil_linux.abi3.so
7f18696b5000-7f18696b6000 r--p 00007000 00:62 10554495                   /home/ubuntu/.local/lib/python3.10/site-packages/psutil/_psutil_linux.abi3.so
7f18696b6000-7f18696b7000 rw-p 00008000 00:62 10554495                   /home/ubuntu/.local/lib/python3.10/site-packages/psutil/_psutil_linux.abi3.so
7f18696b7000-7f18696ba000 r--p 00000000 00:62 10238242                   /home/ubuntu/.local/lib/python3.10/site-packages/aiohttp/_http_writer.cpython-310-x86_64-linux-gnu.so
7f18696ba000-7f18696c4000 r-xp 00003000 00:62 10238242                   /home/ubuntu/.local/lib/python3.10/site-packages/aiohttp/_http_writer.cpython-310-x86_64-linux-gnu.so
7f18696c4000-7f18696c6000 r--p 0000d000 00:62 10238242                   /home/ubuntu/.local/lib/python3.10/site-packages/aiohttp/_http_writer.cpython-310-x86_64-linux-gnu.so
7f18696c6000-7f18696c7000 r--p 0000e000 00:62 10238242                   /home/ubuntu/.local/lib/python3.10/site-packages/aiohttp/_http_writer.cpython-310-x86_64-linux-gnu.so
7f18696c7000-7f18696c8000 rw-p 0000f000 00:62 10238242                   /home/ubuntu/.local/lib/python3.10/site-packages/aiohttp/_http_writer.cpython-310-x86_64-linux-gnu.so
7f18696c8000-7f18696cc000 r--p 00000000 00:62 10174777                   /home/ubuntu/.local/lib/python3.10/site-packages/propcache/_helpers_c.cpython-310-x86_64-linux-gnu.so
7f18696cc000-7f18696d8000 r-xp 00004000 00:62 10174777                   /home/ubuntu/.local/lib/python3.10/site-packages/propcache/_helpers_c.cpython-310-x86_64-linux-gnu.so
7f18696d8000-7f18696dc000 r--p 00010000 00:62 10174777                   /home/ubuntu/.local/lib/python3.10/site-packages/propcache/_helpers_c.cpython-310-x86_64-linux-gnu.so
7f18696dc000-7f18696dd000 r--p 00013000 00:62 10174777                   /home/ubuntu/.local/lib/python3.10/site-packages/propcache/_helpers_c.cpython-310-x86_64-linux-gnu.so
7f18696dd000-7f18696de000 rw-p 00014000 00:62 10174777                   /home/ubuntu/.local/lib/python3.10/site-packages/propcache/_helpers_c.cpython-310-x86_64-linux-gnu.so
7f18696de000-7f18696df000 rw-p 00000000 00:00 0 
7f18696df000-7f18696e4000 r--p 00000000 00:62 10225146                   /home/ubuntu/.local/lib/python3.10/site-packages/yarl/_quoting_c.cpython-310-x86_64-linux-gnu.so
7f18696e4000-7f18696f9000 r-xp 00005000 00:62 10225146                   /home/ubuntu/.local/lib/python3.10/site-packages/yarl/_quoting_c.cpython-310-x86_64-linux-gnu.so
7f18696f9000-7f18696fd000 r--p 0001a000 00:62 10225146                   /home/ubuntu/.local/lib/python3.10/site-packages/yarl/_quoting_c.cpython-310-x86_64-linux-gnu.so
7f18696fd000-7f18696fe000 r--p 0001d000 00:62 10225146                   /home/ubuntu/.local/lib/python3.10/site-packages/yarl/_quoting_c.cpython-310-x86_64-linux-gnu.so
7f18696fe000-7f18696ff000 rw-p 0001e000 00:62 10225146                   /home/ubuntu/.local/lib/python3.10/site-packages/yarl/_quoting_c.cpython-310-x86_64-linux-gnu.so
7f18696ff000-7f1869800000 rw-p 00000000 00:00 0 
7f1869800000-7f1869d7a000 r-xp 00000000 00:62 10103692                   /home/ubuntu/.local/lib/python3.10/site-packages/nvidia/cufft/lib/libcufft.so.11
7f1869d7a000-7f1869f79000 ---p 0057a000 00:62 10103692                   /home/ubuntu/.local/lib/python3.10/site-packages/nvidia/cufft/lib/libcufft.so.11
7f1869f79000-7f1869f86000 r--p 00579000 00:62 10103692                   /home/ubuntu/.local/lib/python3.10/site-packages/nvidia/cufft/lib/libcufft.so.11
7f1869f86000-7f187a363000 rw-p 00586000 00:62 10103692                   /home/ubuntu/.local/lib/python3.10/site-packages/nvidia/cufft/lib/libcufft.so.11
7f187a363000-7f187a6aa000 rw-p 00000000 00:00 0 
7f187a6aa000-7f187a800000 ---p 10eaa000 00:62 10103692                   /home/ubuntu/.local/lib/python3.10/site-packages/nvidia/cufft/lib/libcufft.so.11
7f187a800000-7f187a801000 rw-p 10a00000 00:62 10103692                   /home/ubuntu/.local/lib/python3.10/site-packages/nvidia/cufft/lib/libcufft.so.11
7f187a801000-7f187a803000 r--p 00000000 00:62 10235981                   /home/ubuntu/.local/lib/python3.10/site-packages/sklearn/utils/_heap.cpython-310-x86_64-linux-gnu.so
7f187a803000-7f187a804000 r-xp 00002000 00:62 10235981                   /home/ubuntu/.local/lib/python3.10/site-packages/sklearn/utils/_heap.cpython-310-x86_64-linux-gnu.so
7f187a804000-7f187a805000 r--p 00003000 00:62 10235981                   /home/ubuntu/.local/lib/python3.10/site-packages/sklearn/utils/_heap.cpython-310-x86_64-linux-gnu.so
7f187a805000-7f187a806000 r--p 00003000 00:62 10235981                   /home/ubuntu/.local/lib/python3.10/site-packages/sklearn/utils/_heap.cpython-310-x86_64-linux-gnu.so
7f187a806000-7f187a807000 rw-p 00004000 00:62 10235981                   /home/ubuntu/.local/lib/python3.10/site-packages/sklearn/utils/_heap.cpython-310-x86_64-linux-gnu.so
7f187a807000-7f187a825000 r--p 00000000 00:62 25773465                   /usr/lib/x86_64-linux-gnu/libssl.so.3
7f187a825000-7f187a880000 r-xp 0001e000 00:62 25773465                   /usr/lib/x86_64-linux-gnu/libssl.so.3
7f187a880000-7f187a89d000 r--p 00079000 00:62 25773465                   /usr/lib/x86_64-linux-gnu/libssl.so.3
7f187a89d000-7f187a8a7000 r--p 00095000 00:62 25773465                   /usr/lib/x86_64-linux-gnu/libssl.so.3
7f187a8a7000-7f187a8ab000 rw-p 0009f000 00:62 25773465                   /usr/lib/x86_64-linux-gnu/libssl.so.3
7f187a8ab000-7f187a8af000 r--p 00000000 00:62 10175416                   /home/ubuntu/.local/lib/python3.10/site-packages/numpy/random/_bounded_integers.cpython-310-x86_64-linux-gnu.so
7f187a8af000-7f187a8f4000 r-xp 00004000 00:62 10175416                   /home/ubuntu/.local/lib/python3.10/site-packages/numpy/random/_bounded_integers.cpython-310-x86_64-linux-gnu.so
7f187a8f4000-7f187a8fd000 r--p 00049000 00:62 10175416                   /home/ubuntu/.local/lib/python3.10/site-packages/numpy/random/_bounded_integers.cpython-310-x86_64-linux-gnu.so
7f187a8fd000-7f187a8fe000 r--p 00051000 00:62 10175416                   /home/ubuntu/.local/lib/python3.10/site-packages/numpy/random/_bounded_integers.cpython-310-x86_64-linux-gnu.so
7f187a8fe000-7f187a8ff000 rw-p 00052000 00:62 10175416                   /home/ubuntu/.local/lib/python3.10/site-packages/numpy/random/_bounded_integers.cpython-310-x86_64-linux-gnu.so
7f187a8ff000-7f187aa00000 rw-p 00000000 00:00 0 
7f187aa00000-7f188c1ba000 r-xp 00000000 00:62 10103668                   /home/ubuntu/.local/lib/python3.10/site-packages/nvidia/cusparse/lib/libcusparse.so.12
7f188c1ba000-7f188c3ba000 ---p 117ba000 00:62 10103668                   /home/ubuntu/.local/lib/python3.10/site-packages/nvidia/cusparse/lib/libcusparse.so.12
7f188c3ba000-7f188c3c9000 r--p 117ba000 00:62 10103668                   /home/ubuntu/.local/lib/python3.10/site-packages/nvidia/cusparse/lib/libcusparse.so.12
7f188c3c9000-7f188c3e5000 rw-p 117c9000 00:62 10103668                   /home/ubuntu/.local/lib/python3.10/site-packages/nvidia/cusparse/lib/libcusparse.so.12
7f188c3e5000-7f188c3ea000 rw-p 00000000 00:00 0 
7f188c3ea000-7f188c400000 ---p 119ea000 00:62 10103668                   /home/ubuntu/.local/lib/python3.10/site-packages/nvidia/cusparse/lib/libcusparse.so.12
7f188c400000-7f188c405000 rw-p 11800000 00:62 10103668                   /home/ubuntu/.local/lib/python3.10/site-packages/nvidia/cusparse/lib/libcusparse.so.12
7f188c405000-7f188c406000 r--s 00000000 08:00 45646683                   /home/ubuntu/tbazzocchi/FRAG/MedRAG/corpus/wikipedia/index/bm25/_q.fdx
7f188c406000-7f188c407000 r--p 00000000 00:62 10226175                   /home/ubuntu/.local/lib/python3.10/site-packages/scipy/optimize/_lsap.cpython-310-x86_64-linux-gnu.so
7f188c407000-7f188c409000 r-xp 00001000 00:62 10226175                   /home/ubuntu/.local/lib/python3.10/site-packages/scipy/optimize/_lsap.cpython-310-x86_64-linux-gnu.so
7f188c409000-7f188c40b000 r--p 00003000 00:62 10226175                   /home/ubuntu/.local/lib/python3.10/site-packages/scipy/optimize/_lsap.cpython-310-x86_64-linux-gnu.so
7f188c40b000-7f188c40c000 r--p 00004000 00:62 10226175                   /home/ubuntu/.local/lib/python3.10/site-packages/scipy/optimize/_lsap.cpython-310-x86_64-linux-gnu.so
7f188c40c000-7f188c40d000 rw-p 00005000 00:62 10226175                   /home/ubuntu/.local/lib/python3.10/site-packages/scipy/optimize/_lsap.cpython-310-x86_64-linux-gnu.so
7f188c40d000-7f188c411000 r--p 00000000 00:62 10045253                   /usr/lib/python3.10/lib-dynload/_asyncio.cpython-310-x86_64-linux-gnu.so
7f188c411000-7f188c419000 r-xp 00004000 00:62 10045253                   /usr/lib/python3.10/lib-dynload/_asyncio.cpython-310-x86_64-linux-gnu.so
7f188c419000-7f188c41d000 r--p 0000c000 00:62 10045253                   /usr/lib/python3.10/lib-dynload/_asyncio.cpython-310-x86_64-linux-gnu.so
7f188c41d000-7f188c41e000 ---p 00010000 00:62 10045253                   /usr/lib/python3.10/lib-dynload/_asyncio.cpython-310-x86_64-linux-gnu.so
7f188c41e000-7f188c41f000 r--p 00010000 00:62 10045253                   /usr/lib/python3.10/lib-dynload/_asyncio.cpython-310-x86_64-linux-gnu.so
7f188c41f000-7f188c421000 rw-p 00011000 00:62 10045253                   /usr/lib/python3.10/lib-dynload/_asyncio.cpython-310-x86_64-linux-gnu.so
7f188c421000-7f188c433000 r--p 00000000 00:62 10045508                   /usr/lib/python3.10/lib-dynload/_ssl.cpython-310-x86_64-linux-gnu.so
7f188c433000-7f188c440000 r-xp 00012000 00:62 10045508                   /usr/lib/python3.10/lib-dynload/_ssl.cpython-310-x86_64-linux-gnu.so
7f188c440000-7f188c44e000 r--p 0001f000 00:62 10045508                   /usr/lib/python3.10/lib-dynload/_ssl.cpython-310-x86_64-linux-gnu.so
7f188c44e000-7f188c44f000 ---p 0002d000 00:62 10045508                   /usr/lib/python3.10/lib-dynload/_ssl.cpython-310-x86_64-linux-gnu.so
7f188c44f000-7f188c450000 r--p 0002d000 00:62 10045508                   /usr/lib/python3.10/lib-dynload/_ssl.cpython-310-x86_64-linux-gnu.so
7f188c450000-7f188c459000 rw-p 0002e000 00:62 10045508                   /usr/lib/python3.10/lib-dynload/_ssl.cpython-310-x86_64-linux-gnu.so
7f188c459000-7f188c559000 rw-p 00000000 00:00 0 
7f188c559000-7f188c574000 r--p 00000000 00:62 10159921                   /home/ubuntu/.local/lib/python3.10/site-packages/torch/lib/libtorch_nvshmem.so
7f188c574000-7f188c610000 r-xp 0001b000 00:62 10159921                   /home/ubuntu/.local/lib/python3.10/site-packages/torch/lib/libtorch_nvshmem.so
7f188c610000-7f188cdad000 r--p 000b7000 00:62 10159921                   /home/ubuntu/.local/lib/python3.10/site-packages/torch/lib/libtorch_nvshmem.so
7f188cdad000-7f188cdb3000 r--p 00854000 00:62 10159921                   /home/ubuntu/.local/lib/python3.10/site-packages/torch/lib/libtorch_nvshmem.so
7f188cdb3000-7f188cdb5000 rw-p 0085a000 00:62 10159921                   /home/ubuntu/.local/lib/python3.10/site-packages/torch/lib/libtorch_nvshmem.so
7f188cdb5000-7f188cdb9000 rw-p 00000000 00:00 0 
7f188cdb9000-7f188cdc4000 rw-p 008b1000 00:62 10159921                   /home/ubuntu/.local/lib/python3.10/site-packages/torch/lib/libtorch_nvshmem.so
7f188cdc4000-7f188ce7f000 r--p 00000000 00:62 10100616                   /home/ubuntu/.local/lib/python3.10/site-packages/nvidia/cuda_cupti/lib/libcupti.so.12
7f188ce7f000-7f188d31c000 r-xp 000bb000 00:62 10100616                   /home/ubuntu/.local/lib/python3.10/site-packages/nvidia/cuda_cupti/lib/libcupti.so.12
7f188d31c000-7f188d473000 r--p 00558000 00:62 10100616                   /home/ubuntu/.local/lib/python3.10/site-packages/nvidia/cuda_cupti/lib/libcupti.so.12
7f188d473000-7f188d4c0000 r--p 006ae000 00:62 10100616                   /home/ubuntu/.local/lib/python3.10/site-packages/nvidia/cuda_cupti/lib/libcupti.so.12
7f188d4c0000-7f188d577000 rw-p 006fb000 00:62 10100616                   /home/ubuntu/.local/lib/python3.10/site-packages/nvidia/cuda_cupti/lib/libcupti.so.12
7f188d577000-7f188d5b8000 rw-p 00000000 00:00 0 
7f188d5b8000-7f188d5e6000 r--p 00000000 00:62 10100420                   /home/ubuntu/.local/lib/python3.10/site-packages/nvidia/cufile/lib/libcufile.so.0
7f188d5e6000-7f188d7c9000 r-xp 0002e000 00:62 10100420                   /home/ubuntu/.local/lib/python3.10/site-packages/nvidia/cufile/lib/libcufile.so.0
7f188d7c9000-7f188d86b000 r--p 00211000 00:62 10100420                   /home/ubuntu/.local/lib/python3.10/site-packages/nvidia/cufile/lib/libcufile.so.0
7f188d86b000-7f188d86c000 ---p 002b3000 00:62 10100420                   /home/ubuntu/.local/lib/python3.10/site-packages/nvidia/cufile/lib/libcufile.so.0
7f188d86c000-7f188d871000 r--p 002b3000 00:62 10100420                   /home/ubuntu/.local/lib/python3.10/site-packages/nvidia/cufile/lib/libcufile.so.0
7f188d871000-7f188d879000 rw-p 002b8000 00:62 10100420                   /home/ubuntu/.local/lib/python3.10/site-packages/nvidia/cufile/lib/libcufile.so.0
7f188d879000-7f188d884000 rw-p 00000000 00:00 0 
7f188d884000-7f188d890000 rw-p 002db000 00:62 10100420                   /home/ubuntu/.local/lib/python3.10/site-packages/nvidia/cufile/lib/libcufile.so.0
7f188d890000-7f188f837000 r--p 00000000 00:62 10095764                   /home/ubuntu/.local/lib/python3.10/site-packages/nvidia/cusparselt/lib/libcusparseLt.so.0
7f188f837000-7f1892845000 r-xp 01fa7000 00:62 10095764                   /home/ubuntu/.local/lib/python3.10/site-packages/nvidia/cusparselt/lib/libcusparseLt.so.0
7f1892845000-7f18a6c81000 r--p 04fb5000 00:62 10095764                   /home/ubuntu/.local/lib/python3.10/site-packages/nvidia/cusparselt/lib/libcusparseLt.so.0
7f18a6c81000-7f18a6c82000 ---p 193f1000 00:62 10095764                   /home/ubuntu/.local/lib/python3.10/site-packages/nvidia/cusparselt/lib/libcusparseLt.so.0
7f18a6c82000-7f18a6da5000 r--p 193f1000 00:62 10095764                   /home/ubuntu/.local/lib/python3.10/site-packages/nvidia/cusparselt/lib/libcusparseLt.so.0
7f18a6da5000-7f18a6dd2000 rw-p 19514000 00:62 10095764                   /home/ubuntu/.local/lib/python3.10/site-packages/nvidia/cusparselt/lib/libcusparseLt.so.0
7f18a6dd2000-7f18a7037000 rw-p 00000000 00:00 0 
7f18a7037000-7f18a8a00000 rw-p 19542000 00:62 10095764                   /home/ubuntu/.local/lib/python3.10/site-packages/nvidia/cusparselt/lib/libcusparseLt.so.0
7f18a8a00000-7f18a8a1e000 r-xp 00000000 00:62 10103724                   /home/ubuntu/.local/lib/python3.10/site-packages/nvidia/cudnn/lib/libcudnn.so.9
7f18a8a1e000-7f18a8c1d000 ---p 0001e000 00:62 10103724                   /home/ubuntu/.local/lib/python3.10/site-packages/nvidia/cudnn/lib/libcudnn.so.9
7f18a8c1d000-7f18a8c1e000 r--p 0001d000 00:62 10103724                   /home/ubuntu/.local/lib/python3.10/site-packages/nvidia/cudnn/lib/libcudnn.so.9
7f18a8c1e000-7f18a8c1f000 rw-p 0001e000 00:62 10103724                   /home/ubuntu/.local/lib/python3.10/site-packages/nvidia/cudnn/lib/libcudnn.so.9
7f18a8c1f000-7f18a8c22000 r--p 00000000 00:62 10175414                   /home/ubuntu/.local/lib/python3.10/site-packages/numpy/random/_sfc64.cpython-310-x86_64-linux-gnu.so
7f18a8c22000-7f18a8c2b000 r-xp 00003000 00:62 10175414                   /home/ubuntu/.local/lib/python3.10/site-packages/numpy/random/_sfc64.cpython-310-x86_64-linux-gnu.so
7f18a8c2b000-7f18a8c2e000 r--p 0000c000 00:62 10175414                   /home/ubuntu/.local/lib/python3.10/site-packages/numpy/random/_sfc64.cpython-310-x86_64-linux-gnu.so
7f18a8c2e000-7f18a8c2f000 r--p 0000e000 00:62 10175414                   /home/ubuntu/.local/lib/python3.10/site-packages/numpy/random/_sfc64.cpython-310-x86_64-linux-gnu.so
7f18a8c2f000-7f18a8c30000 rw-p 0000f000 00:62 10175414                   /home/ubuntu/.local/lib/python3.10/site-packages/numpy/random/_sfc64.cpython-310-x86_64-linux-gnu.so
7f18a8c30000-7f18a8c33000 r--p 00000000 00:62 10175411                   /home/ubuntu/.local/lib/python3.10/site-packages/numpy/random/_pcg64.cpython-310-x86_64-linux-gnu.so
7f18a8c33000-7f18a8c45000 r-xp 00003000 00:62 10175411                   /home/ubuntu/.local/lib/python3.10/site-packages/numpy/random/_pcg64.cpython-310-x86_64-linux-gnu.so
7f18a8c45000-7f18a8c4a000 r--p 00015000 00:62 10175411                   /home/ubuntu/.local/lib/python3.10/site-packages/numpy/random/_pcg64.cpython-310-x86_64-linux-gnu.so
7f18a8c4a000-7f18a8c4b000 r--p 00019000 00:62 10175411                   /home/ubuntu/.local/lib/python3.10/site-packages/numpy/random/_pcg64.cpython-310-x86_64-linux-gnu.so
7f18a8c4b000-7f18a8c4c000 rw-p 0001a000 00:62 10175411                   /home/ubuntu/.local/lib/python3.10/site-packages/numpy/random/_pcg64.cpython-310-x86_64-linux-gnu.so
7f18a8c4c000-7f18a9a58000 r--p 00000000 00:62 10159918                   /home/ubuntu/.local/lib/python3.10/site-packages/torch/lib/libtorch_cuda.so
7f18a9a58000-7f18aca28000 r-xp 00e0c000 00:62 10159918                   /home/ubuntu/.local/lib/python3.10/site-packages/torch/lib/libtorch_cuda.so
7f18aca28000-7f18e0eb5000 r--p 03ddc000 00:62 10159918                   /home/ubuntu/.local/lib/python3.10/site-packages/torch/lib/libtorch_cuda.so
7f18e0eb5000-7f18e0f2f000 r--p 38268000 00:62 10159918                   /home/ubuntu/.local/lib/python3.10/site-packages/torch/lib/libtorch_cuda.so
7f18e0f2f000-7f18e0f55000 rw-p 382e2000 00:62 10159918                   /home/ubuntu/.local/lib/python3.10/site-packages/torch/lib/libtorch_cuda.so
7f18e0f55000-7f18e1c9f000 rw-p 00000000 00:00 0 
7f18e1c9f000-7f18e27b3000 rw-p 39cdf000 00:62 10159918                   /home/ubuntu/.local/lib/python3.10/site-packages/torch/lib/libtorch_cuda.so
7f18e27b3000-7f18e36e3000 r--p 00000000 00:62 10159917                   /home/ubuntu/.local/lib/python3.10/site-packages/torch/lib/libtorch_cpu.so
7f18e36e3000-7f18f3c8f000 r-xp 00f30000 00:62 10159917                   /home/ubuntu/.local/lib/python3.10/site-packages/torch/lib/libtorch_cpu.so
7f18f3c8f000-7f18f6758000 r--p 114dc000 00:62 10159917                   /home/ubuntu/.local/lib/python3.10/site-packages/torch/lib/libtorch_cpu.so
7f18f6758000-7f18f69c0000 r--p 13fa4000 00:62 10159917                   /home/ubuntu/.local/lib/python3.10/site-packages/torch/lib/libtorch_cpu.so
7f18f69c0000-7f18f6a33000 rw-p 1420c000 00:62 10159917                   /home/ubuntu/.local/lib/python3.10/site-packages/torch/lib/libtorch_cpu.so
7f18f6a33000-7f18f6b43000 rw-p 00000000 00:00 0 
7f18f6b43000-7f18f710a000 rw-p 19aed000 00:62 10159917                   /home/ubuntu/.local/lib/python3.10/site-packages/torch/lib/libtorch_cpu.so
7f18f710a000-7f18f72b4000 r--p 00000000 00:62 10159922                   /home/ubuntu/.local/lib/python3.10/site-packages/torch/lib/libtorch_python.so
7f18f72b4000-7f18f7fb3000 r-xp 001aa000 00:62 10159922                   /home/ubuntu/.local/lib/python3.10/site-packages/torch/lib/libtorch_python.so
7f18f7fb3000-7f18f8460000 r--p 00ea9000 00:62 10159922                   /home/ubuntu/.local/lib/python3.10/site-packages/torch/lib/libtorch_python.so
7f18f8460000-7f18f8489000 r--p 01355000 00:62 10159922                   /home/ubuntu/.local/lib/python3.10/site-packages/torch/lib/libtorch_python.so
7f18f8489000-7f18f84f1000 rw-p 0137e000 00:62 10159922                   /home/ubuntu/.local/lib/python3.10/site-packages/torch/lib/libtorch_python.so
7f18f84f1000-7f18f8565000 rw-p 00000000 00:00 0 
7f18f8565000-7f18f8600000 rw-p 01da9000 00:62 10159922                   /home/ubuntu/.local/lib/python3.10/site-packages/torch/lib/libtorch_python.so
7f18f8600000-7f18fb077000 r-xp 00000000 00:62 10100349                   /home/ubuntu/.local/lib/python3.10/site-packages/nvidia/nvjitlink/lib/libnvJitLink.so.12
7f18fb077000-7f18fb277000 ---p 02a77000 00:62 10100349                   /home/ubuntu/.local/lib/python3.10/site-packages/nvidia/nvjitlink/lib/libnvJitLink.so.12
7f18fb277000-7f18fb7a2000 r--p 02a77000 00:62 10100349                   /home/ubuntu/.local/lib/python3.10/site-packages/nvidia/nvjitlink/lib/libnvJitLink.so.12
7f18fb7a2000-7f18fb815000 rw-p 02fa2000 00:62 10100349                   /home/ubuntu/.local/lib/python3.10/site-packages/nvidia/nvjitlink/lib/libnvJitLink.so.12
7f18fb815000-7f18fb889000 rw-p 00000000 00:00 0 
7f18fb889000-7f18fb88a000 r--s 00000000 08:00 45646304                   /home/ubuntu/tbazzocchi/FRAG/MedRAG/corpus/wikipedia/index/bm25/_r.fdx
7f18fb88a000-7f18fb88b000 r--p 00000000 00:62 10226173                   /home/ubuntu/.local/lib/python3.10/site-packages/scipy/optimize/_zeros.cpython-310-x86_64-linux-gnu.so
7f18fb88b000-7f18fb88d000 r-xp 00001000 00:62 10226173                   /home/ubuntu/.local/lib/python3.10/site-packages/scipy/optimize/_zeros.cpython-310-x86_64-linux-gnu.so
7f18fb88d000-7f18fb88e000 r--p 00003000 00:62 10226173                   /home/ubuntu/.local/lib/python3.10/site-packages/scipy/optimize/_zeros.cpython-310-x86_64-linux-gnu.so
7f18fb88e000-7f18fb88f000 r--p 00003000 00:62 10226173                   /home/ubuntu/.local/lib/python3.10/site-packages/scipy/optimize/_zeros.cpython-310-x86_64-linux-gnu.so
7f18fb88f000-7f18fb890000 rw-p 00004000 00:62 10226173                   /home/ubuntu/.local/lib/python3.10/site-packages/scipy/optimize/_zeros.cpython-310-x86_64-linux-gnu.so
7f18fb890000-7f18fb892000 r--p 00000000 00:62 10045292                   /usr/lib/python3.10/lib-dynload/resource.cpython-310-x86_64-linux-gnu.so
7f18fb892000-7f18fb893000 r-xp 00002000 00:62 10045292                   /usr/lib/python3.10/lib-dynload/resource.cpython-310-x86_64-linux-gnu.so
7f18fb893000-7f18fb894000 r--p 00003000 00:62 10045292                   /usr/lib/python3.10/lib-dynload/resource.cpython-310-x86_64-linux-gnu.so
7f18fb894000-7f18fb895000 r--p 00003000 00:62 10045292                   /usr/lib/python3.10/lib-dynload/resource.cpython-310-x86_64-linux-gnu.so
7f18fb895000-7f18fb896000 rw-p 00004000 00:62 10045292                   /usr/lib/python3.10/lib-dynload/resource.cpython-310-x86_64-linux-gnu.so
7f18fb896000-7f18fb89a000 r--p 00000000 00:62 10175412                   /home/ubuntu/.local/lib/python3.10/site-packages/numpy/random/_common.cpython-310-x86_64-linux-gnu.so
7f18fb89a000-7f18fb8cc000 r-xp 00004000 00:62 10175412                   /home/ubuntu/.local/lib/python3.10/site-packages/numpy/random/_common.cpython-310-x86_64-linux-gnu.so
7f18fb8cc000-7f18fb8d0000 r--p 00036000 00:62 10175412                   /home/ubuntu/.local/lib/python3.10/site-packages/numpy/random/_common.cpython-310-x86_64-linux-gnu.so
7f18fb8d0000-7f18fb8d1000 ---p 0003a000 00:62 10175412                   /home/ubuntu/.local/lib/python3.10/site-packages/numpy/random/_common.cpython-310-x86_64-linux-gnu.so
7f18fb8d1000-7f18fb8d2000 r--p 0003a000 00:62 10175412                   /home/ubuntu/.local/lib/python3.10/site-packages/numpy/random/_common.cpython-310-x86_64-linux-gnu.so
7f18fb8d2000-7f18fb8d3000 rw-p 0003b000 00:62 10175412                   /home/ubuntu/.local/lib/python3.10/site-packages/numpy/random/_common.cpython-310-x86_64-linux-gnu.so
7f18fb8d3000-7f18fb9d4000 rw-p 00000000 00:00 0 
7f18fb9d4000-7f18fba6e000 r--p 00000000 00:62 25773467                   /usr/lib/x86_64-linux-gnu/libstdc++.so.6.0.30
7f18fba6e000-7f18fbb7f000 r-xp 0009a000 00:62 25773467                   /usr/lib/x86_64-linux-gnu/libstdc++.so.6.0.30
7f18fbb7f000-7f18fbbee000 r--p 001ab000 00:62 25773467                   /usr/lib/x86_64-linux-gnu/libstdc++.so.6.0.30
7f18fbbee000-7f18fbbef000 ---p 0021a000 00:62 25773467                   /usr/lib/x86_64-linux-gnu/libstdc++.so.6.0.30
7f18fbbef000-7f18fbbfa000 r--p 0021a000 00:62 25773467                   /usr/lib/x86_64-linux-gnu/libstdc++.so.6.0.30
7f18fbbfa000-7f18fbbfd000 rw-p 00225000 00:62 25773467                   /usr/lib/x86_64-linux-gnu/libstdc++.so.6.0.30
7f18fbbfd000-7f18fbc00000 rw-p 00000000 00:00 0 
7f18fbc00000-7f18fc113000 r-xp 00000000 00:62 10100555                   /home/ubuntu/.local/lib/python3.10/site-packages/nvidia/cuda_nvrtc/lib/libnvrtc-builtins.so.12.6
7f18fc113000-7f18fc312000 ---p 00513000 00:62 10100555                   /home/ubuntu/.local/lib/python3.10/site-packages/nvidia/cuda_nvrtc/lib/libnvrtc-builtins.so.12.6
7f18fc312000-7f18fc313000 r--p 00512000 00:62 10100555                   /home/ubuntu/.local/lib/python3.10/site-packages/nvidia/cuda_nvrtc/lib/libnvrtc-builtins.so.12.6
7f18fc313000-7f18fc314000 rw-p 00513000 00:62 10100555                   /home/ubuntu/.local/lib/python3.10/site-packages/nvidia/cuda_nvrtc/lib/libnvrtc-builtins.so.12.6
7f18fc314000-7f18fc315000 r--s 00000000 08:00 45646321                   /home/ubuntu/tbazzocchi/FRAG/MedRAG/corpus/wikipedia/index/bm25/_x.fdx
7f18fc315000-7f18fc316000 r--s 00000000 08:00 45646338                   /home/ubuntu/tbazzocchi/FRAG/MedRAG/corpus/wikipedia/index/bm25/_12.fdx
7f18fc316000-7f18fc317000 r--s 00000000 08:00 45646352                   /home/ubuntu/tbazzocchi/FRAG/MedRAG/corpus/wikipedia/index/bm25/_10.fdx
7f18fc317000-7f18fc31c000 r--p 00000000 00:62 10175433                   /home/ubuntu/.local/lib/python3.10/site-packages/numpy/random/bit_generator.cpython-310-x86_64-linux-gnu.so
7f18fc31c000-7f18fc33f000 r-xp 00005000 00:62 10175433                   /home/ubuntu/.local/lib/python3.10/site-packages/numpy/random/bit_generator.cpython-310-x86_64-linux-gnu.so
7f18fc33f000-7f18fc349000 r--p 00028000 00:62 10175433                   /home/ubuntu/.local/lib/python3.10/site-packages/numpy/random/bit_generator.cpython-310-x86_64-linux-gnu.so
7f18fc349000-7f18fc34a000 r--p 00031000 00:62 10175433                   /home/ubuntu/.local/lib/python3.10/site-packages/numpy/random/bit_generator.cpython-310-x86_64-linux-gnu.so
7f18fc34a000-7f18fc34c000 rw-p 00032000 00:62 10175433                   /home/ubuntu/.local/lib/python3.10/site-packages/numpy/random/bit_generator.cpython-310-x86_64-linux-gnu.so
7f18fc34c000-7f18fc34d000 rw-p 00000000 00:00 0 
7f18fc34d000-7f18fc352000 r--p 00000000 00:62 10175422                   /home/ubuntu/.local/lib/python3.10/site-packages/numpy/random/mtrand.cpython-310-x86_64-linux-gnu.so
7f18fc352000-7f18fc3ab000 r-xp 00005000 00:62 10175422                   /home/ubuntu/.local/lib/python3.10/site-packages/numpy/random/mtrand.cpython-310-x86_64-linux-gnu.so
7f18fc3ab000-7f18fc3fb000 r--p 0005e000 00:62 10175422                   /home/ubuntu/.local/lib/python3.10/site-packages/numpy/random/mtrand.cpython-310-x86_64-linux-gnu.so
7f18fc3fb000-7f18fc3fc000 ---p 000ae000 00:62 10175422                   /home/ubuntu/.local/lib/python3.10/site-packages/numpy/random/mtrand.cpython-310-x86_64-linux-gnu.so
7f18fc3fc000-7f18fc3fd000 r--p 000ae000 00:62 10175422                   /home/ubuntu/.local/lib/python3.10/site-packages/numpy/random/mtrand.cpython-310-x86_64-linux-gnu.so
7f18fc3fd000-7f18fc3fe000 rw-p 000af000 00:62 10175422                   /home/ubuntu/.local/lib/python3.10/site-packages/numpy/random/mtrand.cpython-310-x86_64-linux-gnu.so
7f18fc3fe000-7f18fc400000 rw-p 00000000 00:00 0 
7f18fc400000-7f18ff4ef000 r-xp 00000000 00:62 10100556                   /home/ubuntu/.local/lib/python3.10/site-packages/nvidia/cuda_nvrtc/lib/libnvrtc.so.12
7f18ff4ef000-7f18ff6ee000 ---p 030ef000 00:62 10100556                   /home/ubuntu/.local/lib/python3.10/site-packages/nvidia/cuda_nvrtc/lib/libnvrtc.so.12
7f18ff6ee000-7f18ffc77000 r--p 030ee000 00:62 10100556                   /home/ubuntu/.local/lib/python3.10/site-packages/nvidia/cuda_nvrtc/lib/libnvrtc.so.12
7f18ffc77000-7f18ffd5e000 rw-p 03677000 00:62 10100556                   /home/ubuntu/.local/lib/python3.10/site-packages/nvidia/cuda_nvrtc/lib/libnvrtc.so.12
7f18ffd5e000-7f190003a000 rw-p 00000000 00:00 0 
7f190003a000-7f1900200000 ---p 03c3a000 00:62 10100556                   /home/ubuntu/.local/lib/python3.10/site-packages/nvidia/cuda_nvrtc/lib/libnvrtc.so.12
7f1900200000-7f1900202000 rw-p 03800000 00:62 10100556                   /home/ubuntu/.local/lib/python3.10/site-packages/nvidia/cuda_nvrtc/lib/libnvrtc.so.12
7f1900202000-7f1900203000 r--s 00000000 08:00 45646363                   /home/ubuntu/tbazzocchi/FRAG/MedRAG/corpus/wikipedia/index/bm25/_u.fdx
7f1900203000-7f1900204000 r--s 00000000 08:00 45646378                   /home/ubuntu/tbazzocchi/FRAG/MedRAG/corpus/wikipedia/index/bm25/_11.fdx
7f1900204000-7f1900205000 r--s 00000000 08:00 45646397                   /home/ubuntu/tbazzocchi/FRAG/MedRAG/corpus/wikipedia/index/bm25/_w.fdx
7f1900205000-7f1900206000 r--s 00000000 08:00 45646408                   /home/ubuntu/tbazzocchi/FRAG/MedRAG/corpus/wikipedia/index/bm25/_p.fdx
7f1900206000-7f1900209000 r--p 00000000 00:62 10238300                   /home/ubuntu/.local/lib/python3.10/site-packages/aiohttp/_websocket/mask.cpython-310-x86_64-linux-gnu.so
7f1900209000-7f190020d000 r-xp 00003000 00:62 10238300                   /home/ubuntu/.local/lib/python3.10/site-packages/aiohttp/_websocket/mask.cpython-310-x86_64-linux-gnu.so
7f190020d000-7f190020f000 r--p 00007000 00:62 10238300                   /home/ubuntu/.local/lib/python3.10/site-packages/aiohttp/_websocket/mask.cpython-310-x86_64-linux-gnu.so
7f190020f000-7f1900210000 r--p 00008000 00:62 10238300                   /home/ubuntu/.local/lib/python3.10/site-packages/aiohttp/_websocket/mask.cpython-310-x86_64-linux-gnu.so
7f1900210000-7f1900211000 rw-p 00009000 00:62 10238300                   /home/ubuntu/.local/lib/python3.10/site-packages/aiohttp/_websocket/mask.cpython-310-x86_64-linux-gnu.so
7f1900211000-7f1900217000 r--p 00000000 00:62 10175371                   /home/ubuntu/.local/lib/python3.10/site-packages/numpy/linalg/_umath_linalg.cpython-310-x86_64-linux-gnu.so
7f1900217000-7f1900237000 r-xp 00006000 00:62 10175371                   /home/ubuntu/.local/lib/python3.10/site-packages/numpy/linalg/_umath_linalg.cpython-310-x86_64-linux-gnu.so
7f1900237000-7f190023c000 r--p 00026000 00:62 10175371                   /home/ubuntu/.local/lib/python3.10/site-packages/numpy/linalg/_umath_linalg.cpython-310-x86_64-linux-gnu.so
7f190023c000-7f190023d000 r--p 0002a000 00:62 10175371                   /home/ubuntu/.local/lib/python3.10/site-packages/numpy/linalg/_umath_linalg.cpython-310-x86_64-linux-gnu.so
7f190023d000-7f190023e000 rw-p 0002b000 00:62 10175371                   /home/ubuntu/.local/lib/python3.10/site-packages/numpy/linalg/_umath_linalg.cpython-310-x86_64-linux-gnu.so
7f190023e000-7f190023f000 rw-p 00000000 00:00 0 
7f190023f000-7f1900241000 rw-p 00032000 00:62 10175371                   /home/ubuntu/.local/lib/python3.10/site-packages/numpy/linalg/_umath_linalg.cpython-310-x86_64-linux-gnu.so
7f1900241000-7f1900242000 rw-p 00034000 00:62 10175371                   /home/ubuntu/.local/lib/python3.10/site-packages/numpy/linalg/_umath_linalg.cpython-310-x86_64-linux-gnu.so
7f1900242000-7f1900400000 rw-p 00000000 00:00 0 
7f1900400000-7f1900437000 r-xp 00000000 00:62 10159930                   /home/ubuntu/.local/lib/python3.10/site-packages/torch/lib/libgomp.so.1
7f1900437000-7f1900636000 ---p 00037000 00:62 10159930                   /home/ubuntu/.local/lib/python3.10/site-packages/torch/lib/libgomp.so.1
7f1900636000-7f1900637000 r--p 00036000 00:62 10159930                   /home/ubuntu/.local/lib/python3.10/site-packages/torch/lib/libgomp.so.1
7f1900637000-7f1900638000 rw-p 00037000 00:62 10159930                   /home/ubuntu/.local/lib/python3.10/site-packages/torch/lib/libgomp.so.1
7f1900638000-7f190063d000 rw-p 0003a000 00:62 10159930                   /home/ubuntu/.local/lib/python3.10/site-packages/torch/lib/libgomp.so.1
7f190063d000-7f190063e000 r--s 00000000 08:00 45646427                   /home/ubuntu/tbazzocchi/FRAG/MedRAG/corpus/wikipedia/index/bm25/_z.fdx
7f190063e000-7f1900640000 r--p 00000000 00:62 10235070                   /home/ubuntu/.local/lib/python3.10/site-packages/sklearn/__check_build/_check_build.cpython-310-x86_64-linux-gnu.so
7f1900640000-7f1900643000 r-xp 00002000 00:62 10235070                   /home/ubuntu/.local/lib/python3.10/site-packages/sklearn/__check_build/_check_build.cpython-310-x86_64-linux-gnu.so
7f1900643000-7f1900644000 r--p 00005000 00:62 10235070                   /home/ubuntu/.local/lib/python3.10/site-packages/sklearn/__check_build/_check_build.cpython-310-x86_64-linux-gnu.so
7f1900644000-7f1900645000 ---p 00006000 00:62 10235070                   /home/ubuntu/.local/lib/python3.10/site-packages/sklearn/__check_build/_check_build.cpython-310-x86_64-linux-gnu.so
7f1900645000-7f1900646000 r--p 00006000 00:62 10235070                   /home/ubuntu/.local/lib/python3.10/site-packages/sklearn/__check_build/_check_build.cpython-310-x86_64-linux-gnu.so
7f1900646000-7f1900647000 rw-p 00007000 00:62 10235070                   /home/ubuntu/.local/lib/python3.10/site-packages/sklearn/__check_build/_check_build.cpython-310-x86_64-linux-gnu.so
7f1900647000-7f190064a000 r--p 00000000 00:62 10175418                   /home/ubuntu/.local/lib/python3.10/site-packages/numpy/random/_philox.cpython-310-x86_64-linux-gnu.so
7f190064a000-7f1900659000 r-xp 00003000 00:62 10175418                   /home/ubuntu/.local/lib/python3.10/site-packages/numpy/random/_philox.cpython-310-x86_64-linux-gnu.so
7f1900659000-7f190065d000 r--p 00012000 00:62 10175418                   /home/ubuntu/.local/lib/python3.10/site-packages/numpy/random/_philox.cpython-310-x86_64-linux-gnu.so
7f190065d000-7f190065e000 r--p 00015000 00:62 10175418                   /home/ubuntu/.local/lib/python3.10/site-packages/numpy/random/_philox.cpython-310-x86_64-linux-gnu.so
7f190065e000-7f190065f000 rw-p 00016000 00:62 10175418                   /home/ubuntu/.local/lib/python3.10/site-packages/numpy/random/_philox.cpython-310-x86_64-linux-gnu.so
7f190065f000-7f19006df000 rw-p 00000000 00:00 0 
7f19006df000-7f1900708000 r--p 00000000 00:62 10159912                   /home/ubuntu/.local/lib/python3.10/site-packages/torch/lib/libc10.so
7f1900708000-7f19007aa000 r-xp 00029000 00:62 10159912                   /home/ubuntu/.local/lib/python3.10/site-packages/torch/lib/libc10.so
7f19007aa000-7f19007df000 r--p 000cb000 00:62 10159912                   /home/ubuntu/.local/lib/python3.10/site-packages/torch/lib/libc10.so
7f19007df000-7f19007e2000 r--p 000ff000 00:62 10159912                   /home/ubuntu/.local/lib/python3.10/site-packages/torch/lib/libc10.so
7f19007e2000-7f19007e9000 rw-p 00102000 00:62 10159912                   /home/ubuntu/.local/lib/python3.10/site-packages/torch/lib/libc10.so
7f19007e9000-7f19007eb000 rw-p 00000000 00:00 0 
7f19007eb000-7f1900800000 rw-p 0014f000 00:62 10159912                   /home/ubuntu/.local/lib/python3.10/site-packages/torch/lib/libc10.so
7f1900800000-7f19008a9000 r-xp 00000000 00:62 10100534                   /home/ubuntu/.local/lib/python3.10/site-packages/nvidia/cuda_runtime/lib/libcudart.so.12
7f19008a9000-7f1900aa9000 ---p 000a9000 00:62 10100534                   /home/ubuntu/.local/lib/python3.10/site-packages/nvidia/cuda_runtime/lib/libcudart.so.12
7f1900aa9000-7f1900aae000 r--p 000a9000 00:62 10100534                   /home/ubuntu/.local/lib/python3.10/site-packages/nvidia/cuda_runtime/lib/libcudart.so.12
7f1900aae000-7f1900aaf000 rw-p 000ae000 00:62 10100534                   /home/ubuntu/.local/lib/python3.10/site-packages/nvidia/cuda_runtime/lib/libcudart.so.12
7f1900aaf000-7f1900ab1000 rw-p 00000000 00:00 0 
7f1900ab1000-7f1900ab2000 r--s 00000000 08:00 45646444                   /home/ubuntu/tbazzocchi/FRAG/MedRAG/corpus/wikipedia/index/bm25/_t.fdx
7f1900ab2000-7f1900ab5000 r--p 00000000 00:62 10175421                   /home/ubuntu/.local/lib/python3.10/site-packages/numpy/random/_mt19937.cpython-310-x86_64-linux-gnu.so
7f1900ab5000-7f1900ac6000 r-xp 00003000 00:62 10175421                   /home/ubuntu/.local/lib/python3.10/site-packages/numpy/random/_mt19937.cpython-310-x86_64-linux-gnu.so
7f1900ac6000-7f1900acb000 r--p 00014000 00:62 10175421                   /home/ubuntu/.local/lib/python3.10/site-packages/numpy/random/_mt19937.cpython-310-x86_64-linux-gnu.so
7f1900acb000-7f1900acc000 r--p 00018000 00:62 10175421                   /home/ubuntu/.local/lib/python3.10/site-packages/numpy/random/_mt19937.cpython-310-x86_64-linux-gnu.so
7f1900acc000-7f1900acd000 rw-p 00019000 00:62 10175421                   /home/ubuntu/.local/lib/python3.10/site-packages/numpy/random/_mt19937.cpython-310-x86_64-linux-gnu.so
7f1900acd000-7f1900ad1000 r--p 00000000 00:62 10045506                   /usr/lib/python3.10/lib-dynload/_hashlib.cpython-310-x86_64-linux-gnu.so
7f1900ad1000-7f1900ad7000 r-xp 00004000 00:62 10045506                   /usr/lib/python3.10/lib-dynload/_hashlib.cpython-310-x86_64-linux-gnu.so
7f1900ad7000-7f1900adb000 r--p 0000a000 00:62 10045506                   /usr/lib/python3.10/lib-dynload/_hashlib.cpython-310-x86_64-linux-gnu.so
7f1900adb000-7f1900adc000 r--p 0000d000 00:62 10045506                   /usr/lib/python3.10/lib-dynload/_hashlib.cpython-310-x86_64-linux-gnu.so
7f1900adc000-7f1900ade000 rw-p 0000e000 00:62 10045506                   /usr/lib/python3.10/lib-dynload/_hashlib.cpython-310-x86_64-linux-gnu.so
7f1900ade000-7f1900adf000 r--p 00000000 00:62 10226471                   /home/ubuntu/.local/lib/python3.10/site-packages/scipy/special/libsf_error_state.so
7f1900adf000-7f1900ae0000 r-xp 00001000 00:62 10226471                   /home/ubuntu/.local/lib/python3.10/site-packages/scipy/special/libsf_error_state.so
7f1900ae0000-7f1900ae1000 r--p 00002000 00:62 10226471                   /home/ubuntu/.local/lib/python3.10/site-packages/scipy/special/libsf_error_state.so
7f1900ae1000-7f1900ae2000 r--p 00002000 00:62 10226471                   /home/ubuntu/.local/lib/python3.10/site-packages/scipy/special/libsf_error_state.so
7f1900ae2000-7f1900ae3000 rw-p 00003000 00:62 10226471                   /home/ubuntu/.local/lib/python3.10/site-packages/scipy/special/libsf_error_state.so
7f1900ae3000-7f1900ae7000 r--p 00000000 00:62 10176417                   /home/ubuntu/.local/lib/python3.10/site-packages/multidict/_multidict.cpython-310-x86_64-linux-gnu.so
7f1900ae7000-7f1900af8000 r-xp 00004000 00:62 10176417                   /home/ubuntu/.local/lib/python3.10/site-packages/multidict/_multidict.cpython-310-x86_64-linux-gnu.so
7f1900af8000-7f1900afc000 r--p 00015000 00:62 10176417                   /home/ubuntu/.local/lib/python3.10/site-packages/multidict/_multidict.cpython-310-x86_64-linux-gnu.so
7f1900afc000-7f1900afd000 r--p 00018000 00:62 10176417                   /home/ubuntu/.local/lib/python3.10/site-packages/multidict/_multidict.cpython-310-x86_64-linux-gnu.so
7f1900afd000-7f1900aff000 rw-p 00019000 00:62 10176417                   /home/ubuntu/.local/lib/python3.10/site-packages/multidict/_multidict.cpython-310-x86_64-linux-gnu.so
7f1900aff000-7f1900b02000 r--p 00000000 00:62 10045272                   /usr/lib/python3.10/lib-dynload/_multibytecodec.cpython-310-x86_64-linux-gnu.so
7f1900b02000-7f1900b08000 r-xp 00003000 00:62 10045272                   /usr/lib/python3.10/lib-dynload/_multibytecodec.cpython-310-x86_64-linux-gnu.so
7f1900b08000-7f1900b0a000 r--p 00009000 00:62 10045272                   /usr/lib/python3.10/lib-dynload/_multibytecodec.cpython-310-x86_64-linux-gnu.so
7f1900b0a000-7f1900b0b000 r--p 0000a000 00:62 10045272                   /usr/lib/python3.10/lib-dynload/_multibytecodec.cpython-310-x86_64-linux-gnu.so
7f1900b0b000-7f1900b0c000 rw-p 0000b000 00:62 10045272                   /usr/lib/python3.10/lib-dynload/_multibytecodec.cpython-310-x86_64-linux-gnu.so
7f1900b0c000-7f1900b1a000 r--p 00000000 00:62 10224959                   /home/ubuntu/.local/lib/python3.10/site-packages/charset_normalizer/md__mypyc.cpython-310-x86_64-linux-gnu.so
7f1900b1a000-7f1900b39000 r-xp 0000e000 00:62 10224959                   /home/ubuntu/.local/lib/python3.10/site-packages/charset_normalizer/md__mypyc.cpython-310-x86_64-linux-gnu.so
7f1900b39000-7f1900b43000 r--p 0002d000 00:62 10224959                   /home/ubuntu/.local/lib/python3.10/site-packages/charset_normalizer/md__mypyc.cpython-310-x86_64-linux-gnu.so
7f1900b43000-7f1900b44000 r--p 00036000 00:62 10224959                   /home/ubuntu/.local/lib/python3.10/site-packages/charset_normalizer/md__mypyc.cpython-310-x86_64-linux-gnu.so
7f1900b44000-7f1900b48000 rw-p 00037000 00:62 10224959                   /home/ubuntu/.local/lib/python3.10/site-packages/charset_normalizer/md__mypyc.cpython-310-x86_64-linux-gnu.so
7f1900b48000-7f1900b49000 rw-p 00000000 00:00 0 
7f1900b49000-7f1900b4a000 r--p 00000000 00:62 10224957                   /home/ubuntu/.local/lib/python3.10/site-packages/charset_normalizer/md.cpython-310-x86_64-linux-gnu.so
7f1900b4a000-7f1900b4b000 r-xp 00001000 00:62 10224957                   /home/ubuntu/.local/lib/python3.10/site-packages/charset_normalizer/md.cpython-310-x86_64-linux-gnu.so
7f1900b4b000-7f1900b4c000 r--p 00002000 00:62 10224957                   /home/ubuntu/.local/lib/python3.10/site-packages/charset_normalizer/md.cpython-310-x86_64-linux-gnu.so
7f1900b4c000-7f1900b4d000 r--p 00002000 00:62 10224957                   /home/ubuntu/.local/lib/python3.10/site-packages/charset_normalizer/md.cpython-310-x86_64-linux-gnu.so
7f1900b4d000-7f1900b4e000 rw-p 00003000 00:62 10224957                   /home/ubuntu/.local/lib/python3.10/site-packages/charset_normalizer/md.cpython-310-x86_64-linux-gnu.so
7f1900b4e000-7f1900b50000 r--p 00000000 00:62 10045273                   /usr/lib/python3.10/lib-dynload/_multiprocessing.cpython-310-x86_64-linux-gnu.so
7f1900b50000-7f1900b52000 r-xp 00002000 00:62 10045273                   /usr/lib/python3.10/lib-dynload/_multiprocessing.cpython-310-x86_64-linux-gnu.so
7f1900b52000-7f1900b53000 r--p 00004000 00:62 10045273                   /usr/lib/python3.10/lib-dynload/_multiprocessing.cpython-310-x86_64-linux-gnu.so
7f1900b53000-7f1900b54000 r--p 00004000 00:62 10045273                   /usr/lib/python3.10/lib-dynload/_multiprocessing.cpython-310-x86_64-linux-gnu.so
7f1900b54000-7f1900b55000 rw-p 00005000 00:62 10045273                   /usr/lib/python3.10/lib-dynload/_multiprocessing.cpython-310-x86_64-linux-gnu.so
7f1900b55000-7f1900b57000 r--p 00000000 00:62 25773485                   /usr/lib/x86_64-linux-gnu/libuuid.so.1.3.0
7f1900b57000-7f1900b5b000 r-xp 00002000 00:62 25773485                   /usr/lib/x86_64-linux-gnu/libuuid.so.1.3.0
7f1900b5b000-7f1900b5c000 r--p 00006000 00:62 25773485                   /usr/lib/x86_64-linux-gnu/libuuid.so.1.3.0
7f1900b5c000-7f1900b5d000 r--p 00006000 00:62 25773485                   /usr/lib/x86_64-linux-gnu/libuuid.so.1.3.0
7f1900b5d000-7f1900b5e000 rw-p 00007000 00:62 25773485                   /usr/lib/x86_64-linux-gnu/libuuid.so.1.3.0
7f1900b5e000-7f1900b5f000 r--p 00000000 00:62 10045274                   /usr/lib/python3.10/lib-dynload/_posixshmem.cpython-310-x86_64-linux-gnu.so
7f1900b5f000-7f1900b60000 r-xp 00001000 00:62 10045274                   /usr/lib/python3.10/lib-dynload/_posixshmem.cpython-310-x86_64-linux-gnu.so
7f1900b60000-7f1900b61000 r--p 00002000 00:62 10045274                   /usr/lib/python3.10/lib-dynload/_posixshmem.cpython-310-x86_64-linux-gnu.so
7f1900b61000-7f1900b62000 r--p 00002000 00:62 10045274                   /usr/lib/python3.10/lib-dynload/_posixshmem.cpython-310-x86_64-linux-gnu.so
7f1900b62000-7f1900b63000 rw-p 00003000 00:62 10045274                   /usr/lib/python3.10/lib-dynload/_posixshmem.cpython-310-x86_64-linux-gnu.so
7f1900b63000-7f1900b64000 r--p 00000000 00:62 10045283                   /usr/lib/python3.10/lib-dynload/_uuid.cpython-310-x86_64-linux-gnu.so
7f1900b64000-7f1900b65000 r-xp 00001000 00:62 10045283                   /usr/lib/python3.10/lib-dynload/_uuid.cpython-310-x86_64-linux-gnu.so
7f1900b65000-7f1900b66000 r--p 00002000 00:62 10045283                   /usr/lib/python3.10/lib-dynload/_uuid.cpython-310-x86_64-linux-gnu.so
7f1900b66000-7f1900b67000 r--p 00002000 00:62 10045283                   /usr/lib/python3.10/lib-dynload/_uuid.cpython-310-x86_64-linux-gnu.so
7f1900b67000-7f1900b68000 rw-p 00003000 00:62 10045283                   /usr/lib/python3.10/lib-dynload/_uuid.cpython-310-x86_64-linux-gnu.so
7f1900b68000-7f1900b6a000 r--p 00000000 00:62 10045275                   /usr/lib/python3.10/lib-dynload/_queue.cpython-310-x86_64-linux-gnu.so
7f1900b6a000-7f1900b6c000 r-xp 00002000 00:62 10045275                   /usr/lib/python3.10/lib-dynload/_queue.cpython-310-x86_64-linux-gnu.so
7f1900b6c000-7f1900b6d000 r--p 00004000 00:62 10045275                   /usr/lib/python3.10/lib-dynload/_queue.cpython-310-x86_64-linux-gnu.so
7f1900b6d000-7f1900b6e000 r--p 00004000 00:62 10045275                   /usr/lib/python3.10/lib-dynload/_queue.cpython-310-x86_64-linux-gnu.so
7f1900b6e000-7f1900b6f000 rw-p 00005000 00:62 10045275                   /usr/lib/python3.10/lib-dynload/_queue.cpython-310-x86_64-linux-gnu.so
7f1900b6f000-7f1900b70000 r--p 00000000 00:62 42020368                   /usr/lib/x86_64-linux-gnu/libutil.so.1
7f1900b70000-7f1900b71000 r-xp 00001000 00:62 42020368                   /usr/lib/x86_64-linux-gnu/libutil.so.1
7f1900b71000-7f1900b72000 r--p 00002000 00:62 42020368                   /usr/lib/x86_64-linux-gnu/libutil.so.1
7f1900b72000-7f1900b73000 r--p 00002000 00:62 42020368                   /usr/lib/x86_64-linux-gnu/libutil.so.1
7f1900b73000-7f1900b74000 rw-p 00003000 00:62 42020368                   /usr/lib/x86_64-linux-gnu/libutil.so.1
7f1900b74000-7f1900b84000 r--p 00000000 00:62 10159913                   /home/ubuntu/.local/lib/python3.10/site-packages/torch/lib/libc10_cuda.so
7f1900b84000-7f1900bd7000 r-xp 00010000 00:62 10159913                   /home/ubuntu/.local/lib/python3.10/site-packages/torch/lib/libc10_cuda.so
7f1900bd7000-7f1900bee000 r--p 00063000 00:62 10159913                   /home/ubuntu/.local/lib/python3.10/site-packages/torch/lib/libc10_cuda.so
7f1900bee000-7f1900bf0000 r--p 00079000 00:62 10159913                   /home/ubuntu/.local/lib/python3.10/site-packages/torch/lib/libc10_cuda.so
7f1900bf0000-7f1900bf1000 rw-p 0007b000 00:62 10159913                   /home/ubuntu/.local/lib/python3.10/site-packages/torch/lib/libc10_cuda.so
7f1900bf1000-7f1900c17000 rw-p 00000000 00:00 0 
7f1900c17000-7f1900c1f000 rw-p 000a3000 00:62 10159913                   /home/ubuntu/.local/lib/python3.10/site-packages/torch/lib/libc10_cuda.so
7f1900c1f000-7f1900c22000 r--p 00000000 00:62 10159915                   /home/ubuntu/.local/lib/python3.10/site-packages/torch/lib/libshm.so
7f1900c22000-7f1900c25000 r-xp 00003000 00:62 10159915                   /home/ubuntu/.local/lib/python3.10/site-packages/torch/lib/libshm.so
7f1900c25000-7f1900c26000 r--p 00006000 00:62 10159915                   /home/ubuntu/.local/lib/python3.10/site-packages/torch/lib/libshm.so
7f1900c26000-7f1900c27000 r--p 00006000 00:62 10159915                   /home/ubuntu/.local/lib/python3.10/site-packages/torch/lib/libshm.so
7f1900c27000-7f1900c28000 rw-p 00007000 00:62 10159915                   /home/ubuntu/.local/lib/python3.10/site-packages/torch/lib/libshm.so
7f1900c28000-7f1900c2a000 rw-p 0000b000 00:62 10159915                   /home/ubuntu/.local/lib/python3.10/site-packages/torch/lib/libshm.so
7f1900c2a000-7f1900c35000 r--p 00000000 00:62 10159916                   /home/ubuntu/.local/lib/python3.10/site-packages/torch/lib/libtorch.so
7f1900c35000-7f1900c5d000 r-xp 0000b000 00:62 10159916                   /home/ubuntu/.local/lib/python3.10/site-packages/torch/lib/libtorch.so
7f1900c5d000-7f1900c67000 r--p 00033000 00:62 10159916                   /home/ubuntu/.local/lib/python3.10/site-packages/torch/lib/libtorch.so
7f1900c67000-7f1900c68000 r--p 0003c000 00:62 10159916                   /home/ubuntu/.local/lib/python3.10/site-packages/torch/lib/libtorch.so
7f1900c68000-7f1900c69000 rw-p 0003d000 00:62 10159916                   /home/ubuntu/.local/lib/python3.10/site-packages/torch/lib/libtorch.so
7f1900c69000-7f1900c6f000 rw-p 0004e000 00:62 10159916                   /home/ubuntu/.local/lib/python3.10/site-packages/torch/lib/libtorch.so
7f1900c6f000-7f1900c70000 r--p 00000000 00:62 10103858                   /home/ubuntu/.local/lib/python3.10/site-packages/torch/_C.cpython-310-x86_64-linux-gnu.so
7f1900c70000-7f1900c71000 r-xp 00001000 00:62 10103858                   /home/ubuntu/.local/lib/python3.10/site-packages/torch/_C.cpython-310-x86_64-linux-gnu.so
7f1900c71000-7f1900c72000 r--p 00002000 00:62 10103858                   /home/ubuntu/.local/lib/python3.10/site-packages/torch/_C.cpython-310-x86_64-linux-gnu.so
7f1900c72000-7f1900c73000 r--p 00002000 00:62 10103858                   /home/ubuntu/.local/lib/python3.10/site-packages/torch/_C.cpython-310-x86_64-linux-gnu.so
7f1900c73000-7f1900c74000 rw-p 00003000 00:62 10103858                   /home/ubuntu/.local/lib/python3.10/site-packages/torch/_C.cpython-310-x86_64-linux-gnu.so
7f1900c74000-7f1900c75000 rw-p 00006000 00:62 10103858                   /home/ubuntu/.local/lib/python3.10/site-packages/torch/_C.cpython-310-x86_64-linux-gnu.so
7f1900c75000-7f1900c78000 r--p 00000000 00:62 25773383                   /usr/lib/x86_64-linux-gnu/libgcc_s.so.1
7f1900c78000-7f1900c8f000 r-xp 00003000 00:62 25773383                   /usr/lib/x86_64-linux-gnu/libgcc_s.so.1
7f1900c8f000-7f1900c93000 r--p 0001a000 00:62 25773383                   /usr/lib/x86_64-linux-gnu/libgcc_s.so.1
7f1900c93000-7f1900c94000 r--p 0001d000 00:62 25773383                   /usr/lib/x86_64-linux-gnu/libgcc_s.so.1
7f1900c94000-7f1900c95000 rw-p 0001e000 00:62 25773383                   /usr/lib/x86_64-linux-gnu/libgcc_s.so.1
7f1900c95000-7f1900c96000 r--p 00000000 00:62 42020364                   /usr/lib/x86_64-linux-gnu/librt.so.1
7f1900c96000-7f1900c97000 r-xp 00001000 00:62 42020364                   /usr/lib/x86_64-linux-gnu/librt.so.1
7f1900c97000-7f1900c98000 r--p 00002000 00:62 42020364                   /usr/lib/x86_64-linux-gnu/librt.so.1
7f1900c98000-7f1900c99000 r--p 00002000 00:62 42020364                   /usr/lib/x86_64-linux-gnu/librt.so.1
7f1900c99000-7f1900c9a000 rw-p 00003000 00:62 42020364                   /usr/lib/x86_64-linux-gnu/librt.so.1
7f1900c9a000-7f1900c9b000 r--p 00000000 00:62 42020340                   /usr/lib/x86_64-linux-gnu/libdl.so.2
7f1900c9b000-7f1900c9c000 r-xp 00001000 00:62 42020340                   /usr/lib/x86_64-linux-gnu/libdl.so.2
7f1900c9c000-7f1900c9d000 r--p 00002000 00:62 42020340                   /usr/lib/x86_64-linux-gnu/libdl.so.2
7f1900c9d000-7f1900c9e000 r--p 00002000 00:62 42020340                   /usr/lib/x86_64-linux-gnu/libdl.so.2
7f1900c9e000-7f1900c9f000 rw-p 00003000 00:62 42020340                   /usr/lib/x86_64-linux-gnu/libdl.so.2
7f1900c9f000-7f1900ca0000 r--p 00000000 00:62 42020360                   /usr/lib/x86_64-linux-gnu/libpthread.so.0
7f1900ca0000-7f1900ca1000 r-xp 00001000 00:62 42020360                   /usr/lib/x86_64-linux-gnu/libpthread.so.0
7f1900ca1000-7f1900ca2000 r--p 00002000 00:62 42020360                   /usr/lib/x86_64-linux-gnu/libpthread.so.0
7f1900ca2000-7f1900ca3000 r--p 00002000 00:62 42020360                   /usr/lib/x86_64-linux-gnu/libpthread.so.0
7f1900ca3000-7f1900ca4000 rw-p 00003000 00:62 42020360                   /usr/lib/x86_64-linux-gnu/libpthread.so.0
7f1900ca4000-7f1900ca5000 r--p 00000000 00:62 10159920                   /home/ubuntu/.local/lib/python3.10/site-packages/torch/lib/libtorch_global_deps.so
7f1900ca5000-7f1900ca6000 r-xp 00001000 00:62 10159920                   /home/ubuntu/.local/lib/python3.10/site-packages/torch/lib/libtorch_global_deps.so
7f1900ca6000-7f1900ca7000 r--p 00002000 00:62 10159920                   /home/ubuntu/.local/lib/python3.10/site-packages/torch/lib/libtorch_global_deps.so
7f1900ca7000-7f1900ca8000 r--p 00002000 00:62 10159920                   /home/ubuntu/.local/lib/python3.10/site-packages/torch/lib/libtorch_global_deps.so
7f1900ca8000-7f1900ca9000 rw-p 00003000 00:62 10159920                   /home/ubuntu/.local/lib/python3.10/site-packages/torch/lib/libtorch_global_deps.so
7f1900ca9000-7f1900caa000 rw-p 00004000 00:62 10159920                   /home/ubuntu/.local/lib/python3.10/site-packages/torch/lib/libtorch_global_deps.so
7f1900caa000-7f1900cad000 r--p 00000000 00:62 25773409                   /usr/lib/x86_64-linux-gnu/liblzma.so.5.2.5
7f1900cad000-7f1900cc8000 r-xp 00003000 00:62 25773409                   /usr/lib/x86_64-linux-gnu/liblzma.so.5.2.5
7f1900cc8000-7f1900cd3000 r--p 0001e000 00:62 25773409                   /usr/lib/x86_64-linux-gnu/liblzma.so.5.2.5
7f1900cd3000-7f1900cd4000 r--p 00028000 00:62 25773409                   /usr/lib/x86_64-linux-gnu/liblzma.so.5.2.5
7f1900cd4000-7f1900cd5000 rw-p 00029000 00:62 25773409                   /usr/lib/x86_64-linux-gnu/liblzma.so.5.2.5
7f1900cd5000-7f1900cd8000 r--p 00000000 00:62 10045271                   /usr/lib/python3.10/lib-dynload/_lzma.cpython-310-x86_64-linux-gnu.so
7f1900cd8000-7f1900cdc000 r-xp 00003000 00:62 10045271                   /usr/lib/python3.10/lib-dynload/_lzma.cpython-310-x86_64-linux-gnu.so
7f1900cdc000-7f1900cdf000 r--p 00007000 00:62 10045271                   /usr/lib/python3.10/lib-dynload/_lzma.cpython-310-x86_64-linux-gnu.so
7f1900cdf000-7f1900ce0000 r--p 00009000 00:62 10045271                   /usr/lib/python3.10/lib-dynload/_lzma.cpython-310-x86_64-linux-gnu.so
7f1900ce0000-7f1900ce1000 rw-p 0000a000 00:62 10045271                   /usr/lib/python3.10/lib-dynload/_lzma.cpython-310-x86_64-linux-gnu.so
7f1900ce1000-7f1900ce3000 r--p 00000000 00:62 25773357                   /usr/lib/x86_64-linux-gnu/libbz2.so.1.0.4
7f1900ce3000-7f1900cf0000 r-xp 00002000 00:62 25773357                   /usr/lib/x86_64-linux-gnu/libbz2.so.1.0.4
7f1900cf0000-7f1900cf2000 r--p 0000f000 00:62 25773357                   /usr/lib/x86_64-linux-gnu/libbz2.so.1.0.4
7f1900cf2000-7f1900cf3000 r--p 00010000 00:62 25773357                   /usr/lib/x86_64-linux-gnu/libbz2.so.1.0.4
7f1900cf3000-7f1900cf4000 rw-p 00011000 00:62 25773357                   /usr/lib/x86_64-linux-gnu/libbz2.so.1.0.4
7f1900cf4000-7f1900cf6000 r--p 00000000 00:62 10045254                   /usr/lib/python3.10/lib-dynload/_bz2.cpython-310-x86_64-linux-gnu.so
7f1900cf6000-7f1900cf9000 r-xp 00002000 00:62 10045254                   /usr/lib/python3.10/lib-dynload/_bz2.cpython-310-x86_64-linux-gnu.so
7f1900cf9000-7f1900cfb000 r--p 00005000 00:62 10045254                   /usr/lib/python3.10/lib-dynload/_bz2.cpython-310-x86_64-linux-gnu.so
7f1900cfb000-7f1900cfc000 r--p 00006000 00:62 10045254                   /usr/lib/python3.10/lib-dynload/_bz2.cpython-310-x86_64-linux-gnu.so
7f1900cfc000-7f1900cfd000 rw-p 00007000 00:62 10045254                   /usr/lib/python3.10/lib-dynload/_bz2.cpython-310-x86_64-linux-gnu.so
7f1900cfd000-7f1900efd000 rw-p 00000000 00:00 0 
7f1900efd000-7f1900eff000 r--p 00000000 00:62 25773378                   /usr/lib/x86_64-linux-gnu/libffi.so.8.1.0
7f1900eff000-7f1900f06000 r-xp 00002000 00:62 25773378                   /usr/lib/x86_64-linux-gnu/libffi.so.8.1.0
7f1900f06000-7f1900f07000 r--p 00009000 00:62 25773378                   /usr/lib/x86_64-linux-gnu/libffi.so.8.1.0
7f1900f07000-7f1900f08000 ---p 0000a000 00:62 25773378                   /usr/lib/x86_64-linux-gnu/libffi.so.8.1.0
7f1900f08000-7f1900f09000 r--p 0000a000 00:62 25773378                   /usr/lib/x86_64-linux-gnu/libffi.so.8.1.0
7f1900f09000-7f1900f0a000 rw-p 0000b000 00:62 25773378                   /usr/lib/x86_64-linux-gnu/libffi.so.8.1.0
7f1900f0a000-7f1900f0b000 r--s 00000000 08:00 45646459                   /home/ubuntu/tbazzocchi/FRAG/MedRAG/corpus/wikipedia/index/bm25/_v.fdx
7f1900f0b000-7f1900f0d000 r--p 00000000 00:62 10045288                   /usr/lib/python3.10/lib-dynload/mmap.cpython-310-x86_64-linux-gnu.so
7f1900f0d000-7f1900f10000 r-xp 00002000 00:62 10045288                   /usr/lib/python3.10/lib-dynload/mmap.cpython-310-x86_64-linux-gnu.so
7f1900f10000-7f1900f12000 r--p 00005000 00:62 10045288                   /usr/lib/python3.10/lib-dynload/mmap.cpython-310-x86_64-linux-gnu.so
7f1900f12000-7f1900f13000 r--p 00006000 00:62 10045288                   /usr/lib/python3.10/lib-dynload/mmap.cpython-310-x86_64-linux-gnu.so
7f1900f13000-7f1900f14000 rw-p 00007000 00:62 10045288                   /usr/lib/python3.10/lib-dynload/mmap.cpython-310-x86_64-linux-gnu.so
7f1900f14000-7f1900f15000 r--p 00000000 00:62 10174975                   /home/ubuntu/.local/lib/python3.10/site-packages/numpy/fft/_pocketfft_internal.cpython-310-x86_64-linux-gnu.so
7f1900f15000-7f1900f28000 r-xp 00001000 00:62 10174975                   /home/ubuntu/.local/lib/python3.10/site-packages/numpy/fft/_pocketfft_internal.cpython-310-x86_64-linux-gnu.so
7f1900f28000-7f1900f2a000 r--p 00014000 00:62 10174975                   /home/ubuntu/.local/lib/python3.10/site-packages/numpy/fft/_pocketfft_internal.cpython-310-x86_64-linux-gnu.so
7f1900f2a000-7f1900f2b000 r--p 00015000 00:62 10174975                   /home/ubuntu/.local/lib/python3.10/site-packages/numpy/fft/_pocketfft_internal.cpython-310-x86_64-linux-gnu.so
7f1900f2b000-7f1900f2c000 rw-p 00016000 00:62 10174975                   /home/ubuntu/.local/lib/python3.10/site-packages/numpy/fft/_pocketfft_internal.cpython-310-x86_64-linux-gnu.so
7f1900f2c000-7f1900f33000 r--p 00000000 00:62 10175495                   /home/ubuntu/.local/lib/python3.10/site-packages/numpy/core/_multiarray_tests.cpython-310-x86_64-linux-gnu.so
7f1900f33000-7f1900f4a000 r-xp 00007000 00:62 10175495                   /home/ubuntu/.local/lib/python3.10/site-packages/numpy/core/_multiarray_tests.cpython-310-x86_64-linux-gnu.so
7f1900f4a000-7f1900f50000 r--p 0001e000 00:62 10175495                   /home/ubuntu/.local/lib/python3.10/site-packages/numpy/core/_multiarray_tests.cpython-310-x86_64-linux-gnu.so
7f1900f50000-7f1900f51000 r--p 00023000 00:62 10175495                   /home/ubuntu/.local/lib/python3.10/site-packages/numpy/core/_multiarray_tests.cpython-310-x86_64-linux-gnu.so
7f1900f51000-7f1900f53000 rw-p 00024000 00:62 10175495                   /home/ubuntu/.local/lib/python3.10/site-packages/numpy/core/_multiarray_tests.cpython-310-x86_64-linux-gnu.so
7f1900f53000-7f1900f54000 r--p 00000000 00:62 10045261                   /usr/lib/python3.10/lib-dynload/_contextvars.cpython-310-x86_64-linux-gnu.so
7f1900f54000-7f1900f55000 r-xp 00001000 00:62 10045261                   /usr/lib/python3.10/lib-dynload/_contextvars.cpython-310-x86_64-linux-gnu.so
7f1900f55000-7f1900f56000 r--p 00002000 00:62 10045261                   /usr/lib/python3.10/lib-dynload/_contextvars.cpython-310-x86_64-linux-gnu.so
7f1900f56000-7f1900f57000 r--p 00002000 00:62 10045261                   /usr/lib/python3.10/lib-dynload/_contextvars.cpython-310-x86_64-linux-gnu.so
7f1900f57000-7f1900f58000 rw-p 00003000 00:62 10045261                   /usr/lib/python3.10/lib-dynload/_contextvars.cpython-310-x86_64-linux-gnu.so
7f1900f58000-7f1901058000 rw-p 00000000 00:00 0 
7f1901058000-7f190105a000 r--p 00000000 00:62 10045269                   /usr/lib/python3.10/lib-dynload/_json.cpython-310-x86_64-linux-gnu.so
7f190105a000-7f1901061000 r-xp 00002000 00:62 10045269                   /usr/lib/python3.10/lib-dynload/_json.cpython-310-x86_64-linux-gnu.so
7f1901061000-7f1901063000 r--p 00009000 00:62 10045269                   /usr/lib/python3.10/lib-dynload/_json.cpython-310-x86_64-linux-gnu.so
7f1901063000-7f1901064000 r--p 0000a000 00:62 10045269                   /usr/lib/python3.10/lib-dynload/_json.cpython-310-x86_64-linux-gnu.so
7f1901064000-7f1901065000 rw-p 0000b000 00:62 10045269                   /usr/lib/python3.10/lib-dynload/_json.cpython-310-x86_64-linux-gnu.so
7f1901065000-7f1901165000 rw-p 00000000 00:00 0 
7f1901165000-7f1901166000 r--s 00000000 08:00 45646370                   /home/ubuntu/tbazzocchi/FRAG/MedRAG/corpus/wikipedia/index/bm25/_y.fdx
7f1901166000-7f1901167000 rw-s 00000000 00:69 19                         /dev/shm/sem.PNK53Y (deleted)
7f1901167000-7f1901168000 ---p 00000000 00:00 0 
7f1901168000-7f1901169000 r--p 00000000 00:00 0 
7f1901169000-7f190116f000 r--p 00000000 00:62 10045263                   /usr/lib/python3.10/lib-dynload/_ctypes.cpython-310-x86_64-linux-gnu.so
7f190116f000-7f190117f000 r-xp 00006000 00:62 10045263                   /usr/lib/python3.10/lib-dynload/_ctypes.cpython-310-x86_64-linux-gnu.so
7f190117f000-7f1901185000 r--p 00016000 00:62 10045263                   /usr/lib/python3.10/lib-dynload/_ctypes.cpython-310-x86_64-linux-gnu.so
7f1901185000-7f1901186000 r--p 0001b000 00:62 10045263                   /usr/lib/python3.10/lib-dynload/_ctypes.cpython-310-x86_64-linux-gnu.so
7f1901186000-7f190118a000 rw-p 0001c000 00:62 10045263                   /usr/lib/python3.10/lib-dynload/_ctypes.cpython-310-x86_64-linux-gnu.so
7f190118a000-7f19013ec000 rw-p 00000000 00:00 0 
7f19013ec000-7f19013f3000 r--s 00000000 00:62 42020870                   /usr/lib/x86_64-linux-gnu/gconv/gconv-modules.cache
7f19013f3000-7f190144a000 r--p 00000000 00:62 25642035                   /usr/lib/locale/C.utf8/LC_CTYPE
7f190144a000-7f190144c000 rw-p 00000000 00:00 0 
7f190144c000-7f1901474000 r--p 00000000 00:62 42020336                   /usr/lib/x86_64-linux-gnu/libc.so.6
7f1901474000-7f1901609000 r-xp 00028000 00:62 42020336                   /usr/lib/x86_64-linux-gnu/libc.so.6
7f1901609000-7f1901661000 r--p 001bd000 00:62 42020336                   /usr/lib/x86_64-linux-gnu/libc.so.6
7f1901661000-7f1901662000 ---p 00215000 00:62 42020336                   /usr/lib/x86_64-linux-gnu/libc.so.6
7f1901662000-7f1901666000 r--p 00215000 00:62 42020336                   /usr/lib/x86_64-linux-gnu/libc.so.6
7f1901666000-7f1901668000 rw-p 00219000 00:62 42020336                   /usr/lib/x86_64-linux-gnu/libc.so.6
7f1901668000-7f1901675000 rw-p 00000000 00:00 0 
7f1901675000-7f1901677000 r--p 00000000 00:62 25773489                   /usr/lib/x86_64-linux-gnu/libz.so.1.2.11
7f1901677000-7f1901688000 r-xp 00002000 00:62 25773489                   /usr/lib/x86_64-linux-gnu/libz.so.1.2.11
7f1901688000-7f190168e000 r--p 00013000 00:62 25773489                   /usr/lib/x86_64-linux-gnu/libz.so.1.2.11
7f190168e000-7f190168f000 ---p 00019000 00:62 25773489                   /usr/lib/x86_64-linux-gnu/libz.so.1.2.11
7f190168f000-7f1901690000 r--p 00019000 00:62 25773489                   /usr/lib/x86_64-linux-gnu/libz.so.1.2.11
7f1901690000-7f1901691000 rw-p 0001a000 00:62 25773489                   /usr/lib/x86_64-linux-gnu/libz.so.1.2.11
7f1901691000-7f1901695000 r--p 00000000 00:62 9914585                    /usr/lib/x86_64-linux-gnu/libexpat.so.1.8.7
7f1901695000-7f19016b4000 r-xp 00004000 00:62 9914585                    /usr/lib/x86_64-linux-gnu/libexpat.so.1.8.7
7f19016b4000-7f19016be000 r--p 00023000 00:62 9914585                    /usr/lib/x86_64-linux-gnu/libexpat.so.1.8.7
7f19016be000-7f19016bf000 ---p 0002d000 00:62 9914585                    /usr/lib/x86_64-linux-gnu/libexpat.so.1.8.7
7f19016bf000-7f19016c1000 r--p 0002d000 00:62 9914585                    /usr/lib/x86_64-linux-gnu/libexpat.so.1.8.7
7f19016c1000-7f19016c2000 rw-p 0002f000 00:62 9914585                    /usr/lib/x86_64-linux-gnu/libexpat.so.1.8.7
7f19016c2000-7f19016d0000 r--p 00000000 00:62 42020342                   /usr/lib/x86_64-linux-gnu/libm.so.6
7f19016d0000-7f190174c000 r-xp 0000e000 00:62 42020342                   /usr/lib/x86_64-linux-gnu/libm.so.6
7f190174c000-7f19017a7000 r--p 0008a000 00:62 42020342                   /usr/lib/x86_64-linux-gnu/libm.so.6
7f19017a7000-7f19017a8000 r--p 000e4000 00:62 42020342                   /usr/lib/x86_64-linux-gnu/libm.so.6
7f19017a8000-7f19017a9000 rw-p 000e5000 00:62 42020342                   /usr/lib/x86_64-linux-gnu/libm.so.6
7f19017a9000-7f19017aa000 r--p 00000000 00:62 10045507                   /usr/lib/python3.10/lib-dynload/_opcode.cpython-310-x86_64-linux-gnu.so
7f19017aa000-7f19017ab000 r-xp 00001000 00:62 10045507                   /usr/lib/python3.10/lib-dynload/_opcode.cpython-310-x86_64-linux-gnu.so
7f19017ab000-7f19017ac000 r--p 00002000 00:62 10045507                   /usr/lib/python3.10/lib-dynload/_opcode.cpython-310-x86_64-linux-gnu.so
7f19017ac000-7f19017ad000 r--p 00002000 00:62 10045507                   /usr/lib/python3.10/lib-dynload/_opcode.cpython-310-x86_64-linux-gnu.so
7f19017ad000-7f19017ae000 rw-p 00003000 00:62 10045507                   /usr/lib/python3.10/lib-dynload/_opcode.cpython-310-x86_64-linux-gnu.so
7f19017ae000-7f19017b0000 rw-p 00000000 00:00 0 
7f19017b0000-7f19017b2000 r--p 00000000 00:62 42020330                   /usr/lib/x86_64-linux-gnu/ld-linux-x86-64.so.2
7f19017b2000-7f19017dc000 r-xp 00002000 00:62 42020330                   /usr/lib/x86_64-linux-gnu/ld-linux-x86-64.so.2
7f19017dc000-7f19017e7000 r--p 0002c000 00:62 42020330                   /usr/lib/x86_64-linux-gnu/ld-linux-x86-64.so.2
7f19017e7000-7f19017e8000 ---p 00000000 00:00 0 
7f19017e8000-7f19017ea000 r--p 00037000 00:62 42020330                   /usr/lib/x86_64-linux-gnu/ld-linux-x86-64.so.2
7f19017ea000-7f19017ec000 rw-p 00039000 00:62 42020330                   /usr/lib/x86_64-linux-gnu/ld-linux-x86-64.so.2
7ffdcf84e000-7ffdcf852000 ---p 00000000 00:00 0 
7ffdcf852000-7ffdcf94e000 rw-p 00000000 00:00 0                          [stack]
7ffdcf9ea000-7ffdcf9ee000 r--p 00000000 00:00 0                          [vvar]
7ffdcf9ee000-7ffdcf9f0000 r-xp 00000000 00:00 0                          [vdso]
ffffffffff600000-ffffffffff601000 --xp 00000000 00:00 0                  [vsyscall]


VM Arguments:
java_command: <unknown>
java_class_path (initial): /home/ubuntu/.local/lib/python3.10/site-packages/pyserini/resources/jars/anserini-0.22.1-fatjar.jar:/home/ubuntu/.local/lib/python3.10/site-packages/jnius/src
Launcher Type: generic

[Global flags]
     intx CICompilerCount                          = 12                                        {product} {ergonomic}
     uint ConcGCThreads                            = 4                                         {product} {ergonomic}
     uint G1ConcRefinementThreads                  = 15                                        {product} {ergonomic}
   size_t G1HeapRegionSize                         = 16777216                                  {product} {ergonomic}
    uintx GCDrainStackTargetSize                   = 64                                        {product} {ergonomic}
   size_t InitialHeapSize                          = 2147483648                                {product} {ergonomic}
   size_t MarkStackSize                            = 4194304                                   {product} {ergonomic}
   size_t MaxHeapSize                              = 32178700288                               {product} {ergonomic}
   size_t MaxNewSize                               = 19293798400                               {product} {ergonomic}
   size_t MinHeapDeltaBytes                        = 16777216                                  {product} {ergonomic}
   size_t MinHeapSize                              = 16777216                                  {product} {ergonomic}
    uintx NonNMethodCodeHeapSize                   = 7602480                                {pd product} {ergonomic}
    uintx NonProfiledCodeHeapSize                  = 122027880                              {pd product} {ergonomic}
    uintx ProfiledCodeHeapSize                     = 122027880                              {pd product} {ergonomic}
    uintx ReservedCodeCacheSize                    = 251658240                              {pd product} {ergonomic}
     bool SegmentedCodeCache                       = true                                      {product} {ergonomic}
   size_t SoftMaxHeapSize                          = 32178700288                            {manageable} {ergonomic}
     bool UseCompressedClassPointers               = true                           {product lp64_product} {ergonomic}
     bool UseCompressedOops                        = true                           {product lp64_product} {ergonomic}
     bool UseG1GC                                  = true                                      {product} {ergonomic}

Logging:
Log output configuration:
 #0: stdout all=off uptime,level,tags
 #1: stderr all=off uptime,level,tags

Environment Variables:
PATH=/home/ubuntu/.local/bin:/usr/local/sbin:/usr/local/bin:/usr/sbin:/usr/bin:/sbin:/bin:/usr/games:/usr/local/games:/snap/bin
SHELL=/bin/bash
LC_CTYPE=C.UTF-8
TERM=xterm-256color

Active Locale:
LC_ALL=LC_CTYPE=C.UTF-8;LC_NUMERIC=C;LC_TIME=C;LC_COLLATE=C;LC_MONETARY=C;LC_MESSAGES=C;LC_PAPER=C;LC_NAME=C;LC_ADDRESS=C;LC_TELEPHONE=C;LC_MEASUREMENT=C;LC_IDENTIFICATION=C
LC_COLLATE=C
LC_CTYPE=C.UTF-8
LC_MESSAGES=C
LC_MONETARY=C
LC_NUMERIC=C
LC_TIME=C

Signal Handlers:
   SIGSEGV: crash_handler in libjvm.so, mask=11100100010111111101111111111110, flags=SA_RESTART|SA_SIGINFO, unblocked
    SIGBUS: crash_handler in libjvm.so, mask=11100100010111111101111111111110, flags=SA_RESTART|SA_SIGINFO, unblocked
    SIGFPE: crash_handler in libjvm.so, mask=11100100010111111101111111111110, flags=SA_RESTART|SA_SIGINFO, unblocked
   SIGPIPE: javaSignalHandler in libjvm.so, mask=11100100010111111101111111111110, flags=SA_RESTART|SA_SIGINFO, blocked
  *** Handler was modified!
  *** Expected: 0x000056452cc07bf0, mask=00000101001010011001010010110100, flags=SA_RESTART|SA_SIGINFO
   SIGXFSZ: javaSignalHandler in libjvm.so, mask=11100100010111111101111111111110, flags=SA_RESTART|SA_SIGINFO, blocked
  *** Handler was modified!
  *** Expected: 0x000056452cbbbb80, mask=00001001110011011101101000001100, flags=SA_RESTART|SA_SIGINFO
    SIGILL: crash_handler in libjvm.so, mask=11100100010111111101111111111110, flags=SA_RESTART|SA_SIGINFO, unblocked
   SIGUSR2: SR_handler in libjvm.so, mask=00100000000000000000000000000000, flags=SA_RESTART|SA_SIGINFO, blocked
  *** Handler was modified!
  *** Expected: 0x000056452cbe26c0, mask=00000001110111011101110100110100, flags=SA_RESTART|SA_SIGINFO
    SIGHUP: UserHandler in libjvm.so, mask=11100100010111111101111111111110, flags=SA_RESTART|SA_SIGINFO, blocked
    SIGINT: UserHandler in libjvm.so, mask=11100100010111111101111111111110, flags=SA_RESTART|SA_SIGINFO, blocked
   SIGTERM: UserHandler in libjvm.so, mask=11100100010111111101111111111110, flags=SA_RESTART|SA_SIGINFO, blocked
   SIGQUIT: UserHandler in libjvm.so, mask=11100100010111111101111111111110, flags=SA_RESTART|SA_SIGINFO, blocked
   SIGTRAP: crash_handler in libjvm.so, mask=11100100010111111101111111111110, flags=SA_RESTART|SA_SIGINFO, unblocked


Periodic native trim disabled


---------------  S Y S T E M  ---------------

OS:
DISTRIB_ID=Ubuntu
DISTRIB_RELEASE=22.04
DISTRIB_CODENAME=jammy
DISTRIB_DESCRIPTION="Ubuntu 22.04.4 LTS"
uname: Linux 5.15.0-141-generic #151-Ubuntu SMP Sun May 18 21:35:19 UTC 2025 x86_64
OS uptime: 13 days 1:33 hours
libc: glibc 2.35 NPTL 2.35 
rlimit (soft/hard): STACK 8192k/infinity , CORE infinity/infinity , NPROC infinity/infinity , NOFILE 1048576/1048576 , AS infinity/infinity , CPU infinity/infinity , DATA infinity/infinity , FSIZE infinity/infinity , MEMLOCK 64k/64k
load average: 4.21 4.18 4.68

/proc/meminfo:
MemTotal:       395722488 kB
MemFree:        135605120 kB
MemAvailable:   298143572 kB
Buffers:         6159344 kB
Cached:         146401700 kB
SwapCached:         2036 kB
Active:         112010628 kB
Inactive:       132365192 kB
Active(anon):      16032 kB
Inactive(anon): 91836732 kB
Active(file):   111994596 kB
Inactive(file): 40528460 kB
Unevictable:           0 kB
Mlocked:               0 kB
SwapTotal:      268435452 kB
SwapFree:       268392956 kB
Dirty:              6344 kB
Writeback:             0 kB
AnonPages:      91782072 kB
Mapped:          4254936 kB
Shmem:             37556 kB
KReclaimable:   13023228 kB
Slab:           14388464 kB
SReclaimable:   13023228 kB
SUnreclaim:      1365236 kB
KernelStack:       29056 kB
PageTables:       395668 kB
NFS_Unstable:          0 kB
Bounce:                0 kB
WritebackTmp:          0 kB
CommitLimit:    466296696 kB
Committed_AS:   120732564 kB
VmallocTotal:   34359738367 kB
VmallocUsed:      262100 kB
VmallocChunk:          0 kB
Percpu:            36960 kB
HardwareCorrupted:     0 kB
AnonHugePages:         0 kB
ShmemHugePages:        0 kB
ShmemPmdMapped:        0 kB
FileHugePages:         0 kB
FilePmdMapped:         0 kB
HugePages_Total:       0
HugePages_Free:        0
HugePages_Rsvd:        0
HugePages_Surp:        0
Hugepagesize:       2048 kB
Hugetlb:               0 kB
DirectMap4k:     4346800 kB
DirectMap2M:    145274880 kB
DirectMap1G:    252706816 kB

/sys/kernel/mm/transparent_hugepage/enabled: always [madvise] never
/sys/kernel/mm/transparent_hugepage/hpage_pmd_size: 2097152
/sys/kernel/mm/transparent_hugepage/defrag (defrag/compaction efforts parameter): always defer defer+madvise [madvise] never

Process Memory:
Virtual Size: 147183868K (peak: 154555780K)
Resident Set Size: 48639048K (peak: 71984440K) (anon: 47342048K, file: 1280352K, shmem: 16648K)
Swapped out: 0K
C-Heap outstanding allocations: 28653375K, retained: 481720K
glibc malloc tunables: (default)

/proc/sys/kernel/threads-max (system-wide limit on the number of threads): 3089982
/proc/sys/vm/max_map_count (maximum number of memory map areas a process may have): 65530
/proc/sys/vm/swappiness (control to define how aggressively the kernel swaps out anonymous memory): 60
/proc/sys/kernel/pid_max (system-wide limit on number of process identifiers): 4194304

container (cgroup) information:
container_type: cgroupv2
cpu_cpuset_cpus: not supported
cpu_memory_nodes: not supported
active_processor_count: 20
cpu_quota: no quota
cpu_period: 100000
cpu_shares: no shares
memory_limit_in_bytes: unlimited
memory_and_swap_limit_in_bytes: unlimited
memory_soft_limit_in_bytes: 0
memory_usage_in_bytes: 49825304 k
memory_max_usage_in_bytes: not supported
memory_swap_current_in_bytes: 4 k
memory_swap_max_limit_in_bytes: unlimited
maximum number of tasks: 463497
current number of tasks: 232

Steal ticks since vm start: 0
Steal ticks percentage since vm start:  0.000

CPU: total 20 (initial active 20) (10 cores per cpu, 2 threads per core) family 6 model 85 stepping 7 microcode 0x5003901, cx8, cmov, fxsr, ht, mmx, 3dnowpref, sse, sse2, sse3, ssse3, sse4.1, sse4.2, popcnt, lzcnt, tsc, tscinvbit, avx, avx2, aes, erms, clmul, bmi1, bmi2, adx, avx512f, avx512dq, avx512cd, avx512bw, avx512vl, fma, vzeroupper, avx512_vnni, clflush, clflushopt, clwb
CPU Model and flags from /proc/cpuinfo:
model name	: Intel(R) Xeon(R) W-2255 CPU @ 3.70GHz
flags		: fpu vme de pse tsc msr pae mce cx8 apic sep mtrr pge mca cmov pat pse36 clflush dts acpi mmx fxsr sse sse2 ss ht tm pbe syscall nx pdpe1gb rdtscp lm constant_tsc art arch_perfmon pebs bts rep_good nopl xtopology nonstop_tsc cpuid aperfmperf pni pclmulqdq dtes64 monitor ds_cpl vmx smx est tm2 ssse3 sdbg fma cx16 xtpr pdcm pcid dca sse4_1 sse4_2 x2apic movbe popcnt tsc_deadline_timer aes xsave avx f16c rdrand lahf_lm abm 3dnowprefetch cpuid_fault epb cat_l3 cdp_l3 invpcid_single intel_ppin ssbd mba ibrs ibpb stibp ibrs_enhanced tpr_shadow vnmi flexpriority ept vpid ept_ad fsgsbase tsc_adjust bmi1 avx2 smep bmi2 erms invpcid cqm mpx rdt_a avx512f avx512dq rdseed adx smap clflushopt clwb intel_pt avx512cd avx512bw avx512vl xsaveopt xsavec xgetbv1 xsaves cqm_llc cqm_occup_llc cqm_mbm_total cqm_mbm_local dtherm ida arat pln pts hwp hwp_act_window hwp_epp hwp_pkg_req avx512_vnni md_clear flush_l1d arch_capabilities

Online cpus: 0-19
Offline cpus: 
BIOS frequency limitation: <Not Available>
Frequency switch latency (ns): 0
Available cpu frequencies: <Not Available>
Current governor: powersave
Core performance/turbo boost: <Not Available>

Memory: 4k page, physical 395722488k(141091292k free), swap 268435452k(268392956k free)
Page Sizes: 4k

vm_info: OpenJDK 64-Bit Server VM (17.0.16+8-Ubuntu-0ubuntu122.04.1) for linux-amd64 JRE (17.0.16+8-Ubuntu-0ubuntu122.04.1), built on Jul 17 2025 00:00:46 by "buildd" with gcc 11.4.0

END.
