#
# A fatal error has been detected by the Java Runtime Environment:
#
#  SIGSEGV (0xb) at pc=0x0000000000000000, pid=62432, tid=62432
#
# JRE version: OpenJDK Runtime Environment (17.0.16+8) (build 17.0.16+8-Ubuntu-0ubuntu122.04.1)
# Java VM: OpenJDK 64-Bit Server VM (17.0.16+8-Ubuntu-0ubuntu122.04.1, mixed mode, sharing, tiered, compressed oops, compressed class ptrs, g1 gc, linux-amd64)
# Problematic frame:
# C  [libtorch_python.so+0x7d1a2d]  THPVariable_NewWithVar(_typeobject*, at::TensorBase const&, bool, std::optional<bool>)+0x14d
#
# Core dump will be written. Default location: Core dumps may be processed with "/usr/share/apport/apport -p%p -s%s -c%c -d%d -P%P -u%u -g%g -F%F -- %E" (or dumping to /home/ubuntu/tbazzocchi/FRAG/MedRAG/core.62432)
#
# If you would like to submit a bug report, please visit:
#   https://bugs.launchpad.net/ubuntu/+source/openjdk-17
# The crash happened outside the Java Virtual Machine in native code.
# See problematic frame for where to report the bug.
#

---------------  S U M M A R Y ------------

Command Line: 

Host: Intel(R) Xeon(R) W-2255 CPU @ 3.70GHz, 20 cores, 377G, Ubuntu 22.04.4 LTS
Time: Tue Nov 11 14:54:41 2025 UTC elapsed time: 602.365813 seconds (0d 0h 10m 2s)

---------------  T H R E A D  ---------------

Current thread (0x000055d8286c3e60):  JavaThread "main" [_thread_in_native, id=62432, stack(0x00007fff9e69b000,0x00007fff9e79b000)]

Stack: [0x00007fff9e69b000,0x00007fff9e79b000],  sp=0x00007fff9e797870,  free space=1010k
Native frames: (J=compiled Java code, j=interpreted, Vv=VM code, C=native code)
C  [libtorch_python.so+0x7d1a2d]  THPVariable_NewWithVar(_typeobject*, at::TensorBase const&, bool, std::optional<bool>)+0x14d


siginfo: si_signo: 11 (SIGSEGV), si_code: 1 (SEGV_MAPERR), si_addr: 0x0000000000000000

Registers:
RAX=0x0000000000000000, RBX=0x00007f009b3b62a0, RCX=0x0000000000085600, RDX=0x000055de92e22420
RSP=0x00007fff9e797868, RBP=0x000055dc117e4640, RSI=0x0000000000000000, RDI=0x000055dbf0163ee0
R8 =0x0000000000000050, R9 =0x000055d8203054f0, R10=0x00007f009b3d85b0, R11=0x00007f009b3b6290
R12=0x0000000000000000, R13=0x00007f009b3b62b8, R14=0x000055dc117e4670, R15=0x00007f009b398a08
RIP=0x0000000000000000, EFLAGS=0x0000000000010202, CSGSFS=0x002b000000000033, ERR=0x0000000000000014
  TRAPNO=0x000000000000000e

XMM[0]=0x0000000000000000 0x0000000000000000
XMM[1]=0x0000000000000000 0x00007f009b3d85b0
XMM[2]=0x00007f009b3d85b0 0x000055d8203054f0
XMM[3]=0x0000000000000000 0x00007f07acdf74d8
XMM[4]=0x0000000000000000 0x00007f07acdf7cb8
XMM[5]=0x00007fff9e796e0c 0x0000000000000000
XMM[6]=0x0000000000000000 0x0000000000000000
XMM[7]=0x0000000000000000 0x0000000000000000
XMM[8]=0x0000000000000000 0x0000000000000000
XMM[9]=0x0000000000000000 0x0000000000000000
XMM[10]=0x0000000000000000 0x0000000000000000
XMM[11]=0x0000000000000000 0x0000000000000000
XMM[12]=0x0000000000000000 0x0000000000000000
XMM[13]=0x0000000000000000 0x0000000000000000
XMM[14]=0x0000000000000000 0x0000000000000000
XMM[15]=0x0000000000000000 0x00007eff3ebbf200
  MXCSR=0x00001fa3


Register to memory mapping:

RAX=0x0 is NULL
RBX=0x00007f009b3b62a0 points into unknown readable memory: 0x0000000000000001 | 01 00 00 00 00 00 00 00
RCX=0x0000000000085600 is an unknown value
RDX=0x000055de92e22420 points into unknown readable memory: 0x0000000000000025 | 25 00 00 00 00 00 00 00
RSP=0x00007fff9e797868 is pointing into the stack for thread: 0x000055d8286c3e60
RBP=0x000055dc117e4640 points into unknown readable memory: 0x00007f07b15e1028 | 28 10 5e b1 07 7f 00 00
RSI=0x0 is NULL
RDI=0x000055dbf0163ee0 points into unknown readable memory: 0x000055dbe1686470 | 70 64 68 e1 db 55 00 00
R8 =0x0000000000000050 is an unknown value
R9 =0x000055d8203054f0 points into unknown readable memory: 0x00007f009b209bb0 | b0 9b 20 9b 00 7f 00 00
R10=0x00007f009b3d85b0 points into unknown readable memory: 0x00007f009b3b6290 | 90 62 3b 9b 00 7f 00 00
R11=0x00007f009b3b6290 points into unknown readable memory: 0x000055d8203054f0 | f0 54 30 20 d8 55 00 00
R12=0x0 is NULL
R13=0x00007f009b3b62b8 points into unknown readable memory: 0x000055dc117e4640 | 40 46 7e 11 dc 55 00 00
R14=0x000055dc117e4670 points into unknown readable memory: 0x0000000000000000 | 00 00 00 00 00 00 00 00
R15=0x00007f009b398a08 points into unknown readable memory: 0x000055dc9ad9b630 | 30 b6 d9 9a dc 55 00 00


Top of Stack: (sp=0x00007fff9e797868)
0x00007fff9e797868:   00007f07a8adba2d 0000000000000000
0x00007fff9e797878:   00007fff9e7979f0 00007fff9e797950
0x00007fff9e797888:   00007f0795344500 000055d82040c700
0x00007fff9e797898:   00007f07b15ea540 00007f07a973a3a0
0x00007fff9e7978a8:   00007f07a879b51e 0000000000000002
0x00007fff9e7978b8:   00007fff9e797ac0 00007fff9e7979f0
0x00007fff9e7978c8:   00007fff9e797ac0 000055d821462598
0x00007fff9e7978d8:   0000003000010002 00007fff9e797950
0x00007fff9e7978e8:   00007f07985d31d2 00007fff9e797a08
0x00007fff9e7978f8:   00007f0795ee4775 0000000000000000
0x00007fff9e797908:   00007f009b3d85c0 0000000000000002
0x00007fff9e797918:   00007fff9e797a08 00007f07a7c61d50
0x00007fff9e797928:   00007fff9e797ab0 00007fff9e797a08
0x00007fff9e797938:   00007f07acc8298c 0000000000000020
0x00007fff9e797948:   46e0fd301e828900 000055dd20377f70
0x00007fff9e797958:   ffffffffffffff80 0000000000000000
0x00007fff9e797968:   00007f07b2570140 000055d820305270
0x00007fff9e797978:   000055d8203210e0 000055d8049c3cd0
0x00007fff9e797988:   000055d8049c3b20 000055d8049c3d28
0x00007fff9e797998:   000055d80456715a 000055d8049c3c78
0x00007fff9e7979a8:   00007f07b15ea540 00007fff9e797ac0
0x00007fff9e7979b8:   00007fff9e797ab0 00007f0000000000
0x00007fff9e7979c8:   00007f07b2616453 00007fff9e797b50
0x00007fff9e7979d8:   00007f07b15ea540 00007fff9e797ac0
0x00007fff9e7979e8:   00007f07b1568060 00007fff9e797bc0
0x00007fff9e7979f8:   00007f07a8adbcec 00007fff9e797b50
0x00007fff9e797a08:   00007fff9e797ac0 00007fff9e797ab0
0x00007fff9e797a18:   00007fff9e797bc0 00007fff9e797b20
0x00007fff9e797a28:   00007fff9e797b50 00007fff9e797ac0
0x00007fff9e797a38:   00007f07a8ae87b8 00007fff9e797ac0
0x00007fff9e797a48:   0000000000000002 00007fff9e797aa0
0x00007fff9e797a58:   00007fff9e797b00 00007fff9e797ae0 

Instructions: (pc=0x00007f07a8adba2d)
0x00007f07a8adb92d:   49 89 c6 48 85 c0 74 33 4c 8b 60 08 45 84 ed 0f
0x00007f07a8adb93d:   84 de 01 00 00 4c 39 e3 0f 85 65 02 00 00 48 81
0x00007f07a8adb94d:   c4 a0 01 00 00 48 89 ef 5b 5d 41 5c 41 5d 41 5e
0x00007f07a8adb95d:   e9 4e 65 9e ff 66 0f 1f 44 00 00 48 89 df 31 f6
0x00007f07a8adb96d:   ff 93 30 01 00 00 48 89 c3 48 85 c0 74 5c 4c 8b
0x00007f07a8adb97d:   2d e6 94 ba 00 c6 43 10 01 4c 89 6b 18 e8 31 3b
0x00007f07a8adb98d:   9e ff 84 c0 48 8b 45 00 74 59 4c 39 e8 74 05 f0
0x00007f07a8adb99d:   83 40 08 01 c6 44 24 20 00 80 7b 10 00 0f 84 b0
0x00007f07a8adb9ad:   02 00 00 48 89 43 18 4c 89 6c 24 28 c6 43 10 00
0x00007f07a8adb9bd:   48 8d 7c 24 28 e8 f9 c9 be ff 48 89 df e8 81 bf
0x00007f07a8adb9cd:   ff ff 84 c0 0f 85 19 01 00 00 48 81 c4 a0 01 00
0x00007f07a8adb9dd:   00 48 89 d8 5b 5d 41 5c 41 5d 41 5e c3 66 0f 1f
0x00007f07a8adb9ed:   44 00 00 4c 39 e8 74 05 f0 83 40 08 01 c6 44 24
0x00007f07a8adb9fd:   20 00 80 7b 10 00 0f 84 77 02 00 00 48 89 43 18
0x00007f07a8adba0d:   4c 89 6c 24 28 c6 43 10 00 48 8d 7c 24 28 4c 8d
0x00007f07a8adba1d:   6b 18 e8 9c c9 be ff 49 8b 6d 00 e8 33 2f 9e ff
0x00007f07a8adba2d:   48 89 45 30 44 89 e0 48 89 5d 38 66 c1 e8 08 0f
0x00007f07a8adba3d:   84 96 00 00 00 45 84 e4 74 90 48 ba 00 00 00 08
0x00007f07a8adba4d:   00 00 00 02 49 8b 45 00 48 09 90 b0 00 00 00 e9
0x00007f07a8adba5d:   76 ff ff ff 0f 1f 80 00 00 00 00 e8 f3 8a 9d ff
0x00007f07a8adba6d:   85 c0 0f 85 96 fe ff ff 48 8d 6c 24 20 48 89 ef
0x00007f07a8adba7d:   e8 1e 28 9e ff 48 8d 35 0f 78 73 00 48 89 ef e8
0x00007f07a8adba8d:   cf 86 ff ff 48 8d 35 30 78 73 00 48 89 ef e8 c0
0x00007f07a8adba9d:   86 ff ff 48 89 e3 48 8d 74 24 28 48 89 df e8 c0
0x00007f07a8adbaad:   38 9e ff 48 89 ef e8 08 b4 9e ff 48 89 d9 ba 41
0x00007f07a8adbabd:   08 00 00 48 8d 35 69 6d 73 00 48 8d 3d a3 89 73
0x00007f07a8adbacd:   00 e8 0d 91 9e ff 0f 1f 44 00 00 48 89 df e8 70
0x00007f07a8adbadd:   be ff ff 41 89 c4 e9 5a ff ff ff 0f 1f 84 00 00
0x00007f07a8adbaed:   00 00 00 4c 8d 05 99 78 73 00 48 8d 0d 42 7a 73
0x00007f07a8adbafd:   00 ba 8e 08 00 00 48 8d 35 26 6d 73 00 48 8d 3d
0x00007f07a8adbb0d:   60 89 73 00 e8 fa 9e 9d ff 66 2e 0f 1f 84 00 00
0x00007f07a8adbb1d:   00 00 00 48 8d 6c 24 20 48 89 ef e8 73 27 9e ff 


Stack slot to memory mapping:
stack at sp + 0 slots: 0x0 is NULL
stack at sp + 1 slots: 0x00007fff9e7979f0 is pointing into the stack for thread: 0x000055d8286c3e60
stack at sp + 2 slots: 0x00007fff9e797950 is pointing into the stack for thread: 0x000055d8286c3e60
stack at sp + 3 slots: 0x00007f0795344500: _ZN2at27getStepCallbacksUnlessEmptyENS_11RecordScopeE+0x0000000000000000 in /home/ubuntu/.local/lib/python3.10/site-packages/torch/lib/libtorch_cpu.so at 0x00007f07939b3000
stack at sp + 4 slots: 0x000055d82040c700 points into unknown readable memory: 0x0000000000000008 | 08 00 00 00 00 00 00 00
stack at sp + 5 slots: 0x00007f07b15ea540: _ZN3c1019UndefinedTensorImpl10_singletonE+0x0000000000000000 in /home/ubuntu/.local/lib/python3.10/site-packages/torch/lib/libc10.so at 0x00007f07b14df000
stack at sp + 6 slots: 0x00007f07a973a3a0: <offset 0x00000000014303a0> in /home/ubuntu/.local/lib/python3.10/site-packages/torch/lib/libtorch_python.so at 0x00007f07a830a000
stack at sp + 7 slots: 0x00007f07a879b51e: <offset 0x000000000049151e> in /home/ubuntu/.local/lib/python3.10/site-packages/torch/lib/libtorch_python.so at 0x00007f07a830a000


---------------  P R O C E S S  ---------------

Threads class SMR info:
_java_thread_list=0x00007f054c0f0740, length=12, elements={
0x000055d8286c3e60, 0x000055d82a8e2f20, 0x000055d82a8e3ce0, 0x000055d82a8e5230,
0x000055d82a8e5ff0, 0x000055d82a8e6db0, 0x000055d82a8e7b70, 0x000055d82a8e8ba0,
0x000055d82a8ea2f0, 0x000055d82a8f1420, 0x000055d82a913820, 0x00007f05780011d0
}

Java Threads: ( => current thread )
=>0x000055d8286c3e60 JavaThread "main" [_thread_in_native, id=62432, stack(0x00007fff9e69b000,0x00007fff9e79b000)]
  0x000055d82a8e2f20 JavaThread "Reference Handler" daemon [_thread_blocked, id=62484, stack(0x00007f05e8876000,0x00007f05e8976000)]
  0x000055d82a8e3ce0 JavaThread "Finalizer" daemon [_thread_blocked, id=62485, stack(0x00007f05e8776000,0x00007f05e8876000)]
  0x000055d82a8e5230 JavaThread "Signal Dispatcher" daemon [_thread_blocked, id=62486, stack(0x00007f05e8676000,0x00007f05e8776000)]
  0x000055d82a8e5ff0 JavaThread "Service Thread" daemon [_thread_blocked, id=62487, stack(0x00007f05e8576000,0x00007f05e8676000)]
  0x000055d82a8e6db0 JavaThread "Monitor Deflation Thread" daemon [_thread_blocked, id=62488, stack(0x00007f05e8476000,0x00007f05e8576000)]
  0x000055d82a8e7b70 JavaThread "C2 CompilerThread0" daemon [_thread_blocked, id=62489, stack(0x00007f05e8376000,0x00007f05e8476000)]
  0x000055d82a8e8ba0 JavaThread "C1 CompilerThread0" daemon [_thread_blocked, id=62490, stack(0x00007f05e8276000,0x00007f05e8376000)]
  0x000055d82a8ea2f0 JavaThread "Sweeper thread" daemon [_thread_blocked, id=62491, stack(0x00007f05e8176000,0x00007f05e8276000)]
  0x000055d82a8f1420 JavaThread "Notification Thread" daemon [_thread_blocked, id=62492, stack(0x00007f05e8076000,0x00007f05e8176000)]
  0x000055d82a913820 JavaThread "Common-Cleaner" daemon [_thread_blocked, id=62494, stack(0x00007f058edff000,0x00007f058eeff000)]
  0x00007f05780011d0 JavaThread "SIGHUP handler" daemon [_thread_blocked, id=64168, stack(0x00007f058ecff000,0x00007f058edff000)]

Other Threads:
  0x000055d828637220 VMThread "VM Thread" [stack: 0x00007f05e8977000,0x00007f05e8a77000] [id=62483]
  0x000055d82848cd10 GCTaskThread "GC Thread#0" [stack: 0x00007f05eaf4d000,0x00007f05eb04d000] [id=62478]
  0x00007f05880075c0 GCTaskThread "GC Thread#1" [stack: 0x00007f0091f00000,0x00007f0092000000] [id=62918]
  0x00007f0588008520 GCTaskThread "GC Thread#2" [stack: 0x00007f0091dff000,0x00007f0091eff000] [id=62919]
  0x00007f0588009340 GCTaskThread "GC Thread#3" [stack: 0x00007f0091cfe000,0x00007f0091dfe000] [id=62920]
  0x00007f058800a2e0 GCTaskThread "GC Thread#4" [stack: 0x00007f0091bfd000,0x00007f0091cfd000] [id=62921]
  0x00007f058800b2a0 GCTaskThread "GC Thread#5" [stack: 0x00007f0091afc000,0x00007f0091bfc000] [id=62922]
  0x00007f058800c2b0 GCTaskThread "GC Thread#6" [stack: 0x00007f00919fb000,0x00007f0091afb000] [id=62923]
  0x00007f058800d2c0 GCTaskThread "GC Thread#7" [stack: 0x00007f00918fa000,0x00007f00919fa000] [id=62924]
  0x00007f058800e2d0 GCTaskThread "GC Thread#8" [stack: 0x00007f00917f9000,0x00007f00918f9000] [id=62925]
  0x00007f058800f2e0 GCTaskThread "GC Thread#9" [stack: 0x00007f00916f8000,0x00007f00917f8000] [id=62926]
  0x00007f05880102f0 GCTaskThread "GC Thread#10" [stack: 0x00007f00915f7000,0x00007f00916f7000] [id=62927]
  0x00007f0588011300 GCTaskThread "GC Thread#11" [stack: 0x00007f00914f6000,0x00007f00915f6000] [id=62928]
  0x00007f05880124d0 GCTaskThread "GC Thread#12" [stack: 0x00007f00913f5000,0x00007f00914f5000] [id=62929]
  0x00007f05880136a0 GCTaskThread "GC Thread#13" [stack: 0x00007f00912f4000,0x00007f00913f4000] [id=62930]
  0x00007f0588014870 GCTaskThread "GC Thread#14" [stack: 0x00007f00911f3000,0x00007f00912f3000] [id=62931]
  0x000055d829766210 ConcurrentGCThread "G1 Main Marker" terminated
  0x000055d829766d30 ConcurrentGCThread "G1 Conc#0" [stack: 0x00007f05ead4b000,0x00007f05eae4b000] [id=62480]
  0x000055d828617ed0 ConcurrentGCThread "G1 Refine#0" terminated
  0x000055d82863fac0 ConcurrentGCThread "G1 Service" terminated

Threads with active compile tasks:

VM state: at safepoint (shutting down)

VM Mutex/Monitor currently owned by a thread:  ([mutex/lock_event])
[0x000055d827969800] Threads_lock - owner thread: 0x000055d828637220
[0x000055d827c5c170] Heap_lock - owner thread: 0x00007f05780011d0

Heap address: 0x0000000082000000, size: 30688 MB, Compressed Oops mode: Zero based, Oop shift amount: 3

CDS archive(s) mapped at: [0x00007f0593000000-0x00007f0593bca000-0x00007f0593bca000), size 12361728, SharedBaseAddress: 0x00007f0593000000, ArchiveRelocationMode: 1.
Compressed class space mapped at: 0x00007f0594000000-0x00007f05d4000000, reserved size: 1073741824
Narrow klass base: 0x00007f0593000000, Narrow klass shift: 0, Narrow klass range: 0x100000000

GC Precious Log:
 CPUs: 20 total, 20 available
 Memory: 377G
 Large Page Support: Disabled
 NUMA Support: Disabled
 Compressed Oops: Enabled (Zero based)
 Heap Region Size: 16M
 Heap Min Capacity: 16M
 Heap Initial Capacity: 2G
 Heap Max Capacity: 30688M
 Pre-touch: Disabled
 Parallel Workers: 15
 Concurrent Workers: 4
 Concurrent Refinement Workers: 15
 Periodic GC: Disabled

Heap:
 garbage-first heap   total 2129920K, used 58092K [0x0000000082000000, 0x0000000800000000)
  region size 16384K, 4 young (65536K), 1 survivors (16384K)
 Metaspace       used 18819K, committed 19072K, reserved 1114112K
  class space    used 2168K, committed 2240K, reserved 1048576K

Heap Regions: E=young(eden), S=young(survivor), O=old, HS=humongous(starts), HC=humongous(continues), CS=collection set, F=free, OA=open archive, CA=closed archive, TAMS=top-at-mark-start (previous, next)
|   0|0x0000000082000000, 0x0000000082874800, 0x0000000083000000| 52%| O|  |TAMS 0x0000000082000000, 0x0000000082000000| Untracked 
|   1|0x0000000083000000, 0x0000000083000000, 0x0000000084000000|  0%| F|  |TAMS 0x0000000083000000, 0x0000000083000000| Untracked 
|   2|0x0000000084000000, 0x0000000084000000, 0x0000000085000000|  0%| F|  |TAMS 0x0000000084000000, 0x0000000084000000| Untracked 
|   3|0x0000000085000000, 0x0000000085000000, 0x0000000086000000|  0%| F|  |TAMS 0x0000000085000000, 0x0000000085000000| Untracked 
|   4|0x0000000086000000, 0x0000000086000000, 0x0000000087000000|  0%| F|  |TAMS 0x0000000086000000, 0x0000000086000000| Untracked 
|   5|0x0000000087000000, 0x0000000087000000, 0x0000000088000000|  0%| F|  |TAMS 0x0000000087000000, 0x0000000087000000| Untracked 
|   6|0x0000000088000000, 0x0000000088000000, 0x0000000089000000|  0%| F|  |TAMS 0x0000000088000000, 0x0000000088000000| Untracked 
|   7|0x0000000089000000, 0x0000000089000000, 0x000000008a000000|  0%| F|  |TAMS 0x0000000089000000, 0x0000000089000000| Untracked 
|   8|0x000000008a000000, 0x000000008a000000, 0x000000008b000000|  0%| F|  |TAMS 0x000000008a000000, 0x000000008a000000| Untracked 
|   9|0x000000008b000000, 0x000000008b000000, 0x000000008c000000|  0%| F|  |TAMS 0x000000008b000000, 0x000000008b000000| Untracked 
|  10|0x000000008c000000, 0x000000008c000000, 0x000000008d000000|  0%| F|  |TAMS 0x000000008c000000, 0x000000008c000000| Untracked 
|  11|0x000000008d000000, 0x000000008d000000, 0x000000008e000000|  0%| F|  |TAMS 0x000000008d000000, 0x000000008d000000| Untracked 
|  12|0x000000008e000000, 0x000000008e000000, 0x000000008f000000|  0%| F|  |TAMS 0x000000008e000000, 0x000000008e000000| Untracked 
|  13|0x000000008f000000, 0x000000008f000000, 0x0000000090000000|  0%| F|  |TAMS 0x000000008f000000, 0x000000008f000000| Untracked 
|  14|0x0000000090000000, 0x0000000090000000, 0x0000000091000000|  0%| F|  |TAMS 0x0000000090000000, 0x0000000090000000| Untracked 
|  15|0x0000000091000000, 0x0000000091000000, 0x0000000092000000|  0%| F|  |TAMS 0x0000000091000000, 0x0000000091000000| Untracked 
|  16|0x0000000092000000, 0x0000000092000000, 0x0000000093000000|  0%| F|  |TAMS 0x0000000092000000, 0x0000000092000000| Untracked 
|  17|0x0000000093000000, 0x0000000093000000, 0x0000000094000000|  0%| F|  |TAMS 0x0000000093000000, 0x0000000093000000| Untracked 
|  18|0x0000000094000000, 0x0000000094000000, 0x0000000095000000|  0%| F|  |TAMS 0x0000000094000000, 0x0000000094000000| Untracked 
|  19|0x0000000095000000, 0x0000000095000000, 0x0000000096000000|  0%| F|  |TAMS 0x0000000095000000, 0x0000000095000000| Untracked 
|  20|0x0000000096000000, 0x0000000096000000, 0x0000000097000000|  0%| F|  |TAMS 0x0000000096000000, 0x0000000096000000| Untracked 
|  21|0x0000000097000000, 0x0000000097000000, 0x0000000098000000|  0%| F|  |TAMS 0x0000000097000000, 0x0000000097000000| Untracked 
|  22|0x0000000098000000, 0x0000000098000000, 0x0000000099000000|  0%| F|  |TAMS 0x0000000098000000, 0x0000000098000000| Untracked 
|  23|0x0000000099000000, 0x0000000099000000, 0x000000009a000000|  0%| F|  |TAMS 0x0000000099000000, 0x0000000099000000| Untracked 
|  24|0x000000009a000000, 0x000000009a000000, 0x000000009b000000|  0%| F|  |TAMS 0x000000009a000000, 0x000000009a000000| Untracked 
|  25|0x000000009b000000, 0x000000009b000000, 0x000000009c000000|  0%| F|  |TAMS 0x000000009b000000, 0x000000009b000000| Untracked 
|  26|0x000000009c000000, 0x000000009c000000, 0x000000009d000000|  0%| F|  |TAMS 0x000000009c000000, 0x000000009c000000| Untracked 
|  27|0x000000009d000000, 0x000000009d000000, 0x000000009e000000|  0%| F|  |TAMS 0x000000009d000000, 0x000000009d000000| Untracked 
|  28|0x000000009e000000, 0x000000009e000000, 0x000000009f000000|  0%| F|  |TAMS 0x000000009e000000, 0x000000009e000000| Untracked 
|  29|0x000000009f000000, 0x000000009f000000, 0x00000000a0000000|  0%| F|  |TAMS 0x000000009f000000, 0x000000009f000000| Untracked 
|  30|0x00000000a0000000, 0x00000000a0000000, 0x00000000a1000000|  0%| F|  |TAMS 0x00000000a0000000, 0x00000000a0000000| Untracked 
|  31|0x00000000a1000000, 0x00000000a1000000, 0x00000000a2000000|  0%| F|  |TAMS 0x00000000a1000000, 0x00000000a1000000| Untracked 
|  32|0x00000000a2000000, 0x00000000a2000000, 0x00000000a3000000|  0%| F|  |TAMS 0x00000000a2000000, 0x00000000a2000000| Untracked 
|  33|0x00000000a3000000, 0x00000000a3000000, 0x00000000a4000000|  0%| F|  |TAMS 0x00000000a3000000, 0x00000000a3000000| Untracked 
|  34|0x00000000a4000000, 0x00000000a4000000, 0x00000000a5000000|  0%| F|  |TAMS 0x00000000a4000000, 0x00000000a4000000| Untracked 
|  35|0x00000000a5000000, 0x00000000a5000000, 0x00000000a6000000|  0%| F|  |TAMS 0x00000000a5000000, 0x00000000a5000000| Untracked 
|  36|0x00000000a6000000, 0x00000000a6000000, 0x00000000a7000000|  0%| F|  |TAMS 0x00000000a6000000, 0x00000000a6000000| Untracked 
|  37|0x00000000a7000000, 0x00000000a7000000, 0x00000000a8000000|  0%| F|  |TAMS 0x00000000a7000000, 0x00000000a7000000| Untracked 
|  38|0x00000000a8000000, 0x00000000a8000000, 0x00000000a9000000|  0%| F|  |TAMS 0x00000000a8000000, 0x00000000a8000000| Untracked 
|  39|0x00000000a9000000, 0x00000000a9000000, 0x00000000aa000000|  0%| F|  |TAMS 0x00000000a9000000, 0x00000000a9000000| Untracked 
|  40|0x00000000aa000000, 0x00000000aa000000, 0x00000000ab000000|  0%| F|  |TAMS 0x00000000aa000000, 0x00000000aa000000| Untracked 
|  41|0x00000000ab000000, 0x00000000ab000000, 0x00000000ac000000|  0%| F|  |TAMS 0x00000000ab000000, 0x00000000ab000000| Untracked 
|  42|0x00000000ac000000, 0x00000000ac000000, 0x00000000ad000000|  0%| F|  |TAMS 0x00000000ac000000, 0x00000000ac000000| Untracked 
|  43|0x00000000ad000000, 0x00000000ad000000, 0x00000000ae000000|  0%| F|  |TAMS 0x00000000ad000000, 0x00000000ad000000| Untracked 
|  44|0x00000000ae000000, 0x00000000ae000000, 0x00000000af000000|  0%| F|  |TAMS 0x00000000ae000000, 0x00000000ae000000| Untracked 
|  45|0x00000000af000000, 0x00000000af000000, 0x00000000b0000000|  0%| F|  |TAMS 0x00000000af000000, 0x00000000af000000| Untracked 
|  46|0x00000000b0000000, 0x00000000b0000000, 0x00000000b1000000|  0%| F|  |TAMS 0x00000000b0000000, 0x00000000b0000000| Untracked 
|  47|0x00000000b1000000, 0x00000000b1000000, 0x00000000b2000000|  0%| F|  |TAMS 0x00000000b1000000, 0x00000000b1000000| Untracked 
|  48|0x00000000b2000000, 0x00000000b2000000, 0x00000000b3000000|  0%| F|  |TAMS 0x00000000b2000000, 0x00000000b2000000| Untracked 
|  49|0x00000000b3000000, 0x00000000b3000000, 0x00000000b4000000|  0%| F|  |TAMS 0x00000000b3000000, 0x00000000b3000000| Untracked 
|  50|0x00000000b4000000, 0x00000000b4000000, 0x00000000b5000000|  0%| F|  |TAMS 0x00000000b4000000, 0x00000000b4000000| Untracked 
|  51|0x00000000b5000000, 0x00000000b5000000, 0x00000000b6000000|  0%| F|  |TAMS 0x00000000b5000000, 0x00000000b5000000| Untracked 
|  52|0x00000000b6000000, 0x00000000b6000000, 0x00000000b7000000|  0%| F|  |TAMS 0x00000000b6000000, 0x00000000b6000000| Untracked 
|  53|0x00000000b7000000, 0x00000000b7000000, 0x00000000b8000000|  0%| F|  |TAMS 0x00000000b7000000, 0x00000000b7000000| Untracked 
|  54|0x00000000b8000000, 0x00000000b8000000, 0x00000000b9000000|  0%| F|  |TAMS 0x00000000b8000000, 0x00000000b8000000| Untracked 
|  55|0x00000000b9000000, 0x00000000b9000000, 0x00000000ba000000|  0%| F|  |TAMS 0x00000000b9000000, 0x00000000b9000000| Untracked 
|  56|0x00000000ba000000, 0x00000000ba000000, 0x00000000bb000000|  0%| F|  |TAMS 0x00000000ba000000, 0x00000000ba000000| Untracked 
|  57|0x00000000bb000000, 0x00000000bb000000, 0x00000000bc000000|  0%| F|  |TAMS 0x00000000bb000000, 0x00000000bb000000| Untracked 
|  58|0x00000000bc000000, 0x00000000bc000000, 0x00000000bd000000|  0%| F|  |TAMS 0x00000000bc000000, 0x00000000bc000000| Untracked 
|  59|0x00000000bd000000, 0x00000000bd000000, 0x00000000be000000|  0%| F|  |TAMS 0x00000000bd000000, 0x00000000bd000000| Untracked 
|  60|0x00000000be000000, 0x00000000be000000, 0x00000000bf000000|  0%| F|  |TAMS 0x00000000be000000, 0x00000000be000000| Untracked 
|  61|0x00000000bf000000, 0x00000000bf000000, 0x00000000c0000000|  0%| F|  |TAMS 0x00000000bf000000, 0x00000000bf000000| Untracked 
|  62|0x00000000c0000000, 0x00000000c0000000, 0x00000000c1000000|  0%| F|  |TAMS 0x00000000c0000000, 0x00000000c0000000| Untracked 
|  63|0x00000000c1000000, 0x00000000c1000000, 0x00000000c2000000|  0%| F|  |TAMS 0x00000000c1000000, 0x00000000c1000000| Untracked 
|  64|0x00000000c2000000, 0x00000000c2000000, 0x00000000c3000000|  0%| F|  |TAMS 0x00000000c2000000, 0x00000000c2000000| Untracked 
|  65|0x00000000c3000000, 0x00000000c3000000, 0x00000000c4000000|  0%| F|  |TAMS 0x00000000c3000000, 0x00000000c3000000| Untracked 
|  66|0x00000000c4000000, 0x00000000c4000000, 0x00000000c5000000|  0%| F|  |TAMS 0x00000000c4000000, 0x00000000c4000000| Untracked 
|  67|0x00000000c5000000, 0x00000000c5000000, 0x00000000c6000000|  0%| F|  |TAMS 0x00000000c5000000, 0x00000000c5000000| Untracked 
|  68|0x00000000c6000000, 0x00000000c6000000, 0x00000000c7000000|  0%| F|  |TAMS 0x00000000c6000000, 0x00000000c6000000| Untracked 
|  69|0x00000000c7000000, 0x00000000c7000000, 0x00000000c8000000|  0%| F|  |TAMS 0x00000000c7000000, 0x00000000c7000000| Untracked 
|  70|0x00000000c8000000, 0x00000000c8000000, 0x00000000c9000000|  0%| F|  |TAMS 0x00000000c8000000, 0x00000000c8000000| Untracked 
|  71|0x00000000c9000000, 0x00000000c9000000, 0x00000000ca000000|  0%| F|  |TAMS 0x00000000c9000000, 0x00000000c9000000| Untracked 
|  72|0x00000000ca000000, 0x00000000ca000000, 0x00000000cb000000|  0%| F|  |TAMS 0x00000000ca000000, 0x00000000ca000000| Untracked 
|  73|0x00000000cb000000, 0x00000000cb000000, 0x00000000cc000000|  0%| F|  |TAMS 0x00000000cb000000, 0x00000000cb000000| Untracked 
|  74|0x00000000cc000000, 0x00000000cc000000, 0x00000000cd000000|  0%| F|  |TAMS 0x00000000cc000000, 0x00000000cc000000| Untracked 
|  75|0x00000000cd000000, 0x00000000cd000000, 0x00000000ce000000|  0%| F|  |TAMS 0x00000000cd000000, 0x00000000cd000000| Untracked 
|  76|0x00000000ce000000, 0x00000000ce000000, 0x00000000cf000000|  0%| F|  |TAMS 0x00000000ce000000, 0x00000000ce000000| Untracked 
|  77|0x00000000cf000000, 0x00000000cf000000, 0x00000000d0000000|  0%| F|  |TAMS 0x00000000cf000000, 0x00000000cf000000| Untracked 
|  78|0x00000000d0000000, 0x00000000d0000000, 0x00000000d1000000|  0%| F|  |TAMS 0x00000000d0000000, 0x00000000d0000000| Untracked 
|  79|0x00000000d1000000, 0x00000000d1000000, 0x00000000d2000000|  0%| F|  |TAMS 0x00000000d1000000, 0x00000000d1000000| Untracked 
|  80|0x00000000d2000000, 0x00000000d2000000, 0x00000000d3000000|  0%| F|  |TAMS 0x00000000d2000000, 0x00000000d2000000| Untracked 
|  81|0x00000000d3000000, 0x00000000d3000000, 0x00000000d4000000|  0%| F|  |TAMS 0x00000000d3000000, 0x00000000d3000000| Untracked 
|  82|0x00000000d4000000, 0x00000000d4000000, 0x00000000d5000000|  0%| F|  |TAMS 0x00000000d4000000, 0x00000000d4000000| Untracked 
|  83|0x00000000d5000000, 0x00000000d5000000, 0x00000000d6000000|  0%| F|  |TAMS 0x00000000d5000000, 0x00000000d5000000| Untracked 
|  84|0x00000000d6000000, 0x00000000d6000000, 0x00000000d7000000|  0%| F|  |TAMS 0x00000000d6000000, 0x00000000d6000000| Untracked 
|  85|0x00000000d7000000, 0x00000000d7000000, 0x00000000d8000000|  0%| F|  |TAMS 0x00000000d7000000, 0x00000000d7000000| Untracked 
|  86|0x00000000d8000000, 0x00000000d8000000, 0x00000000d9000000|  0%| F|  |TAMS 0x00000000d8000000, 0x00000000d8000000| Untracked 
|  87|0x00000000d9000000, 0x00000000d9000000, 0x00000000da000000|  0%| F|  |TAMS 0x00000000d9000000, 0x00000000d9000000| Untracked 
|  88|0x00000000da000000, 0x00000000da000000, 0x00000000db000000|  0%| F|  |TAMS 0x00000000da000000, 0x00000000da000000| Untracked 
|  89|0x00000000db000000, 0x00000000db000000, 0x00000000dc000000|  0%| F|  |TAMS 0x00000000db000000, 0x00000000db000000| Untracked 
|  90|0x00000000dc000000, 0x00000000dc000000, 0x00000000dd000000|  0%| F|  |TAMS 0x00000000dc000000, 0x00000000dc000000| Untracked 
|  91|0x00000000dd000000, 0x00000000dd000000, 0x00000000de000000|  0%| F|  |TAMS 0x00000000dd000000, 0x00000000dd000000| Untracked 
|  92|0x00000000de000000, 0x00000000de000000, 0x00000000df000000|  0%| F|  |TAMS 0x00000000de000000, 0x00000000de000000| Untracked 
|  93|0x00000000df000000, 0x00000000df000000, 0x00000000e0000000|  0%| F|  |TAMS 0x00000000df000000, 0x00000000df000000| Untracked 
|  94|0x00000000e0000000, 0x00000000e0000000, 0x00000000e1000000|  0%| F|  |TAMS 0x00000000e0000000, 0x00000000e0000000| Untracked 
|  95|0x00000000e1000000, 0x00000000e1000000, 0x00000000e2000000|  0%| F|  |TAMS 0x00000000e1000000, 0x00000000e1000000| Untracked 
|  96|0x00000000e2000000, 0x00000000e2000000, 0x00000000e3000000|  0%| F|  |TAMS 0x00000000e2000000, 0x00000000e2000000| Untracked 
|  97|0x00000000e3000000, 0x00000000e3000000, 0x00000000e4000000|  0%| F|  |TAMS 0x00000000e3000000, 0x00000000e3000000| Untracked 
|  98|0x00000000e4000000, 0x00000000e4000000, 0x00000000e5000000|  0%| F|  |TAMS 0x00000000e4000000, 0x00000000e4000000| Untracked 
|  99|0x00000000e5000000, 0x00000000e5000000, 0x00000000e6000000|  0%| F|  |TAMS 0x00000000e5000000, 0x00000000e5000000| Untracked 
| 100|0x00000000e6000000, 0x00000000e6000000, 0x00000000e7000000|  0%| F|  |TAMS 0x00000000e6000000, 0x00000000e6000000| Untracked 
| 101|0x00000000e7000000, 0x00000000e7000000, 0x00000000e8000000|  0%| F|  |TAMS 0x00000000e7000000, 0x00000000e7000000| Untracked 
| 102|0x00000000e8000000, 0x00000000e8000000, 0x00000000e9000000|  0%| F|  |TAMS 0x00000000e8000000, 0x00000000e8000000| Untracked 
| 103|0x00000000e9000000, 0x00000000e9000000, 0x00000000ea000000|  0%| F|  |TAMS 0x00000000e9000000, 0x00000000e9000000| Untracked 
| 104|0x00000000ea000000, 0x00000000ea000000, 0x00000000eb000000|  0%| F|  |TAMS 0x00000000ea000000, 0x00000000ea000000| Untracked 
| 105|0x00000000eb000000, 0x00000000eb000000, 0x00000000ec000000|  0%| F|  |TAMS 0x00000000eb000000, 0x00000000eb000000| Untracked 
| 106|0x00000000ec000000, 0x00000000ec000000, 0x00000000ed000000|  0%| F|  |TAMS 0x00000000ec000000, 0x00000000ec000000| Untracked 
| 107|0x00000000ed000000, 0x00000000ed000000, 0x00000000ee000000|  0%| F|  |TAMS 0x00000000ed000000, 0x00000000ed000000| Untracked 
| 108|0x00000000ee000000, 0x00000000ee000000, 0x00000000ef000000|  0%| F|  |TAMS 0x00000000ee000000, 0x00000000ee000000| Untracked 
| 109|0x00000000ef000000, 0x00000000ef000000, 0x00000000f0000000|  0%| F|  |TAMS 0x00000000ef000000, 0x00000000ef000000| Untracked 
| 110|0x00000000f0000000, 0x00000000f0000000, 0x00000000f1000000|  0%| F|  |TAMS 0x00000000f0000000, 0x00000000f0000000| Untracked 
| 111|0x00000000f1000000, 0x00000000f1000000, 0x00000000f2000000|  0%| F|  |TAMS 0x00000000f1000000, 0x00000000f1000000| Untracked 
| 112|0x00000000f2000000, 0x00000000f2000000, 0x00000000f3000000|  0%| F|  |TAMS 0x00000000f2000000, 0x00000000f2000000| Untracked 
| 113|0x00000000f3000000, 0x00000000f3000000, 0x00000000f4000000|  0%| F|  |TAMS 0x00000000f3000000, 0x00000000f3000000| Untracked 
| 114|0x00000000f4000000, 0x00000000f4000000, 0x00000000f5000000|  0%| F|  |TAMS 0x00000000f4000000, 0x00000000f4000000| Untracked 
| 115|0x00000000f5000000, 0x00000000f5059bb0, 0x00000000f6000000|  2%| S|CS|TAMS 0x00000000f5000000, 0x00000000f5000000| Complete 
| 116|0x00000000f6000000, 0x00000000f6000000, 0x00000000f7000000|  0%| F|  |TAMS 0x00000000f6000000, 0x00000000f6000000| Untracked 
| 117|0x00000000f7000000, 0x00000000f7000000, 0x00000000f8000000|  0%| F|  |TAMS 0x00000000f7000000, 0x00000000f7000000| Untracked 
| 118|0x00000000f8000000, 0x00000000f8000000, 0x00000000f9000000|  0%| F|  |TAMS 0x00000000f8000000, 0x00000000f8000000| Untracked 
| 119|0x00000000f9000000, 0x00000000f9000000, 0x00000000fa000000|  0%| F|  |TAMS 0x00000000f9000000, 0x00000000f9000000| Untracked 
| 120|0x00000000fa000000, 0x00000000fa000000, 0x00000000fb000000|  0%| F|  |TAMS 0x00000000fa000000, 0x00000000fa000000| Untracked 
| 121|0x00000000fb000000, 0x00000000fb000000, 0x00000000fc000000|  0%| F|  |TAMS 0x00000000fb000000, 0x00000000fb000000| Untracked 
| 122|0x00000000fc000000, 0x00000000fc000000, 0x00000000fd000000|  0%| F|  |TAMS 0x00000000fc000000, 0x00000000fc000000| Untracked 
| 123|0x00000000fd000000, 0x00000000fd000000, 0x00000000fe000000|  0%| F|  |TAMS 0x00000000fd000000, 0x00000000fd000000| Untracked 
| 124|0x00000000fe000000, 0x00000000fe000000, 0x00000000ff000000|  0%| F|  |TAMS 0x00000000fe000000, 0x00000000fe000000| Untracked 
| 125|0x00000000ff000000, 0x0000000100000000, 0x0000000100000000|100%| E|  |TAMS 0x00000000ff000000, 0x00000000ff000000| Complete 
| 126|0x0000000100000000, 0x0000000101000000, 0x0000000101000000|100%| E|CS|TAMS 0x0000000100000000, 0x0000000100000000| Complete 
| 127|0x0000000101000000, 0x0000000102000000, 0x0000000102000000|100%| E|CS|TAMS 0x0000000101000000, 0x0000000101000000| Complete 
|1916|0x00000007fe000000, 0x00000007fef75000, 0x00000007ff000000| 96%|OA|  |TAMS 0x00000007fe000000, 0x00000007fe000000| Untracked 
|1917|0x00000007ff000000, 0x00000007ff078000, 0x0000000800000000|  2%|CA|  |TAMS 0x00000007ff000000, 0x00000007ff000000| Untracked 

Card table byte_map: [0x00007f062ac31000,0x00007f062e821000] _byte_map_base: 0x00007f062a821000

Marking Bits (Prev, Next): (CMBitMap*) 0x000055d8297568a0, (CMBitMap*) 0x000055d8297568e0
 Prev Bits: [0x00007f06090c1000, 0x00007f0627041000)
 Next Bits: [0x00007f05eb141000, 0x00007f06090c1000)

Polling page: 0x00007f07b228c000

Metaspace:

Usage:
  Non-class:     16.26 MB used.
      Class:      2.12 MB used.
       Both:     18.38 MB used.

Virtual space:
  Non-class space:       64.00 MB reserved,      16.44 MB ( 26%) committed,  1 nodes.
      Class space:        1.00 GB reserved,       2.19 MB ( <1%) committed,  1 nodes.
             Both:        1.06 GB reserved,      18.62 MB (  2%) committed. 

Chunk freelists:
   Non-Class:  15.11 MB
       Class:  13.82 MB
        Both:  28.93 MB

MaxMetaspaceSize: unlimited
CompressedClassSpaceSize: 1.00 GB
Initial GC threshold: 21.00 MB
Current GC threshold: 21.00 MB
CDS: on
MetaspaceReclaimPolicy: balanced
 - commit_granule_bytes: 65536.
 - commit_granule_words: 8192.
 - virtual_space_node_default_size: 8388608.
 - enlarge_chunks_in_place: 1.
 - new_chunks_are_fully_committed: 0.
 - uncommit_free_chunks: 1.
 - use_allocation_guard: 0.
 - handle_deallocations: 1.


Internal statistics:

num_allocs_failed_limit: 0.
num_arena_births: 200.
num_arena_deaths: 0.
num_vsnodes_births: 2.
num_vsnodes_deaths: 0.
num_space_committed: 298.
num_space_uncommitted: 0.
num_chunks_returned_to_freelist: 0.
num_chunks_taken_from_freelist: 720.
num_chunk_merges: 0.
num_chunk_splits: 518.
num_chunks_enlarged: 411.
num_inconsistent_stats: 0.

CodeHeap 'non-profiled nmethods': size=119168Kb used=2661Kb max_used=2661Kb free=116506Kb
 bounds [0x00007f063a183000, 0x00007f063a423000, 0x00007f06415e3000]
CodeHeap 'profiled nmethods': size=119164Kb used=4891Kb max_used=4891Kb free=114272Kb
 bounds [0x00007f06325e3000, 0x00007f0632ab3000, 0x00007f0639a42000]
CodeHeap 'non-nmethods': size=7428Kb used=1230Kb max_used=3017Kb free=6197Kb
 bounds [0x00007f0639a42000, 0x00007f0639d42000, 0x00007f063a183000]
 total_blobs=3595 nmethods=3065 adapters=443
 compilation: enabled
              stopped_count=0, restarted_count=0
 full_count=0

Compilation events (20 events):
Event: 581.180 Thread 0x000055d82a8e7b70 3059       4       org.apache.lucene.search.TermScorer::<init> (56 bytes)
Event: 581.197 Thread 0x000055d82a8e7b70 nmethod 3059 0x00007f063a41a290 code [0x00007f063a41a480, 0x00007f063a41b278]
Event: 601.876 Thread 0x000055d82a8e8ba0 3060       1       java.util.concurrent.locks.AbstractQueuedSynchronizer::setState (6 bytes)
Event: 601.877 Thread 0x000055d82a8e8ba0 nmethod 3060 0x00007f063a41b610 code [0x00007f063a41b7a0, 0x00007f063a41b870]
Event: 601.878 Thread 0x000055d82a8e8ba0 3061       1       java.util.Formatter$Flags::valueOf (5 bytes)
Event: 601.878 Thread 0x000055d82a8e8ba0 nmethod 3061 0x00007f063a41b910 code [0x00007f063a41baa0, 0x00007f063a41bb70]
Event: 601.878 Thread 0x000055d82a8e8ba0 3063       1       javax.management.ObjectName$Property::setKeyIndex (6 bytes)
Event: 601.878 Thread 0x000055d82a8e8ba0 nmethod 3063 0x00007f063a41bc10 code [0x00007f063a41bda0, 0x00007f063a41be70]
Event: 601.878 Thread 0x000055d82a8e8ba0 3064       3       javax.management.ObjectName::getDomainLength (9 bytes)
Event: 601.879 Thread 0x000055d82a8e8ba0 nmethod 3064 0x00007f0632aa6910 code [0x00007f0632aa6aa0, 0x00007f0632aa6bb0]
Event: 601.879 Thread 0x000055d82a8e8ba0 3062       1       java.util.concurrent.locks.AbstractOwnableSynchronizer::getExclusiveOwnerThread (5 bytes)
Event: 601.879 Thread 0x000055d82a8e8ba0 nmethod 3062 0x00007f063a41bf10 code [0x00007f063a41c0a0, 0x00007f063a41c170]
Event: 601.880 Thread 0x000055d82a8e8ba0 3065       3       java.lang.ref.ReferenceQueue::reallyPoll (65 bytes)
Event: 601.881 Thread 0x000055d82a8e8ba0 nmethod 3065 0x00007f0632aa6c10 code [0x00007f0632aa6de0, 0x00007f0632aa7310]
Event: 601.881 Thread 0x000055d82a8e8ba0 3066   !   3       java.lang.invoke.MethodHandleNatives::linkMethodHandleConstant (50 bytes)
Event: 601.882 Thread 0x000055d82a8e8ba0 nmethod 3066 0x00007f0632aa7410 code [0x00007f0632aa75e0, 0x00007f0632aa77c0]
Event: 601.882 Thread 0x000055d82a8e8ba0 3067       3       java.lang.invoke.MethodHandles$Lookup::linkMethodHandleConstant (223 bytes)
Event: 601.887 Thread 0x000055d82a8e8ba0 nmethod 3067 0x00007f0632aa7910 code [0x00007f0632aa7ce0, 0x00007f0632aa9520]
Event: 601.905 Thread 0x000055d82a8e8ba0 3069       3       org.apache.logging.log4j.util.PropertiesUtil::getProperties (4 bytes)
Event: 601.908 Thread 0x000055d82a8e8ba0 nmethod 3069 0x00007f0632aa9c90 code [0x00007f0632aa9e20, 0x00007f0632aa9f10]

GC Heap History (8 events):
Event: 147.277 GC heap before
{Heap before GC invocations=0 (full 0):
 garbage-first heap   total 2129920K, used 114612K [0x0000000082000000, 0x0000000800000000)
  region size 16384K, 6 young (98304K), 0 survivors (0K)
 Metaspace       used 18573K, committed 18752K, reserved 1114112K
  class space    used 2166K, committed 2240K, reserved 1048576K
}
Event: 147.281 GC heap after
{Heap after GC invocations=1 (full 0):
 garbage-first heap   total 2129920K, used 25227K [0x0000000082000000, 0x0000000800000000)
  region size 16384K, 1 young (16384K), 1 survivors (16384K)
 Metaspace       used 18573K, committed 18752K, reserved 1114112K
  class space    used 2166K, committed 2240K, reserved 1048576K
}
Event: 257.508 GC heap before
{Heap before GC invocations=1 (full 0):
 garbage-first heap   total 2129920K, used 107147K [0x0000000082000000, 0x0000000800000000)
  region size 16384K, 6 young (98304K), 1 survivors (16384K)
 Metaspace       used 18663K, committed 18880K, reserved 1114112K
  class space    used 2167K, committed 2240K, reserved 1048576K
}
Event: 257.563 GC heap after
{Heap after GC invocations=2 (full 0):
 garbage-first heap   total 2129920K, used 25550K [0x0000000082000000, 0x0000000800000000)
  region size 16384K, 1 young (16384K), 1 survivors (16384K)
 Metaspace       used 18663K, committed 18880K, reserved 1114112K
  class space    used 2167K, committed 2240K, reserved 1048576K
}
Event: 377.090 GC heap before
{Heap before GC invocations=2 (full 0):
 garbage-first heap   total 2129920K, used 123854K [0x0000000082000000, 0x0000000800000000)
  region size 16384K, 7 young (114688K), 1 survivors (16384K)
 Metaspace       used 18720K, committed 18944K, reserved 1114112K
  class space    used 2167K, committed 2240K, reserved 1048576K
}
Event: 377.097 GC heap after
{Heap after GC invocations=3 (full 0):
 garbage-first heap   total 2129920K, used 25706K [0x0000000082000000, 0x0000000800000000)
  region size 16384K, 1 young (16384K), 1 survivors (16384K)
 Metaspace       used 18720K, committed 18944K, reserved 1114112K
  class space    used 2167K, committed 2240K, reserved 1048576K
}
Event: 581.145 GC heap before
{Heap before GC invocations=3 (full 0):
 garbage-first heap   total 2129920K, used 205930K [0x0000000082000000, 0x0000000800000000)
  region size 16384K, 12 young (196608K), 1 survivors (16384K)
 Metaspace       used 18793K, committed 18944K, reserved 1114112K
  class space    used 2167K, committed 2240K, reserved 1048576K
}
Event: 581.148 GC heap after
{Heap after GC invocations=4 (full 0):
 garbage-first heap   total 2129920K, used 25324K [0x0000000082000000, 0x0000000800000000)
  region size 16384K, 1 young (16384K), 1 survivors (16384K)
 Metaspace       used 18793K, committed 18944K, reserved 1114112K
  class space    used 2167K, committed 2240K, reserved 1048576K
}

Dll operation events (8 events):
Event: 0.006 Loaded shared library /usr/lib/jvm/java-17-openjdk-amd64/lib/libjava.so
Event: 0.019 Loaded shared library /usr/lib/jvm/java-17-openjdk-amd64/lib/libjsvml.so
Event: 0.079 Loaded shared library /usr/lib/jvm/java-17-openjdk-amd64/lib/libnio.so
Event: 0.094 Loaded shared library /usr/lib/jvm/java-17-openjdk-amd64/lib/libzip.so
Event: 0.190 Loaded shared library /usr/lib/jvm/java-17-openjdk-amd64/lib/libjimage.so
Event: 0.250 Loaded shared library /usr/lib/jvm/java-17-openjdk-amd64/lib/libmanagement.so
Event: 0.253 Loaded shared library /usr/lib/jvm/java-17-openjdk-amd64/lib/libmanagement_ext.so
Event: 0.429 Loaded shared library /usr/lib/jvm/java-17-openjdk-amd64/lib/libnet.so

Deoptimization events (20 events):
Event: 443.458 Thread 0x000055d8286c3e60 Uncommon trap: trap_request=0xffffff45 fr.pc=0x00007f063a37279c relative=0x0000000000000b9c
Event: 443.458 Thread 0x000055d8286c3e60 Uncommon trap: reason=unstable_if action=reinterpret pc=0x00007f063a37279c method=org.apache.lucene.search.MultiLeafFieldComparator.compareBottom(I)I @ 17 c2
Event: 443.458 Thread 0x000055d8286c3e60 DEOPT PACKING pc=0x00007f063a37279c sp=0x00007fff9e798080
Event: 443.458 Thread 0x000055d8286c3e60 DEOPT UNPACKING pc=0x00007f0639a9bb19 sp=0x00007fff9e798020 mode 2
Event: 445.200 Thread 0x000055d8286c3e60 DEOPT PACKING pc=0x00007f0632a061a8 sp=0x00007fff9e797b90
Event: 445.201 Thread 0x000055d8286c3e60 DEOPT UNPACKING pc=0x00007f0639a9c64f sp=0x00007fff9e797078 mode 0
Event: 478.724 Thread 0x000055d8286c3e60 DEOPT PACKING pc=0x00007f0632a1e2bd sp=0x00007fff9e7980a0
Event: 478.724 Thread 0x000055d8286c3e60 DEOPT UNPACKING pc=0x00007f0639a9c64f sp=0x00007fff9e797538 mode 0
Event: 513.300 Thread 0x000055d8286c3e60 Uncommon trap: trap_request=0xffffff5c fr.pc=0x00007f063a408804 relative=0x0000000000000064
Event: 513.300 Thread 0x000055d8286c3e60 Uncommon trap: reason=speculate_null_check action=make_not_entrant pc=0x00007f063a408804 method=jdk.internal.misc.Unsafe.getIntUnaligned(Ljava/lang/Object;JZ)I @ 5 c2
Event: 513.300 Thread 0x000055d8286c3e60 DEOPT PACKING pc=0x00007f063a408804 sp=0x00007fff9e797d90
Event: 513.300 Thread 0x000055d8286c3e60 DEOPT UNPACKING pc=0x00007f0639a9bb19 sp=0x00007fff9e797d30 mode 2
Event: 543.860 Thread 0x000055d8286c3e60 Uncommon trap: trap_request=0xffffff45 fr.pc=0x00007f063a392f84 relative=0x0000000000000ee4
Event: 543.860 Thread 0x000055d8286c3e60 Uncommon trap: reason=unstable_if action=reinterpret pc=0x00007f063a392f84 method=org.apache.lucene.codecs.lucene90.blocktree.SegmentTermsEnumFrame.scanToTermLeaf(Lorg/apache/lucene/util/BytesRef;Z)Lorg/apache/lucene/index/TermsEnum$SeekStatus; @ 226 c2
Event: 543.860 Thread 0x000055d8286c3e60 DEOPT PACKING pc=0x00007f063a392f84 sp=0x00007fff9e798030
Event: 543.860 Thread 0x000055d8286c3e60 DEOPT UNPACKING pc=0x00007f0639a9bb19 sp=0x00007fff9e798008 mode 2
Event: 601.870 Thread 0x00007f054800d3c0 Uncommon trap: trap_request=0xffffff45 fr.pc=0x00007f063a1f5e18 relative=0x00000000000000f8
Event: 601.870 Thread 0x00007f054800d3c0 Uncommon trap: reason=unstable_if action=reinterpret pc=0x00007f063a1f5e18 method=java.lang.ref.SoftReference.get()Ljava/lang/Object; @ 17 c2
Event: 601.870 Thread 0x00007f054800d3c0 DEOPT PACKING pc=0x00007f063a1f5e18 sp=0x00007f058ebfd8b0
Event: 601.870 Thread 0x00007f054800d3c0 DEOPT UNPACKING pc=0x00007f0639a9bb19 sp=0x00007f058ebfd868 mode 2

Classes loaded (20 events):
Event: 115.274 Loading class java/util/stream/ReduceOps$8ReducingSink
Event: 115.274 Loading class java/util/stream/ReduceOps$8ReducingSink done
Event: 115.278 Loading class java/nio/DirectLongBufferRU
Event: 115.278 Loading class java/nio/DirectLongBufferRU done
Event: 115.279 Loading class java/util/AbstractList$RandomAccessSubList
Event: 115.279 Loading class java/util/AbstractList$SubList
Event: 115.279 Loading class java/util/AbstractList$SubList done
Event: 115.279 Loading class java/util/AbstractList$RandomAccessSubList done
Event: 115.279 Loading class java/util/AbstractList$SubList$1
Event: 115.279 Loading class java/util/AbstractList$SubList$1 done
Event: 115.279 Loading class java/util/AbstractList$ListItr
Event: 115.279 Loading class java/util/AbstractList$Itr
Event: 115.279 Loading class java/util/AbstractList$Itr done
Event: 115.279 Loading class java/util/AbstractList$ListItr done
Event: 148.821 Loading class java/util/WeakHashMap$KeyIterator
Event: 148.821 Loading class java/util/WeakHashMap$HashIterator
Event: 148.821 Loading class java/util/WeakHashMap$HashIterator done
Event: 148.821 Loading class java/util/WeakHashMap$KeyIterator done
Event: 601.861 Loading class jdk/internal/misc/Signal$1
Event: 601.862 Loading class jdk/internal/misc/Signal$1 done

Classes unloaded (0 events):
No events

Classes redefined (0 events):
No events

Internal exceptions (20 events):
Event: 0.449 Thread 0x000055d8286c3e60 Exception <a 'java/lang/NoSuchMethodError'{0x000000010093ffc8}: 'java.lang.Object java.lang.invoke.DirectMethodHandle$Holder.newInvokeSpecial(java.lang.Object, java.lang.Object, java.lang.Object, java.lang.Object, java.lang.Object)'> (0x000000010093ffc8) 
thrown [./src/hotspot/share/interpreter/linkResolver.cpp, line 758]
Event: 0.488 Thread 0x000055d8286c3e60 Exception <a 'java/lang/NoSuchMethodError'{0x0000000100c14188}: 'int java.lang.invoke.DirectMethodHandle$Holder.invokeStaticInit(java.lang.Object, java.lang.Object, java.lang.Object)'> (0x0000000100c14188) 
thrown [./src/hotspot/share/interpreter/linkResolver.cpp, line 758]
Event: 0.513 Thread 0x000055d8286c3e60 Exception <a 'java/lang/NoSuchMethodError'{0x0000000100cf7630}: 'int java.lang.invoke.DirectMethodHandle$Holder.invokeInterface(java.lang.Object, java.lang.Object)'> (0x0000000100cf7630) 
thrown [./src/hotspot/share/interpreter/linkResolver.cpp, line 758]
Event: 0.513 Thread 0x000055d8286c3e60 Exception <a 'java/lang/IncompatibleClassChangeError'{0x0000000100cfab18}: Found class java.lang.Object, but interface was expected> (0x0000000100cfab18) 
thrown [./src/hotspot/share/interpreter/linkResolver.cpp, line 826]
Event: 0.514 Thread 0x000055d8286c3e60 Exception <a 'java/lang/NoSuchMethodError'{0x0000000100d00550}: 'void java.lang.invoke.DirectMethodHandle$Holder.invokeStatic(java.lang.Object, java.lang.Object)'> (0x0000000100d00550) 
thrown [./src/hotspot/share/interpreter/linkResolver.cpp, line 758]
Event: 0.889 Thread 0x000055d8286c3e60 Exception <a 'java/lang/NoSuchMethodError'{0x00000000ffef4268}: 'void java.lang.invoke.DirectMethodHandle$Holder.invokeSpecial(java.lang.Object, java.lang.Object, java.lang.Object)'> (0x00000000ffef4268) 
thrown [./src/hotspot/share/interpreter/linkResolver.cpp, line 758]
Event: 0.900 Thread 0x000055d8286c3e60 Exception <a 'java/lang/NoSuchMethodError'{0x00000000fffa8520}: 'java.lang.Object java.lang.invoke.Invokers$Holder.invoke_MT(java.lang.Object, java.lang.Object, java.lang.Object)'> (0x00000000fffa8520) 
thrown [./src/hotspot/share/interpreter/linkResolver.cpp, line 758]
Event: 0.921 Thread 0x000055d8286c3e60 Exception <a 'java/lang/NoSuchMethodError'{0x00000000fe1c7f90}: 'void java.lang.invoke.DirectMethodHandle$Holder.invokeInterface(java.lang.Object, java.lang.Object, int)'> (0x00000000fe1c7f90) 
thrown [./src/hotspot/share/interpreter/linkResolver.cpp, line 758]
Event: 0.922 Thread 0x000055d8286c3e60 Exception <a 'java/lang/IncompatibleClassChangeError'{0x00000000fe1cb888}: Found class java.lang.Object, but interface was expected> (0x00000000fe1cb888) 
thrown [./src/hotspot/share/interpreter/linkResolver.cpp, line 826]
Event: 0.943 Thread 0x000055d8286c3e60 Exception <a 'java/lang/NoSuchMethodError'{0x00000000fe3de958}: 'void java.lang.invoke.Invokers$Holder.invokeExact_MT(java.lang.Object, java.lang.Object, java.lang.Object)'> (0x00000000fe3de958) 
thrown [./src/hotspot/share/interpreter/linkResolver.cpp, line 758]
Event: 0.954 Thread 0x000055d8286c3e60 Exception <a 'java/lang/NoSuchMethodError'{0x00000000fe4757f0}: 'long java.lang.invoke.DirectMethodHandle$Holder.invokeStatic(java.lang.Object)'> (0x00000000fe4757f0) 
thrown [./src/hotspot/share/interpreter/linkResolver.cpp, line 758]
Event: 0.955 Thread 0x000055d8286c3e60 Exception <a 'java/lang/NoSuchMethodError'{0x00000000fe478bf0}: 'long java.lang.invoke.DirectMethodHandle$Holder.invokeStaticInit(java.lang.Object)'> (0x00000000fe478bf0) 
thrown [./src/hotspot/share/interpreter/linkResolver.cpp, line 758]
Event: 0.958 Thread 0x000055d8286c3e60 Exception <a 'java/lang/NoSuchMethodError'{0x00000000fe4a3968}: 'java.lang.Object java.lang.invoke.DirectMethodHandle$Holder.invokeStatic(java.lang.Object, java.lang.Object, int)'> (0x00000000fe4a3968) 
thrown [./src/hotspot/share/interpreter/linkResolver.cpp, line 758]
Event: 0.958 Thread 0x000055d8286c3e60 Exception <a 'java/lang/NoSuchMethodError'{0x00000000fe4af620}: 'void java.lang.invoke.DelegatingMethodHandle$Holder.delegate(java.lang.Object, java.lang.Object, int, java.lang.Object)'> (0x00000000fe4af620) 
thrown [./src/hotspot/share/interpreter/linkResolver.cpp, line 758]
Event: 0.961 Thread 0x000055d8286c3e60 Exception <a 'java/lang/NoSuchMethodError'{0x00000000fe4d2e98}: 'void java.lang.invoke.DirectMethodHandle$Holder.invokeStaticInit(java.lang.Object, java.lang.Object)'> (0x00000000fe4d2e98) 
thrown [./src/hotspot/share/interpreter/linkResolver.cpp, line 758]
Event: 115.212 Thread 0x000055d8286c3e60 Exception <a 'java/lang/NoSuchMethodError'{0x00000000feb2ede0}: 'long java.lang.invoke.DirectMethodHandle$Holder.invokeStatic(java.lang.Object, java.lang.Object)'> (0x00000000feb2ede0) 
thrown [./src/hotspot/share/interpreter/linkResolver.cpp, line 758]
Event: 115.222 Thread 0x000055d8286c3e60 Exception <a 'java/lang/NoSuchMethodError'{0x00000000febc8a70}: 'int java.lang.invoke.DirectMethodHandle$Holder.invokeStaticInit(java.lang.Object, java.lang.Object)'> (0x00000000febc8a70) 
thrown [./src/hotspot/share/interpreter/linkResolver.cpp, line 758]
Event: 115.223 Thread 0x000055d8286c3e60 Exception <a 'java/lang/NoSuchMethodError'{0x00000000febdaf70}: 'int java.lang.invoke.DirectMethodHandle$Holder.invokeSpecialIFC(java.lang.Object, java.lang.Object, java.lang.Object, java.lang.Object, java.lang.Object)'> (0x00000000febdaf70) 
thrown [./src/hotspot/share/interpreter/linkResolver.cpp, line 758]
Event: 115.271 Thread 0x000055d8286c3e60 Exception <a 'java/lang/NoSuchMethodError'{0x00000000fd9878e8}: 'long java.lang.invoke.DirectMethodHandle$Holder.invokeVirtual(java.lang.Object, java.lang.Object)'> (0x00000000fd9878e8) 
thrown [./src/hotspot/share/interpreter/linkResolver.cpp, line 758]
Event: 115.273 Thread 0x000055d8286c3e60 Exception <a 'java/lang/NoSuchMethodError'{0x00000000fd9967f0}: 'java.lang.Object java.lang.invoke.DirectMethodHandle$Holder.invokeVirtual(java.lang.Object, java.lang.Object, java.lang.Object)'> (0x00000000fd9967f0) 
thrown [./src/hotspot/share/interpreter/linkResolver.cpp, line 758]

VM Operations (20 events):
Event: 413.110 Executing VM operation: Cleanup done
Event: 414.110 Executing VM operation: Cleanup
Event: 414.111 Executing VM operation: Cleanup done
Event: 444.116 Executing VM operation: Cleanup
Event: 444.118 Executing VM operation: Cleanup done
Event: 446.118 Executing VM operation: Cleanup
Event: 446.118 Executing VM operation: Cleanup done
Event: 478.125 Executing VM operation: Cleanup
Event: 478.125 Executing VM operation: Cleanup done
Event: 512.132 Executing VM operation: Cleanup
Event: 512.132 Executing VM operation: Cleanup done
Event: 544.147 Executing VM operation: Cleanup
Event: 544.148 Executing VM operation: Cleanup done
Event: 546.148 Executing VM operation: Cleanup
Event: 546.148 Executing VM operation: Cleanup done
Event: 580.154 Executing VM operation: Cleanup
Event: 580.154 Executing VM operation: Cleanup done
Event: 581.145 Executing VM operation: G1CollectForAllocation
Event: 581.148 Executing VM operation: G1CollectForAllocation done
Event: 601.916 Executing VM operation: Exit

Memory protections (20 events):
Event: 148.612 Protecting memory [0x00007f058ecff000,0x00007f058ed03000] with protection modes 0
Event: 148.822 Protecting memory [0x00007f058ebff000,0x00007f058ec03000] with protection modes 0
Event: 179.957 Protecting memory [0x00007f058ecff000,0x00007f058ed03000] with protection modes 0
Event: 181.181 Protecting memory [0x00007f058ecff000,0x00007f058ed03000] with protection modes 0
Event: 217.571 Protecting memory [0x00007f058ecff000,0x00007f058ed03000] with protection modes 0
Event: 221.100 Protecting memory [0x00007f058ecff000,0x00007f058ed03000] with protection modes 0
Event: 221.100 Protecting memory [0x00007f058ebff000,0x00007f058ec03000] with protection modes 0
Event: 221.100 Protecting memory [0x00007f058eaff000,0x00007f058eb03000] with protection modes 0
Event: 259.496 Protecting memory [0x00007f058ecff000,0x00007f058ed03000] with protection modes 0
Event: 302.560 Protecting memory [0x00007f058ecff000,0x00007f058ed03000] with protection modes 0
Event: 302.579 Protecting memory [0x00007f058ebff000,0x00007f058ec03000] with protection modes 0
Event: 304.662 Protecting memory [0x00007f058ecff000,0x00007f058ed03000] with protection modes 0
Event: 375.487 Protecting memory [0x00007f058ecff000,0x00007f058ed03000] with protection modes 0
Event: 513.304 Protecting memory [0x00007f058ecff000,0x00007f058ed03000] with protection modes 0
Event: 513.304 Protecting memory [0x00007f058ebff000,0x00007f058ec03000] with protection modes 0
Event: 513.305 Protecting memory [0x00007f058eaff000,0x00007f058eb03000] with protection modes 0
Event: 545.573 Protecting memory [0x00007f058ecff000,0x00007f058ed03000] with protection modes 0
Event: 601.866 Protecting memory [0x00007f058ecff000,0x00007f058ed03000] with protection modes 0
Event: 601.868 Protecting memory [0x00007f058ebff000,0x00007f058ec03000] with protection modes 0
Event: 601.869 Protecting memory [0x00007f058eaff000,0x00007f058eb03000] with protection modes 0

Nmethod flushes (0 events):
No events

Events (20 events):
Event: 303.145 Thread 0x00007f05680f90b0 Thread exited: 0x00007f05680f90b0
Event: 303.149 Thread 0x00007f05680f86d0 Thread exited: 0x00007f05680f86d0
Event: 304.661 Thread 0x000055d82a8e8ba0 Thread added: 0x00007f05680f86d0
Event: 309.763 Thread 0x00007f05680f86d0 Thread exited: 0x00007f05680f86d0
Event: 375.486 Thread 0x000055d82a8e8ba0 Thread added: 0x00007f05680fa0f0
Event: 382.405 Thread 0x00007f05680fa0f0 Thread exited: 0x00007f05680fa0f0
Event: 513.304 Thread 0x000055d82a8e8ba0 Thread added: 0x00007f05680fd9c0
Event: 513.304 Thread 0x000055d82a8e8ba0 Thread added: 0x00007f05680fe4f0
Event: 513.305 Thread 0x000055d82a8e8ba0 Thread added: 0x00007f05680af370
Event: 518.311 Thread 0x00007f05680af370 Thread exited: 0x00007f05680af370
Event: 523.311 Thread 0x00007f05680fe4f0 Thread exited: 0x00007f05680fe4f0
Event: 523.312 Thread 0x00007f05680fd9c0 Thread exited: 0x00007f05680fd9c0
Event: 545.573 Thread 0x000055d82a8e8ba0 Thread added: 0x00007f05680fe440
Event: 550.608 Thread 0x00007f05680fe440 Thread exited: 0x00007f05680fe440
Event: 601.866 Thread 0x000055d82a8e5230 Thread added: 0x00007f05780011d0
Event: 601.868 Thread 0x00007f05780011d0 Thread added: 0x00007f054800ce50
Event: 601.869 Thread 0x00007f05780011d0 Thread added: 0x00007f054800d3c0
Event: 601.871 Thread 0x00007f054800ce50 Thread exited: 0x00007f054800ce50
Event: 601.907 Thread 0x00007f054800d3c0 Thread exited: 0x00007f054800d3c0
Event: 601.907 Thread 0x00007f05780011d0 Before exit entered


Dynamic libraries:
82000000-102000000 rw-p 00000000 00:00 0 
102000000-7fe000000 ---p 00000000 00:00 0 
7fe000000-7fef00000 rw-p 00000000 00:00 0 
7fef00000-7fef75000 rw-p 00c7a000 00:62 10553192                         /usr/lib/jvm/java-17-openjdk-amd64/lib/server/classes.jsa
7fef75000-7ff000000 rw-p 00000000 00:00 0 
7ff000000-7ff078000 rw-p 00c02000 00:62 10553192                         /usr/lib/jvm/java-17-openjdk-amd64/lib/server/classes.jsa
7ff078000-800000000 rw-p 00000000 00:00 0 
800000000-800200000 ---p 00000000 00:00 0 
800200000-800400000 rw-s 00000000 00:05 680                              /dev/nvidia0
800400000-803c00000 rw-s 00000000 00:05 679                              /dev/nvidiactl
803c00000-804a00000 ---p 00000000 00:00 0 
804a00000-804c00000 rw-s 00000000 00:05 679                              /dev/nvidiactl
804c00000-804e00000 rw-s 00000000 00:05 679                              /dev/nvidiactl
804e00000-805000000 rw-s 804e00000 00:05 716                             /dev/nvidia-uvm
805000000-805400000 ---p 00000000 00:00 0 
805400000-805600000 rw-s 00000000 00:01 6300                             /dev/zero (deleted)
805600000-900200000 ---p 00000000 00:00 0 
10000000000-10004000000 ---p 00000000 00:00 0 
55d80441a000-55d804487000 r--p 00000000 00:62 9914583                    /usr/bin/python3.10
55d804487000-55d80473c000 r-xp 0006d000 00:62 9914583                    /usr/bin/python3.10
55d80473c000-55d80497e000 r--p 00322000 00:62 9914583                    /usr/bin/python3.10
55d80497e000-55d804985000 r--p 00563000 00:62 9914583                    /usr/bin/python3.10
55d804985000-55d8049c4000 rw-p 0056a000 00:62 9914583                    /usr/bin/python3.10
55d8049c4000-55d804a0a000 rw-p 00000000 00:00 0 
55d820304000-55deb7f86000 rw-p 00000000 00:00 0                          [heap]
7ef318000000-7ef488000000 ---p 00000000 00:00 0 
7ef738000000-7ef73822e000 rw-p 00000000 00:00 0 
7ef73822e000-7ef73c000000 ---p 00000000 00:00 0 
7ef73c000000-7ef73c135000 rw-p 00000000 00:00 0 
7ef73c135000-7ef740000000 ---p 00000000 00:00 0 
7ef740000000-7ef740021000 rw-p 00000000 00:00 0 
7ef740021000-7ef744000000 ---p 00000000 00:00 0 
7ef744000000-7ef744021000 rw-p 00000000 00:00 0 
7ef744021000-7ef748000000 ---p 00000000 00:00 0 
7ef748000000-7ef748021000 rw-p 00000000 00:00 0 
7ef748021000-7ef74c000000 ---p 00000000 00:00 0 
7ef74c000000-7ef74c021000 rw-p 00000000 00:00 0 
7ef74c021000-7ef750000000 ---p 00000000 00:00 0 
7ef750000000-7ef750021000 rw-p 00000000 00:00 0 
7ef750021000-7ef754000000 ---p 00000000 00:00 0 
7ef754000000-7ef754021000 rw-p 00000000 00:00 0 
7ef754021000-7ef758000000 ---p 00000000 00:00 0 
7ef758000000-7ef758021000 rw-p 00000000 00:00 0 
7ef758021000-7ef75c000000 ---p 00000000 00:00 0 
7ef75e000000-7ef7aa000000 ---p 00000000 00:00 0 
7ef82a000000-7efa78000000 ---p 00000000 00:00 0 
7efa7c000000-7efa7c021000 rw-p 00000000 00:00 0 
7efa7c021000-7efa80000000 ---p 00000000 00:00 0 
7efa80000000-7efa80021000 rw-p 00000000 00:00 0 
7efa80021000-7efa84000000 ---p 00000000 00:00 0 
7efa84000000-7efabe000000 ---p 00000000 00:00 0 
7efad2000000-7efadaa00000 ---p 00000000 00:00 0 
7efadaa00000-7efadac00000 rw-s 00000000 00:01 8961                       /dev/zero (deleted)
7efadac00000-7efadae41000 rw-s 00000000 00:01 8962                       /dev/zero (deleted)
7efadae41000-7efadb000000 ---p 00000000 00:00 0 
7efadb000000-7efadb200000 rw-s 00000000 00:01 8963                       /dev/zero (deleted)
7efadb200000-7efadc000000 ---p 00000000 00:00 0 
7efadc000000-7efadc021000 rw-p 00000000 00:00 0 
7efadc021000-7efae0000000 ---p 00000000 00:00 0 
7efae0000000-7efae0021000 rw-p 00000000 00:00 0 
7efae0021000-7efae4000000 ---p 00000000 00:00 0 
7efae4000000-7efae4021000 rw-p 00000000 00:00 0 
7efae4021000-7efae8000000 ---p 00000000 00:00 0 
7efae8000000-7efae8021000 rw-p 00000000 00:00 0 
7efae8021000-7efaec000000 ---p 00000000 00:00 0 
7efaec000000-7efaec021000 rw-p 00000000 00:00 0 
7efaec021000-7efaf0000000 ---p 00000000 00:00 0 
7efaf0000000-7efaf0021000 rw-p 00000000 00:00 0 
7efaf0021000-7efaf4000000 ---p 00000000 00:00 0 
7efaf4000000-7efaf4021000 rw-p 00000000 00:00 0 
7efaf4021000-7efaf8000000 ---p 00000000 00:00 0 
7efaf8000000-7efaf8021000 rw-p 00000000 00:00 0 
7efaf8021000-7efafc000000 ---p 00000000 00:00 0 
7efafc000000-7efafc021000 rw-p 00000000 00:00 0 
7efafc021000-7efb00000000 ---p 00000000 00:00 0 
7efb00000000-7efb00021000 rw-p 00000000 00:00 0 
7efb00021000-7efb04000000 ---p 00000000 00:00 0 
7efb04000000-7efb04021000 rw-p 00000000 00:00 0 
7efb04021000-7efb08000000 ---p 00000000 00:00 0 
7efb0a000000-7efb12000000 ---p 00000000 00:00 0 
7efb18000000-7efb18021000 rw-p 00000000 00:00 0 
7efb18021000-7efb1c000000 ---p 00000000 00:00 0 
7efb1c000000-7efb1c021000 rw-p 00000000 00:00 0 
7efb1c021000-7efb20000000 ---p 00000000 00:00 0 
7efb20000000-7efb20021000 rw-p 00000000 00:00 0 
7efb20021000-7efb24000000 ---p 00000000 00:00 0 
7efb24000000-7efb24021000 rw-p 00000000 00:00 0 
7efb24021000-7efb28000000 ---p 00000000 00:00 0 
7efb28000000-7efb28021000 rw-p 00000000 00:00 0 
7efb28021000-7efb2c000000 ---p 00000000 00:00 0 
7efb2c000000-7efb2c021000 rw-p 00000000 00:00 0 
7efb2c021000-7efb30000000 ---p 00000000 00:00 0 
7efb30000000-7efb30021000 rw-p 00000000 00:00 0 
7efb30021000-7efb34000000 ---p 00000000 00:00 0 
7efb34000000-7efb34021000 rw-p 00000000 00:00 0 
7efb34021000-7efb38000000 ---p 00000000 00:00 0 
7efb38000000-7efb38bb2000 rw-p 00000000 00:00 0 
7efb38bb2000-7efb3c000000 ---p 00000000 00:00 0 
7efb3c000000-7efb3c021000 rw-p 00000000 00:00 0 
7efb3c021000-7efb40000000 ---p 00000000 00:00 0 
7efb40000000-7efb41084000 rw-p 00000000 00:00 0 
7efb41084000-7efb44000000 ---p 00000000 00:00 0 
7efb44000000-7efb44db8000 rw-p 00000000 00:00 0 
7efb44db8000-7efb48000000 ---p 00000000 00:00 0 
7efb48000000-7efb492e4000 rw-p 00000000 00:00 0 
7efb492e4000-7efb4c000000 ---p 00000000 00:00 0 
7efb4c000000-7efb4cd39000 rw-p 00000000 00:00 0 
7efb4cd39000-7efb50000000 ---p 00000000 00:00 0 
7efb50000000-7efb50162000 rw-p 00000000 00:00 0 
7efb50162000-7efb54000000 ---p 00000000 00:00 0 
7efb54000000-7efb55446000 rw-p 00000000 00:00 0 
7efb55446000-7efb58000000 ---p 00000000 00:00 0 
7efb58000000-7efb58324000 rw-p 00000000 00:00 0 
7efb58324000-7efb5c000000 ---p 00000000 00:00 0 
7efb5e000000-7efbce000000 ---p 00000000 00:00 0 
7efbd0000000-7eff40000000 ---p 00000000 00:00 0 
7eff41af1000-7eff41af2000 ---p 00000000 00:00 0 
7eff41af2000-7eff41cf2000 rw-p 00000000 00:00 0 
7eff41cf2000-7eff41cf3000 ---p 00000000 00:00 0 
7eff41cf3000-7f005bdf4000 rw-p 00000000 00:00 0 
7f005bff0000-7f005bff1000 ---p 00000000 00:00 0 
7f005bff1000-7f005c1f1000 rw-p 00000000 00:00 0 
7f005c1f1000-7f005c1f2000 ---p 00000000 00:00 0 
7f005c1f2000-7f005c3f2000 rw-p 00000000 00:00 0 
7f005c3f2000-7f005c3f3000 ---p 00000000 00:00 0 
7f005c3f3000-7f005c5f3000 rw-p 00000000 00:00 0 
7f005c5f3000-7f005c5f4000 ---p 00000000 00:00 0 
7f005c5f4000-7f005c7f4000 rw-p 00000000 00:00 0 
7f005c7f4000-7f005c7f5000 ---p 00000000 00:00 0 
7f005c7f5000-7f005c9f5000 rw-p 00000000 00:00 0 
7f005c9f5000-7f005c9f6000 ---p 00000000 00:00 0 
7f005c9f6000-7f005cbf6000 rw-p 00000000 00:00 0 
7f005cbf6000-7f005cbf7000 ---p 00000000 00:00 0 
7f005cbf7000-7f005cdf7000 rw-p 00000000 00:00 0 
7f005cdf7000-7f005cdf8000 ---p 00000000 00:00 0 
7f005cdf8000-7f005cff8000 rw-p 00000000 00:00 0 
7f005cff8000-7f005cff9000 ---p 00000000 00:00 0 
7f005cff9000-7f005d1f9000 rw-p 00000000 00:00 0 
7f005d1f9000-7f005d1fa000 ---p 00000000 00:00 0 
7f005d1fa000-7f005d3fa000 rw-p 00000000 00:00 0 
7f005d3fa000-7f005d3fb000 ---p 00000000 00:00 0 
7f005d3fb000-7f005d5fb000 rw-p 00000000 00:00 0 
7f005d5fb000-7f005d5fc000 ---p 00000000 00:00 0 
7f005d5fc000-7f005d7fc000 rw-p 00000000 00:00 0 
7f005d7fc000-7f005d7fd000 ---p 00000000 00:00 0 
7f005d7fd000-7f005d9fd000 rw-p 00000000 00:00 0 
7f005d9fd000-7f005d9fe000 ---p 00000000 00:00 0 
7f005d9fe000-7f005dbfe000 rw-p 00000000 00:00 0 
7f005dbfe000-7f005dbff000 ---p 00000000 00:00 0 
7f005dbff000-7f005ddff000 rw-p 00000000 00:00 0 
7f005ddff000-7f005de00000 ---p 00000000 00:00 0 
7f005de00000-7f005e000000 rw-p 00000000 00:00 0 
7f005e000000-7f008e000000 ---p 00000000 00:00 0 
7f00911f2000-7f00911f3000 ---p 00000000 00:00 0 
7f00911f3000-7f00912f3000 rw-p 00000000 00:00 0 
7f00912f3000-7f00912f4000 ---p 00000000 00:00 0 
7f00912f4000-7f00913f4000 rw-p 00000000 00:00 0 
7f00913f4000-7f00913f5000 ---p 00000000 00:00 0 
7f00913f5000-7f00914f5000 rw-p 00000000 00:00 0 
7f00914f5000-7f00914f6000 ---p 00000000 00:00 0 
7f00914f6000-7f00915f6000 rw-p 00000000 00:00 0 
7f00915f6000-7f00915f7000 ---p 00000000 00:00 0 
7f00915f7000-7f00916f7000 rw-p 00000000 00:00 0 
7f00916f7000-7f00916f8000 ---p 00000000 00:00 0 
7f00916f8000-7f00917f8000 rw-p 00000000 00:00 0 
7f00917f8000-7f00917f9000 ---p 00000000 00:00 0 
7f00917f9000-7f00918f9000 rw-p 00000000 00:00 0 
7f00918f9000-7f00918fa000 ---p 00000000 00:00 0 
7f00918fa000-7f00919fa000 rw-p 00000000 00:00 0 
7f00919fa000-7f00919fb000 ---p 00000000 00:00 0 
7f00919fb000-7f0091afb000 rw-p 00000000 00:00 0 
7f0091afb000-7f0091afc000 ---p 00000000 00:00 0 
7f0091afc000-7f0091bfc000 rw-p 00000000 00:00 0 
7f0091bfc000-7f0091bfd000 ---p 00000000 00:00 0 
7f0091bfd000-7f0091cfd000 rw-p 00000000 00:00 0 
7f0091cfd000-7f0091cfe000 ---p 00000000 00:00 0 
7f0091cfe000-7f0091dfe000 rw-p 00000000 00:00 0 
7f0091dfe000-7f0091dff000 ---p 00000000 00:00 0 
7f0091dff000-7f0091eff000 rw-p 00000000 00:00 0 
7f0091eff000-7f0091f00000 ---p 00000000 00:00 0 
7f0091f00000-7f0092000000 rw-p 00000000 00:00 0 
7f0092000000-7f0098400000 ---p 00000000 00:00 0 
7f0098400000-7f0098600000 rw-s 00000000 00:05 679                        /dev/nvidiactl
7f0098600000-7f0098800000 rw-s 00000000 00:01 6297                       /dev/zero (deleted)
7f0098800000-7f0098a00000 rw-s 00000000 00:01 6298                       /dev/zero (deleted)
7f0098a00000-7f0099000000 ---p 00000000 00:00 0 
7f0099000000-7f0099200000 rw-s 00000000 00:05 679                        /dev/nvidiactl
7f0099200000-7f0099400000 rw-s 00000000 00:01 6301                       /dev/zero (deleted)
7f0099400000-7f0099577000 rw-s 00000000 00:05 679                        /dev/nvidiactl
7f0099577000-7f009a000000 ---p 00000000 00:00 0 
7f009a0da000-7f009a0db000 ---p 00000000 00:00 0 
7f009a0db000-7f009a2db000 rw-p 00000000 00:00 0 
7f009a2db000-7f009a2dc000 ---p 00000000 00:00 0 
7f009a2dc000-7f009a4dc000 rw-p 00000000 00:00 0 
7f009a4dc000-7f009a4e0000 ---p 00000000 00:00 0 
7f009a4e0000-7f009a5dc000 rw-p 00000000 00:00 0 
7f009a5dc000-7f009a5e0000 ---p 00000000 00:00 0 
7f009a5e0000-7f009a6dc000 rw-p 00000000 00:00 0 
7f009a6dc000-7f009a6e0000 ---p 00000000 00:00 0 
7f009a6e0000-7f009a7dc000 rw-p 00000000 00:00 0 
7f009a7dc000-7f009a7e0000 ---p 00000000 00:00 0 
7f009a7e0000-7f009a8dc000 rw-p 00000000 00:00 0 
7f009a8dc000-7f009a8dd000 ---p 00000000 00:00 0 
7f009a8dd000-7f009b7dd000 rw-p 00000000 00:00 0 
7f009b7dd000-7f009b9dd000 rw-s 00000000 00:01 6299                       /dev/zero (deleted)
7f009b9dd000-7f009b9de000 rw-s 00000000 00:05 679                        /dev/nvidiactl
7f009b9de000-7f009b9df000 rw-s 00000000 00:05 679                        /dev/nvidiactl
7f009b9df000-7f009b9e0000 rw-s 00000000 00:05 679                        /dev/nvidiactl
7f009b9e0000-7f009b9e1000 rw-s 00000000 00:05 679                        /dev/nvidiactl
7f009b9e1000-7f009b9e2000 rw-s 00000000 00:05 679                        /dev/nvidiactl
7f009b9e2000-7f009b9e3000 rw-s 00000000 00:05 679                        /dev/nvidiactl
7f009b9e3000-7f009b9e4000 rw-s 00000000 00:05 679                        /dev/nvidiactl
7f009b9e4000-7f009b9e5000 rw-s 00000000 00:05 679                        /dev/nvidiactl
7f009b9e5000-7f009b9e6000 rw-s 00000000 00:05 679                        /dev/nvidiactl
7f009b9e6000-7f009b9e7000 rw-s 00000000 00:05 679                        /dev/nvidiactl
7f009b9e7000-7f009b9e8000 rw-s 00000000 00:05 679                        /dev/nvidiactl
7f009b9e8000-7f009b9e9000 rw-s 00000000 00:05 679                        /dev/nvidiactl
7f009b9e9000-7f009b9ea000 rw-s 00000000 00:05 679                        /dev/nvidiactl
7f009b9ea000-7f009b9eb000 rw-s 00000000 00:05 679                        /dev/nvidiactl
7f009b9eb000-7f009b9ec000 rw-s 00000000 00:05 679                        /dev/nvidiactl
7f009b9ec000-7f009b9ed000 rw-s 00000000 00:05 679                        /dev/nvidiactl
7f009b9ed000-7f009b9ee000 rw-s 00000000 00:05 679                        /dev/nvidiactl
7f009b9ee000-7f009b9ef000 rw-s 00000000 00:05 679                        /dev/nvidiactl
7f009b9ef000-7f009b9f0000 rw-s 00000000 00:05 679                        /dev/nvidiactl
7f009b9f0000-7f009b9f1000 rw-s 00000000 00:05 679                        /dev/nvidiactl
7f009b9f1000-7f009c9ff000 ---p 00000000 00:00 0 
7f009c9ff000-7f009d1ff000 rw-p 00000000 00:00 0 
7f009d1ff000-7f009d200000 ---p 00000000 00:00 0 
7f009d200000-7f009da00000 rw-p 00000000 00:00 0 
7f009da00000-7f009dbca000 r-xp 00000000 103:03 106299479                 /usr/lib/x86_64-linux-gnu/libnvidia-ml.so.555.42.02
7f009dbca000-7f009ddc9000 ---p 001ca000 103:03 106299479                 /usr/lib/x86_64-linux-gnu/libnvidia-ml.so.555.42.02
7f009ddc9000-7f009ddfb000 r--p 001c9000 103:03 106299479                 /usr/lib/x86_64-linux-gnu/libnvidia-ml.so.555.42.02
7f009ddfb000-7f009ddfd000 rw-p 001fb000 103:03 106299479                 /usr/lib/x86_64-linux-gnu/libnvidia-ml.so.555.42.02
7f009ddfd000-7f009ea29000 rw-p 00000000 00:00 0 
7f009eaf7000-7f009ecf7000 rw-p 00000000 00:00 0 
7f009ecf7000-7f009ecf8000 ---p 00000000 00:00 0 
7f009ecf8000-7f00a03f8000 rw-p 00000000 00:00 0 
7f00a03f8000-7f00a3977000 r--p 00000000 00:62 10095985                   /home/ubuntu/.local/lib/python3.10/site-packages/triton/_C/libtriton.so
7f00a3977000-7f00a8a1c000 r-xp 0357e000 00:62 10095985                   /home/ubuntu/.local/lib/python3.10/site-packages/triton/_C/libtriton.so
7f00a8a1c000-7f00a8b4c000 r--p 08622000 00:62 10095985                   /home/ubuntu/.local/lib/python3.10/site-packages/triton/_C/libtriton.so
7f00a8b4c000-7f00a8b6f000 rw-p 08751000 00:62 10095985                   /home/ubuntu/.local/lib/python3.10/site-packages/triton/_C/libtriton.so
7f00a8b6f000-7f00aa400000 rw-p 00000000 00:00 0 
7f00aa400000-7f00aa4a9000 r-xp 00000000 00:62 10163489                   /home/ubuntu/.local/lib/python3.10/site-packages/torchvision.libs/libcudart.45e7f3ed.so.12
7f00aa4a9000-7f00aa6a9000 ---p 000a9000 00:62 10163489                   /home/ubuntu/.local/lib/python3.10/site-packages/torchvision.libs/libcudart.45e7f3ed.so.12
7f00aa6a9000-7f00aa6ae000 r--p 000a9000 00:62 10163489                   /home/ubuntu/.local/lib/python3.10/site-packages/torchvision.libs/libcudart.45e7f3ed.so.12
7f00aa6ae000-7f00aa6af000 rw-p 000ae000 00:62 10163489                   /home/ubuntu/.local/lib/python3.10/site-packages/torchvision.libs/libcudart.45e7f3ed.so.12
7f00aa6af000-7f00aa6b1000 rw-p 00000000 00:00 0 
7f00aa700000-7f00aa800000 rw-p 00000000 00:00 0 
7f00aa800000-7f00aae5a000 r-xp 00000000 00:62 10163488                   /home/ubuntu/.local/lib/python3.10/site-packages/torchvision.libs/libnvjpeg.e5f20359.so.12
7f00aae5a000-7f00ab05a000 ---p 0065a000 00:62 10163488                   /home/ubuntu/.local/lib/python3.10/site-packages/torchvision.libs/libnvjpeg.e5f20359.so.12
7f00ab05a000-7f00ab067000 r--p 0065a000 00:62 10163488                   /home/ubuntu/.local/lib/python3.10/site-packages/torchvision.libs/libnvjpeg.e5f20359.so.12
7f00ab067000-7f00ab068000 rw-p 00667000 00:62 10163488                   /home/ubuntu/.local/lib/python3.10/site-packages/torchvision.libs/libnvjpeg.e5f20359.so.12
7f00ab068000-7f00ab06d000 rw-p 00000000 00:00 0 
7f00ab104000-7f00ab107000 r--p 00000000 00:62 10045293                   /usr/lib/python3.10/lib-dynload/termios.cpython-310-x86_64-linux-gnu.so
7f00ab107000-7f00ab108000 r-xp 00003000 00:62 10045293                   /usr/lib/python3.10/lib-dynload/termios.cpython-310-x86_64-linux-gnu.so
7f00ab108000-7f00ab10a000 r--p 00004000 00:62 10045293                   /usr/lib/python3.10/lib-dynload/termios.cpython-310-x86_64-linux-gnu.so
7f00ab10a000-7f00ab10b000 r--p 00005000 00:62 10045293                   /usr/lib/python3.10/lib-dynload/termios.cpython-310-x86_64-linux-gnu.so
7f00ab10b000-7f00ab10d000 rw-p 00006000 00:62 10045293                   /usr/lib/python3.10/lib-dynload/termios.cpython-310-x86_64-linux-gnu.so
7f00ab10d000-7f00ab110000 r--p 00000000 00:62 10163490                   /home/ubuntu/.local/lib/python3.10/site-packages/torchvision.libs/libz.81d90590.so.1
7f00ab110000-7f00ab11e000 r-xp 00003000 00:62 10163490                   /home/ubuntu/.local/lib/python3.10/site-packages/torchvision.libs/libz.81d90590.so.1
7f00ab11e000-7f00ab125000 r--p 00011000 00:62 10163490                   /home/ubuntu/.local/lib/python3.10/site-packages/torchvision.libs/libz.81d90590.so.1
7f00ab125000-7f00ab126000 r--p 00017000 00:62 10163490                   /home/ubuntu/.local/lib/python3.10/site-packages/torchvision.libs/libz.81d90590.so.1
7f00ab126000-7f00ab127000 rw-p 00018000 00:62 10163490                   /home/ubuntu/.local/lib/python3.10/site-packages/torchvision.libs/libz.81d90590.so.1
7f00ab127000-7f00ab12a000 r--p 00000000 00:62 10163487                   /home/ubuntu/.local/lib/python3.10/site-packages/torchvision.libs/libwebp.32d871e4.so.7
7f00ab12a000-7f00ab1b4000 r-xp 00003000 00:62 10163487                   /home/ubuntu/.local/lib/python3.10/site-packages/torchvision.libs/libwebp.32d871e4.so.7
7f00ab1b4000-7f00ab1c7000 r--p 0008d000 00:62 10163487                   /home/ubuntu/.local/lib/python3.10/site-packages/torchvision.libs/libwebp.32d871e4.so.7
7f00ab1c7000-7f00ab1c8000 r--p 000a0000 00:62 10163487                   /home/ubuntu/.local/lib/python3.10/site-packages/torchvision.libs/libwebp.32d871e4.so.7
7f00ab1c8000-7f00ab1c9000 rw-p 000a1000 00:62 10163487                   /home/ubuntu/.local/lib/python3.10/site-packages/torchvision.libs/libwebp.32d871e4.so.7
7f00ab1c9000-7f00ab1ca000 rw-p 00000000 00:00 0 
7f00ab1ca000-7f00ab1cb000 rw-p 000ad000 00:62 10163487                   /home/ubuntu/.local/lib/python3.10/site-packages/torchvision.libs/libwebp.32d871e4.so.7
7f00ab1cb000-7f00ab1d0000 r--p 00000000 00:62 10163486                   /home/ubuntu/.local/lib/python3.10/site-packages/torchvision.libs/libjpeg.37781fad.so.8
7f00ab1d0000-7f00ab225000 r-xp 00005000 00:62 10163486                   /home/ubuntu/.local/lib/python3.10/site-packages/torchvision.libs/libjpeg.37781fad.so.8
7f00ab225000-7f00ab260000 r--p 0005a000 00:62 10163486                   /home/ubuntu/.local/lib/python3.10/site-packages/torchvision.libs/libjpeg.37781fad.so.8
7f00ab260000-7f00ab261000 r--p 00094000 00:62 10163486                   /home/ubuntu/.local/lib/python3.10/site-packages/torchvision.libs/libjpeg.37781fad.so.8
7f00ab261000-7f00ab262000 rw-p 00095000 00:62 10163486                   /home/ubuntu/.local/lib/python3.10/site-packages/torchvision.libs/libjpeg.37781fad.so.8
7f00ab262000-7f00ab268000 r--p 00000000 00:62 10163485                   /home/ubuntu/.local/lib/python3.10/site-packages/torchvision.libs/libpng16.e328d493.so.16
7f00ab268000-7f00ab291000 r-xp 00006000 00:62 10163485                   /home/ubuntu/.local/lib/python3.10/site-packages/torchvision.libs/libpng16.e328d493.so.16
7f00ab291000-7f00ab29c000 r--p 0002f000 00:62 10163485                   /home/ubuntu/.local/lib/python3.10/site-packages/torchvision.libs/libpng16.e328d493.so.16
7f00ab29c000-7f00ab29d000 ---p 0003a000 00:62 10163485                   /home/ubuntu/.local/lib/python3.10/site-packages/torchvision.libs/libpng16.e328d493.so.16
7f00ab29d000-7f00ab29e000 r--p 0003a000 00:62 10163485                   /home/ubuntu/.local/lib/python3.10/site-packages/torchvision.libs/libpng16.e328d493.so.16
7f00ab29e000-7f00ab29f000 rw-p 0003b000 00:62 10163485                   /home/ubuntu/.local/lib/python3.10/site-packages/torchvision.libs/libpng16.e328d493.so.16
7f00ab29f000-7f00ab2a2000 rw-p 00042000 00:62 10163485                   /home/ubuntu/.local/lib/python3.10/site-packages/torchvision.libs/libpng16.e328d493.so.16
7f00ab2a2000-7f00ab2b9000 r--p 00000000 00:62 10163281                   /home/ubuntu/.local/lib/python3.10/site-packages/torchvision/image.so
7f00ab2b9000-7f00ab2ec000 r-xp 00017000 00:62 10163281                   /home/ubuntu/.local/lib/python3.10/site-packages/torchvision/image.so
7f00ab2ec000-7f00ab302000 r--p 0004a000 00:62 10163281                   /home/ubuntu/.local/lib/python3.10/site-packages/torchvision/image.so
7f00ab302000-7f00ab303000 r--p 0005f000 00:62 10163281                   /home/ubuntu/.local/lib/python3.10/site-packages/torchvision/image.so
7f00ab303000-7f00ab305000 rw-p 00060000 00:62 10163281                   /home/ubuntu/.local/lib/python3.10/site-packages/torchvision/image.so
7f00ab305000-7f00ab311000 rw-p 0007a000 00:62 10163281                   /home/ubuntu/.local/lib/python3.10/site-packages/torchvision/image.so
7f00ab311000-7f00ab31d000 rw-p 00086000 00:62 10163281                   /home/ubuntu/.local/lib/python3.10/site-packages/torchvision/image.so
7f00ab31d000-7f00ab329000 rw-p 00092000 00:62 10163281                   /home/ubuntu/.local/lib/python3.10/site-packages/torchvision/image.so
7f00ab329000-7f00ab335000 rw-p 0009e000 00:62 10163281                   /home/ubuntu/.local/lib/python3.10/site-packages/torchvision/image.so
7f00ab335000-7f00ab341000 rw-p 000aa000 00:62 10163281                   /home/ubuntu/.local/lib/python3.10/site-packages/torchvision/image.so
7f00ab341000-7f00ab343000 r--p 00000000 00:62 9914557                    /usr/lib/x86_64-linux-gnu/libfribidi.so.0.4.0
7f00ab343000-7f00ab346000 r-xp 00002000 00:62 9914557                    /usr/lib/x86_64-linux-gnu/libfribidi.so.0.4.0
7f00ab346000-7f00ab35b000 r--p 00005000 00:62 9914557                    /usr/lib/x86_64-linux-gnu/libfribidi.so.0.4.0
7f00ab35b000-7f00ab35c000 r--p 00019000 00:62 9914557                    /usr/lib/x86_64-linux-gnu/libfribidi.so.0.4.0
7f00ab35c000-7f00ab35d000 rw-p 0001a000 00:62 9914557                    /usr/lib/x86_64-linux-gnu/libfribidi.so.0.4.0
7f00ab35d000-7f00ab35e000 r--p 00000000 00:62 10100091                   /home/ubuntu/.local/lib/python3.10/site-packages/pillow.libs/libbrotlicommon-c55a5f7a.so.1.1.0
7f00ab35e000-7f00ab35f000 r-xp 00001000 00:62 10100091                   /home/ubuntu/.local/lib/python3.10/site-packages/pillow.libs/libbrotlicommon-c55a5f7a.so.1.1.0
7f00ab35f000-7f00ab37e000 r--p 00002000 00:62 10100091                   /home/ubuntu/.local/lib/python3.10/site-packages/pillow.libs/libbrotlicommon-c55a5f7a.so.1.1.0
7f00ab37e000-7f00ab37f000 r--p 00021000 00:62 10100091                   /home/ubuntu/.local/lib/python3.10/site-packages/pillow.libs/libbrotlicommon-c55a5f7a.so.1.1.0
7f00ab37f000-7f00ab380000 rw-p 00022000 00:62 10100091                   /home/ubuntu/.local/lib/python3.10/site-packages/pillow.libs/libbrotlicommon-c55a5f7a.so.1.1.0
7f00ab380000-7f00ab381000 rw-p 00023000 00:62 10100091                   /home/ubuntu/.local/lib/python3.10/site-packages/pillow.libs/libbrotlicommon-c55a5f7a.so.1.1.0
7f00ab381000-7f00ab386000 r--p 00000000 00:62 10100099                   /home/ubuntu/.local/lib/python3.10/site-packages/pillow.libs/libpng16-d00bd151.so.16.49.0
7f00ab386000-7f00ab3b8000 r-xp 00005000 00:62 10100099                   /home/ubuntu/.local/lib/python3.10/site-packages/pillow.libs/libpng16-d00bd151.so.16.49.0
7f00ab3b8000-7f00ab3c2000 r--p 00037000 00:62 10100099                   /home/ubuntu/.local/lib/python3.10/site-packages/pillow.libs/libpng16-d00bd151.so.16.49.0
7f00ab3c2000-7f00ab3c3000 r--p 00040000 00:62 10100099                   /home/ubuntu/.local/lib/python3.10/site-packages/pillow.libs/libpng16-d00bd151.so.16.49.0
7f00ab3c3000-7f00ab3c4000 rw-p 00041000 00:62 10100099                   /home/ubuntu/.local/lib/python3.10/site-packages/pillow.libs/libpng16-d00bd151.so.16.49.0
7f00ab3c4000-7f00ab3c6000 rw-p 00042000 00:62 10100099                   /home/ubuntu/.local/lib/python3.10/site-packages/pillow.libs/libpng16-d00bd151.so.16.49.0
7f00ab3c6000-7f00ab3d2000 r--p 00000000 00:62 10100094                   /home/ubuntu/.local/lib/python3.10/site-packages/pillow.libs/libharfbuzz-fe5b8f8d.so.0.61121.0
7f00ab3d2000-7f00ab44f000 r-xp 0000c000 00:62 10100094                   /home/ubuntu/.local/lib/python3.10/site-packages/pillow.libs/libharfbuzz-fe5b8f8d.so.0.61121.0
7f00ab44f000-7f00ab498000 r--p 00089000 00:62 10100094                   /home/ubuntu/.local/lib/python3.10/site-packages/pillow.libs/libharfbuzz-fe5b8f8d.so.0.61121.0
7f00ab498000-7f00ab499000 r--p 000d1000 00:62 10100094                   /home/ubuntu/.local/lib/python3.10/site-packages/pillow.libs/libharfbuzz-fe5b8f8d.so.0.61121.0
7f00ab499000-7f00ab49b000 rw-p 000d2000 00:62 10100094                   /home/ubuntu/.local/lib/python3.10/site-packages/pillow.libs/libharfbuzz-fe5b8f8d.so.0.61121.0
7f00ab49b000-7f00ab4a0000 rw-p 000d5000 00:62 10100094                   /home/ubuntu/.local/lib/python3.10/site-packages/pillow.libs/libharfbuzz-fe5b8f8d.so.0.61121.0
7f00ab4a0000-7f00ab4a4000 rw-p 000da000 00:62 10100094                   /home/ubuntu/.local/lib/python3.10/site-packages/pillow.libs/libharfbuzz-fe5b8f8d.so.0.61121.0
7f00ab4a4000-7f00ab4b1000 r--p 00000000 00:62 10100093                   /home/ubuntu/.local/lib/python3.10/site-packages/pillow.libs/libfreetype-083ff72c.so.6.20.2
7f00ab4b1000-7f00ab578000 r-xp 0000d000 00:62 10100093                   /home/ubuntu/.local/lib/python3.10/site-packages/pillow.libs/libfreetype-083ff72c.so.6.20.2
7f00ab578000-7f00ab5a4000 r--p 000d4000 00:62 10100093                   /home/ubuntu/.local/lib/python3.10/site-packages/pillow.libs/libfreetype-083ff72c.so.6.20.2
7f00ab5a4000-7f00ab5ab000 r--p 00100000 00:62 10100093                   /home/ubuntu/.local/lib/python3.10/site-packages/pillow.libs/libfreetype-083ff72c.so.6.20.2
7f00ab5ab000-7f00ab5ad000 rw-p 00107000 00:62 10100093                   /home/ubuntu/.local/lib/python3.10/site-packages/pillow.libs/libfreetype-083ff72c.so.6.20.2
7f00ab5ad000-7f00ab5af000 rw-p 0015a000 00:62 10100093                   /home/ubuntu/.local/lib/python3.10/site-packages/pillow.libs/libfreetype-083ff72c.so.6.20.2
7f00ab5af000-7f00ab5b1000 rw-p 0015c000 00:62 10100093                   /home/ubuntu/.local/lib/python3.10/site-packages/pillow.libs/libfreetype-083ff72c.so.6.20.2
7f00ab5b1000-7f00ab655000 r--p 00000000 00:62 10163275                   /home/ubuntu/.local/lib/python3.10/site-packages/torchvision/_C.so
7f00ab655000-7f00ab76b000 r-xp 000a4000 00:62 10163275                   /home/ubuntu/.local/lib/python3.10/site-packages/torchvision/_C.so
7f00ab76b000-7f00abceb000 r--p 001ba000 00:62 10163275                   /home/ubuntu/.local/lib/python3.10/site-packages/torchvision/_C.so
7f00abceb000-7f00abcee000 r--p 00739000 00:62 10163275                   /home/ubuntu/.local/lib/python3.10/site-packages/torchvision/_C.so
7f00abcee000-7f00abcf3000 rw-p 0073c000 00:62 10163275                   /home/ubuntu/.local/lib/python3.10/site-packages/torchvision/_C.so
7f00abcf3000-7f0220df5000 rw-p 00000000 00:00 0 
7f0220df7000-7f0326bf7000 rw-p 00000000 00:00 0 
7f0326bf9000-7f03a8cf9000 rw-p 00000000 00:00 0 
7f03a8cfb000-7f03e97fb000 rw-p 00000000 00:00 0 
7f03e97fd000-7f0409cfd000 rw-p 00000000 00:00 0 
7f0409cff000-7f0419fff000 rw-p 00000000 00:00 0 
7f041a001000-7f0422001000 rw-p 00000000 00:00 0 
7f0422003000-7f0426603000 rw-p 00000000 00:00 0 
7f0426605000-7f042a105000 rw-p 00000000 00:00 0 
7f042a105000-7f043369d000 r--s 00000000 08:00 45646671                   /home/ubuntu/tbazzocchi/FRAG/MedRAG/corpus/wikipedia/index/bm25/_s_Lucene90_0.dvd
7f043369d000-7f04367b9000 r--s 00000000 08:00 45646518                   /home/ubuntu/tbazzocchi/FRAG/MedRAG/corpus/wikipedia/index/bm25/_s.fdt
7f04367b9000-7f0436de1000 r--s 00000000 08:00 45646519                   /home/ubuntu/tbazzocchi/FRAG/MedRAG/corpus/wikipedia/index/bm25/_s.nvd
7f0436de1000-7f0437039000 r--s 00000000 08:00 45646528                   /home/ubuntu/tbazzocchi/FRAG/MedRAG/corpus/wikipedia/index/bm25/_s_Lucene90_0.tip
7f0437039000-7f043be02000 r--s 00000000 08:00 45646527                   /home/ubuntu/tbazzocchi/FRAG/MedRAG/corpus/wikipedia/index/bm25/_s_Lucene90_0.tim
7f043be02000-7f04616b4000 r--s 00000000 08:00 45646526                   /home/ubuntu/tbazzocchi/FRAG/MedRAG/corpus/wikipedia/index/bm25/_s_Lucene90_0.doc
7f04616b4000-7f046fb14000 r--s 00000000 08:00 45646432                   /home/ubuntu/tbazzocchi/FRAG/MedRAG/corpus/wikipedia/index/bm25/_13_Lucene90_0.dvd
7f046fb14000-7f047457e000 r--s 00000000 08:00 45646676                   /home/ubuntu/tbazzocchi/FRAG/MedRAG/corpus/wikipedia/index/bm25/_13.fdt
7f047457e000-7f0474ee3000 r--s 00000000 08:00 45646503                   /home/ubuntu/tbazzocchi/FRAG/MedRAG/corpus/wikipedia/index/bm25/_13.nvd
7f0474ee3000-7f0475242000 r--s 00000000 08:00 45646685                   /home/ubuntu/tbazzocchi/FRAG/MedRAG/corpus/wikipedia/index/bm25/_13_Lucene90_0.tip
7f0475242000-7f047bee1000 r--s 00000000 08:00 45646684                   /home/ubuntu/tbazzocchi/FRAG/MedRAG/corpus/wikipedia/index/bm25/_13_Lucene90_0.tim
7f047bee1000-7f04b5aba000 r--s 00000000 08:00 45646678                   /home/ubuntu/tbazzocchi/FRAG/MedRAG/corpus/wikipedia/index/bm25/_13_Lucene90_0.doc
7f04b5aba000-7f04b7426000 r--s 00000000 08:00 45646497                   /home/ubuntu/tbazzocchi/FRAG/MedRAG/corpus/wikipedia/index/bm25/_a_Lucene90_0.dvd
7f04b7426000-7f04b7c75000 r--s 00000000 08:00 45646313                   /home/ubuntu/tbazzocchi/FRAG/MedRAG/corpus/wikipedia/index/bm25/_a.fdt
7f04b7c75000-7f04b7d81000 r--s 00000000 08:00 45646495                   /home/ubuntu/tbazzocchi/FRAG/MedRAG/corpus/wikipedia/index/bm25/_a.nvd
7f04b7d81000-7f04b7e16000 r--s 00000000 08:00 45646506                   /home/ubuntu/tbazzocchi/FRAG/MedRAG/corpus/wikipedia/index/bm25/_a_Lucene90_0.tip
7f04b7e16000-7f04b8fa7000 r--s 00000000 08:00 45646505                   /home/ubuntu/tbazzocchi/FRAG/MedRAG/corpus/wikipedia/index/bm25/_a_Lucene90_0.tim
7f04b8fa7000-7f04bf407000 r--s 00000000 08:00 45646504                   /home/ubuntu/tbazzocchi/FRAG/MedRAG/corpus/wikipedia/index/bm25/_a_Lucene90_0.doc
7f04bf407000-7f04c0f91000 r--s 00000000 08:00 45646510                   /home/ubuntu/tbazzocchi/FRAG/MedRAG/corpus/wikipedia/index/bm25/_6_Lucene90_0.dvd
7f04c0f91000-7f04c1890000 r--s 00000000 08:00 45646303                   /home/ubuntu/tbazzocchi/FRAG/MedRAG/corpus/wikipedia/index/bm25/_6.fdt
7f04c1890000-7f04c19b2000 r--s 00000000 08:00 45646508                   /home/ubuntu/tbazzocchi/FRAG/MedRAG/corpus/wikipedia/index/bm25/_6.nvd
7f04c19b2000-7f04c1a50000 r--s 00000000 08:00 45646524                   /home/ubuntu/tbazzocchi/FRAG/MedRAG/corpus/wikipedia/index/bm25/_6_Lucene90_0.tip
7f04c1a50000-7f04c2cf6000 r--s 00000000 08:00 45646523                   /home/ubuntu/tbazzocchi/FRAG/MedRAG/corpus/wikipedia/index/bm25/_6_Lucene90_0.tim
7f04c2cf6000-7f04c99a4000 r--s 00000000 08:00 45646522                   /home/ubuntu/tbazzocchi/FRAG/MedRAG/corpus/wikipedia/index/bm25/_6_Lucene90_0.doc
7f04c99a4000-7f04cb73d000 r--s 00000000 08:00 45646532                   /home/ubuntu/tbazzocchi/FRAG/MedRAG/corpus/wikipedia/index/bm25/_8_Lucene90_0.dvd
7f04cb73d000-7f04cc0e7000 r--s 00000000 08:00 45646317                   /home/ubuntu/tbazzocchi/FRAG/MedRAG/corpus/wikipedia/index/bm25/_8.fdt
7f04cc0e7000-7f04cc21f000 r--s 00000000 08:00 45646530                   /home/ubuntu/tbazzocchi/FRAG/MedRAG/corpus/wikipedia/index/bm25/_8.nvd
7f04cc21f000-7f04cc2c6000 r--s 00000000 08:00 45646541                   /home/ubuntu/tbazzocchi/FRAG/MedRAG/corpus/wikipedia/index/bm25/_8_Lucene90_0.tip
7f04cc2c6000-7f04cd67d000 r--s 00000000 08:00 45646540                   /home/ubuntu/tbazzocchi/FRAG/MedRAG/corpus/wikipedia/index/bm25/_8_Lucene90_0.tim
7f04cd67d000-7f04d4b63000 r--s 00000000 08:00 45646539                   /home/ubuntu/tbazzocchi/FRAG/MedRAG/corpus/wikipedia/index/bm25/_8_Lucene90_0.doc
7f04d4b63000-7f04d6b50000 r--s 00000000 08:00 45646545                   /home/ubuntu/tbazzocchi/FRAG/MedRAG/corpus/wikipedia/index/bm25/_2_Lucene90_0.dvd
7f04d6b50000-7f04d75b9000 r--s 00000000 08:00 45646308                   /home/ubuntu/tbazzocchi/FRAG/MedRAG/corpus/wikipedia/index/bm25/_2.fdt
7f04d75b9000-7f04d7709000 r--s 00000000 08:00 45646543                   /home/ubuntu/tbazzocchi/FRAG/MedRAG/corpus/wikipedia/index/bm25/_2.nvd
7f04d7709000-7f04d77b9000 r--s 00000000 08:00 45646554                   /home/ubuntu/tbazzocchi/FRAG/MedRAG/corpus/wikipedia/index/bm25/_2_Lucene90_0.tip
7f04d77b9000-7f04d8c8f000 r--s 00000000 08:00 45646553                   /home/ubuntu/tbazzocchi/FRAG/MedRAG/corpus/wikipedia/index/bm25/_2_Lucene90_0.tim
7f04d8c8f000-7f04e0a83000 r--s 00000000 08:00 45646552                   /home/ubuntu/tbazzocchi/FRAG/MedRAG/corpus/wikipedia/index/bm25/_2_Lucene90_0.doc
7f04e0a83000-7f04e236c000 r--s 00000000 08:00 45646658                   /home/ubuntu/tbazzocchi/FRAG/MedRAG/corpus/wikipedia/index/bm25/_o_Lucene90_0.dvd
7f04e236c000-7f04e2b89000 r--s 00000000 08:00 45646468                   /home/ubuntu/tbazzocchi/FRAG/MedRAG/corpus/wikipedia/index/bm25/_o.fdt
7f04e2b89000-7f04e2c90000 r--s 00000000 08:00 45646656                   /home/ubuntu/tbazzocchi/FRAG/MedRAG/corpus/wikipedia/index/bm25/_o.nvd
7f04e2c90000-7f04e2d21000 r--s 00000000 08:00 45646667                   /home/ubuntu/tbazzocchi/FRAG/MedRAG/corpus/wikipedia/index/bm25/_o_Lucene90_0.tip
7f04e2d21000-7f04e3e37000 r--s 00000000 08:00 45646666                   /home/ubuntu/tbazzocchi/FRAG/MedRAG/corpus/wikipedia/index/bm25/_o_Lucene90_0.tim
7f04e3e37000-7f04ea0d5000 r--s 00000000 08:00 45646665                   /home/ubuntu/tbazzocchi/FRAG/MedRAG/corpus/wikipedia/index/bm25/_o_Lucene90_0.doc
7f04ea0d5000-7f04ebbd4000 r--s 00000000 08:00 45646681                   /home/ubuntu/tbazzocchi/FRAG/MedRAG/corpus/wikipedia/index/bm25/_q_Lucene90_0.dvd
7f04ebbd4000-7f04ec446000 r--s 00000000 08:00 45646501                   /home/ubuntu/tbazzocchi/FRAG/MedRAG/corpus/wikipedia/index/bm25/_q.fdt
7f04ec446000-7f04ec562000 r--s 00000000 08:00 45646679                   /home/ubuntu/tbazzocchi/FRAG/MedRAG/corpus/wikipedia/index/bm25/_q.nvd
7f04ec562000-7f04ec5f7000 r--s 00000000 08:00 45646291                   /home/ubuntu/tbazzocchi/FRAG/MedRAG/corpus/wikipedia/index/bm25/_q_Lucene90_0.tip
7f04ec5f7000-7f04ed75f000 r--s 00000000 08:00 45646290                   /home/ubuntu/tbazzocchi/FRAG/MedRAG/corpus/wikipedia/index/bm25/_q_Lucene90_0.tim
7f04ed75f000-7f04f425e000 r--s 00000000 08:00 45646289                   /home/ubuntu/tbazzocchi/FRAG/MedRAG/corpus/wikipedia/index/bm25/_q_Lucene90_0.doc
7f04f425e000-7f04f5674000 r--s 00000000 08:00 45646299                   /home/ubuntu/tbazzocchi/FRAG/MedRAG/corpus/wikipedia/index/bm25/_r_Lucene90_0.dvd
7f04f5674000-7f04f5cfc000 r--s 00000000 08:00 45646514                   /home/ubuntu/tbazzocchi/FRAG/MedRAG/corpus/wikipedia/index/bm25/_r.fdt
7f04f5cfc000-7f04f5dd0000 r--s 00000000 08:00 45646295                   /home/ubuntu/tbazzocchi/FRAG/MedRAG/corpus/wikipedia/index/bm25/_r.nvd
7f04f5dd0000-7f04f5e4b000 r--s 00000000 08:00 45646309                   /home/ubuntu/tbazzocchi/FRAG/MedRAG/corpus/wikipedia/index/bm25/_r_Lucene90_0.tip
7f04f5e4b000-7f04f6cb7000 r--s 00000000 08:00 45646306                   /home/ubuntu/tbazzocchi/FRAG/MedRAG/corpus/wikipedia/index/bm25/_r_Lucene90_0.tim
7f04f6cb7000-7f04fbc45000 r--s 00000000 08:00 45646305                   /home/ubuntu/tbazzocchi/FRAG/MedRAG/corpus/wikipedia/index/bm25/_r_Lucene90_0.doc
7f04fbc45000-7f04fc645000 r--s 00000000 08:00 45646318                   /home/ubuntu/tbazzocchi/FRAG/MedRAG/corpus/wikipedia/index/bm25/_x_Lucene90_0.dvd
7f04fc645000-7f04fc987000 r--s 00000000 08:00 45646592                   /home/ubuntu/tbazzocchi/FRAG/MedRAG/corpus/wikipedia/index/bm25/_x.fdt
7f04fc987000-7f04fc9f0000 r--s 00000000 08:00 45646315                   /home/ubuntu/tbazzocchi/FRAG/MedRAG/corpus/wikipedia/index/bm25/_x.nvd
7f04fc9f0000-7f04fd259000 r--s 00000000 08:00 45646325                   /home/ubuntu/tbazzocchi/FRAG/MedRAG/corpus/wikipedia/index/bm25/_x_Lucene90_0.tim
7f04fd259000-7f04ff9cb000 r--s 00000000 08:00 45646324                   /home/ubuntu/tbazzocchi/FRAG/MedRAG/corpus/wikipedia/index/bm25/_x_Lucene90_0.doc
7f04ff9cb000-7f04ffb99000 r--s 00000000 08:00 45646334                   /home/ubuntu/tbazzocchi/FRAG/MedRAG/corpus/wikipedia/index/bm25/_12_Lucene90_0.dvd
7f04ffb99000-7f04ffc2e000 r--s 00000000 08:00 45646649                   /home/ubuntu/tbazzocchi/FRAG/MedRAG/corpus/wikipedia/index/bm25/_12.fdt
7f04ffc2e000-7f04ffe97000 r--s 00000000 08:00 45646341                   /home/ubuntu/tbazzocchi/FRAG/MedRAG/corpus/wikipedia/index/bm25/_12_Lucene90_0.tim
7f04ffe97000-7f050058f000 r--s 00000000 08:00 45646340                   /home/ubuntu/tbazzocchi/FRAG/MedRAG/corpus/wikipedia/index/bm25/_12_Lucene90_0.doc
7f050058f000-7f0500ddc000 r--s 00000000 08:00 45646350                   /home/ubuntu/tbazzocchi/FRAG/MedRAG/corpus/wikipedia/index/bm25/_10_Lucene90_0.dvd
7f0500ddc000-7f050106f000 r--s 00000000 08:00 45646627                   /home/ubuntu/tbazzocchi/FRAG/MedRAG/corpus/wikipedia/index/bm25/_10.fdt
7f050106f000-7f0501754000 r--s 00000000 08:00 45646354                   /home/ubuntu/tbazzocchi/FRAG/MedRAG/corpus/wikipedia/index/bm25/_10_Lucene90_0.tim
7f0501754000-7f05037ab000 r--s 00000000 08:00 45646353                   /home/ubuntu/tbazzocchi/FRAG/MedRAG/corpus/wikipedia/index/bm25/_10_Lucene90_0.doc
7f05037ab000-7f050476f000 r--s 00000000 08:00 45646361                   /home/ubuntu/tbazzocchi/FRAG/MedRAG/corpus/wikipedia/index/bm25/_u_Lucene90_0.dvd
7f050476f000-7f0504c8f000 r--s 00000000 08:00 45646549                   /home/ubuntu/tbazzocchi/FRAG/MedRAG/corpus/wikipedia/index/bm25/_u.fdt
7f0504c8f000-7f050588f000 r--s 00000000 08:00 45646365                   /home/ubuntu/tbazzocchi/FRAG/MedRAG/corpus/wikipedia/index/bm25/_u_Lucene90_0.tim
7f050588f000-7f05096fa000 r--s 00000000 08:00 45646364                   /home/ubuntu/tbazzocchi/FRAG/MedRAG/corpus/wikipedia/index/bm25/_u_Lucene90_0.doc
7f05096fa000-7f0509be3000 r--s 00000000 08:00 45646376                   /home/ubuntu/tbazzocchi/FRAG/MedRAG/corpus/wikipedia/index/bm25/_11_Lucene90_0.dvd
7f0509be3000-7f050a0b9000 r--s 00000000 08:00 45646384                   /home/ubuntu/tbazzocchi/FRAG/MedRAG/corpus/wikipedia/index/bm25/_11_Lucene90_0.tim
7f050a0b9000-7f050b3cb000 r--s 00000000 08:00 45646379                   /home/ubuntu/tbazzocchi/FRAG/MedRAG/corpus/wikipedia/index/bm25/_11_Lucene90_0.doc
7f050b3cb000-7f050be4a000 r--s 00000000 08:00 45646391                   /home/ubuntu/tbazzocchi/FRAG/MedRAG/corpus/wikipedia/index/bm25/_w_Lucene90_0.dvd
7f050be4a000-7f050c71c000 r--s 00000000 08:00 45646399                   /home/ubuntu/tbazzocchi/FRAG/MedRAG/corpus/wikipedia/index/bm25/_w_Lucene90_0.tim
7f050c71c000-7f050f074000 r--s 00000000 08:00 45646398                   /home/ubuntu/tbazzocchi/FRAG/MedRAG/corpus/wikipedia/index/bm25/_w_Lucene90_0.doc
7f050f074000-7f0510cf3000 r--s 00000000 08:00 45646406                   /home/ubuntu/tbazzocchi/FRAG/MedRAG/corpus/wikipedia/index/bm25/_p_Lucene90_0.dvd
7f0510cf3000-7f05115e1000 r--s 00000000 08:00 45646488                   /home/ubuntu/tbazzocchi/FRAG/MedRAG/corpus/wikipedia/index/bm25/_p.fdt
7f05115e1000-7f051280a000 r--s 00000000 08:00 45646414                   /home/ubuntu/tbazzocchi/FRAG/MedRAG/corpus/wikipedia/index/bm25/_p_Lucene90_0.tim
7f051280a000-7f05198a5000 r--s 00000000 08:00 45646413                   /home/ubuntu/tbazzocchi/FRAG/MedRAG/corpus/wikipedia/index/bm25/_p_Lucene90_0.doc
7f05198a5000-7f051b8a7000 r--s 00000000 08:00 45646428                   /home/ubuntu/tbazzocchi/FRAG/MedRAG/corpus/wikipedia/index/bm25/_z_Lucene90_0.doc
7f051b8a7000-7f0520000000 r--s 00000000 08:00 45646445                   /home/ubuntu/tbazzocchi/FRAG/MedRAG/corpus/wikipedia/index/bm25/_t_Lucene90_0.doc
7f0520000000-7f0530000000 ---p 00000000 00:00 0 
7f0530002000-7f0530004000 r--p 00000000 00:62 10045270                   /usr/lib/python3.10/lib-dynload/_lsprof.cpython-310-x86_64-linux-gnu.so
7f0530004000-7f0530007000 r-xp 00002000 00:62 10045270                   /usr/lib/python3.10/lib-dynload/_lsprof.cpython-310-x86_64-linux-gnu.so
7f0530007000-7f0530009000 r--p 00005000 00:62 10045270                   /usr/lib/python3.10/lib-dynload/_lsprof.cpython-310-x86_64-linux-gnu.so
7f0530009000-7f053000a000 r--p 00006000 00:62 10045270                   /usr/lib/python3.10/lib-dynload/_lsprof.cpython-310-x86_64-linux-gnu.so
7f053000a000-7f053000b000 rw-p 00007000 00:62 10045270                   /usr/lib/python3.10/lib-dynload/_lsprof.cpython-310-x86_64-linux-gnu.so
7f053000b000-7f053000c000 r--p 00000000 00:62 10100092                   /home/ubuntu/.local/lib/python3.10/site-packages/pillow.libs/libbrotlidec-2ced2f3a.so.1.1.0
7f053000c000-7f0530015000 r-xp 00001000 00:62 10100092                   /home/ubuntu/.local/lib/python3.10/site-packages/pillow.libs/libbrotlidec-2ced2f3a.so.1.1.0
7f0530015000-7f0530018000 r--p 0000a000 00:62 10100092                   /home/ubuntu/.local/lib/python3.10/site-packages/pillow.libs/libbrotlidec-2ced2f3a.so.1.1.0
7f0530018000-7f0530019000 r--p 0000c000 00:62 10100092                   /home/ubuntu/.local/lib/python3.10/site-packages/pillow.libs/libbrotlidec-2ced2f3a.so.1.1.0
7f0530019000-7f053001a000 rw-p 0000d000 00:62 10100092                   /home/ubuntu/.local/lib/python3.10/site-packages/pillow.libs/libbrotlidec-2ced2f3a.so.1.1.0
7f053001a000-7f053001b000 rw-p 0000e000 00:62 10100092                   /home/ubuntu/.local/lib/python3.10/site-packages/pillow.libs/libbrotlidec-2ced2f3a.so.1.1.0
7f053001b000-7f053001c000 rw-p 0000f000 00:62 10100092                   /home/ubuntu/.local/lib/python3.10/site-packages/pillow.libs/libbrotlidec-2ced2f3a.so.1.1.0
7f053001c000-7f0530020000 r--p 00000000 00:62 10100071                   /home/ubuntu/.local/lib/python3.10/site-packages/PIL/_imagingft.cpython-310-x86_64-linux-gnu.so
7f0530020000-7f0530029000 r-xp 00004000 00:62 10100071                   /home/ubuntu/.local/lib/python3.10/site-packages/PIL/_imagingft.cpython-310-x86_64-linux-gnu.so
7f0530029000-7f053002b000 r--p 0000d000 00:62 10100071                   /home/ubuntu/.local/lib/python3.10/site-packages/PIL/_imagingft.cpython-310-x86_64-linux-gnu.so
7f053002b000-7f053002c000 r--p 0000f000 00:62 10100071                   /home/ubuntu/.local/lib/python3.10/site-packages/PIL/_imagingft.cpython-310-x86_64-linux-gnu.so
7f053002c000-7f053002d000 rw-p 00010000 00:62 10100071                   /home/ubuntu/.local/lib/python3.10/site-packages/PIL/_imagingft.cpython-310-x86_64-linux-gnu.so
7f053002d000-7f053002e000 rw-p 00047000 00:62 10100071                   /home/ubuntu/.local/lib/python3.10/site-packages/PIL/_imagingft.cpython-310-x86_64-linux-gnu.so
7f053002e000-7f053002f000 rw-p 00048000 00:62 10100071                   /home/ubuntu/.local/lib/python3.10/site-packages/PIL/_imagingft.cpython-310-x86_64-linux-gnu.so
7f053002f000-7f0530078000 r--s 00000000 08:00 45646326                   /home/ubuntu/tbazzocchi/FRAG/MedRAG/corpus/wikipedia/index/bm25/_x_Lucene90_0.tip
7f0530078000-7f053008b000 r--s 00000000 08:00 45646332                   /home/ubuntu/tbazzocchi/FRAG/MedRAG/corpus/wikipedia/index/bm25/_12.nvd
7f053008b000-7f05300e1000 r--s 00000000 08:00 45646348                   /home/ubuntu/tbazzocchi/FRAG/MedRAG/corpus/wikipedia/index/bm25/_10.nvd
7f05300e1000-7f053011e000 r--s 00000000 08:00 45646355                   /home/ubuntu/tbazzocchi/FRAG/MedRAG/corpus/wikipedia/index/bm25/_10_Lucene90_0.tip
7f053011e000-7f05301c4000 r--s 00000000 08:00 45646359                   /home/ubuntu/tbazzocchi/FRAG/MedRAG/corpus/wikipedia/index/bm25/_u.nvd
7f05301c4000-7f053022b000 r--s 00000000 08:00 45646366                   /home/ubuntu/tbazzocchi/FRAG/MedRAG/corpus/wikipedia/index/bm25/_u_Lucene90_0.tip
7f053022b000-7f05303ba000 r--s 00000000 08:00 45646640                   /home/ubuntu/tbazzocchi/FRAG/MedRAG/corpus/wikipedia/index/bm25/_11.fdt
7f05303ba000-7f05303ed000 r--s 00000000 08:00 45646374                   /home/ubuntu/tbazzocchi/FRAG/MedRAG/corpus/wikipedia/index/bm25/_11.nvd
7f05303ed000-7f0530757000 r--s 00000000 08:00 45646582                   /home/ubuntu/tbazzocchi/FRAG/MedRAG/corpus/wikipedia/index/bm25/_w.fdt
7f0530757000-7f05307c5000 r--s 00000000 08:00 45646389                   /home/ubuntu/tbazzocchi/FRAG/MedRAG/corpus/wikipedia/index/bm25/_w.nvd
7f05307c5000-7f0530811000 r--s 00000000 08:00 45646400                   /home/ubuntu/tbazzocchi/FRAG/MedRAG/corpus/wikipedia/index/bm25/_w_Lucene90_0.tip
7f0530811000-7f053093c000 r--s 00000000 08:00 45646404                   /home/ubuntu/tbazzocchi/FRAG/MedRAG/corpus/wikipedia/index/bm25/_p.nvd
7f053093c000-7f05309d8000 r--s 00000000 08:00 45646415                   /home/ubuntu/tbazzocchi/FRAG/MedRAG/corpus/wikipedia/index/bm25/_p_Lucene90_0.tip
7f05309d8000-7f0531207000 r--s 00000000 08:00 45646421                   /home/ubuntu/tbazzocchi/FRAG/MedRAG/corpus/wikipedia/index/bm25/_z_Lucene90_0.dvd
7f0531207000-7f0531930000 r--s 00000000 08:00 45646429                   /home/ubuntu/tbazzocchi/FRAG/MedRAG/corpus/wikipedia/index/bm25/_z_Lucene90_0.tim
7f0531930000-7f0532b35000 r--s 00000000 08:00 45646442                   /home/ubuntu/tbazzocchi/FRAG/MedRAG/corpus/wikipedia/index/bm25/_t_Lucene90_0.dvd
7f0532b35000-7f0533111000 r--s 00000000 08:00 45646536                   /home/ubuntu/tbazzocchi/FRAG/MedRAG/corpus/wikipedia/index/bm25/_t.fdt
7f0533111000-7f0533e66000 r--s 00000000 08:00 45646446                   /home/ubuntu/tbazzocchi/FRAG/MedRAG/corpus/wikipedia/index/bm25/_t_Lucene90_0.tim
7f0533e66000-7f0534d0b000 r--s 00000000 08:00 45646457                   /home/ubuntu/tbazzocchi/FRAG/MedRAG/corpus/wikipedia/index/bm25/_v_Lucene90_0.dvd
7f0534d0b000-7f05351c4000 r--s 00000000 08:00 45646562                   /home/ubuntu/tbazzocchi/FRAG/MedRAG/corpus/wikipedia/index/bm25/_v.fdt
7f05351c4000-7f0535cd7000 r--s 00000000 08:00 45646301                   /home/ubuntu/tbazzocchi/FRAG/MedRAG/corpus/wikipedia/index/bm25/_v_Lucene90_0.tim
7f0535cd7000-7f053968e000 r--s 00000000 08:00 45646296                   /home/ubuntu/tbazzocchi/FRAG/MedRAG/corpus/wikipedia/index/bm25/_v_Lucene90_0.doc
7f053968e000-7f053a000000 r--s 00000000 08:00 45646337                   /home/ubuntu/tbazzocchi/FRAG/MedRAG/corpus/wikipedia/index/bm25/_y_Lucene90_0.dvd
7f053a000000-7f0540000000 ---p 00000000 00:00 0 
7f0540000000-7f0540021000 rw-p 00000000 00:00 0 
7f0540021000-7f0544000000 ---p 00000000 00:00 0 
7f0544003000-7f0544018000 r--s 00000000 08:00 45646342                   /home/ubuntu/tbazzocchi/FRAG/MedRAG/corpus/wikipedia/index/bm25/_12_Lucene90_0.tip
7f0544018000-7f05442ba000 r--s 00000000 08:00 45646614                   /home/ubuntu/tbazzocchi/FRAG/MedRAG/corpus/wikipedia/index/bm25/_z.fdt
7f05442ba000-7f0544310000 r--s 00000000 08:00 45646419                   /home/ubuntu/tbazzocchi/FRAG/MedRAG/corpus/wikipedia/index/bm25/_z.nvd
7f0544310000-7f054434e000 r--s 00000000 08:00 45646430                   /home/ubuntu/tbazzocchi/FRAG/MedRAG/corpus/wikipedia/index/bm25/_z_Lucene90_0.tip
7f054434e000-7f054440c000 r--s 00000000 08:00 45646440                   /home/ubuntu/tbazzocchi/FRAG/MedRAG/corpus/wikipedia/index/bm25/_t.nvd
7f054440c000-7f054447f000 r--s 00000000 08:00 45646447                   /home/ubuntu/tbazzocchi/FRAG/MedRAG/corpus/wikipedia/index/bm25/_t_Lucene90_0.tip
7f054447f000-7f05469cc000 r--s 00000000 08:00 45646371                   /home/ubuntu/tbazzocchi/FRAG/MedRAG/corpus/wikipedia/index/bm25/_y_Lucene90_0.doc
7f05469cc000-7f0546a7d000 r--p 00000000 00:62 10237031                   /home/ubuntu/.local/lib/python3.10/site-packages/onnxruntime/capi/onnxruntime_pybind11_state.cpython-310-x86_64-linux-gnu.so
7f0546a7d000-7f0547bb8000 r-xp 000b1000 00:62 10237031                   /home/ubuntu/.local/lib/python3.10/site-packages/onnxruntime/capi/onnxruntime_pybind11_state.cpython-310-x86_64-linux-gnu.so
7f0547bb8000-7f0547fb6000 r--p 011ec000 00:62 10237031                   /home/ubuntu/.local/lib/python3.10/site-packages/onnxruntime/capi/onnxruntime_pybind11_state.cpython-310-x86_64-linux-gnu.so
7f0547fb6000-7f0547ff6000 r--p 015ea000 00:62 10237031                   /home/ubuntu/.local/lib/python3.10/site-packages/onnxruntime/capi/onnxruntime_pybind11_state.cpython-310-x86_64-linux-gnu.so
7f0547ff6000-7f0547ff9000 rw-p 0162a000 00:62 10237031                   /home/ubuntu/.local/lib/python3.10/site-packages/onnxruntime/capi/onnxruntime_pybind11_state.cpython-310-x86_64-linux-gnu.so
7f0547ff9000-7f0548000000 rw-p 00000000 00:00 0 
7f0548000000-7f05491b9000 rw-p 00000000 00:00 0 
7f05491b9000-7f054c000000 ---p 00000000 00:00 0 
7f054c000000-7f054d4cc000 rw-p 00000000 00:00 0 
7f054d4cc000-7f0550000000 ---p 00000000 00:00 0 
7f0550000000-7f05500f7000 rw-p 00000000 00:00 0 
7f05500f7000-7f0554000000 ---p 00000000 00:00 0 
7f0554000000-7f055412b000 rw-p 00000000 00:00 0 
7f055412b000-7f0558000000 ---p 00000000 00:00 0 
7f0558000000-7f0558021000 rw-p 00000000 00:00 0 
7f0558021000-7f055c000000 ---p 00000000 00:00 0 
7f055c000000-7f055c0cc000 rw-p 00000000 00:00 0 
7f055c0cc000-7f0560000000 ---p 00000000 00:00 0 
7f0560000000-7f0560021000 rw-p 00000000 00:00 0 
7f0560021000-7f0564000000 ---p 00000000 00:00 0 
7f0564000000-7f0564021000 rw-p 00000000 00:00 0 
7f0564021000-7f0568000000 ---p 00000000 00:00 0 
7f0568000000-7f0568168000 rw-p 00000000 00:00 0 
7f0568168000-7f056c000000 ---p 00000000 00:00 0 
7f056c000000-7f056c021000 rw-p 00000000 00:00 0 
7f056c021000-7f0570000000 ---p 00000000 00:00 0 
7f0570000000-7f0570021000 rw-p 00000000 00:00 0 
7f0570021000-7f0574000000 ---p 00000000 00:00 0 
7f0574000000-7f0575b3f000 rw-p 00000000 00:00 0 
7f0575b3f000-7f0578000000 ---p 00000000 00:00 0 
7f0578000000-7f0578021000 rw-p 00000000 00:00 0 
7f0578021000-7f057c000000 ---p 00000000 00:00 0 
7f057c000000-7f057c021000 rw-p 00000000 00:00 0 
7f057c021000-7f0580000000 ---p 00000000 00:00 0 
7f0580000000-7f0580021000 rw-p 00000000 00:00 0 
7f0580021000-7f0584000000 ---p 00000000 00:00 0 
7f0584000000-7f0584021000 rw-p 00000000 00:00 0 
7f0584021000-7f0588000000 ---p 00000000 00:00 0 
7f0588000000-7f0588021000 rw-p 00000000 00:00 0 
7f0588021000-7f058c000000 ---p 00000000 00:00 0 
7f058c000000-7f058c001000 r--p 00000000 00:62 10163491                   /home/ubuntu/.local/lib/python3.10/site-packages/torchvision.libs/libsharpyuv.0032f495.so.0
7f058c001000-7f058c006000 r-xp 00001000 00:62 10163491                   /home/ubuntu/.local/lib/python3.10/site-packages/torchvision.libs/libsharpyuv.0032f495.so.0
7f058c006000-7f058c007000 r--p 00006000 00:62 10163491                   /home/ubuntu/.local/lib/python3.10/site-packages/torchvision.libs/libsharpyuv.0032f495.so.0
7f058c007000-7f058c008000 r--p 00006000 00:62 10163491                   /home/ubuntu/.local/lib/python3.10/site-packages/torchvision.libs/libsharpyuv.0032f495.so.0
7f058c008000-7f058c009000 rw-p 00007000 00:62 10163491                   /home/ubuntu/.local/lib/python3.10/site-packages/torchvision.libs/libsharpyuv.0032f495.so.0
7f058c009000-7f058c00a000 rw-p 00000000 00:00 0 
7f058c00a000-7f058c0a4000 r--s 00000000 08:00 45646455                   /home/ubuntu/tbazzocchi/FRAG/MedRAG/corpus/wikipedia/index/bm25/_v.nvd
7f058c0a4000-7f058c104000 r--s 00000000 08:00 45646307                   /home/ubuntu/tbazzocchi/FRAG/MedRAG/corpus/wikipedia/index/bm25/_v_Lucene90_0.tip
7f058c104000-7f058c419000 r--s 00000000 08:00 45646598                   /home/ubuntu/tbazzocchi/FRAG/MedRAG/corpus/wikipedia/index/bm25/_y.fdt
7f058c419000-7f058c47d000 r--s 00000000 08:00 45646327                   /home/ubuntu/tbazzocchi/FRAG/MedRAG/corpus/wikipedia/index/bm25/_y.nvd
7f058c47d000-7f058c4c3000 r--s 00000000 08:00 45646381                   /home/ubuntu/tbazzocchi/FRAG/MedRAG/corpus/wikipedia/index/bm25/_y_Lucene90_0.tip
7f058c4c3000-7f058ccdd000 r--s 00000000 08:00 45646380                   /home/ubuntu/tbazzocchi/FRAG/MedRAG/corpus/wikipedia/index/bm25/_y_Lucene90_0.tim
7f058ccdd000-7f058cedd000 rw-p 00000000 00:00 0 
7f058cedd000-7f058deff000 ---p 00000000 00:00 0 
7f058deff000-7f058e6ff000 rw-p 00000000 00:00 0 
7f058e6ff000-7f058e703000 ---p 00000000 00:00 0 
7f058e703000-7f058e7ff000 rw-p 00000000 00:00 0 
7f058e7ff000-7f058e803000 ---p 00000000 00:00 0 
7f058e803000-7f058e8ff000 rw-p 00000000 00:00 0 
7f058e8ff000-7f058e903000 ---p 00000000 00:00 0 
7f058e903000-7f058eaff000 rw-p 00000000 00:00 0 
7f058eaff000-7f058eb03000 ---p 00000000 00:00 0 
7f058eb03000-7f058ebff000 rw-p 00000000 00:00 0 
7f058ebff000-7f058ec03000 ---p 00000000 00:00 0 
7f058ec03000-7f058ecff000 rw-p 00000000 00:00 0 
7f058ecff000-7f058ed03000 ---p 00000000 00:00 0 
7f058ed03000-7f058edff000 rw-p 00000000 00:00 0 
7f058edff000-7f058ee03000 ---p 00000000 00:00 0 
7f058ee03000-7f058eeff000 rw-p 00000000 00:00 0 
7f058eeff000-7f058ef00000 ---p 00000000 00:00 0 
7f058ef00000-7f058f400000 rw-p 00000000 00:00 0 
7f058f400000-7f058f900000 rw-p 00000000 00:00 0 
7f058f900000-7f058ff00000 rw-p 00000000 00:00 0 
7f058ff00000-7f058ff80000 rw-p 00000000 00:00 0 
7f058ff80000-7f0590000000 ---p 00000000 00:00 0 
7f0590000000-7f05900f0000 rw-p 00000000 00:00 0 
7f05900f0000-7f0593000000 ---p 00000000 00:00 0 
7f0593000000-7f0593455000 rw-p 00001000 00:62 10553192                   /usr/lib/jvm/java-17-openjdk-amd64/lib/server/classes.jsa
7f0593455000-7f0593bca000 rw-p 00456000 00:62 10553192                   /usr/lib/jvm/java-17-openjdk-amd64/lib/server/classes.jsa
7f0593bca000-7f0594000000 ---p 00000000 00:00 0 
7f0594000000-7f0594040000 rw-p 00000000 00:00 0 
7f0594040000-7f0594080000 rw-p 00000000 00:00 0 
7f0594080000-7f05940e0000 rw-p 00000000 00:00 0 
7f05940e0000-7f0594140000 rw-p 00000000 00:00 0 
7f0594140000-7f0594230000 rw-p 00000000 00:00 0 
7f0594230000-7f05d4000000 ---p 00000000 00:00 0 
7f05d4000000-7f05d4021000 rw-p 00000000 00:00 0 
7f05d4021000-7f05d8000000 ---p 00000000 00:00 0 
7f05d8000000-7f05d8021000 rw-p 00000000 00:00 0 
7f05d8021000-7f05dc000000 ---p 00000000 00:00 0 
7f05dc000000-7f05dc021000 rw-p 00000000 00:00 0 
7f05dc021000-7f05e0000000 ---p 00000000 00:00 0 
7f05e0000000-7f05e0021000 rw-p 00000000 00:00 0 
7f05e0021000-7f05e4000000 ---p 00000000 00:00 0 
7f05e4000000-7f05e4021000 rw-p 00000000 00:00 0 
7f05e4021000-7f05e8000000 ---p 00000000 00:00 0 
7f05e8002000-7f05e8008000 r--s 00000000 08:00 45646521                   /home/ubuntu/tbazzocchi/FRAG/MedRAG/corpus/wikipedia/index/bm25/_s.fdx
7f05e8008000-7f05e8010000 r--s 00000000 08:00 45646502                   /home/ubuntu/tbazzocchi/FRAG/MedRAG/corpus/wikipedia/index/bm25/_13.fdx
7f05e8010000-7f05e803a000 r--s 00000000 08:00 45646385                   /home/ubuntu/tbazzocchi/FRAG/MedRAG/corpus/wikipedia/index/bm25/_11_Lucene90_0.tip
7f05e803a000-7f05e804a000 -w-s 00000000 00:05 680                        /dev/nvidia0
7f05e804a000-7f05e804c000 r--p 00000000 00:62 10553178                   /usr/lib/jvm/java-17-openjdk-amd64/lib/libmanagement_ext.so
7f05e804c000-7f05e804f000 r-xp 00002000 00:62 10553178                   /usr/lib/jvm/java-17-openjdk-amd64/lib/libmanagement_ext.so
7f05e804f000-7f05e8051000 r--p 00005000 00:62 10553178                   /usr/lib/jvm/java-17-openjdk-amd64/lib/libmanagement_ext.so
7f05e8051000-7f05e8052000 r--p 00006000 00:62 10553178                   /usr/lib/jvm/java-17-openjdk-amd64/lib/libmanagement_ext.so
7f05e8052000-7f05e8053000 rw-p 00007000 00:62 10553178                   /usr/lib/jvm/java-17-openjdk-amd64/lib/libmanagement_ext.so
7f05e8053000-7f05e8055000 r--p 00000000 00:62 10553188                   /usr/lib/jvm/java-17-openjdk-amd64/lib/libzip.so
7f05e8055000-7f05e805a000 r-xp 00002000 00:62 10553188                   /usr/lib/jvm/java-17-openjdk-amd64/lib/libzip.so
7f05e805a000-7f05e805c000 r--p 00007000 00:62 10553188                   /usr/lib/jvm/java-17-openjdk-amd64/lib/libzip.so
7f05e805c000-7f05e805d000 r--p 00008000 00:62 10553188                   /usr/lib/jvm/java-17-openjdk-amd64/lib/libzip.so
7f05e805d000-7f05e805e000 rw-p 00009000 00:62 10553188                   /usr/lib/jvm/java-17-openjdk-amd64/lib/libzip.so
7f05e805e000-7f05e8062000 r--p 00000000 00:62 10553180                   /usr/lib/jvm/java-17-openjdk-amd64/lib/libnet.so
7f05e8062000-7f05e8070000 r-xp 00004000 00:62 10553180                   /usr/lib/jvm/java-17-openjdk-amd64/lib/libnet.so
7f05e8070000-7f05e8074000 r--p 00012000 00:62 10553180                   /usr/lib/jvm/java-17-openjdk-amd64/lib/libnet.so
7f05e8074000-7f05e8075000 r--p 00015000 00:62 10553180                   /usr/lib/jvm/java-17-openjdk-amd64/lib/libnet.so
7f05e8075000-7f05e8076000 rw-p 00016000 00:62 10553180                   /usr/lib/jvm/java-17-openjdk-amd64/lib/libnet.so
7f05e8076000-7f05e807a000 ---p 00000000 00:00 0 
7f05e807a000-7f05e8176000 rw-p 00000000 00:00 0 
7f05e8176000-7f05e817a000 ---p 00000000 00:00 0 
7f05e817a000-7f05e8276000 rw-p 00000000 00:00 0 
7f05e8276000-7f05e827a000 ---p 00000000 00:00 0 
7f05e827a000-7f05e8376000 rw-p 00000000 00:00 0 
7f05e8376000-7f05e837a000 ---p 00000000 00:00 0 
7f05e837a000-7f05e8476000 rw-p 00000000 00:00 0 
7f05e8476000-7f05e847a000 ---p 00000000 00:00 0 
7f05e847a000-7f05e8576000 rw-p 00000000 00:00 0 
7f05e8576000-7f05e857a000 ---p 00000000 00:00 0 
7f05e857a000-7f05e8676000 rw-p 00000000 00:00 0 
7f05e8676000-7f05e867a000 ---p 00000000 00:00 0 
7f05e867a000-7f05e8776000 rw-p 00000000 00:00 0 
7f05e8776000-7f05e877a000 ---p 00000000 00:00 0 
7f05e877a000-7f05e8876000 rw-p 00000000 00:00 0 
7f05e8876000-7f05e887a000 ---p 00000000 00:00 0 
7f05e887a000-7f05e8976000 rw-p 00000000 00:00 0 
7f05e8976000-7f05e8977000 ---p 00000000 00:00 0 
7f05e8977000-7f05e8a77000 rw-p 00000000 00:00 0 
7f05e8a77000-7f05e8a7c000 r--p 00000000 00:62 10553174                   /usr/lib/jvm/java-17-openjdk-amd64/lib/libjsvml.so
7f05e8a7c000-7f05e8abd000 r-xp 00005000 00:62 10553174                   /usr/lib/jvm/java-17-openjdk-amd64/lib/libjsvml.so
7f05e8abd000-7f05e8b46000 r--p 00046000 00:62 10553174                   /usr/lib/jvm/java-17-openjdk-amd64/lib/libjsvml.so
7f05e8b46000-7f05e8b47000 r--p 000ce000 00:62 10553174                   /usr/lib/jvm/java-17-openjdk-amd64/lib/libjsvml.so
7f05e8b47000-7f05e8b48000 rw-p 000cf000 00:62 10553174                   /usr/lib/jvm/java-17-openjdk-amd64/lib/libjsvml.so
7f05e8b48000-7f05e8b49000 ---p 00000000 00:00 0 
7f05e8b49000-7f05e8c49000 rw-p 00000000 00:00 0 
7f05e8c49000-7f05e8c4a000 ---p 00000000 00:00 0 
7f05e8c4a000-7f05ead4a000 rw-p 00000000 00:00 0 
7f05ead4a000-7f05ead4b000 ---p 00000000 00:00 0 
7f05ead4b000-7f05eae4b000 rw-p 00000000 00:00 0 
7f05eae4b000-7f05eae4c000 ---p 00000000 00:00 0 
7f05eae4c000-7f05eaf4c000 rw-p 00000000 00:00 0 
7f05eaf4c000-7f05eaf4d000 ---p 00000000 00:00 0 
7f05eaf4d000-7f05ed141000 rw-p 00000000 00:00 0 
7f05ed141000-7f0609041000 ---p 00000000 00:00 0 
7f0609041000-7f060b0c1000 rw-p 00000000 00:00 0 
7f060b0c1000-7f0626fc1000 ---p 00000000 00:00 0 
7f0626fc1000-7f0627441000 rw-p 00000000 00:00 0 
7f0627441000-7f062ac21000 ---p 00000000 00:00 0 
7f062ac21000-7f062b031000 rw-p 00000000 00:00 0 
7f062b031000-7f062e811000 ---p 00000000 00:00 0 
7f062e811000-7f062ec21000 rw-p 00000000 00:00 0 
7f062ec21000-7f0632401000 ---p 00000000 00:00 0 
7f0632401000-7f0632417000 rw-p 00000000 00:00 0 
7f0632417000-7f06324fa000 ---p 00000000 00:00 0 
7f06324fa000-7f0632504000 rw-p 00000000 00:00 0 
7f0632504000-7f06325e3000 ---p 00000000 00:00 0 
7f06325e3000-7f0632ab3000 rwxp 00000000 00:00 0 
7f0632ab3000-7f0639a42000 ---p 00000000 00:00 0 
7f0639a42000-7f0639d42000 rwxp 00000000 00:00 0 
7f0639d42000-7f063a183000 ---p 00000000 00:00 0 
7f063a183000-7f063a423000 rwxp 00000000 00:00 0 
7f063a423000-7f06415e3000 ---p 00000000 00:00 0 
7f06415e3000-7f0649098000 r--s 00000000 00:62 10553189                   /usr/lib/jvm/java-17-openjdk-amd64/lib/modules
7f0649098000-7f06492e9000 r--p 00000000 00:62 10553195                   /usr/lib/jvm/java-17-openjdk-amd64/lib/server/libjvm.so
7f06492e9000-7f064a05e000 r-xp 00251000 00:62 10553195                   /usr/lib/jvm/java-17-openjdk-amd64/lib/server/libjvm.so
7f064a05e000-7f064a2e1000 r--p 00fc6000 00:62 10553195                   /usr/lib/jvm/java-17-openjdk-amd64/lib/server/libjvm.so
7f064a2e1000-7f064a2e2000 ---p 01249000 00:62 10553195                   /usr/lib/jvm/java-17-openjdk-amd64/lib/server/libjvm.so
7f064a2e2000-7f064a39a000 r--p 01249000 00:62 10553195                   /usr/lib/jvm/java-17-openjdk-amd64/lib/server/libjvm.so
7f064a39a000-7f064a3cf000 rw-p 01301000 00:62 10553195                   /usr/lib/jvm/java-17-openjdk-amd64/lib/server/libjvm.so
7f064a3cf000-7f064a829000 rw-p 00000000 00:00 0 
7f064a829000-7f064a957000 r--p 00000000 00:62 10171480                   /home/ubuntu/.local/lib/python3.10/site-packages/faiss/_swigfaiss_avx2.cpython-310-x86_64-linux-gnu.so
7f064a957000-7f064a95b000 r-xp 0012e000 00:62 10171480                   /home/ubuntu/.local/lib/python3.10/site-packages/faiss/_swigfaiss_avx2.cpython-310-x86_64-linux-gnu.so
7f064a95b000-7f064a961000 ---p 00132000 00:62 10171480                   /home/ubuntu/.local/lib/python3.10/site-packages/faiss/_swigfaiss_avx2.cpython-310-x86_64-linux-gnu.so
7f064a961000-7f064c68e000 r-xp 00138000 00:62 10171480                   /home/ubuntu/.local/lib/python3.10/site-packages/faiss/_swigfaiss_avx2.cpython-310-x86_64-linux-gnu.so
7f064c68e000-7f064c915000 r--p 01e65000 00:62 10171480                   /home/ubuntu/.local/lib/python3.10/site-packages/faiss/_swigfaiss_avx2.cpython-310-x86_64-linux-gnu.so
7f064c915000-7f064c924000 r--p 020eb000 00:62 10171480                   /home/ubuntu/.local/lib/python3.10/site-packages/faiss/_swigfaiss_avx2.cpython-310-x86_64-linux-gnu.so
7f064c924000-7f064c965000 rw-p 020fa000 00:62 10171480                   /home/ubuntu/.local/lib/python3.10/site-packages/faiss/_swigfaiss_avx2.cpython-310-x86_64-linux-gnu.so
7f064c965000-7f064c971000 rw-p 00000000 00:00 0 
7f064c971000-7f064c9c2000 rw-p 0213c000 00:62 10171480                   /home/ubuntu/.local/lib/python3.10/site-packages/faiss/_swigfaiss_avx2.cpython-310-x86_64-linux-gnu.so
7f064c9c2000-7f064ca00000 rw-p 0218d000 00:62 10171480                   /home/ubuntu/.local/lib/python3.10/site-packages/faiss/_swigfaiss_avx2.cpython-310-x86_64-linux-gnu.so
7f064ca00000-7f064cc00000 rw-p 00000000 00:00 0 
7f064cc00000-7f064cc03000 r-xp 00000000 00:62 10100089                   /home/ubuntu/.local/lib/python3.10/site-packages/pillow.libs/libXau-154567c4.so.6.0.0
7f064cc03000-7f064ce02000 ---p 00003000 00:62 10100089                   /home/ubuntu/.local/lib/python3.10/site-packages/pillow.libs/libXau-154567c4.so.6.0.0
7f064ce02000-7f064ce03000 r--p 00002000 00:62 10100089                   /home/ubuntu/.local/lib/python3.10/site-packages/pillow.libs/libXau-154567c4.so.6.0.0
7f064ce03000-7f064ce04000 rw-p 00000000 00:00 0 
7f064ce04000-7f064ce05000 rw-p 00005000 00:62 10100089                   /home/ubuntu/.local/lib/python3.10/site-packages/pillow.libs/libXau-154567c4.so.6.0.0
7f064ce07000-7f064ce0e000 r--p 00000000 00:62 10553181                   /usr/lib/jvm/java-17-openjdk-amd64/lib/libnio.so
7f064ce0e000-7f064ce17000 r-xp 00007000 00:62 10553181                   /usr/lib/jvm/java-17-openjdk-amd64/lib/libnio.so
7f064ce17000-7f064ce1b000 r--p 00010000 00:62 10553181                   /usr/lib/jvm/java-17-openjdk-amd64/lib/libnio.so
7f064ce1b000-7f064ce1c000 ---p 00014000 00:62 10553181                   /usr/lib/jvm/java-17-openjdk-amd64/lib/libnio.so
7f064ce1c000-7f064ce1d000 r--p 00014000 00:62 10553181                   /usr/lib/jvm/java-17-openjdk-amd64/lib/libnio.so
7f064ce1d000-7f064ce1e000 rw-p 00015000 00:62 10553181                   /usr/lib/jvm/java-17-openjdk-amd64/lib/libnio.so
7f064ce1e000-7f064ce24000 rw-p 00000000 00:00 0 
7f064ce24000-7f064ce2d000 ---p 00000000 00:00 0 
7f064ce2d000-7f064ce39000 r--p 00000000 00:62 10553167                   /usr/lib/jvm/java-17-openjdk-amd64/lib/libjava.so
7f064ce39000-7f064ce4c000 r-xp 0000c000 00:62 10553167                   /usr/lib/jvm/java-17-openjdk-amd64/lib/libjava.so
7f064ce4c000-7f064ce52000 r--p 0001f000 00:62 10553167                   /usr/lib/jvm/java-17-openjdk-amd64/lib/libjava.so
7f064ce52000-7f064ce53000 r--p 00024000 00:62 10553167                   /usr/lib/jvm/java-17-openjdk-amd64/lib/libjava.so
7f064ce53000-7f064ce54000 rw-p 00025000 00:62 10553167                   /usr/lib/jvm/java-17-openjdk-amd64/lib/libjava.so
7f064ce54000-7f064ce55000 rw-p 00000000 00:00 0 
7f064ce55000-7f064ce5d000 rw-s 00000000 00:62 10176911                   /tmp/hsperfdata_ubuntu/62432 (deleted)
7f064ce5d000-7f064ce67000 r--p 00000000 00:62 10171408                   /home/ubuntu/.local/lib/python3.10/site-packages/jnius/jnius.cpython-310-x86_64-linux-gnu.so
7f064ce67000-7f064cee2000 r-xp 0000a000 00:62 10171408                   /home/ubuntu/.local/lib/python3.10/site-packages/jnius/jnius.cpython-310-x86_64-linux-gnu.so
7f064cee2000-7f064cef1000 r--p 00085000 00:62 10171408                   /home/ubuntu/.local/lib/python3.10/site-packages/jnius/jnius.cpython-310-x86_64-linux-gnu.so
7f064cef1000-7f064cef4000 r--p 00093000 00:62 10171408                   /home/ubuntu/.local/lib/python3.10/site-packages/jnius/jnius.cpython-310-x86_64-linux-gnu.so
7f064cef4000-7f064cef8000 rw-p 00096000 00:62 10171408                   /home/ubuntu/.local/lib/python3.10/site-packages/jnius/jnius.cpython-310-x86_64-linux-gnu.so
7f064cef8000-7f064cff9000 rw-p 00000000 00:00 0 
7f064cff9000-7f064cffd000 r--p 00000000 00:62 10100097                   /home/ubuntu/.local/lib/python3.10/site-packages/pillow.libs/liblzma-64b7ab39.so.5.8.1
7f064cffd000-7f064d02a000 r-xp 00004000 00:62 10100097                   /home/ubuntu/.local/lib/python3.10/site-packages/pillow.libs/liblzma-64b7ab39.so.5.8.1
7f064d02a000-7f064d037000 r--p 00031000 00:62 10100097                   /home/ubuntu/.local/lib/python3.10/site-packages/pillow.libs/liblzma-64b7ab39.so.5.8.1
7f064d037000-7f064d038000 r--p 0003e000 00:62 10100097                   /home/ubuntu/.local/lib/python3.10/site-packages/pillow.libs/liblzma-64b7ab39.so.5.8.1
7f064d038000-7f064d039000 rw-p 0003f000 00:62 10100097                   /home/ubuntu/.local/lib/python3.10/site-packages/pillow.libs/liblzma-64b7ab39.so.5.8.1
7f064d039000-7f064d03b000 rw-p 00040000 00:62 10100097                   /home/ubuntu/.local/lib/python3.10/site-packages/pillow.libs/liblzma-64b7ab39.so.5.8.1
7f064d03b000-7f064d047000 r--p 00000000 00:62 10100105                   /home/ubuntu/.local/lib/python3.10/site-packages/pillow.libs/libxcb-64009ff3.so.1.1.0
7f064d047000-7f064d062000 r-xp 0000c000 00:62 10100105                   /home/ubuntu/.local/lib/python3.10/site-packages/pillow.libs/libxcb-64009ff3.so.1.1.0
7f064d062000-7f064d06c000 r--p 00027000 00:62 10100105                   /home/ubuntu/.local/lib/python3.10/site-packages/pillow.libs/libxcb-64009ff3.so.1.1.0
7f064d06c000-7f064d06d000 r--p 00030000 00:62 10100105                   /home/ubuntu/.local/lib/python3.10/site-packages/pillow.libs/libxcb-64009ff3.so.1.1.0
7f064d06d000-7f064d06e000 rw-p 00031000 00:62 10100105                   /home/ubuntu/.local/lib/python3.10/site-packages/pillow.libs/libxcb-64009ff3.so.1.1.0
7f064d06e000-7f064d074000 rw-p 00033000 00:62 10100105                   /home/ubuntu/.local/lib/python3.10/site-packages/pillow.libs/libxcb-64009ff3.so.1.1.0
7f064d074000-7f064d079000 rw-p 00039000 00:62 10100105                   /home/ubuntu/.local/lib/python3.10/site-packages/pillow.libs/libxcb-64009ff3.so.1.1.0
7f064d079000-7f064d081000 r--p 00000000 00:62 10100098                   /home/ubuntu/.local/lib/python3.10/site-packages/pillow.libs/libopenjp2-56811f71.so.2.5.3
7f064d081000-7f064d0f0000 r-xp 00008000 00:62 10100098                   /home/ubuntu/.local/lib/python3.10/site-packages/pillow.libs/libopenjp2-56811f71.so.2.5.3
7f064d0f0000-7f064d103000 r--p 00077000 00:62 10100098                   /home/ubuntu/.local/lib/python3.10/site-packages/pillow.libs/libopenjp2-56811f71.so.2.5.3
7f064d103000-7f064d104000 r--p 0008a000 00:62 10100098                   /home/ubuntu/.local/lib/python3.10/site-packages/pillow.libs/libopenjp2-56811f71.so.2.5.3
7f064d104000-7f064d105000 rw-p 0008b000 00:62 10100098                   /home/ubuntu/.local/lib/python3.10/site-packages/pillow.libs/libopenjp2-56811f71.so.2.5.3
7f064d105000-7f064d108000 rw-p 0008d000 00:62 10100098                   /home/ubuntu/.local/lib/python3.10/site-packages/pillow.libs/libopenjp2-56811f71.so.2.5.3
7f064d108000-7f064d10e000 r--p 00000000 00:62 10100095                   /home/ubuntu/.local/lib/python3.10/site-packages/pillow.libs/libjpeg-8a13c6e0.so.62.4.0
7f064d10e000-7f064d1a5000 r-xp 00006000 00:62 10100095                   /home/ubuntu/.local/lib/python3.10/site-packages/pillow.libs/libjpeg-8a13c6e0.so.62.4.0
7f064d1a5000-7f064d1ce000 r--p 0009d000 00:62 10100095                   /home/ubuntu/.local/lib/python3.10/site-packages/pillow.libs/libjpeg-8a13c6e0.so.62.4.0
7f064d1ce000-7f064d1cf000 r--p 000c6000 00:62 10100095                   /home/ubuntu/.local/lib/python3.10/site-packages/pillow.libs/libjpeg-8a13c6e0.so.62.4.0
7f064d1cf000-7f064d1d0000 rw-p 000c7000 00:62 10100095                   /home/ubuntu/.local/lib/python3.10/site-packages/pillow.libs/libjpeg-8a13c6e0.so.62.4.0
7f064d1d0000-7f064d1d2000 rw-p 000c8000 00:62 10100095                   /home/ubuntu/.local/lib/python3.10/site-packages/pillow.libs/libjpeg-8a13c6e0.so.62.4.0
7f064d1d2000-7f064d1d4000 rw-p 000ca000 00:62 10100095                   /home/ubuntu/.local/lib/python3.10/site-packages/pillow.libs/libjpeg-8a13c6e0.so.62.4.0
7f064d1d4000-7f064d1dc000 r--p 00000000 00:62 10100101                   /home/ubuntu/.local/lib/python3.10/site-packages/pillow.libs/libtiff-13a02c81.so.6.1.0
7f064d1dc000-7f064d24f000 r-xp 00008000 00:62 10100101                   /home/ubuntu/.local/lib/python3.10/site-packages/pillow.libs/libtiff-13a02c81.so.6.1.0
7f064d24f000-7f064d281000 r--p 0007b000 00:62 10100101                   /home/ubuntu/.local/lib/python3.10/site-packages/pillow.libs/libtiff-13a02c81.so.6.1.0
7f064d281000-7f064d285000 r--p 000ad000 00:62 10100101                   /home/ubuntu/.local/lib/python3.10/site-packages/pillow.libs/libtiff-13a02c81.so.6.1.0
7f064d285000-7f064d286000 rw-p 000b1000 00:62 10100101                   /home/ubuntu/.local/lib/python3.10/site-packages/pillow.libs/libtiff-13a02c81.so.6.1.0
7f064d286000-7f064d288000 rw-p 000b3000 00:62 10100101                   /home/ubuntu/.local/lib/python3.10/site-packages/pillow.libs/libtiff-13a02c81.so.6.1.0
7f064d288000-7f064d28a000 rw-p 000b5000 00:62 10100101                   /home/ubuntu/.local/lib/python3.10/site-packages/pillow.libs/libtiff-13a02c81.so.6.1.0
7f064d28a000-7f064d29e000 r--p 00000000 00:62 10100067                   /home/ubuntu/.local/lib/python3.10/site-packages/PIL/_imaging.cpython-310-x86_64-linux-gnu.so
7f064d29e000-7f064d324000 r-xp 00014000 00:62 10100067                   /home/ubuntu/.local/lib/python3.10/site-packages/PIL/_imaging.cpython-310-x86_64-linux-gnu.so
7f064d324000-7f064d335000 r--p 0009a000 00:62 10100067                   /home/ubuntu/.local/lib/python3.10/site-packages/PIL/_imaging.cpython-310-x86_64-linux-gnu.so
7f064d335000-7f064d339000 r--p 000ab000 00:62 10100067                   /home/ubuntu/.local/lib/python3.10/site-packages/PIL/_imaging.cpython-310-x86_64-linux-gnu.so
7f064d339000-7f064d33d000 rw-p 000af000 00:62 10100067                   /home/ubuntu/.local/lib/python3.10/site-packages/PIL/_imaging.cpython-310-x86_64-linux-gnu.so
7f064d33d000-7f064d341000 rw-p 0032a000 00:62 10100067                   /home/ubuntu/.local/lib/python3.10/site-packages/PIL/_imaging.cpython-310-x86_64-linux-gnu.so
7f064d341000-7f064d344000 rw-p 0032e000 00:62 10100067                   /home/ubuntu/.local/lib/python3.10/site-packages/PIL/_imaging.cpython-310-x86_64-linux-gnu.so
7f064d344000-7f064d444000 rw-p 00000000 00:00 0 
7f064d444000-7f064d449000 r--p 00000000 00:62 10173769                   /home/ubuntu/.local/lib/python3.10/site-packages/pyarrow/_json.cpython-310-x86_64-linux-gnu.so
7f064d449000-7f064d457000 r-xp 00005000 00:62 10173769                   /home/ubuntu/.local/lib/python3.10/site-packages/pyarrow/_json.cpython-310-x86_64-linux-gnu.so
7f064d457000-7f064d45c000 r--p 00013000 00:62 10173769                   /home/ubuntu/.local/lib/python3.10/site-packages/pyarrow/_json.cpython-310-x86_64-linux-gnu.so
7f064d45c000-7f064d45d000 r--p 00018000 00:62 10173769                   /home/ubuntu/.local/lib/python3.10/site-packages/pyarrow/_json.cpython-310-x86_64-linux-gnu.so
7f064d45d000-7f064d45f000 rw-p 00019000 00:62 10173769                   /home/ubuntu/.local/lib/python3.10/site-packages/pyarrow/_json.cpython-310-x86_64-linux-gnu.so
7f064d45f000-7f064d85f000 rw-p 00000000 00:00 0 
7f064d85f000-7f064d866000 r--p 00000000 00:62 10173784                   /home/ubuntu/.local/lib/python3.10/site-packages/pyarrow/_s3fs.cpython-310-x86_64-linux-gnu.so
7f064d866000-7f064d881000 r-xp 00007000 00:62 10173784                   /home/ubuntu/.local/lib/python3.10/site-packages/pyarrow/_s3fs.cpython-310-x86_64-linux-gnu.so
7f064d881000-7f064d888000 r--p 00022000 00:62 10173784                   /home/ubuntu/.local/lib/python3.10/site-packages/pyarrow/_s3fs.cpython-310-x86_64-linux-gnu.so
7f064d888000-7f064d889000 r--p 00029000 00:62 10173784                   /home/ubuntu/.local/lib/python3.10/site-packages/pyarrow/_s3fs.cpython-310-x86_64-linux-gnu.so
7f064d889000-7f064d88b000 rw-p 0002a000 00:62 10173784                   /home/ubuntu/.local/lib/python3.10/site-packages/pyarrow/_s3fs.cpython-310-x86_64-linux-gnu.so
7f064d88b000-7f064d891000 r--p 00000000 00:62 10173764                   /home/ubuntu/.local/lib/python3.10/site-packages/pyarrow/_gcsfs.cpython-310-x86_64-linux-gnu.so
7f064d891000-7f064d8a1000 r-xp 00006000 00:62 10173764                   /home/ubuntu/.local/lib/python3.10/site-packages/pyarrow/_gcsfs.cpython-310-x86_64-linux-gnu.so
7f064d8a1000-7f064d8a5000 r--p 00016000 00:62 10173764                   /home/ubuntu/.local/lib/python3.10/site-packages/pyarrow/_gcsfs.cpython-310-x86_64-linux-gnu.so
7f064d8a5000-7f064d8a6000 r--p 0001a000 00:62 10173764                   /home/ubuntu/.local/lib/python3.10/site-packages/pyarrow/_gcsfs.cpython-310-x86_64-linux-gnu.so
7f064d8a6000-7f064d8a7000 rw-p 0001b000 00:62 10173764                   /home/ubuntu/.local/lib/python3.10/site-packages/pyarrow/_gcsfs.cpython-310-x86_64-linux-gnu.so
7f064d8a7000-7f064d8a8000 rw-p 00000000 00:00 0 
7f064d8a8000-7f064d8ae000 r--p 00000000 00:62 10173767                   /home/ubuntu/.local/lib/python3.10/site-packages/pyarrow/_hdfs.cpython-310-x86_64-linux-gnu.so
7f064d8ae000-7f064d8be000 r-xp 00006000 00:62 10173767                   /home/ubuntu/.local/lib/python3.10/site-packages/pyarrow/_hdfs.cpython-310-x86_64-linux-gnu.so
7f064d8be000-7f064d8c2000 r--p 00016000 00:62 10173767                   /home/ubuntu/.local/lib/python3.10/site-packages/pyarrow/_hdfs.cpython-310-x86_64-linux-gnu.so
7f064d8c2000-7f064d8c3000 r--p 0001a000 00:62 10173767                   /home/ubuntu/.local/lib/python3.10/site-packages/pyarrow/_hdfs.cpython-310-x86_64-linux-gnu.so
7f064d8c3000-7f064d8c4000 rw-p 0001b000 00:62 10173767                   /home/ubuntu/.local/lib/python3.10/site-packages/pyarrow/_hdfs.cpython-310-x86_64-linux-gnu.so
7f064d8c4000-7f064d8c5000 rw-p 00000000 00:00 0 
7f064d8c5000-7f064d8ca000 r--p 00000000 00:62 10173735                   /home/ubuntu/.local/lib/python3.10/site-packages/pyarrow/_azurefs.cpython-310-x86_64-linux-gnu.so
7f064d8ca000-7f064d8da000 r-xp 00005000 00:62 10173735                   /home/ubuntu/.local/lib/python3.10/site-packages/pyarrow/_azurefs.cpython-310-x86_64-linux-gnu.so
7f064d8da000-7f064d8de000 r--p 00015000 00:62 10173735                   /home/ubuntu/.local/lib/python3.10/site-packages/pyarrow/_azurefs.cpython-310-x86_64-linux-gnu.so
7f064d8de000-7f064d8df000 r--p 00019000 00:62 10173735                   /home/ubuntu/.local/lib/python3.10/site-packages/pyarrow/_azurefs.cpython-310-x86_64-linux-gnu.so
7f064d8df000-7f064d8e0000 rw-p 0001a000 00:62 10173735                   /home/ubuntu/.local/lib/python3.10/site-packages/pyarrow/_azurefs.cpython-310-x86_64-linux-gnu.so
7f064d8e0000-7f064d8e1000 rw-p 00000000 00:00 0 
7f064d8e1000-7f064d8ef000 r--p 00000000 00:62 10173761                   /home/ubuntu/.local/lib/python3.10/site-packages/pyarrow/_fs.cpython-310-x86_64-linux-gnu.so
7f064d8ef000-7f064d924000 r-xp 0000e000 00:62 10173761                   /home/ubuntu/.local/lib/python3.10/site-packages/pyarrow/_fs.cpython-310-x86_64-linux-gnu.so
7f064d924000-7f064d937000 r--p 00043000 00:62 10173761                   /home/ubuntu/.local/lib/python3.10/site-packages/pyarrow/_fs.cpython-310-x86_64-linux-gnu.so
7f064d937000-7f064d939000 r--p 00056000 00:62 10173761                   /home/ubuntu/.local/lib/python3.10/site-packages/pyarrow/_fs.cpython-310-x86_64-linux-gnu.so
7f064d939000-7f064d93c000 rw-p 00058000 00:62 10173761                   /home/ubuntu/.local/lib/python3.10/site-packages/pyarrow/_fs.cpython-310-x86_64-linux-gnu.so
7f064d93c000-7f064d93d000 rw-p 00000000 00:00 0 
7f064d93d000-7f064d950000 r--p 00000000 00:62 10173775                   /home/ubuntu/.local/lib/python3.10/site-packages/pyarrow/_parquet.cpython-310-x86_64-linux-gnu.so
7f064d950000-7f064d9a4000 r-xp 00013000 00:62 10173775                   /home/ubuntu/.local/lib/python3.10/site-packages/pyarrow/_parquet.cpython-310-x86_64-linux-gnu.so
7f064d9a4000-7f064d9b9000 r--p 00067000 00:62 10173775                   /home/ubuntu/.local/lib/python3.10/site-packages/pyarrow/_parquet.cpython-310-x86_64-linux-gnu.so
7f064d9b9000-7f064d9bc000 r--p 0007b000 00:62 10173775                   /home/ubuntu/.local/lib/python3.10/site-packages/pyarrow/_parquet.cpython-310-x86_64-linux-gnu.so
7f064d9bc000-7f064d9c1000 rw-p 0007e000 00:62 10173775                   /home/ubuntu/.local/lib/python3.10/site-packages/pyarrow/_parquet.cpython-310-x86_64-linux-gnu.so
7f064d9c1000-7f064dec3000 rw-p 00000000 00:00 0 
7f064dec3000-7f064dec7000 r--p 00000000 00:62 10235694                   /home/ubuntu/.local/lib/python3.10/site-packages/sklearn/metrics/_pairwise_fast.cpython-310-x86_64-linux-gnu.so
7f064dec7000-7f064dedf000 r-xp 00004000 00:62 10235694                   /home/ubuntu/.local/lib/python3.10/site-packages/sklearn/metrics/_pairwise_fast.cpython-310-x86_64-linux-gnu.so
7f064dedf000-7f064dee4000 r--p 0001c000 00:62 10235694                   /home/ubuntu/.local/lib/python3.10/site-packages/sklearn/metrics/_pairwise_fast.cpython-310-x86_64-linux-gnu.so
7f064dee4000-7f064dee5000 ---p 00021000 00:62 10235694                   /home/ubuntu/.local/lib/python3.10/site-packages/sklearn/metrics/_pairwise_fast.cpython-310-x86_64-linux-gnu.so
7f064dee5000-7f064dee6000 r--p 00021000 00:62 10235694                   /home/ubuntu/.local/lib/python3.10/site-packages/sklearn/metrics/_pairwise_fast.cpython-310-x86_64-linux-gnu.so
7f064dee6000-7f064dee7000 rw-p 00022000 00:62 10235694                   /home/ubuntu/.local/lib/python3.10/site-packages/sklearn/metrics/_pairwise_fast.cpython-310-x86_64-linux-gnu.so
7f064dee7000-7f064dee8000 rw-p 00000000 00:00 0 
7f064dee8000-7f064deea000 rw-p 00029000 00:62 10235694                   /home/ubuntu/.local/lib/python3.10/site-packages/sklearn/metrics/_pairwise_fast.cpython-310-x86_64-linux-gnu.so
7f064deea000-7f064deeb000 rw-p 0002b000 00:62 10235694                   /home/ubuntu/.local/lib/python3.10/site-packages/sklearn/metrics/_pairwise_fast.cpython-310-x86_64-linux-gnu.so
7f064deeb000-7f064def0000 r--p 00000000 00:62 10235722                   /home/ubuntu/.local/lib/python3.10/site-packages/sklearn/metrics/_pairwise_distances_reduction/_radius_neighbors_classmode.cpython-310-x86_64-linux-gnu.so
7f064def0000-7f064df07000 r-xp 00005000 00:62 10235722                   /home/ubuntu/.local/lib/python3.10/site-packages/sklearn/metrics/_pairwise_distances_reduction/_radius_neighbors_classmode.cpython-310-x86_64-linux-gnu.so
7f064df07000-7f064df0d000 r--p 0001c000 00:62 10235722                   /home/ubuntu/.local/lib/python3.10/site-packages/sklearn/metrics/_pairwise_distances_reduction/_radius_neighbors_classmode.cpython-310-x86_64-linux-gnu.so
7f064df0d000-7f064df0e000 ---p 00022000 00:62 10235722                   /home/ubuntu/.local/lib/python3.10/site-packages/sklearn/metrics/_pairwise_distances_reduction/_radius_neighbors_classmode.cpython-310-x86_64-linux-gnu.so
7f064df0e000-7f064df0f000 r--p 00022000 00:62 10235722                   /home/ubuntu/.local/lib/python3.10/site-packages/sklearn/metrics/_pairwise_distances_reduction/_radius_neighbors_classmode.cpython-310-x86_64-linux-gnu.so
7f064df0f000-7f064df10000 rw-p 00023000 00:62 10235722                   /home/ubuntu/.local/lib/python3.10/site-packages/sklearn/metrics/_pairwise_distances_reduction/_radius_neighbors_classmode.cpython-310-x86_64-linux-gnu.so
7f064df10000-7f064df11000 rw-p 00000000 00:00 0 
7f064df11000-7f064df13000 rw-p 0002f000 00:62 10235722                   /home/ubuntu/.local/lib/python3.10/site-packages/sklearn/metrics/_pairwise_distances_reduction/_radius_neighbors_classmode.cpython-310-x86_64-linux-gnu.so
7f064df13000-7f064df14000 rw-p 00031000 00:62 10235722                   /home/ubuntu/.local/lib/python3.10/site-packages/sklearn/metrics/_pairwise_distances_reduction/_radius_neighbors_classmode.cpython-310-x86_64-linux-gnu.so
7f064df14000-7f064df19000 r--p 00000000 00:62 10236017                   /home/ubuntu/.local/lib/python3.10/site-packages/sklearn/utils/_vector_sentinel.cpython-310-x86_64-linux-gnu.so
7f064df19000-7f064df2c000 r-xp 00005000 00:62 10236017                   /home/ubuntu/.local/lib/python3.10/site-packages/sklearn/utils/_vector_sentinel.cpython-310-x86_64-linux-gnu.so
7f064df2c000-7f064df31000 r--p 00018000 00:62 10236017                   /home/ubuntu/.local/lib/python3.10/site-packages/sklearn/utils/_vector_sentinel.cpython-310-x86_64-linux-gnu.so
7f064df31000-7f064df32000 ---p 0001d000 00:62 10236017                   /home/ubuntu/.local/lib/python3.10/site-packages/sklearn/utils/_vector_sentinel.cpython-310-x86_64-linux-gnu.so
7f064df32000-7f064df33000 r--p 0001d000 00:62 10236017                   /home/ubuntu/.local/lib/python3.10/site-packages/sklearn/utils/_vector_sentinel.cpython-310-x86_64-linux-gnu.so
7f064df33000-7f064df35000 rw-p 0001e000 00:62 10236017                   /home/ubuntu/.local/lib/python3.10/site-packages/sklearn/utils/_vector_sentinel.cpython-310-x86_64-linux-gnu.so
7f064df35000-7f064df3b000 r--p 00000000 00:62 10235719                   /home/ubuntu/.local/lib/python3.10/site-packages/sklearn/metrics/_pairwise_distances_reduction/_radius_neighbors.cpython-310-x86_64-linux-gnu.so
7f064df3b000-7f064df5d000 r-xp 00006000 00:62 10235719                   /home/ubuntu/.local/lib/python3.10/site-packages/sklearn/metrics/_pairwise_distances_reduction/_radius_neighbors.cpython-310-x86_64-linux-gnu.so
7f064df5d000-7f064df66000 r--p 00028000 00:62 10235719                   /home/ubuntu/.local/lib/python3.10/site-packages/sklearn/metrics/_pairwise_distances_reduction/_radius_neighbors.cpython-310-x86_64-linux-gnu.so
7f064df66000-7f064df67000 ---p 00031000 00:62 10235719                   /home/ubuntu/.local/lib/python3.10/site-packages/sklearn/metrics/_pairwise_distances_reduction/_radius_neighbors.cpython-310-x86_64-linux-gnu.so
7f064df67000-7f064df68000 r--p 00031000 00:62 10235719                   /home/ubuntu/.local/lib/python3.10/site-packages/sklearn/metrics/_pairwise_distances_reduction/_radius_neighbors.cpython-310-x86_64-linux-gnu.so
7f064df68000-7f064df6a000 rw-p 00032000 00:62 10235719                   /home/ubuntu/.local/lib/python3.10/site-packages/sklearn/metrics/_pairwise_distances_reduction/_radius_neighbors.cpython-310-x86_64-linux-gnu.so
7f064df6a000-7f064df6b000 rw-p 00000000 00:00 0 
7f064df6b000-7f064df6d000 rw-p 00045000 00:62 10235719                   /home/ubuntu/.local/lib/python3.10/site-packages/sklearn/metrics/_pairwise_distances_reduction/_radius_neighbors.cpython-310-x86_64-linux-gnu.so
7f064df6d000-7f064df6f000 rw-p 00047000 00:62 10235719                   /home/ubuntu/.local/lib/python3.10/site-packages/sklearn/metrics/_pairwise_distances_reduction/_radius_neighbors.cpython-310-x86_64-linux-gnu.so
7f064df6f000-7f064df73000 r--p 00000000 00:62 10235706                   /home/ubuntu/.local/lib/python3.10/site-packages/sklearn/metrics/_pairwise_distances_reduction/_argkmin_classmode.cpython-310-x86_64-linux-gnu.so
7f064df73000-7f064df86000 r-xp 00004000 00:62 10235706                   /home/ubuntu/.local/lib/python3.10/site-packages/sklearn/metrics/_pairwise_distances_reduction/_argkmin_classmode.cpython-310-x86_64-linux-gnu.so
7f064df86000-7f064df8c000 r--p 00017000 00:62 10235706                   /home/ubuntu/.local/lib/python3.10/site-packages/sklearn/metrics/_pairwise_distances_reduction/_argkmin_classmode.cpython-310-x86_64-linux-gnu.so
7f064df8c000-7f064df8d000 r--p 0001c000 00:62 10235706                   /home/ubuntu/.local/lib/python3.10/site-packages/sklearn/metrics/_pairwise_distances_reduction/_argkmin_classmode.cpython-310-x86_64-linux-gnu.so
7f064df8d000-7f064df8e000 rw-p 0001d000 00:62 10235706                   /home/ubuntu/.local/lib/python3.10/site-packages/sklearn/metrics/_pairwise_distances_reduction/_argkmin_classmode.cpython-310-x86_64-linux-gnu.so
7f064df8e000-7f064df8f000 rw-p 00000000 00:00 0 
7f064df8f000-7f064df91000 rw-p 00027000 00:62 10235706                   /home/ubuntu/.local/lib/python3.10/site-packages/sklearn/metrics/_pairwise_distances_reduction/_argkmin_classmode.cpython-310-x86_64-linux-gnu.so
7f064df91000-7f064df92000 rw-p 00029000 00:62 10235706                   /home/ubuntu/.local/lib/python3.10/site-packages/sklearn/metrics/_pairwise_distances_reduction/_argkmin_classmode.cpython-310-x86_64-linux-gnu.so
7f064df92000-7f064df98000 r--p 00000000 00:62 10235716                   /home/ubuntu/.local/lib/python3.10/site-packages/sklearn/metrics/_pairwise_distances_reduction/_middle_term_computer.cpython-310-x86_64-linux-gnu.so
7f064df98000-7f064dfce000 r-xp 00006000 00:62 10235716                   /home/ubuntu/.local/lib/python3.10/site-packages/sklearn/metrics/_pairwise_distances_reduction/_middle_term_computer.cpython-310-x86_64-linux-gnu.so
7f064dfce000-7f064dfda000 r--p 0003c000 00:62 10235716                   /home/ubuntu/.local/lib/python3.10/site-packages/sklearn/metrics/_pairwise_distances_reduction/_middle_term_computer.cpython-310-x86_64-linux-gnu.so
7f064dfda000-7f064dfdb000 r--p 00047000 00:62 10235716                   /home/ubuntu/.local/lib/python3.10/site-packages/sklearn/metrics/_pairwise_distances_reduction/_middle_term_computer.cpython-310-x86_64-linux-gnu.so
7f064dfdb000-7f064dfdd000 rw-p 00048000 00:62 10235716                   /home/ubuntu/.local/lib/python3.10/site-packages/sklearn/metrics/_pairwise_distances_reduction/_middle_term_computer.cpython-310-x86_64-linux-gnu.so
7f064dfdd000-7f064dfde000 rw-p 00000000 00:00 0 
7f064dfde000-7f064dfe3000 r--p 00000000 00:62 10235973                   /home/ubuntu/.local/lib/python3.10/site-packages/sklearn/utils/_cython_blas.cpython-310-x86_64-linux-gnu.so
7f064dfe3000-7f064e022000 r-xp 00005000 00:62 10235973                   /home/ubuntu/.local/lib/python3.10/site-packages/sklearn/utils/_cython_blas.cpython-310-x86_64-linux-gnu.so
7f064e022000-7f064e02b000 r--p 00044000 00:62 10235973                   /home/ubuntu/.local/lib/python3.10/site-packages/sklearn/utils/_cython_blas.cpython-310-x86_64-linux-gnu.so
7f064e02b000-7f064e02c000 r--p 0004c000 00:62 10235973                   /home/ubuntu/.local/lib/python3.10/site-packages/sklearn/utils/_cython_blas.cpython-310-x86_64-linux-gnu.so
7f064e02c000-7f064e02e000 rw-p 0004d000 00:62 10235973                   /home/ubuntu/.local/lib/python3.10/site-packages/sklearn/utils/_cython_blas.cpython-310-x86_64-linux-gnu.so
7f064e02e000-7f064e034000 r--p 00000000 00:62 10235712                   /home/ubuntu/.local/lib/python3.10/site-packages/sklearn/metrics/_pairwise_distances_reduction/_datasets_pair.cpython-310-x86_64-linux-gnu.so
7f064e034000-7f064e068000 r-xp 00006000 00:62 10235712                   /home/ubuntu/.local/lib/python3.10/site-packages/sklearn/metrics/_pairwise_distances_reduction/_datasets_pair.cpython-310-x86_64-linux-gnu.so
7f064e068000-7f064e074000 r--p 0003a000 00:62 10235712                   /home/ubuntu/.local/lib/python3.10/site-packages/sklearn/metrics/_pairwise_distances_reduction/_datasets_pair.cpython-310-x86_64-linux-gnu.so
7f064e074000-7f064e075000 ---p 00046000 00:62 10235712                   /home/ubuntu/.local/lib/python3.10/site-packages/sklearn/metrics/_pairwise_distances_reduction/_datasets_pair.cpython-310-x86_64-linux-gnu.so
7f064e075000-7f064e076000 r--p 00046000 00:62 10235712                   /home/ubuntu/.local/lib/python3.10/site-packages/sklearn/metrics/_pairwise_distances_reduction/_datasets_pair.cpython-310-x86_64-linux-gnu.so
7f064e076000-7f064e079000 rw-p 00047000 00:62 10235712                   /home/ubuntu/.local/lib/python3.10/site-packages/sklearn/metrics/_pairwise_distances_reduction/_datasets_pair.cpython-310-x86_64-linux-gnu.so
7f064e079000-7f064e082000 r--p 00000000 00:62 10235690                   /home/ubuntu/.local/lib/python3.10/site-packages/sklearn/metrics/_dist_metrics.cpython-310-x86_64-linux-gnu.so
7f064e082000-7f064e0e0000 r-xp 00009000 00:62 10235690                   /home/ubuntu/.local/lib/python3.10/site-packages/sklearn/metrics/_dist_metrics.cpython-310-x86_64-linux-gnu.so
7f064e0e0000-7f064e0f5000 r--p 00067000 00:62 10235690                   /home/ubuntu/.local/lib/python3.10/site-packages/sklearn/metrics/_dist_metrics.cpython-310-x86_64-linux-gnu.so
7f064e0f5000-7f064e0f7000 r--p 0007b000 00:62 10235690                   /home/ubuntu/.local/lib/python3.10/site-packages/sklearn/metrics/_dist_metrics.cpython-310-x86_64-linux-gnu.so
7f064e0f7000-7f064e0fd000 rw-p 0007d000 00:62 10235690                   /home/ubuntu/.local/lib/python3.10/site-packages/sklearn/metrics/_dist_metrics.cpython-310-x86_64-linux-gnu.so
7f064e0fd000-7f064e200000 rw-p 00000000 00:00 0 
7f064e200000-7f064e225000 r-xp 00000000 00:62 10235043                   /home/ubuntu/.local/lib/python3.10/site-packages/scikit_learn.libs/libgomp-a34b3233.so.1.0.0
7f064e225000-7f064e424000 ---p 00025000 00:62 10235043                   /home/ubuntu/.local/lib/python3.10/site-packages/scikit_learn.libs/libgomp-a34b3233.so.1.0.0
7f064e424000-7f064e425000 r--p 00024000 00:62 10235043                   /home/ubuntu/.local/lib/python3.10/site-packages/scikit_learn.libs/libgomp-a34b3233.so.1.0.0
7f064e425000-7f064e426000 rw-p 00025000 00:62 10235043                   /home/ubuntu/.local/lib/python3.10/site-packages/scikit_learn.libs/libgomp-a34b3233.so.1.0.0
7f064e426000-7f064e42a000 rw-p 00026000 00:62 10235043                   /home/ubuntu/.local/lib/python3.10/site-packages/scikit_learn.libs/libgomp-a34b3233.so.1.0.0
7f064e42e000-7f064e431000 r--p 00000000 00:62 10171548                   /home/ubuntu/.local/lib/python3.10/site-packages/xxhash/_xxhash.cpython-310-x86_64-linux-gnu.so
7f064e431000-7f064e43c000 r-xp 00003000 00:62 10171548                   /home/ubuntu/.local/lib/python3.10/site-packages/xxhash/_xxhash.cpython-310-x86_64-linux-gnu.so
7f064e43c000-7f064e43f000 r--p 0000e000 00:62 10171548                   /home/ubuntu/.local/lib/python3.10/site-packages/xxhash/_xxhash.cpython-310-x86_64-linux-gnu.so
7f064e43f000-7f064e440000 r--p 00010000 00:62 10171548                   /home/ubuntu/.local/lib/python3.10/site-packages/xxhash/_xxhash.cpython-310-x86_64-linux-gnu.so
7f064e440000-7f064e442000 rw-p 00011000 00:62 10171548                   /home/ubuntu/.local/lib/python3.10/site-packages/xxhash/_xxhash.cpython-310-x86_64-linux-gnu.so
7f064e442000-7f064e447000 r--p 00000000 00:62 10235708                   /home/ubuntu/.local/lib/python3.10/site-packages/sklearn/metrics/_pairwise_distances_reduction/_base.cpython-310-x86_64-linux-gnu.so
7f064e447000-7f064e463000 r-xp 00005000 00:62 10235708                   /home/ubuntu/.local/lib/python3.10/site-packages/sklearn/metrics/_pairwise_distances_reduction/_base.cpython-310-x86_64-linux-gnu.so
7f064e463000-7f064e46a000 r--p 00021000 00:62 10235708                   /home/ubuntu/.local/lib/python3.10/site-packages/sklearn/metrics/_pairwise_distances_reduction/_base.cpython-310-x86_64-linux-gnu.so
7f064e46a000-7f064e46b000 r--p 00027000 00:62 10235708                   /home/ubuntu/.local/lib/python3.10/site-packages/sklearn/metrics/_pairwise_distances_reduction/_base.cpython-310-x86_64-linux-gnu.so
7f064e46b000-7f064e46d000 rw-p 00028000 00:62 10235708                   /home/ubuntu/.local/lib/python3.10/site-packages/sklearn/metrics/_pairwise_distances_reduction/_base.cpython-310-x86_64-linux-gnu.so
7f064e46d000-7f064e46f000 rw-p 00037000 00:62 10235708                   /home/ubuntu/.local/lib/python3.10/site-packages/sklearn/metrics/_pairwise_distances_reduction/_base.cpython-310-x86_64-linux-gnu.so
7f064e46f000-7f064e470000 rw-p 00039000 00:62 10235708                   /home/ubuntu/.local/lib/python3.10/site-packages/sklearn/metrics/_pairwise_distances_reduction/_base.cpython-310-x86_64-linux-gnu.so
7f064e470000-7f064e475000 r--p 00000000 00:62 10235703                   /home/ubuntu/.local/lib/python3.10/site-packages/sklearn/metrics/_pairwise_distances_reduction/_argkmin.cpython-310-x86_64-linux-gnu.so
7f064e475000-7f064e496000 r-xp 00005000 00:62 10235703                   /home/ubuntu/.local/lib/python3.10/site-packages/sklearn/metrics/_pairwise_distances_reduction/_argkmin.cpython-310-x86_64-linux-gnu.so
7f064e496000-7f064e49e000 r--p 00026000 00:62 10235703                   /home/ubuntu/.local/lib/python3.10/site-packages/sklearn/metrics/_pairwise_distances_reduction/_argkmin.cpython-310-x86_64-linux-gnu.so
7f064e49e000-7f064e49f000 r--p 0002d000 00:62 10235703                   /home/ubuntu/.local/lib/python3.10/site-packages/sklearn/metrics/_pairwise_distances_reduction/_argkmin.cpython-310-x86_64-linux-gnu.so
7f064e49f000-7f064e4a1000 rw-p 0002e000 00:62 10235703                   /home/ubuntu/.local/lib/python3.10/site-packages/sklearn/metrics/_pairwise_distances_reduction/_argkmin.cpython-310-x86_64-linux-gnu.so
7f064e4a1000-7f064e4a2000 rw-p 00000000 00:00 0 
7f064e4a2000-7f064e4a4000 rw-p 0003f000 00:62 10235703                   /home/ubuntu/.local/lib/python3.10/site-packages/sklearn/metrics/_pairwise_distances_reduction/_argkmin.cpython-310-x86_64-linux-gnu.so
7f064e4a4000-7f064e4a5000 rw-p 00041000 00:62 10235703                   /home/ubuntu/.local/lib/python3.10/site-packages/sklearn/metrics/_pairwise_distances_reduction/_argkmin.cpython-310-x86_64-linux-gnu.so
7f064e4a5000-7f064e4aa000 r--p 00000000 00:62 10235850                   /home/ubuntu/.local/lib/python3.10/site-packages/sklearn/preprocessing/_target_encoder_fast.cpython-310-x86_64-linux-gnu.so
7f064e4aa000-7f064e4f6000 r-xp 00005000 00:62 10235850                   /home/ubuntu/.local/lib/python3.10/site-packages/sklearn/preprocessing/_target_encoder_fast.cpython-310-x86_64-linux-gnu.so
7f064e4f6000-7f064e4fd000 r--p 00051000 00:62 10235850                   /home/ubuntu/.local/lib/python3.10/site-packages/sklearn/preprocessing/_target_encoder_fast.cpython-310-x86_64-linux-gnu.so
7f064e4fd000-7f064e4fe000 ---p 00058000 00:62 10235850                   /home/ubuntu/.local/lib/python3.10/site-packages/sklearn/preprocessing/_target_encoder_fast.cpython-310-x86_64-linux-gnu.so
7f064e4fe000-7f064e4ff000 r--p 00058000 00:62 10235850                   /home/ubuntu/.local/lib/python3.10/site-packages/sklearn/preprocessing/_target_encoder_fast.cpython-310-x86_64-linux-gnu.so
7f064e4ff000-7f064e501000 rw-p 00059000 00:62 10235850                   /home/ubuntu/.local/lib/python3.10/site-packages/sklearn/preprocessing/_target_encoder_fast.cpython-310-x86_64-linux-gnu.so
7f064e501000-7f064e506000 r--p 00000000 00:62 10235841                   /home/ubuntu/.local/lib/python3.10/site-packages/sklearn/preprocessing/_csr_polynomial_expansion.cpython-310-x86_64-linux-gnu.so
7f064e506000-7f064e548000 r-xp 00005000 00:62 10235841                   /home/ubuntu/.local/lib/python3.10/site-packages/sklearn/preprocessing/_csr_polynomial_expansion.cpython-310-x86_64-linux-gnu.so
7f064e548000-7f064e54f000 r--p 00047000 00:62 10235841                   /home/ubuntu/.local/lib/python3.10/site-packages/sklearn/preprocessing/_csr_polynomial_expansion.cpython-310-x86_64-linux-gnu.so
7f064e54f000-7f064e550000 ---p 0004e000 00:62 10235841                   /home/ubuntu/.local/lib/python3.10/site-packages/sklearn/preprocessing/_csr_polynomial_expansion.cpython-310-x86_64-linux-gnu.so
7f064e550000-7f064e551000 r--p 0004e000 00:62 10235841                   /home/ubuntu/.local/lib/python3.10/site-packages/sklearn/preprocessing/_csr_polynomial_expansion.cpython-310-x86_64-linux-gnu.so
7f064e551000-7f064e553000 rw-p 0004f000 00:62 10235841                   /home/ubuntu/.local/lib/python3.10/site-packages/sklearn/preprocessing/_csr_polynomial_expansion.cpython-310-x86_64-linux-gnu.so
7f064e553000-7f064e557000 r--p 00000000 00:62 10235743                   /home/ubuntu/.local/lib/python3.10/site-packages/sklearn/metrics/cluster/_expected_mutual_info_fast.cpython-310-x86_64-linux-gnu.so
7f064e557000-7f064e564000 r-xp 00004000 00:62 10235743                   /home/ubuntu/.local/lib/python3.10/site-packages/sklearn/metrics/cluster/_expected_mutual_info_fast.cpython-310-x86_64-linux-gnu.so
7f064e564000-7f064e568000 r--p 00011000 00:62 10235743                   /home/ubuntu/.local/lib/python3.10/site-packages/sklearn/metrics/cluster/_expected_mutual_info_fast.cpython-310-x86_64-linux-gnu.so
7f064e568000-7f064e569000 r--p 00014000 00:62 10235743                   /home/ubuntu/.local/lib/python3.10/site-packages/sklearn/metrics/cluster/_expected_mutual_info_fast.cpython-310-x86_64-linux-gnu.so
7f064e569000-7f064e56a000 rw-p 00015000 00:62 10235743                   /home/ubuntu/.local/lib/python3.10/site-packages/sklearn/metrics/cluster/_expected_mutual_info_fast.cpython-310-x86_64-linux-gnu.so
7f064e56a000-7f064e56d000 r--p 00000000 00:62 10235991                   /home/ubuntu/.local/lib/python3.10/site-packages/sklearn/utils/_openmp_helpers.cpython-310-x86_64-linux-gnu.so
7f064e56d000-7f064e574000 r-xp 00003000 00:62 10235991                   /home/ubuntu/.local/lib/python3.10/site-packages/sklearn/utils/_openmp_helpers.cpython-310-x86_64-linux-gnu.so
7f064e574000-7f064e576000 r--p 0000a000 00:62 10235991                   /home/ubuntu/.local/lib/python3.10/site-packages/sklearn/utils/_openmp_helpers.cpython-310-x86_64-linux-gnu.so
7f064e576000-7f064e577000 ---p 0000c000 00:62 10235991                   /home/ubuntu/.local/lib/python3.10/site-packages/sklearn/utils/_openmp_helpers.cpython-310-x86_64-linux-gnu.so
7f064e577000-7f064e578000 r--p 0000c000 00:62 10235991                   /home/ubuntu/.local/lib/python3.10/site-packages/sklearn/utils/_openmp_helpers.cpython-310-x86_64-linux-gnu.so
7f064e578000-7f064e579000 rw-p 0000d000 00:62 10235991                   /home/ubuntu/.local/lib/python3.10/site-packages/sklearn/utils/_openmp_helpers.cpython-310-x86_64-linux-gnu.so
7f064e579000-7f064e57b000 rw-p 00012000 00:62 10235991                   /home/ubuntu/.local/lib/python3.10/site-packages/sklearn/utils/_openmp_helpers.cpython-310-x86_64-linux-gnu.so
7f064e57b000-7f064e57c000 rw-p 00014000 00:62 10235991                   /home/ubuntu/.local/lib/python3.10/site-packages/sklearn/utils/_openmp_helpers.cpython-310-x86_64-linux-gnu.so
7f064e57c000-7f064e580000 r--p 00000000 00:62 10236036                   /home/ubuntu/.local/lib/python3.10/site-packages/sklearn/utils/murmurhash.cpython-310-x86_64-linux-gnu.so
7f064e580000-7f064e592000 r-xp 00004000 00:62 10236036                   /home/ubuntu/.local/lib/python3.10/site-packages/sklearn/utils/murmurhash.cpython-310-x86_64-linux-gnu.so
7f064e592000-7f064e597000 r--p 00016000 00:62 10236036                   /home/ubuntu/.local/lib/python3.10/site-packages/sklearn/utils/murmurhash.cpython-310-x86_64-linux-gnu.so
7f064e597000-7f064e598000 ---p 0001b000 00:62 10236036                   /home/ubuntu/.local/lib/python3.10/site-packages/sklearn/utils/murmurhash.cpython-310-x86_64-linux-gnu.so
7f064e598000-7f064e599000 r--p 0001b000 00:62 10236036                   /home/ubuntu/.local/lib/python3.10/site-packages/sklearn/utils/murmurhash.cpython-310-x86_64-linux-gnu.so
7f064e599000-7f064e59a000 rw-p 0001c000 00:62 10236036                   /home/ubuntu/.local/lib/python3.10/site-packages/sklearn/utils/murmurhash.cpython-310-x86_64-linux-gnu.so
7f064e59a000-7f064e69a000 rw-p 00000000 00:00 0 
7f064e69a000-7f064e69f000 r--p 00000000 00:62 10236043                   /home/ubuntu/.local/lib/python3.10/site-packages/sklearn/utils/sparsefuncs_fast.cpython-310-x86_64-linux-gnu.so
7f064e69f000-7f064e738000 r-xp 00005000 00:62 10236043                   /home/ubuntu/.local/lib/python3.10/site-packages/sklearn/utils/sparsefuncs_fast.cpython-310-x86_64-linux-gnu.so
7f064e738000-7f064e744000 r--p 0009e000 00:62 10236043                   /home/ubuntu/.local/lib/python3.10/site-packages/sklearn/utils/sparsefuncs_fast.cpython-310-x86_64-linux-gnu.so
7f064e744000-7f064e746000 r--p 000a9000 00:62 10236043                   /home/ubuntu/.local/lib/python3.10/site-packages/sklearn/utils/sparsefuncs_fast.cpython-310-x86_64-linux-gnu.so
7f064e746000-7f064e748000 rw-p 000ab000 00:62 10236043                   /home/ubuntu/.local/lib/python3.10/site-packages/sklearn/utils/sparsefuncs_fast.cpython-310-x86_64-linux-gnu.so
7f064e748000-7f064e749000 rw-p 00000000 00:00 0 
7f064e749000-7f064e74e000 r--p 00000000 00:62 10235048                   /home/ubuntu/.local/lib/python3.10/site-packages/sklearn/_cyutility.cpython-310-x86_64-linux-gnu.so
7f064e74e000-7f064e76b000 r-xp 00005000 00:62 10235048                   /home/ubuntu/.local/lib/python3.10/site-packages/sklearn/_cyutility.cpython-310-x86_64-linux-gnu.so
7f064e76b000-7f064e771000 r--p 00022000 00:62 10235048                   /home/ubuntu/.local/lib/python3.10/site-packages/sklearn/_cyutility.cpython-310-x86_64-linux-gnu.so
7f064e771000-7f064e772000 ---p 00028000 00:62 10235048                   /home/ubuntu/.local/lib/python3.10/site-packages/sklearn/_cyutility.cpython-310-x86_64-linux-gnu.so
7f064e772000-7f064e773000 r--p 00028000 00:62 10235048                   /home/ubuntu/.local/lib/python3.10/site-packages/sklearn/_cyutility.cpython-310-x86_64-linux-gnu.so
7f064e773000-7f064e775000 rw-p 00029000 00:62 10235048                   /home/ubuntu/.local/lib/python3.10/site-packages/sklearn/_cyutility.cpython-310-x86_64-linux-gnu.so
7f064e775000-7f064e779000 r--p 00000000 00:62 10235985                   /home/ubuntu/.local/lib/python3.10/site-packages/sklearn/utils/_isfinite.cpython-310-x86_64-linux-gnu.so
7f064e779000-7f064e787000 r-xp 00004000 00:62 10235985                   /home/ubuntu/.local/lib/python3.10/site-packages/sklearn/utils/_isfinite.cpython-310-x86_64-linux-gnu.so
7f064e787000-7f064e78b000 r--p 00012000 00:62 10235985                   /home/ubuntu/.local/lib/python3.10/site-packages/sklearn/utils/_isfinite.cpython-310-x86_64-linux-gnu.so
7f064e78b000-7f064e78c000 ---p 00016000 00:62 10235985                   /home/ubuntu/.local/lib/python3.10/site-packages/sklearn/utils/_isfinite.cpython-310-x86_64-linux-gnu.so
7f064e78c000-7f064e78d000 r--p 00016000 00:62 10235985                   /home/ubuntu/.local/lib/python3.10/site-packages/sklearn/utils/_isfinite.cpython-310-x86_64-linux-gnu.so
7f064e78d000-7f064e78e000 rw-p 00017000 00:62 10235985                   /home/ubuntu/.local/lib/python3.10/site-packages/sklearn/utils/_isfinite.cpython-310-x86_64-linux-gnu.so
7f064e78e000-7f064e88f000 rw-p 00000000 00:00 0 
7f064e88f000-7f064e893000 r--p 00000000 00:62 10229409                   /home/ubuntu/.local/lib/python3.10/site-packages/pandas/_libs/testing.cpython-310-x86_64-linux-gnu.so
7f064e893000-7f064e8a7000 r-xp 00004000 00:62 10229409                   /home/ubuntu/.local/lib/python3.10/site-packages/pandas/_libs/testing.cpython-310-x86_64-linux-gnu.so
7f064e8a7000-7f064e8aa000 r--p 00018000 00:62 10229409                   /home/ubuntu/.local/lib/python3.10/site-packages/pandas/_libs/testing.cpython-310-x86_64-linux-gnu.so
7f064e8aa000-7f064e8ab000 r--p 0001b000 00:62 10229409                   /home/ubuntu/.local/lib/python3.10/site-packages/pandas/_libs/testing.cpython-310-x86_64-linux-gnu.so
7f064e8ab000-7f064e8ac000 rw-p 0001c000 00:62 10229409                   /home/ubuntu/.local/lib/python3.10/site-packages/pandas/_libs/testing.cpython-310-x86_64-linux-gnu.so
7f064e8ac000-7f064e8b6000 r--p 00000000 00:62 10229399                   /home/ubuntu/.local/lib/python3.10/site-packages/pandas/_libs/parsers.cpython-310-x86_64-linux-gnu.so
7f064e8b6000-7f064e924000 r-xp 0000a000 00:62 10229399                   /home/ubuntu/.local/lib/python3.10/site-packages/pandas/_libs/parsers.cpython-310-x86_64-linux-gnu.so
7f064e924000-7f064e931000 r--p 00078000 00:62 10229399                   /home/ubuntu/.local/lib/python3.10/site-packages/pandas/_libs/parsers.cpython-310-x86_64-linux-gnu.so
7f064e931000-7f064e934000 r--p 00084000 00:62 10229399                   /home/ubuntu/.local/lib/python3.10/site-packages/pandas/_libs/parsers.cpython-310-x86_64-linux-gnu.so
7f064e934000-7f064e937000 rw-p 00087000 00:62 10229399                   /home/ubuntu/.local/lib/python3.10/site-packages/pandas/_libs/parsers.cpython-310-x86_64-linux-gnu.so
7f064e937000-7f064e939000 rw-p 00000000 00:00 0 
7f064e939000-7f064e93b000 r--p 00000000 00:62 10229387                   /home/ubuntu/.local/lib/python3.10/site-packages/pandas/_libs/json.cpython-310-x86_64-linux-gnu.so
7f064e93b000-7f064e944000 r-xp 00002000 00:62 10229387                   /home/ubuntu/.local/lib/python3.10/site-packages/pandas/_libs/json.cpython-310-x86_64-linux-gnu.so
7f064e944000-7f064e947000 r--p 0000b000 00:62 10229387                   /home/ubuntu/.local/lib/python3.10/site-packages/pandas/_libs/json.cpython-310-x86_64-linux-gnu.so
7f064e947000-7f064e948000 r--p 0000e000 00:62 10229387                   /home/ubuntu/.local/lib/python3.10/site-packages/pandas/_libs/json.cpython-310-x86_64-linux-gnu.so
7f064e948000-7f064e949000 rw-p 0000f000 00:62 10229387                   /home/ubuntu/.local/lib/python3.10/site-packages/pandas/_libs/json.cpython-310-x86_64-linux-gnu.so
7f064e949000-7f064eb49000 rw-p 00000000 00:00 0 
7f064eb49000-7f064eb55000 r--p 00000000 00:62 10229371                   /home/ubuntu/.local/lib/python3.10/site-packages/pandas/_libs/groupby.cpython-310-x86_64-linux-gnu.so
7f064eb55000-7f064eda5000 r-xp 0000c000 00:62 10229371                   /home/ubuntu/.local/lib/python3.10/site-packages/pandas/_libs/groupby.cpython-310-x86_64-linux-gnu.so
7f064eda5000-7f064edc2000 r--p 0025c000 00:62 10229371                   /home/ubuntu/.local/lib/python3.10/site-packages/pandas/_libs/groupby.cpython-310-x86_64-linux-gnu.so
7f064edc2000-7f064edc5000 r--p 00279000 00:62 10229371                   /home/ubuntu/.local/lib/python3.10/site-packages/pandas/_libs/groupby.cpython-310-x86_64-linux-gnu.so
7f064edc5000-7f064edcb000 rw-p 0027c000 00:62 10229371                   /home/ubuntu/.local/lib/python3.10/site-packages/pandas/_libs/groupby.cpython-310-x86_64-linux-gnu.so
7f064edcb000-7f064edcf000 rw-p 00000000 00:00 0 
7f064edcf000-7f064edd6000 r--p 00000000 00:62 10229403                   /home/ubuntu/.local/lib/python3.10/site-packages/pandas/_libs/reshape.cpython-310-x86_64-linux-gnu.so
7f064edd6000-7f064ee0f000 r-xp 00007000 00:62 10229403                   /home/ubuntu/.local/lib/python3.10/site-packages/pandas/_libs/reshape.cpython-310-x86_64-linux-gnu.so
7f064ee0f000-7f064ee18000 r--p 00040000 00:62 10229403                   /home/ubuntu/.local/lib/python3.10/site-packages/pandas/_libs/reshape.cpython-310-x86_64-linux-gnu.so
7f064ee18000-7f064ee1a000 r--p 00048000 00:62 10229403                   /home/ubuntu/.local/lib/python3.10/site-packages/pandas/_libs/reshape.cpython-310-x86_64-linux-gnu.so
7f064ee1a000-7f064ee1c000 rw-p 0004a000 00:62 10229403                   /home/ubuntu/.local/lib/python3.10/site-packages/pandas/_libs/reshape.cpython-310-x86_64-linux-gnu.so
7f064ee1c000-7f064ee1d000 rw-p 00000000 00:00 0 
7f064ee1d000-7f064ee23000 r--p 00000000 00:62 10229452                   /home/ubuntu/.local/lib/python3.10/site-packages/pandas/_libs/window/indexers.cpython-310-x86_64-linux-gnu.so
7f064ee23000-7f064ee46000 r-xp 00006000 00:62 10229452                   /home/ubuntu/.local/lib/python3.10/site-packages/pandas/_libs/window/indexers.cpython-310-x86_64-linux-gnu.so
7f064ee46000-7f064ee4d000 r--p 00029000 00:62 10229452                   /home/ubuntu/.local/lib/python3.10/site-packages/pandas/_libs/window/indexers.cpython-310-x86_64-linux-gnu.so
7f064ee4d000-7f064ee4e000 r--p 00030000 00:62 10229452                   /home/ubuntu/.local/lib/python3.10/site-packages/pandas/_libs/window/indexers.cpython-310-x86_64-linux-gnu.so
7f064ee4e000-7f064ee50000 rw-p 00031000 00:62 10229452                   /home/ubuntu/.local/lib/python3.10/site-packages/pandas/_libs/window/indexers.cpython-310-x86_64-linux-gnu.so
7f064ee50000-7f064ee51000 rw-p 00000000 00:00 0 
7f064ee51000-7f064ee59000 r--p 00000000 00:62 10229450                   /home/ubuntu/.local/lib/python3.10/site-packages/pandas/_libs/window/aggregations.cpython-310-x86_64-linux-gnu.so
7f064ee59000-7f064eea8000 r-xp 00008000 00:62 10229450                   /home/ubuntu/.local/lib/python3.10/site-packages/pandas/_libs/window/aggregations.cpython-310-x86_64-linux-gnu.so
7f064eea8000-7f064eeb2000 r--p 00057000 00:62 10229450                   /home/ubuntu/.local/lib/python3.10/site-packages/pandas/_libs/window/aggregations.cpython-310-x86_64-linux-gnu.so
7f064eeb2000-7f064eeb4000 r--p 00061000 00:62 10229450                   /home/ubuntu/.local/lib/python3.10/site-packages/pandas/_libs/window/aggregations.cpython-310-x86_64-linux-gnu.so
7f064eeb4000-7f064eeb6000 rw-p 00063000 00:62 10229450                   /home/ubuntu/.local/lib/python3.10/site-packages/pandas/_libs/window/aggregations.cpython-310-x86_64-linux-gnu.so
7f064eeb6000-7f064f0b7000 rw-p 00000000 00:00 0 
7f064f0b7000-7f064f0bf000 r--p 00000000 00:62 10229385                   /home/ubuntu/.local/lib/python3.10/site-packages/pandas/_libs/join.cpython-310-x86_64-linux-gnu.so
7f064f0bf000-7f064f201000 r-xp 00008000 00:62 10229385                   /home/ubuntu/.local/lib/python3.10/site-packages/pandas/_libs/join.cpython-310-x86_64-linux-gnu.so
7f064f201000-7f064f20f000 r--p 0014a000 00:62 10229385                   /home/ubuntu/.local/lib/python3.10/site-packages/pandas/_libs/join.cpython-310-x86_64-linux-gnu.so
7f064f20f000-7f064f211000 r--p 00157000 00:62 10229385                   /home/ubuntu/.local/lib/python3.10/site-packages/pandas/_libs/join.cpython-310-x86_64-linux-gnu.so
7f064f211000-7f064f214000 rw-p 00159000 00:62 10229385                   /home/ubuntu/.local/lib/python3.10/site-packages/pandas/_libs/join.cpython-310-x86_64-linux-gnu.so
7f064f214000-7f064f216000 rw-p 00000000 00:00 0 
7f064f216000-7f064f21c000 r--p 00000000 00:62 10229413                   /home/ubuntu/.local/lib/python3.10/site-packages/pandas/_libs/writers.cpython-310-x86_64-linux-gnu.so
7f064f21c000-7f064f247000 r-xp 00006000 00:62 10229413                   /home/ubuntu/.local/lib/python3.10/site-packages/pandas/_libs/writers.cpython-310-x86_64-linux-gnu.so
7f064f247000-7f064f24f000 r--p 00031000 00:62 10229413                   /home/ubuntu/.local/lib/python3.10/site-packages/pandas/_libs/writers.cpython-310-x86_64-linux-gnu.so
7f064f24f000-7f064f251000 r--p 00038000 00:62 10229413                   /home/ubuntu/.local/lib/python3.10/site-packages/pandas/_libs/writers.cpython-310-x86_64-linux-gnu.so
7f064f251000-7f064f253000 rw-p 0003a000 00:62 10229413                   /home/ubuntu/.local/lib/python3.10/site-packages/pandas/_libs/writers.cpython-310-x86_64-linux-gnu.so
7f064f253000-7f064f254000 rw-p 00000000 00:00 0 
7f064f254000-7f064f261000 r--p 00000000 00:62 10229377                   /home/ubuntu/.local/lib/python3.10/site-packages/pandas/_libs/index.cpython-310-x86_64-linux-gnu.so
7f064f261000-7f064f30b000 r-xp 0000d000 00:62 10229377                   /home/ubuntu/.local/lib/python3.10/site-packages/pandas/_libs/index.cpython-310-x86_64-linux-gnu.so
7f064f30b000-7f064f323000 r--p 000b7000 00:62 10229377                   /home/ubuntu/.local/lib/python3.10/site-packages/pandas/_libs/index.cpython-310-x86_64-linux-gnu.so
7f064f323000-7f064f326000 r--p 000ce000 00:62 10229377                   /home/ubuntu/.local/lib/python3.10/site-packages/pandas/_libs/index.cpython-310-x86_64-linux-gnu.so
7f064f326000-7f064f32e000 rw-p 000d1000 00:62 10229377                   /home/ubuntu/.local/lib/python3.10/site-packages/pandas/_libs/index.cpython-310-x86_64-linux-gnu.so
7f064f32e000-7f064f432000 rw-p 00000000 00:00 0 
7f064f432000-7f064f436000 r--p 00000000 00:62 10229379                   /home/ubuntu/.local/lib/python3.10/site-packages/pandas/_libs/indexing.cpython-310-x86_64-linux-gnu.so
7f064f436000-7f064f43e000 r-xp 00004000 00:62 10229379                   /home/ubuntu/.local/lib/python3.10/site-packages/pandas/_libs/indexing.cpython-310-x86_64-linux-gnu.so
7f064f43e000-7f064f441000 r--p 0000c000 00:62 10229379                   /home/ubuntu/.local/lib/python3.10/site-packages/pandas/_libs/indexing.cpython-310-x86_64-linux-gnu.so
7f064f441000-7f064f442000 r--p 0000e000 00:62 10229379                   /home/ubuntu/.local/lib/python3.10/site-packages/pandas/_libs/indexing.cpython-310-x86_64-linux-gnu.so
7f064f442000-7f064f443000 rw-p 0000f000 00:62 10229379                   /home/ubuntu/.local/lib/python3.10/site-packages/pandas/_libs/indexing.cpython-310-x86_64-linux-gnu.so
7f064f443000-7f064f44b000 r--p 00000000 00:62 10229381                   /home/ubuntu/.local/lib/python3.10/site-packages/pandas/_libs/internals.cpython-310-x86_64-linux-gnu.so
7f064f44b000-7f064f495000 r-xp 00008000 00:62 10229381                   /home/ubuntu/.local/lib/python3.10/site-packages/pandas/_libs/internals.cpython-310-x86_64-linux-gnu.so
7f064f495000-7f064f4a1000 r--p 00052000 00:62 10229381                   /home/ubuntu/.local/lib/python3.10/site-packages/pandas/_libs/internals.cpython-310-x86_64-linux-gnu.so
7f064f4a1000-7f064f4a3000 r--p 0005d000 00:62 10229381                   /home/ubuntu/.local/lib/python3.10/site-packages/pandas/_libs/internals.cpython-310-x86_64-linux-gnu.so
7f064f4a3000-7f064f4a6000 rw-p 0005f000 00:62 10229381                   /home/ubuntu/.local/lib/python3.10/site-packages/pandas/_libs/internals.cpython-310-x86_64-linux-gnu.so
7f064f4a6000-7f064f5a8000 rw-p 00000000 00:00 0 
7f064f5a8000-7f064f5b0000 r--p 00000000 00:62 10229407                   /home/ubuntu/.local/lib/python3.10/site-packages/pandas/_libs/sparse.cpython-310-x86_64-linux-gnu.so
7f064f5b0000-7f064f68a000 r-xp 00008000 00:62 10229407                   /home/ubuntu/.local/lib/python3.10/site-packages/pandas/_libs/sparse.cpython-310-x86_64-linux-gnu.so
7f064f68a000-7f064f697000 r--p 000e2000 00:62 10229407                   /home/ubuntu/.local/lib/python3.10/site-packages/pandas/_libs/sparse.cpython-310-x86_64-linux-gnu.so
7f064f697000-7f064f699000 r--p 000ef000 00:62 10229407                   /home/ubuntu/.local/lib/python3.10/site-packages/pandas/_libs/sparse.cpython-310-x86_64-linux-gnu.so
7f064f699000-7f064f69c000 rw-p 000f1000 00:62 10229407                   /home/ubuntu/.local/lib/python3.10/site-packages/pandas/_libs/sparse.cpython-310-x86_64-linux-gnu.so
7f064f69c000-7f064f69e000 rw-p 00000000 00:00 0 
7f064f69e000-7f064f6a5000 r--p 00000000 00:62 10229411                   /home/ubuntu/.local/lib/python3.10/site-packages/pandas/_libs/tslib.cpython-310-x86_64-linux-gnu.so
7f064f6a5000-7f064f6e3000 r-xp 00007000 00:62 10229411                   /home/ubuntu/.local/lib/python3.10/site-packages/pandas/_libs/tslib.cpython-310-x86_64-linux-gnu.so
7f064f6e3000-7f064f6ed000 r--p 00045000 00:62 10229411                   /home/ubuntu/.local/lib/python3.10/site-packages/pandas/_libs/tslib.cpython-310-x86_64-linux-gnu.so
7f064f6ed000-7f064f6ef000 r--p 0004e000 00:62 10229411                   /home/ubuntu/.local/lib/python3.10/site-packages/pandas/_libs/tslib.cpython-310-x86_64-linux-gnu.so
7f064f6ef000-7f064f6f1000 rw-p 00050000 00:62 10229411                   /home/ubuntu/.local/lib/python3.10/site-packages/pandas/_libs/tslib.cpython-310-x86_64-linux-gnu.so
7f064f6f1000-7f064f7f2000 rw-p 00000000 00:00 0 
7f064f7f2000-7f064f7f7000 r--p 00000000 00:62 10229367                   /home/ubuntu/.local/lib/python3.10/site-packages/pandas/_libs/arrays.cpython-310-x86_64-linux-gnu.so
7f064f7f7000-7f064f80a000 r-xp 00005000 00:62 10229367                   /home/ubuntu/.local/lib/python3.10/site-packages/pandas/_libs/arrays.cpython-310-x86_64-linux-gnu.so
7f064f80a000-7f064f80e000 r--p 00018000 00:62 10229367                   /home/ubuntu/.local/lib/python3.10/site-packages/pandas/_libs/arrays.cpython-310-x86_64-linux-gnu.so
7f064f80e000-7f064f80f000 r--p 0001c000 00:62 10229367                   /home/ubuntu/.local/lib/python3.10/site-packages/pandas/_libs/arrays.cpython-310-x86_64-linux-gnu.so
7f064f80f000-7f064f811000 rw-p 0001d000 00:62 10229367                   /home/ubuntu/.local/lib/python3.10/site-packages/pandas/_libs/arrays.cpython-310-x86_64-linux-gnu.so
7f064f811000-7f064f817000 r--p 00000000 00:62 10229373                   /home/ubuntu/.local/lib/python3.10/site-packages/pandas/_libs/hashing.cpython-310-x86_64-linux-gnu.so
7f064f817000-7f064f83b000 r-xp 00006000 00:62 10229373                   /home/ubuntu/.local/lib/python3.10/site-packages/pandas/_libs/hashing.cpython-310-x86_64-linux-gnu.so
7f064f83b000-7f064f842000 r--p 0002a000 00:62 10229373                   /home/ubuntu/.local/lib/python3.10/site-packages/pandas/_libs/hashing.cpython-310-x86_64-linux-gnu.so
7f064f842000-7f064f843000 r--p 00031000 00:62 10229373                   /home/ubuntu/.local/lib/python3.10/site-packages/pandas/_libs/hashing.cpython-310-x86_64-linux-gnu.so
7f064f843000-7f064f845000 rw-p 00032000 00:62 10229373                   /home/ubuntu/.local/lib/python3.10/site-packages/pandas/_libs/hashing.cpython-310-x86_64-linux-gnu.so
7f064f845000-7f064f846000 rw-p 00000000 00:00 0 
7f064f846000-7f064f84c000 r--p 00000000 00:62 10229393                   /home/ubuntu/.local/lib/python3.10/site-packages/pandas/_libs/ops.cpython-310-x86_64-linux-gnu.so
7f064f84c000-7f064f87a000 r-xp 00006000 00:62 10229393                   /home/ubuntu/.local/lib/python3.10/site-packages/pandas/_libs/ops.cpython-310-x86_64-linux-gnu.so
7f064f87a000-7f064f882000 r--p 00034000 00:62 10229393                   /home/ubuntu/.local/lib/python3.10/site-packages/pandas/_libs/ops.cpython-310-x86_64-linux-gnu.so
7f064f882000-7f064f884000 r--p 0003b000 00:62 10229393                   /home/ubuntu/.local/lib/python3.10/site-packages/pandas/_libs/ops.cpython-310-x86_64-linux-gnu.so
7f064f884000-7f064f886000 rw-p 0003d000 00:62 10229393                   /home/ubuntu/.local/lib/python3.10/site-packages/pandas/_libs/ops.cpython-310-x86_64-linux-gnu.so
7f064f886000-7f064fa87000 rw-p 00000000 00:00 0 
7f064fa87000-7f064fabb000 r--p 00000000 00:62 10173737                   /home/ubuntu/.local/lib/python3.10/site-packages/pyarrow/_compute.cpython-310-x86_64-linux-gnu.so
7f064fabb000-7f064fb4b000 r-xp 00034000 00:62 10173737                   /home/ubuntu/.local/lib/python3.10/site-packages/pyarrow/_compute.cpython-310-x86_64-linux-gnu.so
7f064fb4b000-7f064fb7a000 r--p 000c4000 00:62 10173737                   /home/ubuntu/.local/lib/python3.10/site-packages/pyarrow/_compute.cpython-310-x86_64-linux-gnu.so
7f064fb7a000-7f064fb80000 r--p 000f3000 00:62 10173737                   /home/ubuntu/.local/lib/python3.10/site-packages/pyarrow/_compute.cpython-310-x86_64-linux-gnu.so
7f064fb80000-7f064fb8d000 rw-p 000f9000 00:62 10173737                   /home/ubuntu/.local/lib/python3.10/site-packages/pyarrow/_compute.cpython-310-x86_64-linux-gnu.so
7f064fb8d000-7f064fb91000 rw-p 00000000 00:00 0 
7f064fb91000-7f064fb9d000 r--p 00000000 00:62 10229389                   /home/ubuntu/.local/lib/python3.10/site-packages/pandas/_libs/lib.cpython-310-x86_64-linux-gnu.so
7f064fb9d000-7f064fc43000 r-xp 0000c000 00:62 10229389                   /home/ubuntu/.local/lib/python3.10/site-packages/pandas/_libs/lib.cpython-310-x86_64-linux-gnu.so
7f064fc43000-7f064fc5c000 r--p 000b2000 00:62 10229389                   /home/ubuntu/.local/lib/python3.10/site-packages/pandas/_libs/lib.cpython-310-x86_64-linux-gnu.so
7f064fc5c000-7f064fc60000 r--p 000ca000 00:62 10229389                   /home/ubuntu/.local/lib/python3.10/site-packages/pandas/_libs/lib.cpython-310-x86_64-linux-gnu.so
7f064fc60000-7f064fc66000 rw-p 000ce000 00:62 10229389                   /home/ubuntu/.local/lib/python3.10/site-packages/pandas/_libs/lib.cpython-310-x86_64-linux-gnu.so
7f064fc66000-7f064fc68000 rw-p 00000000 00:00 0 
7f064fc68000-7f064fc74000 r--p 00000000 00:62 10229365                   /home/ubuntu/.local/lib/python3.10/site-packages/pandas/_libs/algos.cpython-310-x86_64-linux-gnu.so
7f064fc74000-7f064fe58000 r-xp 0000c000 00:62 10229365                   /home/ubuntu/.local/lib/python3.10/site-packages/pandas/_libs/algos.cpython-310-x86_64-linux-gnu.so
7f064fe58000-7f064fe75000 r--p 001f0000 00:62 10229365                   /home/ubuntu/.local/lib/python3.10/site-packages/pandas/_libs/algos.cpython-310-x86_64-linux-gnu.so
7f064fe75000-7f064fe78000 r--p 0020d000 00:62 10229365                   /home/ubuntu/.local/lib/python3.10/site-packages/pandas/_libs/algos.cpython-310-x86_64-linux-gnu.so
7f064fe78000-7f064fe7c000 rw-p 00210000 00:62 10229365                   /home/ubuntu/.local/lib/python3.10/site-packages/pandas/_libs/algos.cpython-310-x86_64-linux-gnu.so
7f064fe7c000-7f064ff81000 rw-p 00000000 00:00 0 
7f064ff81000-7f064ff8a000 r--p 00000000 00:62 10229434                   /home/ubuntu/.local/lib/python3.10/site-packages/pandas/_libs/tslibs/period.cpython-310-x86_64-linux-gnu.so
7f064ff8a000-7f064ffe0000 r-xp 00009000 00:62 10229434                   /home/ubuntu/.local/lib/python3.10/site-packages/pandas/_libs/tslibs/period.cpython-310-x86_64-linux-gnu.so
7f064ffe0000-7f064fff9000 r--p 0005f000 00:62 10229434                   /home/ubuntu/.local/lib/python3.10/site-packages/pandas/_libs/tslibs/period.cpython-310-x86_64-linux-gnu.so
7f064fff9000-7f064fffc000 r--p 00077000 00:62 10229434                   /home/ubuntu/.local/lib/python3.10/site-packages/pandas/_libs/tslibs/period.cpython-310-x86_64-linux-gnu.so
7f064fffc000-7f064ffff000 rw-p 0007a000 00:62 10229434                   /home/ubuntu/.local/lib/python3.10/site-packages/pandas/_libs/tslibs/period.cpython-310-x86_64-linux-gnu.so
7f064ffff000-7f0650000000 rw-p 00000000 00:00 0 
7f0650000000-7f0650021000 rw-p 00000000 00:00 0 
7f0650021000-7f0654000000 ---p 00000000 00:00 0 
7f0654002000-7f0654004000 r--p 00000000 00:62 10553170                   /usr/lib/jvm/java-17-openjdk-amd64/lib/libjimage.so
7f0654004000-7f0654007000 r-xp 00002000 00:62 10553170                   /usr/lib/jvm/java-17-openjdk-amd64/lib/libjimage.so
7f0654007000-7f0654008000 r--p 00005000 00:62 10553170                   /usr/lib/jvm/java-17-openjdk-amd64/lib/libjimage.so
7f0654008000-7f0654009000 ---p 00006000 00:62 10553170                   /usr/lib/jvm/java-17-openjdk-amd64/lib/libjimage.so
7f0654009000-7f065400a000 r--p 00006000 00:62 10553170                   /usr/lib/jvm/java-17-openjdk-amd64/lib/libjimage.so
7f065400a000-7f065400b000 rw-p 00007000 00:62 10553170                   /usr/lib/jvm/java-17-openjdk-amd64/lib/libjimage.so
7f065400b000-7f065400f000 r--p 00000000 00:62 10229395                   /home/ubuntu/.local/lib/python3.10/site-packages/pandas/_libs/ops_dispatch.cpython-310-x86_64-linux-gnu.so
7f065400f000-7f0654016000 r-xp 00004000 00:62 10229395                   /home/ubuntu/.local/lib/python3.10/site-packages/pandas/_libs/ops_dispatch.cpython-310-x86_64-linux-gnu.so
7f0654016000-7f0654018000 r--p 0000b000 00:62 10229395                   /home/ubuntu/.local/lib/python3.10/site-packages/pandas/_libs/ops_dispatch.cpython-310-x86_64-linux-gnu.so
7f0654018000-7f0654019000 r--p 0000d000 00:62 10229395                   /home/ubuntu/.local/lib/python3.10/site-packages/pandas/_libs/ops_dispatch.cpython-310-x86_64-linux-gnu.so
7f0654019000-7f065401a000 rw-p 0000e000 00:62 10229395                   /home/ubuntu/.local/lib/python3.10/site-packages/pandas/_libs/ops_dispatch.cpython-310-x86_64-linux-gnu.so
7f065401a000-7f0654020000 r--p 00000000 00:62 10229446                   /home/ubuntu/.local/lib/python3.10/site-packages/pandas/_libs/tslibs/vectorized.cpython-310-x86_64-linux-gnu.so
7f0654020000-7f065404a000 r-xp 00006000 00:62 10229446                   /home/ubuntu/.local/lib/python3.10/site-packages/pandas/_libs/tslibs/vectorized.cpython-310-x86_64-linux-gnu.so
7f065404a000-7f0654052000 r--p 00030000 00:62 10229446                   /home/ubuntu/.local/lib/python3.10/site-packages/pandas/_libs/tslibs/vectorized.cpython-310-x86_64-linux-gnu.so
7f0654052000-7f0654053000 r--p 00038000 00:62 10229446                   /home/ubuntu/.local/lib/python3.10/site-packages/pandas/_libs/tslibs/vectorized.cpython-310-x86_64-linux-gnu.so
7f0654053000-7f0654055000 rw-p 00039000 00:62 10229446                   /home/ubuntu/.local/lib/python3.10/site-packages/pandas/_libs/tslibs/vectorized.cpython-310-x86_64-linux-gnu.so
7f0654055000-7f0654056000 rw-p 00000000 00:00 0 
7f0654056000-7f065405e000 r--p 00000000 00:62 10229436                   /home/ubuntu/.local/lib/python3.10/site-packages/pandas/_libs/tslibs/strptime.cpython-310-x86_64-linux-gnu.so
7f065405e000-7f06540a6000 r-xp 00008000 00:62 10229436                   /home/ubuntu/.local/lib/python3.10/site-packages/pandas/_libs/tslibs/strptime.cpython-310-x86_64-linux-gnu.so
7f06540a6000-7f06540b0000 r--p 00050000 00:62 10229436                   /home/ubuntu/.local/lib/python3.10/site-packages/pandas/_libs/tslibs/strptime.cpython-310-x86_64-linux-gnu.so
7f06540b0000-7f06540b2000 r--p 0005a000 00:62 10229436                   /home/ubuntu/.local/lib/python3.10/site-packages/pandas/_libs/tslibs/strptime.cpython-310-x86_64-linux-gnu.so
7f06540b2000-7f06540b4000 rw-p 0005c000 00:62 10229436                   /home/ubuntu/.local/lib/python3.10/site-packages/pandas/_libs/tslibs/strptime.cpython-310-x86_64-linux-gnu.so
7f06540b4000-7f06540b6000 rw-p 00000000 00:00 0 
7f06540b6000-7f06540bf000 r--p 00000000 00:62 10229432                   /home/ubuntu/.local/lib/python3.10/site-packages/pandas/_libs/tslibs/parsing.cpython-310-x86_64-linux-gnu.so
7f06540bf000-7f0654110000 r-xp 00009000 00:62 10229432                   /home/ubuntu/.local/lib/python3.10/site-packages/pandas/_libs/tslibs/parsing.cpython-310-x86_64-linux-gnu.so
7f0654110000-7f065411d000 r--p 0005a000 00:62 10229432                   /home/ubuntu/.local/lib/python3.10/site-packages/pandas/_libs/tslibs/parsing.cpython-310-x86_64-linux-gnu.so
7f065411d000-7f065411f000 r--p 00067000 00:62 10229432                   /home/ubuntu/.local/lib/python3.10/site-packages/pandas/_libs/tslibs/parsing.cpython-310-x86_64-linux-gnu.so
7f065411f000-7f0654122000 rw-p 00069000 00:62 10229432                   /home/ubuntu/.local/lib/python3.10/site-packages/pandas/_libs/tslibs/parsing.cpython-310-x86_64-linux-gnu.so
7f0654122000-7f0654924000 rw-p 00000000 00:00 0 
7f0654924000-7f0654934000 r--p 00000000 00:62 10229430                   /home/ubuntu/.local/lib/python3.10/site-packages/pandas/_libs/tslibs/offsets.cpython-310-x86_64-linux-gnu.so
7f0654934000-7f06549f3000 r-xp 00010000 00:62 10229430                   /home/ubuntu/.local/lib/python3.10/site-packages/pandas/_libs/tslibs/offsets.cpython-310-x86_64-linux-gnu.so
7f06549f3000-7f0654a18000 r--p 000cf000 00:62 10229430                   /home/ubuntu/.local/lib/python3.10/site-packages/pandas/_libs/tslibs/offsets.cpython-310-x86_64-linux-gnu.so
7f0654a18000-7f0654a1c000 r--p 000f3000 00:62 10229430                   /home/ubuntu/.local/lib/python3.10/site-packages/pandas/_libs/tslibs/offsets.cpython-310-x86_64-linux-gnu.so
7f0654a1c000-7f0654a26000 rw-p 000f7000 00:62 10229430                   /home/ubuntu/.local/lib/python3.10/site-packages/pandas/_libs/tslibs/offsets.cpython-310-x86_64-linux-gnu.so
7f0654a26000-7f0654a2a000 rw-p 00000000 00:00 0 
7f0654a2a000-7f0654a2d000 r--p 00000000 00:62 10229417                   /home/ubuntu/.local/lib/python3.10/site-packages/pandas/_libs/tslibs/base.cpython-310-x86_64-linux-gnu.so
7f0654a2d000-7f0654a34000 r-xp 00003000 00:62 10229417                   /home/ubuntu/.local/lib/python3.10/site-packages/pandas/_libs/tslibs/base.cpython-310-x86_64-linux-gnu.so
7f0654a34000-7f0654a36000 r--p 0000a000 00:62 10229417                   /home/ubuntu/.local/lib/python3.10/site-packages/pandas/_libs/tslibs/base.cpython-310-x86_64-linux-gnu.so
7f0654a36000-7f0654a37000 r--p 0000c000 00:62 10229417                   /home/ubuntu/.local/lib/python3.10/site-packages/pandas/_libs/tslibs/base.cpython-310-x86_64-linux-gnu.so
7f0654a37000-7f0654a38000 rw-p 0000d000 00:62 10229417                   /home/ubuntu/.local/lib/python3.10/site-packages/pandas/_libs/tslibs/base.cpython-310-x86_64-linux-gnu.so
7f0654a38000-7f0654a4d000 r--p 00000000 00:62 10229375                   /home/ubuntu/.local/lib/python3.10/site-packages/pandas/_libs/hashtable.cpython-310-x86_64-linux-gnu.so
7f0654a4d000-7f0654c16000 r-xp 00015000 00:62 10229375                   /home/ubuntu/.local/lib/python3.10/site-packages/pandas/_libs/hashtable.cpython-310-x86_64-linux-gnu.so
7f0654c16000-7f0654c4d000 r--p 001de000 00:62 10229375                   /home/ubuntu/.local/lib/python3.10/site-packages/pandas/_libs/hashtable.cpython-310-x86_64-linux-gnu.so
7f0654c4d000-7f0654c52000 r--p 00215000 00:62 10229375                   /home/ubuntu/.local/lib/python3.10/site-packages/pandas/_libs/hashtable.cpython-310-x86_64-linux-gnu.so
7f0654c52000-7f0654c5f000 rw-p 0021a000 00:62 10229375                   /home/ubuntu/.local/lib/python3.10/site-packages/pandas/_libs/hashtable.cpython-310-x86_64-linux-gnu.so
7f0654c5f000-7f0654d67000 rw-p 00000000 00:00 0 
7f0654d67000-7f0654d74000 r--p 00000000 00:62 10229383                   /home/ubuntu/.local/lib/python3.10/site-packages/pandas/_libs/interval.cpython-310-x86_64-linux-gnu.so
7f0654d74000-7f0654e96000 r-xp 0000d000 00:62 10229383                   /home/ubuntu/.local/lib/python3.10/site-packages/pandas/_libs/interval.cpython-310-x86_64-linux-gnu.so
7f0654e96000-7f0654eb4000 r--p 0012f000 00:62 10229383                   /home/ubuntu/.local/lib/python3.10/site-packages/pandas/_libs/interval.cpython-310-x86_64-linux-gnu.so
7f0654eb4000-7f0654eb6000 r--p 0014d000 00:62 10229383                   /home/ubuntu/.local/lib/python3.10/site-packages/pandas/_libs/interval.cpython-310-x86_64-linux-gnu.so
7f0654eb6000-7f0654ebd000 rw-p 0014f000 00:62 10229383                   /home/ubuntu/.local/lib/python3.10/site-packages/pandas/_libs/interval.cpython-310-x86_64-linux-gnu.so
7f0654ebd000-7f0654fbf000 rw-p 00000000 00:00 0 
7f0654fbf000-7f06551ff000 rw-p 00000000 00:00 0 
7f06551ff000-7f0655200000 ---p 00000000 00:00 0 
7f0655200000-7f0655a00000 rw-p 00000000 00:00 0 
7f0655a00000-7f0656200000 rw-p 00000000 00:00 0 
7f0656202000-7f0656209000 r--p 00000000 00:62 10229420                   /home/ubuntu/.local/lib/python3.10/site-packages/pandas/_libs/tslibs/conversion.cpython-310-x86_64-linux-gnu.so
7f0656209000-7f065623f000 r-xp 00007000 00:62 10229420                   /home/ubuntu/.local/lib/python3.10/site-packages/pandas/_libs/tslibs/conversion.cpython-310-x86_64-linux-gnu.so
7f065623f000-7f0656249000 r--p 0003d000 00:62 10229420                   /home/ubuntu/.local/lib/python3.10/site-packages/pandas/_libs/tslibs/conversion.cpython-310-x86_64-linux-gnu.so
7f0656249000-7f065624b000 r--p 00046000 00:62 10229420                   /home/ubuntu/.local/lib/python3.10/site-packages/pandas/_libs/tslibs/conversion.cpython-310-x86_64-linux-gnu.so
7f065624b000-7f065624d000 rw-p 00048000 00:62 10229420                   /home/ubuntu/.local/lib/python3.10/site-packages/pandas/_libs/tslibs/conversion.cpython-310-x86_64-linux-gnu.so
7f065624d000-7f065624e000 rw-p 00000000 00:00 0 
7f065624e000-7f0656252000 r--p 00000000 00:62 10229428                   /home/ubuntu/.local/lib/python3.10/site-packages/pandas/_libs/tslibs/np_datetime.cpython-310-x86_64-linux-gnu.so
7f0656252000-7f0656269000 r-xp 00004000 00:62 10229428                   /home/ubuntu/.local/lib/python3.10/site-packages/pandas/_libs/tslibs/np_datetime.cpython-310-x86_64-linux-gnu.so
7f0656269000-7f065626e000 r--p 0001b000 00:62 10229428                   /home/ubuntu/.local/lib/python3.10/site-packages/pandas/_libs/tslibs/np_datetime.cpython-310-x86_64-linux-gnu.so
7f065626e000-7f065626f000 r--p 00020000 00:62 10229428                   /home/ubuntu/.local/lib/python3.10/site-packages/pandas/_libs/tslibs/np_datetime.cpython-310-x86_64-linux-gnu.so
7f065626f000-7f0656270000 rw-p 00021000 00:62 10229428                   /home/ubuntu/.local/lib/python3.10/site-packages/pandas/_libs/tslibs/np_datetime.cpython-310-x86_64-linux-gnu.so
7f0656270000-7f0656271000 rw-p 00000000 00:00 0 
7f0656271000-7f0656275000 r--p 00000000 00:62 10229418                   /home/ubuntu/.local/lib/python3.10/site-packages/pandas/_libs/tslibs/ccalendar.cpython-310-x86_64-linux-gnu.so
7f0656275000-7f0656283000 r-xp 00004000 00:62 10229418                   /home/ubuntu/.local/lib/python3.10/site-packages/pandas/_libs/tslibs/ccalendar.cpython-310-x86_64-linux-gnu.so
7f0656283000-7f0656286000 r--p 00012000 00:62 10229418                   /home/ubuntu/.local/lib/python3.10/site-packages/pandas/_libs/tslibs/ccalendar.cpython-310-x86_64-linux-gnu.so
7f0656286000-7f0656287000 r--p 00015000 00:62 10229418                   /home/ubuntu/.local/lib/python3.10/site-packages/pandas/_libs/tslibs/ccalendar.cpython-310-x86_64-linux-gnu.so
7f0656287000-7f0656288000 rw-p 00016000 00:62 10229418                   /home/ubuntu/.local/lib/python3.10/site-packages/pandas/_libs/tslibs/ccalendar.cpython-310-x86_64-linux-gnu.so
7f0656288000-7f065628f000 r--p 00000000 00:62 10229422                   /home/ubuntu/.local/lib/python3.10/site-packages/pandas/_libs/tslibs/dtypes.cpython-310-x86_64-linux-gnu.so
7f065628f000-7f06562ab000 r-xp 00007000 00:62 10229422                   /home/ubuntu/.local/lib/python3.10/site-packages/pandas/_libs/tslibs/dtypes.cpython-310-x86_64-linux-gnu.so
7f06562ab000-7f06562b1000 r--p 00023000 00:62 10229422                   /home/ubuntu/.local/lib/python3.10/site-packages/pandas/_libs/tslibs/dtypes.cpython-310-x86_64-linux-gnu.so
7f06562b1000-7f06562b3000 r--p 00029000 00:62 10229422                   /home/ubuntu/.local/lib/python3.10/site-packages/pandas/_libs/tslibs/dtypes.cpython-310-x86_64-linux-gnu.so
7f06562b3000-7f06562b4000 rw-p 0002b000 00:62 10229422                   /home/ubuntu/.local/lib/python3.10/site-packages/pandas/_libs/tslibs/dtypes.cpython-310-x86_64-linux-gnu.so
7f06562b4000-7f06562b6000 rw-p 00000000 00:00 0 
7f06562b6000-7f06562bc000 r--p 00000000 00:62 10229391                   /home/ubuntu/.local/lib/python3.10/site-packages/pandas/_libs/missing.cpython-310-x86_64-linux-gnu.so
7f06562bc000-7f06562dc000 r-xp 00006000 00:62 10229391                   /home/ubuntu/.local/lib/python3.10/site-packages/pandas/_libs/missing.cpython-310-x86_64-linux-gnu.so
7f06562dc000-7f06562e3000 r--p 00026000 00:62 10229391                   /home/ubuntu/.local/lib/python3.10/site-packages/pandas/_libs/missing.cpython-310-x86_64-linux-gnu.so
7f06562e3000-7f06562e5000 r--p 0002c000 00:62 10229391                   /home/ubuntu/.local/lib/python3.10/site-packages/pandas/_libs/missing.cpython-310-x86_64-linux-gnu.so
7f06562e5000-7f06562e7000 rw-p 0002e000 00:62 10229391                   /home/ubuntu/.local/lib/python3.10/site-packages/pandas/_libs/missing.cpython-310-x86_64-linux-gnu.so
7f06562e7000-7f06562e8000 rw-p 00000000 00:00 0 
7f06562e8000-7f06562e9000 r--p 00000000 00:62 10229397                   /home/ubuntu/.local/lib/python3.10/site-packages/pandas/_libs/pandas_datetime.cpython-310-x86_64-linux-gnu.so
7f06562e9000-7f06562ef000 r-xp 00001000 00:62 10229397                   /home/ubuntu/.local/lib/python3.10/site-packages/pandas/_libs/pandas_datetime.cpython-310-x86_64-linux-gnu.so
7f06562ef000-7f06562f0000 r--p 00007000 00:62 10229397                   /home/ubuntu/.local/lib/python3.10/site-packages/pandas/_libs/pandas_datetime.cpython-310-x86_64-linux-gnu.so
7f06562f0000-7f06562f1000 r--p 00008000 00:62 10229397                   /home/ubuntu/.local/lib/python3.10/site-packages/pandas/_libs/pandas_datetime.cpython-310-x86_64-linux-gnu.so
7f06562f1000-7f06562f2000 rw-p 00009000 00:62 10229397                   /home/ubuntu/.local/lib/python3.10/site-packages/pandas/_libs/pandas_datetime.cpython-310-x86_64-linux-gnu.so
7f06562f2000-7f06562f4000 r--p 00000000 00:62 10229398                   /home/ubuntu/.local/lib/python3.10/site-packages/pandas/_libs/pandas_parser.cpython-310-x86_64-linux-gnu.so
7f06562f4000-7f06562fa000 r-xp 00002000 00:62 10229398                   /home/ubuntu/.local/lib/python3.10/site-packages/pandas/_libs/pandas_parser.cpython-310-x86_64-linux-gnu.so
7f06562fa000-7f06562fc000 r--p 00008000 00:62 10229398                   /home/ubuntu/.local/lib/python3.10/site-packages/pandas/_libs/pandas_parser.cpython-310-x86_64-linux-gnu.so
7f06562fc000-7f06562fd000 r--p 00009000 00:62 10229398                   /home/ubuntu/.local/lib/python3.10/site-packages/pandas/_libs/pandas_parser.cpython-310-x86_64-linux-gnu.so
7f06562fd000-7f06562fe000 rw-p 0000a000 00:62 10229398                   /home/ubuntu/.local/lib/python3.10/site-packages/pandas/_libs/pandas_parser.cpython-310-x86_64-linux-gnu.so
7f06562fe000-7f065673d000 r--p 00000000 00:62 10173817                   /home/ubuntu/.local/lib/python3.10/site-packages/pyarrow/libarrow.so.2200
7f065673d000-7f0658377000 r-xp 0043f000 00:62 10173817                   /home/ubuntu/.local/lib/python3.10/site-packages/pyarrow/libarrow.so.2200
7f0658377000-7f0658ad6000 r--p 02079000 00:62 10173817                   /home/ubuntu/.local/lib/python3.10/site-packages/pyarrow/libarrow.so.2200
7f0658ad6000-7f0658bd5000 r--p 027d8000 00:62 10173817                   /home/ubuntu/.local/lib/python3.10/site-packages/pyarrow/libarrow.so.2200
7f0658bd5000-7f0658c10000 rw-p 028d7000 00:62 10173817                   /home/ubuntu/.local/lib/python3.10/site-packages/pyarrow/libarrow.so.2200
7f0658c10000-7f0658e3b000 rw-p 00000000 00:00 0 
7f0658e3b000-7f0658f44000 r--p 00000000 00:62 10173819                   /home/ubuntu/.local/lib/python3.10/site-packages/pyarrow/libarrow_compute.so.2200
7f0658f44000-7f0659a5a000 r-xp 00109000 00:62 10173819                   /home/ubuntu/.local/lib/python3.10/site-packages/pyarrow/libarrow_compute.so.2200
7f0659a5a000-7f0659c6e000 r--p 00c1f000 00:62 10173819                   /home/ubuntu/.local/lib/python3.10/site-packages/pyarrow/libarrow_compute.so.2200
7f0659c6e000-7f0659c8d000 r--p 00e33000 00:62 10173819                   /home/ubuntu/.local/lib/python3.10/site-packages/pyarrow/libarrow_compute.so.2200
7f0659c8d000-7f0659c92000 rw-p 00e52000 00:62 10173819                   /home/ubuntu/.local/lib/python3.10/site-packages/pyarrow/libarrow_compute.so.2200
7f0659c92000-7f0659c9f000 rw-p 00000000 00:00 0 
7f0659c9f000-7f0659cf4000 r--p 00000000 00:62 10173818                   /home/ubuntu/.local/lib/python3.10/site-packages/pyarrow/libarrow_acero.so.2200
7f0659cf4000-7f0659de6000 r-xp 00055000 00:62 10173818                   /home/ubuntu/.local/lib/python3.10/site-packages/pyarrow/libarrow_acero.so.2200
7f0659de6000-7f0659e1e000 r--p 00147000 00:62 10173818                   /home/ubuntu/.local/lib/python3.10/site-packages/pyarrow/libarrow_acero.so.2200
7f0659e1e000-7f0659e24000 r--p 0017e000 00:62 10173818                   /home/ubuntu/.local/lib/python3.10/site-packages/pyarrow/libarrow_acero.so.2200
7f0659e24000-7f0659e27000 rw-p 00184000 00:62 10173818                   /home/ubuntu/.local/lib/python3.10/site-packages/pyarrow/libarrow_acero.so.2200
7f0659e27000-7f065a021000 r--p 00000000 00:62 10173832                   /home/ubuntu/.local/lib/python3.10/site-packages/pyarrow/libparquet.so.2200
7f065a021000-7f065a5b5000 r-xp 001fa000 00:62 10173832                   /home/ubuntu/.local/lib/python3.10/site-packages/pyarrow/libparquet.so.2200
7f065a5b5000-7f065a778000 r--p 0078e000 00:62 10173832                   /home/ubuntu/.local/lib/python3.10/site-packages/pyarrow/libparquet.so.2200
7f065a778000-7f065a813000 r--p 00951000 00:62 10173832                   /home/ubuntu/.local/lib/python3.10/site-packages/pyarrow/libparquet.so.2200
7f065a813000-7f065a821000 rw-p 009ec000 00:62 10173832                   /home/ubuntu/.local/lib/python3.10/site-packages/pyarrow/libparquet.so.2200
7f065a821000-7f065a825000 rw-p 00000000 00:00 0 
7f065a825000-7f065a8ca000 r--p 00000000 00:62 10173820                   /home/ubuntu/.local/lib/python3.10/site-packages/pyarrow/libarrow_dataset.so.2200
7f065a8ca000-7f065a9a7000 r-xp 000a5000 00:62 10173820                   /home/ubuntu/.local/lib/python3.10/site-packages/pyarrow/libarrow_dataset.so.2200
7f065a9a7000-7f065a9ea000 r--p 00182000 00:62 10173820                   /home/ubuntu/.local/lib/python3.10/site-packages/pyarrow/libarrow_dataset.so.2200
7f065a9ea000-7f065a9f3000 r--p 001c4000 00:62 10173820                   /home/ubuntu/.local/lib/python3.10/site-packages/pyarrow/libarrow_dataset.so.2200
7f065a9f3000-7f065a9f5000 rw-p 001cd000 00:62 10173820                   /home/ubuntu/.local/lib/python3.10/site-packages/pyarrow/libarrow_dataset.so.2200
7f065a9f5000-7f065aa68000 r--p 00000000 00:62 10173831                   /home/ubuntu/.local/lib/python3.10/site-packages/pyarrow/libarrow_substrait.so.2200
7f065aa68000-7f065ad51000 r-xp 00073000 00:62 10173831                   /home/ubuntu/.local/lib/python3.10/site-packages/pyarrow/libarrow_substrait.so.2200
7f065ad51000-7f065ae08000 r--p 0035c000 00:62 10173831                   /home/ubuntu/.local/lib/python3.10/site-packages/pyarrow/libarrow_substrait.so.2200
7f065ae08000-7f065ae15000 r--p 00413000 00:62 10173831                   /home/ubuntu/.local/lib/python3.10/site-packages/pyarrow/libarrow_substrait.so.2200
7f065ae15000-7f065ae2b000 rw-p 00420000 00:62 10173831                   /home/ubuntu/.local/lib/python3.10/site-packages/pyarrow/libarrow_substrait.so.2200
7f065ae2b000-7f065ae2d000 rw-p 00000000 00:00 0 
7f065ae2d000-7f065aeb8000 r--p 00000000 00:62 10173823                   /home/ubuntu/.local/lib/python3.10/site-packages/pyarrow/libarrow_python.so.2200
7f065aeb8000-7f065afda000 r-xp 0008b000 00:62 10173823                   /home/ubuntu/.local/lib/python3.10/site-packages/pyarrow/libarrow_python.so.2200
7f065afda000-7f065b01d000 r--p 001ad000 00:62 10173823                   /home/ubuntu/.local/lib/python3.10/site-packages/pyarrow/libarrow_python.so.2200
7f065b01d000-7f065b029000 r--p 001f0000 00:62 10173823                   /home/ubuntu/.local/lib/python3.10/site-packages/pyarrow/libarrow_python.so.2200
7f065b029000-7f065b02c000 rw-p 001fc000 00:62 10173823                   /home/ubuntu/.local/lib/python3.10/site-packages/pyarrow/libarrow_python.so.2200
7f065b02c000-7f065b08a000 r--p 00000000 00:62 10173812                   /home/ubuntu/.local/lib/python3.10/site-packages/pyarrow/lib.cpython-310-x86_64-linux-gnu.so
7f065b08a000-7f065b2db000 r-xp 0005e000 00:62 10173812                   /home/ubuntu/.local/lib/python3.10/site-packages/pyarrow/lib.cpython-310-x86_64-linux-gnu.so
7f065b2db000-7f065b3c8000 r--p 002af000 00:62 10173812                   /home/ubuntu/.local/lib/python3.10/site-packages/pyarrow/lib.cpython-310-x86_64-linux-gnu.so
7f065b3c8000-7f065b3d7000 r--p 0039b000 00:62 10173812                   /home/ubuntu/.local/lib/python3.10/site-packages/pyarrow/lib.cpython-310-x86_64-linux-gnu.so
7f065b3d7000-7f065b3ff000 rw-p 003aa000 00:62 10173812                   /home/ubuntu/.local/lib/python3.10/site-packages/pyarrow/lib.cpython-310-x86_64-linux-gnu.so
7f065b3ff000-7f065b40d000 rw-p 00000000 00:00 0 
7f065b40d000-7f065b412000 r--p 00000000 00:62 10226752                   /home/ubuntu/.local/lib/python3.10/site-packages/scipy/ndimage/_ni_label.cpython-310-x86_64-linux-gnu.so
7f065b412000-7f065b45e000 r-xp 00005000 00:62 10226752                   /home/ubuntu/.local/lib/python3.10/site-packages/scipy/ndimage/_ni_label.cpython-310-x86_64-linux-gnu.so
7f065b45e000-7f065b467000 r--p 00051000 00:62 10226752                   /home/ubuntu/.local/lib/python3.10/site-packages/scipy/ndimage/_ni_label.cpython-310-x86_64-linux-gnu.so
7f065b467000-7f065b468000 ---p 0005a000 00:62 10226752                   /home/ubuntu/.local/lib/python3.10/site-packages/scipy/ndimage/_ni_label.cpython-310-x86_64-linux-gnu.so
7f065b468000-7f065b469000 r--p 0005a000 00:62 10226752                   /home/ubuntu/.local/lib/python3.10/site-packages/scipy/ndimage/_ni_label.cpython-310-x86_64-linux-gnu.so
7f065b469000-7f065b46c000 rw-p 0005b000 00:62 10226752                   /home/ubuntu/.local/lib/python3.10/site-packages/scipy/ndimage/_ni_label.cpython-310-x86_64-linux-gnu.so
7f065b46c000-7f065b46e000 r--p 00000000 00:62 10226766                   /home/ubuntu/.local/lib/python3.10/site-packages/scipy/ndimage/_nd_image.cpython-310-x86_64-linux-gnu.so
7f065b46e000-7f065b489000 r-xp 00002000 00:62 10226766                   /home/ubuntu/.local/lib/python3.10/site-packages/scipy/ndimage/_nd_image.cpython-310-x86_64-linux-gnu.so
7f065b489000-7f065b48d000 r--p 0001d000 00:62 10226766                   /home/ubuntu/.local/lib/python3.10/site-packages/scipy/ndimage/_nd_image.cpython-310-x86_64-linux-gnu.so
7f065b48d000-7f065b48e000 r--p 00020000 00:62 10226766                   /home/ubuntu/.local/lib/python3.10/site-packages/scipy/ndimage/_nd_image.cpython-310-x86_64-linux-gnu.so
7f065b48e000-7f065b48f000 rw-p 00021000 00:62 10226766                   /home/ubuntu/.local/lib/python3.10/site-packages/scipy/ndimage/_nd_image.cpython-310-x86_64-linux-gnu.so
7f065b48f000-7f065b58f000 rw-p 00000000 00:00 0 
7f065b58f000-7f065b594000 r--p 00000000 00:62 10227388                   /home/ubuntu/.local/lib/python3.10/site-packages/scipy/stats/_rcont/rcont.cpython-310-x86_64-linux-gnu.so
7f065b594000-7f065b5bc000 r-xp 00005000 00:62 10227388                   /home/ubuntu/.local/lib/python3.10/site-packages/scipy/stats/_rcont/rcont.cpython-310-x86_64-linux-gnu.so
7f065b5bc000-7f065b5c5000 r--p 0002d000 00:62 10227388                   /home/ubuntu/.local/lib/python3.10/site-packages/scipy/stats/_rcont/rcont.cpython-310-x86_64-linux-gnu.so
7f065b5c5000-7f065b5c6000 ---p 00036000 00:62 10227388                   /home/ubuntu/.local/lib/python3.10/site-packages/scipy/stats/_rcont/rcont.cpython-310-x86_64-linux-gnu.so
7f065b5c6000-7f065b5c7000 r--p 00036000 00:62 10227388                   /home/ubuntu/.local/lib/python3.10/site-packages/scipy/stats/_rcont/rcont.cpython-310-x86_64-linux-gnu.so
7f065b5c7000-7f065b5c9000 rw-p 00037000 00:62 10227388                   /home/ubuntu/.local/lib/python3.10/site-packages/scipy/stats/_rcont/rcont.cpython-310-x86_64-linux-gnu.so
7f065b5c9000-7f065b5ca000 rw-p 00000000 00:00 0 
7f065b5ca000-7f065b5cc000 r--p 00000000 00:62 10227269                   /home/ubuntu/.local/lib/python3.10/site-packages/scipy/stats/_mvn.cpython-310-x86_64-linux-gnu.so
7f065b5cc000-7f065b5d5000 r-xp 00002000 00:62 10227269                   /home/ubuntu/.local/lib/python3.10/site-packages/scipy/stats/_mvn.cpython-310-x86_64-linux-gnu.so
7f065b5d5000-7f065b5db000 r--p 0000b000 00:62 10227269                   /home/ubuntu/.local/lib/python3.10/site-packages/scipy/stats/_mvn.cpython-310-x86_64-linux-gnu.so
7f065b5db000-7f065b5dc000 r--p 00010000 00:62 10227269                   /home/ubuntu/.local/lib/python3.10/site-packages/scipy/stats/_mvn.cpython-310-x86_64-linux-gnu.so
7f065b5dc000-7f065b5de000 rw-p 00011000 00:62 10227269                   /home/ubuntu/.local/lib/python3.10/site-packages/scipy/stats/_mvn.cpython-310-x86_64-linux-gnu.so
7f065b5de000-7f065b6d5000 rw-p 00000000 00:00 0 
7f065b6d5000-7f065b6da000 r--p 00000000 00:62 10227257                   /home/ubuntu/.local/lib/python3.10/site-packages/scipy/stats/_ansari_swilk_statistics.cpython-310-x86_64-linux-gnu.so
7f065b6da000-7f065b707000 r-xp 00005000 00:62 10227257                   /home/ubuntu/.local/lib/python3.10/site-packages/scipy/stats/_ansari_swilk_statistics.cpython-310-x86_64-linux-gnu.so
7f065b707000-7f065b70f000 r--p 00032000 00:62 10227257                   /home/ubuntu/.local/lib/python3.10/site-packages/scipy/stats/_ansari_swilk_statistics.cpython-310-x86_64-linux-gnu.so
7f065b70f000-7f065b710000 r--p 00039000 00:62 10227257                   /home/ubuntu/.local/lib/python3.10/site-packages/scipy/stats/_ansari_swilk_statistics.cpython-310-x86_64-linux-gnu.so
7f065b710000-7f065b712000 rw-p 0003a000 00:62 10227257                   /home/ubuntu/.local/lib/python3.10/site-packages/scipy/stats/_ansari_swilk_statistics.cpython-310-x86_64-linux-gnu.so
7f065b712000-7f065b813000 rw-p 00000000 00:00 0 
7f065b813000-7f065b816000 r--p 00000000 00:62 10227390                   /home/ubuntu/.local/lib/python3.10/site-packages/scipy/stats/_levy_stable/levyst.cpython-310-x86_64-linux-gnu.so
7f065b816000-7f065b81d000 r-xp 00003000 00:62 10227390                   /home/ubuntu/.local/lib/python3.10/site-packages/scipy/stats/_levy_stable/levyst.cpython-310-x86_64-linux-gnu.so
7f065b81d000-7f065b81f000 r--p 0000a000 00:62 10227390                   /home/ubuntu/.local/lib/python3.10/site-packages/scipy/stats/_levy_stable/levyst.cpython-310-x86_64-linux-gnu.so
7f065b81f000-7f065b820000 r--p 0000b000 00:62 10227390                   /home/ubuntu/.local/lib/python3.10/site-packages/scipy/stats/_levy_stable/levyst.cpython-310-x86_64-linux-gnu.so
7f065b820000-7f065b821000 rw-p 0000c000 00:62 10227390                   /home/ubuntu/.local/lib/python3.10/site-packages/scipy/stats/_levy_stable/levyst.cpython-310-x86_64-linux-gnu.so
7f065b821000-7f065b825000 r--p 00000000 00:62 10227300                   /home/ubuntu/.local/lib/python3.10/site-packages/scipy/stats/_stats_pythran.cpython-310-x86_64-linux-gnu.so
7f065b825000-7f065b83f000 r-xp 00004000 00:62 10227300                   /home/ubuntu/.local/lib/python3.10/site-packages/scipy/stats/_stats_pythran.cpython-310-x86_64-linux-gnu.so
7f065b83f000-7f065b845000 r--p 0001e000 00:62 10227300                   /home/ubuntu/.local/lib/python3.10/site-packages/scipy/stats/_stats_pythran.cpython-310-x86_64-linux-gnu.so
7f065b845000-7f065b846000 r--p 00023000 00:62 10227300                   /home/ubuntu/.local/lib/python3.10/site-packages/scipy/stats/_stats_pythran.cpython-310-x86_64-linux-gnu.so
7f065b846000-7f065b847000 rw-p 00024000 00:62 10227300                   /home/ubuntu/.local/lib/python3.10/site-packages/scipy/stats/_stats_pythran.cpython-310-x86_64-linux-gnu.so
7f065b847000-7f065b84c000 r--p 00000000 00:62 10227279                   /home/ubuntu/.local/lib/python3.10/site-packages/scipy/stats/_biasedurn.cpython-310-x86_64-linux-gnu.so
7f065b84c000-7f065b876000 r-xp 00005000 00:62 10227279                   /home/ubuntu/.local/lib/python3.10/site-packages/scipy/stats/_biasedurn.cpython-310-x86_64-linux-gnu.so
7f065b876000-7f065b882000 r--p 0002f000 00:62 10227279                   /home/ubuntu/.local/lib/python3.10/site-packages/scipy/stats/_biasedurn.cpython-310-x86_64-linux-gnu.so
7f065b882000-7f065b883000 r--p 0003a000 00:62 10227279                   /home/ubuntu/.local/lib/python3.10/site-packages/scipy/stats/_biasedurn.cpython-310-x86_64-linux-gnu.so
7f065b883000-7f065b886000 rw-p 0003b000 00:62 10227279                   /home/ubuntu/.local/lib/python3.10/site-packages/scipy/stats/_biasedurn.cpython-310-x86_64-linux-gnu.so
7f065b886000-7f065b989000 rw-p 00000000 00:00 0 
7f065b989000-7f065b98f000 r--p 00000000 00:62 10227315                   /home/ubuntu/.local/lib/python3.10/site-packages/scipy/stats/_qmc_cy.cpython-310-x86_64-linux-gnu.so
7f065b98f000-7f065b9ba000 r-xp 00006000 00:62 10227315                   /home/ubuntu/.local/lib/python3.10/site-packages/scipy/stats/_qmc_cy.cpython-310-x86_64-linux-gnu.so
7f065b9ba000-7f065b9c3000 r--p 00031000 00:62 10227315                   /home/ubuntu/.local/lib/python3.10/site-packages/scipy/stats/_qmc_cy.cpython-310-x86_64-linux-gnu.so
7f065b9c3000-7f065b9c4000 r--p 00039000 00:62 10227315                   /home/ubuntu/.local/lib/python3.10/site-packages/scipy/stats/_qmc_cy.cpython-310-x86_64-linux-gnu.so
7f065b9c4000-7f065b9c6000 rw-p 0003a000 00:62 10227315                   /home/ubuntu/.local/lib/python3.10/site-packages/scipy/stats/_qmc_cy.cpython-310-x86_64-linux-gnu.so
7f065b9c6000-7f065b9c7000 rw-p 00000000 00:00 0 
7f065b9c7000-7f065b9cc000 r--p 00000000 00:62 10227297                   /home/ubuntu/.local/lib/python3.10/site-packages/scipy/stats/_sobol.cpython-310-x86_64-linux-gnu.so
7f065b9cc000-7f065ba14000 r-xp 00005000 00:62 10227297                   /home/ubuntu/.local/lib/python3.10/site-packages/scipy/stats/_sobol.cpython-310-x86_64-linux-gnu.so
7f065ba14000-7f065ba1e000 r--p 0004d000 00:62 10227297                   /home/ubuntu/.local/lib/python3.10/site-packages/scipy/stats/_sobol.cpython-310-x86_64-linux-gnu.so
7f065ba1e000-7f065ba1f000 r--p 00056000 00:62 10227297                   /home/ubuntu/.local/lib/python3.10/site-packages/scipy/stats/_sobol.cpython-310-x86_64-linux-gnu.so
7f065ba1f000-7f065ba22000 rw-p 00057000 00:62 10227297                   /home/ubuntu/.local/lib/python3.10/site-packages/scipy/stats/_sobol.cpython-310-x86_64-linux-gnu.so
7f065ba22000-7f065bb22000 rw-p 00000000 00:00 0 
7f065bb22000-7f065bb30000 r--p 00000000 00:62 10226464                   /home/ubuntu/.local/lib/python3.10/site-packages/scipy/special/cython_special.cpython-310-x86_64-linux-gnu.so
7f065bb30000-7f065bdf5000 r-xp 0000e000 00:62 10226464                   /home/ubuntu/.local/lib/python3.10/site-packages/scipy/special/cython_special.cpython-310-x86_64-linux-gnu.so
7f065bdf5000-7f065be3d000 r--p 002d3000 00:62 10226464                   /home/ubuntu/.local/lib/python3.10/site-packages/scipy/special/cython_special.cpython-310-x86_64-linux-gnu.so
7f065be3d000-7f065be3e000 r--p 0031a000 00:62 10226464                   /home/ubuntu/.local/lib/python3.10/site-packages/scipy/special/cython_special.cpython-310-x86_64-linux-gnu.so
7f065be3e000-7f065be43000 rw-p 0031b000 00:62 10226464                   /home/ubuntu/.local/lib/python3.10/site-packages/scipy/special/cython_special.cpython-310-x86_64-linux-gnu.so
7f065be43000-7f065be46000 rw-p 00000000 00:00 0 
7f065be46000-7f065be4c000 r--p 00000000 00:62 10227263                   /home/ubuntu/.local/lib/python3.10/site-packages/scipy/stats/_stats.cpython-310-x86_64-linux-gnu.so
7f065be4c000-7f065bee0000 r-xp 00006000 00:62 10227263                   /home/ubuntu/.local/lib/python3.10/site-packages/scipy/stats/_stats.cpython-310-x86_64-linux-gnu.so
7f065bee0000-7f065beee000 r--p 0009a000 00:62 10227263                   /home/ubuntu/.local/lib/python3.10/site-packages/scipy/stats/_stats.cpython-310-x86_64-linux-gnu.so
7f065beee000-7f065beef000 r--p 000a7000 00:62 10227263                   /home/ubuntu/.local/lib/python3.10/site-packages/scipy/stats/_stats.cpython-310-x86_64-linux-gnu.so
7f065beef000-7f065bef2000 rw-p 000a8000 00:62 10227263                   /home/ubuntu/.local/lib/python3.10/site-packages/scipy/stats/_stats.cpython-310-x86_64-linux-gnu.so
7f065bef2000-7f065bef4000 rw-p 00000000 00:00 0 
7f065bef4000-7f065befa000 r--p 00000000 00:62 10227514                   /home/ubuntu/.local/lib/python3.10/site-packages/scipy/interpolate/_bspl.cpython-310-x86_64-linux-gnu.so
7f065befa000-7f065bf30000 r-xp 00006000 00:62 10227514                   /home/ubuntu/.local/lib/python3.10/site-packages/scipy/interpolate/_bspl.cpython-310-x86_64-linux-gnu.so
7f065bf30000-7f065bf3d000 r--p 0003c000 00:62 10227514                   /home/ubuntu/.local/lib/python3.10/site-packages/scipy/interpolate/_bspl.cpython-310-x86_64-linux-gnu.so
7f065bf3d000-7f065bf3e000 r--p 00048000 00:62 10227514                   /home/ubuntu/.local/lib/python3.10/site-packages/scipy/interpolate/_bspl.cpython-310-x86_64-linux-gnu.so
7f065bf3e000-7f065bf40000 rw-p 00049000 00:62 10227514                   /home/ubuntu/.local/lib/python3.10/site-packages/scipy/interpolate/_bspl.cpython-310-x86_64-linux-gnu.so
7f065bf40000-7f065bf41000 rw-p 00000000 00:00 0 
7f065bf41000-7f065bf44000 rw-p 0005f000 00:62 10227514                   /home/ubuntu/.local/lib/python3.10/site-packages/scipy/interpolate/_bspl.cpython-310-x86_64-linux-gnu.so
7f065bf44000-7f065bf46000 rw-p 00062000 00:62 10227514                   /home/ubuntu/.local/lib/python3.10/site-packages/scipy/interpolate/_bspl.cpython-310-x86_64-linux-gnu.so
7f065bf46000-7f065bf4b000 r--p 00000000 00:62 10227517                   /home/ubuntu/.local/lib/python3.10/site-packages/scipy/interpolate/_rgi_cython.cpython-310-x86_64-linux-gnu.so
7f065bf4b000-7f065bf7c000 r-xp 00005000 00:62 10227517                   /home/ubuntu/.local/lib/python3.10/site-packages/scipy/interpolate/_rgi_cython.cpython-310-x86_64-linux-gnu.so
7f065bf7c000-7f065bf84000 r--p 00036000 00:62 10227517                   /home/ubuntu/.local/lib/python3.10/site-packages/scipy/interpolate/_rgi_cython.cpython-310-x86_64-linux-gnu.so
7f065bf84000-7f065bf85000 r--p 0003d000 00:62 10227517                   /home/ubuntu/.local/lib/python3.10/site-packages/scipy/interpolate/_rgi_cython.cpython-310-x86_64-linux-gnu.so
7f065bf85000-7f065bf87000 rw-p 0003e000 00:62 10227517                   /home/ubuntu/.local/lib/python3.10/site-packages/scipy/interpolate/_rgi_cython.cpython-310-x86_64-linux-gnu.so
7f065bf87000-7f065bf88000 rw-p 00000000 00:00 0 
7f065bf88000-7f065bf8c000 r--p 00000000 00:62 10227507                   /home/ubuntu/.local/lib/python3.10/site-packages/scipy/interpolate/_rbfinterp_pythran.cpython-310-x86_64-linux-gnu.so
7f065bf8c000-7f065bfb7000 r-xp 00004000 00:62 10227507                   /home/ubuntu/.local/lib/python3.10/site-packages/scipy/interpolate/_rbfinterp_pythran.cpython-310-x86_64-linux-gnu.so
7f065bfb7000-7f065bfbd000 r--p 0002f000 00:62 10227507                   /home/ubuntu/.local/lib/python3.10/site-packages/scipy/interpolate/_rbfinterp_pythran.cpython-310-x86_64-linux-gnu.so
7f065bfbd000-7f065bfbe000 r--p 00034000 00:62 10227507                   /home/ubuntu/.local/lib/python3.10/site-packages/scipy/interpolate/_rbfinterp_pythran.cpython-310-x86_64-linux-gnu.so
7f065bfbe000-7f065bfbf000 rw-p 00035000 00:62 10227507                   /home/ubuntu/.local/lib/python3.10/site-packages/scipy/interpolate/_rbfinterp_pythran.cpython-310-x86_64-linux-gnu.so
7f065bfbf000-7f065c0bf000 rw-p 00000000 00:00 0 
7f065c0bf000-7f065c0c5000 r--p 00000000 00:62 10227521                   /home/ubuntu/.local/lib/python3.10/site-packages/scipy/interpolate/_interpnd.cpython-310-x86_64-linux-gnu.so
7f065c0c5000-7f065c115000 r-xp 00006000 00:62 10227521                   /home/ubuntu/.local/lib/python3.10/site-packages/scipy/interpolate/_interpnd.cpython-310-x86_64-linux-gnu.so
7f065c115000-7f065c121000 r--p 00056000 00:62 10227521                   /home/ubuntu/.local/lib/python3.10/site-packages/scipy/interpolate/_interpnd.cpython-310-x86_64-linux-gnu.so
7f065c121000-7f065c122000 r--p 00061000 00:62 10227521                   /home/ubuntu/.local/lib/python3.10/site-packages/scipy/interpolate/_interpnd.cpython-310-x86_64-linux-gnu.so
7f065c122000-7f065c125000 rw-p 00062000 00:62 10227521                   /home/ubuntu/.local/lib/python3.10/site-packages/scipy/interpolate/_interpnd.cpython-310-x86_64-linux-gnu.so
7f065c125000-7f065c126000 rw-p 00000000 00:00 0 
7f065c126000-7f065c12b000 r--p 00000000 00:62 10227494                   /home/ubuntu/.local/lib/python3.10/site-packages/scipy/interpolate/_ppoly.cpython-310-x86_64-linux-gnu.so
7f065c12b000-7f065c181000 r-xp 00005000 00:62 10227494                   /home/ubuntu/.local/lib/python3.10/site-packages/scipy/interpolate/_ppoly.cpython-310-x86_64-linux-gnu.so
7f065c181000-7f065c18c000 r--p 0005b000 00:62 10227494                   /home/ubuntu/.local/lib/python3.10/site-packages/scipy/interpolate/_ppoly.cpython-310-x86_64-linux-gnu.so
7f065c18c000-7f065c18d000 r--p 00065000 00:62 10227494                   /home/ubuntu/.local/lib/python3.10/site-packages/scipy/interpolate/_ppoly.cpython-310-x86_64-linux-gnu.so
7f065c18d000-7f065c18f000 rw-p 00066000 00:62 10227494                   /home/ubuntu/.local/lib/python3.10/site-packages/scipy/interpolate/_ppoly.cpython-310-x86_64-linux-gnu.so
7f065c18f000-7f065c190000 rw-p 00000000 00:00 0 
7f065c190000-7f065c193000 r--p 00000000 00:62 10227515                   /home/ubuntu/.local/lib/python3.10/site-packages/scipy/interpolate/_dierckx.cpython-310-x86_64-linux-gnu.so
7f065c193000-7f065c19f000 r-xp 00003000 00:62 10227515                   /home/ubuntu/.local/lib/python3.10/site-packages/scipy/interpolate/_dierckx.cpython-310-x86_64-linux-gnu.so
7f065c19f000-7f065c1a4000 r--p 0000f000 00:62 10227515                   /home/ubuntu/.local/lib/python3.10/site-packages/scipy/interpolate/_dierckx.cpython-310-x86_64-linux-gnu.so
7f065c1a4000-7f065c1a5000 r--p 00013000 00:62 10227515                   /home/ubuntu/.local/lib/python3.10/site-packages/scipy/interpolate/_dierckx.cpython-310-x86_64-linux-gnu.so
7f065c1a5000-7f065c1a7000 rw-p 00014000 00:62 10227515                   /home/ubuntu/.local/lib/python3.10/site-packages/scipy/interpolate/_dierckx.cpython-310-x86_64-linux-gnu.so
7f065c1a7000-7f065c1a9000 rw-p 00020000 00:62 10227515                   /home/ubuntu/.local/lib/python3.10/site-packages/scipy/interpolate/_dierckx.cpython-310-x86_64-linux-gnu.so
7f065c1a9000-7f065c1aa000 rw-p 00022000 00:62 10227515                   /home/ubuntu/.local/lib/python3.10/site-packages/scipy/interpolate/_dierckx.cpython-310-x86_64-linux-gnu.so
7f065c1aa000-7f065c1ae000 r--p 00000000 00:62 10227502                   /home/ubuntu/.local/lib/python3.10/site-packages/scipy/interpolate/_dfitpack.cpython-310-x86_64-linux-gnu.so
7f065c1ae000-7f065c1e4000 r-xp 00004000 00:62 10227502                   /home/ubuntu/.local/lib/python3.10/site-packages/scipy/interpolate/_dfitpack.cpython-310-x86_64-linux-gnu.so
7f065c1e4000-7f065c1f0000 r--p 0003a000 00:62 10227502                   /home/ubuntu/.local/lib/python3.10/site-packages/scipy/interpolate/_dfitpack.cpython-310-x86_64-linux-gnu.so
7f065c1f0000-7f065c1f1000 ---p 00046000 00:62 10227502                   /home/ubuntu/.local/lib/python3.10/site-packages/scipy/interpolate/_dfitpack.cpython-310-x86_64-linux-gnu.so
7f065c1f1000-7f065c1f2000 r--p 00046000 00:62 10227502                   /home/ubuntu/.local/lib/python3.10/site-packages/scipy/interpolate/_dfitpack.cpython-310-x86_64-linux-gnu.so
7f065c1f2000-7f065c1fa000 rw-p 00047000 00:62 10227502                   /home/ubuntu/.local/lib/python3.10/site-packages/scipy/interpolate/_dfitpack.cpython-310-x86_64-linux-gnu.so
7f065c1fa000-7f065c1fc000 rw-p 00052000 00:62 10227502                   /home/ubuntu/.local/lib/python3.10/site-packages/scipy/interpolate/_dfitpack.cpython-310-x86_64-linux-gnu.so
7f065c1fc000-7f065c1fd000 rw-p 00054000 00:62 10227502                   /home/ubuntu/.local/lib/python3.10/site-packages/scipy/interpolate/_dfitpack.cpython-310-x86_64-linux-gnu.so
7f065c1fd000-7f065c1fe000 r--p 00000000 00:62 10227498                   /home/ubuntu/.local/lib/python3.10/site-packages/scipy/interpolate/_fitpack.cpython-310-x86_64-linux-gnu.so
7f065c1fe000-7f065c20e000 r-xp 00001000 00:62 10227498                   /home/ubuntu/.local/lib/python3.10/site-packages/scipy/interpolate/_fitpack.cpython-310-x86_64-linux-gnu.so
7f065c20e000-7f065c210000 r--p 00011000 00:62 10227498                   /home/ubuntu/.local/lib/python3.10/site-packages/scipy/interpolate/_fitpack.cpython-310-x86_64-linux-gnu.so
7f065c210000-7f065c211000 r--p 00012000 00:62 10227498                   /home/ubuntu/.local/lib/python3.10/site-packages/scipy/interpolate/_fitpack.cpython-310-x86_64-linux-gnu.so
7f065c211000-7f065c212000 rw-p 00013000 00:62 10227498                   /home/ubuntu/.local/lib/python3.10/site-packages/scipy/interpolate/_fitpack.cpython-310-x86_64-linux-gnu.so
7f065c212000-7f065c213000 rw-p 00015000 00:62 10227498                   /home/ubuntu/.local/lib/python3.10/site-packages/scipy/interpolate/_fitpack.cpython-310-x86_64-linux-gnu.so
7f065c213000-7f065c214000 rw-p 00016000 00:62 10227498                   /home/ubuntu/.local/lib/python3.10/site-packages/scipy/interpolate/_fitpack.cpython-310-x86_64-linux-gnu.so
7f065c214000-7f065c314000 rw-p 00000000 00:00 0 
7f065c314000-7f065c330000 r--p 00000000 00:62 10226100                   /home/ubuntu/.local/lib/python3.10/site-packages/scipy/integrate/_lsoda.cpython-310-x86_64-linux-gnu.so
7f065c330000-7f065c34b000 r-xp 0001c000 00:62 10226100                   /home/ubuntu/.local/lib/python3.10/site-packages/scipy/integrate/_lsoda.cpython-310-x86_64-linux-gnu.so
7f065c34b000-7f065c35a000 r--p 00037000 00:62 10226100                   /home/ubuntu/.local/lib/python3.10/site-packages/scipy/integrate/_lsoda.cpython-310-x86_64-linux-gnu.so
7f065c35a000-7f065c35b000 ---p 00046000 00:62 10226100                   /home/ubuntu/.local/lib/python3.10/site-packages/scipy/integrate/_lsoda.cpython-310-x86_64-linux-gnu.so
7f065c35b000-7f065c35c000 r--p 00046000 00:62 10226100                   /home/ubuntu/.local/lib/python3.10/site-packages/scipy/integrate/_lsoda.cpython-310-x86_64-linux-gnu.so
7f065c35c000-7f065c361000 rw-p 00047000 00:62 10226100                   /home/ubuntu/.local/lib/python3.10/site-packages/scipy/integrate/_lsoda.cpython-310-x86_64-linux-gnu.so
7f065c361000-7f065c372000 rw-p 00067000 00:62 10226100                   /home/ubuntu/.local/lib/python3.10/site-packages/scipy/integrate/_lsoda.cpython-310-x86_64-linux-gnu.so
7f065c372000-7f065c379000 rw-p 00078000 00:62 10226100                   /home/ubuntu/.local/lib/python3.10/site-packages/scipy/integrate/_lsoda.cpython-310-x86_64-linux-gnu.so
7f065c379000-7f065c37c000 r--p 00000000 00:62 10226101                   /home/ubuntu/.local/lib/python3.10/site-packages/scipy/integrate/_dop.cpython-310-x86_64-linux-gnu.so
7f065c37c000-7f065c38a000 r-xp 00003000 00:62 10226101                   /home/ubuntu/.local/lib/python3.10/site-packages/scipy/integrate/_dop.cpython-310-x86_64-linux-gnu.so
7f065c38a000-7f065c38e000 r--p 00011000 00:62 10226101                   /home/ubuntu/.local/lib/python3.10/site-packages/scipy/integrate/_dop.cpython-310-x86_64-linux-gnu.so
7f065c38e000-7f065c38f000 r--p 00014000 00:62 10226101                   /home/ubuntu/.local/lib/python3.10/site-packages/scipy/integrate/_dop.cpython-310-x86_64-linux-gnu.so
7f065c38f000-7f065c391000 rw-p 00015000 00:62 10226101                   /home/ubuntu/.local/lib/python3.10/site-packages/scipy/integrate/_dop.cpython-310-x86_64-linux-gnu.so
7f065c391000-7f065c393000 rw-p 0001a000 00:62 10226101                   /home/ubuntu/.local/lib/python3.10/site-packages/scipy/integrate/_dop.cpython-310-x86_64-linux-gnu.so
7f065c393000-7f065c394000 rw-p 0001c000 00:62 10226101                   /home/ubuntu/.local/lib/python3.10/site-packages/scipy/integrate/_dop.cpython-310-x86_64-linux-gnu.so
7f065c394000-7f065c3b0000 r--p 00000000 00:62 10226111                   /home/ubuntu/.local/lib/python3.10/site-packages/scipy/integrate/_vode.cpython-310-x86_64-linux-gnu.so
7f065c3b0000-7f065c3d5000 r-xp 0001c000 00:62 10226111                   /home/ubuntu/.local/lib/python3.10/site-packages/scipy/integrate/_vode.cpython-310-x86_64-linux-gnu.so
7f065c3d5000-7f065c3e6000 r--p 00041000 00:62 10226111                   /home/ubuntu/.local/lib/python3.10/site-packages/scipy/integrate/_vode.cpython-310-x86_64-linux-gnu.so
7f065c3e6000-7f065c3e7000 r--p 00051000 00:62 10226111                   /home/ubuntu/.local/lib/python3.10/site-packages/scipy/integrate/_vode.cpython-310-x86_64-linux-gnu.so
7f065c3e7000-7f065c3ec000 rw-p 00052000 00:62 10226111                   /home/ubuntu/.local/lib/python3.10/site-packages/scipy/integrate/_vode.cpython-310-x86_64-linux-gnu.so
7f065c3ec000-7f065c3fd000 rw-p 00073000 00:62 10226111                   /home/ubuntu/.local/lib/python3.10/site-packages/scipy/integrate/_vode.cpython-310-x86_64-linux-gnu.so
7f065c3fd000-7f065c404000 rw-p 00084000 00:62 10226111                   /home/ubuntu/.local/lib/python3.10/site-packages/scipy/integrate/_vode.cpython-310-x86_64-linux-gnu.so
7f065c404000-7f065c406000 r--p 00000000 00:62 10226112                   /home/ubuntu/.local/lib/python3.10/site-packages/scipy/integrate/_quadpack.cpython-310-x86_64-linux-gnu.so
7f065c406000-7f065c41a000 r-xp 00002000 00:62 10226112                   /home/ubuntu/.local/lib/python3.10/site-packages/scipy/integrate/_quadpack.cpython-310-x86_64-linux-gnu.so
7f065c41a000-7f065c41d000 r--p 00016000 00:62 10226112                   /home/ubuntu/.local/lib/python3.10/site-packages/scipy/integrate/_quadpack.cpython-310-x86_64-linux-gnu.so
7f065c41d000-7f065c41e000 r--p 00018000 00:62 10226112                   /home/ubuntu/.local/lib/python3.10/site-packages/scipy/integrate/_quadpack.cpython-310-x86_64-linux-gnu.so
7f065c41e000-7f065c41f000 rw-p 00019000 00:62 10226112                   /home/ubuntu/.local/lib/python3.10/site-packages/scipy/integrate/_quadpack.cpython-310-x86_64-linux-gnu.so
7f065c41f000-7f065c43a000 r--p 00000000 00:62 10226108                   /home/ubuntu/.local/lib/python3.10/site-packages/scipy/integrate/_odepack.cpython-310-x86_64-linux-gnu.so
7f065c43a000-7f065c452000 r-xp 0001b000 00:62 10226108                   /home/ubuntu/.local/lib/python3.10/site-packages/scipy/integrate/_odepack.cpython-310-x86_64-linux-gnu.so
7f065c452000-7f065c460000 r--p 00033000 00:62 10226108                   /home/ubuntu/.local/lib/python3.10/site-packages/scipy/integrate/_odepack.cpython-310-x86_64-linux-gnu.so
7f065c460000-7f065c461000 r--p 00040000 00:62 10226108                   /home/ubuntu/.local/lib/python3.10/site-packages/scipy/integrate/_odepack.cpython-310-x86_64-linux-gnu.so
7f065c461000-7f065c465000 rw-p 00041000 00:62 10226108                   /home/ubuntu/.local/lib/python3.10/site-packages/scipy/integrate/_odepack.cpython-310-x86_64-linux-gnu.so
7f065c465000-7f065c466000 rw-p 00000000 00:00 0 
7f065c466000-7f065c476000 rw-p 0005f000 00:62 10226108                   /home/ubuntu/.local/lib/python3.10/site-packages/scipy/integrate/_odepack.cpython-310-x86_64-linux-gnu.so
7f065c476000-7f065c47c000 rw-p 0006f000 00:62 10226108                   /home/ubuntu/.local/lib/python3.10/site-packages/scipy/integrate/_odepack.cpython-310-x86_64-linux-gnu.so
7f065c47c000-7f065c481000 r--p 00000000 00:62 10226218                   /home/ubuntu/.local/lib/python3.10/site-packages/scipy/optimize/_pava_pybind.cpython-310-x86_64-linux-gnu.so
7f065c481000-7f065c49a000 r-xp 00005000 00:62 10226218                   /home/ubuntu/.local/lib/python3.10/site-packages/scipy/optimize/_pava_pybind.cpython-310-x86_64-linux-gnu.so
7f065c49a000-7f065c4a3000 r--p 0001e000 00:62 10226218                   /home/ubuntu/.local/lib/python3.10/site-packages/scipy/optimize/_pava_pybind.cpython-310-x86_64-linux-gnu.so
7f065c4a3000-7f065c4a4000 r--p 00026000 00:62 10226218                   /home/ubuntu/.local/lib/python3.10/site-packages/scipy/optimize/_pava_pybind.cpython-310-x86_64-linux-gnu.so
7f065c4a4000-7f065c4a5000 rw-p 00027000 00:62 10226218                   /home/ubuntu/.local/lib/python3.10/site-packages/scipy/optimize/_pava_pybind.cpython-310-x86_64-linux-gnu.so
7f065c4a5000-7f065c5a5000 rw-p 00000000 00:00 0 
7f065c5a5000-7f065c5ab000 r--p 00000000 00:62 10226214                   /home/ubuntu/.local/lib/python3.10/site-packages/scipy/optimize/_bglu_dense.cpython-310-x86_64-linux-gnu.so
7f065c5ab000-7f065c5e6000 r-xp 00006000 00:62 10226214                   /home/ubuntu/.local/lib/python3.10/site-packages/scipy/optimize/_bglu_dense.cpython-310-x86_64-linux-gnu.so
7f065c5e6000-7f065c5f0000 r--p 00041000 00:62 10226214                   /home/ubuntu/.local/lib/python3.10/site-packages/scipy/optimize/_bglu_dense.cpython-310-x86_64-linux-gnu.so
7f065c5f0000-7f065c5f1000 ---p 0004b000 00:62 10226214                   /home/ubuntu/.local/lib/python3.10/site-packages/scipy/optimize/_bglu_dense.cpython-310-x86_64-linux-gnu.so
7f065c5f1000-7f065c5f2000 r--p 0004b000 00:62 10226214                   /home/ubuntu/.local/lib/python3.10/site-packages/scipy/optimize/_bglu_dense.cpython-310-x86_64-linux-gnu.so
7f065c5f2000-7f065c5f5000 rw-p 0004c000 00:62 10226214                   /home/ubuntu/.local/lib/python3.10/site-packages/scipy/optimize/_bglu_dense.cpython-310-x86_64-linux-gnu.so
7f065c5f5000-7f065c5f6000 rw-p 00000000 00:00 0 
7f065c5f6000-7f065c5fd000 r--p 00000000 00:62 10227483                   /home/ubuntu/.local/lib/python3.10/site-packages/scipy/fft/_pocketfft/pypocketfft.cpython-310-x86_64-linux-gnu.so
7f065c5fd000-7f065c6d6000 r-xp 00007000 00:62 10227483                   /home/ubuntu/.local/lib/python3.10/site-packages/scipy/fft/_pocketfft/pypocketfft.cpython-310-x86_64-linux-gnu.so
7f065c6d6000-7f065c6f0000 r--p 000e0000 00:62 10227483                   /home/ubuntu/.local/lib/python3.10/site-packages/scipy/fft/_pocketfft/pypocketfft.cpython-310-x86_64-linux-gnu.so
7f065c6f0000-7f065c6f1000 ---p 000fa000 00:62 10227483                   /home/ubuntu/.local/lib/python3.10/site-packages/scipy/fft/_pocketfft/pypocketfft.cpython-310-x86_64-linux-gnu.so
7f065c6f1000-7f065c6f2000 r--p 000fa000 00:62 10227483                   /home/ubuntu/.local/lib/python3.10/site-packages/scipy/fft/_pocketfft/pypocketfft.cpython-310-x86_64-linux-gnu.so
7f065c6f2000-7f065c6f3000 rw-p 000fb000 00:62 10227483                   /home/ubuntu/.local/lib/python3.10/site-packages/scipy/fft/_pocketfft/pypocketfft.cpython-310-x86_64-linux-gnu.so
7f065c6f3000-7f065c6f5000 rw-p 00000000 00:00 0 
7f065c6f5000-7f065c6f9000 r--p 00000000 00:62 10226661                   /home/ubuntu/.local/lib/python3.10/site-packages/scipy/_lib/_uarray/_uarray.cpython-310-x86_64-linux-gnu.so
7f065c6f9000-7f065c70c000 r-xp 00004000 00:62 10226661                   /home/ubuntu/.local/lib/python3.10/site-packages/scipy/_lib/_uarray/_uarray.cpython-310-x86_64-linux-gnu.so
7f065c70c000-7f065c712000 r--p 00017000 00:62 10226661                   /home/ubuntu/.local/lib/python3.10/site-packages/scipy/_lib/_uarray/_uarray.cpython-310-x86_64-linux-gnu.so
7f065c712000-7f065c713000 r--p 0001c000 00:62 10226661                   /home/ubuntu/.local/lib/python3.10/site-packages/scipy/_lib/_uarray/_uarray.cpython-310-x86_64-linux-gnu.so
7f065c713000-7f065c714000 rw-p 0001d000 00:62 10226661                   /home/ubuntu/.local/lib/python3.10/site-packages/scipy/_lib/_uarray/_uarray.cpython-310-x86_64-linux-gnu.so
7f065c714000-7f065c719000 r--p 00000000 00:62 10226387                   /home/ubuntu/.local/lib/python3.10/site-packages/scipy/linalg/_decomp_interpolative.cpython-310-x86_64-linux-gnu.so
7f065c719000-7f065c7f6000 r-xp 00005000 00:62 10226387                   /home/ubuntu/.local/lib/python3.10/site-packages/scipy/linalg/_decomp_interpolative.cpython-310-x86_64-linux-gnu.so
7f065c7f6000-7f065c803000 r--p 000e2000 00:62 10226387                   /home/ubuntu/.local/lib/python3.10/site-packages/scipy/linalg/_decomp_interpolative.cpython-310-x86_64-linux-gnu.so
7f065c803000-7f065c804000 r--p 000ee000 00:62 10226387                   /home/ubuntu/.local/lib/python3.10/site-packages/scipy/linalg/_decomp_interpolative.cpython-310-x86_64-linux-gnu.so
7f065c804000-7f065c806000 rw-p 000ef000 00:62 10226387                   /home/ubuntu/.local/lib/python3.10/site-packages/scipy/linalg/_decomp_interpolative.cpython-310-x86_64-linux-gnu.so
7f065c806000-7f065c808000 rw-p 00000000 00:00 0 
7f065c808000-7f065c80e000 r--p 00000000 00:62 10226226                   /home/ubuntu/.local/lib/python3.10/site-packages/scipy/optimize/_highspy/_highs_options.cpython-310-x86_64-linux-gnu.so
7f065c80e000-7f065c843000 r-xp 00006000 00:62 10226226                   /home/ubuntu/.local/lib/python3.10/site-packages/scipy/optimize/_highspy/_highs_options.cpython-310-x86_64-linux-gnu.so
7f065c843000-7f065c854000 r--p 0003b000 00:62 10226226                   /home/ubuntu/.local/lib/python3.10/site-packages/scipy/optimize/_highspy/_highs_options.cpython-310-x86_64-linux-gnu.so
7f065c854000-7f065c855000 r--p 0004b000 00:62 10226226                   /home/ubuntu/.local/lib/python3.10/site-packages/scipy/optimize/_highspy/_highs_options.cpython-310-x86_64-linux-gnu.so
7f065c855000-7f065c856000 rw-p 0004c000 00:62 10226226                   /home/ubuntu/.local/lib/python3.10/site-packages/scipy/optimize/_highspy/_highs_options.cpython-310-x86_64-linux-gnu.so
7f065c856000-7f065c868000 r--p 00000000 00:62 10226225                   /home/ubuntu/.local/lib/python3.10/site-packages/scipy/optimize/_highspy/_core.cpython-310-x86_64-linux-gnu.so
7f065c868000-7f065cc55000 r-xp 00012000 00:62 10226225                   /home/ubuntu/.local/lib/python3.10/site-packages/scipy/optimize/_highspy/_core.cpython-310-x86_64-linux-gnu.so
7f065cc55000-7f065ccf6000 r--p 003ff000 00:62 10226225                   /home/ubuntu/.local/lib/python3.10/site-packages/scipy/optimize/_highspy/_core.cpython-310-x86_64-linux-gnu.so
7f065ccf6000-7f065ccfb000 r--p 0049f000 00:62 10226225                   /home/ubuntu/.local/lib/python3.10/site-packages/scipy/optimize/_highspy/_core.cpython-310-x86_64-linux-gnu.so
7f065ccfb000-7f065ccfc000 rw-p 004a4000 00:62 10226225                   /home/ubuntu/.local/lib/python3.10/site-packages/scipy/optimize/_highspy/_core.cpython-310-x86_64-linux-gnu.so
7f065ccfc000-7f065cd01000 rw-p 00000000 00:00 0 
7f065cd01000-7f065cd04000 r--p 00000000 00:62 10226186                   /home/ubuntu/.local/lib/python3.10/site-packages/scipy/optimize/_cython_nnls.cpython-310-x86_64-linux-gnu.so
7f065cd04000-7f065cd16000 r-xp 00003000 00:62 10226186                   /home/ubuntu/.local/lib/python3.10/site-packages/scipy/optimize/_cython_nnls.cpython-310-x86_64-linux-gnu.so
7f065cd16000-7f065cd1a000 r--p 00015000 00:62 10226186                   /home/ubuntu/.local/lib/python3.10/site-packages/scipy/optimize/_cython_nnls.cpython-310-x86_64-linux-gnu.so
7f065cd1a000-7f065cd1b000 r--p 00018000 00:62 10226186                   /home/ubuntu/.local/lib/python3.10/site-packages/scipy/optimize/_cython_nnls.cpython-310-x86_64-linux-gnu.so
7f065cd1b000-7f065cd1c000 rw-p 00019000 00:62 10226186                   /home/ubuntu/.local/lib/python3.10/site-packages/scipy/optimize/_cython_nnls.cpython-310-x86_64-linux-gnu.so
7f065cd1c000-7f065ce1c000 rw-p 00000000 00:00 0 
7f065ce1c000-7f065ce21000 r--p 00000000 00:62 10226229                   /home/ubuntu/.local/lib/python3.10/site-packages/scipy/optimize/_lsq/givens_elimination.cpython-310-x86_64-linux-gnu.so
7f065ce21000-7f065ce44000 r-xp 00005000 00:62 10226229                   /home/ubuntu/.local/lib/python3.10/site-packages/scipy/optimize/_lsq/givens_elimination.cpython-310-x86_64-linux-gnu.so
7f065ce44000-7f065ce4b000 r--p 00028000 00:62 10226229                   /home/ubuntu/.local/lib/python3.10/site-packages/scipy/optimize/_lsq/givens_elimination.cpython-310-x86_64-linux-gnu.so
7f065ce4b000-7f065ce4c000 ---p 0002f000 00:62 10226229                   /home/ubuntu/.local/lib/python3.10/site-packages/scipy/optimize/_lsq/givens_elimination.cpython-310-x86_64-linux-gnu.so
7f065ce4c000-7f065ce4d000 r--p 0002f000 00:62 10226229                   /home/ubuntu/.local/lib/python3.10/site-packages/scipy/optimize/_lsq/givens_elimination.cpython-310-x86_64-linux-gnu.so
7f065ce4d000-7f065ce4f000 rw-p 00030000 00:62 10226229                   /home/ubuntu/.local/lib/python3.10/site-packages/scipy/optimize/_lsq/givens_elimination.cpython-310-x86_64-linux-gnu.so
7f065ce4f000-7f065ce51000 r--p 00000000 00:62 10226217                   /home/ubuntu/.local/lib/python3.10/site-packages/scipy/optimize/_minpack.cpython-310-x86_64-linux-gnu.so
7f065ce51000-7f065ce63000 r-xp 00002000 00:62 10226217                   /home/ubuntu/.local/lib/python3.10/site-packages/scipy/optimize/_minpack.cpython-310-x86_64-linux-gnu.so
7f065ce63000-7f065ce65000 r--p 00014000 00:62 10226217                   /home/ubuntu/.local/lib/python3.10/site-packages/scipy/optimize/_minpack.cpython-310-x86_64-linux-gnu.so
7f065ce65000-7f065ce66000 r--p 00015000 00:62 10226217                   /home/ubuntu/.local/lib/python3.10/site-packages/scipy/optimize/_minpack.cpython-310-x86_64-linux-gnu.so
7f065ce66000-7f065ce67000 rw-p 00016000 00:62 10226217                   /home/ubuntu/.local/lib/python3.10/site-packages/scipy/optimize/_minpack.cpython-310-x86_64-linux-gnu.so
7f065ce67000-7f065ce69000 r--p 00000000 00:62 10226156                   /home/ubuntu/.local/lib/python3.10/site-packages/scipy/optimize/_slsqp.cpython-310-x86_64-linux-gnu.so
7f065ce69000-7f065ce76000 r-xp 00002000 00:62 10226156                   /home/ubuntu/.local/lib/python3.10/site-packages/scipy/optimize/_slsqp.cpython-310-x86_64-linux-gnu.so
7f065ce76000-7f065ce79000 r--p 0000f000 00:62 10226156                   /home/ubuntu/.local/lib/python3.10/site-packages/scipy/optimize/_slsqp.cpython-310-x86_64-linux-gnu.so
7f065ce79000-7f065ce7a000 r--p 00011000 00:62 10226156                   /home/ubuntu/.local/lib/python3.10/site-packages/scipy/optimize/_slsqp.cpython-310-x86_64-linux-gnu.so
7f065ce7a000-7f065ce7b000 rw-p 00012000 00:62 10226156                   /home/ubuntu/.local/lib/python3.10/site-packages/scipy/optimize/_slsqp.cpython-310-x86_64-linux-gnu.so
7f065ce7b000-7f065ce7e000 r--p 00000000 00:62 10226206                   /home/ubuntu/.local/lib/python3.10/site-packages/scipy/optimize/_moduleTNC.cpython-310-x86_64-linux-gnu.so
7f065ce7e000-7f065ce97000 r-xp 00003000 00:62 10226206                   /home/ubuntu/.local/lib/python3.10/site-packages/scipy/optimize/_moduleTNC.cpython-310-x86_64-linux-gnu.so
7f065ce97000-7f065ce9b000 r--p 0001c000 00:62 10226206                   /home/ubuntu/.local/lib/python3.10/site-packages/scipy/optimize/_moduleTNC.cpython-310-x86_64-linux-gnu.so
7f065ce9b000-7f065ce9c000 r--p 0001f000 00:62 10226206                   /home/ubuntu/.local/lib/python3.10/site-packages/scipy/optimize/_moduleTNC.cpython-310-x86_64-linux-gnu.so
7f065ce9c000-7f065ce9d000 rw-p 00020000 00:62 10226206                   /home/ubuntu/.local/lib/python3.10/site-packages/scipy/optimize/_moduleTNC.cpython-310-x86_64-linux-gnu.so
7f065ce9d000-7f065ceb8000 r--p 00000000 00:62 10226211                   /home/ubuntu/.local/lib/python3.10/site-packages/scipy/optimize/_lbfgsb.cpython-310-x86_64-linux-gnu.so
7f065ceb8000-7f065cecd000 r-xp 0001b000 00:62 10226211                   /home/ubuntu/.local/lib/python3.10/site-packages/scipy/optimize/_lbfgsb.cpython-310-x86_64-linux-gnu.so
7f065cecd000-7f065ced9000 r--p 00030000 00:62 10226211                   /home/ubuntu/.local/lib/python3.10/site-packages/scipy/optimize/_lbfgsb.cpython-310-x86_64-linux-gnu.so
7f065ced9000-7f065ceda000 ---p 0003c000 00:62 10226211                   /home/ubuntu/.local/lib/python3.10/site-packages/scipy/optimize/_lbfgsb.cpython-310-x86_64-linux-gnu.so
7f065ceda000-7f065cedb000 r--p 0003c000 00:62 10226211                   /home/ubuntu/.local/lib/python3.10/site-packages/scipy/optimize/_lbfgsb.cpython-310-x86_64-linux-gnu.so
7f065cedb000-7f065cedf000 rw-p 0003d000 00:62 10226211                   /home/ubuntu/.local/lib/python3.10/site-packages/scipy/optimize/_lbfgsb.cpython-310-x86_64-linux-gnu.so
7f065cedf000-7f065ceef000 rw-p 0005b000 00:62 10226211                   /home/ubuntu/.local/lib/python3.10/site-packages/scipy/optimize/_lbfgsb.cpython-310-x86_64-linux-gnu.so
7f065ceef000-7f065cef5000 rw-p 0006b000 00:62 10226211                   /home/ubuntu/.local/lib/python3.10/site-packages/scipy/optimize/_lbfgsb.cpython-310-x86_64-linux-gnu.so
7f065cef5000-7f065cefa000 r--p 00000000 00:62 10226308                   /home/ubuntu/.local/lib/python3.10/site-packages/scipy/optimize/_trlib/_trlib.cpython-310-x86_64-linux-gnu.so
7f065cefa000-7f065cf39000 r-xp 00005000 00:62 10226308                   /home/ubuntu/.local/lib/python3.10/site-packages/scipy/optimize/_trlib/_trlib.cpython-310-x86_64-linux-gnu.so
7f065cf39000-7f065cf43000 r--p 00044000 00:62 10226308                   /home/ubuntu/.local/lib/python3.10/site-packages/scipy/optimize/_trlib/_trlib.cpython-310-x86_64-linux-gnu.so
7f065cf43000-7f065cf44000 r--p 0004d000 00:62 10226308                   /home/ubuntu/.local/lib/python3.10/site-packages/scipy/optimize/_trlib/_trlib.cpython-310-x86_64-linux-gnu.so
7f065cf44000-7f065cf46000 rw-p 0004e000 00:62 10226308                   /home/ubuntu/.local/lib/python3.10/site-packages/scipy/optimize/_trlib/_trlib.cpython-310-x86_64-linux-gnu.so
7f065cf46000-7f065cf47000 rw-p 00000000 00:00 0 
7f065cf47000-7f065cf4a000 rw-p 00059000 00:62 10226308                   /home/ubuntu/.local/lib/python3.10/site-packages/scipy/optimize/_trlib/_trlib.cpython-310-x86_64-linux-gnu.so
7f065cf4a000-7f065cf4c000 rw-p 0005c000 00:62 10226308                   /home/ubuntu/.local/lib/python3.10/site-packages/scipy/optimize/_trlib/_trlib.cpython-310-x86_64-linux-gnu.so
7f065cf4c000-7f065d04c000 rw-p 00000000 00:00 0 
7f065d04c000-7f065d053000 r--p 00000000 00:62 10227608                   /home/ubuntu/.local/lib/python3.10/site-packages/scipy/spatial/transform/_rotation.cpython-310-x86_64-linux-gnu.so
7f065d053000-7f065d100000 r-xp 00007000 00:62 10227608                   /home/ubuntu/.local/lib/python3.10/site-packages/scipy/spatial/transform/_rotation.cpython-310-x86_64-linux-gnu.so
7f065d100000-7f065d133000 r--p 000b4000 00:62 10227608                   /home/ubuntu/.local/lib/python3.10/site-packages/scipy/spatial/transform/_rotation.cpython-310-x86_64-linux-gnu.so
7f065d133000-7f065d134000 r--p 000e6000 00:62 10227608                   /home/ubuntu/.local/lib/python3.10/site-packages/scipy/spatial/transform/_rotation.cpython-310-x86_64-linux-gnu.so
7f065d134000-7f065d138000 rw-p 000e7000 00:62 10227608                   /home/ubuntu/.local/lib/python3.10/site-packages/scipy/spatial/transform/_rotation.cpython-310-x86_64-linux-gnu.so
7f065d138000-7f065d13a000 rw-p 00000000 00:00 0 
7f065d13a000-7f065d140000 r--p 00000000 00:62 10227543                   /home/ubuntu/.local/lib/python3.10/site-packages/scipy/spatial/_distance_pybind.cpython-310-x86_64-linux-gnu.so
7f065d140000-7f065d1a6000 r-xp 00006000 00:62 10227543                   /home/ubuntu/.local/lib/python3.10/site-packages/scipy/spatial/_distance_pybind.cpython-310-x86_64-linux-gnu.so
7f065d1a6000-7f065d1b7000 r--p 0006c000 00:62 10227543                   /home/ubuntu/.local/lib/python3.10/site-packages/scipy/spatial/_distance_pybind.cpython-310-x86_64-linux-gnu.so
7f065d1b7000-7f065d1b8000 r--p 0007c000 00:62 10227543                   /home/ubuntu/.local/lib/python3.10/site-packages/scipy/spatial/_distance_pybind.cpython-310-x86_64-linux-gnu.so
7f065d1b8000-7f065d1b9000 rw-p 0007d000 00:62 10227543                   /home/ubuntu/.local/lib/python3.10/site-packages/scipy/spatial/_distance_pybind.cpython-310-x86_64-linux-gnu.so
7f065d1b9000-7f065d1be000 r--p 00000000 00:62 10227557                   /home/ubuntu/.local/lib/python3.10/site-packages/scipy/spatial/_hausdorff.cpython-310-x86_64-linux-gnu.so
7f065d1be000-7f065d1e5000 r-xp 00005000 00:62 10227557                   /home/ubuntu/.local/lib/python3.10/site-packages/scipy/spatial/_hausdorff.cpython-310-x86_64-linux-gnu.so
7f065d1e5000-7f065d1ec000 r--p 0002c000 00:62 10227557                   /home/ubuntu/.local/lib/python3.10/site-packages/scipy/spatial/_hausdorff.cpython-310-x86_64-linux-gnu.so
7f065d1ec000-7f065d1ed000 ---p 00033000 00:62 10227557                   /home/ubuntu/.local/lib/python3.10/site-packages/scipy/spatial/_hausdorff.cpython-310-x86_64-linux-gnu.so
7f065d1ed000-7f065d1ee000 r--p 00033000 00:62 10227557                   /home/ubuntu/.local/lib/python3.10/site-packages/scipy/spatial/_hausdorff.cpython-310-x86_64-linux-gnu.so
7f065d1ee000-7f065d1f0000 rw-p 00034000 00:62 10227557                   /home/ubuntu/.local/lib/python3.10/site-packages/scipy/spatial/_hausdorff.cpython-310-x86_64-linux-gnu.so
7f065d1f0000-7f065d1f1000 rw-p 00000000 00:00 0 
7f065d1f1000-7f065d1f6000 r--p 00000000 00:62 10227550                   /home/ubuntu/.local/lib/python3.10/site-packages/scipy/spatial/_voronoi.cpython-310-x86_64-linux-gnu.so
7f065d1f6000-7f065d21b000 r-xp 00005000 00:62 10227550                   /home/ubuntu/.local/lib/python3.10/site-packages/scipy/spatial/_voronoi.cpython-310-x86_64-linux-gnu.so
7f065d21b000-7f065d222000 r--p 0002a000 00:62 10227550                   /home/ubuntu/.local/lib/python3.10/site-packages/scipy/spatial/_voronoi.cpython-310-x86_64-linux-gnu.so
7f065d222000-7f065d223000 ---p 00031000 00:62 10227550                   /home/ubuntu/.local/lib/python3.10/site-packages/scipy/spatial/_voronoi.cpython-310-x86_64-linux-gnu.so
7f065d223000-7f065d224000 r--p 00031000 00:62 10227550                   /home/ubuntu/.local/lib/python3.10/site-packages/scipy/spatial/_voronoi.cpython-310-x86_64-linux-gnu.so
7f065d224000-7f065d226000 rw-p 00032000 00:62 10227550                   /home/ubuntu/.local/lib/python3.10/site-packages/scipy/spatial/_voronoi.cpython-310-x86_64-linux-gnu.so
7f065d226000-7f065d227000 rw-p 00000000 00:00 0 
7f065d227000-7f065d22e000 r--p 00000000 00:62 10227552                   /home/ubuntu/.local/lib/python3.10/site-packages/scipy/spatial/_qhull.cpython-310-x86_64-linux-gnu.so
7f065d22e000-7f065d2f9000 r-xp 00007000 00:62 10227552                   /home/ubuntu/.local/lib/python3.10/site-packages/scipy/spatial/_qhull.cpython-310-x86_64-linux-gnu.so
7f065d2f9000-7f065d331000 r--p 000d2000 00:62 10227552                   /home/ubuntu/.local/lib/python3.10/site-packages/scipy/spatial/_qhull.cpython-310-x86_64-linux-gnu.so
7f065d331000-7f065d332000 r--p 00109000 00:62 10227552                   /home/ubuntu/.local/lib/python3.10/site-packages/scipy/spatial/_qhull.cpython-310-x86_64-linux-gnu.so
7f065d332000-7f065d335000 rw-p 0010a000 00:62 10227552                   /home/ubuntu/.local/lib/python3.10/site-packages/scipy/spatial/_qhull.cpython-310-x86_64-linux-gnu.so
7f065d335000-7f065d337000 rw-p 00000000 00:00 0 
7f065d337000-7f065d33f000 r--p 00000000 00:62 10227558                   /home/ubuntu/.local/lib/python3.10/site-packages/scipy/spatial/_ckdtree.cpython-310-x86_64-linux-gnu.so
7f065d33f000-7f065d3e9000 r-xp 00008000 00:62 10227558                   /home/ubuntu/.local/lib/python3.10/site-packages/scipy/spatial/_ckdtree.cpython-310-x86_64-linux-gnu.so
7f065d3e9000-7f065d408000 r--p 000b2000 00:62 10227558                   /home/ubuntu/.local/lib/python3.10/site-packages/scipy/spatial/_ckdtree.cpython-310-x86_64-linux-gnu.so
7f065d408000-7f065d409000 ---p 000d1000 00:62 10227558                   /home/ubuntu/.local/lib/python3.10/site-packages/scipy/spatial/_ckdtree.cpython-310-x86_64-linux-gnu.so
7f065d409000-7f065d40a000 r--p 000d1000 00:62 10227558                   /home/ubuntu/.local/lib/python3.10/site-packages/scipy/spatial/_ckdtree.cpython-310-x86_64-linux-gnu.so
7f065d40a000-7f065d40e000 rw-p 000d2000 00:62 10227558                   /home/ubuntu/.local/lib/python3.10/site-packages/scipy/spatial/_ckdtree.cpython-310-x86_64-linux-gnu.so
7f065d40e000-7f065d50f000 rw-p 00000000 00:00 0 
7f065d50f000-7f065d514000 r--p 00000000 00:62 10226451                   /home/ubuntu/.local/lib/python3.10/site-packages/scipy/special/_specfun.cpython-310-x86_64-linux-gnu.so
7f065d514000-7f065d547000 r-xp 00005000 00:62 10226451                   /home/ubuntu/.local/lib/python3.10/site-packages/scipy/special/_specfun.cpython-310-x86_64-linux-gnu.so
7f065d547000-7f065d54e000 r--p 00038000 00:62 10226451                   /home/ubuntu/.local/lib/python3.10/site-packages/scipy/special/_specfun.cpython-310-x86_64-linux-gnu.so
7f065d54e000-7f065d54f000 r--p 0003e000 00:62 10226451                   /home/ubuntu/.local/lib/python3.10/site-packages/scipy/special/_specfun.cpython-310-x86_64-linux-gnu.so
7f065d54f000-7f065d551000 rw-p 0003f000 00:62 10226451                   /home/ubuntu/.local/lib/python3.10/site-packages/scipy/special/_specfun.cpython-310-x86_64-linux-gnu.so
7f065d551000-7f065d553000 r--p 00000000 00:62 10226444                   /home/ubuntu/.local/lib/python3.10/site-packages/scipy/special/_gufuncs.cpython-310-x86_64-linux-gnu.so
7f065d553000-7f065d5d9000 r-xp 00002000 00:62 10226444                   /home/ubuntu/.local/lib/python3.10/site-packages/scipy/special/_gufuncs.cpython-310-x86_64-linux-gnu.so
7f065d5d9000-7f065d5e6000 r--p 00088000 00:62 10226444                   /home/ubuntu/.local/lib/python3.10/site-packages/scipy/special/_gufuncs.cpython-310-x86_64-linux-gnu.so
7f065d5e6000-7f065d5e7000 r--p 00094000 00:62 10226444                   /home/ubuntu/.local/lib/python3.10/site-packages/scipy/special/_gufuncs.cpython-310-x86_64-linux-gnu.so
7f065d5e7000-7f065d5e8000 rw-p 00095000 00:62 10226444                   /home/ubuntu/.local/lib/python3.10/site-packages/scipy/special/_gufuncs.cpython-310-x86_64-linux-gnu.so
7f065d5e8000-7f065d5eb000 r--p 00000000 00:62 10226480                   /home/ubuntu/.local/lib/python3.10/site-packages/scipy/special/_special_ufuncs.cpython-310-x86_64-linux-gnu.so
7f065d5eb000-7f065d6ee000 r-xp 00003000 00:62 10226480                   /home/ubuntu/.local/lib/python3.10/site-packages/scipy/special/_special_ufuncs.cpython-310-x86_64-linux-gnu.so
7f065d6ee000-7f065d731000 r--p 00106000 00:62 10226480                   /home/ubuntu/.local/lib/python3.10/site-packages/scipy/special/_special_ufuncs.cpython-310-x86_64-linux-gnu.so
7f065d731000-7f065d732000 r--p 00148000 00:62 10226480                   /home/ubuntu/.local/lib/python3.10/site-packages/scipy/special/_special_ufuncs.cpython-310-x86_64-linux-gnu.so
7f065d732000-7f065d733000 rw-p 00149000 00:62 10226480                   /home/ubuntu/.local/lib/python3.10/site-packages/scipy/special/_special_ufuncs.cpython-310-x86_64-linux-gnu.so
7f065d733000-7f065d833000 rw-p 00000000 00:00 0 
7f065d833000-7f065d838000 r--p 00000000 00:62 10226468                   /home/ubuntu/.local/lib/python3.10/site-packages/scipy/special/_ufuncs_cxx.cpython-310-x86_64-linux-gnu.so
7f065d838000-7f065d987000 r-xp 00005000 00:62 10226468                   /home/ubuntu/.local/lib/python3.10/site-packages/scipy/special/_ufuncs_cxx.cpython-310-x86_64-linux-gnu.so
7f065d987000-7f065d9ba000 r--p 00154000 00:62 10226468                   /home/ubuntu/.local/lib/python3.10/site-packages/scipy/special/_ufuncs_cxx.cpython-310-x86_64-linux-gnu.so
7f065d9ba000-7f065d9bb000 r--p 00186000 00:62 10226468                   /home/ubuntu/.local/lib/python3.10/site-packages/scipy/special/_ufuncs_cxx.cpython-310-x86_64-linux-gnu.so
7f065d9bb000-7f065d9bc000 rw-p 00187000 00:62 10226468                   /home/ubuntu/.local/lib/python3.10/site-packages/scipy/special/_ufuncs_cxx.cpython-310-x86_64-linux-gnu.so
7f065d9bc000-7f065d9bd000 rw-p 00000000 00:00 0 
7f065d9bd000-7f065d9c3000 r--p 00000000 00:62 10226473                   /home/ubuntu/.local/lib/python3.10/site-packages/scipy/special/_ufuncs.cpython-310-x86_64-linux-gnu.so
7f065d9c3000-7f065dac8000 r-xp 00006000 00:62 10226473                   /home/ubuntu/.local/lib/python3.10/site-packages/scipy/special/_ufuncs.cpython-310-x86_64-linux-gnu.so
7f065dac8000-7f065db1d000 r--p 0010b000 00:62 10226473                   /home/ubuntu/.local/lib/python3.10/site-packages/scipy/special/_ufuncs.cpython-310-x86_64-linux-gnu.so
7f065db1d000-7f065db1e000 r--p 0015f000 00:62 10226473                   /home/ubuntu/.local/lib/python3.10/site-packages/scipy/special/_ufuncs.cpython-310-x86_64-linux-gnu.so
7f065db1e000-7f065db1f000 rw-p 00160000 00:62 10226473                   /home/ubuntu/.local/lib/python3.10/site-packages/scipy/special/_ufuncs.cpython-310-x86_64-linux-gnu.so
7f065db1f000-7f065db27000 rw-p 00000000 00:00 0 
7f065db27000-7f065db2a000 rw-p 00189000 00:62 10226473                   /home/ubuntu/.local/lib/python3.10/site-packages/scipy/special/_ufuncs.cpython-310-x86_64-linux-gnu.so
7f065db2a000-7f065db2c000 rw-p 0018c000 00:62 10226473                   /home/ubuntu/.local/lib/python3.10/site-packages/scipy/special/_ufuncs.cpython-310-x86_64-linux-gnu.so
7f065db2c000-7f065db31000 r--p 00000000 00:62 42012583                   /usr/lib/x86_64-linux-gnu/libmpdec.so.2.5.1
7f065db31000-7f065db52000 r-xp 00005000 00:62 42012583                   /usr/lib/x86_64-linux-gnu/libmpdec.so.2.5.1
7f065db52000-7f065db59000 r--p 00026000 00:62 42012583                   /usr/lib/x86_64-linux-gnu/libmpdec.so.2.5.1
7f065db59000-7f065db5a000 r--p 0002c000 00:62 42012583                   /usr/lib/x86_64-linux-gnu/libmpdec.so.2.5.1
7f065db5a000-7f065db5b000 rw-p 0002d000 00:62 42012583                   /usr/lib/x86_64-linux-gnu/libmpdec.so.2.5.1
7f065db5b000-7f065dc5b000 rw-p 00000000 00:00 0 
7f065dc5b000-7f065dc60000 r--p 00000000 00:62 10226848                   /home/ubuntu/.local/lib/python3.10/site-packages/scipy/sparse/csgraph/_reordering.cpython-310-x86_64-linux-gnu.so
7f065dc60000-7f065dc97000 r-xp 00005000 00:62 10226848                   /home/ubuntu/.local/lib/python3.10/site-packages/scipy/sparse/csgraph/_reordering.cpython-310-x86_64-linux-gnu.so
7f065dc97000-7f065dca1000 r--p 0003c000 00:62 10226848                   /home/ubuntu/.local/lib/python3.10/site-packages/scipy/sparse/csgraph/_reordering.cpython-310-x86_64-linux-gnu.so
7f065dca1000-7f065dca2000 r--p 00045000 00:62 10226848                   /home/ubuntu/.local/lib/python3.10/site-packages/scipy/sparse/csgraph/_reordering.cpython-310-x86_64-linux-gnu.so
7f065dca2000-7f065dca4000 rw-p 00046000 00:62 10226848                   /home/ubuntu/.local/lib/python3.10/site-packages/scipy/sparse/csgraph/_reordering.cpython-310-x86_64-linux-gnu.so
7f065dca4000-7f065dca5000 rw-p 00000000 00:00 0 
7f065dca5000-7f065dcaa000 r--p 00000000 00:62 10226851                   /home/ubuntu/.local/lib/python3.10/site-packages/scipy/sparse/csgraph/_matching.cpython-310-x86_64-linux-gnu.so
7f065dcaa000-7f065dce3000 r-xp 00005000 00:62 10226851                   /home/ubuntu/.local/lib/python3.10/site-packages/scipy/sparse/csgraph/_matching.cpython-310-x86_64-linux-gnu.so
7f065dce3000-7f065dcf1000 r--p 0003e000 00:62 10226851                   /home/ubuntu/.local/lib/python3.10/site-packages/scipy/sparse/csgraph/_matching.cpython-310-x86_64-linux-gnu.so
7f065dcf1000-7f065dcf2000 r--p 0004b000 00:62 10226851                   /home/ubuntu/.local/lib/python3.10/site-packages/scipy/sparse/csgraph/_matching.cpython-310-x86_64-linux-gnu.so
7f065dcf2000-7f065dcf4000 rw-p 0004c000 00:62 10226851                   /home/ubuntu/.local/lib/python3.10/site-packages/scipy/sparse/csgraph/_matching.cpython-310-x86_64-linux-gnu.so
7f065dcf4000-7f065dcf5000 rw-p 00000000 00:00 0 
7f065dcf5000-7f065dcfa000 r--p 00000000 00:62 10226844                   /home/ubuntu/.local/lib/python3.10/site-packages/scipy/sparse/csgraph/_flow.cpython-310-x86_64-linux-gnu.so
7f065dcfa000-7f065dd33000 r-xp 00005000 00:62 10226844                   /home/ubuntu/.local/lib/python3.10/site-packages/scipy/sparse/csgraph/_flow.cpython-310-x86_64-linux-gnu.so
7f065dd33000-7f065dd3f000 r--p 0003e000 00:62 10226844                   /home/ubuntu/.local/lib/python3.10/site-packages/scipy/sparse/csgraph/_flow.cpython-310-x86_64-linux-gnu.so
7f065dd3f000-7f065dd40000 ---p 0004a000 00:62 10226844                   /home/ubuntu/.local/lib/python3.10/site-packages/scipy/sparse/csgraph/_flow.cpython-310-x86_64-linux-gnu.so
7f065dd40000-7f065dd41000 r--p 0004a000 00:62 10226844                   /home/ubuntu/.local/lib/python3.10/site-packages/scipy/sparse/csgraph/_flow.cpython-310-x86_64-linux-gnu.so
7f065dd41000-7f065dd43000 rw-p 0004b000 00:62 10226844                   /home/ubuntu/.local/lib/python3.10/site-packages/scipy/sparse/csgraph/_flow.cpython-310-x86_64-linux-gnu.so
7f065dd43000-7f065de44000 rw-p 00000000 00:00 0 
7f065de44000-7f065de49000 r--p 00000000 00:62 10226853                   /home/ubuntu/.local/lib/python3.10/site-packages/scipy/sparse/csgraph/_traversal.cpython-310-x86_64-linux-gnu.so
7f065de49000-7f065dec7000 r-xp 00005000 00:62 10226853                   /home/ubuntu/.local/lib/python3.10/site-packages/scipy/sparse/csgraph/_traversal.cpython-310-x86_64-linux-gnu.so
7f065dec7000-7f065ded8000 r--p 00083000 00:62 10226853                   /home/ubuntu/.local/lib/python3.10/site-packages/scipy/sparse/csgraph/_traversal.cpython-310-x86_64-linux-gnu.so
7f065ded8000-7f065ded9000 r--p 00093000 00:62 10226853                   /home/ubuntu/.local/lib/python3.10/site-packages/scipy/sparse/csgraph/_traversal.cpython-310-x86_64-linux-gnu.so
7f065ded9000-7f065dedb000 rw-p 00094000 00:62 10226853                   /home/ubuntu/.local/lib/python3.10/site-packages/scipy/sparse/csgraph/_traversal.cpython-310-x86_64-linux-gnu.so
7f065dedb000-7f065dedc000 rw-p 00000000 00:00 0 
7f065dedc000-7f065dee1000 r--p 00000000 00:62 10226849                   /home/ubuntu/.local/lib/python3.10/site-packages/scipy/sparse/csgraph/_shortest_path.cpython-310-x86_64-linux-gnu.so
7f065dee1000-7f065df44000 r-xp 00005000 00:62 10226849                   /home/ubuntu/.local/lib/python3.10/site-packages/scipy/sparse/csgraph/_shortest_path.cpython-310-x86_64-linux-gnu.so
7f065df44000-7f065df59000 r--p 00068000 00:62 10226849                   /home/ubuntu/.local/lib/python3.10/site-packages/scipy/sparse/csgraph/_shortest_path.cpython-310-x86_64-linux-gnu.so
7f065df59000-7f065df5a000 ---p 0007d000 00:62 10226849                   /home/ubuntu/.local/lib/python3.10/site-packages/scipy/sparse/csgraph/_shortest_path.cpython-310-x86_64-linux-gnu.so
7f065df5a000-7f065df5b000 r--p 0007d000 00:62 10226849                   /home/ubuntu/.local/lib/python3.10/site-packages/scipy/sparse/csgraph/_shortest_path.cpython-310-x86_64-linux-gnu.so
7f065df5b000-7f065df5d000 rw-p 0007e000 00:62 10226849                   /home/ubuntu/.local/lib/python3.10/site-packages/scipy/sparse/csgraph/_shortest_path.cpython-310-x86_64-linux-gnu.so
7f065df5d000-7f065df5f000 rw-p 00000000 00:00 0 
7f065df5f000-7f065df7c000 r--p 00000000 00:62 10226963                   /home/ubuntu/.local/lib/python3.10/site-packages/scipy/sparse/linalg/_propack/_zpropack.cpython-310-x86_64-linux-gnu.so
7f065df7c000-7f065df9b000 r-xp 0001d000 00:62 10226963                   /home/ubuntu/.local/lib/python3.10/site-packages/scipy/sparse/linalg/_propack/_zpropack.cpython-310-x86_64-linux-gnu.so
7f065df9b000-7f065dfab000 r--p 0003c000 00:62 10226963                   /home/ubuntu/.local/lib/python3.10/site-packages/scipy/sparse/linalg/_propack/_zpropack.cpython-310-x86_64-linux-gnu.so
7f065dfab000-7f065dfac000 ---p 0004c000 00:62 10226963                   /home/ubuntu/.local/lib/python3.10/site-packages/scipy/sparse/linalg/_propack/_zpropack.cpython-310-x86_64-linux-gnu.so
7f065dfac000-7f065dfad000 r--p 0004c000 00:62 10226963                   /home/ubuntu/.local/lib/python3.10/site-packages/scipy/sparse/linalg/_propack/_zpropack.cpython-310-x86_64-linux-gnu.so
7f065dfad000-7f065dfb5000 rw-p 0004d000 00:62 10226963                   /home/ubuntu/.local/lib/python3.10/site-packages/scipy/sparse/linalg/_propack/_zpropack.cpython-310-x86_64-linux-gnu.so
7f065dfb5000-7f065dfeb000 rw-p 00000000 00:00 0 
7f065dfeb000-7f065dffc000 rw-p 00071000 00:62 10226963                   /home/ubuntu/.local/lib/python3.10/site-packages/scipy/sparse/linalg/_propack/_zpropack.cpython-310-x86_64-linux-gnu.so
7f065dffc000-7f065e003000 rw-p 00082000 00:62 10226963                   /home/ubuntu/.local/lib/python3.10/site-packages/scipy/sparse/linalg/_propack/_zpropack.cpython-310-x86_64-linux-gnu.so
7f065e003000-7f065e020000 r--p 00000000 00:62 10226962                   /home/ubuntu/.local/lib/python3.10/site-packages/scipy/sparse/linalg/_propack/_cpropack.cpython-310-x86_64-linux-gnu.so
7f065e020000-7f065e041000 r-xp 0001d000 00:62 10226962                   /home/ubuntu/.local/lib/python3.10/site-packages/scipy/sparse/linalg/_propack/_cpropack.cpython-310-x86_64-linux-gnu.so
7f065e041000-7f065e051000 r--p 0003e000 00:62 10226962                   /home/ubuntu/.local/lib/python3.10/site-packages/scipy/sparse/linalg/_propack/_cpropack.cpython-310-x86_64-linux-gnu.so
7f065e051000-7f065e052000 ---p 0004e000 00:62 10226962                   /home/ubuntu/.local/lib/python3.10/site-packages/scipy/sparse/linalg/_propack/_cpropack.cpython-310-x86_64-linux-gnu.so
7f065e052000-7f065e053000 r--p 0004e000 00:62 10226962                   /home/ubuntu/.local/lib/python3.10/site-packages/scipy/sparse/linalg/_propack/_cpropack.cpython-310-x86_64-linux-gnu.so
7f065e053000-7f065e05b000 rw-p 0004f000 00:62 10226962                   /home/ubuntu/.local/lib/python3.10/site-packages/scipy/sparse/linalg/_propack/_cpropack.cpython-310-x86_64-linux-gnu.so
7f065e05b000-7f065e076000 rw-p 00000000 00:00 0 
7f065e076000-7f065e087000 rw-p 00073000 00:62 10226962                   /home/ubuntu/.local/lib/python3.10/site-packages/scipy/sparse/linalg/_propack/_cpropack.cpython-310-x86_64-linux-gnu.so
7f065e087000-7f065e08e000 rw-p 00084000 00:62 10226962                   /home/ubuntu/.local/lib/python3.10/site-packages/scipy/sparse/linalg/_propack/_cpropack.cpython-310-x86_64-linux-gnu.so
7f065e08e000-7f065e0ab000 r--p 00000000 00:62 10226961                   /home/ubuntu/.local/lib/python3.10/site-packages/scipy/sparse/linalg/_propack/_dpropack.cpython-310-x86_64-linux-gnu.so
7f065e0ab000-7f065e0c6000 r-xp 0001d000 00:62 10226961                   /home/ubuntu/.local/lib/python3.10/site-packages/scipy/sparse/linalg/_propack/_dpropack.cpython-310-x86_64-linux-gnu.so
7f065e0c6000-7f065e0d6000 r--p 00038000 00:62 10226961                   /home/ubuntu/.local/lib/python3.10/site-packages/scipy/sparse/linalg/_propack/_dpropack.cpython-310-x86_64-linux-gnu.so
7f065e0d6000-7f065e0d7000 r--p 00047000 00:62 10226961                   /home/ubuntu/.local/lib/python3.10/site-packages/scipy/sparse/linalg/_propack/_dpropack.cpython-310-x86_64-linux-gnu.so
7f065e0d7000-7f065e0df000 rw-p 00048000 00:62 10226961                   /home/ubuntu/.local/lib/python3.10/site-packages/scipy/sparse/linalg/_propack/_dpropack.cpython-310-x86_64-linux-gnu.so
7f065e0df000-7f065e0f0000 rw-p 0006b000 00:62 10226961                   /home/ubuntu/.local/lib/python3.10/site-packages/scipy/sparse/linalg/_propack/_dpropack.cpython-310-x86_64-linux-gnu.so
7f065e0f0000-7f065e0f7000 rw-p 0007c000 00:62 10226961                   /home/ubuntu/.local/lib/python3.10/site-packages/scipy/sparse/linalg/_propack/_dpropack.cpython-310-x86_64-linux-gnu.so
7f065e0f7000-7f065e114000 r--p 00000000 00:62 10226964                   /home/ubuntu/.local/lib/python3.10/site-packages/scipy/sparse/linalg/_propack/_spropack.cpython-310-x86_64-linux-gnu.so
7f065e114000-7f065e12f000 r-xp 0001d000 00:62 10226964                   /home/ubuntu/.local/lib/python3.10/site-packages/scipy/sparse/linalg/_propack/_spropack.cpython-310-x86_64-linux-gnu.so
7f065e12f000-7f065e13f000 r--p 00038000 00:62 10226964                   /home/ubuntu/.local/lib/python3.10/site-packages/scipy/sparse/linalg/_propack/_spropack.cpython-310-x86_64-linux-gnu.so
7f065e13f000-7f065e140000 r--p 00047000 00:62 10226964                   /home/ubuntu/.local/lib/python3.10/site-packages/scipy/sparse/linalg/_propack/_spropack.cpython-310-x86_64-linux-gnu.so
7f065e140000-7f065e148000 rw-p 00048000 00:62 10226964                   /home/ubuntu/.local/lib/python3.10/site-packages/scipy/sparse/linalg/_propack/_spropack.cpython-310-x86_64-linux-gnu.so
7f065e148000-7f065e159000 rw-p 0006b000 00:62 10226964                   /home/ubuntu/.local/lib/python3.10/site-packages/scipy/sparse/linalg/_propack/_spropack.cpython-310-x86_64-linux-gnu.so
7f065e159000-7f065e160000 rw-p 0007c000 00:62 10226964                   /home/ubuntu/.local/lib/python3.10/site-packages/scipy/sparse/linalg/_propack/_spropack.cpython-310-x86_64-linux-gnu.so
7f065e160000-7f065e17e000 r--p 00000000 00:62 10226926                   /home/ubuntu/.local/lib/python3.10/site-packages/scipy/sparse/linalg/_eigen/arpack/_arpack.cpython-310-x86_64-linux-gnu.so
7f065e17e000-7f065e1d5000 r-xp 0001e000 00:62 10226926                   /home/ubuntu/.local/lib/python3.10/site-packages/scipy/sparse/linalg/_eigen/arpack/_arpack.cpython-310-x86_64-linux-gnu.so
7f065e1d5000-7f065e1f1000 r--p 00075000 00:62 10226926                   /home/ubuntu/.local/lib/python3.10/site-packages/scipy/sparse/linalg/_eigen/arpack/_arpack.cpython-310-x86_64-linux-gnu.so
7f065e1f1000-7f065e1f2000 r--p 00090000 00:62 10226926                   /home/ubuntu/.local/lib/python3.10/site-packages/scipy/sparse/linalg/_eigen/arpack/_arpack.cpython-310-x86_64-linux-gnu.so
7f065e1f2000-7f065e200000 rw-p 00091000 00:62 10226926                   /home/ubuntu/.local/lib/python3.10/site-packages/scipy/sparse/linalg/_eigen/arpack/_arpack.cpython-310-x86_64-linux-gnu.so
7f065e200000-7f065e201000 rw-p 00000000 00:00 0 
7f065e201000-7f065e212000 rw-p 000bf000 00:62 10226926                   /home/ubuntu/.local/lib/python3.10/site-packages/scipy/sparse/linalg/_eigen/arpack/_arpack.cpython-310-x86_64-linux-gnu.so
7f065e212000-7f065e219000 rw-p 000d0000 00:62 10226926                   /home/ubuntu/.local/lib/python3.10/site-packages/scipy/sparse/linalg/_eigen/arpack/_arpack.cpython-310-x86_64-linux-gnu.so
7f065e219000-7f065e235000 r--p 00000000 00:62 10226934                   /home/ubuntu/.local/lib/python3.10/site-packages/scipy/sparse/linalg/_dsolve/_superlu.cpython-310-x86_64-linux-gnu.so
7f065e235000-7f065e28e000 r-xp 0001c000 00:62 10226934                   /home/ubuntu/.local/lib/python3.10/site-packages/scipy/sparse/linalg/_dsolve/_superlu.cpython-310-x86_64-linux-gnu.so
7f065e28e000-7f065e2a4000 r--p 00075000 00:62 10226934                   /home/ubuntu/.local/lib/python3.10/site-packages/scipy/sparse/linalg/_dsolve/_superlu.cpython-310-x86_64-linux-gnu.so
7f065e2a4000-7f065e2a5000 r--p 0008a000 00:62 10226934                   /home/ubuntu/.local/lib/python3.10/site-packages/scipy/sparse/linalg/_dsolve/_superlu.cpython-310-x86_64-linux-gnu.so
7f065e2a5000-7f065e2aa000 rw-p 0008b000 00:62 10226934                   /home/ubuntu/.local/lib/python3.10/site-packages/scipy/sparse/linalg/_dsolve/_superlu.cpython-310-x86_64-linux-gnu.so
7f065e2aa000-7f065e2bb000 rw-p 000af000 00:62 10226934                   /home/ubuntu/.local/lib/python3.10/site-packages/scipy/sparse/linalg/_dsolve/_superlu.cpython-310-x86_64-linux-gnu.so
7f065e2bb000-7f065e2c2000 rw-p 000c0000 00:62 10226934                   /home/ubuntu/.local/lib/python3.10/site-packages/scipy/sparse/linalg/_dsolve/_superlu.cpython-310-x86_64-linux-gnu.so
7f065e2c2000-7f065e2c9000 r--p 00000000 00:62 10226373                   /home/ubuntu/.local/lib/python3.10/site-packages/scipy/linalg/cython_blas.cpython-310-x86_64-linux-gnu.so
7f065e2c9000-7f065e2f5000 r-xp 00007000 00:62 10226373                   /home/ubuntu/.local/lib/python3.10/site-packages/scipy/linalg/cython_blas.cpython-310-x86_64-linux-gnu.so
7f065e2f5000-7f065e303000 r--p 00033000 00:62 10226373                   /home/ubuntu/.local/lib/python3.10/site-packages/scipy/linalg/cython_blas.cpython-310-x86_64-linux-gnu.so
7f065e303000-7f065e304000 ---p 00041000 00:62 10226373                   /home/ubuntu/.local/lib/python3.10/site-packages/scipy/linalg/cython_blas.cpython-310-x86_64-linux-gnu.so
7f065e304000-7f065e305000 r--p 00041000 00:62 10226373                   /home/ubuntu/.local/lib/python3.10/site-packages/scipy/linalg/cython_blas.cpython-310-x86_64-linux-gnu.so
7f065e305000-7f065e307000 rw-p 00042000 00:62 10226373                   /home/ubuntu/.local/lib/python3.10/site-packages/scipy/linalg/cython_blas.cpython-310-x86_64-linux-gnu.so
7f065e307000-7f065e308000 rw-p 00000000 00:00 0 
7f065e308000-7f065e30c000 rw-p 00051000 00:62 10226373                   /home/ubuntu/.local/lib/python3.10/site-packages/scipy/linalg/cython_blas.cpython-310-x86_64-linux-gnu.so
7f065e30c000-7f065e30e000 rw-p 00055000 00:62 10226373                   /home/ubuntu/.local/lib/python3.10/site-packages/scipy/linalg/cython_blas.cpython-310-x86_64-linux-gnu.so
7f065e30e000-7f065e328000 r--p 00000000 00:62 10226353                   /home/ubuntu/.local/lib/python3.10/site-packages/scipy/linalg/cython_lapack.cpython-310-x86_64-linux-gnu.so
7f065e328000-7f065e347000 r-xp 0001a000 00:62 10226353                   /home/ubuntu/.local/lib/python3.10/site-packages/scipy/linalg/cython_lapack.cpython-310-x86_64-linux-gnu.so
7f065e347000-7f065e39f000 r--p 00039000 00:62 10226353                   /home/ubuntu/.local/lib/python3.10/site-packages/scipy/linalg/cython_lapack.cpython-310-x86_64-linux-gnu.so
7f065e39f000-7f065e3a0000 ---p 00091000 00:62 10226353                   /home/ubuntu/.local/lib/python3.10/site-packages/scipy/linalg/cython_lapack.cpython-310-x86_64-linux-gnu.so
7f065e3a0000-7f065e3a1000 r--p 00091000 00:62 10226353                   /home/ubuntu/.local/lib/python3.10/site-packages/scipy/linalg/cython_lapack.cpython-310-x86_64-linux-gnu.so
7f065e3a1000-7f065e3a5000 rw-p 00092000 00:62 10226353                   /home/ubuntu/.local/lib/python3.10/site-packages/scipy/linalg/cython_lapack.cpython-310-x86_64-linux-gnu.so
7f065e3a5000-7f065e3b5000 rw-p 000c1000 00:62 10226353                   /home/ubuntu/.local/lib/python3.10/site-packages/scipy/linalg/cython_lapack.cpython-310-x86_64-linux-gnu.so
7f065e3b5000-7f065e3bb000 rw-p 000d1000 00:62 10226353                   /home/ubuntu/.local/lib/python3.10/site-packages/scipy/linalg/cython_lapack.cpython-310-x86_64-linux-gnu.so
7f065e3bb000-7f065e3f8000 r--p 00000000 00:62 10226371                   /home/ubuntu/.local/lib/python3.10/site-packages/scipy/linalg/_flapack.cpython-310-x86_64-linux-gnu.so
7f065e3f8000-7f065e4c5000 r-xp 0003d000 00:62 10226371                   /home/ubuntu/.local/lib/python3.10/site-packages/scipy/linalg/_flapack.cpython-310-x86_64-linux-gnu.so
7f065e4c5000-7f065e545000 r--p 0010a000 00:62 10226371                   /home/ubuntu/.local/lib/python3.10/site-packages/scipy/linalg/_flapack.cpython-310-x86_64-linux-gnu.so
7f065e545000-7f065e546000 r--p 00189000 00:62 10226371                   /home/ubuntu/.local/lib/python3.10/site-packages/scipy/linalg/_flapack.cpython-310-x86_64-linux-gnu.so
7f065e546000-7f065e5d5000 rw-p 0018a000 00:62 10226371                   /home/ubuntu/.local/lib/python3.10/site-packages/scipy/linalg/_flapack.cpython-310-x86_64-linux-gnu.so
7f065e5d5000-7f065e5e6000 rw-p 00246000 00:62 10226371                   /home/ubuntu/.local/lib/python3.10/site-packages/scipy/linalg/_flapack.cpython-310-x86_64-linux-gnu.so
7f065e5e6000-7f065e5ed000 rw-p 00257000 00:62 10226371                   /home/ubuntu/.local/lib/python3.10/site-packages/scipy/linalg/_flapack.cpython-310-x86_64-linux-gnu.so
7f065e5ed000-7f065e5ee000 ---p 00000000 00:00 0 
7f065e5ee000-7f065edee000 rw-p 00000000 00:00 0 
7f065edee000-7f065edef000 ---p 00000000 00:00 0 
7f065edef000-7f065f5ef000 rw-p 00000000 00:00 0 
7f065f5ef000-7f065f5f0000 ---p 00000000 00:00 0 
7f065f5f0000-7f065fdf0000 rw-p 00000000 00:00 0 
7f065fdf0000-7f065fdf1000 ---p 00000000 00:00 0 
7f065fdf1000-7f06605f1000 rw-p 00000000 00:00 0 
7f06605f1000-7f06605f2000 ---p 00000000 00:00 0 
7f06605f2000-7f0660df2000 rw-p 00000000 00:00 0 
7f0660df2000-7f0660df3000 ---p 00000000 00:00 0 
7f0660df3000-7f06615f3000 rw-p 00000000 00:00 0 
7f06615f3000-7f06615f4000 ---p 00000000 00:00 0 
7f06615f4000-7f0661df4000 rw-p 00000000 00:00 0 
7f0661df4000-7f0661df5000 ---p 00000000 00:00 0 
7f0661df5000-7f06625f5000 rw-p 00000000 00:00 0 
7f06625f5000-7f06625f6000 ---p 00000000 00:00 0 
7f06625f6000-7f0662df6000 rw-p 00000000 00:00 0 
7f0662df6000-7f0662df7000 ---p 00000000 00:00 0 
7f0662df7000-7f06635f7000 rw-p 00000000 00:00 0 
7f06635f7000-7f06635f8000 ---p 00000000 00:00 0 
7f06635f8000-7f0663df8000 rw-p 00000000 00:00 0 
7f0663df8000-7f0663df9000 ---p 00000000 00:00 0 
7f0663df9000-7f06645f9000 rw-p 00000000 00:00 0 
7f06645f9000-7f06645fa000 ---p 00000000 00:00 0 
7f06645fa000-7f0664dfa000 rw-p 00000000 00:00 0 
7f0664dfa000-7f0664dfb000 ---p 00000000 00:00 0 
7f0664dfb000-7f06655fb000 rw-p 00000000 00:00 0 
7f06655fb000-7f06655fc000 ---p 00000000 00:00 0 
7f06655fc000-7f0665dfc000 rw-p 00000000 00:00 0 
7f0665dfc000-7f0665dfd000 ---p 00000000 00:00 0 
7f0665dfd000-7f06665fd000 rw-p 00000000 00:00 0 
7f06665fd000-7f06665fe000 ---p 00000000 00:00 0 
7f06665fe000-7f0666dfe000 rw-p 00000000 00:00 0 
7f0666dfe000-7f0666dff000 ---p 00000000 00:00 0 
7f0666dff000-7f06675ff000 rw-p 00000000 00:00 0 
7f06675ff000-7f0667600000 ---p 00000000 00:00 0 
7f0667600000-7f068fe00000 rw-p 00000000 00:00 0 
7f068fe00000-7f068fe3b000 r-xp 00000000 00:62 10227622                   /home/ubuntu/.local/lib/python3.10/site-packages/scipy.libs/libquadmath-96973f99-934c22de.so.0.0.0
7f068fe3b000-7f069003a000 ---p 0003b000 00:62 10227622                   /home/ubuntu/.local/lib/python3.10/site-packages/scipy.libs/libquadmath-96973f99-934c22de.so.0.0.0
7f069003a000-7f069003b000 r--p 0003a000 00:62 10227622                   /home/ubuntu/.local/lib/python3.10/site-packages/scipy.libs/libquadmath-96973f99-934c22de.so.0.0.0
7f069003b000-7f069003c000 rw-p 0003b000 00:62 10227622                   /home/ubuntu/.local/lib/python3.10/site-packages/scipy.libs/libquadmath-96973f99-934c22de.so.0.0.0
7f069003c000-7f069003d000 rw-p 0003c000 00:62 10227622                   /home/ubuntu/.local/lib/python3.10/site-packages/scipy.libs/libquadmath-96973f99-934c22de.so.0.0.0
7f069003d000-7f069003e000 rw-p 0003d000 00:62 10227622                   /home/ubuntu/.local/lib/python3.10/site-packages/scipy.libs/libquadmath-96973f99-934c22de.so.0.0.0
7f069003f000-7f0690041000 r--p 00000000 00:62 10553176                   /usr/lib/jvm/java-17-openjdk-amd64/lib/libmanagement.so
7f0690041000-7f0690042000 r-xp 00002000 00:62 10553176                   /usr/lib/jvm/java-17-openjdk-amd64/lib/libmanagement.so
7f0690042000-7f0690043000 r--p 00003000 00:62 10553176                   /usr/lib/jvm/java-17-openjdk-amd64/lib/libmanagement.so
7f0690043000-7f0690044000 r--p 00003000 00:62 10553176                   /usr/lib/jvm/java-17-openjdk-amd64/lib/libmanagement.so
7f0690044000-7f0690045000 rw-p 00004000 00:62 10553176                   /usr/lib/jvm/java-17-openjdk-amd64/lib/libmanagement.so
7f0690045000-7f069004d000 r--p 00000000 00:62 10045268                   /usr/lib/python3.10/lib-dynload/_decimal.cpython-310-x86_64-linux-gnu.so
7f069004d000-7f0690062000 r-xp 00008000 00:62 10045268                   /usr/lib/python3.10/lib-dynload/_decimal.cpython-310-x86_64-linux-gnu.so
7f0690062000-7f069006e000 r--p 0001d000 00:62 10045268                   /usr/lib/python3.10/lib-dynload/_decimal.cpython-310-x86_64-linux-gnu.so
7f069006e000-7f069006f000 r--p 00028000 00:62 10045268                   /usr/lib/python3.10/lib-dynload/_decimal.cpython-310-x86_64-linux-gnu.so
7f069006f000-7f0690072000 rw-p 00029000 00:62 10045268                   /usr/lib/python3.10/lib-dynload/_decimal.cpython-310-x86_64-linux-gnu.so
7f0690072000-7f0690078000 r--p 00000000 00:62 10226385                   /home/ubuntu/.local/lib/python3.10/site-packages/scipy/linalg/_cythonized_array_utils.cpython-310-x86_64-linux-gnu.so
7f0690078000-7f06900ec000 r-xp 00006000 00:62 10226385                   /home/ubuntu/.local/lib/python3.10/site-packages/scipy/linalg/_cythonized_array_utils.cpython-310-x86_64-linux-gnu.so
7f06900ec000-7f06900fa000 r--p 0007a000 00:62 10226385                   /home/ubuntu/.local/lib/python3.10/site-packages/scipy/linalg/_cythonized_array_utils.cpython-310-x86_64-linux-gnu.so
7f06900fa000-7f06900fb000 ---p 00088000 00:62 10226385                   /home/ubuntu/.local/lib/python3.10/site-packages/scipy/linalg/_cythonized_array_utils.cpython-310-x86_64-linux-gnu.so
7f06900fb000-7f06900fc000 r--p 00088000 00:62 10226385                   /home/ubuntu/.local/lib/python3.10/site-packages/scipy/linalg/_cythonized_array_utils.cpython-310-x86_64-linux-gnu.so
7f06900fc000-7f06900ff000 rw-p 00089000 00:62 10226385                   /home/ubuntu/.local/lib/python3.10/site-packages/scipy/linalg/_cythonized_array_utils.cpython-310-x86_64-linux-gnu.so
7f06900ff000-7f0690200000 rw-p 00000000 00:00 0 
7f0690200000-7f0690476000 r-xp 00000000 00:62 10227618                   /home/ubuntu/.local/lib/python3.10/site-packages/scipy.libs/libgfortran-040039e1-0352e75f.so.5.0.0
7f0690476000-7f0690675000 ---p 00276000 00:62 10227618                   /home/ubuntu/.local/lib/python3.10/site-packages/scipy.libs/libgfortran-040039e1-0352e75f.so.5.0.0
7f0690675000-7f0690676000 r--p 00275000 00:62 10227618                   /home/ubuntu/.local/lib/python3.10/site-packages/scipy.libs/libgfortran-040039e1-0352e75f.so.5.0.0
7f0690676000-7f0690678000 rw-p 00276000 00:62 10227618                   /home/ubuntu/.local/lib/python3.10/site-packages/scipy.libs/libgfortran-040039e1-0352e75f.so.5.0.0
7f0690678000-7f0690684000 rw-p 0027b000 00:62 10227618                   /home/ubuntu/.local/lib/python3.10/site-packages/scipy.libs/libgfortran-040039e1-0352e75f.so.5.0.0
7f0690684000-7f069068d000 rw-p 00287000 00:62 10227618                   /home/ubuntu/.local/lib/python3.10/site-packages/scipy.libs/libgfortran-040039e1-0352e75f.so.5.0.0
7f069068d000-7f0690696000 rw-p 00290000 00:62 10227618                   /home/ubuntu/.local/lib/python3.10/site-packages/scipy.libs/libgfortran-040039e1-0352e75f.so.5.0.0
7f0690696000-7f069069f000 rw-p 00299000 00:62 10227618                   /home/ubuntu/.local/lib/python3.10/site-packages/scipy.libs/libgfortran-040039e1-0352e75f.so.5.0.0
7f069069f000-7f06906a8000 rw-p 002a2000 00:62 10227618                   /home/ubuntu/.local/lib/python3.10/site-packages/scipy.libs/libgfortran-040039e1-0352e75f.so.5.0.0
7f06906a8000-7f06906b1000 rw-p 002ab000 00:62 10227618                   /home/ubuntu/.local/lib/python3.10/site-packages/scipy.libs/libgfortran-040039e1-0352e75f.so.5.0.0
7f06906b5000-7f06906b9000 r--p 00000000 00:62 10226393                   /home/ubuntu/.local/lib/python3.10/site-packages/scipy/linalg/_decomp_update.cpython-310-x86_64-linux-gnu.so
7f06906b9000-7f06906f7000 r-xp 00004000 00:62 10226393                   /home/ubuntu/.local/lib/python3.10/site-packages/scipy/linalg/_decomp_update.cpython-310-x86_64-linux-gnu.so
7f06906f7000-7f0690707000 r--p 00042000 00:62 10226393                   /home/ubuntu/.local/lib/python3.10/site-packages/scipy/linalg/_decomp_update.cpython-310-x86_64-linux-gnu.so
7f0690707000-7f0690708000 r--p 00051000 00:62 10226393                   /home/ubuntu/.local/lib/python3.10/site-packages/scipy/linalg/_decomp_update.cpython-310-x86_64-linux-gnu.so
7f0690708000-7f0690709000 rw-p 00052000 00:62 10226393                   /home/ubuntu/.local/lib/python3.10/site-packages/scipy/linalg/_decomp_update.cpython-310-x86_64-linux-gnu.so
7f0690709000-7f069070a000 rw-p 00000000 00:00 0 
7f069070a000-7f06907b5000 r--p 00000000 00:62 10227621                   /home/ubuntu/.local/lib/python3.10/site-packages/scipy.libs/libscipy_openblas-68440149.so
7f06907b5000-7f06918c6000 r-xp 000ab000 00:62 10227621                   /home/ubuntu/.local/lib/python3.10/site-packages/scipy.libs/libscipy_openblas-68440149.so
7f06918c6000-7f0691a75000 r--p 011bc000 00:62 10227621                   /home/ubuntu/.local/lib/python3.10/site-packages/scipy.libs/libscipy_openblas-68440149.so
7f0691a75000-7f0691a7b000 r--p 0136a000 00:62 10227621                   /home/ubuntu/.local/lib/python3.10/site-packages/scipy.libs/libscipy_openblas-68440149.so
7f0691a7b000-7f0691a86000 rw-p 01370000 00:62 10227621                   /home/ubuntu/.local/lib/python3.10/site-packages/scipy.libs/libscipy_openblas-68440149.so
7f0691a86000-7f0691a8e000 rw-p 00000000 00:00 0 
7f0691a8e000-7f0691ad0000 rw-p 01435000 00:62 10227621                   /home/ubuntu/.local/lib/python3.10/site-packages/scipy.libs/libscipy_openblas-68440149.so
7f0691ad0000-7f0691afe000 rw-p 01477000 00:62 10227621                   /home/ubuntu/.local/lib/python3.10/site-packages/scipy.libs/libscipy_openblas-68440149.so
7f0691afe000-7f0691b2c000 rw-p 014a5000 00:62 10227621                   /home/ubuntu/.local/lib/python3.10/site-packages/scipy.libs/libscipy_openblas-68440149.so
7f0691b2c000-7f0691b5a000 rw-p 014d3000 00:62 10227621                   /home/ubuntu/.local/lib/python3.10/site-packages/scipy.libs/libscipy_openblas-68440149.so
7f0691b5a000-7f0691b88000 rw-p 01501000 00:62 10227621                   /home/ubuntu/.local/lib/python3.10/site-packages/scipy.libs/libscipy_openblas-68440149.so
7f0691b88000-7f0691baf000 r--p 00000000 00:62 10226386                   /home/ubuntu/.local/lib/python3.10/site-packages/scipy/linalg/_fblas.cpython-310-x86_64-linux-gnu.so
7f0691baf000-7f0691bf7000 r-xp 00027000 00:62 10226386                   /home/ubuntu/.local/lib/python3.10/site-packages/scipy/linalg/_fblas.cpython-310-x86_64-linux-gnu.so
7f0691bf7000-7f0691c24000 r--p 0006f000 00:62 10226386                   /home/ubuntu/.local/lib/python3.10/site-packages/scipy/linalg/_fblas.cpython-310-x86_64-linux-gnu.so
7f0691c24000-7f0691c25000 r--p 0009b000 00:62 10226386                   /home/ubuntu/.local/lib/python3.10/site-packages/scipy/linalg/_fblas.cpython-310-x86_64-linux-gnu.so
7f0691c25000-7f0691c4e000 rw-p 0009c000 00:62 10226386                   /home/ubuntu/.local/lib/python3.10/site-packages/scipy/linalg/_fblas.cpython-310-x86_64-linux-gnu.so
7f0691c4e000-7f0691c5f000 rw-p 000e5000 00:62 10226386                   /home/ubuntu/.local/lib/python3.10/site-packages/scipy/linalg/_fblas.cpython-310-x86_64-linux-gnu.so
7f0691c5f000-7f0691c66000 rw-p 000f6000 00:62 10226386                   /home/ubuntu/.local/lib/python3.10/site-packages/scipy/linalg/_fblas.cpython-310-x86_64-linux-gnu.so
7f0691c66000-7f0691d66000 rw-p 00000000 00:00 0 
7f0691d66000-7f0691d69000 r--p 00000000 00:62 10226810                   /home/ubuntu/.local/lib/python3.10/site-packages/scipy/sparse/_sparsetools.cpython-310-x86_64-linux-gnu.so
7f0691d69000-7f0692120000 r-xp 00003000 00:62 10226810                   /home/ubuntu/.local/lib/python3.10/site-packages/scipy/sparse/_sparsetools.cpython-310-x86_64-linux-gnu.so
7f0692120000-7f0692172000 r--p 003ba000 00:62 10226810                   /home/ubuntu/.local/lib/python3.10/site-packages/scipy/sparse/_sparsetools.cpython-310-x86_64-linux-gnu.so
7f0692172000-7f0692173000 r--p 0040b000 00:62 10226810                   /home/ubuntu/.local/lib/python3.10/site-packages/scipy/sparse/_sparsetools.cpython-310-x86_64-linux-gnu.so
7f0692173000-7f0692174000 rw-p 0040c000 00:62 10226810                   /home/ubuntu/.local/lib/python3.10/site-packages/scipy/sparse/_sparsetools.cpython-310-x86_64-linux-gnu.so
7f0692174000-7f0692274000 rw-p 00000000 00:00 0 
7f0692274000-7f06922c1000 r--p 00000000 00:62 10235024                   /home/ubuntu/.local/lib/python3.10/site-packages/tiktoken/_tiktoken.cpython-310-x86_64-linux-gnu.so
7f06922c1000-7f0692420000 r-xp 0004d000 00:62 10235024                   /home/ubuntu/.local/lib/python3.10/site-packages/tiktoken/_tiktoken.cpython-310-x86_64-linux-gnu.so
7f0692420000-7f06924a4000 r--p 001ac000 00:62 10235024                   /home/ubuntu/.local/lib/python3.10/site-packages/tiktoken/_tiktoken.cpython-310-x86_64-linux-gnu.so
7f06924a4000-7f06924a5000 ---p 00230000 00:62 10235024                   /home/ubuntu/.local/lib/python3.10/site-packages/tiktoken/_tiktoken.cpython-310-x86_64-linux-gnu.so
7f06924a5000-7f06924e4000 r--p 00230000 00:62 10235024                   /home/ubuntu/.local/lib/python3.10/site-packages/tiktoken/_tiktoken.cpython-310-x86_64-linux-gnu.so
7f06924e4000-7f06924e5000 rw-p 0026f000 00:62 10235024                   /home/ubuntu/.local/lib/python3.10/site-packages/tiktoken/_tiktoken.cpython-310-x86_64-linux-gnu.so
7f06924e5000-7f06924f5000 r--p 00000000 00:62 10172787                   /home/ubuntu/.local/lib/python3.10/site-packages/regex/_regex.cpython-310-x86_64-linux-gnu.so
7f06924f5000-7f069252f000 r-xp 00010000 00:62 10172787                   /home/ubuntu/.local/lib/python3.10/site-packages/regex/_regex.cpython-310-x86_64-linux-gnu.so
7f069252f000-7f06925ae000 r--p 0004a000 00:62 10172787                   /home/ubuntu/.local/lib/python3.10/site-packages/regex/_regex.cpython-310-x86_64-linux-gnu.so
7f06925ae000-7f06925af000 r--p 000c8000 00:62 10172787                   /home/ubuntu/.local/lib/python3.10/site-packages/regex/_regex.cpython-310-x86_64-linux-gnu.so
7f06925af000-7f06925b8000 rw-p 000c9000 00:62 10172787                   /home/ubuntu/.local/lib/python3.10/site-packages/regex/_regex.cpython-310-x86_64-linux-gnu.so
7f06925b8000-7f0692ab8000 rw-p 00000000 00:00 0 
7f0692ab8000-7f0692b4f000 r--p 00000000 00:62 10238461                   /home/ubuntu/.local/lib/python3.10/site-packages/tokenizers/tokenizers.cpython-310-x86_64-linux-gnu.so
7f0692b4f000-7f0692efb000 r-xp 00097000 00:62 10238461                   /home/ubuntu/.local/lib/python3.10/site-packages/tokenizers/tokenizers.cpython-310-x86_64-linux-gnu.so
7f0692efb000-7f069307d000 r--p 00443000 00:62 10238461                   /home/ubuntu/.local/lib/python3.10/site-packages/tokenizers/tokenizers.cpython-310-x86_64-linux-gnu.so
7f069307d000-7f06930f7000 r--p 005c4000 00:62 10238461                   /home/ubuntu/.local/lib/python3.10/site-packages/tokenizers/tokenizers.cpython-310-x86_64-linux-gnu.so
7f06930f7000-7f06930fe000 rw-p 0063e000 00:62 10238461                   /home/ubuntu/.local/lib/python3.10/site-packages/tokenizers/tokenizers.cpython-310-x86_64-linux-gnu.so
7f06930fe000-7f0693153000 r--p 00000000 00:62 10172736                   /home/ubuntu/.local/lib/python3.10/site-packages/sentencepiece/_sentencepiece.cpython-310-x86_64-linux-gnu.so
7f0693153000-7f0693291000 r-xp 00055000 00:62 10172736                   /home/ubuntu/.local/lib/python3.10/site-packages/sentencepiece/_sentencepiece.cpython-310-x86_64-linux-gnu.so
7f0693291000-7f06932e1000 r--p 00193000 00:62 10172736                   /home/ubuntu/.local/lib/python3.10/site-packages/sentencepiece/_sentencepiece.cpython-310-x86_64-linux-gnu.so
7f06932e1000-7f06932e4000 r--p 001e3000 00:62 10172736                   /home/ubuntu/.local/lib/python3.10/site-packages/sentencepiece/_sentencepiece.cpython-310-x86_64-linux-gnu.so
7f06932e4000-7f06932e7000 rw-p 001e6000 00:62 10172736                   /home/ubuntu/.local/lib/python3.10/site-packages/sentencepiece/_sentencepiece.cpython-310-x86_64-linux-gnu.so
7f06932e7000-7f06943e7000 rw-p 00000000 00:00 0 
7f06943e9000-7f06943eb000 r--p 00000000 00:62 10236007                   /home/ubuntu/.local/lib/python3.10/site-packages/sklearn/utils/_sorting.cpython-310-x86_64-linux-gnu.so
7f06943eb000-7f06943ed000 r-xp 00002000 00:62 10236007                   /home/ubuntu/.local/lib/python3.10/site-packages/sklearn/utils/_sorting.cpython-310-x86_64-linux-gnu.so
7f06943ed000-7f06943ee000 r--p 00004000 00:62 10236007                   /home/ubuntu/.local/lib/python3.10/site-packages/sklearn/utils/_sorting.cpython-310-x86_64-linux-gnu.so
7f06943ee000-7f06943ef000 r--p 00004000 00:62 10236007                   /home/ubuntu/.local/lib/python3.10/site-packages/sklearn/utils/_sorting.cpython-310-x86_64-linux-gnu.so
7f06943ef000-7f06943f0000 rw-p 00005000 00:62 10236007                   /home/ubuntu/.local/lib/python3.10/site-packages/sklearn/utils/_sorting.cpython-310-x86_64-linux-gnu.so
7f06943f0000-7f06943f4000 r--p 00000000 00:62 10229401                   /home/ubuntu/.local/lib/python3.10/site-packages/pandas/_libs/properties.cpython-310-x86_64-linux-gnu.so
7f06943f4000-7f0694400000 r-xp 00004000 00:62 10229401                   /home/ubuntu/.local/lib/python3.10/site-packages/pandas/_libs/properties.cpython-310-x86_64-linux-gnu.so
7f0694400000-7f0694403000 r--p 00010000 00:62 10229401                   /home/ubuntu/.local/lib/python3.10/site-packages/pandas/_libs/properties.cpython-310-x86_64-linux-gnu.so
7f0694403000-7f0694404000 r--p 00012000 00:62 10229401                   /home/ubuntu/.local/lib/python3.10/site-packages/pandas/_libs/properties.cpython-310-x86_64-linux-gnu.so
7f0694404000-7f0694405000 rw-p 00013000 00:62 10229401                   /home/ubuntu/.local/lib/python3.10/site-packages/pandas/_libs/properties.cpython-310-x86_64-linux-gnu.so
7f0694405000-7f0694406000 rw-p 00000000 00:00 0 
7f0694406000-7f069440d000 r--p 00000000 00:62 10229444                   /home/ubuntu/.local/lib/python3.10/site-packages/pandas/_libs/tslibs/tzconversion.cpython-310-x86_64-linux-gnu.so
7f069440d000-7f069444a000 r-xp 00007000 00:62 10229444                   /home/ubuntu/.local/lib/python3.10/site-packages/pandas/_libs/tslibs/tzconversion.cpython-310-x86_64-linux-gnu.so
7f069444a000-7f0694453000 r--p 00044000 00:62 10229444                   /home/ubuntu/.local/lib/python3.10/site-packages/pandas/_libs/tslibs/tzconversion.cpython-310-x86_64-linux-gnu.so
7f0694453000-7f0694455000 r--p 0004d000 00:62 10229444                   /home/ubuntu/.local/lib/python3.10/site-packages/pandas/_libs/tslibs/tzconversion.cpython-310-x86_64-linux-gnu.so
7f0694455000-7f0694457000 rw-p 0004f000 00:62 10229444                   /home/ubuntu/.local/lib/python3.10/site-packages/pandas/_libs/tslibs/tzconversion.cpython-310-x86_64-linux-gnu.so
7f0694457000-7f0694458000 rw-p 00000000 00:00 0 
7f0694458000-7f069445f000 r--p 00000000 00:62 10229424                   /home/ubuntu/.local/lib/python3.10/site-packages/pandas/_libs/tslibs/fields.cpython-310-x86_64-linux-gnu.so
7f069445f000-7f069449d000 r-xp 00007000 00:62 10229424                   /home/ubuntu/.local/lib/python3.10/site-packages/pandas/_libs/tslibs/fields.cpython-310-x86_64-linux-gnu.so
7f069449d000-7f06944a7000 r--p 00045000 00:62 10229424                   /home/ubuntu/.local/lib/python3.10/site-packages/pandas/_libs/tslibs/fields.cpython-310-x86_64-linux-gnu.so
7f06944a7000-7f06944a9000 r--p 0004e000 00:62 10229424                   /home/ubuntu/.local/lib/python3.10/site-packages/pandas/_libs/tslibs/fields.cpython-310-x86_64-linux-gnu.so
7f06944a9000-7f06944ab000 rw-p 00050000 00:62 10229424                   /home/ubuntu/.local/lib/python3.10/site-packages/pandas/_libs/tslibs/fields.cpython-310-x86_64-linux-gnu.so
7f06944ab000-7f06944ac000 rw-p 00000000 00:00 0 
7f06944ac000-7f06944ae000 r--p 00000000 00:62 10045286                   /usr/lib/python3.10/lib-dynload/_zoneinfo.cpython-310-x86_64-linux-gnu.so
7f06944ae000-7f06944b4000 r-xp 00002000 00:62 10045286                   /usr/lib/python3.10/lib-dynload/_zoneinfo.cpython-310-x86_64-linux-gnu.so
7f06944b4000-7f06944b6000 r--p 00008000 00:62 10045286                   /usr/lib/python3.10/lib-dynload/_zoneinfo.cpython-310-x86_64-linux-gnu.so
7f06944b6000-7f06944b7000 r--p 00009000 00:62 10045286                   /usr/lib/python3.10/lib-dynload/_zoneinfo.cpython-310-x86_64-linux-gnu.so
7f06944b7000-7f06944b8000 rw-p 0000a000 00:62 10045286                   /usr/lib/python3.10/lib-dynload/_zoneinfo.cpython-310-x86_64-linux-gnu.so
7f06944b8000-7f06944be000 r--p 00000000 00:62 10229442                   /home/ubuntu/.local/lib/python3.10/site-packages/pandas/_libs/tslibs/timezones.cpython-310-x86_64-linux-gnu.so
7f06944be000-7f06944f0000 r-xp 00006000 00:62 10229442                   /home/ubuntu/.local/lib/python3.10/site-packages/pandas/_libs/tslibs/timezones.cpython-310-x86_64-linux-gnu.so
7f06944f0000-7f06944f9000 r--p 00038000 00:62 10229442                   /home/ubuntu/.local/lib/python3.10/site-packages/pandas/_libs/tslibs/timezones.cpython-310-x86_64-linux-gnu.so
7f06944f9000-7f06944fb000 r--p 00040000 00:62 10229442                   /home/ubuntu/.local/lib/python3.10/site-packages/pandas/_libs/tslibs/timezones.cpython-310-x86_64-linux-gnu.so
7f06944fb000-7f06944fd000 rw-p 00042000 00:62 10229442                   /home/ubuntu/.local/lib/python3.10/site-packages/pandas/_libs/tslibs/timezones.cpython-310-x86_64-linux-gnu.so
7f06944fd000-7f06944fe000 rw-p 00000000 00:00 0 
7f06944fe000-7f0694508000 r--p 00000000 00:62 10229438                   /home/ubuntu/.local/lib/python3.10/site-packages/pandas/_libs/tslibs/timedeltas.cpython-310-x86_64-linux-gnu.so
7f0694508000-7f0694576000 r-xp 0000a000 00:62 10229438                   /home/ubuntu/.local/lib/python3.10/site-packages/pandas/_libs/tslibs/timedeltas.cpython-310-x86_64-linux-gnu.so
7f0694576000-7f069458b000 r--p 00078000 00:62 10229438                   /home/ubuntu/.local/lib/python3.10/site-packages/pandas/_libs/tslibs/timedeltas.cpython-310-x86_64-linux-gnu.so
7f069458b000-7f069458e000 r--p 0008c000 00:62 10229438                   /home/ubuntu/.local/lib/python3.10/site-packages/pandas/_libs/tslibs/timedeltas.cpython-310-x86_64-linux-gnu.so
7f069458e000-7f0694591000 rw-p 0008f000 00:62 10229438                   /home/ubuntu/.local/lib/python3.10/site-packages/pandas/_libs/tslibs/timedeltas.cpython-310-x86_64-linux-gnu.so
7f0694591000-7f0694593000 rw-p 00000000 00:00 0 
7f0694593000-7f0694599000 r--p 00000000 00:62 10229426                   /home/ubuntu/.local/lib/python3.10/site-packages/pandas/_libs/tslibs/nattype.cpython-310-x86_64-linux-gnu.so
7f0694599000-7f06945ba000 r-xp 00006000 00:62 10229426                   /home/ubuntu/.local/lib/python3.10/site-packages/pandas/_libs/tslibs/nattype.cpython-310-x86_64-linux-gnu.so
7f06945ba000-7f06945c8000 r--p 00027000 00:62 10229426                   /home/ubuntu/.local/lib/python3.10/site-packages/pandas/_libs/tslibs/nattype.cpython-310-x86_64-linux-gnu.so
7f06945c8000-7f06945ca000 r--p 00034000 00:62 10229426                   /home/ubuntu/.local/lib/python3.10/site-packages/pandas/_libs/tslibs/nattype.cpython-310-x86_64-linux-gnu.so
7f06945ca000-7f06945cc000 rw-p 00036000 00:62 10229426                   /home/ubuntu/.local/lib/python3.10/site-packages/pandas/_libs/tslibs/nattype.cpython-310-x86_64-linux-gnu.so
7f06945cc000-7f06945cd000 rw-p 00000000 00:00 0 
7f06945cd000-7f06945d8000 r--p 00000000 00:62 10229440                   /home/ubuntu/.local/lib/python3.10/site-packages/pandas/_libs/tslibs/timestamps.cpython-310-x86_64-linux-gnu.so
7f06945d8000-7f069463f000 r-xp 0000b000 00:62 10229440                   /home/ubuntu/.local/lib/python3.10/site-packages/pandas/_libs/tslibs/timestamps.cpython-310-x86_64-linux-gnu.so
7f069463f000-7f0694660000 r--p 00072000 00:62 10229440                   /home/ubuntu/.local/lib/python3.10/site-packages/pandas/_libs/tslibs/timestamps.cpython-310-x86_64-linux-gnu.so
7f0694660000-7f0694663000 r--p 00092000 00:62 10229440                   /home/ubuntu/.local/lib/python3.10/site-packages/pandas/_libs/tslibs/timestamps.cpython-310-x86_64-linux-gnu.so
7f0694663000-7f0694666000 rw-p 00095000 00:62 10229440                   /home/ubuntu/.local/lib/python3.10/site-packages/pandas/_libs/tslibs/timestamps.cpython-310-x86_64-linux-gnu.so
7f0694666000-7f0695a68000 rw-p 00000000 00:00 0 
7f0695a6d000-7f0695a72000 r--p 00000000 00:62 10226846                   /home/ubuntu/.local/lib/python3.10/site-packages/scipy/sparse/csgraph/_min_spanning_tree.cpython-310-x86_64-linux-gnu.so
7f0695a72000-7f0695a9c000 r-xp 00005000 00:62 10226846                   /home/ubuntu/.local/lib/python3.10/site-packages/scipy/sparse/csgraph/_min_spanning_tree.cpython-310-x86_64-linux-gnu.so
7f0695a9c000-7f0695aa5000 r--p 0002f000 00:62 10226846                   /home/ubuntu/.local/lib/python3.10/site-packages/scipy/sparse/csgraph/_min_spanning_tree.cpython-310-x86_64-linux-gnu.so
7f0695aa5000-7f0695aa6000 r--p 00037000 00:62 10226846                   /home/ubuntu/.local/lib/python3.10/site-packages/scipy/sparse/csgraph/_min_spanning_tree.cpython-310-x86_64-linux-gnu.so
7f0695aa6000-7f0695aa8000 rw-p 00038000 00:62 10226846                   /home/ubuntu/.local/lib/python3.10/site-packages/scipy/sparse/csgraph/_min_spanning_tree.cpython-310-x86_64-linux-gnu.so
7f0695aa8000-7f0695fa9000 rw-p 00000000 00:00 0 
7f0695fa9000-7f069605b000 r--p 00000000 00:62 25773368                   /usr/lib/x86_64-linux-gnu/libcrypto.so.3
7f069605b000-7f06962ba000 r-xp 000b2000 00:62 25773368                   /usr/lib/x86_64-linux-gnu/libcrypto.so.3
7f06962ba000-7f069638c000 r--p 00311000 00:62 25773368                   /usr/lib/x86_64-linux-gnu/libcrypto.so.3
7f069638c000-7f06963e7000 r--p 003e2000 00:62 25773368                   /usr/lib/x86_64-linux-gnu/libcrypto.so.3
7f06963e7000-7f06963ea000 rw-p 0043d000 00:62 25773368                   /usr/lib/x86_64-linux-gnu/libcrypto.so.3
7f06963ea000-7f069c3ed000 rw-p 00000000 00:00 0 
7f069c3ed000-7f069c3ee000 ---p 00000000 00:00 0 
7f069c3ee000-7f069cbee000 rw-p 00000000 00:00 0 
7f069cbee000-7f069cbef000 ---p 00000000 00:00 0 
7f069cbef000-7f069f3ef000 rw-p 00000000 00:00 0 
7f069f3ef000-7f069f3f0000 ---p 00000000 00:00 0 
7f069f3f0000-7f06a1bf0000 rw-p 00000000 00:00 0 
7f06a1bf0000-7f06a1bf1000 ---p 00000000 00:00 0 
7f06a1bf1000-7f06a43f1000 rw-p 00000000 00:00 0 
7f06a43f1000-7f06a43f2000 ---p 00000000 00:00 0 
7f06a43f2000-7f06a6bf2000 rw-p 00000000 00:00 0 
7f06a6bf2000-7f06a6bf3000 ---p 00000000 00:00 0 
7f06a6bf3000-7f06a93f3000 rw-p 00000000 00:00 0 
7f06a93f3000-7f06a93f4000 ---p 00000000 00:00 0 
7f06a93f4000-7f06abbf4000 rw-p 00000000 00:00 0 
7f06abbf4000-7f06abbf5000 ---p 00000000 00:00 0 
7f06abbf5000-7f06ae3f5000 rw-p 00000000 00:00 0 
7f06ae3f5000-7f06ae3f6000 ---p 00000000 00:00 0 
7f06ae3f6000-7f06b0bf6000 rw-p 00000000 00:00 0 
7f06b0bf6000-7f06b0bf7000 ---p 00000000 00:00 0 
7f06b0bf7000-7f06b33f7000 rw-p 00000000 00:00 0 
7f06b33f7000-7f06b33f8000 ---p 00000000 00:00 0 
7f06b33f8000-7f06b5bf8000 rw-p 00000000 00:00 0 
7f06b5bf8000-7f06b5bf9000 ---p 00000000 00:00 0 
7f06b5bf9000-7f06b83f9000 rw-p 00000000 00:00 0 
7f06b83f9000-7f06b83fa000 ---p 00000000 00:00 0 
7f06b83fa000-7f06bcbfa000 rw-p 00000000 00:00 0 
7f06bcbfa000-7f06bcbfb000 ---p 00000000 00:00 0 
7f06bcbfb000-7f06bf3fb000 rw-p 00000000 00:00 0 
7f06bf3fb000-7f06bf3fc000 ---p 00000000 00:00 0 
7f06bf3fc000-7f06c1bfc000 rw-p 00000000 00:00 0 
7f06c1bfc000-7f06c1bfd000 ---p 00000000 00:00 0 
7f06c1bfd000-7f06c43fd000 rw-p 00000000 00:00 0 
7f06c43fd000-7f06c43fe000 ---p 00000000 00:00 0 
7f06c43fe000-7f06c4bfe000 rw-p 00000000 00:00 0 
7f06c4bfe000-7f06c4bff000 ---p 00000000 00:00 0 
7f06c4bff000-7f06c53ff000 rw-p 00000000 00:00 0 
7f06c53ff000-7f06c5400000 ---p 00000000 00:00 0 
7f06c5400000-7f06c5c00000 rw-p 00000000 00:00 0 
7f06c5c00000-7f06c5c3b000 r-xp 00000000 00:62 10175842                   /home/ubuntu/.local/lib/python3.10/site-packages/numpy.libs/libquadmath-96973f99.so.0.0.0
7f06c5c3b000-7f06c5e3a000 ---p 0003b000 00:62 10175842                   /home/ubuntu/.local/lib/python3.10/site-packages/numpy.libs/libquadmath-96973f99.so.0.0.0
7f06c5e3a000-7f06c5e3b000 r--p 0003a000 00:62 10175842                   /home/ubuntu/.local/lib/python3.10/site-packages/numpy.libs/libquadmath-96973f99.so.0.0.0
7f06c5e3b000-7f06c5e3c000 rw-p 0003b000 00:62 10175842                   /home/ubuntu/.local/lib/python3.10/site-packages/numpy.libs/libquadmath-96973f99.so.0.0.0
7f06c5e3c000-7f06c5e3d000 rw-p 0003c000 00:62 10175842                   /home/ubuntu/.local/lib/python3.10/site-packages/numpy.libs/libquadmath-96973f99.so.0.0.0
7f06c5e41000-7f06c5e47000 r--p 00000000 00:62 10226838                   /home/ubuntu/.local/lib/python3.10/site-packages/scipy/sparse/_csparsetools.cpython-310-x86_64-linux-gnu.so
7f06c5e47000-7f06c5eeb000 r-xp 00006000 00:62 10226838                   /home/ubuntu/.local/lib/python3.10/site-packages/scipy/sparse/_csparsetools.cpython-310-x86_64-linux-gnu.so
7f06c5eeb000-7f06c5efa000 r--p 000aa000 00:62 10226838                   /home/ubuntu/.local/lib/python3.10/site-packages/scipy/sparse/_csparsetools.cpython-310-x86_64-linux-gnu.so
7f06c5efa000-7f06c5efb000 r--p 000b8000 00:62 10226838                   /home/ubuntu/.local/lib/python3.10/site-packages/scipy/sparse/_csparsetools.cpython-310-x86_64-linux-gnu.so
7f06c5efb000-7f06c5efe000 rw-p 000b9000 00:62 10226838                   /home/ubuntu/.local/lib/python3.10/site-packages/scipy/sparse/_csparsetools.cpython-310-x86_64-linux-gnu.so
7f06c5efe000-7f06c6000000 rw-p 00000000 00:00 0 
7f06c6000000-7f06c6276000 r-xp 00000000 00:62 10175843                   /home/ubuntu/.local/lib/python3.10/site-packages/numpy.libs/libgfortran-040039e1.so.5.0.0
7f06c6276000-7f06c6475000 ---p 00276000 00:62 10175843                   /home/ubuntu/.local/lib/python3.10/site-packages/numpy.libs/libgfortran-040039e1.so.5.0.0
7f06c6475000-7f06c6476000 r--p 00275000 00:62 10175843                   /home/ubuntu/.local/lib/python3.10/site-packages/numpy.libs/libgfortran-040039e1.so.5.0.0
7f06c6476000-7f06c6478000 rw-p 00276000 00:62 10175843                   /home/ubuntu/.local/lib/python3.10/site-packages/numpy.libs/libgfortran-040039e1.so.5.0.0
7f06c6478000-7f06c6484000 rw-p 0027b000 00:62 10175843                   /home/ubuntu/.local/lib/python3.10/site-packages/numpy.libs/libgfortran-040039e1.so.5.0.0
7f06c6484000-7f06c648d000 rw-p 00287000 00:62 10175843                   /home/ubuntu/.local/lib/python3.10/site-packages/numpy.libs/libgfortran-040039e1.so.5.0.0
7f06c648f000-7f06c6491000 r--p 00000000 00:62 10226204                   /home/ubuntu/.local/lib/python3.10/site-packages/scipy/optimize/_cobyla.cpython-310-x86_64-linux-gnu.so
7f06c6491000-7f06c649f000 r-xp 00002000 00:62 10226204                   /home/ubuntu/.local/lib/python3.10/site-packages/scipy/optimize/_cobyla.cpython-310-x86_64-linux-gnu.so
7f06c649f000-7f06c64a2000 r--p 00010000 00:62 10226204                   /home/ubuntu/.local/lib/python3.10/site-packages/scipy/optimize/_cobyla.cpython-310-x86_64-linux-gnu.so
7f06c64a2000-7f06c64a3000 r--p 00012000 00:62 10226204                   /home/ubuntu/.local/lib/python3.10/site-packages/scipy/optimize/_cobyla.cpython-310-x86_64-linux-gnu.so
7f06c64a3000-7f06c64a4000 rw-p 00013000 00:62 10226204                   /home/ubuntu/.local/lib/python3.10/site-packages/scipy/optimize/_cobyla.cpython-310-x86_64-linux-gnu.so
7f06c64a4000-7f06c64a5000 rw-p 00017000 00:62 10226204                   /home/ubuntu/.local/lib/python3.10/site-packages/scipy/optimize/_cobyla.cpython-310-x86_64-linux-gnu.so
7f06c64a5000-7f06c64a6000 rw-p 00019000 00:62 10226204                   /home/ubuntu/.local/lib/python3.10/site-packages/scipy/optimize/_cobyla.cpython-310-x86_64-linux-gnu.so
7f06c64a6000-7f06c64b4000 r--p 00000000 00:62 10172773                   /home/ubuntu/.local/lib/python3.10/site-packages/safetensors/_safetensors_rust.abi3.so
7f06c64b4000-7f06c654a000 r-xp 0000e000 00:62 10172773                   /home/ubuntu/.local/lib/python3.10/site-packages/safetensors/_safetensors_rust.abi3.so
7f06c654a000-7f06c6575000 r--p 000a4000 00:62 10172773                   /home/ubuntu/.local/lib/python3.10/site-packages/safetensors/_safetensors_rust.abi3.so
7f06c6575000-7f06c657e000 r--p 000ce000 00:62 10172773                   /home/ubuntu/.local/lib/python3.10/site-packages/safetensors/_safetensors_rust.abi3.so
7f06c657e000-7f06c6580000 rw-p 000d7000 00:62 10172773                   /home/ubuntu/.local/lib/python3.10/site-packages/safetensors/_safetensors_rust.abi3.so
7f06c6580000-7f06c668a000 r--p 00000000 00:62 10175841                   /home/ubuntu/.local/lib/python3.10/site-packages/numpy.libs/libopenblas64_p-r0-0cf96a72.3.23.dev.so
7f06c668a000-7f06c6692000 r-xp 0010a000 00:62 10175841                   /home/ubuntu/.local/lib/python3.10/site-packages/numpy.libs/libopenblas64_p-r0-0cf96a72.3.23.dev.so
7f06c6692000-7f06c6698000 ---p 00112000 00:62 10175841                   /home/ubuntu/.local/lib/python3.10/site-packages/numpy.libs/libopenblas64_p-r0-0cf96a72.3.23.dev.so
7f06c6698000-7f06c8319000 r-xp 00118000 00:62 10175841                   /home/ubuntu/.local/lib/python3.10/site-packages/numpy.libs/libopenblas64_p-r0-0cf96a72.3.23.dev.so
7f06c8319000-7f06c8529000 r--p 01d99000 00:62 10175841                   /home/ubuntu/.local/lib/python3.10/site-packages/numpy.libs/libopenblas64_p-r0-0cf96a72.3.23.dev.so
7f06c8529000-7f06c852a000 ---p 01fa9000 00:62 10175841                   /home/ubuntu/.local/lib/python3.10/site-packages/numpy.libs/libopenblas64_p-r0-0cf96a72.3.23.dev.so
7f06c852a000-7f06c8530000 r--p 01fa9000 00:62 10175841                   /home/ubuntu/.local/lib/python3.10/site-packages/numpy.libs/libopenblas64_p-r0-0cf96a72.3.23.dev.so
7f06c8530000-7f06c8547000 rw-p 01faf000 00:62 10175841                   /home/ubuntu/.local/lib/python3.10/site-packages/numpy.libs/libopenblas64_p-r0-0cf96a72.3.23.dev.so
7f06c8547000-7f06c8553000 rw-p 00000000 00:00 0 
7f06c8553000-7f06c85b6000 rw-p 020d4000 00:62 10175841                   /home/ubuntu/.local/lib/python3.10/site-packages/numpy.libs/libopenblas64_p-r0-0cf96a72.3.23.dev.so
7f06c85b6000-7f06c85ff000 rw-p 02137000 00:62 10175841                   /home/ubuntu/.local/lib/python3.10/site-packages/numpy.libs/libopenblas64_p-r0-0cf96a72.3.23.dev.so
7f06c85ff000-7f06c862a000 r--p 00000000 00:62 10175524                   /home/ubuntu/.local/lib/python3.10/site-packages/numpy/core/_multiarray_umath.cpython-310-x86_64-linux-gnu.so
7f06c862a000-7f06c8b08000 r-xp 0002b000 00:62 10175524                   /home/ubuntu/.local/lib/python3.10/site-packages/numpy/core/_multiarray_umath.cpython-310-x86_64-linux-gnu.so
7f06c8b08000-7f06c8c7c000 r--p 00509000 00:62 10175524                   /home/ubuntu/.local/lib/python3.10/site-packages/numpy/core/_multiarray_umath.cpython-310-x86_64-linux-gnu.so
7f06c8c7c000-7f06c8c7d000 ---p 0067d000 00:62 10175524                   /home/ubuntu/.local/lib/python3.10/site-packages/numpy/core/_multiarray_umath.cpython-310-x86_64-linux-gnu.so
7f06c8c7d000-7f06c8c7f000 r--p 0067d000 00:62 10175524                   /home/ubuntu/.local/lib/python3.10/site-packages/numpy/core/_multiarray_umath.cpython-310-x86_64-linux-gnu.so
7f06c8c7f000-7f06c8ca2000 rw-p 0067f000 00:62 10175524                   /home/ubuntu/.local/lib/python3.10/site-packages/numpy/core/_multiarray_umath.cpython-310-x86_64-linux-gnu.so
7f06c8ca2000-7f06c8cc2000 rw-p 00000000 00:00 0 
7f06c8cc2000-7f06c8cc8000 rw-p 0070b000 00:62 10175524                   /home/ubuntu/.local/lib/python3.10/site-packages/numpy/core/_multiarray_umath.cpython-310-x86_64-linux-gnu.so
7f06c8cc8000-7f06c8ccd000 rw-p 00711000 00:62 10175524                   /home/ubuntu/.local/lib/python3.10/site-packages/numpy/core/_multiarray_umath.cpython-310-x86_64-linux-gnu.so
7f06c8ccd000-7f06c8d7c000 r--p 00000000 103:03 106299464                 /usr/lib/x86_64-linux-gnu/libcuda.so.555.42.02
7f06c8d7c000-7f06c9206000 r-xp 000af000 103:03 106299464                 /usr/lib/x86_64-linux-gnu/libcuda.so.555.42.02
7f06c9206000-7f06ca6dd000 r--p 00539000 103:03 106299464                 /usr/lib/x86_64-linux-gnu/libcuda.so.555.42.02
7f06ca6dd000-7f06ca6de000 ---p 01a10000 103:03 106299464                 /usr/lib/x86_64-linux-gnu/libcuda.so.555.42.02
7f06ca6de000-7f06ca6f5000 r--p 01a10000 103:03 106299464                 /usr/lib/x86_64-linux-gnu/libcuda.so.555.42.02
7f06ca6f5000-7f06ca799000 rw-p 01a27000 103:03 106299464                 /usr/lib/x86_64-linux-gnu/libcuda.so.555.42.02
7f06ca799000-7f06ca800000 rw-p 00000000 00:00 0 
7f06ca800000-7f06d3043000 r-xp 00000000 00:62 10100322                   /home/ubuntu/.local/lib/python3.10/site-packages/nvidia/nvshmem/lib/libnvshmem_host.so.3
7f06d3043000-7f06d3243000 ---p 08843000 00:62 10100322                   /home/ubuntu/.local/lib/python3.10/site-packages/nvidia/nvshmem/lib/libnvshmem_host.so.3
7f06d3243000-7f06d3248000 r--p 08843000 00:62 10100322                   /home/ubuntu/.local/lib/python3.10/site-packages/nvidia/nvshmem/lib/libnvshmem_host.so.3
7f06d3248000-7f06d324f000 rw-p 08848000 00:62 10100322                   /home/ubuntu/.local/lib/python3.10/site-packages/nvidia/nvshmem/lib/libnvshmem_host.so.3
7f06d324f000-7f06d3275000 rw-p 00000000 00:00 0 
7f06d3275000-7f06d3276000 r--p 00000000 00:62 10237028                   /home/ubuntu/.local/lib/python3.10/site-packages/onnxruntime/capi/libonnxruntime_providers_shared.so
7f06d3276000-7f06d3277000 r-xp 00001000 00:62 10237028                   /home/ubuntu/.local/lib/python3.10/site-packages/onnxruntime/capi/libonnxruntime_providers_shared.so
7f06d3277000-7f06d3278000 r--p 00002000 00:62 10237028                   /home/ubuntu/.local/lib/python3.10/site-packages/onnxruntime/capi/libonnxruntime_providers_shared.so
7f06d3278000-7f06d3279000 r--p 00002000 00:62 10237028                   /home/ubuntu/.local/lib/python3.10/site-packages/onnxruntime/capi/libonnxruntime_providers_shared.so
7f06d3279000-7f06d327a000 rw-p 00000000 00:00 0 
7f06d327a000-7f06d327b000 r--p 00000000 00:62 10226763                   /home/ubuntu/.local/lib/python3.10/site-packages/scipy/ndimage/_rank_filter_1d.cpython-310-x86_64-linux-gnu.so
7f06d327b000-7f06d327e000 r-xp 00001000 00:62 10226763                   /home/ubuntu/.local/lib/python3.10/site-packages/scipy/ndimage/_rank_filter_1d.cpython-310-x86_64-linux-gnu.so
7f06d327e000-7f06d327f000 r--p 00004000 00:62 10226763                   /home/ubuntu/.local/lib/python3.10/site-packages/scipy/ndimage/_rank_filter_1d.cpython-310-x86_64-linux-gnu.so
7f06d327f000-7f06d3280000 r--p 00004000 00:62 10226763                   /home/ubuntu/.local/lib/python3.10/site-packages/scipy/ndimage/_rank_filter_1d.cpython-310-x86_64-linux-gnu.so
7f06d3280000-7f06d3281000 rw-p 00005000 00:62 10226763                   /home/ubuntu/.local/lib/python3.10/site-packages/scipy/ndimage/_rank_filter_1d.cpython-310-x86_64-linux-gnu.so
7f06d3281000-7f06d3283000 r--p 00000000 00:62 10227561                   /home/ubuntu/.local/lib/python3.10/site-packages/scipy/spatial/_distance_wrap.cpython-310-x86_64-linux-gnu.so
7f06d3283000-7f06d3297000 r-xp 00002000 00:62 10227561                   /home/ubuntu/.local/lib/python3.10/site-packages/scipy/spatial/_distance_wrap.cpython-310-x86_64-linux-gnu.so
7f06d3297000-7f06d3299000 r--p 00016000 00:62 10227561                   /home/ubuntu/.local/lib/python3.10/site-packages/scipy/spatial/_distance_wrap.cpython-310-x86_64-linux-gnu.so
7f06d3299000-7f06d329a000 ---p 00018000 00:62 10227561                   /home/ubuntu/.local/lib/python3.10/site-packages/scipy/spatial/_distance_wrap.cpython-310-x86_64-linux-gnu.so
7f06d329a000-7f06d329b000 r--p 00018000 00:62 10227561                   /home/ubuntu/.local/lib/python3.10/site-packages/scipy/spatial/_distance_wrap.cpython-310-x86_64-linux-gnu.so
7f06d329b000-7f06d329c000 rw-p 00019000 00:62 10227561                   /home/ubuntu/.local/lib/python3.10/site-packages/scipy/spatial/_distance_wrap.cpython-310-x86_64-linux-gnu.so
7f06d329c000-7f06d32b7000 r--p 00000000 00:62 10226363                   /home/ubuntu/.local/lib/python3.10/site-packages/scipy/linalg/_matfuncs_expm.cpython-310-x86_64-linux-gnu.so
7f06d32b7000-7f06d32d7000 r-xp 0001b000 00:62 10226363                   /home/ubuntu/.local/lib/python3.10/site-packages/scipy/linalg/_matfuncs_expm.cpython-310-x86_64-linux-gnu.so
7f06d32d7000-7f06d32e5000 r--p 0003b000 00:62 10226363                   /home/ubuntu/.local/lib/python3.10/site-packages/scipy/linalg/_matfuncs_expm.cpython-310-x86_64-linux-gnu.so
7f06d32e5000-7f06d32e6000 r--p 00048000 00:62 10226363                   /home/ubuntu/.local/lib/python3.10/site-packages/scipy/linalg/_matfuncs_expm.cpython-310-x86_64-linux-gnu.so
7f06d32e6000-7f06d32ea000 rw-p 00049000 00:62 10226363                   /home/ubuntu/.local/lib/python3.10/site-packages/scipy/linalg/_matfuncs_expm.cpython-310-x86_64-linux-gnu.so
7f06d32ea000-7f06d32fa000 rw-p 00067000 00:62 10226363                   /home/ubuntu/.local/lib/python3.10/site-packages/scipy/linalg/_matfuncs_expm.cpython-310-x86_64-linux-gnu.so
7f06d32fa000-7f06d3300000 rw-p 00077000 00:62 10226363                   /home/ubuntu/.local/lib/python3.10/site-packages/scipy/linalg/_matfuncs_expm.cpython-310-x86_64-linux-gnu.so
7f06d3300000-7f06d3400000 rw-p 00000000 00:00 0 
7f06d3400000-7f06ecc69000 r-xp 00000000 00:62 10100646                   /home/ubuntu/.local/lib/python3.10/site-packages/nvidia/cublas/lib/libcublasLt.so.12
7f06ecc69000-7f06ece69000 ---p 19869000 00:62 10100646                   /home/ubuntu/.local/lib/python3.10/site-packages/nvidia/cublas/lib/libcublasLt.so.12
7f06ece69000-7f06ed0a7000 r--p 19869000 00:62 10100646                   /home/ubuntu/.local/lib/python3.10/site-packages/nvidia/cublas/lib/libcublasLt.so.12
7f06ed0a7000-7f06f0a5b000 rw-p 19aa7000 00:62 10100646                   /home/ubuntu/.local/lib/python3.10/site-packages/nvidia/cublas/lib/libcublasLt.so.12
7f06f0a5b000-7f06f4c2c000 rw-p 00000000 00:00 0 
7f06f4c2c000-7f06f4c2d000 r--s 00000000 08:00 45646499                   /home/ubuntu/tbazzocchi/FRAG/MedRAG/corpus/wikipedia/index/bm25/_a.fdx
7f06f4c2d000-7f06f4c2e000 r--s 00000000 08:00 45646512                   /home/ubuntu/tbazzocchi/FRAG/MedRAG/corpus/wikipedia/index/bm25/_6.fdx
7f06f4c2e000-7f06f4c2f000 r--s 00000000 08:00 45646534                   /home/ubuntu/tbazzocchi/FRAG/MedRAG/corpus/wikipedia/index/bm25/_8.fdx
7f06f4c2f000-7f06f4c30000 r--s 00000000 08:00 45646547                   /home/ubuntu/tbazzocchi/FRAG/MedRAG/corpus/wikipedia/index/bm25/_2.fdx
7f06f4c30000-7f06f4c33000 r--p 00000000 00:62 10226192                   /home/ubuntu/.local/lib/python3.10/site-packages/scipy/optimize/_group_columns.cpython-310-x86_64-linux-gnu.so
7f06f4c33000-7f06f4c40000 r-xp 00003000 00:62 10226192                   /home/ubuntu/.local/lib/python3.10/site-packages/scipy/optimize/_group_columns.cpython-310-x86_64-linux-gnu.so
7f06f4c40000-7f06f4c43000 r--p 00010000 00:62 10226192                   /home/ubuntu/.local/lib/python3.10/site-packages/scipy/optimize/_group_columns.cpython-310-x86_64-linux-gnu.so
7f06f4c43000-7f06f4c44000 r--p 00012000 00:62 10226192                   /home/ubuntu/.local/lib/python3.10/site-packages/scipy/optimize/_group_columns.cpython-310-x86_64-linux-gnu.so
7f06f4c44000-7f06f4c45000 rw-p 00013000 00:62 10226192                   /home/ubuntu/.local/lib/python3.10/site-packages/scipy/optimize/_group_columns.cpython-310-x86_64-linux-gnu.so
7f06f4c45000-7f06f4c48000 r--p 00000000 00:62 10226847                   /home/ubuntu/.local/lib/python3.10/site-packages/scipy/sparse/csgraph/_tools.cpython-310-x86_64-linux-gnu.so
7f06f4c48000-7f06f4c69000 r-xp 00003000 00:62 10226847                   /home/ubuntu/.local/lib/python3.10/site-packages/scipy/sparse/csgraph/_tools.cpython-310-x86_64-linux-gnu.so
7f06f4c69000-7f06f4c73000 r--p 00024000 00:62 10226847                   /home/ubuntu/.local/lib/python3.10/site-packages/scipy/sparse/csgraph/_tools.cpython-310-x86_64-linux-gnu.so
7f06f4c73000-7f06f4c74000 r--p 0002d000 00:62 10226847                   /home/ubuntu/.local/lib/python3.10/site-packages/scipy/sparse/csgraph/_tools.cpython-310-x86_64-linux-gnu.so
7f06f4c74000-7f06f4c75000 rw-p 0002e000 00:62 10226847                   /home/ubuntu/.local/lib/python3.10/site-packages/scipy/sparse/csgraph/_tools.cpython-310-x86_64-linux-gnu.so
7f06f4c75000-7f06f4c76000 rw-p 00000000 00:00 0 
7f06f4c76000-7f06f4c7b000 r--p 00000000 00:62 10226359                   /home/ubuntu/.local/lib/python3.10/site-packages/scipy/linalg/_matfuncs_sqrtm_triu.cpython-310-x86_64-linux-gnu.so
7f06f4c7b000-7f06f4ca9000 r-xp 00005000 00:62 10226359                   /home/ubuntu/.local/lib/python3.10/site-packages/scipy/linalg/_matfuncs_sqrtm_triu.cpython-310-x86_64-linux-gnu.so
7f06f4ca9000-7f06f4cb1000 r--p 00033000 00:62 10226359                   /home/ubuntu/.local/lib/python3.10/site-packages/scipy/linalg/_matfuncs_sqrtm_triu.cpython-310-x86_64-linux-gnu.so
7f06f4cb1000-7f06f4cb2000 r--p 0003a000 00:62 10226359                   /home/ubuntu/.local/lib/python3.10/site-packages/scipy/linalg/_matfuncs_sqrtm_triu.cpython-310-x86_64-linux-gnu.so
7f06f4cb2000-7f06f4cb4000 rw-p 0003b000 00:62 10226359                   /home/ubuntu/.local/lib/python3.10/site-packages/scipy/linalg/_matfuncs_sqrtm_triu.cpython-310-x86_64-linux-gnu.so
7f06f4cb4000-7f06f4cb5000 rw-p 00000000 00:00 0 
7f06f4cb5000-7f06f4cbf000 r--p 00000000 00:62 10238240                   /home/ubuntu/.local/lib/python3.10/site-packages/aiohttp/_http_parser.cpython-310-x86_64-linux-gnu.so
7f06f4cbf000-7f06f4d0d000 r-xp 0000a000 00:62 10238240                   /home/ubuntu/.local/lib/python3.10/site-packages/aiohttp/_http_parser.cpython-310-x86_64-linux-gnu.so
7f06f4d0d000-7f06f4d19000 r--p 00058000 00:62 10238240                   /home/ubuntu/.local/lib/python3.10/site-packages/aiohttp/_http_parser.cpython-310-x86_64-linux-gnu.so
7f06f4d19000-7f06f4d1b000 r--p 00063000 00:62 10238240                   /home/ubuntu/.local/lib/python3.10/site-packages/aiohttp/_http_parser.cpython-310-x86_64-linux-gnu.so
7f06f4d1b000-7f06f4d1e000 rw-p 00065000 00:62 10238240                   /home/ubuntu/.local/lib/python3.10/site-packages/aiohttp/_http_parser.cpython-310-x86_64-linux-gnu.so
7f06f4d1e000-7f06f4d20000 rw-p 00000000 00:00 0 
7f06f4d20000-7f06f4d27000 r--p 00000000 00:62 10175431                   /home/ubuntu/.local/lib/python3.10/site-packages/numpy/random/_generator.cpython-310-x86_64-linux-gnu.so
7f06f4d27000-7f06f4da7000 r-xp 00007000 00:62 10175431                   /home/ubuntu/.local/lib/python3.10/site-packages/numpy/random/_generator.cpython-310-x86_64-linux-gnu.so
7f06f4da7000-7f06f4dfb000 r--p 00087000 00:62 10175431                   /home/ubuntu/.local/lib/python3.10/site-packages/numpy/random/_generator.cpython-310-x86_64-linux-gnu.so
7f06f4dfb000-7f06f4dfc000 r--p 000da000 00:62 10175431                   /home/ubuntu/.local/lib/python3.10/site-packages/numpy/random/_generator.cpython-310-x86_64-linux-gnu.so
7f06f4dfc000-7f06f4dfe000 rw-p 000db000 00:62 10175431                   /home/ubuntu/.local/lib/python3.10/site-packages/numpy/random/_generator.cpython-310-x86_64-linux-gnu.so
7f06f4dfe000-7f06f4e00000 rw-p 00000000 00:00 0 
7f06f4e00000-7f06fb528000 r-xp 00000000 00:62 10100645                   /home/ubuntu/.local/lib/python3.10/site-packages/nvidia/cublas/lib/libcublas.so.12
7f06fb528000-7f06fb728000 ---p 06728000 00:62 10100645                   /home/ubuntu/.local/lib/python3.10/site-packages/nvidia/cublas/lib/libcublas.so.12
7f06fb728000-7f06fb734000 r--p 06728000 00:62 10100645                   /home/ubuntu/.local/lib/python3.10/site-packages/nvidia/cublas/lib/libcublas.so.12
7f06fb734000-7f06fb73b000 rw-p 06734000 00:62 10100645                   /home/ubuntu/.local/lib/python3.10/site-packages/nvidia/cublas/lib/libcublas.so.12
7f06fb73b000-7f06fb747000 rw-p 00000000 00:00 0 
7f06fb747000-7f06fb748000 r--s 00000000 08:00 45646660                   /home/ubuntu/tbazzocchi/FRAG/MedRAG/corpus/wikipedia/index/bm25/_o.fdx
7f06fb748000-7f06fb749000 r--s 00000000 08:00 45646683                   /home/ubuntu/tbazzocchi/FRAG/MedRAG/corpus/wikipedia/index/bm25/_q.fdx
7f06fb749000-7f06fb74c000 r--p 00000000 00:62 10226463                   /home/ubuntu/.local/lib/python3.10/site-packages/scipy/special/_ellip_harm_2.cpython-310-x86_64-linux-gnu.so
7f06fb74c000-7f06fb760000 r-xp 00003000 00:62 10226463                   /home/ubuntu/.local/lib/python3.10/site-packages/scipy/special/_ellip_harm_2.cpython-310-x86_64-linux-gnu.so
7f06fb760000-7f06fb763000 r--p 00017000 00:62 10226463                   /home/ubuntu/.local/lib/python3.10/site-packages/scipy/special/_ellip_harm_2.cpython-310-x86_64-linux-gnu.so
7f06fb763000-7f06fb764000 r--p 00019000 00:62 10226463                   /home/ubuntu/.local/lib/python3.10/site-packages/scipy/special/_ellip_harm_2.cpython-310-x86_64-linux-gnu.so
7f06fb764000-7f06fb765000 rw-p 0001a000 00:62 10226463                   /home/ubuntu/.local/lib/python3.10/site-packages/scipy/special/_ellip_harm_2.cpython-310-x86_64-linux-gnu.so
7f06fb765000-7f06fb767000 rw-p 0001f000 00:62 10226463                   /home/ubuntu/.local/lib/python3.10/site-packages/scipy/special/_ellip_harm_2.cpython-310-x86_64-linux-gnu.so
7f06fb767000-7f06fb768000 rw-p 00021000 00:62 10226463                   /home/ubuntu/.local/lib/python3.10/site-packages/scipy/special/_ellip_harm_2.cpython-310-x86_64-linux-gnu.so
7f06fb768000-7f06fb76d000 r--p 00000000 00:62 10226354                   /home/ubuntu/.local/lib/python3.10/site-packages/scipy/linalg/_decomp_lu_cython.cpython-310-x86_64-linux-gnu.so
7f06fb76d000-7f06fb799000 r-xp 00005000 00:62 10226354                   /home/ubuntu/.local/lib/python3.10/site-packages/scipy/linalg/_decomp_lu_cython.cpython-310-x86_64-linux-gnu.so
7f06fb799000-7f06fb7a1000 r--p 00031000 00:62 10226354                   /home/ubuntu/.local/lib/python3.10/site-packages/scipy/linalg/_decomp_lu_cython.cpython-310-x86_64-linux-gnu.so
7f06fb7a1000-7f06fb7a2000 r--p 00038000 00:62 10226354                   /home/ubuntu/.local/lib/python3.10/site-packages/scipy/linalg/_decomp_lu_cython.cpython-310-x86_64-linux-gnu.so
7f06fb7a2000-7f06fb7a4000 rw-p 00039000 00:62 10226354                   /home/ubuntu/.local/lib/python3.10/site-packages/scipy/linalg/_decomp_lu_cython.cpython-310-x86_64-linux-gnu.so
7f06fb7a4000-7f06fb7a5000 rw-p 00000000 00:00 0 
7f06fb7a5000-7f06fb7ac000 r--p 00000000 00:62 10172809                   /home/ubuntu/.local/lib/python3.10/site-packages/yaml/_yaml.cpython-310-x86_64-linux-gnu.so
7f06fb7ac000-7f06fb7f2000 r-xp 00007000 00:62 10172809                   /home/ubuntu/.local/lib/python3.10/site-packages/yaml/_yaml.cpython-310-x86_64-linux-gnu.so
7f06fb7f2000-7f06fb7fb000 r--p 0004d000 00:62 10172809                   /home/ubuntu/.local/lib/python3.10/site-packages/yaml/_yaml.cpython-310-x86_64-linux-gnu.so
7f06fb7fb000-7f06fb7fd000 r--p 00055000 00:62 10172809                   /home/ubuntu/.local/lib/python3.10/site-packages/yaml/_yaml.cpython-310-x86_64-linux-gnu.so
7f06fb7fd000-7f06fb7ff000 rw-p 00057000 00:62 10172809                   /home/ubuntu/.local/lib/python3.10/site-packages/yaml/_yaml.cpython-310-x86_64-linux-gnu.so
7f06fb7ff000-7f06fb800000 rw-p 00000000 00:00 0 
7f06fb800000-7f06fffcf000 r-xp 00000000 00:62 10100399                   /home/ubuntu/.local/lib/python3.10/site-packages/nvidia/curand/lib/libcurand.so.10
7f06fffcf000-7f07001cf000 ---p 047cf000 00:62 10100399                   /home/ubuntu/.local/lib/python3.10/site-packages/nvidia/curand/lib/libcurand.so.10
7f07001cf000-7f07001d5000 r--p 047cf000 00:62 10100399                   /home/ubuntu/.local/lib/python3.10/site-packages/nvidia/curand/lib/libcurand.so.10
7f07001d5000-7f0701601000 rw-p 047d5000 00:62 10100399                   /home/ubuntu/.local/lib/python3.10/site-packages/nvidia/curand/lib/libcurand.so.10
7f0701601000-7f0701c39000 rw-p 00000000 00:00 0 
7f0701c39000-7f0701c3b000 r--p 00000000 00:62 10235981                   /home/ubuntu/.local/lib/python3.10/site-packages/sklearn/utils/_heap.cpython-310-x86_64-linux-gnu.so
7f0701c3b000-7f0701c3c000 r-xp 00002000 00:62 10235981                   /home/ubuntu/.local/lib/python3.10/site-packages/sklearn/utils/_heap.cpython-310-x86_64-linux-gnu.so
7f0701c3c000-7f0701c3d000 r--p 00003000 00:62 10235981                   /home/ubuntu/.local/lib/python3.10/site-packages/sklearn/utils/_heap.cpython-310-x86_64-linux-gnu.so
7f0701c3d000-7f0701c3e000 r--p 00003000 00:62 10235981                   /home/ubuntu/.local/lib/python3.10/site-packages/sklearn/utils/_heap.cpython-310-x86_64-linux-gnu.so
7f0701c3e000-7f0701c3f000 rw-p 00004000 00:62 10235981                   /home/ubuntu/.local/lib/python3.10/site-packages/sklearn/utils/_heap.cpython-310-x86_64-linux-gnu.so
7f0701c3f000-7f0701c42000 r--p 00000000 00:62 10226400                   /home/ubuntu/.local/lib/python3.10/site-packages/scipy/linalg/_linalg_pythran.cpython-310-x86_64-linux-gnu.so
7f0701c42000-7f0701c56000 r-xp 00003000 00:62 10226400                   /home/ubuntu/.local/lib/python3.10/site-packages/scipy/linalg/_linalg_pythran.cpython-310-x86_64-linux-gnu.so
7f0701c56000-7f0701c5a000 r--p 00017000 00:62 10226400                   /home/ubuntu/.local/lib/python3.10/site-packages/scipy/linalg/_linalg_pythran.cpython-310-x86_64-linux-gnu.so
7f0701c5a000-7f0701c5b000 r--p 0001a000 00:62 10226400                   /home/ubuntu/.local/lib/python3.10/site-packages/scipy/linalg/_linalg_pythran.cpython-310-x86_64-linux-gnu.so
7f0701c5b000-7f0701c5c000 rw-p 0001b000 00:62 10226400                   /home/ubuntu/.local/lib/python3.10/site-packages/scipy/linalg/_linalg_pythran.cpython-310-x86_64-linux-gnu.so
7f0701c5c000-7f0701c7a000 r--p 00000000 00:62 25773465                   /usr/lib/x86_64-linux-gnu/libssl.so.3
7f0701c7a000-7f0701cd5000 r-xp 0001e000 00:62 25773465                   /usr/lib/x86_64-linux-gnu/libssl.so.3
7f0701cd5000-7f0701cf2000 r--p 00079000 00:62 25773465                   /usr/lib/x86_64-linux-gnu/libssl.so.3
7f0701cf2000-7f0701cfc000 r--p 00095000 00:62 25773465                   /usr/lib/x86_64-linux-gnu/libssl.so.3
7f0701cfc000-7f0701d00000 rw-p 0009f000 00:62 25773465                   /usr/lib/x86_64-linux-gnu/libssl.so.3
7f0701d00000-7f0701e00000 rw-p 00000000 00:00 0 
7f0701e00000-7f071a650000 r-xp 00000000 00:62 10100367                   /home/ubuntu/.local/lib/python3.10/site-packages/nvidia/nccl/lib/libnccl.so.2
7f071a650000-7f071a850000 ---p 18850000 00:62 10100367                   /home/ubuntu/.local/lib/python3.10/site-packages/nvidia/nccl/lib/libnccl.so.2
7f071a850000-7f071a859000 r--p 18850000 00:62 10100367                   /home/ubuntu/.local/lib/python3.10/site-packages/nvidia/nccl/lib/libnccl.so.2
7f071a859000-7f071a86e000 rw-p 18859000 00:62 10100367                   /home/ubuntu/.local/lib/python3.10/site-packages/nvidia/nccl/lib/libnccl.so.2
7f071a86e000-7f071a8a6000 rw-p 00000000 00:00 0 
7f071a8a6000-7f071a8a7000 r--p 00000000 00:62 10103491                   /home/ubuntu/.local/lib/python3.10/site-packages/markupsafe/_speedups.cpython-310-x86_64-linux-gnu.so
7f071a8a7000-7f071a8a8000 r-xp 00001000 00:62 10103491                   /home/ubuntu/.local/lib/python3.10/site-packages/markupsafe/_speedups.cpython-310-x86_64-linux-gnu.so
7f071a8a8000-7f071a8a9000 r--p 00002000 00:62 10103491                   /home/ubuntu/.local/lib/python3.10/site-packages/markupsafe/_speedups.cpython-310-x86_64-linux-gnu.so
7f071a8a9000-7f071a8aa000 r--p 00002000 00:62 10103491                   /home/ubuntu/.local/lib/python3.10/site-packages/markupsafe/_speedups.cpython-310-x86_64-linux-gnu.so
7f071a8aa000-7f071a8ab000 rw-p 00003000 00:62 10103491                   /home/ubuntu/.local/lib/python3.10/site-packages/markupsafe/_speedups.cpython-310-x86_64-linux-gnu.so
7f071a8ab000-7f071a8ae000 r--p 00000000 00:62 10226654                   /home/ubuntu/.local/lib/python3.10/site-packages/scipy/_lib/messagestream.cpython-310-x86_64-linux-gnu.so
7f071a8ae000-7f071a8b8000 r-xp 00003000 00:62 10226654                   /home/ubuntu/.local/lib/python3.10/site-packages/scipy/_lib/messagestream.cpython-310-x86_64-linux-gnu.so
7f071a8b8000-7f071a8bb000 r--p 0000d000 00:62 10226654                   /home/ubuntu/.local/lib/python3.10/site-packages/scipy/_lib/messagestream.cpython-310-x86_64-linux-gnu.so
7f071a8bb000-7f071a8bc000 r--p 0000f000 00:62 10226654                   /home/ubuntu/.local/lib/python3.10/site-packages/scipy/_lib/messagestream.cpython-310-x86_64-linux-gnu.so
7f071a8bc000-7f071a8bd000 rw-p 00010000 00:62 10226654                   /home/ubuntu/.local/lib/python3.10/site-packages/scipy/_lib/messagestream.cpython-310-x86_64-linux-gnu.so
7f071a8bd000-7f071a8c2000 r--p 00000000 00:62 10226382                   /home/ubuntu/.local/lib/python3.10/site-packages/scipy/linalg/_solve_toeplitz.cpython-310-x86_64-linux-gnu.so
7f071a8c2000-7f071a8f3000 r-xp 00005000 00:62 10226382                   /home/ubuntu/.local/lib/python3.10/site-packages/scipy/linalg/_solve_toeplitz.cpython-310-x86_64-linux-gnu.so
7f071a8f3000-7f071a8fb000 r--p 00036000 00:62 10226382                   /home/ubuntu/.local/lib/python3.10/site-packages/scipy/linalg/_solve_toeplitz.cpython-310-x86_64-linux-gnu.so
7f071a8fb000-7f071a8fc000 ---p 0003e000 00:62 10226382                   /home/ubuntu/.local/lib/python3.10/site-packages/scipy/linalg/_solve_toeplitz.cpython-310-x86_64-linux-gnu.so
7f071a8fc000-7f071a8fd000 r--p 0003e000 00:62 10226382                   /home/ubuntu/.local/lib/python3.10/site-packages/scipy/linalg/_solve_toeplitz.cpython-310-x86_64-linux-gnu.so
7f071a8fd000-7f071a8ff000 rw-p 0003f000 00:62 10226382                   /home/ubuntu/.local/lib/python3.10/site-packages/scipy/linalg/_solve_toeplitz.cpython-310-x86_64-linux-gnu.so
7f071a8ff000-7f071aa00000 rw-p 00000000 00:00 0 
7f071aa00000-7f071af7a000 r-xp 00000000 00:62 10103692                   /home/ubuntu/.local/lib/python3.10/site-packages/nvidia/cufft/lib/libcufft.so.11
7f071af7a000-7f071b179000 ---p 0057a000 00:62 10103692                   /home/ubuntu/.local/lib/python3.10/site-packages/nvidia/cufft/lib/libcufft.so.11
7f071b179000-7f071b186000 r--p 00579000 00:62 10103692                   /home/ubuntu/.local/lib/python3.10/site-packages/nvidia/cufft/lib/libcufft.so.11
7f071b186000-7f072b563000 rw-p 00586000 00:62 10103692                   /home/ubuntu/.local/lib/python3.10/site-packages/nvidia/cufft/lib/libcufft.so.11
7f072b563000-7f072b8aa000 rw-p 00000000 00:00 0 
7f072b8aa000-7f072ba00000 ---p 10eaa000 00:62 10103692                   /home/ubuntu/.local/lib/python3.10/site-packages/nvidia/cufft/lib/libcufft.so.11
7f072ba00000-7f072ba01000 rw-p 10a00000 00:62 10103692                   /home/ubuntu/.local/lib/python3.10/site-packages/nvidia/cufft/lib/libcufft.so.11
7f072ba01000-7f072ba02000 r--s 00000000 08:00 45646304                   /home/ubuntu/tbazzocchi/FRAG/MedRAG/corpus/wikipedia/index/bm25/_r.fdx
7f072ba02000-7f072ba03000 r--s 00000000 08:00 45646321                   /home/ubuntu/tbazzocchi/FRAG/MedRAG/corpus/wikipedia/index/bm25/_x.fdx
7f072ba03000-7f072ba04000 r--s 00000000 08:00 45646338                   /home/ubuntu/tbazzocchi/FRAG/MedRAG/corpus/wikipedia/index/bm25/_12.fdx
7f072ba04000-7f072ba05000 r--p 00000000 00:62 10226176                   /home/ubuntu/.local/lib/python3.10/site-packages/scipy/optimize/_direct.cpython-310-x86_64-linux-gnu.so
7f072ba05000-7f072ba0b000 r-xp 00001000 00:62 10226176                   /home/ubuntu/.local/lib/python3.10/site-packages/scipy/optimize/_direct.cpython-310-x86_64-linux-gnu.so
7f072ba0b000-7f072ba0d000 r--p 00007000 00:62 10226176                   /home/ubuntu/.local/lib/python3.10/site-packages/scipy/optimize/_direct.cpython-310-x86_64-linux-gnu.so
7f072ba0d000-7f072ba0e000 r--p 00008000 00:62 10226176                   /home/ubuntu/.local/lib/python3.10/site-packages/scipy/optimize/_direct.cpython-310-x86_64-linux-gnu.so
7f072ba0e000-7f072ba0f000 rw-p 00009000 00:62 10226176                   /home/ubuntu/.local/lib/python3.10/site-packages/scipy/optimize/_direct.cpython-310-x86_64-linux-gnu.so
7f072ba0f000-7f072ba12000 r--p 00000000 00:62 10226445                   /home/ubuntu/.local/lib/python3.10/site-packages/scipy/special/_comb.cpython-310-x86_64-linux-gnu.so
7f072ba12000-7f072ba19000 r-xp 00003000 00:62 10226445                   /home/ubuntu/.local/lib/python3.10/site-packages/scipy/special/_comb.cpython-310-x86_64-linux-gnu.so
7f072ba19000-7f072ba1b000 r--p 0000a000 00:62 10226445                   /home/ubuntu/.local/lib/python3.10/site-packages/scipy/special/_comb.cpython-310-x86_64-linux-gnu.so
7f072ba1b000-7f072ba1c000 r--p 0000b000 00:62 10226445                   /home/ubuntu/.local/lib/python3.10/site-packages/scipy/special/_comb.cpython-310-x86_64-linux-gnu.so
7f072ba1c000-7f072ba1d000 rw-p 0000c000 00:62 10226445                   /home/ubuntu/.local/lib/python3.10/site-packages/scipy/special/_comb.cpython-310-x86_64-linux-gnu.so
7f072ba1d000-7f072ba21000 r--p 00000000 00:62 10226637                   /home/ubuntu/.local/lib/python3.10/site-packages/scipy/_lib/_ccallback_c.cpython-310-x86_64-linux-gnu.so
7f072ba21000-7f072ba2f000 r-xp 00004000 00:62 10226637                   /home/ubuntu/.local/lib/python3.10/site-packages/scipy/_lib/_ccallback_c.cpython-310-x86_64-linux-gnu.so
7f072ba2f000-7f072ba32000 r--p 00012000 00:62 10226637                   /home/ubuntu/.local/lib/python3.10/site-packages/scipy/_lib/_ccallback_c.cpython-310-x86_64-linux-gnu.so
7f072ba32000-7f072ba33000 r--p 00014000 00:62 10226637                   /home/ubuntu/.local/lib/python3.10/site-packages/scipy/_lib/_ccallback_c.cpython-310-x86_64-linux-gnu.so
7f072ba33000-7f072ba34000 rw-p 00015000 00:62 10226637                   /home/ubuntu/.local/lib/python3.10/site-packages/scipy/_lib/_ccallback_c.cpython-310-x86_64-linux-gnu.so
7f072ba34000-7f072ba35000 rw-p 00000000 00:00 0 
7f072ba35000-7f072ba3a000 r--p 00000000 00:62 10224197                   /home/ubuntu/.local/lib/python3.10/site-packages/frozenlist/_frozenlist.cpython-310-x86_64-linux-gnu.so
7f072ba3a000-7f072ba46000 r-xp 00005000 00:62 10224197                   /home/ubuntu/.local/lib/python3.10/site-packages/frozenlist/_frozenlist.cpython-310-x86_64-linux-gnu.so
7f072ba46000-7f072ba4a000 r--p 00011000 00:62 10224197                   /home/ubuntu/.local/lib/python3.10/site-packages/frozenlist/_frozenlist.cpython-310-x86_64-linux-gnu.so
7f072ba4a000-7f072ba4b000 r--p 00014000 00:62 10224197                   /home/ubuntu/.local/lib/python3.10/site-packages/frozenlist/_frozenlist.cpython-310-x86_64-linux-gnu.so
7f072ba4b000-7f072ba4d000 rw-p 00015000 00:62 10224197                   /home/ubuntu/.local/lib/python3.10/site-packages/frozenlist/_frozenlist.cpython-310-x86_64-linux-gnu.so
7f072ba4d000-7f072ba52000 r--p 00000000 00:62 10175422                   /home/ubuntu/.local/lib/python3.10/site-packages/numpy/random/mtrand.cpython-310-x86_64-linux-gnu.so
7f072ba52000-7f072baab000 r-xp 00005000 00:62 10175422                   /home/ubuntu/.local/lib/python3.10/site-packages/numpy/random/mtrand.cpython-310-x86_64-linux-gnu.so
7f072baab000-7f072bafb000 r--p 0005e000 00:62 10175422                   /home/ubuntu/.local/lib/python3.10/site-packages/numpy/random/mtrand.cpython-310-x86_64-linux-gnu.so
7f072bafb000-7f072bafc000 ---p 000ae000 00:62 10175422                   /home/ubuntu/.local/lib/python3.10/site-packages/numpy/random/mtrand.cpython-310-x86_64-linux-gnu.so
7f072bafc000-7f072bafd000 r--p 000ae000 00:62 10175422                   /home/ubuntu/.local/lib/python3.10/site-packages/numpy/random/mtrand.cpython-310-x86_64-linux-gnu.so
7f072bafd000-7f072bafe000 rw-p 000af000 00:62 10175422                   /home/ubuntu/.local/lib/python3.10/site-packages/numpy/random/mtrand.cpython-310-x86_64-linux-gnu.so
7f072bafe000-7f072bc00000 rw-p 00000000 00:00 0 
7f072bc00000-7f073d3ba000 r-xp 00000000 00:62 10103668                   /home/ubuntu/.local/lib/python3.10/site-packages/nvidia/cusparse/lib/libcusparse.so.12
7f073d3ba000-7f073d5ba000 ---p 117ba000 00:62 10103668                   /home/ubuntu/.local/lib/python3.10/site-packages/nvidia/cusparse/lib/libcusparse.so.12
7f073d5ba000-7f073d5c9000 r--p 117ba000 00:62 10103668                   /home/ubuntu/.local/lib/python3.10/site-packages/nvidia/cusparse/lib/libcusparse.so.12
7f073d5c9000-7f073d5e5000 rw-p 117c9000 00:62 10103668                   /home/ubuntu/.local/lib/python3.10/site-packages/nvidia/cusparse/lib/libcusparse.so.12
7f073d5e5000-7f073d5ea000 rw-p 00000000 00:00 0 
7f073d5ea000-7f073d600000 ---p 119ea000 00:62 10103668                   /home/ubuntu/.local/lib/python3.10/site-packages/nvidia/cusparse/lib/libcusparse.so.12
7f073d600000-7f073d605000 rw-p 11800000 00:62 10103668                   /home/ubuntu/.local/lib/python3.10/site-packages/nvidia/cusparse/lib/libcusparse.so.12
7f073d605000-7f073d606000 r--s 00000000 08:00 45646352                   /home/ubuntu/tbazzocchi/FRAG/MedRAG/corpus/wikipedia/index/bm25/_10.fdx
7f073d606000-7f073d607000 r--p 00000000 00:62 10226175                   /home/ubuntu/.local/lib/python3.10/site-packages/scipy/optimize/_lsap.cpython-310-x86_64-linux-gnu.so
7f073d607000-7f073d609000 r-xp 00001000 00:62 10226175                   /home/ubuntu/.local/lib/python3.10/site-packages/scipy/optimize/_lsap.cpython-310-x86_64-linux-gnu.so
7f073d609000-7f073d60b000 r--p 00003000 00:62 10226175                   /home/ubuntu/.local/lib/python3.10/site-packages/scipy/optimize/_lsap.cpython-310-x86_64-linux-gnu.so
7f073d60b000-7f073d60c000 r--p 00004000 00:62 10226175                   /home/ubuntu/.local/lib/python3.10/site-packages/scipy/optimize/_lsap.cpython-310-x86_64-linux-gnu.so
7f073d60c000-7f073d60d000 rw-p 00005000 00:62 10226175                   /home/ubuntu/.local/lib/python3.10/site-packages/scipy/optimize/_lsap.cpython-310-x86_64-linux-gnu.so
7f073d60d000-7f073d613000 r--p 00000000 00:62 10238305                   /home/ubuntu/.local/lib/python3.10/site-packages/aiohttp/_websocket/reader_c.cpython-310-x86_64-linux-gnu.so
7f073d613000-7f073d637000 r-xp 00006000 00:62 10238305                   /home/ubuntu/.local/lib/python3.10/site-packages/aiohttp/_websocket/reader_c.cpython-310-x86_64-linux-gnu.so
7f073d637000-7f073d63d000 r--p 0002a000 00:62 10238305                   /home/ubuntu/.local/lib/python3.10/site-packages/aiohttp/_websocket/reader_c.cpython-310-x86_64-linux-gnu.so
7f073d63d000-7f073d63f000 r--p 0002f000 00:62 10238305                   /home/ubuntu/.local/lib/python3.10/site-packages/aiohttp/_websocket/reader_c.cpython-310-x86_64-linux-gnu.so
7f073d63f000-7f073d641000 rw-p 00031000 00:62 10238305                   /home/ubuntu/.local/lib/python3.10/site-packages/aiohttp/_websocket/reader_c.cpython-310-x86_64-linux-gnu.so
7f073d641000-7f073d642000 rw-p 00000000 00:00 0 
7f073d642000-7f073d646000 r--p 00000000 00:62 10174777                   /home/ubuntu/.local/lib/python3.10/site-packages/propcache/_helpers_c.cpython-310-x86_64-linux-gnu.so
7f073d646000-7f073d652000 r-xp 00004000 00:62 10174777                   /home/ubuntu/.local/lib/python3.10/site-packages/propcache/_helpers_c.cpython-310-x86_64-linux-gnu.so
7f073d652000-7f073d656000 r--p 00010000 00:62 10174777                   /home/ubuntu/.local/lib/python3.10/site-packages/propcache/_helpers_c.cpython-310-x86_64-linux-gnu.so
7f073d656000-7f073d657000 r--p 00013000 00:62 10174777                   /home/ubuntu/.local/lib/python3.10/site-packages/propcache/_helpers_c.cpython-310-x86_64-linux-gnu.so
7f073d657000-7f073d658000 rw-p 00014000 00:62 10174777                   /home/ubuntu/.local/lib/python3.10/site-packages/propcache/_helpers_c.cpython-310-x86_64-linux-gnu.so
7f073d658000-7f073d759000 rw-p 00000000 00:00 0 
7f073d759000-7f073d774000 r--p 00000000 00:62 10159921                   /home/ubuntu/.local/lib/python3.10/site-packages/torch/lib/libtorch_nvshmem.so
7f073d774000-7f073d810000 r-xp 0001b000 00:62 10159921                   /home/ubuntu/.local/lib/python3.10/site-packages/torch/lib/libtorch_nvshmem.so
7f073d810000-7f073dfad000 r--p 000b7000 00:62 10159921                   /home/ubuntu/.local/lib/python3.10/site-packages/torch/lib/libtorch_nvshmem.so
7f073dfad000-7f073dfb3000 r--p 00854000 00:62 10159921                   /home/ubuntu/.local/lib/python3.10/site-packages/torch/lib/libtorch_nvshmem.so
7f073dfb3000-7f073dfb5000 rw-p 0085a000 00:62 10159921                   /home/ubuntu/.local/lib/python3.10/site-packages/torch/lib/libtorch_nvshmem.so
7f073dfb5000-7f073dfb9000 rw-p 00000000 00:00 0 
7f073dfb9000-7f073dfc4000 rw-p 008b1000 00:62 10159921                   /home/ubuntu/.local/lib/python3.10/site-packages/torch/lib/libtorch_nvshmem.so
7f073dfc4000-7f073e07f000 r--p 00000000 00:62 10100616                   /home/ubuntu/.local/lib/python3.10/site-packages/nvidia/cuda_cupti/lib/libcupti.so.12
7f073e07f000-7f073e51c000 r-xp 000bb000 00:62 10100616                   /home/ubuntu/.local/lib/python3.10/site-packages/nvidia/cuda_cupti/lib/libcupti.so.12
7f073e51c000-7f073e673000 r--p 00558000 00:62 10100616                   /home/ubuntu/.local/lib/python3.10/site-packages/nvidia/cuda_cupti/lib/libcupti.so.12
7f073e673000-7f073e6c0000 r--p 006ae000 00:62 10100616                   /home/ubuntu/.local/lib/python3.10/site-packages/nvidia/cuda_cupti/lib/libcupti.so.12
7f073e6c0000-7f073e777000 rw-p 006fb000 00:62 10100616                   /home/ubuntu/.local/lib/python3.10/site-packages/nvidia/cuda_cupti/lib/libcupti.so.12
7f073e777000-7f073e7b8000 rw-p 00000000 00:00 0 
7f073e7b8000-7f073e7e6000 r--p 00000000 00:62 10100420                   /home/ubuntu/.local/lib/python3.10/site-packages/nvidia/cufile/lib/libcufile.so.0
7f073e7e6000-7f073e9c9000 r-xp 0002e000 00:62 10100420                   /home/ubuntu/.local/lib/python3.10/site-packages/nvidia/cufile/lib/libcufile.so.0
7f073e9c9000-7f073ea6b000 r--p 00211000 00:62 10100420                   /home/ubuntu/.local/lib/python3.10/site-packages/nvidia/cufile/lib/libcufile.so.0
7f073ea6b000-7f073ea6c000 ---p 002b3000 00:62 10100420                   /home/ubuntu/.local/lib/python3.10/site-packages/nvidia/cufile/lib/libcufile.so.0
7f073ea6c000-7f073ea71000 r--p 002b3000 00:62 10100420                   /home/ubuntu/.local/lib/python3.10/site-packages/nvidia/cufile/lib/libcufile.so.0
7f073ea71000-7f073ea79000 rw-p 002b8000 00:62 10100420                   /home/ubuntu/.local/lib/python3.10/site-packages/nvidia/cufile/lib/libcufile.so.0
7f073ea79000-7f073ea84000 rw-p 00000000 00:00 0 
7f073ea84000-7f073ea90000 rw-p 002db000 00:62 10100420                   /home/ubuntu/.local/lib/python3.10/site-packages/nvidia/cufile/lib/libcufile.so.0
7f073ea90000-7f0740a37000 r--p 00000000 00:62 10095764                   /home/ubuntu/.local/lib/python3.10/site-packages/nvidia/cusparselt/lib/libcusparseLt.so.0
7f0740a37000-7f0743a45000 r-xp 01fa7000 00:62 10095764                   /home/ubuntu/.local/lib/python3.10/site-packages/nvidia/cusparselt/lib/libcusparseLt.so.0
7f0743a45000-7f0757e81000 r--p 04fb5000 00:62 10095764                   /home/ubuntu/.local/lib/python3.10/site-packages/nvidia/cusparselt/lib/libcusparseLt.so.0
7f0757e81000-7f0757e82000 ---p 193f1000 00:62 10095764                   /home/ubuntu/.local/lib/python3.10/site-packages/nvidia/cusparselt/lib/libcusparseLt.so.0
7f0757e82000-7f0757fa5000 r--p 193f1000 00:62 10095764                   /home/ubuntu/.local/lib/python3.10/site-packages/nvidia/cusparselt/lib/libcusparseLt.so.0
7f0757fa5000-7f0757fd2000 rw-p 19514000 00:62 10095764                   /home/ubuntu/.local/lib/python3.10/site-packages/nvidia/cusparselt/lib/libcusparseLt.so.0
7f0757fd2000-7f0758237000 rw-p 00000000 00:00 0 
7f0758237000-7f0759c00000 rw-p 19542000 00:62 10095764                   /home/ubuntu/.local/lib/python3.10/site-packages/nvidia/cusparselt/lib/libcusparseLt.so.0
7f0759c00000-7f0759c1e000 r-xp 00000000 00:62 10103724                   /home/ubuntu/.local/lib/python3.10/site-packages/nvidia/cudnn/lib/libcudnn.so.9
7f0759c1e000-7f0759e1d000 ---p 0001e000 00:62 10103724                   /home/ubuntu/.local/lib/python3.10/site-packages/nvidia/cudnn/lib/libcudnn.so.9
7f0759e1d000-7f0759e1e000 r--p 0001d000 00:62 10103724                   /home/ubuntu/.local/lib/python3.10/site-packages/nvidia/cudnn/lib/libcudnn.so.9
7f0759e1e000-7f0759e1f000 rw-p 0001e000 00:62 10103724                   /home/ubuntu/.local/lib/python3.10/site-packages/nvidia/cudnn/lib/libcudnn.so.9
7f0759e1f000-7f0759e20000 r--s 00000000 08:00 45646363                   /home/ubuntu/tbazzocchi/FRAG/MedRAG/corpus/wikipedia/index/bm25/_u.fdx
7f0759e20000-7f0759e21000 r--s 00000000 08:00 45646378                   /home/ubuntu/tbazzocchi/FRAG/MedRAG/corpus/wikipedia/index/bm25/_11.fdx
7f0759e21000-7f0759e22000 r--s 00000000 08:00 45646397                   /home/ubuntu/tbazzocchi/FRAG/MedRAG/corpus/wikipedia/index/bm25/_w.fdx
7f0759e22000-7f0759e25000 r--p 00000000 00:62 10554495                   /home/ubuntu/.local/lib/python3.10/site-packages/psutil/_psutil_linux.abi3.so
7f0759e25000-7f0759e28000 r-xp 00003000 00:62 10554495                   /home/ubuntu/.local/lib/python3.10/site-packages/psutil/_psutil_linux.abi3.so
7f0759e28000-7f0759e29000 r--p 00006000 00:62 10554495                   /home/ubuntu/.local/lib/python3.10/site-packages/psutil/_psutil_linux.abi3.so
7f0759e29000-7f0759e2a000 r--p 00007000 00:62 10554495                   /home/ubuntu/.local/lib/python3.10/site-packages/psutil/_psutil_linux.abi3.so
7f0759e2a000-7f0759e2b000 rw-p 00008000 00:62 10554495                   /home/ubuntu/.local/lib/python3.10/site-packages/psutil/_psutil_linux.abi3.so
7f0759e2b000-7f0759e30000 r--p 00000000 00:62 10225146                   /home/ubuntu/.local/lib/python3.10/site-packages/yarl/_quoting_c.cpython-310-x86_64-linux-gnu.so
7f0759e30000-7f0759e45000 r-xp 00005000 00:62 10225146                   /home/ubuntu/.local/lib/python3.10/site-packages/yarl/_quoting_c.cpython-310-x86_64-linux-gnu.so
7f0759e45000-7f0759e49000 r--p 0001a000 00:62 10225146                   /home/ubuntu/.local/lib/python3.10/site-packages/yarl/_quoting_c.cpython-310-x86_64-linux-gnu.so
7f0759e49000-7f0759e4a000 r--p 0001d000 00:62 10225146                   /home/ubuntu/.local/lib/python3.10/site-packages/yarl/_quoting_c.cpython-310-x86_64-linux-gnu.so
7f0759e4a000-7f0759e4b000 rw-p 0001e000 00:62 10225146                   /home/ubuntu/.local/lib/python3.10/site-packages/yarl/_quoting_c.cpython-310-x86_64-linux-gnu.so
7f0759e4b000-7f0759e4c000 rw-p 00000000 00:00 0 
7f0759e4c000-7f075ac58000 r--p 00000000 00:62 10159918                   /home/ubuntu/.local/lib/python3.10/site-packages/torch/lib/libtorch_cuda.so
7f075ac58000-7f075dc28000 r-xp 00e0c000 00:62 10159918                   /home/ubuntu/.local/lib/python3.10/site-packages/torch/lib/libtorch_cuda.so
7f075dc28000-7f07920b5000 r--p 03ddc000 00:62 10159918                   /home/ubuntu/.local/lib/python3.10/site-packages/torch/lib/libtorch_cuda.so
7f07920b5000-7f079212f000 r--p 38268000 00:62 10159918                   /home/ubuntu/.local/lib/python3.10/site-packages/torch/lib/libtorch_cuda.so
7f079212f000-7f0792155000 rw-p 382e2000 00:62 10159918                   /home/ubuntu/.local/lib/python3.10/site-packages/torch/lib/libtorch_cuda.so
7f0792155000-7f0792e9f000 rw-p 00000000 00:00 0 
7f0792e9f000-7f07939b3000 rw-p 39cdf000 00:62 10159918                   /home/ubuntu/.local/lib/python3.10/site-packages/torch/lib/libtorch_cuda.so
7f07939b3000-7f07948e3000 r--p 00000000 00:62 10159917                   /home/ubuntu/.local/lib/python3.10/site-packages/torch/lib/libtorch_cpu.so
7f07948e3000-7f07a4e8f000 r-xp 00f30000 00:62 10159917                   /home/ubuntu/.local/lib/python3.10/site-packages/torch/lib/libtorch_cpu.so
7f07a4e8f000-7f07a7958000 r--p 114dc000 00:62 10159917                   /home/ubuntu/.local/lib/python3.10/site-packages/torch/lib/libtorch_cpu.so
7f07a7958000-7f07a7bc0000 r--p 13fa4000 00:62 10159917                   /home/ubuntu/.local/lib/python3.10/site-packages/torch/lib/libtorch_cpu.so
7f07a7bc0000-7f07a7c33000 rw-p 1420c000 00:62 10159917                   /home/ubuntu/.local/lib/python3.10/site-packages/torch/lib/libtorch_cpu.so
7f07a7c33000-7f07a7d43000 rw-p 00000000 00:00 0 
7f07a7d43000-7f07a830a000 rw-p 19aed000 00:62 10159917                   /home/ubuntu/.local/lib/python3.10/site-packages/torch/lib/libtorch_cpu.so
7f07a830a000-7f07a84b4000 r--p 00000000 00:62 10159922                   /home/ubuntu/.local/lib/python3.10/site-packages/torch/lib/libtorch_python.so
7f07a84b4000-7f07a91b3000 r-xp 001aa000 00:62 10159922                   /home/ubuntu/.local/lib/python3.10/site-packages/torch/lib/libtorch_python.so
7f07a91b3000-7f07a9660000 r--p 00ea9000 00:62 10159922                   /home/ubuntu/.local/lib/python3.10/site-packages/torch/lib/libtorch_python.so
7f07a9660000-7f07a9689000 r--p 01355000 00:62 10159922                   /home/ubuntu/.local/lib/python3.10/site-packages/torch/lib/libtorch_python.so
7f07a9689000-7f07a96f1000 rw-p 0137e000 00:62 10159922                   /home/ubuntu/.local/lib/python3.10/site-packages/torch/lib/libtorch_python.so
7f07a96f1000-7f07a9765000 rw-p 00000000 00:00 0 
7f07a9765000-7f07a9800000 rw-p 01da9000 00:62 10159922                   /home/ubuntu/.local/lib/python3.10/site-packages/torch/lib/libtorch_python.so
7f07a9800000-7f07ac277000 r-xp 00000000 00:62 10100349                   /home/ubuntu/.local/lib/python3.10/site-packages/nvidia/nvjitlink/lib/libnvJitLink.so.12
7f07ac277000-7f07ac477000 ---p 02a77000 00:62 10100349                   /home/ubuntu/.local/lib/python3.10/site-packages/nvidia/nvjitlink/lib/libnvJitLink.so.12
7f07ac477000-7f07ac9a2000 r--p 02a77000 00:62 10100349                   /home/ubuntu/.local/lib/python3.10/site-packages/nvidia/nvjitlink/lib/libnvJitLink.so.12
7f07ac9a2000-7f07aca15000 rw-p 02fa2000 00:62 10100349                   /home/ubuntu/.local/lib/python3.10/site-packages/nvidia/nvjitlink/lib/libnvJitLink.so.12
7f07aca15000-7f07aca89000 rw-p 00000000 00:00 0 
7f07aca89000-7f07aca8a000 r--s 00000000 08:00 45646408                   /home/ubuntu/tbazzocchi/FRAG/MedRAG/corpus/wikipedia/index/bm25/_p.fdx
7f07aca8a000-7f07aca8b000 r--p 00000000 00:62 10226173                   /home/ubuntu/.local/lib/python3.10/site-packages/scipy/optimize/_zeros.cpython-310-x86_64-linux-gnu.so
7f07aca8b000-7f07aca8d000 r-xp 00001000 00:62 10226173                   /home/ubuntu/.local/lib/python3.10/site-packages/scipy/optimize/_zeros.cpython-310-x86_64-linux-gnu.so
7f07aca8d000-7f07aca8e000 r--p 00003000 00:62 10226173                   /home/ubuntu/.local/lib/python3.10/site-packages/scipy/optimize/_zeros.cpython-310-x86_64-linux-gnu.so
7f07aca8e000-7f07aca8f000 r--p 00003000 00:62 10226173                   /home/ubuntu/.local/lib/python3.10/site-packages/scipy/optimize/_zeros.cpython-310-x86_64-linux-gnu.so
7f07aca8f000-7f07aca90000 rw-p 00004000 00:62 10226173                   /home/ubuntu/.local/lib/python3.10/site-packages/scipy/optimize/_zeros.cpython-310-x86_64-linux-gnu.so
7f07aca90000-7f07aca92000 r--p 00000000 00:62 10045292                   /usr/lib/python3.10/lib-dynload/resource.cpython-310-x86_64-linux-gnu.so
7f07aca92000-7f07aca93000 r-xp 00002000 00:62 10045292                   /usr/lib/python3.10/lib-dynload/resource.cpython-310-x86_64-linux-gnu.so
7f07aca93000-7f07aca94000 r--p 00003000 00:62 10045292                   /usr/lib/python3.10/lib-dynload/resource.cpython-310-x86_64-linux-gnu.so
7f07aca94000-7f07aca95000 r--p 00003000 00:62 10045292                   /usr/lib/python3.10/lib-dynload/resource.cpython-310-x86_64-linux-gnu.so
7f07aca95000-7f07aca96000 rw-p 00004000 00:62 10045292                   /usr/lib/python3.10/lib-dynload/resource.cpython-310-x86_64-linux-gnu.so
7f07aca96000-7f07acaa8000 r--p 00000000 00:62 10045508                   /usr/lib/python3.10/lib-dynload/_ssl.cpython-310-x86_64-linux-gnu.so
7f07acaa8000-7f07acab5000 r-xp 00012000 00:62 10045508                   /usr/lib/python3.10/lib-dynload/_ssl.cpython-310-x86_64-linux-gnu.so
7f07acab5000-7f07acac3000 r--p 0001f000 00:62 10045508                   /usr/lib/python3.10/lib-dynload/_ssl.cpython-310-x86_64-linux-gnu.so
7f07acac3000-7f07acac4000 ---p 0002d000 00:62 10045508                   /usr/lib/python3.10/lib-dynload/_ssl.cpython-310-x86_64-linux-gnu.so
7f07acac4000-7f07acac5000 r--p 0002d000 00:62 10045508                   /usr/lib/python3.10/lib-dynload/_ssl.cpython-310-x86_64-linux-gnu.so
7f07acac5000-7f07acace000 rw-p 0002e000 00:62 10045508                   /usr/lib/python3.10/lib-dynload/_ssl.cpython-310-x86_64-linux-gnu.so
7f07acace000-7f07acad2000 r--p 00000000 00:62 10175416                   /home/ubuntu/.local/lib/python3.10/site-packages/numpy/random/_bounded_integers.cpython-310-x86_64-linux-gnu.so
7f07acad2000-7f07acb17000 r-xp 00004000 00:62 10175416                   /home/ubuntu/.local/lib/python3.10/site-packages/numpy/random/_bounded_integers.cpython-310-x86_64-linux-gnu.so
7f07acb17000-7f07acb20000 r--p 00049000 00:62 10175416                   /home/ubuntu/.local/lib/python3.10/site-packages/numpy/random/_bounded_integers.cpython-310-x86_64-linux-gnu.so
7f07acb20000-7f07acb21000 r--p 00051000 00:62 10175416                   /home/ubuntu/.local/lib/python3.10/site-packages/numpy/random/_bounded_integers.cpython-310-x86_64-linux-gnu.so
7f07acb21000-7f07acb22000 rw-p 00052000 00:62 10175416                   /home/ubuntu/.local/lib/python3.10/site-packages/numpy/random/_bounded_integers.cpython-310-x86_64-linux-gnu.so
7f07acb22000-7f07acbd4000 rw-p 00000000 00:00 0 
7f07acbd4000-7f07acc6e000 r--p 00000000 00:62 25773467                   /usr/lib/x86_64-linux-gnu/libstdc++.so.6.0.30
7f07acc6e000-7f07acd7f000 r-xp 0009a000 00:62 25773467                   /usr/lib/x86_64-linux-gnu/libstdc++.so.6.0.30
7f07acd7f000-7f07acdee000 r--p 001ab000 00:62 25773467                   /usr/lib/x86_64-linux-gnu/libstdc++.so.6.0.30
7f07acdee000-7f07acdef000 ---p 0021a000 00:62 25773467                   /usr/lib/x86_64-linux-gnu/libstdc++.so.6.0.30
7f07acdef000-7f07acdfa000 r--p 0021a000 00:62 25773467                   /usr/lib/x86_64-linux-gnu/libstdc++.so.6.0.30
7f07acdfa000-7f07acdfd000 rw-p 00225000 00:62 25773467                   /usr/lib/x86_64-linux-gnu/libstdc++.so.6.0.30
7f07acdfd000-7f07ace00000 rw-p 00000000 00:00 0 
7f07ace00000-7f07ad313000 r-xp 00000000 00:62 10100555                   /home/ubuntu/.local/lib/python3.10/site-packages/nvidia/cuda_nvrtc/lib/libnvrtc-builtins.so.12.6
7f07ad313000-7f07ad512000 ---p 00513000 00:62 10100555                   /home/ubuntu/.local/lib/python3.10/site-packages/nvidia/cuda_nvrtc/lib/libnvrtc-builtins.so.12.6
7f07ad512000-7f07ad513000 r--p 00512000 00:62 10100555                   /home/ubuntu/.local/lib/python3.10/site-packages/nvidia/cuda_nvrtc/lib/libnvrtc-builtins.so.12.6
7f07ad513000-7f07ad514000 rw-p 00513000 00:62 10100555                   /home/ubuntu/.local/lib/python3.10/site-packages/nvidia/cuda_nvrtc/lib/libnvrtc-builtins.so.12.6
7f07ad514000-7f07ad515000 r--s 00000000 08:00 45646427                   /home/ubuntu/tbazzocchi/FRAG/MedRAG/corpus/wikipedia/index/bm25/_z.fdx
7f07ad515000-7f07ad516000 r--s 00000000 08:00 45646444                   /home/ubuntu/tbazzocchi/FRAG/MedRAG/corpus/wikipedia/index/bm25/_t.fdx
7f07ad516000-7f07ad518000 r--p 00000000 00:62 10235070                   /home/ubuntu/.local/lib/python3.10/site-packages/sklearn/__check_build/_check_build.cpython-310-x86_64-linux-gnu.so
7f07ad518000-7f07ad51b000 r-xp 00002000 00:62 10235070                   /home/ubuntu/.local/lib/python3.10/site-packages/sklearn/__check_build/_check_build.cpython-310-x86_64-linux-gnu.so
7f07ad51b000-7f07ad51c000 r--p 00005000 00:62 10235070                   /home/ubuntu/.local/lib/python3.10/site-packages/sklearn/__check_build/_check_build.cpython-310-x86_64-linux-gnu.so
7f07ad51c000-7f07ad51d000 ---p 00006000 00:62 10235070                   /home/ubuntu/.local/lib/python3.10/site-packages/sklearn/__check_build/_check_build.cpython-310-x86_64-linux-gnu.so
7f07ad51d000-7f07ad51e000 r--p 00006000 00:62 10235070                   /home/ubuntu/.local/lib/python3.10/site-packages/sklearn/__check_build/_check_build.cpython-310-x86_64-linux-gnu.so
7f07ad51e000-7f07ad51f000 rw-p 00007000 00:62 10235070                   /home/ubuntu/.local/lib/python3.10/site-packages/sklearn/__check_build/_check_build.cpython-310-x86_64-linux-gnu.so
7f07ad51f000-7f07ad523000 r--p 00000000 00:62 10045253                   /usr/lib/python3.10/lib-dynload/_asyncio.cpython-310-x86_64-linux-gnu.so
7f07ad523000-7f07ad52b000 r-xp 00004000 00:62 10045253                   /usr/lib/python3.10/lib-dynload/_asyncio.cpython-310-x86_64-linux-gnu.so
7f07ad52b000-7f07ad52f000 r--p 0000c000 00:62 10045253                   /usr/lib/python3.10/lib-dynload/_asyncio.cpython-310-x86_64-linux-gnu.so
7f07ad52f000-7f07ad530000 ---p 00010000 00:62 10045253                   /usr/lib/python3.10/lib-dynload/_asyncio.cpython-310-x86_64-linux-gnu.so
7f07ad530000-7f07ad531000 r--p 00010000 00:62 10045253                   /usr/lib/python3.10/lib-dynload/_asyncio.cpython-310-x86_64-linux-gnu.so
7f07ad531000-7f07ad533000 rw-p 00011000 00:62 10045253                   /usr/lib/python3.10/lib-dynload/_asyncio.cpython-310-x86_64-linux-gnu.so
7f07ad533000-7f07ad536000 r--p 00000000 00:62 10175411                   /home/ubuntu/.local/lib/python3.10/site-packages/numpy/random/_pcg64.cpython-310-x86_64-linux-gnu.so
7f07ad536000-7f07ad548000 r-xp 00003000 00:62 10175411                   /home/ubuntu/.local/lib/python3.10/site-packages/numpy/random/_pcg64.cpython-310-x86_64-linux-gnu.so
7f07ad548000-7f07ad54d000 r--p 00015000 00:62 10175411                   /home/ubuntu/.local/lib/python3.10/site-packages/numpy/random/_pcg64.cpython-310-x86_64-linux-gnu.so
7f07ad54d000-7f07ad54e000 r--p 00019000 00:62 10175411                   /home/ubuntu/.local/lib/python3.10/site-packages/numpy/random/_pcg64.cpython-310-x86_64-linux-gnu.so
7f07ad54e000-7f07ad54f000 rw-p 0001a000 00:62 10175411                   /home/ubuntu/.local/lib/python3.10/site-packages/numpy/random/_pcg64.cpython-310-x86_64-linux-gnu.so
7f07ad54f000-7f07ad600000 rw-p 00000000 00:00 0 
7f07ad600000-7f07b06ef000 r-xp 00000000 00:62 10100556                   /home/ubuntu/.local/lib/python3.10/site-packages/nvidia/cuda_nvrtc/lib/libnvrtc.so.12
7f07b06ef000-7f07b08ee000 ---p 030ef000 00:62 10100556                   /home/ubuntu/.local/lib/python3.10/site-packages/nvidia/cuda_nvrtc/lib/libnvrtc.so.12
7f07b08ee000-7f07b0e77000 r--p 030ee000 00:62 10100556                   /home/ubuntu/.local/lib/python3.10/site-packages/nvidia/cuda_nvrtc/lib/libnvrtc.so.12
7f07b0e77000-7f07b0f5e000 rw-p 03677000 00:62 10100556                   /home/ubuntu/.local/lib/python3.10/site-packages/nvidia/cuda_nvrtc/lib/libnvrtc.so.12
7f07b0f5e000-7f07b123a000 rw-p 00000000 00:00 0 
7f07b123a000-7f07b1400000 ---p 03c3a000 00:62 10100556                   /home/ubuntu/.local/lib/python3.10/site-packages/nvidia/cuda_nvrtc/lib/libnvrtc.so.12
7f07b1400000-7f07b1402000 rw-p 03800000 00:62 10100556                   /home/ubuntu/.local/lib/python3.10/site-packages/nvidia/cuda_nvrtc/lib/libnvrtc.so.12
7f07b1402000-7f07b1403000 r--p 00000000 00:62 10226471                   /home/ubuntu/.local/lib/python3.10/site-packages/scipy/special/libsf_error_state.so
7f07b1403000-7f07b1404000 r-xp 00001000 00:62 10226471                   /home/ubuntu/.local/lib/python3.10/site-packages/scipy/special/libsf_error_state.so
7f07b1404000-7f07b1405000 r--p 00002000 00:62 10226471                   /home/ubuntu/.local/lib/python3.10/site-packages/scipy/special/libsf_error_state.so
7f07b1405000-7f07b1406000 r--p 00002000 00:62 10226471                   /home/ubuntu/.local/lib/python3.10/site-packages/scipy/special/libsf_error_state.so
7f07b1406000-7f07b1407000 rw-p 00003000 00:62 10226471                   /home/ubuntu/.local/lib/python3.10/site-packages/scipy/special/libsf_error_state.so
7f07b1407000-7f07b140a000 r--p 00000000 00:62 10238300                   /home/ubuntu/.local/lib/python3.10/site-packages/aiohttp/_websocket/mask.cpython-310-x86_64-linux-gnu.so
7f07b140a000-7f07b140e000 r-xp 00003000 00:62 10238300                   /home/ubuntu/.local/lib/python3.10/site-packages/aiohttp/_websocket/mask.cpython-310-x86_64-linux-gnu.so
7f07b140e000-7f07b1410000 r--p 00007000 00:62 10238300                   /home/ubuntu/.local/lib/python3.10/site-packages/aiohttp/_websocket/mask.cpython-310-x86_64-linux-gnu.so
7f07b1410000-7f07b1411000 r--p 00008000 00:62 10238300                   /home/ubuntu/.local/lib/python3.10/site-packages/aiohttp/_websocket/mask.cpython-310-x86_64-linux-gnu.so
7f07b1411000-7f07b1412000 rw-p 00009000 00:62 10238300                   /home/ubuntu/.local/lib/python3.10/site-packages/aiohttp/_websocket/mask.cpython-310-x86_64-linux-gnu.so
7f07b1412000-7f07b1415000 r--p 00000000 00:62 10175418                   /home/ubuntu/.local/lib/python3.10/site-packages/numpy/random/_philox.cpython-310-x86_64-linux-gnu.so
7f07b1415000-7f07b1424000 r-xp 00003000 00:62 10175418                   /home/ubuntu/.local/lib/python3.10/site-packages/numpy/random/_philox.cpython-310-x86_64-linux-gnu.so
7f07b1424000-7f07b1428000 r--p 00012000 00:62 10175418                   /home/ubuntu/.local/lib/python3.10/site-packages/numpy/random/_philox.cpython-310-x86_64-linux-gnu.so
7f07b1428000-7f07b1429000 r--p 00015000 00:62 10175418                   /home/ubuntu/.local/lib/python3.10/site-packages/numpy/random/_philox.cpython-310-x86_64-linux-gnu.so
7f07b1429000-7f07b142a000 rw-p 00016000 00:62 10175418                   /home/ubuntu/.local/lib/python3.10/site-packages/numpy/random/_philox.cpython-310-x86_64-linux-gnu.so
7f07b142a000-7f07b142d000 r--p 00000000 00:62 10175421                   /home/ubuntu/.local/lib/python3.10/site-packages/numpy/random/_mt19937.cpython-310-x86_64-linux-gnu.so
7f07b142d000-7f07b143e000 r-xp 00003000 00:62 10175421                   /home/ubuntu/.local/lib/python3.10/site-packages/numpy/random/_mt19937.cpython-310-x86_64-linux-gnu.so
7f07b143e000-7f07b1443000 r--p 00014000 00:62 10175421                   /home/ubuntu/.local/lib/python3.10/site-packages/numpy/random/_mt19937.cpython-310-x86_64-linux-gnu.so
7f07b1443000-7f07b1444000 r--p 00018000 00:62 10175421                   /home/ubuntu/.local/lib/python3.10/site-packages/numpy/random/_mt19937.cpython-310-x86_64-linux-gnu.so
7f07b1444000-7f07b1445000 rw-p 00019000 00:62 10175421                   /home/ubuntu/.local/lib/python3.10/site-packages/numpy/random/_mt19937.cpython-310-x86_64-linux-gnu.so
7f07b1445000-7f07b1449000 r--p 00000000 00:62 10175412                   /home/ubuntu/.local/lib/python3.10/site-packages/numpy/random/_common.cpython-310-x86_64-linux-gnu.so
7f07b1449000-7f07b147b000 r-xp 00004000 00:62 10175412                   /home/ubuntu/.local/lib/python3.10/site-packages/numpy/random/_common.cpython-310-x86_64-linux-gnu.so
7f07b147b000-7f07b147f000 r--p 00036000 00:62 10175412                   /home/ubuntu/.local/lib/python3.10/site-packages/numpy/random/_common.cpython-310-x86_64-linux-gnu.so
7f07b147f000-7f07b1480000 ---p 0003a000 00:62 10175412                   /home/ubuntu/.local/lib/python3.10/site-packages/numpy/random/_common.cpython-310-x86_64-linux-gnu.so
7f07b1480000-7f07b1481000 r--p 0003a000 00:62 10175412                   /home/ubuntu/.local/lib/python3.10/site-packages/numpy/random/_common.cpython-310-x86_64-linux-gnu.so
7f07b1481000-7f07b1482000 rw-p 0003b000 00:62 10175412                   /home/ubuntu/.local/lib/python3.10/site-packages/numpy/random/_common.cpython-310-x86_64-linux-gnu.so
7f07b1482000-7f07b14df000 rw-p 00000000 00:00 0 
7f07b14df000-7f07b1508000 r--p 00000000 00:62 10159912                   /home/ubuntu/.local/lib/python3.10/site-packages/torch/lib/libc10.so
7f07b1508000-7f07b15aa000 r-xp 00029000 00:62 10159912                   /home/ubuntu/.local/lib/python3.10/site-packages/torch/lib/libc10.so
7f07b15aa000-7f07b15df000 r--p 000cb000 00:62 10159912                   /home/ubuntu/.local/lib/python3.10/site-packages/torch/lib/libc10.so
7f07b15df000-7f07b15e2000 r--p 000ff000 00:62 10159912                   /home/ubuntu/.local/lib/python3.10/site-packages/torch/lib/libc10.so
7f07b15e2000-7f07b15e9000 rw-p 00102000 00:62 10159912                   /home/ubuntu/.local/lib/python3.10/site-packages/torch/lib/libc10.so
7f07b15e9000-7f07b15eb000 rw-p 00000000 00:00 0 
7f07b15eb000-7f07b1600000 rw-p 0014f000 00:62 10159912                   /home/ubuntu/.local/lib/python3.10/site-packages/torch/lib/libc10.so
7f07b1600000-7f07b1637000 r-xp 00000000 00:62 10159930                   /home/ubuntu/.local/lib/python3.10/site-packages/torch/lib/libgomp.so.1
7f07b1637000-7f07b1836000 ---p 00037000 00:62 10159930                   /home/ubuntu/.local/lib/python3.10/site-packages/torch/lib/libgomp.so.1
7f07b1836000-7f07b1837000 r--p 00036000 00:62 10159930                   /home/ubuntu/.local/lib/python3.10/site-packages/torch/lib/libgomp.so.1
7f07b1837000-7f07b1838000 rw-p 00037000 00:62 10159930                   /home/ubuntu/.local/lib/python3.10/site-packages/torch/lib/libgomp.so.1
7f07b1838000-7f07b183d000 rw-p 0003a000 00:62 10159930                   /home/ubuntu/.local/lib/python3.10/site-packages/torch/lib/libgomp.so.1
7f07b183d000-7f07b1840000 r--p 00000000 00:62 10238242                   /home/ubuntu/.local/lib/python3.10/site-packages/aiohttp/_http_writer.cpython-310-x86_64-linux-gnu.so
7f07b1840000-7f07b184a000 r-xp 00003000 00:62 10238242                   /home/ubuntu/.local/lib/python3.10/site-packages/aiohttp/_http_writer.cpython-310-x86_64-linux-gnu.so
7f07b184a000-7f07b184c000 r--p 0000d000 00:62 10238242                   /home/ubuntu/.local/lib/python3.10/site-packages/aiohttp/_http_writer.cpython-310-x86_64-linux-gnu.so
7f07b184c000-7f07b184d000 r--p 0000e000 00:62 10238242                   /home/ubuntu/.local/lib/python3.10/site-packages/aiohttp/_http_writer.cpython-310-x86_64-linux-gnu.so
7f07b184d000-7f07b184e000 rw-p 0000f000 00:62 10238242                   /home/ubuntu/.local/lib/python3.10/site-packages/aiohttp/_http_writer.cpython-310-x86_64-linux-gnu.so
7f07b184e000-7f07b1852000 r--p 00000000 00:62 10176417                   /home/ubuntu/.local/lib/python3.10/site-packages/multidict/_multidict.cpython-310-x86_64-linux-gnu.so
7f07b1852000-7f07b1863000 r-xp 00004000 00:62 10176417                   /home/ubuntu/.local/lib/python3.10/site-packages/multidict/_multidict.cpython-310-x86_64-linux-gnu.so
7f07b1863000-7f07b1867000 r--p 00015000 00:62 10176417                   /home/ubuntu/.local/lib/python3.10/site-packages/multidict/_multidict.cpython-310-x86_64-linux-gnu.so
7f07b1867000-7f07b1868000 r--p 00018000 00:62 10176417                   /home/ubuntu/.local/lib/python3.10/site-packages/multidict/_multidict.cpython-310-x86_64-linux-gnu.so
7f07b1868000-7f07b186a000 rw-p 00019000 00:62 10176417                   /home/ubuntu/.local/lib/python3.10/site-packages/multidict/_multidict.cpython-310-x86_64-linux-gnu.so
7f07b186a000-7f07b186d000 r--p 00000000 00:62 10045272                   /usr/lib/python3.10/lib-dynload/_multibytecodec.cpython-310-x86_64-linux-gnu.so
7f07b186d000-7f07b1873000 r-xp 00003000 00:62 10045272                   /usr/lib/python3.10/lib-dynload/_multibytecodec.cpython-310-x86_64-linux-gnu.so
7f07b1873000-7f07b1875000 r--p 00009000 00:62 10045272                   /usr/lib/python3.10/lib-dynload/_multibytecodec.cpython-310-x86_64-linux-gnu.so
7f07b1875000-7f07b1876000 r--p 0000a000 00:62 10045272                   /usr/lib/python3.10/lib-dynload/_multibytecodec.cpython-310-x86_64-linux-gnu.so
7f07b1876000-7f07b1877000 rw-p 0000b000 00:62 10045272                   /usr/lib/python3.10/lib-dynload/_multibytecodec.cpython-310-x86_64-linux-gnu.so
7f07b1877000-7f07b1885000 r--p 00000000 00:62 10224959                   /home/ubuntu/.local/lib/python3.10/site-packages/charset_normalizer/md__mypyc.cpython-310-x86_64-linux-gnu.so
7f07b1885000-7f07b18a4000 r-xp 0000e000 00:62 10224959                   /home/ubuntu/.local/lib/python3.10/site-packages/charset_normalizer/md__mypyc.cpython-310-x86_64-linux-gnu.so
7f07b18a4000-7f07b18ae000 r--p 0002d000 00:62 10224959                   /home/ubuntu/.local/lib/python3.10/site-packages/charset_normalizer/md__mypyc.cpython-310-x86_64-linux-gnu.so
7f07b18ae000-7f07b18af000 r--p 00036000 00:62 10224959                   /home/ubuntu/.local/lib/python3.10/site-packages/charset_normalizer/md__mypyc.cpython-310-x86_64-linux-gnu.so
7f07b18af000-7f07b18b3000 rw-p 00037000 00:62 10224959                   /home/ubuntu/.local/lib/python3.10/site-packages/charset_normalizer/md__mypyc.cpython-310-x86_64-linux-gnu.so
7f07b18b3000-7f07b18b4000 rw-p 00000000 00:00 0 
7f07b18b4000-7f07b18b5000 r--p 00000000 00:62 10224957                   /home/ubuntu/.local/lib/python3.10/site-packages/charset_normalizer/md.cpython-310-x86_64-linux-gnu.so
7f07b18b5000-7f07b18b6000 r-xp 00001000 00:62 10224957                   /home/ubuntu/.local/lib/python3.10/site-packages/charset_normalizer/md.cpython-310-x86_64-linux-gnu.so
7f07b18b6000-7f07b18b7000 r--p 00002000 00:62 10224957                   /home/ubuntu/.local/lib/python3.10/site-packages/charset_normalizer/md.cpython-310-x86_64-linux-gnu.so
7f07b18b7000-7f07b18b8000 r--p 00002000 00:62 10224957                   /home/ubuntu/.local/lib/python3.10/site-packages/charset_normalizer/md.cpython-310-x86_64-linux-gnu.so
7f07b18b8000-7f07b18b9000 rw-p 00003000 00:62 10224957                   /home/ubuntu/.local/lib/python3.10/site-packages/charset_normalizer/md.cpython-310-x86_64-linux-gnu.so
7f07b18b9000-7f07b18bb000 r--p 00000000 00:62 10045273                   /usr/lib/python3.10/lib-dynload/_multiprocessing.cpython-310-x86_64-linux-gnu.so
7f07b18bb000-7f07b18bd000 r-xp 00002000 00:62 10045273                   /usr/lib/python3.10/lib-dynload/_multiprocessing.cpython-310-x86_64-linux-gnu.so
7f07b18bd000-7f07b18be000 r--p 00004000 00:62 10045273                   /usr/lib/python3.10/lib-dynload/_multiprocessing.cpython-310-x86_64-linux-gnu.so
7f07b18be000-7f07b18bf000 r--p 00004000 00:62 10045273                   /usr/lib/python3.10/lib-dynload/_multiprocessing.cpython-310-x86_64-linux-gnu.so
7f07b18bf000-7f07b18c0000 rw-p 00005000 00:62 10045273                   /usr/lib/python3.10/lib-dynload/_multiprocessing.cpython-310-x86_64-linux-gnu.so
7f07b18c0000-7f07b18c2000 r--p 00000000 00:62 25773485                   /usr/lib/x86_64-linux-gnu/libuuid.so.1.3.0
7f07b18c2000-7f07b18c6000 r-xp 00002000 00:62 25773485                   /usr/lib/x86_64-linux-gnu/libuuid.so.1.3.0
7f07b18c6000-7f07b18c7000 r--p 00006000 00:62 25773485                   /usr/lib/x86_64-linux-gnu/libuuid.so.1.3.0
7f07b18c7000-7f07b18c8000 r--p 00006000 00:62 25773485                   /usr/lib/x86_64-linux-gnu/libuuid.so.1.3.0
7f07b18c8000-7f07b18c9000 rw-p 00007000 00:62 25773485                   /usr/lib/x86_64-linux-gnu/libuuid.so.1.3.0
7f07b18c9000-7f07b18ca000 r--p 00000000 00:62 10045274                   /usr/lib/python3.10/lib-dynload/_posixshmem.cpython-310-x86_64-linux-gnu.so
7f07b18ca000-7f07b18cb000 r-xp 00001000 00:62 10045274                   /usr/lib/python3.10/lib-dynload/_posixshmem.cpython-310-x86_64-linux-gnu.so
7f07b18cb000-7f07b18cc000 r--p 00002000 00:62 10045274                   /usr/lib/python3.10/lib-dynload/_posixshmem.cpython-310-x86_64-linux-gnu.so
7f07b18cc000-7f07b18cd000 r--p 00002000 00:62 10045274                   /usr/lib/python3.10/lib-dynload/_posixshmem.cpython-310-x86_64-linux-gnu.so
7f07b18cd000-7f07b18ce000 rw-p 00003000 00:62 10045274                   /usr/lib/python3.10/lib-dynload/_posixshmem.cpython-310-x86_64-linux-gnu.so
7f07b18ce000-7f07b18d0000 r--p 00000000 00:62 10045275                   /usr/lib/python3.10/lib-dynload/_queue.cpython-310-x86_64-linux-gnu.so
7f07b18d0000-7f07b18d2000 r-xp 00002000 00:62 10045275                   /usr/lib/python3.10/lib-dynload/_queue.cpython-310-x86_64-linux-gnu.so
7f07b18d2000-7f07b18d3000 r--p 00004000 00:62 10045275                   /usr/lib/python3.10/lib-dynload/_queue.cpython-310-x86_64-linux-gnu.so
7f07b18d3000-7f07b18d4000 r--p 00004000 00:62 10045275                   /usr/lib/python3.10/lib-dynload/_queue.cpython-310-x86_64-linux-gnu.so
7f07b18d4000-7f07b18d5000 rw-p 00005000 00:62 10045275                   /usr/lib/python3.10/lib-dynload/_queue.cpython-310-x86_64-linux-gnu.so
7f07b18d5000-7f07b1955000 rw-p 00000000 00:00 0 
7f07b1955000-7f07b1965000 r--p 00000000 00:62 10159913                   /home/ubuntu/.local/lib/python3.10/site-packages/torch/lib/libc10_cuda.so
7f07b1965000-7f07b19b8000 r-xp 00010000 00:62 10159913                   /home/ubuntu/.local/lib/python3.10/site-packages/torch/lib/libc10_cuda.so
7f07b19b8000-7f07b19cf000 r--p 00063000 00:62 10159913                   /home/ubuntu/.local/lib/python3.10/site-packages/torch/lib/libc10_cuda.so
7f07b19cf000-7f07b19d1000 r--p 00079000 00:62 10159913                   /home/ubuntu/.local/lib/python3.10/site-packages/torch/lib/libc10_cuda.so
7f07b19d1000-7f07b19d2000 rw-p 0007b000 00:62 10159913                   /home/ubuntu/.local/lib/python3.10/site-packages/torch/lib/libc10_cuda.so
7f07b19d2000-7f07b19f8000 rw-p 00000000 00:00 0 
7f07b19f8000-7f07b1a00000 rw-p 000a3000 00:62 10159913                   /home/ubuntu/.local/lib/python3.10/site-packages/torch/lib/libc10_cuda.so
7f07b1a00000-7f07b1aa9000 r-xp 00000000 00:62 10100534                   /home/ubuntu/.local/lib/python3.10/site-packages/nvidia/cuda_runtime/lib/libcudart.so.12
7f07b1aa9000-7f07b1ca9000 ---p 000a9000 00:62 10100534                   /home/ubuntu/.local/lib/python3.10/site-packages/nvidia/cuda_runtime/lib/libcudart.so.12
7f07b1ca9000-7f07b1cae000 r--p 000a9000 00:62 10100534                   /home/ubuntu/.local/lib/python3.10/site-packages/nvidia/cuda_runtime/lib/libcudart.so.12
7f07b1cae000-7f07b1caf000 rw-p 000ae000 00:62 10100534                   /home/ubuntu/.local/lib/python3.10/site-packages/nvidia/cuda_runtime/lib/libcudart.so.12
7f07b1caf000-7f07b1cb1000 rw-p 00000000 00:00 0 
7f07b1cb1000-7f07b1cb2000 r--p 00000000 00:62 10045283                   /usr/lib/python3.10/lib-dynload/_uuid.cpython-310-x86_64-linux-gnu.so
7f07b1cb2000-7f07b1cb3000 r-xp 00001000 00:62 10045283                   /usr/lib/python3.10/lib-dynload/_uuid.cpython-310-x86_64-linux-gnu.so
7f07b1cb3000-7f07b1cb4000 r--p 00002000 00:62 10045283                   /usr/lib/python3.10/lib-dynload/_uuid.cpython-310-x86_64-linux-gnu.so
7f07b1cb4000-7f07b1cb5000 r--p 00002000 00:62 10045283                   /usr/lib/python3.10/lib-dynload/_uuid.cpython-310-x86_64-linux-gnu.so
7f07b1cb5000-7f07b1cb6000 rw-p 00003000 00:62 10045283                   /usr/lib/python3.10/lib-dynload/_uuid.cpython-310-x86_64-linux-gnu.so
7f07b1cb6000-7f07b1cb9000 r--p 00000000 00:62 10175414                   /home/ubuntu/.local/lib/python3.10/site-packages/numpy/random/_sfc64.cpython-310-x86_64-linux-gnu.so
7f07b1cb9000-7f07b1cc2000 r-xp 00003000 00:62 10175414                   /home/ubuntu/.local/lib/python3.10/site-packages/numpy/random/_sfc64.cpython-310-x86_64-linux-gnu.so
7f07b1cc2000-7f07b1cc5000 r--p 0000c000 00:62 10175414                   /home/ubuntu/.local/lib/python3.10/site-packages/numpy/random/_sfc64.cpython-310-x86_64-linux-gnu.so
7f07b1cc5000-7f07b1cc6000 r--p 0000e000 00:62 10175414                   /home/ubuntu/.local/lib/python3.10/site-packages/numpy/random/_sfc64.cpython-310-x86_64-linux-gnu.so
7f07b1cc6000-7f07b1cc7000 rw-p 0000f000 00:62 10175414                   /home/ubuntu/.local/lib/python3.10/site-packages/numpy/random/_sfc64.cpython-310-x86_64-linux-gnu.so
7f07b1cc7000-7f07b1ccb000 r--p 00000000 00:62 10045506                   /usr/lib/python3.10/lib-dynload/_hashlib.cpython-310-x86_64-linux-gnu.so
7f07b1ccb000-7f07b1cd1000 r-xp 00004000 00:62 10045506                   /usr/lib/python3.10/lib-dynload/_hashlib.cpython-310-x86_64-linux-gnu.so
7f07b1cd1000-7f07b1cd5000 r--p 0000a000 00:62 10045506                   /usr/lib/python3.10/lib-dynload/_hashlib.cpython-310-x86_64-linux-gnu.so
7f07b1cd5000-7f07b1cd6000 r--p 0000d000 00:62 10045506                   /usr/lib/python3.10/lib-dynload/_hashlib.cpython-310-x86_64-linux-gnu.so
7f07b1cd6000-7f07b1cd8000 rw-p 0000e000 00:62 10045506                   /usr/lib/python3.10/lib-dynload/_hashlib.cpython-310-x86_64-linux-gnu.so
7f07b1cd8000-7f07b1cdd000 r--p 00000000 00:62 10175433                   /home/ubuntu/.local/lib/python3.10/site-packages/numpy/random/bit_generator.cpython-310-x86_64-linux-gnu.so
7f07b1cdd000-7f07b1d00000 r-xp 00005000 00:62 10175433                   /home/ubuntu/.local/lib/python3.10/site-packages/numpy/random/bit_generator.cpython-310-x86_64-linux-gnu.so
7f07b1d00000-7f07b1d0a000 r--p 00028000 00:62 10175433                   /home/ubuntu/.local/lib/python3.10/site-packages/numpy/random/bit_generator.cpython-310-x86_64-linux-gnu.so
7f07b1d0a000-7f07b1d0b000 r--p 00031000 00:62 10175433                   /home/ubuntu/.local/lib/python3.10/site-packages/numpy/random/bit_generator.cpython-310-x86_64-linux-gnu.so
7f07b1d0b000-7f07b1d0d000 rw-p 00032000 00:62 10175433                   /home/ubuntu/.local/lib/python3.10/site-packages/numpy/random/bit_generator.cpython-310-x86_64-linux-gnu.so
7f07b1d0d000-7f07b1d0e000 rw-p 00000000 00:00 0 
7f07b1d0e000-7f07b1d14000 r--p 00000000 00:62 10175371                   /home/ubuntu/.local/lib/python3.10/site-packages/numpy/linalg/_umath_linalg.cpython-310-x86_64-linux-gnu.so
7f07b1d14000-7f07b1d34000 r-xp 00006000 00:62 10175371                   /home/ubuntu/.local/lib/python3.10/site-packages/numpy/linalg/_umath_linalg.cpython-310-x86_64-linux-gnu.so
7f07b1d34000-7f07b1d39000 r--p 00026000 00:62 10175371                   /home/ubuntu/.local/lib/python3.10/site-packages/numpy/linalg/_umath_linalg.cpython-310-x86_64-linux-gnu.so
7f07b1d39000-7f07b1d3a000 r--p 0002a000 00:62 10175371                   /home/ubuntu/.local/lib/python3.10/site-packages/numpy/linalg/_umath_linalg.cpython-310-x86_64-linux-gnu.so
7f07b1d3a000-7f07b1d3b000 rw-p 0002b000 00:62 10175371                   /home/ubuntu/.local/lib/python3.10/site-packages/numpy/linalg/_umath_linalg.cpython-310-x86_64-linux-gnu.so
7f07b1d3b000-7f07b1d3c000 rw-p 00000000 00:00 0 
7f07b1d3c000-7f07b1d3e000 rw-p 00032000 00:62 10175371                   /home/ubuntu/.local/lib/python3.10/site-packages/numpy/linalg/_umath_linalg.cpython-310-x86_64-linux-gnu.so
7f07b1d3e000-7f07b1d3f000 rw-p 00034000 00:62 10175371                   /home/ubuntu/.local/lib/python3.10/site-packages/numpy/linalg/_umath_linalg.cpython-310-x86_64-linux-gnu.so
7f07b1d3f000-7f07b1d40000 r--p 00000000 00:62 42020368                   /usr/lib/x86_64-linux-gnu/libutil.so.1
7f07b1d40000-7f07b1d41000 r-xp 00001000 00:62 42020368                   /usr/lib/x86_64-linux-gnu/libutil.so.1
7f07b1d41000-7f07b1d42000 r--p 00002000 00:62 42020368                   /usr/lib/x86_64-linux-gnu/libutil.so.1
7f07b1d42000-7f07b1d43000 r--p 00002000 00:62 42020368                   /usr/lib/x86_64-linux-gnu/libutil.so.1
7f07b1d43000-7f07b1d44000 rw-p 00003000 00:62 42020368                   /usr/lib/x86_64-linux-gnu/libutil.so.1
7f07b1d44000-7f07b1d47000 r--p 00000000 00:62 10159915                   /home/ubuntu/.local/lib/python3.10/site-packages/torch/lib/libshm.so
7f07b1d47000-7f07b1d4a000 r-xp 00003000 00:62 10159915                   /home/ubuntu/.local/lib/python3.10/site-packages/torch/lib/libshm.so
7f07b1d4a000-7f07b1d4b000 r--p 00006000 00:62 10159915                   /home/ubuntu/.local/lib/python3.10/site-packages/torch/lib/libshm.so
7f07b1d4b000-7f07b1d4c000 r--p 00006000 00:62 10159915                   /home/ubuntu/.local/lib/python3.10/site-packages/torch/lib/libshm.so
7f07b1d4c000-7f07b1d4d000 rw-p 00007000 00:62 10159915                   /home/ubuntu/.local/lib/python3.10/site-packages/torch/lib/libshm.so
7f07b1d4d000-7f07b1d4f000 rw-p 0000b000 00:62 10159915                   /home/ubuntu/.local/lib/python3.10/site-packages/torch/lib/libshm.so
7f07b1d4f000-7f07b1d5a000 r--p 00000000 00:62 10159916                   /home/ubuntu/.local/lib/python3.10/site-packages/torch/lib/libtorch.so
7f07b1d5a000-7f07b1d82000 r-xp 0000b000 00:62 10159916                   /home/ubuntu/.local/lib/python3.10/site-packages/torch/lib/libtorch.so
7f07b1d82000-7f07b1d8c000 r--p 00033000 00:62 10159916                   /home/ubuntu/.local/lib/python3.10/site-packages/torch/lib/libtorch.so
7f07b1d8c000-7f07b1d8d000 r--p 0003c000 00:62 10159916                   /home/ubuntu/.local/lib/python3.10/site-packages/torch/lib/libtorch.so
7f07b1d8d000-7f07b1d8e000 rw-p 0003d000 00:62 10159916                   /home/ubuntu/.local/lib/python3.10/site-packages/torch/lib/libtorch.so
7f07b1d8e000-7f07b1d94000 rw-p 0004e000 00:62 10159916                   /home/ubuntu/.local/lib/python3.10/site-packages/torch/lib/libtorch.so
7f07b1d94000-7f07b1d95000 r--p 00000000 00:62 10103858                   /home/ubuntu/.local/lib/python3.10/site-packages/torch/_C.cpython-310-x86_64-linux-gnu.so
7f07b1d95000-7f07b1d96000 r-xp 00001000 00:62 10103858                   /home/ubuntu/.local/lib/python3.10/site-packages/torch/_C.cpython-310-x86_64-linux-gnu.so
7f07b1d96000-7f07b1d97000 r--p 00002000 00:62 10103858                   /home/ubuntu/.local/lib/python3.10/site-packages/torch/_C.cpython-310-x86_64-linux-gnu.so
7f07b1d97000-7f07b1d98000 r--p 00002000 00:62 10103858                   /home/ubuntu/.local/lib/python3.10/site-packages/torch/_C.cpython-310-x86_64-linux-gnu.so
7f07b1d98000-7f07b1d99000 rw-p 00003000 00:62 10103858                   /home/ubuntu/.local/lib/python3.10/site-packages/torch/_C.cpython-310-x86_64-linux-gnu.so
7f07b1d99000-7f07b1d9a000 rw-p 00006000 00:62 10103858                   /home/ubuntu/.local/lib/python3.10/site-packages/torch/_C.cpython-310-x86_64-linux-gnu.so
7f07b1d9a000-7f07b1d9d000 r--p 00000000 00:62 25773383                   /usr/lib/x86_64-linux-gnu/libgcc_s.so.1
7f07b1d9d000-7f07b1db4000 r-xp 00003000 00:62 25773383                   /usr/lib/x86_64-linux-gnu/libgcc_s.so.1
7f07b1db4000-7f07b1db8000 r--p 0001a000 00:62 25773383                   /usr/lib/x86_64-linux-gnu/libgcc_s.so.1
7f07b1db8000-7f07b1db9000 r--p 0001d000 00:62 25773383                   /usr/lib/x86_64-linux-gnu/libgcc_s.so.1
7f07b1db9000-7f07b1dba000 rw-p 0001e000 00:62 25773383                   /usr/lib/x86_64-linux-gnu/libgcc_s.so.1
7f07b1dba000-7f07b1dbb000 r--p 00000000 00:62 42020364                   /usr/lib/x86_64-linux-gnu/librt.so.1
7f07b1dbb000-7f07b1dbc000 r-xp 00001000 00:62 42020364                   /usr/lib/x86_64-linux-gnu/librt.so.1
7f07b1dbc000-7f07b1dbd000 r--p 00002000 00:62 42020364                   /usr/lib/x86_64-linux-gnu/librt.so.1
7f07b1dbd000-7f07b1dbe000 r--p 00002000 00:62 42020364                   /usr/lib/x86_64-linux-gnu/librt.so.1
7f07b1dbe000-7f07b1dbf000 rw-p 00003000 00:62 42020364                   /usr/lib/x86_64-linux-gnu/librt.so.1
7f07b1dbf000-7f07b1dc0000 r--p 00000000 00:62 42020340                   /usr/lib/x86_64-linux-gnu/libdl.so.2
7f07b1dc0000-7f07b1dc1000 r-xp 00001000 00:62 42020340                   /usr/lib/x86_64-linux-gnu/libdl.so.2
7f07b1dc1000-7f07b1dc2000 r--p 00002000 00:62 42020340                   /usr/lib/x86_64-linux-gnu/libdl.so.2
7f07b1dc2000-7f07b1dc3000 r--p 00002000 00:62 42020340                   /usr/lib/x86_64-linux-gnu/libdl.so.2
7f07b1dc3000-7f07b1dc4000 rw-p 00003000 00:62 42020340                   /usr/lib/x86_64-linux-gnu/libdl.so.2
7f07b1dc4000-7f07b1dc5000 r--p 00000000 00:62 42020360                   /usr/lib/x86_64-linux-gnu/libpthread.so.0
7f07b1dc5000-7f07b1dc6000 r-xp 00001000 00:62 42020360                   /usr/lib/x86_64-linux-gnu/libpthread.so.0
7f07b1dc6000-7f07b1dc7000 r--p 00002000 00:62 42020360                   /usr/lib/x86_64-linux-gnu/libpthread.so.0
7f07b1dc7000-7f07b1dc8000 r--p 00002000 00:62 42020360                   /usr/lib/x86_64-linux-gnu/libpthread.so.0
7f07b1dc8000-7f07b1dc9000 rw-p 00003000 00:62 42020360                   /usr/lib/x86_64-linux-gnu/libpthread.so.0
7f07b1dc9000-7f07b1dca000 r--p 00000000 00:62 10159920                   /home/ubuntu/.local/lib/python3.10/site-packages/torch/lib/libtorch_global_deps.so
7f07b1dca000-7f07b1dcb000 r-xp 00001000 00:62 10159920                   /home/ubuntu/.local/lib/python3.10/site-packages/torch/lib/libtorch_global_deps.so
7f07b1dcb000-7f07b1dcc000 r--p 00002000 00:62 10159920                   /home/ubuntu/.local/lib/python3.10/site-packages/torch/lib/libtorch_global_deps.so
7f07b1dcc000-7f07b1dcd000 r--p 00002000 00:62 10159920                   /home/ubuntu/.local/lib/python3.10/site-packages/torch/lib/libtorch_global_deps.so
7f07b1dcd000-7f07b1dce000 rw-p 00003000 00:62 10159920                   /home/ubuntu/.local/lib/python3.10/site-packages/torch/lib/libtorch_global_deps.so
7f07b1dce000-7f07b1dcf000 rw-p 00004000 00:62 10159920                   /home/ubuntu/.local/lib/python3.10/site-packages/torch/lib/libtorch_global_deps.so
7f07b1dcf000-7f07b1dd2000 r--p 00000000 00:62 25773409                   /usr/lib/x86_64-linux-gnu/liblzma.so.5.2.5
7f07b1dd2000-7f07b1ded000 r-xp 00003000 00:62 25773409                   /usr/lib/x86_64-linux-gnu/liblzma.so.5.2.5
7f07b1ded000-7f07b1df8000 r--p 0001e000 00:62 25773409                   /usr/lib/x86_64-linux-gnu/liblzma.so.5.2.5
7f07b1df8000-7f07b1df9000 r--p 00028000 00:62 25773409                   /usr/lib/x86_64-linux-gnu/liblzma.so.5.2.5
7f07b1df9000-7f07b1dfa000 rw-p 00029000 00:62 25773409                   /usr/lib/x86_64-linux-gnu/liblzma.so.5.2.5
7f07b1dfa000-7f07b1dfd000 r--p 00000000 00:62 10045271                   /usr/lib/python3.10/lib-dynload/_lzma.cpython-310-x86_64-linux-gnu.so
7f07b1dfd000-7f07b1e01000 r-xp 00003000 00:62 10045271                   /usr/lib/python3.10/lib-dynload/_lzma.cpython-310-x86_64-linux-gnu.so
7f07b1e01000-7f07b1e04000 r--p 00007000 00:62 10045271                   /usr/lib/python3.10/lib-dynload/_lzma.cpython-310-x86_64-linux-gnu.so
7f07b1e04000-7f07b1e05000 r--p 00009000 00:62 10045271                   /usr/lib/python3.10/lib-dynload/_lzma.cpython-310-x86_64-linux-gnu.so
7f07b1e05000-7f07b1e06000 rw-p 0000a000 00:62 10045271                   /usr/lib/python3.10/lib-dynload/_lzma.cpython-310-x86_64-linux-gnu.so
7f07b1e06000-7f07b1e08000 r--p 00000000 00:62 25773357                   /usr/lib/x86_64-linux-gnu/libbz2.so.1.0.4
7f07b1e08000-7f07b1e15000 r-xp 00002000 00:62 25773357                   /usr/lib/x86_64-linux-gnu/libbz2.so.1.0.4
7f07b1e15000-7f07b1e17000 r--p 0000f000 00:62 25773357                   /usr/lib/x86_64-linux-gnu/libbz2.so.1.0.4
7f07b1e17000-7f07b1e18000 r--p 00010000 00:62 25773357                   /usr/lib/x86_64-linux-gnu/libbz2.so.1.0.4
7f07b1e18000-7f07b1e19000 rw-p 00011000 00:62 25773357                   /usr/lib/x86_64-linux-gnu/libbz2.so.1.0.4
7f07b1e19000-7f07b1e1b000 r--p 00000000 00:62 10045254                   /usr/lib/python3.10/lib-dynload/_bz2.cpython-310-x86_64-linux-gnu.so
7f07b1e1b000-7f07b1e1e000 r-xp 00002000 00:62 10045254                   /usr/lib/python3.10/lib-dynload/_bz2.cpython-310-x86_64-linux-gnu.so
7f07b1e1e000-7f07b1e20000 r--p 00005000 00:62 10045254                   /usr/lib/python3.10/lib-dynload/_bz2.cpython-310-x86_64-linux-gnu.so
7f07b1e20000-7f07b1e21000 r--p 00006000 00:62 10045254                   /usr/lib/python3.10/lib-dynload/_bz2.cpython-310-x86_64-linux-gnu.so
7f07b1e21000-7f07b1e22000 rw-p 00007000 00:62 10045254                   /usr/lib/python3.10/lib-dynload/_bz2.cpython-310-x86_64-linux-gnu.so
7f07b1e22000-7f07b2022000 rw-p 00000000 00:00 0 
7f07b2022000-7f07b2024000 r--p 00000000 00:62 25773378                   /usr/lib/x86_64-linux-gnu/libffi.so.8.1.0
7f07b2024000-7f07b202b000 r-xp 00002000 00:62 25773378                   /usr/lib/x86_64-linux-gnu/libffi.so.8.1.0
7f07b202b000-7f07b202c000 r--p 00009000 00:62 25773378                   /usr/lib/x86_64-linux-gnu/libffi.so.8.1.0
7f07b202c000-7f07b202d000 ---p 0000a000 00:62 25773378                   /usr/lib/x86_64-linux-gnu/libffi.so.8.1.0
7f07b202d000-7f07b202e000 r--p 0000a000 00:62 25773378                   /usr/lib/x86_64-linux-gnu/libffi.so.8.1.0
7f07b202e000-7f07b202f000 rw-p 0000b000 00:62 25773378                   /usr/lib/x86_64-linux-gnu/libffi.so.8.1.0
7f07b202f000-7f07b2030000 r--s 00000000 08:00 45646459                   /home/ubuntu/tbazzocchi/FRAG/MedRAG/corpus/wikipedia/index/bm25/_v.fdx
7f07b2030000-7f07b2032000 r--p 00000000 00:62 10045288                   /usr/lib/python3.10/lib-dynload/mmap.cpython-310-x86_64-linux-gnu.so
7f07b2032000-7f07b2035000 r-xp 00002000 00:62 10045288                   /usr/lib/python3.10/lib-dynload/mmap.cpython-310-x86_64-linux-gnu.so
7f07b2035000-7f07b2037000 r--p 00005000 00:62 10045288                   /usr/lib/python3.10/lib-dynload/mmap.cpython-310-x86_64-linux-gnu.so
7f07b2037000-7f07b2038000 r--p 00006000 00:62 10045288                   /usr/lib/python3.10/lib-dynload/mmap.cpython-310-x86_64-linux-gnu.so
7f07b2038000-7f07b2039000 rw-p 00007000 00:62 10045288                   /usr/lib/python3.10/lib-dynload/mmap.cpython-310-x86_64-linux-gnu.so
7f07b2039000-7f07b203a000 r--p 00000000 00:62 10174975                   /home/ubuntu/.local/lib/python3.10/site-packages/numpy/fft/_pocketfft_internal.cpython-310-x86_64-linux-gnu.so
7f07b203a000-7f07b204d000 r-xp 00001000 00:62 10174975                   /home/ubuntu/.local/lib/python3.10/site-packages/numpy/fft/_pocketfft_internal.cpython-310-x86_64-linux-gnu.so
7f07b204d000-7f07b204f000 r--p 00014000 00:62 10174975                   /home/ubuntu/.local/lib/python3.10/site-packages/numpy/fft/_pocketfft_internal.cpython-310-x86_64-linux-gnu.so
7f07b204f000-7f07b2050000 r--p 00015000 00:62 10174975                   /home/ubuntu/.local/lib/python3.10/site-packages/numpy/fft/_pocketfft_internal.cpython-310-x86_64-linux-gnu.so
7f07b2050000-7f07b2051000 rw-p 00016000 00:62 10174975                   /home/ubuntu/.local/lib/python3.10/site-packages/numpy/fft/_pocketfft_internal.cpython-310-x86_64-linux-gnu.so
7f07b2051000-7f07b2058000 r--p 00000000 00:62 10175495                   /home/ubuntu/.local/lib/python3.10/site-packages/numpy/core/_multiarray_tests.cpython-310-x86_64-linux-gnu.so
7f07b2058000-7f07b206f000 r-xp 00007000 00:62 10175495                   /home/ubuntu/.local/lib/python3.10/site-packages/numpy/core/_multiarray_tests.cpython-310-x86_64-linux-gnu.so
7f07b206f000-7f07b2075000 r--p 0001e000 00:62 10175495                   /home/ubuntu/.local/lib/python3.10/site-packages/numpy/core/_multiarray_tests.cpython-310-x86_64-linux-gnu.so
7f07b2075000-7f07b2076000 r--p 00023000 00:62 10175495                   /home/ubuntu/.local/lib/python3.10/site-packages/numpy/core/_multiarray_tests.cpython-310-x86_64-linux-gnu.so
7f07b2076000-7f07b2078000 rw-p 00024000 00:62 10175495                   /home/ubuntu/.local/lib/python3.10/site-packages/numpy/core/_multiarray_tests.cpython-310-x86_64-linux-gnu.so
7f07b2078000-7f07b2079000 r--p 00000000 00:62 10045261                   /usr/lib/python3.10/lib-dynload/_contextvars.cpython-310-x86_64-linux-gnu.so
7f07b2079000-7f07b207a000 r-xp 00001000 00:62 10045261                   /usr/lib/python3.10/lib-dynload/_contextvars.cpython-310-x86_64-linux-gnu.so
7f07b207a000-7f07b207b000 r--p 00002000 00:62 10045261                   /usr/lib/python3.10/lib-dynload/_contextvars.cpython-310-x86_64-linux-gnu.so
7f07b207b000-7f07b207c000 r--p 00002000 00:62 10045261                   /usr/lib/python3.10/lib-dynload/_contextvars.cpython-310-x86_64-linux-gnu.so
7f07b207c000-7f07b207d000 rw-p 00003000 00:62 10045261                   /usr/lib/python3.10/lib-dynload/_contextvars.cpython-310-x86_64-linux-gnu.so
7f07b207d000-7f07b217d000 rw-p 00000000 00:00 0 
7f07b217d000-7f07b217f000 r--p 00000000 00:62 10045269                   /usr/lib/python3.10/lib-dynload/_json.cpython-310-x86_64-linux-gnu.so
7f07b217f000-7f07b2186000 r-xp 00002000 00:62 10045269                   /usr/lib/python3.10/lib-dynload/_json.cpython-310-x86_64-linux-gnu.so
7f07b2186000-7f07b2188000 r--p 00009000 00:62 10045269                   /usr/lib/python3.10/lib-dynload/_json.cpython-310-x86_64-linux-gnu.so
7f07b2188000-7f07b2189000 r--p 0000a000 00:62 10045269                   /usr/lib/python3.10/lib-dynload/_json.cpython-310-x86_64-linux-gnu.so
7f07b2189000-7f07b218a000 rw-p 0000b000 00:62 10045269                   /usr/lib/python3.10/lib-dynload/_json.cpython-310-x86_64-linux-gnu.so
7f07b218a000-7f07b228a000 rw-p 00000000 00:00 0 
7f07b228a000-7f07b228b000 r--s 00000000 08:00 45646370                   /home/ubuntu/tbazzocchi/FRAG/MedRAG/corpus/wikipedia/index/bm25/_y.fdx
7f07b228b000-7f07b228c000 rw-s 00000000 00:69 23                         /dev/shm/sem.kWcDwf (deleted)
7f07b228c000-7f07b228d000 ---p 00000000 00:00 0 
7f07b228d000-7f07b228e000 r--p 00000000 00:00 0 
7f07b228e000-7f07b2294000 r--p 00000000 00:62 10045263                   /usr/lib/python3.10/lib-dynload/_ctypes.cpython-310-x86_64-linux-gnu.so
7f07b2294000-7f07b22a4000 r-xp 00006000 00:62 10045263                   /usr/lib/python3.10/lib-dynload/_ctypes.cpython-310-x86_64-linux-gnu.so
7f07b22a4000-7f07b22aa000 r--p 00016000 00:62 10045263                   /usr/lib/python3.10/lib-dynload/_ctypes.cpython-310-x86_64-linux-gnu.so
7f07b22aa000-7f07b22ab000 r--p 0001b000 00:62 10045263                   /usr/lib/python3.10/lib-dynload/_ctypes.cpython-310-x86_64-linux-gnu.so
7f07b22ab000-7f07b22af000 rw-p 0001c000 00:62 10045263                   /usr/lib/python3.10/lib-dynload/_ctypes.cpython-310-x86_64-linux-gnu.so
7f07b22af000-7f07b2511000 rw-p 00000000 00:00 0 
7f07b2511000-7f07b2518000 r--s 00000000 00:62 42020870                   /usr/lib/x86_64-linux-gnu/gconv/gconv-modules.cache
7f07b2518000-7f07b256f000 r--p 00000000 00:62 25642035                   /usr/lib/locale/C.utf8/LC_CTYPE
7f07b256f000-7f07b2571000 rw-p 00000000 00:00 0 
7f07b2571000-7f07b2599000 r--p 00000000 00:62 42020336                   /usr/lib/x86_64-linux-gnu/libc.so.6
7f07b2599000-7f07b272e000 r-xp 00028000 00:62 42020336                   /usr/lib/x86_64-linux-gnu/libc.so.6
7f07b272e000-7f07b2786000 r--p 001bd000 00:62 42020336                   /usr/lib/x86_64-linux-gnu/libc.so.6
7f07b2786000-7f07b2787000 ---p 00215000 00:62 42020336                   /usr/lib/x86_64-linux-gnu/libc.so.6
7f07b2787000-7f07b278b000 r--p 00215000 00:62 42020336                   /usr/lib/x86_64-linux-gnu/libc.so.6
7f07b278b000-7f07b278d000 rw-p 00219000 00:62 42020336                   /usr/lib/x86_64-linux-gnu/libc.so.6
7f07b278d000-7f07b279a000 rw-p 00000000 00:00 0 
7f07b279a000-7f07b279c000 r--p 00000000 00:62 25773489                   /usr/lib/x86_64-linux-gnu/libz.so.1.2.11
7f07b279c000-7f07b27ad000 r-xp 00002000 00:62 25773489                   /usr/lib/x86_64-linux-gnu/libz.so.1.2.11
7f07b27ad000-7f07b27b3000 r--p 00013000 00:62 25773489                   /usr/lib/x86_64-linux-gnu/libz.so.1.2.11
7f07b27b3000-7f07b27b4000 ---p 00019000 00:62 25773489                   /usr/lib/x86_64-linux-gnu/libz.so.1.2.11
7f07b27b4000-7f07b27b5000 r--p 00019000 00:62 25773489                   /usr/lib/x86_64-linux-gnu/libz.so.1.2.11
7f07b27b5000-7f07b27b6000 rw-p 0001a000 00:62 25773489                   /usr/lib/x86_64-linux-gnu/libz.so.1.2.11
7f07b27b6000-7f07b27ba000 r--p 00000000 00:62 9914585                    /usr/lib/x86_64-linux-gnu/libexpat.so.1.8.7
7f07b27ba000-7f07b27d9000 r-xp 00004000 00:62 9914585                    /usr/lib/x86_64-linux-gnu/libexpat.so.1.8.7
7f07b27d9000-7f07b27e3000 r--p 00023000 00:62 9914585                    /usr/lib/x86_64-linux-gnu/libexpat.so.1.8.7
7f07b27e3000-7f07b27e4000 ---p 0002d000 00:62 9914585                    /usr/lib/x86_64-linux-gnu/libexpat.so.1.8.7
7f07b27e4000-7f07b27e6000 r--p 0002d000 00:62 9914585                    /usr/lib/x86_64-linux-gnu/libexpat.so.1.8.7
7f07b27e6000-7f07b27e7000 rw-p 0002f000 00:62 9914585                    /usr/lib/x86_64-linux-gnu/libexpat.so.1.8.7
7f07b27e7000-7f07b27f5000 r--p 00000000 00:62 42020342                   /usr/lib/x86_64-linux-gnu/libm.so.6
7f07b27f5000-7f07b2871000 r-xp 0000e000 00:62 42020342                   /usr/lib/x86_64-linux-gnu/libm.so.6
7f07b2871000-7f07b28cc000 r--p 0008a000 00:62 42020342                   /usr/lib/x86_64-linux-gnu/libm.so.6
7f07b28cc000-7f07b28cd000 r--p 000e4000 00:62 42020342                   /usr/lib/x86_64-linux-gnu/libm.so.6
7f07b28cd000-7f07b28ce000 rw-p 000e5000 00:62 42020342                   /usr/lib/x86_64-linux-gnu/libm.so.6
7f07b28ce000-7f07b28cf000 r--p 00000000 00:62 10045507                   /usr/lib/python3.10/lib-dynload/_opcode.cpython-310-x86_64-linux-gnu.so
7f07b28cf000-7f07b28d0000 r-xp 00001000 00:62 10045507                   /usr/lib/python3.10/lib-dynload/_opcode.cpython-310-x86_64-linux-gnu.so
7f07b28d0000-7f07b28d1000 r--p 00002000 00:62 10045507                   /usr/lib/python3.10/lib-dynload/_opcode.cpython-310-x86_64-linux-gnu.so
7f07b28d1000-7f07b28d2000 r--p 00002000 00:62 10045507                   /usr/lib/python3.10/lib-dynload/_opcode.cpython-310-x86_64-linux-gnu.so
7f07b28d2000-7f07b28d3000 rw-p 00003000 00:62 10045507                   /usr/lib/python3.10/lib-dynload/_opcode.cpython-310-x86_64-linux-gnu.so
7f07b28d3000-7f07b28d5000 rw-p 00000000 00:00 0 
7f07b28d5000-7f07b28d7000 r--p 00000000 00:62 42020330                   /usr/lib/x86_64-linux-gnu/ld-linux-x86-64.so.2
7f07b28d7000-7f07b2901000 r-xp 00002000 00:62 42020330                   /usr/lib/x86_64-linux-gnu/ld-linux-x86-64.so.2
7f07b2901000-7f07b290c000 r--p 0002c000 00:62 42020330                   /usr/lib/x86_64-linux-gnu/ld-linux-x86-64.so.2
7f07b290c000-7f07b290d000 ---p 00000000 00:00 0 
7f07b290d000-7f07b290f000 r--p 00037000 00:62 42020330                   /usr/lib/x86_64-linux-gnu/ld-linux-x86-64.so.2
7f07b290f000-7f07b2911000 rw-p 00039000 00:62 42020330                   /usr/lib/x86_64-linux-gnu/ld-linux-x86-64.so.2
7fff9e69b000-7fff9e69f000 ---p 00000000 00:00 0 
7fff9e69f000-7fff9e79b000 rw-p 00000000 00:00 0                          [stack]
7fff9e7e7000-7fff9e7eb000 r--p 00000000 00:00 0                          [vvar]
7fff9e7eb000-7fff9e7ed000 r-xp 00000000 00:00 0                          [vdso]
ffffffffff600000-ffffffffff601000 --xp 00000000 00:00 0                  [vsyscall]


VM Arguments:
java_command: <unknown>
java_class_path (initial): /home/ubuntu/.local/lib/python3.10/site-packages/pyserini/resources/jars/anserini-0.22.1-fatjar.jar:/home/ubuntu/.local/lib/python3.10/site-packages/jnius/src
Launcher Type: generic

[Global flags]
     intx CICompilerCount                          = 12                                        {product} {ergonomic}
     uint ConcGCThreads                            = 4                                         {product} {ergonomic}
     uint G1ConcRefinementThreads                  = 15                                        {product} {ergonomic}
   size_t G1HeapRegionSize                         = 16777216                                  {product} {ergonomic}
    uintx GCDrainStackTargetSize                   = 64                                        {product} {ergonomic}
   size_t InitialHeapSize                          = 2147483648                                {product} {ergonomic}
   size_t MarkStackSize                            = 4194304                                   {product} {ergonomic}
   size_t MaxHeapSize                              = 32178700288                               {product} {ergonomic}
   size_t MaxNewSize                               = 19293798400                               {product} {ergonomic}
   size_t MinHeapDeltaBytes                        = 16777216                                  {product} {ergonomic}
   size_t MinHeapSize                              = 16777216                                  {product} {ergonomic}
    uintx NonNMethodCodeHeapSize                   = 7602480                                {pd product} {ergonomic}
    uintx NonProfiledCodeHeapSize                  = 122027880                              {pd product} {ergonomic}
    uintx ProfiledCodeHeapSize                     = 122027880                              {pd product} {ergonomic}
    uintx ReservedCodeCacheSize                    = 251658240                              {pd product} {ergonomic}
     bool SegmentedCodeCache                       = true                                      {product} {ergonomic}
   size_t SoftMaxHeapSize                          = 32178700288                            {manageable} {ergonomic}
     bool UseCompressedClassPointers               = true                           {product lp64_product} {ergonomic}
     bool UseCompressedOops                        = true                           {product lp64_product} {ergonomic}
     bool UseG1GC                                  = true                                      {product} {ergonomic}

Logging:
Log output configuration:
 #0: stdout all=off uptime,level,tags
 #1: stderr all=off uptime,level,tags

Environment Variables:
PATH=/home/ubuntu/.local/bin:/usr/local/sbin:/usr/local/bin:/usr/sbin:/usr/bin:/sbin:/bin:/usr/games:/usr/local/games:/snap/bin
SHELL=/bin/bash
LC_CTYPE=C.UTF-8
TERM=xterm-256color

Active Locale:
LC_ALL=LC_CTYPE=C.UTF-8;LC_NUMERIC=C;LC_TIME=C;LC_COLLATE=C;LC_MONETARY=C;LC_MESSAGES=C;LC_PAPER=C;LC_NAME=C;LC_ADDRESS=C;LC_TELEPHONE=C;LC_MEASUREMENT=C;LC_IDENTIFICATION=C
LC_COLLATE=C
LC_CTYPE=C.UTF-8
LC_MESSAGES=C
LC_MONETARY=C
LC_NUMERIC=C
LC_TIME=C

Signal Handlers:
   SIGSEGV: crash_handler in libjvm.so, mask=11100100010111111101111111111110, flags=SA_RESTART|SA_SIGINFO, unblocked
    SIGBUS: crash_handler in libjvm.so, mask=11100100010111111101111111111110, flags=SA_RESTART|SA_SIGINFO, unblocked
    SIGFPE: crash_handler in libjvm.so, mask=11100100010111111101111111111110, flags=SA_RESTART|SA_SIGINFO, unblocked
   SIGPIPE: javaSignalHandler in libjvm.so, mask=11100100010111111101111111111110, flags=SA_RESTART|SA_SIGINFO, blocked
  *** Handler was modified!
  *** Expected: 0x000055d827ca38e0, mask=00000111110001010011010000010100, flags=SA_RESTART|SA_SIGINFO
   SIGXFSZ: javaSignalHandler in libjvm.so, mask=11100100010111111101111111111110, flags=SA_RESTART|SA_SIGINFO, blocked
  *** Handler was modified!
  *** Expected: 0x000055d827c7ec60, mask=00001000111110101110010011100100, flags=SA_RESTART|SA_SIGINFO
    SIGILL: crash_handler in libjvm.so, mask=11100100010111111101111111111110, flags=SA_RESTART|SA_SIGINFO, unblocked
   SIGUSR2: SR_handler in libjvm.so, mask=00100000000000000000000000000000, flags=SA_RESTART|SA_SIGINFO, blocked
  *** Handler was modified!
  *** Expected: 0x000055d827a0e8e0, mask=00000110001101111110001111100100, flags=SA_RESTART|SA_SIGINFO
    SIGHUP: UserHandler in libjvm.so, mask=11100100010111111101111111111110, flags=SA_RESTART|SA_SIGINFO, blocked
    SIGINT: UserHandler in libjvm.so, mask=11100100010111111101111111111110, flags=SA_RESTART|SA_SIGINFO, blocked
   SIGTERM: UserHandler in libjvm.so, mask=11100100010111111101111111111110, flags=SA_RESTART|SA_SIGINFO, blocked
   SIGQUIT: UserHandler in libjvm.so, mask=11100100010111111101111111111110, flags=SA_RESTART|SA_SIGINFO, blocked
   SIGTRAP: crash_handler in libjvm.so, mask=11100100010111111101111111111110, flags=SA_RESTART|SA_SIGINFO, unblocked


Periodic native trim disabled


---------------  S Y S T E M  ---------------

OS:
DISTRIB_ID=Ubuntu
DISTRIB_RELEASE=22.04
DISTRIB_CODENAME=jammy
DISTRIB_DESCRIPTION="Ubuntu 22.04.4 LTS"
uname: Linux 5.15.0-141-generic #151-Ubuntu SMP Sun May 18 21:35:19 UTC 2025 x86_64
OS uptime: 13 days 1:52 hours
libc: glibc 2.35 NPTL 2.35 
rlimit (soft/hard): STACK 8192k/infinity , CORE infinity/infinity , NPROC infinity/infinity , NOFILE 1048576/1048576 , AS infinity/infinity , CPU infinity/infinity , DATA infinity/infinity , FSIZE infinity/infinity , MEMLOCK 64k/64k
load average: 6.38 8.85 8.02

/proc/meminfo:
MemTotal:       395722488 kB
MemFree:        108028908 kB
MemAvailable:   281779604 kB
Buffers:         6185224 kB
Cached:         157551324 kB
SwapCached:         2036 kB
Active:         112641884 kB
Inactive:       159382692 kB
Active(anon):      16032 kB
Inactive(anon): 108309468 kB
Active(file):   112625852 kB
Inactive(file): 51073224 kB
Unevictable:           0 kB
Mlocked:               0 kB
SwapTotal:      268435452 kB
SwapFree:       268392956 kB
Dirty:              2420 kB
Writeback:             0 kB
AnonPages:      108287360 kB
Mapped:          4181968 kB
Shmem:             37560 kB
KReclaimable:   13059452 kB
Slab:           14425976 kB
SReclaimable:   13059452 kB
SUnreclaim:      1366524 kB
KernelStack:       28304 kB
PageTables:       389604 kB
NFS_Unstable:          0 kB
Bounce:                0 kB
WritebackTmp:          0 kB
CommitLimit:    466296696 kB
Committed_AS:   121505788 kB
VmallocTotal:   34359738367 kB
VmallocUsed:      249788 kB
VmallocChunk:          0 kB
Percpu:            36960 kB
HardwareCorrupted:     0 kB
AnonHugePages:         0 kB
ShmemHugePages:        0 kB
ShmemPmdMapped:        0 kB
FileHugePages:         0 kB
FilePmdMapped:         0 kB
HugePages_Total:       0
HugePages_Free:        0
HugePages_Rsvd:        0
HugePages_Surp:        0
Hugepagesize:       2048 kB
Hugetlb:               0 kB
DirectMap4k:     4348848 kB
DirectMap2M:    145272832 kB
DirectMap1G:    252706816 kB

/sys/kernel/mm/transparent_hugepage/enabled: always [madvise] never
/sys/kernel/mm/transparent_hugepage/hpage_pmd_size: 2097152
/sys/kernel/mm/transparent_hugepage/defrag (defrag/compaction efforts parameter): always defer defer+madvise [madvise] never

Process Memory:
Virtual Size: 135693100K (peak: 155505740K)
Resident Set Size: 48357844K (peak: 71984536K) (anon: 47143960K, file: 1197236K, shmem: 16648K)
Swapped out: 0K
C-Heap outstanding allocations: 28701675K, retained: 455988K
glibc malloc tunables: (default)

/proc/sys/kernel/threads-max (system-wide limit on the number of threads): 3089982
/proc/sys/vm/max_map_count (maximum number of memory map areas a process may have): 65530
/proc/sys/vm/swappiness (control to define how aggressively the kernel swaps out anonymous memory): 60
/proc/sys/kernel/pid_max (system-wide limit on number of process identifiers): 4194304

container (cgroup) information:
container_type: cgroupv2
cpu_cpuset_cpus: not supported
cpu_memory_nodes: not supported
active_processor_count: 20
cpu_quota: no quota
cpu_period: 100000
cpu_shares: no shares
memory_limit_in_bytes: unlimited
memory_and_swap_limit_in_bytes: unlimited
memory_soft_limit_in_bytes: 0
memory_usage_in_bytes: 49665716 k
memory_max_usage_in_bytes: not supported
memory_swap_current_in_bytes: 4 k
memory_swap_max_limit_in_bytes: unlimited
maximum number of tasks: 463497
current number of tasks: 233

Steal ticks since vm start: 0
Steal ticks percentage since vm start:  0.000

CPU: total 20 (initial active 20) (10 cores per cpu, 2 threads per core) family 6 model 85 stepping 7 microcode 0x5003901, cx8, cmov, fxsr, ht, mmx, 3dnowpref, sse, sse2, sse3, ssse3, sse4.1, sse4.2, popcnt, lzcnt, tsc, tscinvbit, avx, avx2, aes, erms, clmul, bmi1, bmi2, adx, avx512f, avx512dq, avx512cd, avx512bw, avx512vl, fma, vzeroupper, avx512_vnni, clflush, clflushopt, clwb
CPU Model and flags from /proc/cpuinfo:
model name	: Intel(R) Xeon(R) W-2255 CPU @ 3.70GHz
flags		: fpu vme de pse tsc msr pae mce cx8 apic sep mtrr pge mca cmov pat pse36 clflush dts acpi mmx fxsr sse sse2 ss ht tm pbe syscall nx pdpe1gb rdtscp lm constant_tsc art arch_perfmon pebs bts rep_good nopl xtopology nonstop_tsc cpuid aperfmperf pni pclmulqdq dtes64 monitor ds_cpl vmx smx est tm2 ssse3 sdbg fma cx16 xtpr pdcm pcid dca sse4_1 sse4_2 x2apic movbe popcnt tsc_deadline_timer aes xsave avx f16c rdrand lahf_lm abm 3dnowprefetch cpuid_fault epb cat_l3 cdp_l3 invpcid_single intel_ppin ssbd mba ibrs ibpb stibp ibrs_enhanced tpr_shadow vnmi flexpriority ept vpid ept_ad fsgsbase tsc_adjust bmi1 avx2 smep bmi2 erms invpcid cqm mpx rdt_a avx512f avx512dq rdseed adx smap clflushopt clwb intel_pt avx512cd avx512bw avx512vl xsaveopt xsavec xgetbv1 xsaves cqm_llc cqm_occup_llc cqm_mbm_total cqm_mbm_local dtherm ida arat pln pts hwp hwp_act_window hwp_epp hwp_pkg_req avx512_vnni md_clear flush_l1d arch_capabilities

Online cpus: 0-19
Offline cpus: 
BIOS frequency limitation: <Not Available>
Frequency switch latency (ns): 0
Available cpu frequencies: <Not Available>
Current governor: powersave
Core performance/turbo boost: <Not Available>

Memory: 4k page, physical 395722488k(106948108k free), swap 268435452k(268392956k free)
Page Sizes: 4k

vm_info: OpenJDK 64-Bit Server VM (17.0.16+8-Ubuntu-0ubuntu122.04.1) for linux-amd64 JRE (17.0.16+8-Ubuntu-0ubuntu122.04.1), built on Jul 17 2025 00:00:46 by "buildd" with gcc 11.4.0

END.
