#
# A fatal error has been detected by the Java Runtime Environment:
#
#  SIGSEGV (0xb) at pc=0x00007032f0c810b4, pid=2162, tid=2162
#
# JRE version: OpenJDK Runtime Environment (17.0.16+8) (build 17.0.16+8-Ubuntu-0ubuntu122.04.1)
# Java VM: OpenJDK 64-Bit Server VM (17.0.16+8-Ubuntu-0ubuntu122.04.1, mixed mode, sharing, tiered, compressed oops, compressed class ptrs, g1 gc, linux-amd64)
# Problematic frame:
# C  0xca43fd9ac0892200
#
# Core dump will be written. Default location: Core dumps may be processed with "/usr/share/apport/apport -p%p -s%s -c%c -d%d -P%P -u%u -g%g -F%F -- %E" (or dumping to /home/ubuntu/tbazzocchi/FRAG/MedRAG/core.2162)
#
# If you would like to submit a bug report, please visit:
#   https://bugs.launchpad.net/ubuntu/+source/openjdk-17
# The crash happened outside the Java Virtual Machine in native code.
# See problematic frame for where to report the bug.
#

---------------  S U M M A R Y ------------

Command Line: 

Host: Intel(R) Xeon(R) W-2255 CPU @ 3.70GHz, 20 cores, 377G, Ubuntu 22.04.4 LTS
Time: Fri Dec 19 15:31:03 2025 UTC elapsed time: 3863.008740 seconds (0d 1h 4m 23s)

---------------  T H R E A D  ---------------

Current thread (0x00006142e44e66d0):  JavaThread "main" [_thread_in_native, id=2162, stack(0x00007ffd346f5000,0x00007ffd347f5000)]

Stack: [0x00007ffd346f5000,0x00007ffd347f5000],  sp=0x00007ffd347ebed0,  free space=987k
Native frames: (J=compiled Java code, j=interpreted, Vv=VM code, C=native code)
C  0xca43fd9ac0892200


siginfo: si_signo: 11 (SIGSEGV), si_code: 2 (SEGV_ACCERR), si_addr: 0x00007032f0c810b4

Registers:
RAX=0x0000000000000034, RBX=0x0000614989fea900, RCX=0x0000614957254240, RDX=0x0000000000000300
RSP=0x00007ffd347ebec8, RBP=0x0000614989fea93c, RSI=0x0000000000000134, RDI=0x0000000000000030
R8 =0x0000614957237200, R9 =0x0000614957477200, R10=0x0000614989f0a9c0, R11=0x0000000000004000
R12=0x00000000000000fc, R13=0x0000000000000030, R14=0x000061495723c600, R15=0x000061495748d000
RIP=0x00007032f0c810b4, EFLAGS=0x0000000000010202, CSGSFS=0x002b000000000033, ERR=0x0000000000000015
  TRAPNO=0x000000000000000e

XMM[0]=0xbb1f3caa3b88bb43 0x3c573c9cbcd4bc6d
XMM[1]=0x3c7b3ba7bbfbba87 0x3940bbdb3c5fba90
XMM[2]=0xbc34bb333a1cbc34 0x3bdf3aac3c0cbc5f
XMM[3]=0x3ba70000ba870000 0xbbdb0000ba900000
XMM[4]=0xba313abdba313abd 0xba313abdba313abd
XMM[5]=0xb8943b60b8943b60 0xb8943b60b8943b60
XMM[6]=0xffffba31ffffba31 0xffffba31ffffba31
XMM[7]=0x0000000000000000 0x0000000000000000
XMM[8]=0x3a8fe5883b8b587b 0x3bdec56abb142599
XMM[9]=0xbb08383dba57ea98 0x3b04ceecba85a1c8
XMM[10]=0xbac720883b15320d 0xb916af20ba753310
XMM[11]=0x39e876923a7378f0 0xbb19af3abafe5a3f
XMM[12]=0xba3b9e87ba8ba020 0x397f4698bb431e1a
XMM[13]=0xbb8b6715ba24800a 0x3ab140123a15bc86
XMM[14]=0xbb31e7b93a65b990 0x3a890b99ba5c1003
XMM[15]=0xbb2401dd3a1102ab 0xb9691f28ba8d6c1a
  MXCSR=0x00001fa3


Register to memory mapping:

RAX=0x0000000000000034 is an unknown value
RBX=0x0000614989fea900 points into unknown readable memory: 0x3ab9eb1cbbd65d03 | 03 5d d6 bb 1c eb b9 3a
RCX=0x0000614957254240 points into unknown readable memory: 0xbbac3b183a8cbc1d | 1d bc 8c 3a 18 3b ac bb
RDX=0x0000000000000300 is an unknown value
RSP=0x00007ffd347ebec8 is pointing into the stack for thread: 0x00006142e44e66d0
RBP=0x0000614989fea93c points into unknown readable memory: db ea 1d 3c
RSI=0x0000000000000134 is an unknown value
RDI=0x0000000000000030 is an unknown value
R8 =0x0000614957237200 points into unknown readable memory: 0xbc5a3b9a3c043c8e | 8e 3c 04 3c 9a 3b 5a bc
R9 =0x0000614957477200 points into unknown readable memory: 0xb7263a813b9b3a88 | 88 3a 9b 3b 81 3a 26 b7
R10=0x0000614989f0a9c0 points into unknown readable memory: 0xbb1623d93ba7d416 | 16 d4 a7 3b d9 23 16 bb
R11=0x0000000000004000 is an unknown value
R12=0x00000000000000fc is an unknown value
R13=0x0000000000000030 is an unknown value
R14=0x000061495723c600 points into unknown readable memory: 0x3bdf3aac3c0cbc5f | 5f bc 0c 3c ac 3a df 3b
R15=0x000061495748d000 points into unknown readable memory: 0x3ba23a9abbf23aa7 | a7 3a f2 bb 9a 3a a2 3b


Top of Stack: (sp=0x00007ffd347ebec8)
0x00007ffd347ebec8:   ca43fd9ac0892200 000000000000355e
0x00007ffd347ebed8:   ffffffffffffff80 0000000000000000
0x00007ffd347ebee8:   0000614340d4f190 00006142d8479d00
0x00007ffd347ebef8:   0000614957508000 0000614957507000
0x00007ffd347ebf08:   0000000000000004 00007ffd347ec010
0x00007ffd347ebf18:   00007035ca5fb64e 0000614989f0a900
0x00007ffd347ebf28:   0000000000001000 0000614957507000
0x00007ffd347ebf38:   0000614957508000 0000000000003503
0x00007ffd347ebf48:   00000000000006a0 0000000000000004
0x00007ffd347ebf58:   00007ffd347ec390 0000614989f0a900
0x00007ffd347ebf68:   0000614957477000 0000614957237000
0x00007ffd347ebf78:   0000000000000004 3f8000003f800000
0x00007ffd347ebf88:   0000000000000300 0000000000000134
0x00007ffd347ebf98:   0000000000000030 00006142d8479d00
0x00007ffd347ebfa8:   00006142d8479d04 00006142d8479d04
0x00007ffd347ebfb8:   0000000000000080 0000614340d4f190
0x00007ffd347ebfc8:   0000614340d4f194 0000614340d4f194
0x00007ffd347ebfd8:   ca43fd9ac0892200 00007ffd347ec390
0x00007ffd347ebfe8:   0000000000000000 0000000000000a20
0x00007ffd347ebff8:   0000614989f0a900 0000000000000a20
0x00007ffd347ec008:   0000000000000000 00007ffd347ec1d0
0x00007ffd347ec018:   00007035ca5fc3b2 0000000000001000
0x00007ffd347ec028:   0000614957508000 0000614957507000
0x00007ffd347ec038:   00007ffd347ec390 00007ffd347ec060
0x00007ffd347ec048:   0000000000000300 0000000000001000
0x00007ffd347ec058:   0000000000001020 0000614956e6a380
0x00007ffd347ec068:   0000701bb8777040 0000000000001200
0x00007ffd347ec078:   0000000000000001 0000000000000001
0x00007ffd347ec088:   0000000000003800 0000000000004000
0x00007ffd347ec098:   0000701e8af44530 0000000000001200
0x00007ffd347ec0a8:   0000000000003800 0000000000003800
0x00007ffd347ec0b8:   0000000000004840 0000701e3f800000 

Instructions: (pc=0xca43fd9ac0892200)
0xca43fd9ac0892100:   ?? ?? ?? ?? ?? ?? ?? ?? ?? ?? ?? ?? ?? ?? ?? ??
0xca43fd9ac0892110:   ?? ?? ?? ?? ?? ?? ?? ?? ?? ?? ?? ?? ?? ?? ?? ??
0xca43fd9ac0892120:   ?? ?? ?? ?? ?? ?? ?? ?? ?? ?? ?? ?? ?? ?? ?? ??
0xca43fd9ac0892130:   ?? ?? ?? ?? ?? ?? ?? ?? ?? ?? ?? ?? ?? ?? ?? ??
0xca43fd9ac0892140:   ?? ?? ?? ?? ?? ?? ?? ?? ?? ?? ?? ?? ?? ?? ?? ??
0xca43fd9ac0892150:   ?? ?? ?? ?? ?? ?? ?? ?? ?? ?? ?? ?? ?? ?? ?? ??
0xca43fd9ac0892160:   ?? ?? ?? ?? ?? ?? ?? ?? ?? ?? ?? ?? ?? ?? ?? ??
0xca43fd9ac0892170:   ?? ?? ?? ?? ?? ?? ?? ?? ?? ?? ?? ?? ?? ?? ?? ??
0xca43fd9ac0892180:   ?? ?? ?? ?? ?? ?? ?? ?? ?? ?? ?? ?? ?? ?? ?? ??
0xca43fd9ac0892190:   ?? ?? ?? ?? ?? ?? ?? ?? ?? ?? ?? ?? ?? ?? ?? ??
0xca43fd9ac08921a0:   ?? ?? ?? ?? ?? ?? ?? ?? ?? ?? ?? ?? ?? ?? ?? ??
0xca43fd9ac08921b0:   ?? ?? ?? ?? ?? ?? ?? ?? ?? ?? ?? ?? ?? ?? ?? ??
0xca43fd9ac08921c0:   ?? ?? ?? ?? ?? ?? ?? ?? ?? ?? ?? ?? ?? ?? ?? ??
0xca43fd9ac08921d0:   ?? ?? ?? ?? ?? ?? ?? ?? ?? ?? ?? ?? ?? ?? ?? ??
0xca43fd9ac08921e0:   ?? ?? ?? ?? ?? ?? ?? ?? ?? ?? ?? ?? ?? ?? ?? ??
0xca43fd9ac08921f0:   ?? ?? ?? ?? ?? ?? ?? ?? ?? ?? ?? ?? ?? ?? ?? ??
0xca43fd9ac0892200:   ?? ?? ?? ?? ?? ?? ?? ?? ?? ?? ?? ?? ?? ?? ?? ??
0xca43fd9ac0892210:   ?? ?? ?? ?? ?? ?? ?? ?? ?? ?? ?? ?? ?? ?? ?? ??
0xca43fd9ac0892220:   ?? ?? ?? ?? ?? ?? ?? ?? ?? ?? ?? ?? ?? ?? ?? ??
0xca43fd9ac0892230:   ?? ?? ?? ?? ?? ?? ?? ?? ?? ?? ?? ?? ?? ?? ?? ??
0xca43fd9ac0892240:   ?? ?? ?? ?? ?? ?? ?? ?? ?? ?? ?? ?? ?? ?? ?? ??
0xca43fd9ac0892250:   ?? ?? ?? ?? ?? ?? ?? ?? ?? ?? ?? ?? ?? ?? ?? ??
0xca43fd9ac0892260:   ?? ?? ?? ?? ?? ?? ?? ?? ?? ?? ?? ?? ?? ?? ?? ??
0xca43fd9ac0892270:   ?? ?? ?? ?? ?? ?? ?? ?? ?? ?? ?? ?? ?? ?? ?? ??
0xca43fd9ac0892280:   ?? ?? ?? ?? ?? ?? ?? ?? ?? ?? ?? ?? ?? ?? ?? ??
0xca43fd9ac0892290:   ?? ?? ?? ?? ?? ?? ?? ?? ?? ?? ?? ?? ?? ?? ?? ??
0xca43fd9ac08922a0:   ?? ?? ?? ?? ?? ?? ?? ?? ?? ?? ?? ?? ?? ?? ?? ??
0xca43fd9ac08922b0:   ?? ?? ?? ?? ?? ?? ?? ?? ?? ?? ?? ?? ?? ?? ?? ??
0xca43fd9ac08922c0:   ?? ?? ?? ?? ?? ?? ?? ?? ?? ?? ?? ?? ?? ?? ?? ??
0xca43fd9ac08922d0:   ?? ?? ?? ?? ?? ?? ?? ?? ?? ?? ?? ?? ?? ?? ?? ??
0xca43fd9ac08922e0:   ?? ?? ?? ?? ?? ?? ?? ?? ?? ?? ?? ?? ?? ?? ?? ??
0xca43fd9ac08922f0:   ?? ?? ?? ?? ?? ?? ?? ?? ?? ?? ?? ?? ?? ?? ?? ?? 


Stack slot to memory mapping:
stack at sp + 0 slots: 0x000000000000355e is an unknown value
stack at sp + 1 slots: 0xffffffffffffff80 is an unknown value
stack at sp + 2 slots: 0x0 is NULL
stack at sp + 3 slots: 0x0000614340d4f190 points into unknown readable memory: 0x0000614300000000 | 00 00 00 00 43 61 00 00
stack at sp + 4 slots: 0x00006142d8479d00 points into unknown readable memory: 0x0000614500000000 | 00 00 00 00 45 61 00 00
stack at sp + 5 slots: 0x0000614957508000 points into unknown readable memory: 0x3fc43f37c0303ff4 | f4 3f 30 c0 37 3f c4 3f
stack at sp + 6 slots: 0x0000614957507000 points into unknown readable memory: 0x400a401bc0644022 | 22 40 64 c0 1b 40 0a 40
stack at sp + 7 slots: 0x0000000000000004 is an unknown value


---------------  P R O C E S S  ---------------

Threads class SMR info:
_java_thread_list=0x000070205c02fbe0, length=12, elements={
0x00006142e44e66d0, 0x00006142e6710f80, 0x00006142e67126d0, 0x00006142e6716b40,
0x00006142e6718260, 0x00006142e67199e0, 0x00006142e671b3a0, 0x00006142e671cc40,
0x00006142e671e420, 0x00006142e6725270, 0x00006142e6740c90, 0x00007033500019f0
}

Java Threads: ( => current thread )
=>0x00006142e44e66d0 JavaThread "main" [_thread_in_native, id=2162, stack(0x00007ffd346f5000,0x00007ffd347f5000)]
  0x00006142e6710f80 JavaThread "Reference Handler" daemon [_thread_blocked, id=2228, stack(0x00007033c182d000,0x00007033c192d000)]
  0x00006142e67126d0 JavaThread "Finalizer" daemon [_thread_blocked, id=2229, stack(0x00007033c172d000,0x00007033c182d000)]
  0x00006142e6716b40 JavaThread "Signal Dispatcher" daemon [_thread_blocked, id=2230, stack(0x00007033c162d000,0x00007033c172d000)]
  0x00006142e6718260 JavaThread "Service Thread" daemon [_thread_blocked, id=2231, stack(0x00007033c152d000,0x00007033c162d000)]
  0x00006142e67199e0 JavaThread "Monitor Deflation Thread" daemon [_thread_blocked, id=2232, stack(0x00007033c142d000,0x00007033c152d000)]
  0x00006142e671b3a0 JavaThread "C2 CompilerThread0" daemon [_thread_blocked, id=2233, stack(0x00007033c132d000,0x00007033c142d000)]
  0x00006142e671cc40 JavaThread "C1 CompilerThread0" daemon [_thread_blocked, id=2234, stack(0x00007033c122d000,0x00007033c132d000)]
  0x00006142e671e420 JavaThread "Sweeper thread" daemon [_thread_blocked, id=2235, stack(0x00007033c112d000,0x00007033c122d000)]
  0x00006142e6725270 JavaThread "Notification Thread" daemon [_thread_blocked, id=2236, stack(0x00007033c102d000,0x00007033c112d000)]
  0x00006142e6740c90 JavaThread "Common-Cleaner" daemon [_thread_blocked, id=2238, stack(0x00007033c0d2c000,0x00007033c0e2c000)]
  0x00007033500019f0 JavaThread "SIGHUP handler" daemon [_thread_blocked, id=24982, stack(0x00007033c0c2c000,0x00007033c0d2c000)]

Other Threads:
  0x00006142e443b570 VMThread "VM Thread" [stack: 0x00007033c192e000,0x00007033c1a2e000] [id=2227]
  0x00006142e4475e60 GCTaskThread "GC Thread#0" [stack: 0x00007033c3f6a000,0x00007033c406a000] [id=2222]
  0x0000703360007560 GCTaskThread "GC Thread#1" [stack: 0x00007021c46ff000,0x00007021c47ff000] [id=2705]
  0x0000703360008080 GCTaskThread "GC Thread#2" [stack: 0x00007021c45fe000,0x00007021c46fe000] [id=2706]
  0x0000703360008b20 GCTaskThread "GC Thread#3" [stack: 0x00007021c44fd000,0x00007021c45fd000] [id=2707]
  0x0000703360009640 GCTaskThread "GC Thread#4" [stack: 0x00007021c43fc000,0x00007021c44fc000] [id=2708]
  0x000070336000a160 GCTaskThread "GC Thread#5" [stack: 0x00007021c42fb000,0x00007021c43fb000] [id=2709]
  0x000070336000acb0 GCTaskThread "GC Thread#6" [stack: 0x00007021c41fa000,0x00007021c42fa000] [id=2710]
  0x000070336000b840 GCTaskThread "GC Thread#7" [stack: 0x00007021c40f9000,0x00007021c41f9000] [id=2711]
  0x000070336000c3d0 GCTaskThread "GC Thread#8" [stack: 0x00007021a7f00000,0x00007021a8000000] [id=2712]
  0x000070336000d050 GCTaskThread "GC Thread#9" [stack: 0x00007021a7dff000,0x00007021a7eff000] [id=2713]
  0x000070336000dcd0 GCTaskThread "GC Thread#10" [stack: 0x00007021a7cfe000,0x00007021a7dfe000] [id=2714]
  0x000070336000e950 GCTaskThread "GC Thread#11" [stack: 0x00007021a7bfd000,0x00007021a7cfd000] [id=2715]
  0x000070336000f5d0 GCTaskThread "GC Thread#12" [stack: 0x00007021a7afc000,0x00007021a7bfc000] [id=2716]
  0x0000703360010250 GCTaskThread "GC Thread#13" [stack: 0x00007021a79fb000,0x00007021a7afb000] [id=2717]
  0x0000703360010ed0 GCTaskThread "GC Thread#14" [stack: 0x00007021a78fa000,0x00007021a79fa000] [id=2718]
  0x00006142e5588ad0 ConcurrentGCThread "G1 Main Marker" terminated
  0x00006142e4306420 ConcurrentGCThread "G1 Conc#0" [stack: 0x00007033c3d68000,0x00007033c3e68000] [id=2224]
  0x00006142e442a320 ConcurrentGCThread "G1 Refine#0" terminated
  0x00006142e41704b0 ConcurrentGCThread "G1 Service" terminated

Threads with active compile tasks:
C1 CompilerThread0  
[error occurred during error reporting (printing all threads), id 0xb, SIGSEGV (0xb) at pc=0x0000703422fcbd05]

VM state: at safepoint (shutting down)

VM Mutex/Monitor currently owned by a thread:  ([mutex/lock_event])
[0x00006142e3da7390] Threads_lock - owner thread: 0x00006142e443b570
[0x00006142e4315770] Heap_lock - owner thread: 0x00007033500019f0

Heap address: 0x0000000082000000, size: 30688 MB, Compressed Oops mode: Zero based, Oop shift amount: 3

CDS archive(s) mapped at: [0x000070336b000000-0x000070336bbca000-0x000070336bbca000), size 12361728, SharedBaseAddress: 0x000070336b000000, ArchiveRelocationMode: 1.
Compressed class space mapped at: 0x000070336c000000-0x00007033ac000000, reserved size: 1073741824
Narrow klass base: 0x000070336b000000, Narrow klass shift: 0, Narrow klass range: 0x100000000

GC Precious Log:
 CPUs: 20 total, 20 available
 Memory: 377G
 Large Page Support: Disabled
 NUMA Support: Disabled
 Compressed Oops: Enabled (Zero based)
 Heap Region Size: 16M
 Heap Min Capacity: 16M
 Heap Initial Capacity: 2G
 Heap Max Capacity: 30688M
 Pre-touch: Disabled
 Parallel Workers: 15
 Concurrent Workers: 4
 Concurrent Refinement Workers: 15
 Periodic GC: Disabled

Heap:
 garbage-first heap   total 2129920K, used 338346K [0x0000000082000000, 0x0000000800000000)
  region size 16384K, 21 young (344064K), 1 survivors (16384K)
 Metaspace       used 18814K, committed 19008K, reserved 1114112K
  class space    used 2168K, committed 2240K, reserved 1048576K

Heap Regions: E=young(eden), S=young(survivor), O=old, HS=humongous(starts), HC=humongous(continues), CS=collection set, F=free, OA=open archive, CA=closed archive, TAMS=top-at-mark-start (previous, next)
|   0|0x0000000082000000, 0x0000000082831000, 0x0000000083000000| 51%| O|  |TAMS 0x0000000082000000, 0x0000000082000000| Untracked 
|   1|0x0000000083000000, 0x0000000083000000, 0x0000000084000000|  0%| F|  |TAMS 0x0000000083000000, 0x0000000083000000| Untracked 
|   2|0x0000000084000000, 0x0000000084000000, 0x0000000085000000|  0%| F|  |TAMS 0x0000000084000000, 0x0000000084000000| Untracked 
|   3|0x0000000085000000, 0x0000000085000000, 0x0000000086000000|  0%| F|  |TAMS 0x0000000085000000, 0x0000000085000000| Untracked 
|   4|0x0000000086000000, 0x0000000086000000, 0x0000000087000000|  0%| F|  |TAMS 0x0000000086000000, 0x0000000086000000| Untracked 
|   5|0x0000000087000000, 0x0000000087000000, 0x0000000088000000|  0%| F|  |TAMS 0x0000000087000000, 0x0000000087000000| Untracked 
|   6|0x0000000088000000, 0x0000000088000000, 0x0000000089000000|  0%| F|  |TAMS 0x0000000088000000, 0x0000000088000000| Untracked 
|   7|0x0000000089000000, 0x0000000089000000, 0x000000008a000000|  0%| F|  |TAMS 0x0000000089000000, 0x0000000089000000| Untracked 
|   8|0x000000008a000000, 0x000000008a000000, 0x000000008b000000|  0%| F|  |TAMS 0x000000008a000000, 0x000000008a000000| Untracked 
|   9|0x000000008b000000, 0x000000008b000000, 0x000000008c000000|  0%| F|  |TAMS 0x000000008b000000, 0x000000008b000000| Untracked 
|  10|0x000000008c000000, 0x000000008c000000, 0x000000008d000000|  0%| F|  |TAMS 0x000000008c000000, 0x000000008c000000| Untracked 
|  11|0x000000008d000000, 0x000000008d000000, 0x000000008e000000|  0%| F|  |TAMS 0x000000008d000000, 0x000000008d000000| Untracked 
|  12|0x000000008e000000, 0x000000008e000000, 0x000000008f000000|  0%| F|  |TAMS 0x000000008e000000, 0x000000008e000000| Untracked 
|  13|0x000000008f000000, 0x000000008f000000, 0x0000000090000000|  0%| F|  |TAMS 0x000000008f000000, 0x000000008f000000| Untracked 
|  14|0x0000000090000000, 0x0000000090000000, 0x0000000091000000|  0%| F|  |TAMS 0x0000000090000000, 0x0000000090000000| Untracked 
|  15|0x0000000091000000, 0x0000000091000000, 0x0000000092000000|  0%| F|  |TAMS 0x0000000091000000, 0x0000000091000000| Untracked 
|  16|0x0000000092000000, 0x0000000092000000, 0x0000000093000000|  0%| F|  |TAMS 0x0000000092000000, 0x0000000092000000| Untracked 
|  17|0x0000000093000000, 0x0000000093000000, 0x0000000094000000|  0%| F|  |TAMS 0x0000000093000000, 0x0000000093000000| Untracked 
|  18|0x0000000094000000, 0x0000000094000000, 0x0000000095000000|  0%| F|  |TAMS 0x0000000094000000, 0x0000000094000000| Untracked 
|  19|0x0000000095000000, 0x0000000095000000, 0x0000000096000000|  0%| F|  |TAMS 0x0000000095000000, 0x0000000095000000| Untracked 
|  20|0x0000000096000000, 0x0000000096000000, 0x0000000097000000|  0%| F|  |TAMS 0x0000000096000000, 0x0000000096000000| Untracked 
|  21|0x0000000097000000, 0x0000000097000000, 0x0000000098000000|  0%| F|  |TAMS 0x0000000097000000, 0x0000000097000000| Untracked 
|  22|0x0000000098000000, 0x0000000098000000, 0x0000000099000000|  0%| F|  |TAMS 0x0000000098000000, 0x0000000098000000| Untracked 
|  23|0x0000000099000000, 0x0000000099000000, 0x000000009a000000|  0%| F|  |TAMS 0x0000000099000000, 0x0000000099000000| Untracked 
|  24|0x000000009a000000, 0x000000009a000000, 0x000000009b000000|  0%| F|  |TAMS 0x000000009a000000, 0x000000009a000000| Untracked 
|  25|0x000000009b000000, 0x000000009b000000, 0x000000009c000000|  0%| F|  |TAMS 0x000000009b000000, 0x000000009b000000| Untracked 
|  26|0x000000009c000000, 0x000000009c000000, 0x000000009d000000|  0%| F|  |TAMS 0x000000009c000000, 0x000000009c000000| Untracked 
|  27|0x000000009d000000, 0x000000009d000000, 0x000000009e000000|  0%| F|  |TAMS 0x000000009d000000, 0x000000009d000000| Untracked 
|  28|0x000000009e000000, 0x000000009e000000, 0x000000009f000000|  0%| F|  |TAMS 0x000000009e000000, 0x000000009e000000| Untracked 
|  29|0x000000009f000000, 0x000000009f000000, 0x00000000a0000000|  0%| F|  |TAMS 0x000000009f000000, 0x000000009f000000| Untracked 
|  30|0x00000000a0000000, 0x00000000a0000000, 0x00000000a1000000|  0%| F|  |TAMS 0x00000000a0000000, 0x00000000a0000000| Untracked 
|  31|0x00000000a1000000, 0x00000000a1000000, 0x00000000a2000000|  0%| F|  |TAMS 0x00000000a1000000, 0x00000000a1000000| Untracked 
|  32|0x00000000a2000000, 0x00000000a2000000, 0x00000000a3000000|  0%| F|  |TAMS 0x00000000a2000000, 0x00000000a2000000| Untracked 
|  33|0x00000000a3000000, 0x00000000a3000000, 0x00000000a4000000|  0%| F|  |TAMS 0x00000000a3000000, 0x00000000a3000000| Untracked 
|  34|0x00000000a4000000, 0x00000000a4000000, 0x00000000a5000000|  0%| F|  |TAMS 0x00000000a4000000, 0x00000000a4000000| Untracked 
|  35|0x00000000a5000000, 0x00000000a5000000, 0x00000000a6000000|  0%| F|  |TAMS 0x00000000a5000000, 0x00000000a5000000| Untracked 
|  36|0x00000000a6000000, 0x00000000a6000000, 0x00000000a7000000|  0%| F|  |TAMS 0x00000000a6000000, 0x00000000a6000000| Untracked 
|  37|0x00000000a7000000, 0x00000000a7000000, 0x00000000a8000000|  0%| F|  |TAMS 0x00000000a7000000, 0x00000000a7000000| Untracked 
|  38|0x00000000a8000000, 0x00000000a8000000, 0x00000000a9000000|  0%| F|  |TAMS 0x00000000a8000000, 0x00000000a8000000| Untracked 
|  39|0x00000000a9000000, 0x00000000a9000000, 0x00000000aa000000|  0%| F|  |TAMS 0x00000000a9000000, 0x00000000a9000000| Untracked 
|  40|0x00000000aa000000, 0x00000000aa000000, 0x00000000ab000000|  0%| F|  |TAMS 0x00000000aa000000, 0x00000000aa000000| Untracked 
|  41|0x00000000ab000000, 0x00000000ab000000, 0x00000000ac000000|  0%| F|  |TAMS 0x00000000ab000000, 0x00000000ab000000| Untracked 
|  42|0x00000000ac000000, 0x00000000ac000000, 0x00000000ad000000|  0%| F|  |TAMS 0x00000000ac000000, 0x00000000ac000000| Untracked 
|  43|0x00000000ad000000, 0x00000000ad000000, 0x00000000ae000000|  0%| F|  |TAMS 0x00000000ad000000, 0x00000000ad000000| Untracked 
|  44|0x00000000ae000000, 0x00000000ae000000, 0x00000000af000000|  0%| F|  |TAMS 0x00000000ae000000, 0x00000000ae000000| Untracked 
|  45|0x00000000af000000, 0x00000000af000000, 0x00000000b0000000|  0%| F|  |TAMS 0x00000000af000000, 0x00000000af000000| Untracked 
|  46|0x00000000b0000000, 0x00000000b0000000, 0x00000000b1000000|  0%| F|  |TAMS 0x00000000b0000000, 0x00000000b0000000| Untracked 
|  47|0x00000000b1000000, 0x00000000b1000000, 0x00000000b2000000|  0%| F|  |TAMS 0x00000000b1000000, 0x00000000b1000000| Untracked 
|  48|0x00000000b2000000, 0x00000000b2000000, 0x00000000b3000000|  0%| F|  |TAMS 0x00000000b2000000, 0x00000000b2000000| Untracked 
|  49|0x00000000b3000000, 0x00000000b3000000, 0x00000000b4000000|  0%| F|  |TAMS 0x00000000b3000000, 0x00000000b3000000| Untracked 
|  50|0x00000000b4000000, 0x00000000b4000000, 0x00000000b5000000|  0%| F|  |TAMS 0x00000000b4000000, 0x00000000b4000000| Untracked 
|  51|0x00000000b5000000, 0x00000000b5000000, 0x00000000b6000000|  0%| F|  |TAMS 0x00000000b5000000, 0x00000000b5000000| Untracked 
|  52|0x00000000b6000000, 0x00000000b6000000, 0x00000000b7000000|  0%| F|  |TAMS 0x00000000b6000000, 0x00000000b6000000| Untracked 
|  53|0x00000000b7000000, 0x00000000b7000000, 0x00000000b8000000|  0%| F|  |TAMS 0x00000000b7000000, 0x00000000b7000000| Untracked 
|  54|0x00000000b8000000, 0x00000000b8000000, 0x00000000b9000000|  0%| F|  |TAMS 0x00000000b8000000, 0x00000000b8000000| Untracked 
|  55|0x00000000b9000000, 0x00000000b9000000, 0x00000000ba000000|  0%| F|  |TAMS 0x00000000b9000000, 0x00000000b9000000| Untracked 
|  56|0x00000000ba000000, 0x00000000ba000000, 0x00000000bb000000|  0%| F|  |TAMS 0x00000000ba000000, 0x00000000ba000000| Untracked 
|  57|0x00000000bb000000, 0x00000000bb000000, 0x00000000bc000000|  0%| F|  |TAMS 0x00000000bb000000, 0x00000000bb000000| Untracked 
|  58|0x00000000bc000000, 0x00000000bc000000, 0x00000000bd000000|  0%| F|  |TAMS 0x00000000bc000000, 0x00000000bc000000| Untracked 
|  59|0x00000000bd000000, 0x00000000bd000000, 0x00000000be000000|  0%| F|  |TAMS 0x00000000bd000000, 0x00000000bd000000| Untracked 
|  60|0x00000000be000000, 0x00000000be000000, 0x00000000bf000000|  0%| F|  |TAMS 0x00000000be000000, 0x00000000be000000| Untracked 
|  61|0x00000000bf000000, 0x00000000bf000000, 0x00000000c0000000|  0%| F|  |TAMS 0x00000000bf000000, 0x00000000bf000000| Untracked 
|  62|0x00000000c0000000, 0x00000000c0000000, 0x00000000c1000000|  0%| F|  |TAMS 0x00000000c0000000, 0x00000000c0000000| Untracked 
|  63|0x00000000c1000000, 0x00000000c1000000, 0x00000000c2000000|  0%| F|  |TAMS 0x00000000c1000000, 0x00000000c1000000| Untracked 
|  64|0x00000000c2000000, 0x00000000c2000000, 0x00000000c3000000|  0%| F|  |TAMS 0x00000000c2000000, 0x00000000c2000000| Untracked 
|  65|0x00000000c3000000, 0x00000000c3000000, 0x00000000c4000000|  0%| F|  |TAMS 0x00000000c3000000, 0x00000000c3000000| Untracked 
|  66|0x00000000c4000000, 0x00000000c4000000, 0x00000000c5000000|  0%| F|  |TAMS 0x00000000c4000000, 0x00000000c4000000| Untracked 
|  67|0x00000000c5000000, 0x00000000c5000000, 0x00000000c6000000|  0%| F|  |TAMS 0x00000000c5000000, 0x00000000c5000000| Untracked 
|  68|0x00000000c6000000, 0x00000000c6000000, 0x00000000c7000000|  0%| F|  |TAMS 0x00000000c6000000, 0x00000000c6000000| Untracked 
|  69|0x00000000c7000000, 0x00000000c7000000, 0x00000000c8000000|  0%| F|  |TAMS 0x00000000c7000000, 0x00000000c7000000| Untracked 
|  70|0x00000000c8000000, 0x00000000c8000000, 0x00000000c9000000|  0%| F|  |TAMS 0x00000000c8000000, 0x00000000c8000000| Untracked 
|  71|0x00000000c9000000, 0x00000000c9000000, 0x00000000ca000000|  0%| F|  |TAMS 0x00000000c9000000, 0x00000000c9000000| Untracked 
|  72|0x00000000ca000000, 0x00000000ca000000, 0x00000000cb000000|  0%| F|  |TAMS 0x00000000ca000000, 0x00000000ca000000| Untracked 
|  73|0x00000000cb000000, 0x00000000cb000000, 0x00000000cc000000|  0%| F|  |TAMS 0x00000000cb000000, 0x00000000cb000000| Untracked 
|  74|0x00000000cc000000, 0x00000000cc000000, 0x00000000cd000000|  0%| F|  |TAMS 0x00000000cc000000, 0x00000000cc000000| Untracked 
|  75|0x00000000cd000000, 0x00000000cd000000, 0x00000000ce000000|  0%| F|  |TAMS 0x00000000cd000000, 0x00000000cd000000| Untracked 
|  76|0x00000000ce000000, 0x00000000ce000000, 0x00000000cf000000|  0%| F|  |TAMS 0x00000000ce000000, 0x00000000ce000000| Untracked 
|  77|0x00000000cf000000, 0x00000000cf000000, 0x00000000d0000000|  0%| F|  |TAMS 0x00000000cf000000, 0x00000000cf000000| Untracked 
|  78|0x00000000d0000000, 0x00000000d0000000, 0x00000000d1000000|  0%| F|  |TAMS 0x00000000d0000000, 0x00000000d0000000| Untracked 
|  79|0x00000000d1000000, 0x00000000d1000000, 0x00000000d2000000|  0%| F|  |TAMS 0x00000000d1000000, 0x00000000d1000000| Untracked 
|  80|0x00000000d2000000, 0x00000000d2000000, 0x00000000d3000000|  0%| F|  |TAMS 0x00000000d2000000, 0x00000000d2000000| Untracked 
|  81|0x00000000d3000000, 0x00000000d3000000, 0x00000000d4000000|  0%| F|  |TAMS 0x00000000d3000000, 0x00000000d3000000| Untracked 
|  82|0x00000000d4000000, 0x00000000d4000000, 0x00000000d5000000|  0%| F|  |TAMS 0x00000000d4000000, 0x00000000d4000000| Untracked 
|  83|0x00000000d5000000, 0x00000000d5000000, 0x00000000d6000000|  0%| F|  |TAMS 0x00000000d5000000, 0x00000000d5000000| Untracked 
|  84|0x00000000d6000000, 0x00000000d6000000, 0x00000000d7000000|  0%| F|  |TAMS 0x00000000d6000000, 0x00000000d6000000| Untracked 
|  85|0x00000000d7000000, 0x00000000d7000000, 0x00000000d8000000|  0%| F|  |TAMS 0x00000000d7000000, 0x00000000d7000000| Untracked 
|  86|0x00000000d8000000, 0x00000000d8000000, 0x00000000d9000000|  0%| F|  |TAMS 0x00000000d8000000, 0x00000000d8000000| Untracked 
|  87|0x00000000d9000000, 0x00000000d9000000, 0x00000000da000000|  0%| F|  |TAMS 0x00000000d9000000, 0x00000000d9000000| Untracked 
|  88|0x00000000da000000, 0x00000000da000000, 0x00000000db000000|  0%| F|  |TAMS 0x00000000da000000, 0x00000000da000000| Untracked 
|  89|0x00000000db000000, 0x00000000db000000, 0x00000000dc000000|  0%| F|  |TAMS 0x00000000db000000, 0x00000000db000000| Untracked 
|  90|0x00000000dc000000, 0x00000000dc000000, 0x00000000dd000000|  0%| F|  |TAMS 0x00000000dc000000, 0x00000000dc000000| Untracked 
|  91|0x00000000dd000000, 0x00000000dd000000, 0x00000000de000000|  0%| F|  |TAMS 0x00000000dd000000, 0x00000000dd000000| Untracked 
|  92|0x00000000de000000, 0x00000000de000000, 0x00000000df000000|  0%| F|  |TAMS 0x00000000de000000, 0x00000000de000000| Untracked 
|  93|0x00000000df000000, 0x00000000df000000, 0x00000000e0000000|  0%| F|  |TAMS 0x00000000df000000, 0x00000000df000000| Untracked 
|  94|0x00000000e0000000, 0x00000000e0000000, 0x00000000e1000000|  0%| F|  |TAMS 0x00000000e0000000, 0x00000000e0000000| Untracked 
|  95|0x00000000e1000000, 0x00000000e1000000, 0x00000000e2000000|  0%| F|  |TAMS 0x00000000e1000000, 0x00000000e1000000| Untracked 
|  96|0x00000000e2000000, 0x00000000e2000000, 0x00000000e3000000|  0%| F|  |TAMS 0x00000000e2000000, 0x00000000e2000000| Untracked 
|  97|0x00000000e3000000, 0x00000000e3000000, 0x00000000e4000000|  0%| F|  |TAMS 0x00000000e3000000, 0x00000000e3000000| Untracked 
|  98|0x00000000e4000000, 0x00000000e4000000, 0x00000000e5000000|  0%| F|  |TAMS 0x00000000e4000000, 0x00000000e4000000| Untracked 
|  99|0x00000000e5000000, 0x00000000e5000000, 0x00000000e6000000|  0%| F|  |TAMS 0x00000000e5000000, 0x00000000e5000000| Untracked 
| 100|0x00000000e6000000, 0x00000000e6000000, 0x00000000e7000000|  0%| F|  |TAMS 0x00000000e6000000, 0x00000000e6000000| Untracked 
| 101|0x00000000e7000000, 0x00000000e7000000, 0x00000000e8000000|  0%| F|  |TAMS 0x00000000e7000000, 0x00000000e7000000| Untracked 
| 102|0x00000000e8000000, 0x00000000e8000000, 0x00000000e9000000|  0%| F|  |TAMS 0x00000000e8000000, 0x00000000e8000000| Untracked 
| 103|0x00000000e9000000, 0x00000000e9000000, 0x00000000ea000000|  0%| F|  |TAMS 0x00000000e9000000, 0x00000000e9000000| Untracked 
| 104|0x00000000ea000000, 0x00000000ea000000, 0x00000000eb000000|  0%| F|  |TAMS 0x00000000ea000000, 0x00000000ea000000| Untracked 
| 105|0x00000000eb000000, 0x00000000eb000000, 0x00000000ec000000|  0%| F|  |TAMS 0x00000000eb000000, 0x00000000eb000000| Untracked 
| 106|0x00000000ec000000, 0x00000000ec000000, 0x00000000ed000000|  0%| F|  |TAMS 0x00000000ec000000, 0x00000000ec000000| Untracked 
| 107|0x00000000ed000000, 0x00000000ee000000, 0x00000000ee000000|100%| E|  |TAMS 0x00000000ed000000, 0x00000000ed000000| Complete 
| 108|0x00000000ee000000, 0x00000000ef000000, 0x00000000ef000000|100%| E|CS|TAMS 0x00000000ee000000, 0x00000000ee000000| Complete 
| 109|0x00000000ef000000, 0x00000000f0000000, 0x00000000f0000000|100%| E|CS|TAMS 0x00000000ef000000, 0x00000000ef000000| Complete 
| 110|0x00000000f0000000, 0x00000000f1000000, 0x00000000f1000000|100%| E|CS|TAMS 0x00000000f0000000, 0x00000000f0000000| Complete 
| 111|0x00000000f1000000, 0x00000000f2000000, 0x00000000f2000000|100%| E|CS|TAMS 0x00000000f1000000, 0x00000000f1000000| Complete 
| 112|0x00000000f2000000, 0x00000000f3000000, 0x00000000f3000000|100%| E|CS|TAMS 0x00000000f2000000, 0x00000000f2000000| Complete 
| 113|0x00000000f3000000, 0x00000000f4000000, 0x00000000f4000000|100%| E|CS|TAMS 0x00000000f3000000, 0x00000000f3000000| Complete 
| 114|0x00000000f4000000, 0x00000000f5000000, 0x00000000f5000000|100%| E|CS|TAMS 0x00000000f4000000, 0x00000000f4000000| Complete 
| 115|0x00000000f5000000, 0x00000000f6000000, 0x00000000f6000000|100%| E|CS|TAMS 0x00000000f5000000, 0x00000000f5000000| Complete 
| 116|0x00000000f6000000, 0x00000000f7000000, 0x00000000f7000000|100%| E|CS|TAMS 0x00000000f6000000, 0x00000000f6000000| Complete 
| 117|0x00000000f7000000, 0x00000000f8000000, 0x00000000f8000000|100%| E|CS|TAMS 0x00000000f7000000, 0x00000000f7000000| Complete 
| 118|0x00000000f8000000, 0x00000000f9000000, 0x00000000f9000000|100%| E|CS|TAMS 0x00000000f8000000, 0x00000000f8000000| Complete 
| 119|0x00000000f9000000, 0x00000000f924ca28, 0x00000000fa000000| 14%| S|CS|TAMS 0x00000000f9000000, 0x00000000f9000000| Complete 
| 120|0x00000000fa000000, 0x00000000fb000000, 0x00000000fb000000|100%| E|CS|TAMS 0x00000000fa000000, 0x00000000fa000000| Complete 
| 121|0x00000000fb000000, 0x00000000fc000000, 0x00000000fc000000|100%| E|CS|TAMS 0x00000000fb000000, 0x00000000fb000000| Complete 
| 122|0x00000000fc000000, 0x00000000fd000000, 0x00000000fd000000|100%| E|CS|TAMS 0x00000000fc000000, 0x00000000fc000000| Complete 
| 123|0x00000000fd000000, 0x00000000fe000000, 0x00000000fe000000|100%| E|CS|TAMS 0x00000000fd000000, 0x00000000fd000000| Complete 
| 124|0x00000000fe000000, 0x00000000ff000000, 0x00000000ff000000|100%| E|CS|TAMS 0x00000000fe000000, 0x00000000fe000000| Complete 
| 125|0x00000000ff000000, 0x0000000100000000, 0x0000000100000000|100%| E|CS|TAMS 0x00000000ff000000, 0x00000000ff000000| Complete 
| 126|0x0000000100000000, 0x0000000101000000, 0x0000000101000000|100%| E|CS|TAMS 0x0000000100000000, 0x0000000100000000| Complete 
| 127|0x0000000101000000, 0x0000000102000000, 0x0000000102000000|100%| E|CS|TAMS 0x0000000101000000, 0x0000000101000000| Complete 
|1916|0x00000007fe000000, 0x00000007fef75000, 0x00000007ff000000| 96%|OA|  |TAMS 0x00000007fe000000, 0x00000007fe000000| Untracked 
|1917|0x00000007ff000000, 0x00000007ff078000, 0x0000000800000000|  2%|CA|  |TAMS 0x00000007ff000000, 0x00000007ff000000| Untracked 

Card table byte_map: [0x0000703403c4e000,0x000070340783e000] _byte_map_base: 0x000070340383e000

Marking Bits (Prev, Next): (CMBitMap*) 0x00006142e5579160, (CMBitMap*) 0x00006142e55791a0
 Prev Bits: [0x00007033e20de000, 0x000070340005e000)
 Next Bits: [0x00007033c415e000, 0x00007033e20de000)

Polling page: 0x00007035d9ab1000

Metaspace:

Usage:
  Non-class:     16.26 MB used.
      Class:      2.12 MB used.
       Both:     18.37 MB used.

Virtual space:
  Non-class space:       64.00 MB reserved,      16.38 MB ( 26%) committed,  1 nodes.
      Class space:        1.00 GB reserved,       2.19 MB ( <1%) committed,  1 nodes.
             Both:        1.06 GB reserved,      18.56 MB (  2%) committed. 

Chunk freelists:
   Non-Class:  15.14 MB
       Class:  13.82 MB
        Both:  28.96 MB

MaxMetaspaceSize: unlimited
CompressedClassSpaceSize: 1.00 GB
Initial GC threshold: 21.00 MB
Current GC threshold: 21.00 MB
CDS: on
MetaspaceReclaimPolicy: balanced
 - commit_granule_bytes: 65536.
 - commit_granule_words: 8192.
 - virtual_space_node_default_size: 8388608.
 - enlarge_chunks_in_place: 1.
 - new_chunks_are_fully_committed: 0.
 - uncommit_free_chunks: 1.
 - use_allocation_guard: 0.
 - handle_deallocations: 1.


Internal statistics:

num_allocs_failed_limit: 0.
num_arena_births: 200.
num_arena_deaths: 0.
num_vsnodes_births: 2.
num_vsnodes_deaths: 0.
num_space_committed: 297.
num_space_uncommitted: 0.
num_chunks_returned_to_freelist: 0.
num_chunks_taken_from_freelist: 719.
num_chunk_merges: 0.
num_chunk_splits: 517.
num_chunks_enlarged: 410.
num_inconsistent_stats: 0.

CodeHeap 'non-profiled nmethods': size=119168Kb used=2856Kb max_used=2856Kb free=116311Kb
 bounds [0x00007034131a0000, 0x0000703413470000, 0x000070341a600000]
CodeHeap 'profiled nmethods': size=119164Kb used=4881Kb max_used=4881Kb free=114282Kb
 bounds [0x000070340b600000, 0x000070340bad0000, 0x0000703412a5f000]
CodeHeap 'non-nmethods': size=7428Kb used=1227Kb max_used=3011Kb free=6200Kb
 bounds [0x0000703412a5f000, 0x0000703412d5f000, 0x00007034131a0000]
 total_blobs=3598 nmethods=3068 adapters=443
 compilation: enabled
              stopped_count=0, restarted_count=0
 full_count=0

Compilation events (20 events):
Event: 3833.928 Thread 0x00006142e671cc40 nmethod 3058 0x000070340bac1b10 code [0x000070340bac1cc0, 0x000070340bac1f60]
Event: 3833.928 Thread 0x00006142e671cc40 3059       3       org.apache.lucene.codecs.lucene90.compressing.Lucene90CompressingStoredFieldsReader::readField (153 bytes)
Event: 3833.929 Thread 0x00006142e671cc40 nmethod 3059 0x000070340bac2090 code [0x000070340bac2380, 0x000070340bac2fd0]
Event: 3833.929 Thread 0x00006142e671cc40 3060       3       org.apache.lucene.store.ByteArrayDataInput::readBytes (25 bytes)
Event: 3833.929 Thread 0x00006142e671cc40 nmethod 3060 0x000070340bac3510 code [0x000070340bac36c0, 0x000070340bac38a0]
Event: 3833.929 Thread 0x00006142e671cc40 3061       3       org.apache.lucene.document.FieldType::setStoreTermVectors (10 bytes)
Event: 3833.929 Thread 0x00006142e671cc40 nmethod 3061 0x000070340bac3990 code [0x000070340bac3b40, 0x000070340bac3de0]
Event: 3862.676 Thread 0x00006142e671cc40 3062       1       java.util.concurrent.locks.AbstractQueuedSynchronizer::setState (6 bytes)
Event: 3862.676 Thread 0x00006142e671cc40 nmethod 3062 0x0000703413469190 code [0x0000703413469320, 0x00007034134693f0]
Event: 3862.676 Thread 0x00006142e671cc40 3063       1       java.util.Formatter$Flags::valueOf (5 bytes)
Event: 3862.676 Thread 0x00006142e671cc40 nmethod 3063 0x0000703413469490 code [0x0000703413469620, 0x00007034134696f0]
Event: 3862.676 Thread 0x00006142e671cc40 3064       1       java.util.concurrent.locks.AbstractOwnableSynchronizer::getExclusiveOwnerThread (5 bytes)
Event: 3862.677 Thread 0x00006142e671cc40 nmethod 3064 0x0000703413469790 code [0x0000703413469920, 0x00007034134699f0]
Event: 3862.677 Thread 0x00006142e671cc40 3065       1       javax.management.ObjectName$Property::setKeyIndex (6 bytes)
Event: 3862.677 Thread 0x00006142e671cc40 nmethod 3065 0x0000703413469a90 code [0x0000703413469c20, 0x0000703413469cf0]
Event: 3862.677 Thread 0x00006142e671cc40 3066       3       javax.management.ObjectName::getDomainLength (9 bytes)
Event: 3862.677 Thread 0x00006142e671cc40 nmethod 3066 0x000070340bac3f10 code [0x000070340bac40a0, 0x000070340bac41b0]
Event: 3862.677 Thread 0x00006142e671cc40 3067   !   3       java.lang.invoke.MethodHandleNatives::linkMethodHandleConstant (50 bytes)
Event: 3862.677 Thread 0x00006142e671cc40 nmethod 3067 0x000070340bac4210 code [0x000070340bac43e0, 0x000070340bac45c0]
Event: 3862.677 Thread 0x00006142e671cc40 3068       3       java.lang.invoke.MethodHandles$Lookup::linkMethodHandleConstant (223 bytes)

GC Heap History (6 events):
Event: 132.379 GC heap before
{Heap before GC invocations=0 (full 0):
 garbage-first heap   total 2129920K, used 114612K [0x0000000082000000, 0x0000000800000000)
  region size 16384K, 6 young (98304K), 0 survivors (0K)
 Metaspace       used 18461K, committed 18624K, reserved 1114112K
  class space    used 2148K, committed 2240K, reserved 1048576K
}
Event: 132.384 GC heap after
{Heap after GC invocations=1 (full 0):
 garbage-first heap   total 2129920K, used 25676K [0x0000000082000000, 0x0000000800000000)
  region size 16384K, 1 young (16384K), 1 survivors (16384K)
 Metaspace       used 18461K, committed 18624K, reserved 1114112K
  class space    used 2148K, committed 2240K, reserved 1048576K
}
Event: 1091.576 GC heap before
{Heap before GC invocations=1 (full 0):
 garbage-first heap   total 2129920K, used 107596K [0x0000000082000000, 0x0000000800000000)
  region size 16384K, 6 young (98304K), 1 survivors (16384K)
 Metaspace       used 18680K, committed 18880K, reserved 1114112K
  class space    used 2167K, committed 2240K, reserved 1048576K
}
Event: 1091.581 GC heap after
{Heap after GC invocations=2 (full 0):
 garbage-first heap   total 2129920K, used 25986K [0x0000000082000000, 0x0000000800000000)
  region size 16384K, 1 young (16384K), 1 survivors (16384K)
 Metaspace       used 18680K, committed 18880K, reserved 1114112K
  class space    used 2167K, committed 2240K, reserved 1048576K
}
Event: 1776.521 GC heap before
{Heap before GC invocations=2 (full 0):
 garbage-first heap   total 2129920K, used 140674K [0x0000000082000000, 0x0000000800000000)
  region size 16384K, 8 young (131072K), 1 survivors (16384K)
 Metaspace       used 18703K, committed 18880K, reserved 1114112K
  class space    used 2167K, committed 2240K, reserved 1048576K
}
Event: 1776.522 GC heap after
{Heap after GC invocations=3 (full 0):
 garbage-first heap   total 2129920K, used 27050K [0x0000000082000000, 0x0000000800000000)
  region size 16384K, 1 young (16384K), 1 survivors (16384K)
 Metaspace       used 18703K, committed 18880K, reserved 1114112K
  class space    used 2167K, committed 2240K, reserved 1048576K
}

Dll operation events (8 events):
Event: 0.008 Loaded shared library /usr/lib/jvm/java-17-openjdk-amd64/lib/libjava.so
Event: 0.023 Loaded shared library /usr/lib/jvm/java-17-openjdk-amd64/lib/libjsvml.so
Event: 0.102 Loaded shared library /usr/lib/jvm/java-17-openjdk-amd64/lib/libnio.so
Event: 0.116 Loaded shared library /usr/lib/jvm/java-17-openjdk-amd64/lib/libzip.so
Event: 0.209 Loaded shared library /usr/lib/jvm/java-17-openjdk-amd64/lib/libjimage.so
Event: 0.243 Loaded shared library /usr/lib/jvm/java-17-openjdk-amd64/lib/libmanagement.so
Event: 0.246 Loaded shared library /usr/lib/jvm/java-17-openjdk-amd64/lib/libmanagement_ext.so
Event: 0.479 Loaded shared library /usr/lib/jvm/java-17-openjdk-amd64/lib/libnet.so

Deoptimization events (20 events):
Event: 1777.240 Thread 0x00006142e44e66d0 DEOPT PACKING pc=0x000070341340a16c sp=0x00007ffd347f1860
Event: 1777.240 Thread 0x00006142e44e66d0 DEOPT UNPACKING pc=0x0000703412ab8b19 sp=0x00007ffd347f1808 mode 2
Event: 2365.837 Thread 0x00006142e44e66d0 Uncommon trap: trap_request=0xffffffcc fr.pc=0x000070341343ca24 relative=0x0000000000000204
Event: 2365.837 Thread 0x00006142e44e66d0 Uncommon trap: reason=intrinsic_or_type_checked_inlining action=make_not_entrant pc=0x000070341343ca24 method=java.util.Arrays.copyOf([Ljava/lang/Object;ILjava/lang/Class;)[Ljava/lang/Object; @ 35 c2
Event: 2365.837 Thread 0x00006142e44e66d0 DEOPT PACKING pc=0x000070341343ca24 sp=0x00007ffd347f1d30
Event: 2365.837 Thread 0x00006142e44e66d0 DEOPT UNPACKING pc=0x0000703412ab8b19 sp=0x00007ffd347f1cc0 mode 2
Event: 2365.860 Thread 0x00006142e44e66d0 Uncommon trap: trap_request=0xffffff45 fr.pc=0x00007034133d18d0 relative=0x0000000000004730
Event: 2365.860 Thread 0x00006142e44e66d0 Uncommon trap: reason=unstable_if action=reinterpret pc=0x00007034133d18d0 method=org.apache.lucene.codecs.lucene90.blocktree.SegmentTermsEnumFrame.scanToTermLeaf(Lorg/apache/lucene/util/BytesRef;Z)Lorg/apache/lucene/index/TermsEnum$SeekStatus; @ 226 c2
Event: 2365.860 Thread 0x00006142e44e66d0 DEOPT PACKING pc=0x00007034133d18d0 sp=0x00007ffd347f1800
Event: 2365.860 Thread 0x00006142e44e66d0 DEOPT UNPACKING pc=0x0000703412ab8b19 sp=0x00007ffd347f16f0 mode 2
Event: 2380.368 Thread 0x00006142e44e66d0 DEOPT PACKING pc=0x000070340ba1c928 sp=0x00007ffd347f1360
Event: 2380.368 Thread 0x00006142e44e66d0 DEOPT UNPACKING pc=0x0000703412ab964f sp=0x00007ffd347f0848 mode 0
Event: 2381.310 Thread 0x00006142e44e66d0 Uncommon trap: trap_request=0xffffff45 fr.pc=0x00007034133c6f68 relative=0x0000000000000ec8
Event: 2381.310 Thread 0x00006142e44e66d0 Uncommon trap: reason=unstable_if action=reinterpret pc=0x00007034133c6f68 method=org.apache.lucene.codecs.lucene90.blocktree.SegmentTermsEnumFrame.scanToTermLeaf(Lorg/apache/lucene/util/BytesRef;Z)Lorg/apache/lucene/index/TermsEnum$SeekStatus; @ 226 c2
Event: 2381.310 Thread 0x00006142e44e66d0 DEOPT PACKING pc=0x00007034133c6f68 sp=0x00007ffd347f1730
Event: 2381.310 Thread 0x00006142e44e66d0 DEOPT UNPACKING pc=0x0000703412ab8b19 sp=0x00007ffd347f1708 mode 2
Event: 3366.533 Thread 0x00006142e44e66d0 Uncommon trap: trap_request=0xffffff5c fr.pc=0x0000703413450f84 relative=0x0000000000000064
Event: 3366.533 Thread 0x00006142e44e66d0 Uncommon trap: reason=speculate_null_check action=make_not_entrant pc=0x0000703413450f84 method=jdk.internal.misc.Unsafe.getIntUnaligned(Ljava/lang/Object;JZ)I @ 5 c2
Event: 3366.533 Thread 0x00006142e44e66d0 DEOPT PACKING pc=0x0000703413450f84 sp=0x00007ffd347f15e0
Event: 3366.533 Thread 0x00006142e44e66d0 DEOPT UNPACKING pc=0x0000703412ab8b19 sp=0x00007ffd347f1580 mode 2

Classes loaded (20 events):
Event: 128.639 Loading class java/util/stream/ReduceOps$8ReducingSink
Event: 128.640 Loading class java/util/stream/ReduceOps$8ReducingSink done
Event: 128.643 Loading class java/nio/DirectLongBufferRU
Event: 128.643 Loading class java/nio/DirectLongBufferRU done
Event: 128.645 Loading class java/util/AbstractList$RandomAccessSubList
Event: 128.645 Loading class java/util/AbstractList$SubList
Event: 128.645 Loading class java/util/AbstractList$SubList done
Event: 128.645 Loading class java/util/AbstractList$RandomAccessSubList done
Event: 128.645 Loading class java/util/AbstractList$SubList$1
Event: 128.645 Loading class java/util/AbstractList$SubList$1 done
Event: 128.645 Loading class java/util/AbstractList$ListItr
Event: 128.645 Loading class java/util/AbstractList$Itr
Event: 128.645 Loading class java/util/AbstractList$Itr done
Event: 128.645 Loading class java/util/AbstractList$ListItr done
Event: 606.575 Loading class java/util/WeakHashMap$KeyIterator
Event: 606.575 Loading class java/util/WeakHashMap$HashIterator
Event: 606.575 Loading class java/util/WeakHashMap$HashIterator done
Event: 606.575 Loading class java/util/WeakHashMap$KeyIterator done
Event: 3862.675 Loading class jdk/internal/misc/Signal$1
Event: 3862.675 Loading class jdk/internal/misc/Signal$1 done

Classes unloaded (0 events):
No events

Classes redefined (0 events):
No events

Internal exceptions (20 events):
Event: 0.964 Thread 0x00006142e44e66d0 Exception <a 'java/lang/NoSuchMethodError'{0x00000000fe3b3c60}: 'void java.lang.invoke.DirectMethodHandle$Holder.invokeInterface(java.lang.Object, java.lang.Object, int)'> (0x00000000fe3b3c60) 
thrown [./src/hotspot/share/interpreter/linkResolver.cpp, line 758]
Event: 0.964 Thread 0x00006142e44e66d0 Exception <a 'java/lang/IncompatibleClassChangeError'{0x00000000fe3b7558}: Found class java.lang.Object, but interface was expected> (0x00000000fe3b7558) 
thrown [./src/hotspot/share/interpreter/linkResolver.cpp, line 826]
Event: 0.985 Thread 0x00006142e44e66d0 Exception <a 'java/lang/NoSuchMethodError'{0x00000000fe5caed8}: 'void java.lang.invoke.Invokers$Holder.invokeExact_MT(java.lang.Object, java.lang.Object, java.lang.Object)'> (0x00000000fe5caed8) 
thrown [./src/hotspot/share/interpreter/linkResolver.cpp, line 758]
Event: 1.015 Thread 0x00006142e44e66d0 Exception <a 'java/lang/NoSuchMethodError'{0x00000000fe661d70}: 'long java.lang.invoke.DirectMethodHandle$Holder.invokeStatic(java.lang.Object)'> (0x00000000fe661d70) 
thrown [./src/hotspot/share/interpreter/linkResolver.cpp, line 758]
Event: 1.016 Thread 0x00006142e44e66d0 Exception <a 'java/lang/NoSuchMethodError'{0x00000000fe665170}: 'long java.lang.invoke.DirectMethodHandle$Holder.invokeStaticInit(java.lang.Object)'> (0x00000000fe665170) 
thrown [./src/hotspot/share/interpreter/linkResolver.cpp, line 758]
Event: 1.019 Thread 0x00006142e44e66d0 Exception <a 'java/lang/NoSuchMethodError'{0x00000000fe68fee8}: 'java.lang.Object java.lang.invoke.DirectMethodHandle$Holder.invokeStatic(java.lang.Object, java.lang.Object, int)'> (0x00000000fe68fee8) 
thrown [./src/hotspot/share/interpreter/linkResolver.cpp, line 758]
Event: 1.020 Thread 0x00006142e44e66d0 Exception <a 'java/lang/NoSuchMethodError'{0x00000000fe69bba0}: 'void java.lang.invoke.DelegatingMethodHandle$Holder.delegate(java.lang.Object, java.lang.Object, int, java.lang.Object)'> (0x00000000fe69bba0) 
thrown [./src/hotspot/share/interpreter/linkResolver.cpp, line 758]
Event: 1.022 Thread 0x00006142e44e66d0 Exception <a 'java/lang/NoSuchMethodError'{0x00000000fe6bf418}: 'void java.lang.invoke.DirectMethodHandle$Holder.invokeStaticInit(java.lang.Object, java.lang.Object)'> (0x00000000fe6bf418) 
thrown [./src/hotspot/share/interpreter/linkResolver.cpp, line 758]
Event: 128.543 Thread 0x00006142e44e66d0 Exception <a 'java/lang/NoSuchMethodError'{0x00000000feb312e0}: 'long java.lang.invoke.DirectMethodHandle$Holder.invokeStatic(java.lang.Object, java.lang.Object)'> (0x00000000feb312e0) 
thrown [./src/hotspot/share/interpreter/linkResolver.cpp, line 758]
Event: 128.553 Thread 0x00006142e44e66d0 Exception <a 'java/lang/NoSuchMethodError'{0x00000000febcfa60}: 'int java.lang.invoke.DirectMethodHandle$Holder.invokeStaticInit(java.lang.Object, java.lang.Object)'> (0x00000000febcfa60) 
thrown [./src/hotspot/share/interpreter/linkResolver.cpp, line 758]
Event: 128.554 Thread 0x00006142e44e66d0 Exception <a 'java/lang/NoSuchMethodError'{0x00000000febdf050}: 'int java.lang.invoke.DirectMethodHandle$Holder.invokeSpecialIFC(java.lang.Object, java.lang.Object, java.lang.Object, java.lang.Object, java.lang.Object)'> (0x00000000febdf050) 
thrown [./src/hotspot/share/interpreter/linkResolver.cpp, line 758]
Event: 128.636 Thread 0x00006142e44e66d0 Exception <a 'java/lang/NoSuchMethodError'{0x00000000fdc620a8}: 'long java.lang.invoke.DirectMethodHandle$Holder.invokeVirtual(java.lang.Object, java.lang.Object)'> (0x00000000fdc620a8) 
thrown [./src/hotspot/share/interpreter/linkResolver.cpp, line 758]
Event: 128.638 Thread 0x00006142e44e66d0 Exception <a 'java/lang/NoSuchMethodError'{0x00000000fdc71040}: 'java.lang.Object java.lang.invoke.DirectMethodHandle$Holder.invokeVirtual(java.lang.Object, java.lang.Object, java.lang.Object)'> (0x00000000fdc71040) 
thrown [./src/hotspot/share/interpreter/linkResolver.cpp, line 758]
Event: 129.576 Thread 0x00006142e44e66d0 Implicit null exception at 0x00007034132745ef to 0x0000703413274650
Event: 129.576 Thread 0x00006142e44e66d0 Implicit null exception at 0x000070341327bd00 to 0x000070341327c3b0
Event: 129.576 Thread 0x00006142e44e66d0 Implicit null exception at 0x00007034132d99a0 to 0x00007034132dbe80
Event: 129.576 Thread 0x00006142e44e66d0 Implicit null exception at 0x00007034132de7f1 to 0x00007034132defc8
Event: 129.576 Thread 0x00006142e44e66d0 Implicit null exception at 0x00007034132ee671 to 0x00007034132eef9c
Event: 129.577 Thread 0x00006142e44e66d0 Implicit null exception at 0x00007034132d7471 to 0x00007034132d7bec
Event: 130.871 Thread 0x00006142e44e66d0 Implicit null exception at 0x0000703413274a60 to 0x0000703413274bd8

VM Operations (20 events):
Event: 2366.574 Executing VM operation: Cleanup done
Event: 2368.574 Executing VM operation: Cleanup
Event: 2368.581 Executing VM operation: Cleanup done
Event: 2381.582 Executing VM operation: Cleanup
Event: 2381.593 Executing VM operation: Cleanup done
Event: 2887.628 Executing VM operation: Cleanup
Event: 2887.628 Executing VM operation: Cleanup done
Event: 3362.662 Executing VM operation: Cleanup
Event: 3362.679 Executing VM operation: Cleanup done
Event: 3366.679 Executing VM operation: Cleanup
Event: 3366.687 Executing VM operation: Cleanup done
Event: 3825.723 Executing VM operation: Cleanup
Event: 3825.723 Executing VM operation: Cleanup done
Event: 3828.723 Executing VM operation: Cleanup
Event: 3828.723 Executing VM operation: Cleanup done
Event: 3833.724 Executing VM operation: Cleanup
Event: 3833.739 Executing VM operation: Cleanup done
Event: 3834.739 Executing VM operation: Cleanup
Event: 3834.739 Executing VM operation: Cleanup done
Event: 3862.678 Executing VM operation: Exit

Memory protections (20 events):
Event: 602.298 Protecting memory [0x00007021c5600000,0x00007021c5604000] with protection modes 0
Event: 602.299 Protecting memory [0x00007033c082c000,0x00007033c0830000] with protection modes 0
Event: 602.313 Protecting memory [0x00007021c5300000,0x00007021c5304000] with protection modes 0
Event: 602.313 Protecting memory [0x00007033c092c000,0x00007033c0930000] with protection modes 0
Event: 606.572 Protecting memory [0x00007033c0b2c000,0x00007033c0b30000] with protection modes 0
Event: 606.576 Protecting memory [0x00007033c0c2c000,0x00007033c0c30000] with protection modes 0
Event: 606.576 Protecting memory [0x00007033c0a2c000,0x00007033c0a30000] with protection modes 0
Event: 1091.574 Protecting memory [0x00007033c0b2c000,0x00007033c0b30000] with protection modes 0
Event: 1091.576 Protecting memory [0x00007033c0c2c000,0x00007033c0c30000] with protection modes 0
Event: 1091.576 Protecting memory [0x00007033c0a2c000,0x00007033c0a30000] with protection modes 0
Event: 1095.306 Protecting memory [0x00007033c0c2c000,0x00007033c0c30000] with protection modes 0
Event: 1774.129 Protecting memory [0x00007033c0c2c000,0x00007033c0c30000] with protection modes 0
Event: 1774.129 Protecting memory [0x00007033c0b2c000,0x00007033c0b30000] with protection modes 0
Event: 1774.130 Protecting memory [0x00007033c0a2c000,0x00007033c0a30000] with protection modes 0
Event: 1777.294 Protecting memory [0x00007033c0b2c000,0x00007033c0b30000] with protection modes 0
Event: 1777.294 Protecting memory [0x00007033c0a2c000,0x00007033c0a30000] with protection modes 0
Event: 3832.197 Protecting memory [0x00007033c0c2c000,0x00007033c0c30000] with protection modes 0
Event: 3862.675 Protecting memory [0x00007033c0c2c000,0x00007033c0c30000] with protection modes 0
Event: 3862.675 Protecting memory [0x00007033c0b2c000,0x00007033c0b30000] with protection modes 0
Event: 3862.676 Protecting memory [0x00007033c0a2c000,0x00007033c0a30000] with protection modes 0

Nmethod flushes (0 events):
No events

Events (20 events):
Event: 1095.306 Thread 0x00006142e671b3a0 Thread added: 0x000070334c0c8f10
Event: 1100.333 Thread 0x000070334c0c8f10 Thread exited: 0x000070334c0c8f10
Event: 1774.129 Thread 0x00006142e671cc40 Thread added: 0x000070334009f980
Event: 1774.129 Thread 0x00006142e671cc40 Thread added: 0x00007033400bb310
Event: 1774.130 Thread 0x000070334009f980 Thread added: 0x000070206403abe0
Event: 1777.242 Thread 0x000070206403abe0 Thread exited: 0x000070206403abe0
Event: 1777.242 Thread 0x00007033400bb310 Thread exited: 0x00007033400bb310
Event: 1777.294 Thread 0x00006142e671cc40 Thread added: 0x00007033400a34a0
Event: 1777.294 Thread 0x00006142e671cc40 Thread added: 0x0000703340048bd0
Event: 1782.295 Thread 0x0000703340048bd0 Thread exited: 0x0000703340048bd0
Event: 1787.295 Thread 0x00007033400a34a0 Thread exited: 0x00007033400a34a0
Event: 1787.295 Thread 0x000070334009f980 Thread exited: 0x000070334009f980
Event: 3832.197 Thread 0x00006142e671cc40 Thread added: 0x000070334004bf80
Event: 3832.864 Thread 0x000070334004bf80 Thread exited: 0x000070334004bf80
Event: 3862.675 Thread 0x00006142e6716b40 Thread added: 0x00007033500019f0
Event: 3862.675 Thread 0x00007033500019f0 Thread added: 0x000070206403b3d0
Event: 3862.676 Thread 0x00007033500019f0 Thread added: 0x000070206403bad0
Event: 3862.676 Thread 0x000070206403b3d0 Thread exited: 0x000070206403b3d0
Event: 3862.678 Thread 0x000070206403bad0 Thread exited: 0x000070206403bad0
Event: 3862.678 Thread 0x00007033500019f0 Before exit entered


Dynamic libraries:
82000000-102000000 rw-p 00000000 00:00 0 
102000000-7fe000000 ---p 00000000 00:00 0 
7fe000000-7fef00000 rw-p 00000000 00:00 0 
7fef00000-7fef75000 rw-p 00c7a000 00:6a 10553192                         /usr/lib/jvm/java-17-openjdk-amd64/lib/server/classes.jsa
7fef75000-7ff000000 rw-p 00000000 00:00 0 
7ff000000-7ff078000 rw-p 00c02000 00:6a 10553192                         /usr/lib/jvm/java-17-openjdk-amd64/lib/server/classes.jsa
7ff078000-800000000 rw-p 00000000 00:00 0 
800000000-800200000 ---p 00000000 00:00 0 
800200000-800400000 rw-s 00000000 00:05 1199                             /dev/nvidia0
800400000-803c00000 rw-s 00000000 00:05 1197                             /dev/nvidiactl
803c00000-804a00000 ---p 00000000 00:00 0 
804a00000-804c00000 rw-s 00000000 00:05 1197                             /dev/nvidiactl
804c00000-804e00000 rw-s 00000000 00:05 1197                             /dev/nvidiactl
804e00000-805000000 rw-s 804e00000 00:05 1223                            /dev/nvidia-uvm
805000000-805600000 ---p 00000000 00:00 0 
805600000-805800000 rw-s 00000000 00:01 5771                             /dev/zero (deleted)
805800000-900200000 ---p 00000000 00:00 0 
10000000000-10004000000 ---p 00000000 00:00 0 
6142b6ff2000-6142b705f000 r--p 00000000 00:6a 9914583                    /usr/bin/python3.10
6142b705f000-6142b7314000 r-xp 0006d000 00:6a 9914583                    /usr/bin/python3.10
6142b7314000-6142b7556000 r--p 00322000 00:6a 9914583                    /usr/bin/python3.10
6142b7556000-6142b755d000 r--p 00563000 00:6a 9914583                    /usr/bin/python3.10
6142b755d000-6142b759c000 rw-p 0056a000 00:6a 9914583                    /usr/bin/python3.10
6142b759c000-6142b75e2000 rw-p 00000000 00:00 0 
6142d8195000-6142f2219000 rw-p 00000000 00:00 0                          [heap]
6142f2219000-6142f2b19000 rw-p 00000000 00:00 0                          [heap]
6142f2b19000-6149bf74e000 rw-p 00000000 00:00 0                          [heap]
701b78000000-701b7bcd2000 rw-p 00000000 00:00 0 
701b7bcd2000-701b7c000000 ---p 00000000 00:00 0 
701b80000000-701b83cd2000 rw-p 00000000 00:00 0 
701b83cd2000-701b84000000 ---p 00000000 00:00 0 
701b90000000-701b93cd2000 rw-p 00000000 00:00 0 
701b93cd2000-701b94000000 ---p 00000000 00:00 0 
701b98000000-701b9bcd2000 rw-p 00000000 00:00 0 
701b9bcd2000-701b9c000000 ---p 00000000 00:00 0 
701ba0000000-701ba3cd2000 rw-p 00000000 00:00 0 
701ba3cd2000-701ba4000000 ---p 00000000 00:00 0 
701ba8000000-701babcd2000 rw-p 00000000 00:00 0 
701babcd2000-701bac000000 ---p 00000000 00:00 0 
701bb8777000-701bc44da000 rw-p 00000000 00:00 0 
701bc44da000-701cee509000 rw-p 00000000 00:6a 10554823                   /home/ubuntu/.cache/huggingface/hub/models--meta-llama--Meta-Llama-3-8B-Instruct/blobs/8d4782b4a69ef03845159ce1a15e272aadaaf134dc138d68f616098e8531729c
701cf3509000-701e18538000 rw-p 00000000 00:6a 10554836                   /home/ubuntu/.cache/huggingface/hub/models--meta-llama--Meta-Llama-3-8B-Instruct/blobs/3acdd690e65c24f42a24581b8467af98bd3ca357444580f8012aacd2bd607921
701e18538000-701f40f5f000 rw-p 00000000 00:6a 10554808                   /home/ubuntu/.cache/huggingface/hub/models--meta-llama--Meta-Llama-3-8B-Instruct/blobs/d8cf9c4d0dd972e1a2131bfe656235ee98221679711a3beef6d46dadf0f20b5c
701f48000000-701f4bcd2000 rw-p 00000000 00:00 0 
701f4bcd2000-701f4c000000 ---p 00000000 00:00 0 
701f50000000-701f53cd2000 rw-p 00000000 00:00 0 
701f53cd2000-701f54000000 ---p 00000000 00:00 0 
701f5c000000-701f5fcd2000 rw-p 00000000 00:00 0 
701f5fcd2000-701f60000000 ---p 00000000 00:00 0 
701f80000000-701f838ab000 rw-p 00000000 00:00 0 
701f838ab000-701f84000000 ---p 00000000 00:00 0 
701f88000000-701f88021000 rw-p 00000000 00:00 0 
701f88021000-701f8c000000 ---p 00000000 00:00 0 
701f8c000000-701f8ff65000 rw-p 00000000 00:00 0 
701f8ff65000-701f90000000 ---p 00000000 00:00 0 
701f90000000-701f93f4b000 rw-p 00000000 00:00 0 
701f93f4b000-701f94000000 ---p 00000000 00:00 0 
701f94000000-701f94021000 rw-p 00000000 00:00 0 
701f94021000-701f98000000 ---p 00000000 00:00 0 
701f98000000-701f9bffd000 rw-p 00000000 00:00 0 
701f9bffd000-701f9c000000 ---p 00000000 00:00 0 
701f9c000000-701f9c104000 rw-p 00000000 00:00 0 
701f9c104000-701fa0000000 ---p 00000000 00:00 0 
701fa0000000-701fa3f51000 rw-p 00000000 00:00 0 
701fa3f51000-701fa4000000 ---p 00000000 00:00 0 
701fa4000000-701fa7f4b000 rw-p 00000000 00:00 0 
701fa7f4b000-701fa8000000 ---p 00000000 00:00 0 
701fa8000000-701fab0e2000 rw-p 00000000 00:00 0 
701fab0e2000-701fac000000 ---p 00000000 00:00 0 
701fac000000-701fac02c000 rw-p 00000000 00:00 0 
701fac02c000-701fb0000000 ---p 00000000 00:00 0 
701fb0000000-701fb315b000 rw-p 00000000 00:00 0 
701fb315b000-701fb4000000 ---p 00000000 00:00 0 
701fb4000000-701fb7f5a000 rw-p 00000000 00:00 0 
701fb7f5a000-701fb8000000 ---p 00000000 00:00 0 
701fb8000000-701fb806e000 rw-p 00000000 00:00 0 
701fb806e000-701fbc000000 ---p 00000000 00:00 0 
701fbc000000-701fbc06f000 rw-p 00000000 00:00 0 
701fbc06f000-701fc0000000 ---p 00000000 00:00 0 
701fc0000000-701fc00c2000 rw-p 00000000 00:00 0 
701fc00c2000-701fc4000000 ---p 00000000 00:00 0 
701fc4000000-701fc4035000 rw-p 00000000 00:00 0 
701fc4035000-701fc8000000 ---p 00000000 00:00 0 
701fc8000000-701fc8095000 rw-p 00000000 00:00 0 
701fc8095000-701fcc000000 ---p 00000000 00:00 0 
701fcc000000-701fcc021000 rw-p 00000000 00:00 0 
701fcc021000-701fd0000000 ---p 00000000 00:00 0 
701fd0000000-701fd0021000 rw-p 00000000 00:00 0 
701fd0021000-701fd4000000 ---p 00000000 00:00 0 
701fd4000000-701fd4070000 rw-p 00000000 00:00 0 
701fd4070000-701fd8000000 ---p 00000000 00:00 0 
701fd8000000-701fd809d000 rw-p 00000000 00:00 0 
701fd809d000-701fdc000000 ---p 00000000 00:00 0 
701fde578000-702023f7f000 rw-p 00000000 00:6a 10554867                   /home/ubuntu/.cache/huggingface/hub/models--meta-llama--Meta-Llama-3-8B-Instruct/blobs/67e9ad31c8c32abf3a55ee7fc7217b3ecb35fd3c74d98a5bd233e0e4d6964f46
702026f8b000-702026f8c000 ---p 00000000 00:00 0 
702026f8c000-70202778c000 rw-p 00000000 00:00 0 
70202778c000-70202778d000 ---p 00000000 00:00 0 
70202778d000-702027f8d000 rw-p 00000000 00:00 0 
702027f8d000-702027f8e000 ---p 00000000 00:00 0 
702027f8e000-70202878e000 rw-p 00000000 00:00 0 
70202878e000-70202878f000 ---p 00000000 00:00 0 
70202878f000-702028f8f000 rw-p 00000000 00:00 0 
70202c000000-70202c075000 rw-p 00000000 00:00 0 
70202c075000-702030000000 ---p 00000000 00:00 0 
702030000000-702030076000 rw-p 00000000 00:00 0 
702030076000-702034000000 ---p 00000000 00:00 0 
702034000000-7020340a0000 rw-p 00000000 00:00 0 
7020340a0000-702038000000 ---p 00000000 00:00 0 
702038000000-70203808d000 rw-p 00000000 00:00 0 
70203808d000-70203c000000 ---p 00000000 00:00 0 
70203c000000-70203c09d000 rw-p 00000000 00:00 0 
70203c09d000-702040000000 ---p 00000000 00:00 0 
702040000000-7020400bb000 rw-p 00000000 00:00 0 
7020400bb000-702044000000 ---p 00000000 00:00 0 
702044000000-70204406b000 rw-p 00000000 00:00 0 
70204406b000-702048000000 ---p 00000000 00:00 0 
702048000000-7020480bd000 rw-p 00000000 00:00 0 
7020480bd000-70204c000000 ---p 00000000 00:00 0 
70204c000000-70204c077000 rw-p 00000000 00:00 0 
70204c077000-702050000000 ---p 00000000 00:00 0 
702050000000-7020500a3000 rw-p 00000000 00:00 0 
7020500a3000-702054000000 ---p 00000000 00:00 0 
702054000000-702054b96000 rw-p 00000000 00:00 0 
702054b96000-702058000000 ---p 00000000 00:00 0 
702058000000-7020581f4000 rw-p 00000000 00:00 0 
7020581f4000-70205c000000 ---p 00000000 00:00 0 
70205c000000-70205c279000 rw-p 00000000 00:00 0 
70205c279000-702060000000 ---p 00000000 00:00 0 
702060000000-7020604bf000 rw-p 00000000 00:00 0 
7020604bf000-702064000000 ---p 00000000 00:00 0 
702064000000-70206550f000 rw-p 00000000 00:00 0 
70206550f000-702068000000 ---p 00000000 00:00 0 
702068183000-702068184000 ---p 00000000 00:00 0 
702068184000-702068984000 rw-p 00000000 00:00 0 
702068984000-702068985000 ---p 00000000 00:00 0 
702068985000-702069185000 rw-p 00000000 00:00 0 
702069185000-702069186000 ---p 00000000 00:00 0 
702069186000-702069986000 rw-p 00000000 00:00 0 
702069986000-702183887000 rw-p 00000000 00:00 0 
702184000000-7021840a2000 rw-p 00000000 00:00 0 
7021840a2000-702188000000 ---p 00000000 00:00 0 
702188000000-702188021000 rw-p 00000000 00:00 0 
702188021000-70218c000000 ---p 00000000 00:00 0 
70218c000000-70218c021000 rw-p 00000000 00:00 0 
70218c021000-702190000000 ---p 00000000 00:00 0 
702190000000-702190021000 rw-p 00000000 00:00 0 
702190021000-702194000000 ---p 00000000 00:00 0 
702194000000-702194021000 rw-p 00000000 00:00 0 
702194021000-702198000000 ---p 00000000 00:00 0 
702198000000-702198021000 rw-p 00000000 00:00 0 
702198021000-70219c000000 ---p 00000000 00:00 0 
70219c000000-70219c021000 rw-p 00000000 00:00 0 
70219c021000-7021a0000000 ---p 00000000 00:00 0 
7021a0000000-7021a0021000 rw-p 00000000 00:00 0 
7021a0021000-7021a4000000 ---p 00000000 00:00 0 
7021a40e3000-7021a40e4000 ---p 00000000 00:00 0 
7021a40e4000-7021a48e4000 rw-p 00000000 00:00 0 
7021a48e4000-7021a48e5000 ---p 00000000 00:00 0 
7021a48e5000-7021a50e5000 rw-p 00000000 00:00 0 
7021a50e5000-7021a50e6000 ---p 00000000 00:00 0 
7021a50e6000-7021a52e6000 rw-p 00000000 00:00 0 
7021a52e6000-7021a52e7000 ---p 00000000 00:00 0 
7021a52e7000-7021a54e7000 rw-p 00000000 00:00 0 
7021a54e7000-7021a54e8000 ---p 00000000 00:00 0 
7021a54e8000-7021a56e8000 rw-p 00000000 00:00 0 
7021a56e8000-7021a56e9000 ---p 00000000 00:00 0 
7021a56e9000-7021a58e9000 rw-p 00000000 00:00 0 
7021a58e9000-7021a58ea000 ---p 00000000 00:00 0 
7021a58ea000-7021a5aea000 rw-p 00000000 00:00 0 
7021a5aea000-7021a5aeb000 ---p 00000000 00:00 0 
7021a5aeb000-7021a5ceb000 rw-p 00000000 00:00 0 
7021a5ceb000-7021a5cec000 ---p 00000000 00:00 0 
7021a5cec000-7021a5eec000 rw-p 00000000 00:00 0 
7021a5eec000-7021a5eed000 ---p 00000000 00:00 0 
7021a5eed000-7021a60ed000 rw-p 00000000 00:00 0 
7021a60ed000-7021a60ee000 ---p 00000000 00:00 0 
7021a60ee000-7021a62ee000 rw-p 00000000 00:00 0 
7021a62ee000-7021a62ef000 ---p 00000000 00:00 0 
7021a62ef000-7021a64ef000 rw-p 00000000 00:00 0 
7021a64ef000-7021a64f0000 ---p 00000000 00:00 0 
7021a64f0000-7021a66f0000 rw-p 00000000 00:00 0 
7021a66f0000-7021a66f1000 ---p 00000000 00:00 0 
7021a66f1000-7021a68f1000 rw-p 00000000 00:00 0 
7021a68f1000-7021a68f2000 ---p 00000000 00:00 0 
7021a68f2000-7021a6af2000 rw-p 00000000 00:00 0 
7021a6af2000-7021a6af3000 ---p 00000000 00:00 0 
7021a6af3000-7021a6cf3000 rw-p 00000000 00:00 0 
7021a6cf3000-7021a6cf4000 ---p 00000000 00:00 0 
7021a6cf4000-7021a6ef4000 rw-p 00000000 00:00 0 
7021a6ef4000-7021a6ef5000 ---p 00000000 00:00 0 
7021a6ef5000-7021a70f5000 rw-p 00000000 00:00 0 
7021a70f5000-7021a70f6000 ---p 00000000 00:00 0 
7021a70f6000-7021a72f6000 rw-p 00000000 00:00 0 
7021a72f6000-7021a72f7000 ---p 00000000 00:00 0 
7021a72f7000-7021a74f7000 rw-p 00000000 00:00 0 
7021a74f7000-7021a74f8000 ---p 00000000 00:00 0 
7021a74f8000-7021a76f8000 rw-p 00000000 00:00 0 
7021a76f8000-7021a76f9000 ---p 00000000 00:00 0 
7021a76f9000-7021a78f9000 rw-p 00000000 00:00 0 
7021a78f9000-7021a78fa000 ---p 00000000 00:00 0 
7021a78fa000-7021a79fa000 rw-p 00000000 00:00 0 
7021a79fa000-7021a79fb000 ---p 00000000 00:00 0 
7021a79fb000-7021a7afb000 rw-p 00000000 00:00 0 
7021a7afb000-7021a7afc000 ---p 00000000 00:00 0 
7021a7afc000-7021a7bfc000 rw-p 00000000 00:00 0 
7021a7bfc000-7021a7bfd000 ---p 00000000 00:00 0 
7021a7bfd000-7021a7cfd000 rw-p 00000000 00:00 0 
7021a7cfd000-7021a7cfe000 ---p 00000000 00:00 0 
7021a7cfe000-7021a7dfe000 rw-p 00000000 00:00 0 
7021a7dfe000-7021a7dff000 ---p 00000000 00:00 0 
7021a7dff000-7021a7eff000 rw-p 00000000 00:00 0 
7021a7eff000-7021a7f00000 ---p 00000000 00:00 0 
7021a7f00000-7021a8000000 rw-p 00000000 00:00 0 
7021a8000000-7021a88a7000 rw-p 00000000 00:00 0 
7021a88a7000-7021ac000000 ---p 00000000 00:00 0 
7021ac000000-7021ac8fc000 rw-p 00000000 00:00 0 
7021ac8fc000-7021b0000000 ---p 00000000 00:00 0 
7021b0000000-7021b0ad8000 rw-p 00000000 00:00 0 
7021b0ad8000-7021b4000000 ---p 00000000 00:00 0 
7021b4000000-7021b4e05000 rw-p 00000000 00:00 0 
7021b4e05000-7021b8000000 ---p 00000000 00:00 0 
7021b8000000-7021b8fd4000 rw-p 00000000 00:00 0 
7021b8fd4000-7021bc000000 ---p 00000000 00:00 0 
7021bc000000-7021bd5a9000 rw-p 00000000 00:00 0 
7021bd5a9000-7021c0000000 ---p 00000000 00:00 0 
7021c0000000-7021c00f4000 rw-p 00000000 00:00 0 
7021c00f4000-7021c4000000 ---p 00000000 00:00 0 
7021c40f8000-7021c40f9000 ---p 00000000 00:00 0 
7021c40f9000-7021c41f9000 rw-p 00000000 00:00 0 
7021c41f9000-7021c41fa000 ---p 00000000 00:00 0 
7021c41fa000-7021c42fa000 rw-p 00000000 00:00 0 
7021c42fa000-7021c42fb000 ---p 00000000 00:00 0 
7021c42fb000-7021c43fb000 rw-p 00000000 00:00 0 
7021c43fb000-7021c43fc000 ---p 00000000 00:00 0 
7021c43fc000-7021c44fc000 rw-p 00000000 00:00 0 
7021c44fc000-7021c44fd000 ---p 00000000 00:00 0 
7021c44fd000-7021c45fd000 rw-p 00000000 00:00 0 
7021c45fd000-7021c45fe000 ---p 00000000 00:00 0 
7021c45fe000-7021c46fe000 rw-p 00000000 00:00 0 
7021c46fe000-7021c46ff000 ---p 00000000 00:00 0 
7021c46ff000-7021c47ff000 rw-p 00000000 00:00 0 
7021c49ff000-7021c4a00000 ---p 00000000 00:00 0 
7021c4a00000-7021c5200000 rw-p 00000000 00:00 0 
7021c5200000-7021c5300000 rw-p 00000000 00:00 0 
7021c5300000-7021c5304000 ---p 00000000 00:00 0 
7021c5304000-7021c5400000 rw-p 00000000 00:00 0 
7021c5400000-7021c5500000 rw-p 00000000 00:00 0 
7021c5500000-7021c5504000 ---p 00000000 00:00 0 
7021c5504000-7021c5600000 rw-p 00000000 00:00 0 
7021c5600000-7021c5604000 ---p 00000000 00:00 0 
7021c5604000-7021c5700000 rw-p 00000000 00:00 0 
7021c5700000-7021c5a00000 rw-p 00000000 00:00 0 
7021c5a00000-7021c5a1b000 r--p 00000000 103:03 106299485                 /usr/lib/x86_64-linux-gnu/libnvidia-ml.so.580.95.05
7021c5a1b000-7021c5b97000 r-xp 0001b000 103:03 106299485                 /usr/lib/x86_64-linux-gnu/libnvidia-ml.so.580.95.05
7021c5b97000-7021c5bfb000 r--p 00197000 103:03 106299485                 /usr/lib/x86_64-linux-gnu/libnvidia-ml.so.580.95.05
7021c5bfb000-7021c5bfc000 ---p 001fb000 103:03 106299485                 /usr/lib/x86_64-linux-gnu/libnvidia-ml.so.580.95.05
7021c5bfc000-7021c5c2c000 r--p 001fb000 103:03 106299485                 /usr/lib/x86_64-linux-gnu/libnvidia-ml.so.580.95.05
7021c5c2c000-7021c5c2f000 rw-p 0022b000 103:03 106299485                 /usr/lib/x86_64-linux-gnu/libnvidia-ml.so.580.95.05
7021c5c2f000-7021c6985000 rw-p 00000000 00:00 0 
7021c69f7000-7021c6af7000 rw-p 00000000 00:00 0 
7021c6af7000-7021c6af8000 ---p 00000000 00:00 0 
7021c6af8000-7021c72f8000 rw-p 00000000 00:00 0 
7021c72f8000-7021c82f8000 rw-p 00000000 00:00 0 
7021c82f8000-7021cb877000 r--p 00000000 00:6a 10095985                   /home/ubuntu/.local/lib/python3.10/site-packages/triton/_C/libtriton.so
7021cb877000-7021d091c000 r-xp 0357e000 00:6a 10095985                   /home/ubuntu/.local/lib/python3.10/site-packages/triton/_C/libtriton.so
7021d091c000-7021d0a4c000 r--p 08622000 00:6a 10095985                   /home/ubuntu/.local/lib/python3.10/site-packages/triton/_C/libtriton.so
7021d0a4c000-7021d0a6f000 rw-p 08751000 00:6a 10095985                   /home/ubuntu/.local/lib/python3.10/site-packages/triton/_C/libtriton.so
7021d0a6f000-7021d2200000 rw-p 00000000 00:00 0 
7021d2200000-7021d22a9000 r-xp 00000000 00:6a 10163489                   /home/ubuntu/.local/lib/python3.10/site-packages/torchvision.libs/libcudart.45e7f3ed.so.12
7021d22a9000-7021d24a9000 ---p 000a9000 00:6a 10163489                   /home/ubuntu/.local/lib/python3.10/site-packages/torchvision.libs/libcudart.45e7f3ed.so.12
7021d24a9000-7021d24ae000 r--p 000a9000 00:6a 10163489                   /home/ubuntu/.local/lib/python3.10/site-packages/torchvision.libs/libcudart.45e7f3ed.so.12
7021d24ae000-7021d24af000 rw-p 000ae000 00:6a 10163489                   /home/ubuntu/.local/lib/python3.10/site-packages/torchvision.libs/libcudart.45e7f3ed.so.12
7021d24af000-7021d24b1000 rw-p 00000000 00:00 0 
7021d2500000-7021d2600000 rw-p 00000000 00:00 0 
7021d2600000-7021d2c5a000 r-xp 00000000 00:6a 10163488                   /home/ubuntu/.local/lib/python3.10/site-packages/torchvision.libs/libnvjpeg.e5f20359.so.12
7021d2c5a000-7021d2e5a000 ---p 0065a000 00:6a 10163488                   /home/ubuntu/.local/lib/python3.10/site-packages/torchvision.libs/libnvjpeg.e5f20359.so.12
7021d2e5a000-7021d2e67000 r--p 0065a000 00:6a 10163488                   /home/ubuntu/.local/lib/python3.10/site-packages/torchvision.libs/libnvjpeg.e5f20359.so.12
7021d2e67000-7021d2e68000 rw-p 00667000 00:6a 10163488                   /home/ubuntu/.local/lib/python3.10/site-packages/torchvision.libs/libnvjpeg.e5f20359.so.12
7021d2e68000-7021d2e6d000 rw-p 00000000 00:00 0 
7021d2f37000-7021d2f44000 r--p 00000000 00:6a 10100093                   /home/ubuntu/.local/lib/python3.10/site-packages/pillow.libs/libfreetype-083ff72c.so.6.20.2
7021d2f44000-7021d300b000 r-xp 0000d000 00:6a 10100093                   /home/ubuntu/.local/lib/python3.10/site-packages/pillow.libs/libfreetype-083ff72c.so.6.20.2
7021d300b000-7021d3037000 r--p 000d4000 00:6a 10100093                   /home/ubuntu/.local/lib/python3.10/site-packages/pillow.libs/libfreetype-083ff72c.so.6.20.2
7021d3037000-7021d303e000 r--p 00100000 00:6a 10100093                   /home/ubuntu/.local/lib/python3.10/site-packages/pillow.libs/libfreetype-083ff72c.so.6.20.2
7021d303e000-7021d3040000 rw-p 00107000 00:6a 10100093                   /home/ubuntu/.local/lib/python3.10/site-packages/pillow.libs/libfreetype-083ff72c.so.6.20.2
7021d3040000-7021d3042000 rw-p 0015a000 00:6a 10100093                   /home/ubuntu/.local/lib/python3.10/site-packages/pillow.libs/libfreetype-083ff72c.so.6.20.2
7021d3042000-7021d3044000 rw-p 0015c000 00:6a 10100093                   /home/ubuntu/.local/lib/python3.10/site-packages/pillow.libs/libfreetype-083ff72c.so.6.20.2
7021d3044000-7021d3144000 rw-p 00000000 00:00 0 
7021d3144000-7021d31e8000 r--p 00000000 00:6a 10163275                   /home/ubuntu/.local/lib/python3.10/site-packages/torchvision/_C.so
7021d31e8000-7021d32fe000 r-xp 000a4000 00:6a 10163275                   /home/ubuntu/.local/lib/python3.10/site-packages/torchvision/_C.so
7021d32fe000-7021d387e000 r--p 001ba000 00:6a 10163275                   /home/ubuntu/.local/lib/python3.10/site-packages/torchvision/_C.so
7021d387e000-7021d3881000 r--p 00739000 00:6a 10163275                   /home/ubuntu/.local/lib/python3.10/site-packages/torchvision/_C.so
7021d3881000-7021d3886000 rw-p 0073c000 00:6a 10163275                   /home/ubuntu/.local/lib/python3.10/site-packages/torchvision/_C.so
7021d3886000-702342188000 rw-p 00000000 00:00 0 
70234218a000-702447f8a000 rw-p 00000000 00:00 0 
702447f8c000-7024c868c000 rw-p 00000000 00:00 0 
7024c868e000-70250928e000 rw-p 00000000 00:00 0 
702509290000-702526f90000 rw-p 00000000 00:00 0 
702526f92000-702533f93000 rw-p 00000000 00:00 0 
70253407c000-70254127c000 rw-p 00000000 00:00 0 
70254127e000-7025a6000000 rw-p 00000000 00:00 0 
7025a6000000-70312b200000 ---p 00000000 00:00 0 
70312b200000-70312b400000 rw-s 00000000 00:01 1158                       /dev/zero (deleted)
70312b400000-70312c000000 ---p 00000000 00:00 0 
70312c000000-70312c021000 rw-p 00000000 00:00 0 
70312c021000-703130000000 ---p 00000000 00:00 0 
703130000000-703130021000 rw-p 00000000 00:00 0 
703130021000-703134000000 ---p 00000000 00:00 0 
703134000000-703134021000 rw-p 00000000 00:00 0 
703134021000-703138000000 ---p 00000000 00:00 0 
703138000000-703138021000 rw-p 00000000 00:00 0 
703138021000-70313c000000 ---p 00000000 00:00 0 
70313c0fe000-70313effe000 rw-p 00000000 00:00 0 
70313effe000-70313efff000 ---p 00000000 00:00 0 
70313efff000-70313f7ff000 rw-p 00000000 00:00 0 
70313f7ff000-70313f800000 ---p 00000000 00:00 0 
70313f800000-703140000000 rw-p 00000000 00:00 0 
703140000000-703140021000 rw-p 00000000 00:00 0 
703140021000-703144000000 ---p 00000000 00:00 0 
703144000000-703144021000 rw-p 00000000 00:00 0 
703144021000-703148000000 ---p 00000000 00:00 0 
703148000000-703148021000 rw-p 00000000 00:00 0 
703148021000-70314c000000 ---p 00000000 00:00 0 
70314c000000-70314c021000 rw-p 00000000 00:00 0 
70314c021000-703150000000 ---p 00000000 00:00 0 
703150000000-703150021000 rw-p 00000000 00:00 0 
703150021000-703154000000 ---p 00000000 00:00 0 
703154000000-703154021000 rw-p 00000000 00:00 0 
703154021000-703158000000 ---p 00000000 00:00 0 
7031580f9000-7031587f9000 rw-p 00000000 00:00 0 
7031587f9000-7031587fa000 ---p 00000000 00:00 0 
7031587fa000-703158ffa000 rw-p 00000000 00:00 0 
703158ffa000-703158ffb000 ---p 00000000 00:00 0 
703158ffb000-7031597fb000 rw-p 00000000 00:00 0 
7031597fb000-7031597fc000 ---p 00000000 00:00 0 
7031597fc000-703159ffc000 rw-p 00000000 00:00 0 
703159ffc000-703159ffd000 ---p 00000000 00:00 0 
703159ffd000-70315a7fd000 rw-p 00000000 00:00 0 
70315a7fd000-70315a7fe000 ---p 00000000 00:00 0 
70315a7fe000-70315affe000 rw-p 00000000 00:00 0 
70315affe000-70315afff000 ---p 00000000 00:00 0 
70315afff000-70315b7ff000 rw-p 00000000 00:00 0 
70315b7ff000-70315b800000 ---p 00000000 00:00 0 
70315b800000-70315c000000 rw-p 00000000 00:00 0 
70315c000000-70315c021000 rw-p 00000000 00:00 0 
70315c021000-703160000000 ---p 00000000 00:00 0 
703160000000-703160021000 rw-p 00000000 00:00 0 
703160021000-703164000000 ---p 00000000 00:00 0 
703164000000-703164021000 rw-p 00000000 00:00 0 
703164021000-703168000000 ---p 00000000 00:00 0 
703168000000-703168021000 rw-p 00000000 00:00 0 
703168021000-70316c000000 ---p 00000000 00:00 0 
70316c000000-70316c021000 rw-p 00000000 00:00 0 
70316c021000-703170000000 ---p 00000000 00:00 0 
703170000000-703170021000 rw-p 00000000 00:00 0 
703170021000-703174000000 ---p 00000000 00:00 0 
703174000000-703174021000 rw-p 00000000 00:00 0 
703174021000-703178000000 ---p 00000000 00:00 0 
703178000000-703178021000 rw-p 00000000 00:00 0 
703178021000-70317c000000 ---p 00000000 00:00 0 
70317c000000-70317c021000 rw-p 00000000 00:00 0 
70317c021000-703180000000 ---p 00000000 00:00 0 
7031800f9000-7031807f9000 rw-p 00000000 00:00 0 
7031807f9000-7031807fa000 ---p 00000000 00:00 0 
7031807fa000-703180ffa000 rw-p 00000000 00:00 0 
703180ffa000-703180ffb000 ---p 00000000 00:00 0 
703180ffb000-7031817fb000 rw-p 00000000 00:00 0 
7031817fb000-7031817fc000 ---p 00000000 00:00 0 
7031817fc000-703181ffc000 rw-p 00000000 00:00 0 
703181ffc000-703181ffd000 ---p 00000000 00:00 0 
703181ffd000-7031827fd000 rw-p 00000000 00:00 0 
7031827fd000-7031827fe000 ---p 00000000 00:00 0 
7031827fe000-703182ffe000 rw-p 00000000 00:00 0 
703182ffe000-703182fff000 ---p 00000000 00:00 0 
703182fff000-7031837ff000 rw-p 00000000 00:00 0 
7031837ff000-703183800000 ---p 00000000 00:00 0 
703183800000-703184000000 rw-p 00000000 00:00 0 
703184000000-703184021000 rw-p 00000000 00:00 0 
703184021000-703188000000 ---p 00000000 00:00 0 
703188000000-703188021000 rw-p 00000000 00:00 0 
703188021000-70318c000000 ---p 00000000 00:00 0 
70318c000000-70318c021000 rw-p 00000000 00:00 0 
70318c021000-703190000000 ---p 00000000 00:00 0 
703190000000-70319a400000 ---p 00000000 00:00 0 
70319a400000-70319a600000 rw-s 00000000 00:05 1197                       /dev/nvidiactl
70319a600000-70319a800000 rw-s 00000000 00:01 5768                       /dev/zero (deleted)
70319a800000-70319aa00000 rw-s 00000000 00:01 5769                       /dev/zero (deleted)
70319aa00000-70319b000000 ---p 00000000 00:00 0 
70319b000000-70319b200000 rw-s 00000000 00:05 1197                       /dev/nvidiactl
70319b200000-70319b400000 ---p 00000000 00:00 0 
70319b400000-70319b600000 rw-s 00000000 00:01 5772                       /dev/zero (deleted)
70319b600000-70319b777000 rw-s 00000000 00:05 1197                       /dev/nvidiactl
70319b777000-70319c000000 ---p 00000000 00:00 0 
70319c000000-70319c021000 rw-p 00000000 00:00 0 
70319c021000-7031a0000000 ---p 00000000 00:00 0 
7031a00da000-7031a05da000 rw-p 00000000 00:00 0 
7031a05da000-7031a05db000 ---p 00000000 00:00 0 
7031a05db000-7031a0ddb000 rw-p 00000000 00:00 0 
7031a0ddb000-7031a0ddc000 ---p 00000000 00:00 0 
7031a0ddc000-7031a15dc000 rw-p 00000000 00:00 0 
7031a15dc000-7031a15dd000 ---p 00000000 00:00 0 
7031a15dd000-7031a1ddd000 rw-p 00000000 00:00 0 
7031a1ddd000-7031a1dde000 ---p 00000000 00:00 0 
7031a1dde000-7031a25de000 rw-p 00000000 00:00 0 
7031a25de000-7031a25df000 ---p 00000000 00:00 0 
7031a25df000-7031a2ddf000 rw-p 00000000 00:00 0 
7031a2ddf000-7031a2de0000 rw-s 00000000 00:05 1197                       /dev/nvidiactl
7031a2de0000-7031a2de1000 rw-s 00000000 00:05 1197                       /dev/nvidiactl
7031a2de1000-7031a2de2000 rw-s 00000000 00:05 1197                       /dev/nvidiactl
7031a2de2000-7031a2de3000 rw-s 00000000 00:05 1197                       /dev/nvidiactl
7031a2de3000-7031a2de4000 rw-s 00000000 00:05 1197                       /dev/nvidiactl
7031a2de4000-7031a2de5000 rw-s 00000000 00:05 1197                       /dev/nvidiactl
7031a2de5000-7031a2de6000 rw-s 00000000 00:05 1197                       /dev/nvidiactl
7031a2de6000-7031a2de7000 rw-s 00000000 00:05 1197                       /dev/nvidiactl
7031a2de7000-7031a2de8000 rw-s 00000000 00:05 1197                       /dev/nvidiactl
7031a2de8000-7031a2de9000 rw-s 00000000 00:05 1197                       /dev/nvidiactl
7031a2de9000-7031a2dea000 rw-s 00000000 00:05 1197                       /dev/nvidiactl
7031a2dea000-7031a2deb000 rw-s 00000000 00:05 1197                       /dev/nvidiactl
7031a2deb000-7031a2dec000 rw-s 00000000 00:05 1197                       /dev/nvidiactl
7031a2dec000-7031a2ded000 rw-s 00000000 00:05 1197                       /dev/nvidiactl
7031a2ded000-7031a2dee000 rw-s 00000000 00:05 1197                       /dev/nvidiactl
7031a2dee000-7031a2def000 rw-s 00000000 00:05 1197                       /dev/nvidiactl
7031a2def000-7031a2df0000 rw-s 00000000 00:05 1197                       /dev/nvidiactl
7031a2df0000-7031a2df1000 rw-s 00000000 00:05 1197                       /dev/nvidiactl
7031a2df1000-7031a2df2000 rw-s 00000000 00:05 1197                       /dev/nvidiactl
7031a2df2000-7031a2df3000 rw-s 00000000 00:05 1197                       /dev/nvidiactl
7031a2df3000-7031a4000000 ---p 00000000 00:00 0 
7031a4000000-7031a4021000 rw-p 00000000 00:00 0 
7031a4021000-7031a8000000 ---p 00000000 00:00 0 
7031a8000000-7031a8021000 rw-p 00000000 00:00 0 
7031a8021000-7031ac000000 ---p 00000000 00:00 0 
7031ac000000-7031ac021000 rw-p 00000000 00:00 0 
7031ac021000-7031b0000000 ---p 00000000 00:00 0 
7031b0000000-7031b0021000 rw-p 00000000 00:00 0 
7031b0021000-7031b4000000 ---p 00000000 00:00 0 
7031b4000000-7031b4021000 rw-p 00000000 00:00 0 
7031b4021000-7031b8000000 ---p 00000000 00:00 0 
7031b80f9000-7031b87f9000 rw-p 00000000 00:00 0 
7031b87f9000-7031b87fa000 ---p 00000000 00:00 0 
7031b87fa000-7031b8ffa000 rw-p 00000000 00:00 0 
7031b8ffa000-7031b8ffb000 ---p 00000000 00:00 0 
7031b8ffb000-7031b97fb000 rw-p 00000000 00:00 0 
7031b97fb000-7031b97fc000 ---p 00000000 00:00 0 
7031b97fc000-7031b9ffc000 rw-p 00000000 00:00 0 
7031b9ffc000-7031b9ffd000 ---p 00000000 00:00 0 
7031b9ffd000-7031ba7fd000 rw-p 00000000 00:00 0 
7031ba7fd000-7031ba7fe000 ---p 00000000 00:00 0 
7031ba7fe000-7031baffe000 rw-p 00000000 00:00 0 
7031baffe000-7031bafff000 ---p 00000000 00:00 0 
7031bafff000-7031bb7ff000 rw-p 00000000 00:00 0 
7031bb7ff000-7031bb800000 ---p 00000000 00:00 0 
7031bb800000-7031bc000000 rw-p 00000000 00:00 0 
7031bc000000-7031bc021000 rw-p 00000000 00:00 0 
7031bc021000-7031c0000000 ---p 00000000 00:00 0 
7031c0000000-7031c0021000 rw-p 00000000 00:00 0 
7031c0021000-7031c4000000 ---p 00000000 00:00 0 
7031c4000000-7031c4021000 rw-p 00000000 00:00 0 
7031c4021000-7031c8000000 ---p 00000000 00:00 0 
7031c8000000-7031c8021000 rw-p 00000000 00:00 0 
7031c8021000-7031cc000000 ---p 00000000 00:00 0 
7031cc000000-7031cc021000 rw-p 00000000 00:00 0 
7031cc021000-7031d0000000 ---p 00000000 00:00 0 
7031d0000000-7031d0021000 rw-p 00000000 00:00 0 
7031d0021000-7031d4000000 ---p 00000000 00:00 0 
7031d4000000-7031d4021000 rw-p 00000000 00:00 0 
7031d4021000-7031d8000000 ---p 00000000 00:00 0 
7031d8000000-7031d8021000 rw-p 00000000 00:00 0 
7031d8021000-7031dc000000 ---p 00000000 00:00 0 
7031dc0f9000-7031dc7f9000 rw-p 00000000 00:00 0 
7031dc7f9000-7031dc7fa000 ---p 00000000 00:00 0 
7031dc7fa000-7031dcffa000 rw-p 00000000 00:00 0 
7031dcffa000-7031dcffb000 ---p 00000000 00:00 0 
7031dcffb000-7031dd7fb000 rw-p 00000000 00:00 0 
7031dd7fb000-7031dd7fc000 ---p 00000000 00:00 0 
7031dd7fc000-7031ddffc000 rw-p 00000000 00:00 0 
7031ddffc000-7031ddffd000 ---p 00000000 00:00 0 
7031ddffd000-7031de7fd000 rw-p 00000000 00:00 0 
7031de7fd000-7031de7fe000 ---p 00000000 00:00 0 
7031de7fe000-7031deffe000 rw-p 00000000 00:00 0 
7031deffe000-7031defff000 ---p 00000000 00:00 0 
7031defff000-7031df7ff000 rw-p 00000000 00:00 0 
7031df7ff000-7031df800000 ---p 00000000 00:00 0 
7031df800000-7031e0000000 rw-p 00000000 00:00 0 
7031e0000000-7031e0021000 rw-p 00000000 00:00 0 
7031e0021000-7031e4000000 ---p 00000000 00:00 0 
7031e4000000-7031e4021000 rw-p 00000000 00:00 0 
7031e4021000-7031e8000000 ---p 00000000 00:00 0 
7031e8000000-7031e8021000 rw-p 00000000 00:00 0 
7031e8021000-7031ec000000 ---p 00000000 00:00 0 
7031ec000000-7031ec021000 rw-p 00000000 00:00 0 
7031ec021000-7031f0000000 ---p 00000000 00:00 0 
7031f0000000-7031f0021000 rw-p 00000000 00:00 0 
7031f0021000-7031f4000000 ---p 00000000 00:00 0 
7031f4000000-7031f4021000 rw-p 00000000 00:00 0 
7031f4021000-7031f8000000 ---p 00000000 00:00 0 
7031f8000000-7031f8021000 rw-p 00000000 00:00 0 
7031f8021000-7031fc000000 ---p 00000000 00:00 0 
7031fc0fb000-7031fc1fb000 rw-p 00000000 00:00 0 
7031fc1fb000-7031fc1fc000 ---p 00000000 00:00 0 
7031fc1fc000-7031fc9fc000 rw-p 00000000 00:00 0 
7031fc9fc000-7031fc9fd000 ---p 00000000 00:00 0 
7031fc9fd000-7031fd1fd000 rw-p 00000000 00:00 0 
7031fd1fd000-7031fd1fe000 ---p 00000000 00:00 0 
7031fd1fe000-7031fd9fe000 rw-p 00000000 00:00 0 
7031fd9fe000-7031fd9ff000 ---p 00000000 00:00 0 
7031fd9ff000-7031fe1ff000 rw-p 00000000 00:00 0 
7031fe1ff000-7031fe200000 ---p 00000000 00:00 0 
7031fe200000-7031fea00000 rw-p 00000000 00:00 0 
7031fea00000-703207ae6000 r-xp 00000000 00:6a 10103813                   /home/ubuntu/.local/lib/python3.10/site-packages/nvidia/cusolver/lib/libcusolver.so.11
703207ae6000-703207ce6000 ---p 090e6000 00:6a 10103813                   /home/ubuntu/.local/lib/python3.10/site-packages/nvidia/cusolver/lib/libcusolver.so.11
703207ce6000-703207cf3000 r--p 090e6000 00:6a 10103813                   /home/ubuntu/.local/lib/python3.10/site-packages/nvidia/cusolver/lib/libcusolver.so.11
703207cf3000-703207d05000 rw-p 090f3000 00:6a 10103813                   /home/ubuntu/.local/lib/python3.10/site-packages/nvidia/cusolver/lib/libcusolver.so.11
703207d05000-703207d0f000 rw-p 00000000 00:00 0 
703207d0f000-703207e00000 ---p 0930f000 00:6a 10103813                   /home/ubuntu/.local/lib/python3.10/site-packages/nvidia/cusolver/lib/libcusolver.so.11
703207e00000-703207e09000 rw-p 09200000 00:6a 10103813                   /home/ubuntu/.local/lib/python3.10/site-packages/nvidia/cusolver/lib/libcusolver.so.11
703207f00000-703208000000 rw-p 00000000 00:00 0 
703208000000-703208021000 rw-p 00000000 00:00 0 
703208021000-70320c000000 ---p 00000000 00:00 0 
70320c0fb000-70320c5fb000 rw-p 00000000 00:00 0 
70320c5fb000-70320c7fb000 rw-s 00000000 00:01 5770                       /dev/zero (deleted)
70320c7fb000-70320c7fc000 ---p 00000000 00:00 0 
70320c7fc000-70320cffc000 rw-p 00000000 00:00 0 
70320cffc000-70320cffd000 ---p 00000000 00:00 0 
70320cffd000-70320d7fd000 rw-p 00000000 00:00 0 
70320d7fd000-70320d7fe000 ---p 00000000 00:00 0 
70320d7fe000-70320dffe000 rw-p 00000000 00:00 0 
70320dffe000-70320dfff000 ---p 00000000 00:00 0 
70320dfff000-70320e7ff000 rw-p 00000000 00:00 0 
70320e7ff000-70320e800000 ---p 00000000 00:00 0 
70320e800000-70320f000000 rw-p 00000000 00:00 0 
70320f000000-703218598000 r--s 00000000 08:00 45646671                   /home/ubuntu/tbazzocchi/FRAG/MedRAG/corpus/wikipedia/index/bm25/_s_Lucene90_0.dvd
703218600000-70321b71c000 r--s 00000000 08:00 45646518                   /home/ubuntu/tbazzocchi/FRAG/MedRAG/corpus/wikipedia/index/bm25/_s.fdt
70321b800000-70321be28000 r--s 00000000 08:00 45646519                   /home/ubuntu/tbazzocchi/FRAG/MedRAG/corpus/wikipedia/index/bm25/_s.nvd
70321bf00000-70321c000000 rw-p 00000000 00:00 0 
70321c000000-70321c258000 r--s 00000000 08:00 45646528                   /home/ubuntu/tbazzocchi/FRAG/MedRAG/corpus/wikipedia/index/bm25/_s_Lucene90_0.tip
70321c300000-70321c400000 rw-p 00000000 00:00 0 
70321c400000-7032211c9000 r--s 00000000 08:00 45646527                   /home/ubuntu/tbazzocchi/FRAG/MedRAG/corpus/wikipedia/index/bm25/_s_Lucene90_0.tim
703221200000-703246ab2000 r--s 00000000 08:00 45646526                   /home/ubuntu/tbazzocchi/FRAG/MedRAG/corpus/wikipedia/index/bm25/_s_Lucene90_0.doc
703246b00000-703246c00000 rw-p 00000000 00:00 0 
703246c00000-703255060000 r--s 00000000 08:00 45646432                   /home/ubuntu/tbazzocchi/FRAG/MedRAG/corpus/wikipedia/index/bm25/_13_Lucene90_0.dvd
703255100000-703255200000 rw-p 00000000 00:00 0 
703255200000-703259c6a000 r--s 00000000 08:00 45646676                   /home/ubuntu/tbazzocchi/FRAG/MedRAG/corpus/wikipedia/index/bm25/_13.fdt
703259d00000-703259e00000 rw-p 00000000 00:00 0 
703259e00000-70325a765000 r--s 00000000 08:00 45646503                   /home/ubuntu/tbazzocchi/FRAG/MedRAG/corpus/wikipedia/index/bm25/_13.nvd
70325a800000-70325ab5f000 r--s 00000000 08:00 45646685                   /home/ubuntu/tbazzocchi/FRAG/MedRAG/corpus/wikipedia/index/bm25/_13_Lucene90_0.tip
70325ac00000-70326189f000 r--s 00000000 08:00 45646684                   /home/ubuntu/tbazzocchi/FRAG/MedRAG/corpus/wikipedia/index/bm25/_13_Lucene90_0.tim
703261900000-703261a00000 rw-p 00000000 00:00 0 
703261a00000-70329b5d9000 r--s 00000000 08:00 45646678                   /home/ubuntu/tbazzocchi/FRAG/MedRAG/corpus/wikipedia/index/bm25/_13_Lucene90_0.doc
70329b600000-70329cf6c000 r--s 00000000 08:00 45646497                   /home/ubuntu/tbazzocchi/FRAG/MedRAG/corpus/wikipedia/index/bm25/_a_Lucene90_0.dvd
70329d000000-70329d84f000 r--s 00000000 08:00 45646313                   /home/ubuntu/tbazzocchi/FRAG/MedRAG/corpus/wikipedia/index/bm25/_a.fdt
70329d8c0000-70329d900000 rwxp 00000000 00:00 0 
70329d900000-70329da00000 rw-p 00000000 00:00 0 
70329da00000-70329eb91000 r--s 00000000 08:00 45646505                   /home/ubuntu/tbazzocchi/FRAG/MedRAG/corpus/wikipedia/index/bm25/_a_Lucene90_0.tim
70329ec00000-7032a5060000 r--s 00000000 08:00 45646504                   /home/ubuntu/tbazzocchi/FRAG/MedRAG/corpus/wikipedia/index/bm25/_a_Lucene90_0.doc
7032a5100000-7032a5200000 rw-p 00000000 00:00 0 
7032a5200000-7032a6d8a000 r--s 00000000 08:00 45646510                   /home/ubuntu/tbazzocchi/FRAG/MedRAG/corpus/wikipedia/index/bm25/_6_Lucene90_0.dvd
7032a6e00000-7032a76ff000 r--s 00000000 08:00 45646303                   /home/ubuntu/tbazzocchi/FRAG/MedRAG/corpus/wikipedia/index/bm25/_6.fdt
7032a7700000-7032a7800000 rw-p 00000000 00:00 0 
7032a7800000-7032a8aa6000 r--s 00000000 08:00 45646523                   /home/ubuntu/tbazzocchi/FRAG/MedRAG/corpus/wikipedia/index/bm25/_6_Lucene90_0.tim
7032a8b00000-7032a8c00000 rw-p 00000000 00:00 0 
7032a8c00000-7032af8ae000 r--s 00000000 08:00 45646522                   /home/ubuntu/tbazzocchi/FRAG/MedRAG/corpus/wikipedia/index/bm25/_6_Lucene90_0.doc
7032af900000-7032afa00000 rw-p 00000000 00:00 0 
7032afa00000-7032b1799000 r--s 00000000 08:00 45646532                   /home/ubuntu/tbazzocchi/FRAG/MedRAG/corpus/wikipedia/index/bm25/_8_Lucene90_0.dvd
7032b1800000-7032b21aa000 r--s 00000000 08:00 45646317                   /home/ubuntu/tbazzocchi/FRAG/MedRAG/corpus/wikipedia/index/bm25/_8.fdt
7032b2200000-7032b35b7000 r--s 00000000 08:00 45646540                   /home/ubuntu/tbazzocchi/FRAG/MedRAG/corpus/wikipedia/index/bm25/_8_Lucene90_0.tim
7032b3600000-7032baae6000 r--s 00000000 08:00 45646539                   /home/ubuntu/tbazzocchi/FRAG/MedRAG/corpus/wikipedia/index/bm25/_8_Lucene90_0.doc
7032bab00000-7032bac00000 rw-p 00000000 00:00 0 
7032bac00000-7032bcbed000 r--s 00000000 08:00 45646545                   /home/ubuntu/tbazzocchi/FRAG/MedRAG/corpus/wikipedia/index/bm25/_2_Lucene90_0.dvd
7032bcc00000-7032bd669000 r--s 00000000 08:00 45646308                   /home/ubuntu/tbazzocchi/FRAG/MedRAG/corpus/wikipedia/index/bm25/_2.fdt
7032bd700000-7032bd800000 rw-p 00000000 00:00 0 
7032bd800000-7032becd6000 r--s 00000000 08:00 45646553                   /home/ubuntu/tbazzocchi/FRAG/MedRAG/corpus/wikipedia/index/bm25/_2_Lucene90_0.tim
7032bed00000-7032bee00000 rw-p 00000000 00:00 0 
7032bee00000-7032c6bf4000 r--s 00000000 08:00 45646552                   /home/ubuntu/tbazzocchi/FRAG/MedRAG/corpus/wikipedia/index/bm25/_2_Lucene90_0.doc
7032c6c00000-7032c84e9000 r--s 00000000 08:00 45646658                   /home/ubuntu/tbazzocchi/FRAG/MedRAG/corpus/wikipedia/index/bm25/_o_Lucene90_0.dvd
7032c8500000-7032c8600000 rw-p 00000000 00:00 0 
7032c8600000-7032c8e1d000 r--s 00000000 08:00 45646468                   /home/ubuntu/tbazzocchi/FRAG/MedRAG/corpus/wikipedia/index/bm25/_o.fdt
7032c8f00000-7032c9000000 rw-p 00000000 00:00 0 
7032c9000000-7032ca116000 r--s 00000000 08:00 45646666                   /home/ubuntu/tbazzocchi/FRAG/MedRAG/corpus/wikipedia/index/bm25/_o_Lucene90_0.tim
7032ca200000-7032d049e000 r--s 00000000 08:00 45646665                   /home/ubuntu/tbazzocchi/FRAG/MedRAG/corpus/wikipedia/index/bm25/_o_Lucene90_0.doc
7032d0500000-7032d0600000 rw-p 00000000 00:00 0 
7032d0600000-7032d20ff000 r--s 00000000 08:00 45646681                   /home/ubuntu/tbazzocchi/FRAG/MedRAG/corpus/wikipedia/index/bm25/_q_Lucene90_0.dvd
7032d2100000-7032d2200000 rw-p 00000000 00:00 0 
7032d2200000-7032d2a72000 r--s 00000000 08:00 45646501                   /home/ubuntu/tbazzocchi/FRAG/MedRAG/corpus/wikipedia/index/bm25/_q.fdt
7032d2b00000-7032d2c00000 rw-p 00000000 00:00 0 
7032d2c00000-7032d3d68000 r--s 00000000 08:00 45646290                   /home/ubuntu/tbazzocchi/FRAG/MedRAG/corpus/wikipedia/index/bm25/_q_Lucene90_0.tim
7032d3e00000-7032da8ff000 r--s 00000000 08:00 45646289                   /home/ubuntu/tbazzocchi/FRAG/MedRAG/corpus/wikipedia/index/bm25/_q_Lucene90_0.doc
7032da900000-7032daa00000 rw-p 00000000 00:00 0 
7032daa00000-7032dbe16000 r--s 00000000 08:00 45646299                   /home/ubuntu/tbazzocchi/FRAG/MedRAG/corpus/wikipedia/index/bm25/_r_Lucene90_0.dvd
7032dbf00000-7032dc000000 rw-p 00000000 00:00 0 
7032dc000000-7032dc688000 r--s 00000000 08:00 45646514                   /home/ubuntu/tbazzocchi/FRAG/MedRAG/corpus/wikipedia/index/bm25/_r.fdt
7032dc700000-7032dc800000 rw-p 00000000 00:00 0 
7032dc800000-7032dd66c000 r--s 00000000 08:00 45646306                   /home/ubuntu/tbazzocchi/FRAG/MedRAG/corpus/wikipedia/index/bm25/_r_Lucene90_0.tim
7032dd700000-7032dd800000 rw-p 00000000 00:00 0 
7032dd800000-7032e278e000 r--s 00000000 08:00 45646305                   /home/ubuntu/tbazzocchi/FRAG/MedRAG/corpus/wikipedia/index/bm25/_r_Lucene90_0.doc
7032e2800000-7032e3200000 r--s 00000000 08:00 45646318                   /home/ubuntu/tbazzocchi/FRAG/MedRAG/corpus/wikipedia/index/bm25/_x_Lucene90_0.dvd
7032e3200000-7032e3542000 r--s 00000000 08:00 45646592                   /home/ubuntu/tbazzocchi/FRAG/MedRAG/corpus/wikipedia/index/bm25/_x.fdt
7032e3600000-7032e3e69000 r--s 00000000 08:00 45646325                   /home/ubuntu/tbazzocchi/FRAG/MedRAG/corpus/wikipedia/index/bm25/_x_Lucene90_0.tim
7032e3f00000-7032e4000000 rw-p 00000000 00:00 0 
7032e4000000-7032e6772000 r--s 00000000 08:00 45646324                   /home/ubuntu/tbazzocchi/FRAG/MedRAG/corpus/wikipedia/index/bm25/_x_Lucene90_0.doc
7032e6800000-7032e6a69000 r--s 00000000 08:00 45646341                   /home/ubuntu/tbazzocchi/FRAG/MedRAG/corpus/wikipedia/index/bm25/_12_Lucene90_0.tim
7032e6b00000-7032e6c00000 rw-p 00000000 00:00 0 
7032e6c00000-7032e72f8000 r--s 00000000 08:00 45646340                   /home/ubuntu/tbazzocchi/FRAG/MedRAG/corpus/wikipedia/index/bm25/_12_Lucene90_0.doc
7032e7300000-7032e7400000 rw-p 00000000 00:00 0 
7032e7400000-7032e7c4d000 r--s 00000000 08:00 45646350                   /home/ubuntu/tbazzocchi/FRAG/MedRAG/corpus/wikipedia/index/bm25/_10_Lucene90_0.dvd
7032e7d00000-7032e7e00000 rw-p 00000000 00:00 0 
7032e7e00000-7032e8093000 r--s 00000000 08:00 45646627                   /home/ubuntu/tbazzocchi/FRAG/MedRAG/corpus/wikipedia/index/bm25/_10.fdt
7032e8100000-7032e8200000 rw-p 00000000 00:00 0 
7032e8200000-7032e88e5000 r--s 00000000 08:00 45646354                   /home/ubuntu/tbazzocchi/FRAG/MedRAG/corpus/wikipedia/index/bm25/_10_Lucene90_0.tim
7032e8900000-7032e8a00000 rw-p 00000000 00:00 0 
7032e8a00000-7032eaa57000 r--s 00000000 08:00 45646353                   /home/ubuntu/tbazzocchi/FRAG/MedRAG/corpus/wikipedia/index/bm25/_10_Lucene90_0.doc
7032eaa5c000-7032eaa5f000 r--p 00000000 00:6a 10163487                   /home/ubuntu/.local/lib/python3.10/site-packages/torchvision.libs/libwebp.32d871e4.so.7
7032eaa5f000-7032eaae9000 r-xp 00003000 00:6a 10163487                   /home/ubuntu/.local/lib/python3.10/site-packages/torchvision.libs/libwebp.32d871e4.so.7
7032eaae9000-7032eaafc000 r--p 0008d000 00:6a 10163487                   /home/ubuntu/.local/lib/python3.10/site-packages/torchvision.libs/libwebp.32d871e4.so.7
7032eaafc000-7032eaafd000 r--p 000a0000 00:6a 10163487                   /home/ubuntu/.local/lib/python3.10/site-packages/torchvision.libs/libwebp.32d871e4.so.7
7032eaafd000-7032eaafe000 rw-p 000a1000 00:6a 10163487                   /home/ubuntu/.local/lib/python3.10/site-packages/torchvision.libs/libwebp.32d871e4.so.7
7032eaafe000-7032eaaff000 rw-p 00000000 00:00 0 
7032eaaff000-7032eab00000 rw-p 000ad000 00:6a 10163487                   /home/ubuntu/.local/lib/python3.10/site-packages/torchvision.libs/libwebp.32d871e4.so.7
7032eab00000-7032eac00000 rw-p 00000000 00:00 0 
7032eac00000-7032ebbc4000 r--s 00000000 08:00 45646361                   /home/ubuntu/tbazzocchi/FRAG/MedRAG/corpus/wikipedia/index/bm25/_u_Lucene90_0.dvd
7032ebc00000-7032ec120000 r--s 00000000 08:00 45646549                   /home/ubuntu/tbazzocchi/FRAG/MedRAG/corpus/wikipedia/index/bm25/_u.fdt
7032ec169000-7032ec16e000 r--p 00000000 00:6a 10163486                   /home/ubuntu/.local/lib/python3.10/site-packages/torchvision.libs/libjpeg.37781fad.so.8
7032ec16e000-7032ec1c3000 r-xp 00005000 00:6a 10163486                   /home/ubuntu/.local/lib/python3.10/site-packages/torchvision.libs/libjpeg.37781fad.so.8
7032ec1c3000-7032ec1fe000 r--p 0005a000 00:6a 10163486                   /home/ubuntu/.local/lib/python3.10/site-packages/torchvision.libs/libjpeg.37781fad.so.8
7032ec1fe000-7032ec1ff000 r--p 00094000 00:6a 10163486                   /home/ubuntu/.local/lib/python3.10/site-packages/torchvision.libs/libjpeg.37781fad.so.8
7032ec1ff000-7032ec200000 rw-p 00095000 00:6a 10163486                   /home/ubuntu/.local/lib/python3.10/site-packages/torchvision.libs/libjpeg.37781fad.so.8
7032ec200000-7032ece00000 r--s 00000000 08:00 45646365                   /home/ubuntu/tbazzocchi/FRAG/MedRAG/corpus/wikipedia/index/bm25/_u_Lucene90_0.tim
7032ece00000-7032f0c6b000 r--s 00000000 08:00 45646364                   /home/ubuntu/tbazzocchi/FRAG/MedRAG/corpus/wikipedia/index/bm25/_u_Lucene90_0.doc
7032f0d00000-7032f0e00000 rw-p 00000000 00:00 0 
7032f0e00000-7032f12e9000 r--s 00000000 08:00 45646376                   /home/ubuntu/tbazzocchi/FRAG/MedRAG/corpus/wikipedia/index/bm25/_11_Lucene90_0.dvd
7032f1300000-7032f1400000 rw-p 00000000 00:00 0 
7032f1400000-7032f18d6000 r--s 00000000 08:00 45646384                   /home/ubuntu/tbazzocchi/FRAG/MedRAG/corpus/wikipedia/index/bm25/_11_Lucene90_0.tim
7032f1900000-7032f1a00000 rw-p 00000000 00:00 0 
7032f1a00000-7032f2d12000 r--s 00000000 08:00 45646379                   /home/ubuntu/tbazzocchi/FRAG/MedRAG/corpus/wikipedia/index/bm25/_11_Lucene90_0.doc
7032f2d22000-7032f2d2e000 r--p 00000000 00:6a 10100094                   /home/ubuntu/.local/lib/python3.10/site-packages/pillow.libs/libharfbuzz-fe5b8f8d.so.0.61121.0
7032f2d2e000-7032f2dab000 r-xp 0000c000 00:6a 10100094                   /home/ubuntu/.local/lib/python3.10/site-packages/pillow.libs/libharfbuzz-fe5b8f8d.so.0.61121.0
7032f2dab000-7032f2df4000 r--p 00089000 00:6a 10100094                   /home/ubuntu/.local/lib/python3.10/site-packages/pillow.libs/libharfbuzz-fe5b8f8d.so.0.61121.0
7032f2df4000-7032f2df5000 r--p 000d1000 00:6a 10100094                   /home/ubuntu/.local/lib/python3.10/site-packages/pillow.libs/libharfbuzz-fe5b8f8d.so.0.61121.0
7032f2df5000-7032f2df7000 rw-p 000d2000 00:6a 10100094                   /home/ubuntu/.local/lib/python3.10/site-packages/pillow.libs/libharfbuzz-fe5b8f8d.so.0.61121.0
7032f2df7000-7032f2dfc000 rw-p 000d5000 00:6a 10100094                   /home/ubuntu/.local/lib/python3.10/site-packages/pillow.libs/libharfbuzz-fe5b8f8d.so.0.61121.0
7032f2dfc000-7032f2e00000 rw-p 000da000 00:6a 10100094                   /home/ubuntu/.local/lib/python3.10/site-packages/pillow.libs/libharfbuzz-fe5b8f8d.so.0.61121.0
7032f2e00000-7032f387f000 r--s 00000000 08:00 45646391                   /home/ubuntu/tbazzocchi/FRAG/MedRAG/corpus/wikipedia/index/bm25/_w_Lucene90_0.dvd
7032f3900000-7032f3a00000 rw-p 00000000 00:00 0 
7032f3a00000-7032f3d6a000 r--s 00000000 08:00 45646582                   /home/ubuntu/tbazzocchi/FRAG/MedRAG/corpus/wikipedia/index/bm25/_w.fdt
7032f3e00000-7032f46d2000 r--s 00000000 08:00 45646399                   /home/ubuntu/tbazzocchi/FRAG/MedRAG/corpus/wikipedia/index/bm25/_w_Lucene90_0.tim
7032f4700000-7032f4800000 rw-p 00000000 00:00 0 
7032f4800000-7032f7158000 r--s 00000000 08:00 45646398                   /home/ubuntu/tbazzocchi/FRAG/MedRAG/corpus/wikipedia/index/bm25/_w_Lucene90_0.doc
7032f7161000-7032f7178000 r--p 00000000 00:6a 10163281                   /home/ubuntu/.local/lib/python3.10/site-packages/torchvision/image.so
7032f7178000-7032f71ab000 r-xp 00017000 00:6a 10163281                   /home/ubuntu/.local/lib/python3.10/site-packages/torchvision/image.so
7032f71ab000-7032f71c1000 r--p 0004a000 00:6a 10163281                   /home/ubuntu/.local/lib/python3.10/site-packages/torchvision/image.so
7032f71c1000-7032f71c2000 r--p 0005f000 00:6a 10163281                   /home/ubuntu/.local/lib/python3.10/site-packages/torchvision/image.so
7032f71c2000-7032f71c4000 rw-p 00060000 00:6a 10163281                   /home/ubuntu/.local/lib/python3.10/site-packages/torchvision/image.so
7032f71c4000-7032f71d0000 rw-p 0007a000 00:6a 10163281                   /home/ubuntu/.local/lib/python3.10/site-packages/torchvision/image.so
7032f71d0000-7032f71dc000 rw-p 00086000 00:6a 10163281                   /home/ubuntu/.local/lib/python3.10/site-packages/torchvision/image.so
7032f71dc000-7032f71e8000 rw-p 00092000 00:6a 10163281                   /home/ubuntu/.local/lib/python3.10/site-packages/torchvision/image.so
7032f71e8000-7032f71f4000 rw-p 0009e000 00:6a 10163281                   /home/ubuntu/.local/lib/python3.10/site-packages/torchvision/image.so
7032f71f4000-7032f7200000 rw-p 000aa000 00:6a 10163281                   /home/ubuntu/.local/lib/python3.10/site-packages/torchvision/image.so
7032f7200000-7032f8e7f000 r--s 00000000 08:00 45646406                   /home/ubuntu/tbazzocchi/FRAG/MedRAG/corpus/wikipedia/index/bm25/_p_Lucene90_0.dvd
7032f8ede000-7032f9000000 r--s 00000000 08:00 45646508                   /home/ubuntu/tbazzocchi/FRAG/MedRAG/corpus/wikipedia/index/bm25/_6.nvd
7032f9000000-7032f98ee000 r--s 00000000 08:00 45646488                   /home/ubuntu/tbazzocchi/FRAG/MedRAG/corpus/wikipedia/index/bm25/_p.fdt
7032f98f4000-7032f9a00000 r--s 00000000 08:00 45646495                   /home/ubuntu/tbazzocchi/FRAG/MedRAG/corpus/wikipedia/index/bm25/_a.nvd
7032f9a00000-7032fac29000 r--s 00000000 08:00 45646414                   /home/ubuntu/tbazzocchi/FRAG/MedRAG/corpus/wikipedia/index/bm25/_p_Lucene90_0.tim
7032fac33000-7032facc8000 r--s 00000000 08:00 45646506                   /home/ubuntu/tbazzocchi/FRAG/MedRAG/corpus/wikipedia/index/bm25/_a_Lucene90_0.tip
7032facc8000-7032fae00000 r--s 00000000 08:00 45646530                   /home/ubuntu/tbazzocchi/FRAG/MedRAG/corpus/wikipedia/index/bm25/_8.nvd
7032fae00000-703301e9b000 r--s 00000000 08:00 45646413                   /home/ubuntu/tbazzocchi/FRAG/MedRAG/corpus/wikipedia/index/bm25/_p_Lucene90_0.doc
703301eb0000-703302000000 r--s 00000000 08:00 45646543                   /home/ubuntu/tbazzocchi/FRAG/MedRAG/corpus/wikipedia/index/bm25/_2.nvd
703302000000-70330282f000 r--s 00000000 08:00 45646421                   /home/ubuntu/tbazzocchi/FRAG/MedRAG/corpus/wikipedia/index/bm25/_z_Lucene90_0.dvd
70330285b000-7033028f9000 r--s 00000000 08:00 45646524                   /home/ubuntu/tbazzocchi/FRAG/MedRAG/corpus/wikipedia/index/bm25/_6_Lucene90_0.tip
7033028f9000-703302a00000 r--s 00000000 08:00 45646656                   /home/ubuntu/tbazzocchi/FRAG/MedRAG/corpus/wikipedia/index/bm25/_o.nvd
703302a00000-703303129000 r--s 00000000 08:00 45646429                   /home/ubuntu/tbazzocchi/FRAG/MedRAG/corpus/wikipedia/index/bm25/_z_Lucene90_0.tim
703303159000-703303200000 r--s 00000000 08:00 45646541                   /home/ubuntu/tbazzocchi/FRAG/MedRAG/corpus/wikipedia/index/bm25/_8_Lucene90_0.tip
703303200000-703305202000 r--s 00000000 08:00 45646428                   /home/ubuntu/tbazzocchi/FRAG/MedRAG/corpus/wikipedia/index/bm25/_z_Lucene90_0.doc
703305234000-7033052e4000 r--s 00000000 08:00 45646554                   /home/ubuntu/tbazzocchi/FRAG/MedRAG/corpus/wikipedia/index/bm25/_2_Lucene90_0.tip
7033052e4000-703305400000 r--s 00000000 08:00 45646679                   /home/ubuntu/tbazzocchi/FRAG/MedRAG/corpus/wikipedia/index/bm25/_q.nvd
703305400000-703306605000 r--s 00000000 08:00 45646442                   /home/ubuntu/tbazzocchi/FRAG/MedRAG/corpus/wikipedia/index/bm25/_t_Lucene90_0.dvd
703306632000-703306800000 r--s 00000000 08:00 45646334                   /home/ubuntu/tbazzocchi/FRAG/MedRAG/corpus/wikipedia/index/bm25/_12_Lucene90_0.dvd
703306800000-703306ddc000 r--s 00000000 08:00 45646536                   /home/ubuntu/tbazzocchi/FRAG/MedRAG/corpus/wikipedia/index/bm25/_t.fdt
703306e00000-703307b55000 r--s 00000000 08:00 45646446                   /home/ubuntu/tbazzocchi/FRAG/MedRAG/corpus/wikipedia/index/bm25/_t_Lucene90_0.tim
703307b6f000-703307c00000 r--s 00000000 08:00 45646667                   /home/ubuntu/tbazzocchi/FRAG/MedRAG/corpus/wikipedia/index/bm25/_o_Lucene90_0.tip
703307c00000-70330c359000 r--s 00000000 08:00 45646445                   /home/ubuntu/tbazzocchi/FRAG/MedRAG/corpus/wikipedia/index/bm25/_t_Lucene90_0.doc
70330c36b000-70330c400000 r--s 00000000 08:00 45646291                   /home/ubuntu/tbazzocchi/FRAG/MedRAG/corpus/wikipedia/index/bm25/_q_Lucene90_0.tip
70330c400000-70330d2a5000 r--s 00000000 08:00 45646457                   /home/ubuntu/tbazzocchi/FRAG/MedRAG/corpus/wikipedia/index/bm25/_v_Lucene90_0.dvd
70330d2b1000-70330d385000 r--s 00000000 08:00 45646295                   /home/ubuntu/tbazzocchi/FRAG/MedRAG/corpus/wikipedia/index/bm25/_r.nvd
70330d385000-70330d400000 r--s 00000000 08:00 45646309                   /home/ubuntu/tbazzocchi/FRAG/MedRAG/corpus/wikipedia/index/bm25/_r_Lucene90_0.tip
70330d400000-70330d8b9000 r--s 00000000 08:00 45646562                   /home/ubuntu/tbazzocchi/FRAG/MedRAG/corpus/wikipedia/index/bm25/_v.fdt
70330d8e8000-70330d8eb000 r--p 00000000 00:6a 10163490                   /home/ubuntu/.local/lib/python3.10/site-packages/torchvision.libs/libz.81d90590.so.1
70330d8eb000-70330d8f9000 r-xp 00003000 00:6a 10163490                   /home/ubuntu/.local/lib/python3.10/site-packages/torchvision.libs/libz.81d90590.so.1
70330d8f9000-70330d900000 r--p 00011000 00:6a 10163490                   /home/ubuntu/.local/lib/python3.10/site-packages/torchvision.libs/libz.81d90590.so.1
70330d900000-70330d901000 r--p 00017000 00:6a 10163490                   /home/ubuntu/.local/lib/python3.10/site-packages/torchvision.libs/libz.81d90590.so.1
70330d901000-70330d902000 rw-p 00018000 00:6a 10163490                   /home/ubuntu/.local/lib/python3.10/site-packages/torchvision.libs/libz.81d90590.so.1
70330d902000-70330d96b000 r--s 00000000 08:00 45646315                   /home/ubuntu/tbazzocchi/FRAG/MedRAG/corpus/wikipedia/index/bm25/_x.nvd
70330d96b000-70330da00000 r--s 00000000 08:00 45646649                   /home/ubuntu/tbazzocchi/FRAG/MedRAG/corpus/wikipedia/index/bm25/_12.fdt
70330da00000-70330e513000 r--s 00000000 08:00 45646301                   /home/ubuntu/tbazzocchi/FRAG/MedRAG/corpus/wikipedia/index/bm25/_v_Lucene90_0.tim
70330e51a000-70330e520000 r--p 00000000 00:6a 10163485                   /home/ubuntu/.local/lib/python3.10/site-packages/torchvision.libs/libpng16.e328d493.so.16
70330e520000-70330e549000 r-xp 00006000 00:6a 10163485                   /home/ubuntu/.local/lib/python3.10/site-packages/torchvision.libs/libpng16.e328d493.so.16
70330e549000-70330e554000 r--p 0002f000 00:6a 10163485                   /home/ubuntu/.local/lib/python3.10/site-packages/torchvision.libs/libpng16.e328d493.so.16
70330e554000-70330e555000 ---p 0003a000 00:6a 10163485                   /home/ubuntu/.local/lib/python3.10/site-packages/torchvision.libs/libpng16.e328d493.so.16
70330e555000-70330e556000 r--p 0003a000 00:6a 10163485                   /home/ubuntu/.local/lib/python3.10/site-packages/torchvision.libs/libpng16.e328d493.so.16
70330e556000-70330e557000 rw-p 0003b000 00:6a 10163485                   /home/ubuntu/.local/lib/python3.10/site-packages/torchvision.libs/libpng16.e328d493.so.16
70330e557000-70330e55a000 rw-p 00042000 00:6a 10163485                   /home/ubuntu/.local/lib/python3.10/site-packages/torchvision.libs/libpng16.e328d493.so.16
70330e55a000-70330e600000 r--s 00000000 08:00 45646359                   /home/ubuntu/tbazzocchi/FRAG/MedRAG/corpus/wikipedia/index/bm25/_u.nvd
70330e600000-703311fb7000 r--s 00000000 08:00 45646296                   /home/ubuntu/tbazzocchi/FRAG/MedRAG/corpus/wikipedia/index/bm25/_v_Lucene90_0.doc
703311fbb000-703311fc0000 r--p 00000000 00:6a 10100099                   /home/ubuntu/.local/lib/python3.10/site-packages/pillow.libs/libpng16-d00bd151.so.16.49.0
703311fc0000-703311ff2000 r-xp 00005000 00:6a 10100099                   /home/ubuntu/.local/lib/python3.10/site-packages/pillow.libs/libpng16-d00bd151.so.16.49.0
703311ff2000-703311ffc000 r--p 00037000 00:6a 10100099                   /home/ubuntu/.local/lib/python3.10/site-packages/pillow.libs/libpng16-d00bd151.so.16.49.0
703311ffc000-703311ffd000 r--p 00040000 00:6a 10100099                   /home/ubuntu/.local/lib/python3.10/site-packages/pillow.libs/libpng16-d00bd151.so.16.49.0
703311ffd000-703311ffe000 rw-p 00041000 00:6a 10100099                   /home/ubuntu/.local/lib/python3.10/site-packages/pillow.libs/libpng16-d00bd151.so.16.49.0
703311ffe000-703312000000 rw-p 00042000 00:6a 10100099                   /home/ubuntu/.local/lib/python3.10/site-packages/pillow.libs/libpng16-d00bd151.so.16.49.0
703312000000-703318000000 ---p 00000000 00:00 0 
703318000000-703318021000 rw-p 00000000 00:00 0 
703318021000-70331c000000 ---p 00000000 00:00 0 
70331c004000-70331c005000 r--p 00000000 00:6a 10100091                   /home/ubuntu/.local/lib/python3.10/site-packages/pillow.libs/libbrotlicommon-c55a5f7a.so.1.1.0
70331c005000-70331c006000 r-xp 00001000 00:6a 10100091                   /home/ubuntu/.local/lib/python3.10/site-packages/pillow.libs/libbrotlicommon-c55a5f7a.so.1.1.0
70331c006000-70331c025000 r--p 00002000 00:6a 10100091                   /home/ubuntu/.local/lib/python3.10/site-packages/pillow.libs/libbrotlicommon-c55a5f7a.so.1.1.0
70331c025000-70331c026000 r--p 00021000 00:6a 10100091                   /home/ubuntu/.local/lib/python3.10/site-packages/pillow.libs/libbrotlicommon-c55a5f7a.so.1.1.0
70331c026000-70331c027000 rw-p 00022000 00:6a 10100091                   /home/ubuntu/.local/lib/python3.10/site-packages/pillow.libs/libbrotlicommon-c55a5f7a.so.1.1.0
70331c027000-70331c028000 rw-p 00023000 00:6a 10100091                   /home/ubuntu/.local/lib/python3.10/site-packages/pillow.libs/libbrotlicommon-c55a5f7a.so.1.1.0
70331c028000-70331c071000 r--s 00000000 08:00 45646326                   /home/ubuntu/tbazzocchi/FRAG/MedRAG/corpus/wikipedia/index/bm25/_x_Lucene90_0.tip
70331c071000-70331c200000 r--s 00000000 08:00 45646640                   /home/ubuntu/tbazzocchi/FRAG/MedRAG/corpus/wikipedia/index/bm25/_11.fdt
70331c200000-70331c4a2000 r--s 00000000 08:00 45646614                   /home/ubuntu/tbazzocchi/FRAG/MedRAG/corpus/wikipedia/index/bm25/_z.fdt
70331c4a8000-70331c4aa000 r--p 00000000 00:6a 9914557                    /usr/lib/x86_64-linux-gnu/libfribidi.so.0.4.0
70331c4aa000-70331c4ad000 r-xp 00002000 00:6a 9914557                    /usr/lib/x86_64-linux-gnu/libfribidi.so.0.4.0
70331c4ad000-70331c4c2000 r--p 00005000 00:6a 9914557                    /usr/lib/x86_64-linux-gnu/libfribidi.so.0.4.0
70331c4c2000-70331c4c3000 r--p 00019000 00:6a 9914557                    /usr/lib/x86_64-linux-gnu/libfribidi.so.0.4.0
70331c4c3000-70331c4c4000 rw-p 0001a000 00:6a 9914557                    /usr/lib/x86_64-linux-gnu/libfribidi.so.0.4.0
70331c4c4000-70331c4c5000 r--p 00000000 00:6a 10100092                   /home/ubuntu/.local/lib/python3.10/site-packages/pillow.libs/libbrotlidec-2ced2f3a.so.1.1.0
70331c4c5000-70331c4ce000 r-xp 00001000 00:6a 10100092                   /home/ubuntu/.local/lib/python3.10/site-packages/pillow.libs/libbrotlidec-2ced2f3a.so.1.1.0
70331c4ce000-70331c4d1000 r--p 0000a000 00:6a 10100092                   /home/ubuntu/.local/lib/python3.10/site-packages/pillow.libs/libbrotlidec-2ced2f3a.so.1.1.0
70331c4d1000-70331c4d2000 r--p 0000c000 00:6a 10100092                   /home/ubuntu/.local/lib/python3.10/site-packages/pillow.libs/libbrotlidec-2ced2f3a.so.1.1.0
70331c4d2000-70331c4d3000 rw-p 0000d000 00:6a 10100092                   /home/ubuntu/.local/lib/python3.10/site-packages/pillow.libs/libbrotlidec-2ced2f3a.so.1.1.0
70331c4d3000-70331c4d4000 rw-p 0000e000 00:6a 10100092                   /home/ubuntu/.local/lib/python3.10/site-packages/pillow.libs/libbrotlidec-2ced2f3a.so.1.1.0
70331c4d4000-70331c4d5000 rw-p 0000f000 00:6a 10100092                   /home/ubuntu/.local/lib/python3.10/site-packages/pillow.libs/libbrotlidec-2ced2f3a.so.1.1.0
70331c4d5000-70331c52b000 r--s 00000000 08:00 45646348                   /home/ubuntu/tbazzocchi/FRAG/MedRAG/corpus/wikipedia/index/bm25/_10.nvd
70331c52b000-70331c592000 r--s 00000000 08:00 45646366                   /home/ubuntu/tbazzocchi/FRAG/MedRAG/corpus/wikipedia/index/bm25/_u_Lucene90_0.tip
70331c592000-70331c600000 r--s 00000000 08:00 45646389                   /home/ubuntu/tbazzocchi/FRAG/MedRAG/corpus/wikipedia/index/bm25/_w.nvd
70331c600000-70331cf72000 r--s 00000000 08:00 45646337                   /home/ubuntu/tbazzocchi/FRAG/MedRAG/corpus/wikipedia/index/bm25/_y_Lucene90_0.dvd
70331cf77000-70331cfb4000 r--s 00000000 08:00 45646355                   /home/ubuntu/tbazzocchi/FRAG/MedRAG/corpus/wikipedia/index/bm25/_10_Lucene90_0.tip
70331cfb4000-70331d000000 r--s 00000000 08:00 45646400                   /home/ubuntu/tbazzocchi/FRAG/MedRAG/corpus/wikipedia/index/bm25/_w_Lucene90_0.tip
70331d000000-70331d81a000 r--s 00000000 08:00 45646380                   /home/ubuntu/tbazzocchi/FRAG/MedRAG/corpus/wikipedia/index/bm25/_y_Lucene90_0.tim
70331d826000-70331d82a000 r--p 00000000 00:6a 10100071                   /home/ubuntu/.local/lib/python3.10/site-packages/PIL/_imagingft.cpython-310-x86_64-linux-gnu.so
70331d82a000-70331d833000 r-xp 00004000 00:6a 10100071                   /home/ubuntu/.local/lib/python3.10/site-packages/PIL/_imagingft.cpython-310-x86_64-linux-gnu.so
70331d833000-70331d835000 r--p 0000d000 00:6a 10100071                   /home/ubuntu/.local/lib/python3.10/site-packages/PIL/_imagingft.cpython-310-x86_64-linux-gnu.so
70331d835000-70331d836000 r--p 0000f000 00:6a 10100071                   /home/ubuntu/.local/lib/python3.10/site-packages/PIL/_imagingft.cpython-310-x86_64-linux-gnu.so
70331d836000-70331d837000 rw-p 00010000 00:6a 10100071                   /home/ubuntu/.local/lib/python3.10/site-packages/PIL/_imagingft.cpython-310-x86_64-linux-gnu.so
70331d837000-70331d838000 rw-p 00047000 00:6a 10100071                   /home/ubuntu/.local/lib/python3.10/site-packages/PIL/_imagingft.cpython-310-x86_64-linux-gnu.so
70331d838000-70331d839000 rw-p 00048000 00:6a 10100071                   /home/ubuntu/.local/lib/python3.10/site-packages/PIL/_imagingft.cpython-310-x86_64-linux-gnu.so
70331d839000-70331d964000 r--s 00000000 08:00 45646404                   /home/ubuntu/tbazzocchi/FRAG/MedRAG/corpus/wikipedia/index/bm25/_p.nvd
70331d964000-70331da00000 r--s 00000000 08:00 45646415                   /home/ubuntu/tbazzocchi/FRAG/MedRAG/corpus/wikipedia/index/bm25/_p_Lucene90_0.tip
70331da00000-70331ff4d000 r--s 00000000 08:00 45646371                   /home/ubuntu/tbazzocchi/FRAG/MedRAG/corpus/wikipedia/index/bm25/_y_Lucene90_0.doc
70331ff53000-70331ff5c000 r--p 00000000 00:00 0 
70331ff5c000-70331ff6c000 rw-p 00000000 00:00 0 
70331ff6c000-70331ffc2000 r--s 00000000 08:00 45646419                   /home/ubuntu/tbazzocchi/FRAG/MedRAG/corpus/wikipedia/index/bm25/_z.nvd
70331ffc2000-703320000000 r--s 00000000 08:00 45646430                   /home/ubuntu/tbazzocchi/FRAG/MedRAG/corpus/wikipedia/index/bm25/_z_Lucene90_0.tip
703320000000-703320855000 rw-p 00000000 00:00 0 
703320855000-703324000000 ---p 00000000 00:00 0 
703324000000-7033252e2000 rw-p 00000000 00:00 0 
7033252e2000-703328000000 ---p 00000000 00:00 0 
703328000000-70332934d000 rw-p 00000000 00:00 0 
70332934d000-70332c000000 ---p 00000000 00:00 0 
70332c000000-70332c1d0000 rw-p 00000000 00:00 0 
70332c1d0000-703330000000 ---p 00000000 00:00 0 
703330000000-703330021000 rw-p 00000000 00:00 0 
703330021000-703334000000 ---p 00000000 00:00 0 
703334000000-7033340b0000 rw-p 00000000 00:00 0 
7033340b0000-703338000000 ---p 00000000 00:00 0 
703338000000-703338021000 rw-p 00000000 00:00 0 
703338021000-70333c000000 ---p 00000000 00:00 0 
70333c000000-70333c021000 rw-p 00000000 00:00 0 
70333c021000-703340000000 ---p 00000000 00:00 0 
703340000000-7033401a1000 rw-p 00000000 00:00 0 
7033401a1000-703344000000 ---p 00000000 00:00 0 
703344000000-703344021000 rw-p 00000000 00:00 0 
703344021000-703348000000 ---p 00000000 00:00 0 
703348000000-703348021000 rw-p 00000000 00:00 0 
703348021000-70334c000000 ---p 00000000 00:00 0 
70334c000000-70334d466000 rw-p 00000000 00:00 0 
70334d466000-703350000000 ---p 00000000 00:00 0 
703350000000-703350021000 rw-p 00000000 00:00 0 
703350021000-703354000000 ---p 00000000 00:00 0 
703354000000-703354021000 rw-p 00000000 00:00 0 
703354021000-703358000000 ---p 00000000 00:00 0 
703358000000-703358021000 rw-p 00000000 00:00 0 
703358021000-70335c000000 ---p 00000000 00:00 0 
70335c000000-70335c021000 rw-p 00000000 00:00 0 
70335c021000-703360000000 ---p 00000000 00:00 0 
703360000000-703360021000 rw-p 00000000 00:00 0 
703360021000-703364000000 ---p 00000000 00:00 0 
703364004000-703364006000 r--p 00000000 00:6a 10045270                   /usr/lib/python3.10/lib-dynload/_lsprof.cpython-310-x86_64-linux-gnu.so
703364006000-703364009000 r-xp 00002000 00:6a 10045270                   /usr/lib/python3.10/lib-dynload/_lsprof.cpython-310-x86_64-linux-gnu.so
703364009000-70336400b000 r--p 00005000 00:6a 10045270                   /usr/lib/python3.10/lib-dynload/_lsprof.cpython-310-x86_64-linux-gnu.so
70336400b000-70336400c000 r--p 00006000 00:6a 10045270                   /usr/lib/python3.10/lib-dynload/_lsprof.cpython-310-x86_64-linux-gnu.so
70336400c000-70336400d000 rw-p 00007000 00:6a 10045270                   /usr/lib/python3.10/lib-dynload/_lsprof.cpython-310-x86_64-linux-gnu.so
70336400d000-703364020000 r--s 00000000 08:00 45646332                   /home/ubuntu/tbazzocchi/FRAG/MedRAG/corpus/wikipedia/index/bm25/_12.nvd
703364020000-703364035000 r--s 00000000 08:00 45646342                   /home/ubuntu/tbazzocchi/FRAG/MedRAG/corpus/wikipedia/index/bm25/_12_Lucene90_0.tip
703364035000-7033640f3000 r--s 00000000 08:00 45646440                   /home/ubuntu/tbazzocchi/FRAG/MedRAG/corpus/wikipedia/index/bm25/_t.nvd
7033640f3000-703364166000 r--s 00000000 08:00 45646447                   /home/ubuntu/tbazzocchi/FRAG/MedRAG/corpus/wikipedia/index/bm25/_t_Lucene90_0.tip
703364166000-703364200000 r--s 00000000 08:00 45646455                   /home/ubuntu/tbazzocchi/FRAG/MedRAG/corpus/wikipedia/index/bm25/_v.nvd
703364200000-703364515000 r--s 00000000 08:00 45646598                   /home/ubuntu/tbazzocchi/FRAG/MedRAG/corpus/wikipedia/index/bm25/_y.fdt
703364518000-70336454b000 r--s 00000000 08:00 45646374                   /home/ubuntu/tbazzocchi/FRAG/MedRAG/corpus/wikipedia/index/bm25/_11.nvd
70336454b000-7033645ab000 r--s 00000000 08:00 45646307                   /home/ubuntu/tbazzocchi/FRAG/MedRAG/corpus/wikipedia/index/bm25/_v_Lucene90_0.tip
7033645ab000-7033647ab000 rw-p 00000000 00:00 0 
7033647ab000-70336485c000 r--p 00000000 00:6a 10237031                   /home/ubuntu/.local/lib/python3.10/site-packages/onnxruntime/capi/onnxruntime_pybind11_state.cpython-310-x86_64-linux-gnu.so
70336485c000-703365997000 r-xp 000b1000 00:6a 10237031                   /home/ubuntu/.local/lib/python3.10/site-packages/onnxruntime/capi/onnxruntime_pybind11_state.cpython-310-x86_64-linux-gnu.so
703365997000-703365d95000 r--p 011ec000 00:6a 10237031                   /home/ubuntu/.local/lib/python3.10/site-packages/onnxruntime/capi/onnxruntime_pybind11_state.cpython-310-x86_64-linux-gnu.so
703365d95000-703365dd5000 r--p 015ea000 00:6a 10237031                   /home/ubuntu/.local/lib/python3.10/site-packages/onnxruntime/capi/onnxruntime_pybind11_state.cpython-310-x86_64-linux-gnu.so
703365dd5000-703365dd8000 rw-p 0162a000 00:6a 10237031                   /home/ubuntu/.local/lib/python3.10/site-packages/onnxruntime/capi/onnxruntime_pybind11_state.cpython-310-x86_64-linux-gnu.so
703365dd8000-703365ddf000 rw-p 00000000 00:00 0 
703365ddf000-703367000000 ---p 00000000 00:00 0 
703367000000-7033673f0000 rw-p 00000000 00:00 0 
7033673f0000-7033678f0000 rw-p 00000000 00:00 0 
7033678f0000-703367ef0000 rw-p 00000000 00:00 0 
703367ef0000-703367f80000 rw-p 00000000 00:00 0 
703367f80000-703368000000 ---p 00000000 00:00 0 
703368000000-7033680e0000 rw-p 00000000 00:00 0 
7033680e0000-70336b000000 ---p 00000000 00:00 0 
70336b000000-70336b455000 rw-p 00001000 00:6a 10553192                   /usr/lib/jvm/java-17-openjdk-amd64/lib/server/classes.jsa
70336b455000-70336bbca000 rw-p 00456000 00:6a 10553192                   /usr/lib/jvm/java-17-openjdk-amd64/lib/server/classes.jsa
70336bbca000-70336c000000 ---p 00000000 00:00 0 
70336c000000-70336c030000 rw-p 00000000 00:00 0 
70336c030000-70336c070000 rw-p 00000000 00:00 0 
70336c070000-70336c0d0000 rw-p 00000000 00:00 0 
70336c0d0000-70336c130000 rw-p 00000000 00:00 0 
70336c130000-70336c230000 rw-p 00000000 00:00 0 
70336c230000-7033ac000000 ---p 00000000 00:00 0 
7033ac000000-7033ac021000 rw-p 00000000 00:00 0 
7033ac021000-7033b0000000 ---p 00000000 00:00 0 
7033b0000000-7033b0021000 rw-p 00000000 00:00 0 
7033b0021000-7033b4000000 ---p 00000000 00:00 0 
7033b4000000-7033b4021000 rw-p 00000000 00:00 0 
7033b4021000-7033b8000000 ---p 00000000 00:00 0 
7033b8000000-7033b8021000 rw-p 00000000 00:00 0 
7033b8021000-7033bc000000 ---p 00000000 00:00 0 
7033bc000000-7033bc021000 rw-p 00000000 00:00 0 
7033bc021000-7033c0000000 ---p 00000000 00:00 0 
7033c0001000-7033c002b000 r--s 00000000 08:00 45646385                   /home/ubuntu/tbazzocchi/FRAG/MedRAG/corpus/wikipedia/index/bm25/_11_Lucene90_0.tip
7033c002b000-7033c002c000 ---p 00000000 00:00 0 
7033c002c000-7033c082c000 rw-p 00000000 00:00 0 
7033c082c000-7033c0830000 ---p 00000000 00:00 0 
7033c0830000-7033c092c000 rw-p 00000000 00:00 0 
7033c092c000-7033c0930000 ---p 00000000 00:00 0 
7033c0930000-7033c0a2c000 rw-p 00000000 00:00 0 
7033c0a2c000-7033c0a30000 ---p 00000000 00:00 0 
7033c0a30000-7033c0b2c000 rw-p 00000000 00:00 0 
7033c0b2c000-7033c0b30000 ---p 00000000 00:00 0 
7033c0b30000-7033c0c2c000 rw-p 00000000 00:00 0 
7033c0c2c000-7033c0c30000 ---p 00000000 00:00 0 
7033c0c30000-7033c0d2c000 rw-p 00000000 00:00 0 
7033c0d2c000-7033c0d30000 ---p 00000000 00:00 0 
7033c0d30000-7033c0e2c000 rw-p 00000000 00:00 0 
7033c0e2c000-7033c0f2c000 rw-p 00000000 00:00 0 
7033c0f2c000-7033c0f2d000 ---p 00000000 00:00 0 
7033c0f2d000-7033c102d000 rw-p 00000000 00:00 0 
7033c102d000-7033c1031000 ---p 00000000 00:00 0 
7033c1031000-7033c112d000 rw-p 00000000 00:00 0 
7033c112d000-7033c1131000 ---p 00000000 00:00 0 
7033c1131000-7033c122d000 rw-p 00000000 00:00 0 
7033c122d000-7033c1231000 ---p 00000000 00:00 0 
7033c1231000-7033c132d000 rw-p 00000000 00:00 0 
7033c132d000-7033c1331000 ---p 00000000 00:00 0 
7033c1331000-7033c142d000 rw-p 00000000 00:00 0 
7033c142d000-7033c1431000 ---p 00000000 00:00 0 
7033c1431000-7033c152d000 rw-p 00000000 00:00 0 
7033c152d000-7033c1531000 ---p 00000000 00:00 0 
7033c1531000-7033c162d000 rw-p 00000000 00:00 0 
7033c162d000-7033c1631000 ---p 00000000 00:00 0 
7033c1631000-7033c172d000 rw-p 00000000 00:00 0 
7033c172d000-7033c1731000 ---p 00000000 00:00 0 
7033c1731000-7033c182d000 rw-p 00000000 00:00 0 
7033c182d000-7033c1831000 ---p 00000000 00:00 0 
7033c1831000-7033c192d000 rw-p 00000000 00:00 0 
7033c192d000-7033c192e000 ---p 00000000 00:00 0 
7033c192e000-7033c1a2e000 rw-p 00000000 00:00 0 
7033c1a2e000-7033c1a33000 r--p 00000000 00:6a 10553174                   /usr/lib/jvm/java-17-openjdk-amd64/lib/libjsvml.so
7033c1a33000-7033c1a74000 r-xp 00005000 00:6a 10553174                   /usr/lib/jvm/java-17-openjdk-amd64/lib/libjsvml.so
7033c1a74000-7033c1afd000 r--p 00046000 00:6a 10553174                   /usr/lib/jvm/java-17-openjdk-amd64/lib/libjsvml.so
7033c1afd000-7033c1afe000 r--p 000ce000 00:6a 10553174                   /usr/lib/jvm/java-17-openjdk-amd64/lib/libjsvml.so
7033c1afe000-7033c1aff000 rw-p 000cf000 00:6a 10553174                   /usr/lib/jvm/java-17-openjdk-amd64/lib/libjsvml.so
7033c1aff000-7033c1b00000 ---p 00000000 00:00 0 
7033c1b00000-7033c1c00000 rw-p 00000000 00:00 0 
7033c1c00000-7033c3c00000 rw-p 00000000 00:00 0 
7033c3c02000-7033c3c66000 r--s 00000000 08:00 45646327                   /home/ubuntu/tbazzocchi/FRAG/MedRAG/corpus/wikipedia/index/bm25/_y.nvd
7033c3c66000-7033c3c67000 ---p 00000000 00:00 0 
7033c3c67000-7033c3d67000 rw-p 00000000 00:00 0 
7033c3d67000-7033c3d68000 ---p 00000000 00:00 0 
7033c3d68000-7033c3e68000 rw-p 00000000 00:00 0 
7033c3e68000-7033c3e69000 ---p 00000000 00:00 0 
7033c3e69000-7033c3f69000 rw-p 00000000 00:00 0 
7033c3f69000-7033c3f6a000 ---p 00000000 00:00 0 
7033c3f6a000-7033c406a000 rw-p 00000000 00:00 0 
7033c406a000-7033c615e000 rw-p 00000000 00:00 0 
7033c615e000-7033e205e000 ---p 00000000 00:00 0 
7033e205e000-7033e40de000 rw-p 00000000 00:00 0 
7033e40de000-7033fffde000 ---p 00000000 00:00 0 
7033fffde000-70340045e000 rw-p 00000000 00:00 0 
70340045e000-703403c3e000 ---p 00000000 00:00 0 
703403c3e000-70340404e000 rw-p 00000000 00:00 0 
70340404e000-70340782e000 ---p 00000000 00:00 0 
70340782e000-703407c3e000 rw-p 00000000 00:00 0 
703407c3e000-70340b41e000 ---p 00000000 00:00 0 
70340b41e000-70340b434000 rw-p 00000000 00:00 0 
70340b434000-70340b517000 ---p 00000000 00:00 0 
70340b517000-70340b521000 rw-p 00000000 00:00 0 
70340b521000-70340b600000 ---p 00000000 00:00 0 
70340b600000-70340bad0000 rwxp 00000000 00:00 0 
70340bad0000-703412a5f000 ---p 00000000 00:00 0 
703412a5f000-703412d5f000 rwxp 00000000 00:00 0 
703412d5f000-7034131a0000 ---p 00000000 00:00 0 
7034131a0000-703413470000 rwxp 00000000 00:00 0 
703413470000-70341a600000 ---p 00000000 00:00 0 
70341a600000-70341a646000 r--s 00000000 08:00 45646381                   /home/ubuntu/tbazzocchi/FRAG/MedRAG/corpus/wikipedia/index/bm25/_y_Lucene90_0.tip
70341a646000-7034220fb000 r--s 00000000 00:6a 10553189                   /usr/lib/jvm/java-17-openjdk-amd64/lib/modules
7034220fb000-70342234c000 r--p 00000000 00:6a 10553195                   /usr/lib/jvm/java-17-openjdk-amd64/lib/server/libjvm.so
70342234c000-7034230c1000 r-xp 00251000 00:6a 10553195                   /usr/lib/jvm/java-17-openjdk-amd64/lib/server/libjvm.so
7034230c1000-703423344000 r--p 00fc6000 00:6a 10553195                   /usr/lib/jvm/java-17-openjdk-amd64/lib/server/libjvm.so
703423344000-703423345000 ---p 01249000 00:6a 10553195                   /usr/lib/jvm/java-17-openjdk-amd64/lib/server/libjvm.so
703423345000-7034233fd000 r--p 01249000 00:6a 10553195                   /usr/lib/jvm/java-17-openjdk-amd64/lib/server/libjvm.so
7034233fd000-703423432000 rw-p 01301000 00:6a 10553195                   /usr/lib/jvm/java-17-openjdk-amd64/lib/server/libjvm.so
703423432000-70342348c000 rw-p 00000000 00:00 0 
70342348c000-703423496000 r--p 00000000 00:6a 10171408                   /home/ubuntu/.local/lib/python3.10/site-packages/jnius/jnius.cpython-310-x86_64-linux-gnu.so
703423496000-703423511000 r-xp 0000a000 00:6a 10171408                   /home/ubuntu/.local/lib/python3.10/site-packages/jnius/jnius.cpython-310-x86_64-linux-gnu.so
703423511000-703423520000 r--p 00085000 00:6a 10171408                   /home/ubuntu/.local/lib/python3.10/site-packages/jnius/jnius.cpython-310-x86_64-linux-gnu.so
703423520000-703423523000 r--p 00093000 00:6a 10171408                   /home/ubuntu/.local/lib/python3.10/site-packages/jnius/jnius.cpython-310-x86_64-linux-gnu.so
703423523000-703423527000 rw-p 00096000 00:6a 10171408                   /home/ubuntu/.local/lib/python3.10/site-packages/jnius/jnius.cpython-310-x86_64-linux-gnu.so
703423527000-703423828000 rw-p 00000000 00:00 0 
703423828000-703423956000 r--p 00000000 00:6a 10171480                   /home/ubuntu/.local/lib/python3.10/site-packages/faiss/_swigfaiss_avx2.cpython-310-x86_64-linux-gnu.so
703423956000-70342395a000 r-xp 0012e000 00:6a 10171480                   /home/ubuntu/.local/lib/python3.10/site-packages/faiss/_swigfaiss_avx2.cpython-310-x86_64-linux-gnu.so
70342395a000-703423960000 ---p 00132000 00:6a 10171480                   /home/ubuntu/.local/lib/python3.10/site-packages/faiss/_swigfaiss_avx2.cpython-310-x86_64-linux-gnu.so
703423960000-70342568d000 r-xp 00138000 00:6a 10171480                   /home/ubuntu/.local/lib/python3.10/site-packages/faiss/_swigfaiss_avx2.cpython-310-x86_64-linux-gnu.so
70342568d000-703425914000 r--p 01e65000 00:6a 10171480                   /home/ubuntu/.local/lib/python3.10/site-packages/faiss/_swigfaiss_avx2.cpython-310-x86_64-linux-gnu.so
703425914000-703425923000 r--p 020eb000 00:6a 10171480                   /home/ubuntu/.local/lib/python3.10/site-packages/faiss/_swigfaiss_avx2.cpython-310-x86_64-linux-gnu.so
703425923000-703425964000 rw-p 020fa000 00:6a 10171480                   /home/ubuntu/.local/lib/python3.10/site-packages/faiss/_swigfaiss_avx2.cpython-310-x86_64-linux-gnu.so
703425964000-703425970000 rw-p 00000000 00:00 0 
703425970000-7034259c1000 rw-p 0213c000 00:6a 10171480                   /home/ubuntu/.local/lib/python3.10/site-packages/faiss/_swigfaiss_avx2.cpython-310-x86_64-linux-gnu.so
7034259c1000-7034259ff000 rw-p 0218d000 00:6a 10171480                   /home/ubuntu/.local/lib/python3.10/site-packages/faiss/_swigfaiss_avx2.cpython-310-x86_64-linux-gnu.so
7034259ff000-703427200000 rw-p 00000000 00:00 0 
703427200000-703427239000 r-xp 00000000 00:6a 11013269                   /home/ubuntu/.local/lib/python3.10/site-packages/kiwisolver/_cext.cpython-310-x86_64-linux-gnu.so
703427239000-703427438000 ---p 00039000 00:6a 11013269                   /home/ubuntu/.local/lib/python3.10/site-packages/kiwisolver/_cext.cpython-310-x86_64-linux-gnu.so
703427438000-703427439000 r--p 00038000 00:6a 11013269                   /home/ubuntu/.local/lib/python3.10/site-packages/kiwisolver/_cext.cpython-310-x86_64-linux-gnu.so
703427439000-70342743a000 rw-p 00039000 00:6a 11013269                   /home/ubuntu/.local/lib/python3.10/site-packages/kiwisolver/_cext.cpython-310-x86_64-linux-gnu.so
70342743a000-70342743b000 rw-p 00000000 00:00 0 
703427440000-703427441000 r--p 00000000 00:6a 10163491                   /home/ubuntu/.local/lib/python3.10/site-packages/torchvision.libs/libsharpyuv.0032f495.so.0
703427441000-703427446000 r-xp 00001000 00:6a 10163491                   /home/ubuntu/.local/lib/python3.10/site-packages/torchvision.libs/libsharpyuv.0032f495.so.0
703427446000-703427447000 r--p 00006000 00:6a 10163491                   /home/ubuntu/.local/lib/python3.10/site-packages/torchvision.libs/libsharpyuv.0032f495.so.0
703427447000-703427448000 r--p 00006000 00:6a 10163491                   /home/ubuntu/.local/lib/python3.10/site-packages/torchvision.libs/libsharpyuv.0032f495.so.0
703427448000-703427449000 rw-p 00007000 00:6a 10163491                   /home/ubuntu/.local/lib/python3.10/site-packages/torchvision.libs/libsharpyuv.0032f495.so.0
703427449000-70342744a000 rw-p 00000000 00:00 0 
70342744a000-70342745a000 -w-s 00000000 00:05 1199                       /dev/nvidia0
70342745a000-70342745c000 r--p 00000000 00:6a 10553188                   /usr/lib/jvm/java-17-openjdk-amd64/lib/libzip.so
70342745c000-703427461000 r-xp 00002000 00:6a 10553188                   /usr/lib/jvm/java-17-openjdk-amd64/lib/libzip.so
703427461000-703427463000 r--p 00007000 00:6a 10553188                   /usr/lib/jvm/java-17-openjdk-amd64/lib/libzip.so
703427463000-703427464000 r--p 00008000 00:6a 10553188                   /usr/lib/jvm/java-17-openjdk-amd64/lib/libzip.so
703427464000-703427465000 rw-p 00009000 00:6a 10553188                   /usr/lib/jvm/java-17-openjdk-amd64/lib/libzip.so
703427465000-703427469000 r--p 00000000 00:6a 10553180                   /usr/lib/jvm/java-17-openjdk-amd64/lib/libnet.so
703427469000-703427477000 r-xp 00004000 00:6a 10553180                   /usr/lib/jvm/java-17-openjdk-amd64/lib/libnet.so
703427477000-70342747b000 r--p 00012000 00:6a 10553180                   /usr/lib/jvm/java-17-openjdk-amd64/lib/libnet.so
70342747b000-70342747c000 r--p 00015000 00:6a 10553180                   /usr/lib/jvm/java-17-openjdk-amd64/lib/libnet.so
70342747c000-70342747d000 rw-p 00016000 00:6a 10553180                   /usr/lib/jvm/java-17-openjdk-amd64/lib/libnet.so
70342747d000-703427484000 r--p 00000000 00:6a 10553181                   /usr/lib/jvm/java-17-openjdk-amd64/lib/libnio.so
703427484000-70342748d000 r-xp 00007000 00:6a 10553181                   /usr/lib/jvm/java-17-openjdk-amd64/lib/libnio.so
70342748d000-703427491000 r--p 00010000 00:6a 10553181                   /usr/lib/jvm/java-17-openjdk-amd64/lib/libnio.so
703427491000-703427492000 ---p 00014000 00:6a 10553181                   /usr/lib/jvm/java-17-openjdk-amd64/lib/libnio.so
703427492000-703427493000 r--p 00014000 00:6a 10553181                   /usr/lib/jvm/java-17-openjdk-amd64/lib/libnio.so
703427493000-703427494000 rw-p 00015000 00:6a 10553181                   /usr/lib/jvm/java-17-openjdk-amd64/lib/libnio.so
703427494000-70342749a000 rw-p 00000000 00:00 0 
70342749a000-7034274a3000 ---p 00000000 00:00 0 
7034274a3000-7034274af000 r--p 00000000 00:6a 10553167                   /usr/lib/jvm/java-17-openjdk-amd64/lib/libjava.so
7034274af000-7034274c2000 r-xp 0000c000 00:6a 10553167                   /usr/lib/jvm/java-17-openjdk-amd64/lib/libjava.so
7034274c2000-7034274c8000 r--p 0001f000 00:6a 10553167                   /usr/lib/jvm/java-17-openjdk-amd64/lib/libjava.so
7034274c8000-7034274c9000 r--p 00024000 00:6a 10553167                   /usr/lib/jvm/java-17-openjdk-amd64/lib/libjava.so
7034274c9000-7034274ca000 rw-p 00025000 00:6a 10553167                   /usr/lib/jvm/java-17-openjdk-amd64/lib/libjava.so
7034274ca000-7034275cb000 rw-p 00000000 00:00 0 
7034275cb000-7034275e4000 r--p 00000000 00:6a 11014157                   /home/ubuntu/.local/lib/python3.10/site-packages/matplotlib/ft2font.cpython-310-x86_64-linux-gnu.so
7034275e4000-7034276b1000 r-xp 00019000 00:6a 11014157                   /home/ubuntu/.local/lib/python3.10/site-packages/matplotlib/ft2font.cpython-310-x86_64-linux-gnu.so
7034276b1000-7034276ee000 r--p 000e6000 00:6a 11014157                   /home/ubuntu/.local/lib/python3.10/site-packages/matplotlib/ft2font.cpython-310-x86_64-linux-gnu.so
7034276ee000-7034276f5000 r--p 00122000 00:6a 11014157                   /home/ubuntu/.local/lib/python3.10/site-packages/matplotlib/ft2font.cpython-310-x86_64-linux-gnu.so
7034276f5000-7034276f6000 rw-p 00129000 00:6a 11014157                   /home/ubuntu/.local/lib/python3.10/site-packages/matplotlib/ft2font.cpython-310-x86_64-linux-gnu.so
7034276f6000-7034279f7000 rw-p 00000000 00:00 0 
7034279f7000-703427a06000 r--p 00000000 00:6a 11014100                   /home/ubuntu/.local/lib/python3.10/site-packages/matplotlib/_image.cpython-310-x86_64-linux-gnu.so
703427a06000-703427a57000 r-xp 0000f000 00:6a 11014100                   /home/ubuntu/.local/lib/python3.10/site-packages/matplotlib/_image.cpython-310-x86_64-linux-gnu.so
703427a57000-703427a68000 r--p 00060000 00:6a 11014100                   /home/ubuntu/.local/lib/python3.10/site-packages/matplotlib/_image.cpython-310-x86_64-linux-gnu.so
703427a68000-703427a69000 r--p 00070000 00:6a 11014100                   /home/ubuntu/.local/lib/python3.10/site-packages/matplotlib/_image.cpython-310-x86_64-linux-gnu.so
703427a69000-703427a6a000 rw-p 00071000 00:6a 11014100                   /home/ubuntu/.local/lib/python3.10/site-packages/matplotlib/_image.cpython-310-x86_64-linux-gnu.so
703427a6a000-703427a6b000 rw-p 00000000 00:00 0 
703427a6b000-703427a7a000 r--p 00000000 00:6a 11014106                   /home/ubuntu/.local/lib/python3.10/site-packages/matplotlib/_path.cpython-310-x86_64-linux-gnu.so
703427a7a000-703427aba000 r-xp 0000f000 00:6a 11014106                   /home/ubuntu/.local/lib/python3.10/site-packages/matplotlib/_path.cpython-310-x86_64-linux-gnu.so
703427aba000-703427aca000 r--p 0004f000 00:6a 11014106                   /home/ubuntu/.local/lib/python3.10/site-packages/matplotlib/_path.cpython-310-x86_64-linux-gnu.so
703427aca000-703427acb000 ---p 0005f000 00:6a 11014106                   /home/ubuntu/.local/lib/python3.10/site-packages/matplotlib/_path.cpython-310-x86_64-linux-gnu.so
703427acb000-703427acc000 r--p 0005f000 00:6a 11014106                   /home/ubuntu/.local/lib/python3.10/site-packages/matplotlib/_path.cpython-310-x86_64-linux-gnu.so
703427acc000-703427acd000 rw-p 00060000 00:6a 11014106                   /home/ubuntu/.local/lib/python3.10/site-packages/matplotlib/_path.cpython-310-x86_64-linux-gnu.so
703427acd000-703427bce000 rw-p 00000000 00:00 0 
703427bce000-703427bdb000 r--p 00000000 00:6a 11014086                   /home/ubuntu/.local/lib/python3.10/site-packages/matplotlib/_c_internal_utils.cpython-310-x86_64-linux-gnu.so
703427bdb000-703427bf5000 r-xp 0000d000 00:6a 11014086                   /home/ubuntu/.local/lib/python3.10/site-packages/matplotlib/_c_internal_utils.cpython-310-x86_64-linux-gnu.so
703427bf5000-703427bfe000 r--p 00027000 00:6a 11014086                   /home/ubuntu/.local/lib/python3.10/site-packages/matplotlib/_c_internal_utils.cpython-310-x86_64-linux-gnu.so
703427bfe000-703427bff000 r--p 0002f000 00:6a 11014086                   /home/ubuntu/.local/lib/python3.10/site-packages/matplotlib/_c_internal_utils.cpython-310-x86_64-linux-gnu.so
703427bff000-703427c00000 rw-p 00030000 00:6a 11014086                   /home/ubuntu/.local/lib/python3.10/site-packages/matplotlib/_c_internal_utils.cpython-310-x86_64-linux-gnu.so
703427c00000-703428200000 rw-p 00000000 00:00 0 
703428200000-703428203000 r-xp 00000000 00:6a 10100089                   /home/ubuntu/.local/lib/python3.10/site-packages/pillow.libs/libXau-154567c4.so.6.0.0
703428203000-703428402000 ---p 00003000 00:6a 10100089                   /home/ubuntu/.local/lib/python3.10/site-packages/pillow.libs/libXau-154567c4.so.6.0.0
703428402000-703428403000 r--p 00002000 00:6a 10100089                   /home/ubuntu/.local/lib/python3.10/site-packages/pillow.libs/libXau-154567c4.so.6.0.0
703428403000-703428404000 rw-p 00000000 00:00 0 
703428404000-703428405000 rw-p 00005000 00:6a 10100089                   /home/ubuntu/.local/lib/python3.10/site-packages/pillow.libs/libXau-154567c4.so.6.0.0
703428405000-703428605000 rw-p 00000000 00:00 0 
703428605000-703428609000 r--p 00000000 00:6a 10100097                   /home/ubuntu/.local/lib/python3.10/site-packages/pillow.libs/liblzma-64b7ab39.so.5.8.1
703428609000-703428636000 r-xp 00004000 00:6a 10100097                   /home/ubuntu/.local/lib/python3.10/site-packages/pillow.libs/liblzma-64b7ab39.so.5.8.1
703428636000-703428643000 r--p 00031000 00:6a 10100097                   /home/ubuntu/.local/lib/python3.10/site-packages/pillow.libs/liblzma-64b7ab39.so.5.8.1
703428643000-703428644000 r--p 0003e000 00:6a 10100097                   /home/ubuntu/.local/lib/python3.10/site-packages/pillow.libs/liblzma-64b7ab39.so.5.8.1
703428644000-703428645000 rw-p 0003f000 00:6a 10100097                   /home/ubuntu/.local/lib/python3.10/site-packages/pillow.libs/liblzma-64b7ab39.so.5.8.1
703428645000-703428647000 rw-p 00040000 00:6a 10100097                   /home/ubuntu/.local/lib/python3.10/site-packages/pillow.libs/liblzma-64b7ab39.so.5.8.1
703428647000-703428653000 r--p 00000000 00:6a 10100105                   /home/ubuntu/.local/lib/python3.10/site-packages/pillow.libs/libxcb-64009ff3.so.1.1.0
703428653000-70342866e000 r-xp 0000c000 00:6a 10100105                   /home/ubuntu/.local/lib/python3.10/site-packages/pillow.libs/libxcb-64009ff3.so.1.1.0
70342866e000-703428678000 r--p 00027000 00:6a 10100105                   /home/ubuntu/.local/lib/python3.10/site-packages/pillow.libs/libxcb-64009ff3.so.1.1.0
703428678000-703428679000 r--p 00030000 00:6a 10100105                   /home/ubuntu/.local/lib/python3.10/site-packages/pillow.libs/libxcb-64009ff3.so.1.1.0
703428679000-70342867a000 rw-p 00031000 00:6a 10100105                   /home/ubuntu/.local/lib/python3.10/site-packages/pillow.libs/libxcb-64009ff3.so.1.1.0
70342867a000-703428680000 rw-p 00033000 00:6a 10100105                   /home/ubuntu/.local/lib/python3.10/site-packages/pillow.libs/libxcb-64009ff3.so.1.1.0
703428680000-703428685000 rw-p 00039000 00:6a 10100105                   /home/ubuntu/.local/lib/python3.10/site-packages/pillow.libs/libxcb-64009ff3.so.1.1.0
703428685000-70342868d000 r--p 00000000 00:6a 10100098                   /home/ubuntu/.local/lib/python3.10/site-packages/pillow.libs/libopenjp2-56811f71.so.2.5.3
70342868d000-7034286fc000 r-xp 00008000 00:6a 10100098                   /home/ubuntu/.local/lib/python3.10/site-packages/pillow.libs/libopenjp2-56811f71.so.2.5.3
7034286fc000-70342870f000 r--p 00077000 00:6a 10100098                   /home/ubuntu/.local/lib/python3.10/site-packages/pillow.libs/libopenjp2-56811f71.so.2.5.3
70342870f000-703428710000 r--p 0008a000 00:6a 10100098                   /home/ubuntu/.local/lib/python3.10/site-packages/pillow.libs/libopenjp2-56811f71.so.2.5.3
703428710000-703428711000 rw-p 0008b000 00:6a 10100098                   /home/ubuntu/.local/lib/python3.10/site-packages/pillow.libs/libopenjp2-56811f71.so.2.5.3
703428711000-703428714000 rw-p 0008d000 00:6a 10100098                   /home/ubuntu/.local/lib/python3.10/site-packages/pillow.libs/libopenjp2-56811f71.so.2.5.3
703428714000-70342871a000 r--p 00000000 00:6a 10100095                   /home/ubuntu/.local/lib/python3.10/site-packages/pillow.libs/libjpeg-8a13c6e0.so.62.4.0
70342871a000-7034287b1000 r-xp 00006000 00:6a 10100095                   /home/ubuntu/.local/lib/python3.10/site-packages/pillow.libs/libjpeg-8a13c6e0.so.62.4.0
7034287b1000-7034287da000 r--p 0009d000 00:6a 10100095                   /home/ubuntu/.local/lib/python3.10/site-packages/pillow.libs/libjpeg-8a13c6e0.so.62.4.0
7034287da000-7034287db000 r--p 000c6000 00:6a 10100095                   /home/ubuntu/.local/lib/python3.10/site-packages/pillow.libs/libjpeg-8a13c6e0.so.62.4.0
7034287db000-7034287dc000 rw-p 000c7000 00:6a 10100095                   /home/ubuntu/.local/lib/python3.10/site-packages/pillow.libs/libjpeg-8a13c6e0.so.62.4.0
7034287dc000-7034287de000 rw-p 000c8000 00:6a 10100095                   /home/ubuntu/.local/lib/python3.10/site-packages/pillow.libs/libjpeg-8a13c6e0.so.62.4.0
7034287de000-7034287e0000 rw-p 000ca000 00:6a 10100095                   /home/ubuntu/.local/lib/python3.10/site-packages/pillow.libs/libjpeg-8a13c6e0.so.62.4.0
7034287e0000-7034287e8000 r--p 00000000 00:6a 10100101                   /home/ubuntu/.local/lib/python3.10/site-packages/pillow.libs/libtiff-13a02c81.so.6.1.0
7034287e8000-70342885b000 r-xp 00008000 00:6a 10100101                   /home/ubuntu/.local/lib/python3.10/site-packages/pillow.libs/libtiff-13a02c81.so.6.1.0
70342885b000-70342888d000 r--p 0007b000 00:6a 10100101                   /home/ubuntu/.local/lib/python3.10/site-packages/pillow.libs/libtiff-13a02c81.so.6.1.0
70342888d000-703428891000 r--p 000ad000 00:6a 10100101                   /home/ubuntu/.local/lib/python3.10/site-packages/pillow.libs/libtiff-13a02c81.so.6.1.0
703428891000-703428892000 rw-p 000b1000 00:6a 10100101                   /home/ubuntu/.local/lib/python3.10/site-packages/pillow.libs/libtiff-13a02c81.so.6.1.0
703428892000-703428894000 rw-p 000b3000 00:6a 10100101                   /home/ubuntu/.local/lib/python3.10/site-packages/pillow.libs/libtiff-13a02c81.so.6.1.0
703428894000-703428896000 rw-p 000b5000 00:6a 10100101                   /home/ubuntu/.local/lib/python3.10/site-packages/pillow.libs/libtiff-13a02c81.so.6.1.0
703428896000-7034288aa000 r--p 00000000 00:6a 10100067                   /home/ubuntu/.local/lib/python3.10/site-packages/PIL/_imaging.cpython-310-x86_64-linux-gnu.so
7034288aa000-703428930000 r-xp 00014000 00:6a 10100067                   /home/ubuntu/.local/lib/python3.10/site-packages/PIL/_imaging.cpython-310-x86_64-linux-gnu.so
703428930000-703428941000 r--p 0009a000 00:6a 10100067                   /home/ubuntu/.local/lib/python3.10/site-packages/PIL/_imaging.cpython-310-x86_64-linux-gnu.so
703428941000-703428945000 r--p 000ab000 00:6a 10100067                   /home/ubuntu/.local/lib/python3.10/site-packages/PIL/_imaging.cpython-310-x86_64-linux-gnu.so
703428945000-703428949000 rw-p 000af000 00:6a 10100067                   /home/ubuntu/.local/lib/python3.10/site-packages/PIL/_imaging.cpython-310-x86_64-linux-gnu.so
703428949000-70342894d000 rw-p 0032a000 00:6a 10100067                   /home/ubuntu/.local/lib/python3.10/site-packages/PIL/_imaging.cpython-310-x86_64-linux-gnu.so
70342894d000-703428950000 rw-p 0032e000 00:6a 10100067                   /home/ubuntu/.local/lib/python3.10/site-packages/PIL/_imaging.cpython-310-x86_64-linux-gnu.so
703428950000-703428a50000 rw-p 00000000 00:00 0 
703428a50000-703428a5c000 r--p 00000000 00:6a 10892898                   /home/ubuntu/.local/lib/python3.10/site-packages/optree/_C.cpython-310-x86_64-linux-gnu.so
703428a5c000-703428ae0000 r-xp 0000c000 00:6a 10892898                   /home/ubuntu/.local/lib/python3.10/site-packages/optree/_C.cpython-310-x86_64-linux-gnu.so
703428ae0000-703428b02000 r--p 00090000 00:6a 10892898                   /home/ubuntu/.local/lib/python3.10/site-packages/optree/_C.cpython-310-x86_64-linux-gnu.so
703428b02000-703428b04000 r--p 000b1000 00:6a 10892898                   /home/ubuntu/.local/lib/python3.10/site-packages/optree/_C.cpython-310-x86_64-linux-gnu.so
703428b04000-703428b05000 rw-p 000b3000 00:6a 10892898                   /home/ubuntu/.local/lib/python3.10/site-packages/optree/_C.cpython-310-x86_64-linux-gnu.so
703428b05000-703428b06000 rw-p 00000000 00:00 0 
703428b06000-70342bfe4000 r--p 00000000 00:6a 11010071                   /home/ubuntu/.local/lib/python3.10/site-packages/tensorflow/python/profiler/internal/_pywrap_profiler_plugin.so
70342bfe4000-70342cffd000 r-xp 034dd000 00:6a 11010071                   /home/ubuntu/.local/lib/python3.10/site-packages/tensorflow/python/profiler/internal/_pywrap_profiler_plugin.so
70342cffd000-70342d06c000 r--p 044f5000 00:6a 11010071                   /home/ubuntu/.local/lib/python3.10/site-packages/tensorflow/python/profiler/internal/_pywrap_profiler_plugin.so
70342d06c000-70342d0db000 rw-p 04563000 00:6a 11010071                   /home/ubuntu/.local/lib/python3.10/site-packages/tensorflow/python/profiler/internal/_pywrap_profiler_plugin.so
70342d0db000-70342d2ed000 rw-p 00000000 00:00 0 
70342d2ed000-70342d2f7000 r--p 00000000 00:6a 10962211                   /home/ubuntu/.local/lib/python3.10/site-packages/tensorflow/python/_pywrap_quantize_training.so
70342d2f7000-70342d309000 r-xp 00009000 00:6a 10962211                   /home/ubuntu/.local/lib/python3.10/site-packages/tensorflow/python/_pywrap_quantize_training.so
70342d309000-70342d30b000 r--p 0001a000 00:6a 10962211                   /home/ubuntu/.local/lib/python3.10/site-packages/tensorflow/python/_pywrap_quantize_training.so
70342d30b000-70342d30c000 rw-p 0001b000 00:6a 10962211                   /home/ubuntu/.local/lib/python3.10/site-packages/tensorflow/python/_pywrap_quantize_training.so
70342d30c000-70342d31a000 r--p 00000000 00:6a 10962853                   /home/ubuntu/.local/lib/python3.10/site-packages/tensorflow/python/tpu/_pywrap_sparse_core_layout.so
70342d31a000-70342d331000 r-xp 0000d000 00:6a 10962853                   /home/ubuntu/.local/lib/python3.10/site-packages/tensorflow/python/tpu/_pywrap_sparse_core_layout.so
70342d331000-70342d333000 r--p 00023000 00:6a 10962853                   /home/ubuntu/.local/lib/python3.10/site-packages/tensorflow/python/tpu/_pywrap_sparse_core_layout.so
70342d333000-70342d334000 rw-p 00024000 00:6a 10962853                   /home/ubuntu/.local/lib/python3.10/site-packages/tensorflow/python/tpu/_pywrap_sparse_core_layout.so
70342d334000-70342d534000 rw-p 00000000 00:00 0 
70342d534000-70342d544000 r--p 00000000 00:6a 10895905                   /home/ubuntu/.local/lib/python3.10/site-packages/tensorflow/compiler/mlir/quantization/tensorflow/python/pywrap_quantize_model.so
70342d544000-70342d55c000 r-xp 0000f000 00:6a 10895905                   /home/ubuntu/.local/lib/python3.10/site-packages/tensorflow/compiler/mlir/quantization/tensorflow/python/pywrap_quantize_model.so
70342d55c000-70342d55e000 r--p 00026000 00:6a 10895905                   /home/ubuntu/.local/lib/python3.10/site-packages/tensorflow/compiler/mlir/quantization/tensorflow/python/pywrap_quantize_model.so
70342d55e000-70342d55f000 rw-p 00027000 00:6a 10895905                   /home/ubuntu/.local/lib/python3.10/site-packages/tensorflow/compiler/mlir/quantization/tensorflow/python/pywrap_quantize_model.so
70342d55f000-70342d56b000 r--p 00000000 00:6a 10962952                   /home/ubuntu/.local/lib/python3.10/site-packages/tensorflow/python/util/_pywrap_tfprof.so
70342d56b000-70342d57d000 r-xp 0000b000 00:6a 10962952                   /home/ubuntu/.local/lib/python3.10/site-packages/tensorflow/python/util/_pywrap_tfprof.so
70342d57d000-70342d57f000 r--p 0001c000 00:6a 10962952                   /home/ubuntu/.local/lib/python3.10/site-packages/tensorflow/python/util/_pywrap_tfprof.so
70342d57f000-70342d580000 rw-p 0001d000 00:6a 10962952                   /home/ubuntu/.local/lib/python3.10/site-packages/tensorflow/python/util/_pywrap_tfprof.so
70342d580000-70342d680000 rw-p 00000000 00:00 0 
70342d680000-70342d68c000 r--p 00000000 00:6a 10962227                   /home/ubuntu/.local/lib/python3.10/site-packages/tensorflow/python/_pywrap_mlir.so
70342d68c000-70342d6a1000 r-xp 0000b000 00:6a 10962227                   /home/ubuntu/.local/lib/python3.10/site-packages/tensorflow/python/_pywrap_mlir.so
70342d6a1000-70342d6a3000 r--p 0001f000 00:6a 10962227                   /home/ubuntu/.local/lib/python3.10/site-packages/tensorflow/python/_pywrap_mlir.so
70342d6a3000-70342d6a4000 rw-p 00020000 00:6a 10962227                   /home/ubuntu/.local/lib/python3.10/site-packages/tensorflow/python/_pywrap_mlir.so
70342d6a4000-70342d6e9000 r--p 00000000 00:6a 11010662                   /home/ubuntu/.local/lib/python3.10/site-packages/tensorflow/lite/experimental/microfrontend/python/ops/_audio_microfrontend_op.so
70342d6e9000-70342d77e000 r-xp 00044000 00:6a 11010662                   /home/ubuntu/.local/lib/python3.10/site-packages/tensorflow/lite/experimental/microfrontend/python/ops/_audio_microfrontend_op.so
70342d77e000-70342d784000 r--p 000d9000 00:6a 11010662                   /home/ubuntu/.local/lib/python3.10/site-packages/tensorflow/lite/experimental/microfrontend/python/ops/_audio_microfrontend_op.so
70342d784000-70342d785000 rw-p 000de000 00:6a 11010662                   /home/ubuntu/.local/lib/python3.10/site-packages/tensorflow/lite/experimental/microfrontend/python/ops/_audio_microfrontend_op.so
70342d785000-70342da87000 rw-p 00000000 00:00 0 
70342da87000-70342da99000 r--p 00000000 00:6a 10895909                   /home/ubuntu/.local/lib/python3.10/site-packages/tensorflow/compiler/mlir/quantization/tensorflow/python/pywrap_function_lib.so
70342da99000-70342dab7000 r-xp 00011000 00:6a 10895909                   /home/ubuntu/.local/lib/python3.10/site-packages/tensorflow/compiler/mlir/quantization/tensorflow/python/pywrap_function_lib.so
70342dab7000-70342dab9000 r--p 0002e000 00:6a 10895909                   /home/ubuntu/.local/lib/python3.10/site-packages/tensorflow/compiler/mlir/quantization/tensorflow/python/pywrap_function_lib.so
70342dab9000-70342daba000 rw-p 0002f000 00:6a 10895909                   /home/ubuntu/.local/lib/python3.10/site-packages/tensorflow/compiler/mlir/quantization/tensorflow/python/pywrap_function_lib.so
70342daba000-70342dac6000 r--p 00000000 00:6a 10895886                   /home/ubuntu/.local/lib/python3.10/site-packages/tensorflow/compiler/mlir/lite/python/_pywrap_converter_api.so
70342dac6000-70342dadb000 r-xp 0000b000 00:6a 10895886                   /home/ubuntu/.local/lib/python3.10/site-packages/tensorflow/compiler/mlir/lite/python/_pywrap_converter_api.so
70342dadb000-70342dadd000 r--p 0001f000 00:6a 10895886                   /home/ubuntu/.local/lib/python3.10/site-packages/tensorflow/compiler/mlir/lite/python/_pywrap_converter_api.so
70342dadd000-70342dade000 rw-p 00020000 00:6a 10895886                   /home/ubuntu/.local/lib/python3.10/site-packages/tensorflow/compiler/mlir/lite/python/_pywrap_converter_api.so
70342dade000-70342dbde000 rw-p 00000000 00:00 0 
70342dbde000-70342dbe8000 r--p 00000000 00:6a 10963266                   /home/ubuntu/.local/lib/python3.10/site-packages/tensorflow/python/framework/_pywrap_python_op_gen.so
70342dbe8000-70342dbf9000 r-xp 00009000 00:6a 10963266                   /home/ubuntu/.local/lib/python3.10/site-packages/tensorflow/python/framework/_pywrap_python_op_gen.so
70342dbf9000-70342dbfb000 r--p 00019000 00:6a 10963266                   /home/ubuntu/.local/lib/python3.10/site-packages/tensorflow/python/framework/_pywrap_python_op_gen.so
70342dbfb000-70342dbfc000 rw-p 0001a000 00:6a 10963266                   /home/ubuntu/.local/lib/python3.10/site-packages/tensorflow/python/framework/_pywrap_python_op_gen.so
70342dbfc000-70342dcfc000 rw-p 00000000 00:00 0 
70342dcfc000-70342dd08000 r--p 00000000 00:6a 10962883                   /home/ubuntu/.local/lib/python3.10/site-packages/tensorflow/python/client/_pywrap_debug_events_writer.so
70342dd08000-70342dd1d000 r-xp 0000b000 00:6a 10962883                   /home/ubuntu/.local/lib/python3.10/site-packages/tensorflow/python/client/_pywrap_debug_events_writer.so
70342dd1d000-70342dd1e000 r--p 0001f000 00:6a 10962883                   /home/ubuntu/.local/lib/python3.10/site-packages/tensorflow/python/client/_pywrap_debug_events_writer.so
70342dd1e000-70342dd20000 rw-p 0001f000 00:6a 10962883                   /home/ubuntu/.local/lib/python3.10/site-packages/tensorflow/python/client/_pywrap_debug_events_writer.so
70342dd20000-70342de20000 rw-p 00000000 00:00 0 
70342de20000-70342de2c000 r--p 00000000 00:6a 10962956                   /home/ubuntu/.local/lib/python3.10/site-packages/tensorflow/python/util/fast_module_type.so
70342de2c000-70342de3e000 r-xp 0000b000 00:6a 10962956                   /home/ubuntu/.local/lib/python3.10/site-packages/tensorflow/python/util/fast_module_type.so
70342de3e000-70342de40000 r--p 0001c000 00:6a 10962956                   /home/ubuntu/.local/lib/python3.10/site-packages/tensorflow/python/util/fast_module_type.so
70342de40000-70342de41000 rw-p 0001d000 00:6a 10962956                   /home/ubuntu/.local/lib/python3.10/site-packages/tensorflow/python/util/fast_module_type.so
70342de41000-70342e041000 rw-p 00000000 00:00 0 
70342e041000-70342e058000 r--p 00000000 00:6a 10963189                   /home/ubuntu/.local/lib/python3.10/site-packages/tensorflow/python/grappler/_pywrap_tf_cluster.so
70342e058000-70342e07a000 r-xp 00016000 00:6a 10963189                   /home/ubuntu/.local/lib/python3.10/site-packages/tensorflow/python/grappler/_pywrap_tf_cluster.so
70342e07a000-70342e07c000 r--p 00037000 00:6a 10963189                   /home/ubuntu/.local/lib/python3.10/site-packages/tensorflow/python/grappler/_pywrap_tf_cluster.so
70342e07c000-70342e07d000 rw-p 00038000 00:6a 10963189                   /home/ubuntu/.local/lib/python3.10/site-packages/tensorflow/python/grappler/_pywrap_tf_cluster.so
70342e07d000-70342e08d000 r--p 00000000 00:6a 10963186                   /home/ubuntu/.local/lib/python3.10/site-packages/tensorflow/python/grappler/_pywrap_tf_optimizer.so
70342e08d000-70342e0a3000 r-xp 0000f000 00:6a 10963186                   /home/ubuntu/.local/lib/python3.10/site-packages/tensorflow/python/grappler/_pywrap_tf_optimizer.so
70342e0a3000-70342e0a5000 r--p 00024000 00:6a 10963186                   /home/ubuntu/.local/lib/python3.10/site-packages/tensorflow/python/grappler/_pywrap_tf_optimizer.so
70342e0a5000-70342e0a6000 rw-p 00025000 00:6a 10963186                   /home/ubuntu/.local/lib/python3.10/site-packages/tensorflow/python/grappler/_pywrap_tf_optimizer.so
70342e0a6000-70342e0b1000 r--p 00000000 00:6a 10895864                   /home/ubuntu/.local/lib/python3.10/site-packages/tensorflow/compiler/tf2tensorrt/_pywrap_py_utils.so
70342e0b1000-70342e0c3000 r-xp 0000a000 00:6a 10895864                   /home/ubuntu/.local/lib/python3.10/site-packages/tensorflow/compiler/tf2tensorrt/_pywrap_py_utils.so
70342e0c3000-70342e0c5000 r--p 0001b000 00:6a 10895864                   /home/ubuntu/.local/lib/python3.10/site-packages/tensorflow/compiler/tf2tensorrt/_pywrap_py_utils.so
70342e0c5000-70342e0c6000 rw-p 0001c000 00:6a 10895864                   /home/ubuntu/.local/lib/python3.10/site-packages/tensorflow/compiler/tf2tensorrt/_pywrap_py_utils.so
70342e0c6000-70342e6c6000 rw-p 00000000 00:00 0 
70342e6c6000-70342e6d3000 r--p 00000000 00:6a 10962881                   /home/ubuntu/.local/lib/python3.10/site-packages/tensorflow/python/client/_pywrap_events_writer.so
70342e6d3000-70342e6eb000 r-xp 0000c000 00:6a 10962881                   /home/ubuntu/.local/lib/python3.10/site-packages/tensorflow/python/client/_pywrap_events_writer.so
70342e6eb000-70342e6ed000 r--p 00023000 00:6a 10962881                   /home/ubuntu/.local/lib/python3.10/site-packages/tensorflow/python/client/_pywrap_events_writer.so
70342e6ed000-70342e6ee000 rw-p 00024000 00:6a 10962881                   /home/ubuntu/.local/lib/python3.10/site-packages/tensorflow/python/client/_pywrap_events_writer.so
70342e6ee000-70342e7ee000 rw-p 00000000 00:00 0 
70342e7ee000-70342e7f8000 r--p 00000000 00:6a 10962946                   /home/ubuntu/.local/lib/python3.10/site-packages/tensorflow/python/util/_pywrap_util_port.so
70342e7f8000-70342e80a000 r-xp 00009000 00:6a 10962946                   /home/ubuntu/.local/lib/python3.10/site-packages/tensorflow/python/util/_pywrap_util_port.so
70342e80a000-70342e80b000 r--p 0001a000 00:6a 10962946                   /home/ubuntu/.local/lib/python3.10/site-packages/tensorflow/python/util/_pywrap_util_port.so
70342e80b000-70342e80c000 rw-p 0001a000 00:6a 10962946                   /home/ubuntu/.local/lib/python3.10/site-packages/tensorflow/python/util/_pywrap_util_port.so
70342e80c000-70342e816000 r--p 00000000 00:6a 10962601                   /home/ubuntu/.local/lib/python3.10/site-packages/tensorflow/python/platform/_pywrap_stacktrace_handler.so
70342e816000-70342e827000 r-xp 00009000 00:6a 10962601                   /home/ubuntu/.local/lib/python3.10/site-packages/tensorflow/python/platform/_pywrap_stacktrace_handler.so
70342e827000-70342e829000 r--p 00019000 00:6a 10962601                   /home/ubuntu/.local/lib/python3.10/site-packages/tensorflow/python/platform/_pywrap_stacktrace_handler.so
70342e829000-70342e82a000 rw-p 0001a000 00:6a 10962601                   /home/ubuntu/.local/lib/python3.10/site-packages/tensorflow/python/platform/_pywrap_stacktrace_handler.so
70342e82a000-70342e834000 r--p 00000000 00:6a 10963247                   /home/ubuntu/.local/lib/python3.10/site-packages/tensorflow/python/framework/_test_metrics_util.so
70342e834000-70342e846000 r-xp 00009000 00:6a 10963247                   /home/ubuntu/.local/lib/python3.10/site-packages/tensorflow/python/framework/_test_metrics_util.so
70342e846000-70342e847000 r--p 0001a000 00:6a 10963247                   /home/ubuntu/.local/lib/python3.10/site-packages/tensorflow/python/framework/_test_metrics_util.so
70342e847000-70342e848000 rw-p 0001a000 00:6a 10963247                   /home/ubuntu/.local/lib/python3.10/site-packages/tensorflow/python/framework/_test_metrics_util.so
70342e848000-70342e852000 r--p 00000000 00:6a 10962234                   /home/ubuntu/.local/lib/python3.10/site-packages/tensorflow/python/_pywrap_sanitizers.so
70342e852000-70342e863000 r-xp 00009000 00:6a 10962234                   /home/ubuntu/.local/lib/python3.10/site-packages/tensorflow/python/_pywrap_sanitizers.so
70342e863000-70342e865000 r--p 00019000 00:6a 10962234                   /home/ubuntu/.local/lib/python3.10/site-packages/tensorflow/python/_pywrap_sanitizers.so
70342e865000-70342e866000 rw-p 0001a000 00:6a 10962234                   /home/ubuntu/.local/lib/python3.10/site-packages/tensorflow/python/_pywrap_sanitizers.so
70342e866000-70342eb66000 rw-p 00000000 00:00 0 
70342eb66000-70342eb79000 r--p 00000000 00:6a 11010069                   /home/ubuntu/.local/lib/python3.10/site-packages/tensorflow/python/profiler/internal/_pywrap_profiler.so
70342eb79000-70342eb94000 r-xp 00012000 00:6a 11010069                   /home/ubuntu/.local/lib/python3.10/site-packages/tensorflow/python/profiler/internal/_pywrap_profiler.so
70342eb94000-70342eb96000 r--p 0002c000 00:6a 11010069                   /home/ubuntu/.local/lib/python3.10/site-packages/tensorflow/python/profiler/internal/_pywrap_profiler.so
70342eb96000-70342eb97000 rw-p 0002d000 00:6a 11010069                   /home/ubuntu/.local/lib/python3.10/site-packages/tensorflow/python/profiler/internal/_pywrap_profiler.so
70342eb97000-70342ee97000 rw-p 00000000 00:00 0 
70342ee97000-70342eea1000 r--p 00000000 00:6a 10962252                   /home/ubuntu/.local/lib/python3.10/site-packages/tensorflow/python/lib/core/_pywrap_py_func.so
70342eea1000-70342eeb2000 r-xp 00009000 00:6a 10962252                   /home/ubuntu/.local/lib/python3.10/site-packages/tensorflow/python/lib/core/_pywrap_py_func.so
70342eeb2000-70342eeb4000 r--p 00019000 00:6a 10962252                   /home/ubuntu/.local/lib/python3.10/site-packages/tensorflow/python/lib/core/_pywrap_py_func.so
70342eeb4000-70342eeb5000 rw-p 0001a000 00:6a 10962252                   /home/ubuntu/.local/lib/python3.10/site-packages/tensorflow/python/lib/core/_pywrap_py_func.so
70342eeb5000-70342eec3000 r--p 00000000 00:6a 10962905                   /home/ubuntu/.local/lib/python3.10/site-packages/tensorflow/python/util/_pywrap_checkpoint_reader.so
70342eec3000-70342eedb000 r-xp 0000d000 00:6a 10962905                   /home/ubuntu/.local/lib/python3.10/site-packages/tensorflow/python/util/_pywrap_checkpoint_reader.so
70342eedb000-70342eedd000 r--p 00024000 00:6a 10962905                   /home/ubuntu/.local/lib/python3.10/site-packages/tensorflow/python/util/_pywrap_checkpoint_reader.so
70342eedd000-70342eede000 rw-p 00025000 00:6a 10962905                   /home/ubuntu/.local/lib/python3.10/site-packages/tensorflow/python/util/_pywrap_checkpoint_reader.so
70342eede000-70342eef1000 r--p 00000000 00:6a 10963031                   /home/ubuntu/.local/lib/python3.10/site-packages/tensorflow/python/saved_model/pywrap_saved_model.so
70342eef1000-70342ef11000 r-xp 00012000 00:6a 10963031                   /home/ubuntu/.local/lib/python3.10/site-packages/tensorflow/python/saved_model/pywrap_saved_model.so
70342ef11000-70342ef12000 r--p 00031000 00:6a 10963031                   /home/ubuntu/.local/lib/python3.10/site-packages/tensorflow/python/saved_model/pywrap_saved_model.so
70342ef12000-70342ef13000 rw-p 00031000 00:6a 10963031                   /home/ubuntu/.local/lib/python3.10/site-packages/tensorflow/python/saved_model/pywrap_saved_model.so
70342ef13000-70342f014000 rw-p 00000000 00:00 0 
70342f014000-70342f026000 r--p 00000000 00:6a 10962250                   /home/ubuntu/.local/lib/python3.10/site-packages/tensorflow/python/lib/io/_pywrap_file_io.so
70342f026000-70342f046000 r-xp 00011000 00:6a 10962250                   /home/ubuntu/.local/lib/python3.10/site-packages/tensorflow/python/lib/io/_pywrap_file_io.so
70342f046000-70342f048000 r--p 00030000 00:6a 10962250                   /home/ubuntu/.local/lib/python3.10/site-packages/tensorflow/python/lib/io/_pywrap_file_io.so
70342f048000-70342f049000 rw-p 00031000 00:6a 10962250                   /home/ubuntu/.local/lib/python3.10/site-packages/tensorflow/python/lib/io/_pywrap_file_io.so
70342f049000-70342f149000 rw-p 00000000 00:00 0 
70342f149000-70342f153000 r--p 00000000 00:6a 11010235                   /home/ubuntu/.local/lib/python3.10/site-packages/tensorflow/python/data/experimental/service/_pywrap_utils_exp.so
70342f153000-70342f164000 r-xp 00009000 00:6a 11010235                   /home/ubuntu/.local/lib/python3.10/site-packages/tensorflow/python/data/experimental/service/_pywrap_utils_exp.so
70342f164000-70342f166000 r--p 00019000 00:6a 11010235                   /home/ubuntu/.local/lib/python3.10/site-packages/tensorflow/python/data/experimental/service/_pywrap_utils_exp.so
70342f166000-70342f167000 rw-p 0001a000 00:6a 11010235                   /home/ubuntu/.local/lib/python3.10/site-packages/tensorflow/python/data/experimental/service/_pywrap_utils_exp.so
70342f167000-70342f177000 r--p 00000000 00:6a 11010231                   /home/ubuntu/.local/lib/python3.10/site-packages/tensorflow/python/data/experimental/service/_pywrap_server_lib.so
70342f177000-70342f194000 r-xp 0000f000 00:6a 11010231                   /home/ubuntu/.local/lib/python3.10/site-packages/tensorflow/python/data/experimental/service/_pywrap_server_lib.so
70342f194000-70342f196000 r--p 0002b000 00:6a 11010231                   /home/ubuntu/.local/lib/python3.10/site-packages/tensorflow/python/data/experimental/service/_pywrap_server_lib.so
70342f196000-70342f197000 rw-p 0002c000 00:6a 11010231                   /home/ubuntu/.local/lib/python3.10/site-packages/tensorflow/python/data/experimental/service/_pywrap_server_lib.so
70342f197000-70342f997000 rw-p 00000000 00:00 0 
70342f997000-70342f9a9000 r--p 00000000 00:6a 10962216                   /home/ubuntu/.local/lib/python3.10/site-packages/tensorflow/python/_pywrap_parallel_device.so
70342f9a9000-70342f9c5000 r-xp 00011000 00:6a 10962216                   /home/ubuntu/.local/lib/python3.10/site-packages/tensorflow/python/_pywrap_parallel_device.so
70342f9c5000-70342f9c7000 r--p 0002c000 00:6a 10962216                   /home/ubuntu/.local/lib/python3.10/site-packages/tensorflow/python/_pywrap_parallel_device.so
70342f9c7000-70342f9c8000 rw-p 0002d000 00:6a 10962216                   /home/ubuntu/.local/lib/python3.10/site-packages/tensorflow/python/_pywrap_parallel_device.so
70342f9c8000-70342fdc8000 rw-p 00000000 00:00 0 
70342fdc8000-70342fdd5000 r--p 00000000 00:6a 10963265                   /home/ubuntu/.local/lib/python3.10/site-packages/tensorflow/python/framework/_proto_comparators.so
70342fdd5000-70342fdec000 r-xp 0000c000 00:6a 10963265                   /home/ubuntu/.local/lib/python3.10/site-packages/tensorflow/python/framework/_proto_comparators.so
70342fdec000-70342fded000 r--p 00022000 00:6a 10963265                   /home/ubuntu/.local/lib/python3.10/site-packages/tensorflow/python/framework/_proto_comparators.so
70342fded000-70342fdee000 rw-p 00022000 00:6a 10963265                   /home/ubuntu/.local/lib/python3.10/site-packages/tensorflow/python/framework/_proto_comparators.so
70342fdee000-70342fdef000 rw-p 00000000 00:00 0 
70342fdef000-70342fe00000 r--p 00000000 00:6a 10962243                   /home/ubuntu/.local/lib/python3.10/site-packages/tensorflow/python/lib/io/_pywrap_record_io.so
70342fe00000-70342fe1e000 r-xp 00010000 00:6a 10962243                   /home/ubuntu/.local/lib/python3.10/site-packages/tensorflow/python/lib/io/_pywrap_record_io.so
70342fe1e000-70342fe20000 r--p 0002d000 00:6a 10962243                   /home/ubuntu/.local/lib/python3.10/site-packages/tensorflow/python/lib/io/_pywrap_record_io.so
70342fe20000-70342fe21000 rw-p 0002e000 00:6a 10962243                   /home/ubuntu/.local/lib/python3.10/site-packages/tensorflow/python/lib/io/_pywrap_record_io.so
70342fe21000-703430021000 rw-p 00000000 00:00 0 
703430021000-70343002c000 r--p 00000000 00:6a 10962873                   /home/ubuntu/.local/lib/python3.10/site-packages/tensorflow/python/client/_pywrap_device_lib.so
70343002c000-70343003e000 r-xp 0000a000 00:6a 10962873                   /home/ubuntu/.local/lib/python3.10/site-packages/tensorflow/python/client/_pywrap_device_lib.so
70343003e000-70343003f000 r--p 0001b000 00:6a 10962873                   /home/ubuntu/.local/lib/python3.10/site-packages/tensorflow/python/client/_pywrap_device_lib.so
70343003f000-703430040000 rw-p 0001b000 00:6a 10962873                   /home/ubuntu/.local/lib/python3.10/site-packages/tensorflow/python/client/_pywrap_device_lib.so
703430040000-703431240000 rw-p 00000000 00:00 0 
703431240000-703431256000 r--p 00000000 00:6a 10963267                   /home/ubuntu/.local/lib/python3.10/site-packages/tensorflow/python/framework/_pywrap_python_api_dispatcher.so
703431256000-70343127f000 r-xp 00015000 00:6a 10963267                   /home/ubuntu/.local/lib/python3.10/site-packages/tensorflow/python/framework/_pywrap_python_api_dispatcher.so
70343127f000-703431281000 r--p 0003d000 00:6a 10963267                   /home/ubuntu/.local/lib/python3.10/site-packages/tensorflow/python/framework/_pywrap_python_api_dispatcher.so
703431281000-703431282000 rw-p 0003e000 00:6a 10963267                   /home/ubuntu/.local/lib/python3.10/site-packages/tensorflow/python/framework/_pywrap_python_api_dispatcher.so
703431282000-703431296000 r--p 00000000 00:6a 10963208                   /home/ubuntu/.local/lib/python3.10/site-packages/tensorflow/python/framework/_op_def_library_pybind.so
703431296000-7034312b4000 r-xp 00013000 00:6a 10963208                   /home/ubuntu/.local/lib/python3.10/site-packages/tensorflow/python/framework/_op_def_library_pybind.so
7034312b4000-7034312b6000 r--p 00030000 00:6a 10963208                   /home/ubuntu/.local/lib/python3.10/site-packages/tensorflow/python/framework/_op_def_library_pybind.so
7034312b6000-7034312b7000 rw-p 00031000 00:6a 10963208                   /home/ubuntu/.local/lib/python3.10/site-packages/tensorflow/python/framework/_op_def_library_pybind.so
7034312b7000-7034312c1000 r--p 00000000 00:6a 10963259                   /home/ubuntu/.local/lib/python3.10/site-packages/tensorflow/python/framework/_op_def_registry.so
7034312c1000-7034312d3000 r-xp 00009000 00:6a 10963259                   /home/ubuntu/.local/lib/python3.10/site-packages/tensorflow/python/framework/_op_def_registry.so
7034312d3000-7034312d4000 r--p 0001a000 00:6a 10963259                   /home/ubuntu/.local/lib/python3.10/site-packages/tensorflow/python/framework/_op_def_registry.so
7034312d4000-7034312d5000 rw-p 0001a000 00:6a 10963259                   /home/ubuntu/.local/lib/python3.10/site-packages/tensorflow/python/framework/_op_def_registry.so
7034312d5000-7034313d5000 rw-p 00000000 00:00 0 
7034313d5000-7034313f3000 r--p 00000000 00:6a 10962232                   /home/ubuntu/.local/lib/python3.10/site-packages/tensorflow/python/_pywrap_dtensor_device.so
7034313f3000-703431428000 r-xp 0001d000 00:6a 10962232                   /home/ubuntu/.local/lib/python3.10/site-packages/tensorflow/python/_pywrap_dtensor_device.so
703431428000-70343142a000 r--p 00051000 00:6a 10962232                   /home/ubuntu/.local/lib/python3.10/site-packages/tensorflow/python/_pywrap_dtensor_device.so
70343142a000-70343142b000 rw-p 00052000 00:6a 10962232                   /home/ubuntu/.local/lib/python3.10/site-packages/tensorflow/python/_pywrap_dtensor_device.so
70343142b000-703431435000 r--p 00000000 00:6a 10962927                   /home/ubuntu/.local/lib/python3.10/site-packages/tensorflow/python/util/_pywrap_tensor_float_32_execution.so
703431435000-703431447000 r-xp 00009000 00:6a 10962927                   /home/ubuntu/.local/lib/python3.10/site-packages/tensorflow/python/util/_pywrap_tensor_float_32_execution.so
703431447000-703431448000 r--p 0001a000 00:6a 10962927                   /home/ubuntu/.local/lib/python3.10/site-packages/tensorflow/python/util/_pywrap_tensor_float_32_execution.so
703431448000-703431449000 rw-p 0001a000 00:6a 10962927                   /home/ubuntu/.local/lib/python3.10/site-packages/tensorflow/python/util/_pywrap_tensor_float_32_execution.so
703431449000-703431453000 r--p 00000000 00:6a 10962921                   /home/ubuntu/.local/lib/python3.10/site-packages/tensorflow/python/util/_pywrap_determinism.so
703431453000-703431465000 r-xp 00009000 00:6a 10962921                   /home/ubuntu/.local/lib/python3.10/site-packages/tensorflow/python/util/_pywrap_determinism.so
703431465000-703431466000 r--p 0001a000 00:6a 10962921                   /home/ubuntu/.local/lib/python3.10/site-packages/tensorflow/python/util/_pywrap_determinism.so
703431466000-703431467000 rw-p 0001a000 00:6a 10962921                   /home/ubuntu/.local/lib/python3.10/site-packages/tensorflow/python/util/_pywrap_determinism.so
703431467000-703431474000 r--p 00000000 00:6a 10962231                   /home/ubuntu/.local/lib/python3.10/site-packages/tensorflow/python/flags_pybind.so
703431474000-70343148c000 r-xp 0000c000 00:6a 10962231                   /home/ubuntu/.local/lib/python3.10/site-packages/tensorflow/python/flags_pybind.so
70343148c000-70343148e000 r--p 00023000 00:6a 10962231                   /home/ubuntu/.local/lib/python3.10/site-packages/tensorflow/python/flags_pybind.so
70343148e000-70343148f000 rw-p 00024000 00:6a 10962231                   /home/ubuntu/.local/lib/python3.10/site-packages/tensorflow/python/flags_pybind.so
70343148f000-70343149c000 r--p 00000000 00:6a 11010072                   /home/ubuntu/.local/lib/python3.10/site-packages/tensorflow/python/profiler/internal/_pywrap_traceme.so
70343149c000-7034314b3000 r-xp 0000c000 00:6a 11010072                   /home/ubuntu/.local/lib/python3.10/site-packages/tensorflow/python/profiler/internal/_pywrap_traceme.so
7034314b3000-7034314b4000 r--p 00022000 00:6a 11010072                   /home/ubuntu/.local/lib/python3.10/site-packages/tensorflow/python/profiler/internal/_pywrap_traceme.so
7034314b4000-7034314b5000 rw-p 00022000 00:6a 11010072                   /home/ubuntu/.local/lib/python3.10/site-packages/tensorflow/python/profiler/internal/_pywrap_traceme.so
7034314b5000-7034315b5000 rw-p 00000000 00:00 0 
7034315b5000-7034315b9000 r--p 00000000 00:6a 10171567                   /home/ubuntu/.local/lib/python3.10/site-packages/wrapt/_wrappers.cpython-310-x86_64-linux-gnu.so
7034315b9000-7034315bf000 r-xp 00004000 00:6a 10171567                   /home/ubuntu/.local/lib/python3.10/site-packages/wrapt/_wrappers.cpython-310-x86_64-linux-gnu.so
7034315bf000-7034315c2000 r--p 0000a000 00:6a 10171567                   /home/ubuntu/.local/lib/python3.10/site-packages/wrapt/_wrappers.cpython-310-x86_64-linux-gnu.so
7034315c2000-7034315c3000 r--p 0000c000 00:6a 10171567                   /home/ubuntu/.local/lib/python3.10/site-packages/wrapt/_wrappers.cpython-310-x86_64-linux-gnu.so
7034315c3000-7034315c5000 rw-p 0000d000 00:6a 10171567                   /home/ubuntu/.local/lib/python3.10/site-packages/wrapt/_wrappers.cpython-310-x86_64-linux-gnu.so
7034315c5000-7034315d2000 r--p 00000000 00:6a 10962941                   /home/ubuntu/.local/lib/python3.10/site-packages/tensorflow/python/util/_pywrap_utils.so
7034315d2000-7034315e7000 r-xp 0000c000 00:6a 10962941                   /home/ubuntu/.local/lib/python3.10/site-packages/tensorflow/python/util/_pywrap_utils.so
7034315e7000-7034315e8000 r--p 00020000 00:6a 10962941                   /home/ubuntu/.local/lib/python3.10/site-packages/tensorflow/python/util/_pywrap_utils.so
7034315e8000-7034315e9000 rw-p 00020000 00:6a 10962941                   /home/ubuntu/.local/lib/python3.10/site-packages/tensorflow/python/util/_pywrap_utils.so
7034315e9000-7034315f3000 r--p 00000000 00:6a 10962908                   /home/ubuntu/.local/lib/python3.10/site-packages/tensorflow/python/util/_pywrap_nest.so
7034315f3000-703431604000 r-xp 00009000 00:6a 10962908                   /home/ubuntu/.local/lib/python3.10/site-packages/tensorflow/python/util/_pywrap_nest.so
703431604000-703431606000 r--p 00019000 00:6a 10962908                   /home/ubuntu/.local/lib/python3.10/site-packages/tensorflow/python/util/_pywrap_nest.so
703431606000-703431607000 rw-p 0001a000 00:6a 10962908                   /home/ubuntu/.local/lib/python3.10/site-packages/tensorflow/python/util/_pywrap_nest.so
703431607000-703431707000 rw-p 00000000 00:00 0 
703431707000-703431715000 r--p 00000000 00:6a 10963243                   /home/ubuntu/.local/lib/python3.10/site-packages/tensorflow/python/framework/_dtypes.so
703431715000-70343172f000 r-xp 0000d000 00:6a 10963243                   /home/ubuntu/.local/lib/python3.10/site-packages/tensorflow/python/framework/_dtypes.so
70343172f000-703431730000 r--p 00026000 00:6a 10963243                   /home/ubuntu/.local/lib/python3.10/site-packages/tensorflow/python/framework/_dtypes.so
703431730000-703431731000 rw-p 00026000 00:6a 10963243                   /home/ubuntu/.local/lib/python3.10/site-packages/tensorflow/python/framework/_dtypes.so
703431731000-703431732000 rw-p 00000000 00:00 0 
703431732000-703431737000 r--p 00000000 00:6a 10893015                   /home/ubuntu/.local/lib/python3.10/site-packages/ml_dtypes/_ml_dtypes_ext.cpython-310-x86_64-linux-gnu.so
703431737000-70343186d000 r-xp 00005000 00:6a 10893015                   /home/ubuntu/.local/lib/python3.10/site-packages/ml_dtypes/_ml_dtypes_ext.cpython-310-x86_64-linux-gnu.so
70343186d000-7034318a3000 r--p 0013b000 00:6a 10893015                   /home/ubuntu/.local/lib/python3.10/site-packages/ml_dtypes/_ml_dtypes_ext.cpython-310-x86_64-linux-gnu.so
7034318a3000-7034318a4000 r--p 00170000 00:6a 10893015                   /home/ubuntu/.local/lib/python3.10/site-packages/ml_dtypes/_ml_dtypes_ext.cpython-310-x86_64-linux-gnu.so
7034318a4000-7034318a6000 rw-p 00171000 00:6a 10893015                   /home/ubuntu/.local/lib/python3.10/site-packages/ml_dtypes/_ml_dtypes_ext.cpython-310-x86_64-linux-gnu.so
7034318a6000-7034318a8000 rw-p 00000000 00:00 0 
7034318a8000-7034318b9000 r--p 00000000 00:6a 10962226                   /home/ubuntu/.local/lib/python3.10/site-packages/tensorflow/python/_pywrap_py_exception_registry.so
7034318b9000-7034318da000 r-xp 00010000 00:6a 10962226                   /home/ubuntu/.local/lib/python3.10/site-packages/tensorflow/python/_pywrap_py_exception_registry.so
7034318da000-7034318dc000 r--p 00030000 00:6a 10962226                   /home/ubuntu/.local/lib/python3.10/site-packages/tensorflow/python/_pywrap_py_exception_registry.so
7034318dc000-7034318dd000 rw-p 00031000 00:6a 10962226                   /home/ubuntu/.local/lib/python3.10/site-packages/tensorflow/python/_pywrap_py_exception_registry.so
7034318dd000-7034319dd000 rw-p 00000000 00:00 0 
7034319dd000-7034319f3000 r--p 00000000 00:6a 10962919                   /home/ubuntu/.local/lib/python3.10/site-packages/tensorflow/python/util/_tf_stack.so
7034319f3000-703431a17000 r-xp 00015000 00:6a 10962919                   /home/ubuntu/.local/lib/python3.10/site-packages/tensorflow/python/util/_tf_stack.so
703431a17000-703431a1a000 r--p 00038000 00:6a 10962919                   /home/ubuntu/.local/lib/python3.10/site-packages/tensorflow/python/util/_tf_stack.so
703431a1a000-703431a1b000 rw-p 0003a000 00:6a 10962919                   /home/ubuntu/.local/lib/python3.10/site-packages/tensorflow/python/util/_tf_stack.so
703431a1b000-703431a59000 r--p 00000000 00:6a 10962874                   /home/ubuntu/.local/lib/python3.10/site-packages/tensorflow/python/client/_pywrap_tf_session.so
703431a59000-703431ac2000 r-xp 0003d000 00:6a 10962874                   /home/ubuntu/.local/lib/python3.10/site-packages/tensorflow/python/client/_pywrap_tf_session.so
703431ac2000-703431ac6000 r--p 000a5000 00:6a 10962874                   /home/ubuntu/.local/lib/python3.10/site-packages/tensorflow/python/client/_pywrap_tf_session.so
703431ac6000-703431ac7000 rw-p 000a8000 00:6a 10962874                   /home/ubuntu/.local/lib/python3.10/site-packages/tensorflow/python/client/_pywrap_tf_session.so
703431ac7000-703431b06000 r--p 00000000 00:6a 10962220                   /home/ubuntu/.local/lib/python3.10/site-packages/tensorflow/python/_pywrap_tfe.so
703431b06000-703431b62000 r-xp 0003e000 00:6a 10962220                   /home/ubuntu/.local/lib/python3.10/site-packages/tensorflow/python/_pywrap_tfe.so
703431b62000-703431b67000 r--p 00099000 00:6a 10962220                   /home/ubuntu/.local/lib/python3.10/site-packages/tensorflow/python/_pywrap_tfe.so
703431b67000-703431b68000 rw-p 0009d000 00:6a 10962220                   /home/ubuntu/.local/lib/python3.10/site-packages/tensorflow/python/_pywrap_tfe.so
703431b68000-703431c68000 rw-p 00000000 00:00 0 
703431c68000-703431c72000 r--p 00000000 00:6a 10174647                   /home/ubuntu/.local/lib/python3.10/site-packages/google/_upb/_message.abi3.so
703431c72000-703431c9e000 r-xp 0000a000 00:6a 10174647                   /home/ubuntu/.local/lib/python3.10/site-packages/google/_upb/_message.abi3.so
703431c9e000-703431cb3000 r--p 00036000 00:6a 10174647                   /home/ubuntu/.local/lib/python3.10/site-packages/google/_upb/_message.abi3.so
703431cb3000-703431cb4000 r--p 0004a000 00:6a 10174647                   /home/ubuntu/.local/lib/python3.10/site-packages/google/_upb/_message.abi3.so
703431cb4000-703431cb8000 rw-p 0004b000 00:6a 10174647                   /home/ubuntu/.local/lib/python3.10/site-packages/google/_upb/_message.abi3.so
703431cb8000-703431db8000 rw-p 00000000 00:00 0 
703431db8000-703431dc2000 r--p 00000000 00:6a 10962598                   /home/ubuntu/.local/lib/python3.10/site-packages/tensorflow/python/platform/_pywrap_tf2.so
703431dc2000-703431dd4000 r-xp 00009000 00:6a 10962598                   /home/ubuntu/.local/lib/python3.10/site-packages/tensorflow/python/platform/_pywrap_tf2.so
703431dd4000-703431dd5000 r--p 0001a000 00:6a 10962598                   /home/ubuntu/.local/lib/python3.10/site-packages/tensorflow/python/platform/_pywrap_tf2.so
703431dd5000-703431dd6000 rw-p 0001a000 00:6a 10962598                   /home/ubuntu/.local/lib/python3.10/site-packages/tensorflow/python/platform/_pywrap_tf2.so
703431dd6000-703431de0000 r--p 00000000 00:6a 10962235                   /home/ubuntu/.local/lib/python3.10/site-packages/tensorflow/python/_pywrap_tensorflow_internal.so
703431de0000-703431df1000 r-xp 00009000 00:6a 10962235                   /home/ubuntu/.local/lib/python3.10/site-packages/tensorflow/python/_pywrap_tensorflow_internal.so
703431df1000-703431df3000 r--p 00019000 00:6a 10962235                   /home/ubuntu/.local/lib/python3.10/site-packages/tensorflow/python/_pywrap_tensorflow_internal.so
703431df3000-703431df4000 rw-p 0001a000 00:6a 10962235                   /home/ubuntu/.local/lib/python3.10/site-packages/tensorflow/python/_pywrap_tensorflow_internal.so
703431df4000-703432083000 r--p 00000000 00:6a 10962214                   /home/ubuntu/.local/lib/python3.10/site-packages/tensorflow/python/lib_pywrap_tensorflow_common.so
703432083000-703432354000 r-xp 0028e000 00:6a 10962214                   /home/ubuntu/.local/lib/python3.10/site-packages/tensorflow/python/lib_pywrap_tensorflow_common.so
703432354000-70343236f000 r--p 0055e000 00:6a 10962214                   /home/ubuntu/.local/lib/python3.10/site-packages/tensorflow/python/lib_pywrap_tensorflow_common.so
70343236f000-70343238e000 rw-p 00578000 00:6a 10962214                   /home/ubuntu/.local/lib/python3.10/site-packages/tensorflow/python/lib_pywrap_tensorflow_common.so
70343238e000-70343238f000 rw-p 00000000 00:00 0 
70343238f000-70344d43c000 r--p 00000000 00:6a 10895824                   /home/ubuntu/.local/lib/python3.10/site-packages/tensorflow/libtensorflow_cc.so.2
70344d43c000-703461fd5000 r-xp 1b0ac000 00:6a 10895824                   /home/ubuntu/.local/lib/python3.10/site-packages/tensorflow/libtensorflow_cc.so.2
703461fd5000-703462773000 r--p 2fc44000 00:6a 10895824                   /home/ubuntu/.local/lib/python3.10/site-packages/tensorflow/libtensorflow_cc.so.2
703462773000-7034627ed000 rw-p 303e1000 00:6a 10895824                   /home/ubuntu/.local/lib/python3.10/site-packages/tensorflow/libtensorflow_cc.so.2
7034627ed000-7034628c7000 rw-p 00000000 00:00 0 
7034628c7000-70346da75000 r--p 00000000 00:6a 10895821                   /home/ubuntu/.local/lib/python3.10/site-packages/tensorflow/libtensorflow_framework.so.2
70346da75000-7034702da000 r-xp 0b1ad000 00:6a 10895821                   /home/ubuntu/.local/lib/python3.10/site-packages/tensorflow/libtensorflow_framework.so.2
7034702da000-7034703e2000 r--p 0da11000 00:6a 10895821                   /home/ubuntu/.local/lib/python3.10/site-packages/tensorflow/libtensorflow_framework.so.2
7034703e2000-703470480000 rw-p 0db18000 00:6a 10895821                   /home/ubuntu/.local/lib/python3.10/site-packages/tensorflow/libtensorflow_framework.so.2
703470480000-7034704c7000 rw-p 00000000 00:00 0 
7034704c7000-7034704d1000 r--p 00000000 00:6a 10962599                   /home/ubuntu/.local/lib/python3.10/site-packages/tensorflow/python/platform/_pywrap_cpu_feature_guard.so
7034704d1000-7034704e2000 r-xp 00009000 00:6a 10962599                   /home/ubuntu/.local/lib/python3.10/site-packages/tensorflow/python/platform/_pywrap_cpu_feature_guard.so
7034704e2000-7034704e4000 r--p 00019000 00:6a 10962599                   /home/ubuntu/.local/lib/python3.10/site-packages/tensorflow/python/platform/_pywrap_cpu_feature_guard.so
7034704e4000-7034704e5000 rw-p 0001a000 00:6a 10962599                   /home/ubuntu/.local/lib/python3.10/site-packages/tensorflow/python/platform/_pywrap_cpu_feature_guard.so
7034704e5000-7034704eb000 r--p 00000000 00:6a 10893116                   /home/ubuntu/.local/lib/python3.10/site-packages/h5py/_selector.cpython-310-x86_64-linux-gnu.so
7034704eb000-703470513000 r-xp 00006000 00:6a 10893116                   /home/ubuntu/.local/lib/python3.10/site-packages/h5py/_selector.cpython-310-x86_64-linux-gnu.so
703470513000-70347051c000 r--p 0002e000 00:6a 10893116                   /home/ubuntu/.local/lib/python3.10/site-packages/h5py/_selector.cpython-310-x86_64-linux-gnu.so
70347051c000-70347051d000 r--p 00037000 00:6a 10893116                   /home/ubuntu/.local/lib/python3.10/site-packages/h5py/_selector.cpython-310-x86_64-linux-gnu.so
70347051d000-70347051f000 rw-p 00038000 00:6a 10893116                   /home/ubuntu/.local/lib/python3.10/site-packages/h5py/_selector.cpython-310-x86_64-linux-gnu.so
70347051f000-703470520000 rw-p 00000000 00:00 0 
703470520000-703470523000 rw-p 00059000 00:6a 10893116                   /home/ubuntu/.local/lib/python3.10/site-packages/h5py/_selector.cpython-310-x86_64-linux-gnu.so
703470523000-703470525000 rw-p 0005c000 00:6a 10893116                   /home/ubuntu/.local/lib/python3.10/site-packages/h5py/_selector.cpython-310-x86_64-linux-gnu.so
703470525000-70347052a000 r--p 00000000 00:6a 10893127                   /home/ubuntu/.local/lib/python3.10/site-packages/h5py/h5l.cpython-310-x86_64-linux-gnu.so
70347052a000-703470547000 r-xp 00005000 00:6a 10893127                   /home/ubuntu/.local/lib/python3.10/site-packages/h5py/h5l.cpython-310-x86_64-linux-gnu.so
703470547000-70347054f000 r--p 00022000 00:6a 10893127                   /home/ubuntu/.local/lib/python3.10/site-packages/h5py/h5l.cpython-310-x86_64-linux-gnu.so
70347054f000-703470550000 r--p 0002a000 00:6a 10893127                   /home/ubuntu/.local/lib/python3.10/site-packages/h5py/h5l.cpython-310-x86_64-linux-gnu.so
703470550000-703470552000 rw-p 0002b000 00:6a 10893127                   /home/ubuntu/.local/lib/python3.10/site-packages/h5py/h5l.cpython-310-x86_64-linux-gnu.so
703470552000-703470554000 rw-p 00046000 00:6a 10893127                   /home/ubuntu/.local/lib/python3.10/site-packages/h5py/h5l.cpython-310-x86_64-linux-gnu.so
703470554000-703470555000 rw-p 00048000 00:6a 10893127                   /home/ubuntu/.local/lib/python3.10/site-packages/h5py/h5l.cpython-310-x86_64-linux-gnu.so
703470555000-703470655000 rw-p 00000000 00:00 0 
703470655000-703470659000 r--p 00000000 00:6a 10893130                   /home/ubuntu/.local/lib/python3.10/site-packages/h5py/h5pl.cpython-310-x86_64-linux-gnu.so
703470659000-703470666000 r-xp 00004000 00:6a 10893130                   /home/ubuntu/.local/lib/python3.10/site-packages/h5py/h5pl.cpython-310-x86_64-linux-gnu.so
703470666000-70347066a000 r--p 00011000 00:6a 10893130                   /home/ubuntu/.local/lib/python3.10/site-packages/h5py/h5pl.cpython-310-x86_64-linux-gnu.so
70347066a000-70347066b000 r--p 00015000 00:6a 10893130                   /home/ubuntu/.local/lib/python3.10/site-packages/h5py/h5pl.cpython-310-x86_64-linux-gnu.so
70347066b000-70347066c000 rw-p 00016000 00:6a 10893130                   /home/ubuntu/.local/lib/python3.10/site-packages/h5py/h5pl.cpython-310-x86_64-linux-gnu.so
70347066c000-70347066e000 rw-p 00025000 00:6a 10893130                   /home/ubuntu/.local/lib/python3.10/site-packages/h5py/h5pl.cpython-310-x86_64-linux-gnu.so
70347066e000-70347066f000 rw-p 00027000 00:6a 10893130                   /home/ubuntu/.local/lib/python3.10/site-packages/h5py/h5pl.cpython-310-x86_64-linux-gnu.so
70347066f000-703470675000 r--p 00000000 00:6a 10893124                   /home/ubuntu/.local/lib/python3.10/site-packages/h5py/h5fd.cpython-310-x86_64-linux-gnu.so
703470675000-70347069f000 r-xp 00006000 00:6a 10893124                   /home/ubuntu/.local/lib/python3.10/site-packages/h5py/h5fd.cpython-310-x86_64-linux-gnu.so
70347069f000-7034706a8000 r--p 00030000 00:6a 10893124                   /home/ubuntu/.local/lib/python3.10/site-packages/h5py/h5fd.cpython-310-x86_64-linux-gnu.so
7034706a8000-7034706a9000 r--p 00039000 00:6a 10893124                   /home/ubuntu/.local/lib/python3.10/site-packages/h5py/h5fd.cpython-310-x86_64-linux-gnu.so
7034706a9000-7034706ab000 rw-p 0003a000 00:6a 10893124                   /home/ubuntu/.local/lib/python3.10/site-packages/h5py/h5fd.cpython-310-x86_64-linux-gnu.so
7034706ab000-7034706ae000 rw-p 0005d000 00:6a 10893124                   /home/ubuntu/.local/lib/python3.10/site-packages/h5py/h5fd.cpython-310-x86_64-linux-gnu.so
7034706ae000-7034706b0000 rw-p 00060000 00:6a 10893124                   /home/ubuntu/.local/lib/python3.10/site-packages/h5py/h5fd.cpython-310-x86_64-linux-gnu.so
7034706b0000-7034706b6000 r--p 00000000 00:6a 10893128                   /home/ubuntu/.local/lib/python3.10/site-packages/h5py/h5o.cpython-310-x86_64-linux-gnu.so
7034706b6000-7034706d9000 r-xp 00006000 00:6a 10893128                   /home/ubuntu/.local/lib/python3.10/site-packages/h5py/h5o.cpython-310-x86_64-linux-gnu.so
7034706d9000-7034706e3000 r--p 00029000 00:6a 10893128                   /home/ubuntu/.local/lib/python3.10/site-packages/h5py/h5o.cpython-310-x86_64-linux-gnu.so
7034706e3000-7034706e4000 r--p 00033000 00:6a 10893128                   /home/ubuntu/.local/lib/python3.10/site-packages/h5py/h5o.cpython-310-x86_64-linux-gnu.so
7034706e4000-7034706e7000 rw-p 00034000 00:6a 10893128                   /home/ubuntu/.local/lib/python3.10/site-packages/h5py/h5o.cpython-310-x86_64-linux-gnu.so
7034706e7000-7034706e8000 rw-p 00000000 00:00 0 
7034706e8000-7034706ea000 rw-p 00058000 00:6a 10893128                   /home/ubuntu/.local/lib/python3.10/site-packages/h5py/h5o.cpython-310-x86_64-linux-gnu.so
7034706ea000-7034706eb000 rw-p 0005a000 00:6a 10893128                   /home/ubuntu/.local/lib/python3.10/site-packages/h5py/h5o.cpython-310-x86_64-linux-gnu.so
7034706eb000-7034706ef000 r--p 00000000 00:6a 10893126                   /home/ubuntu/.local/lib/python3.10/site-packages/h5py/h5i.cpython-310-x86_64-linux-gnu.so
7034706ef000-7034706fe000 r-xp 00004000 00:6a 10893126                   /home/ubuntu/.local/lib/python3.10/site-packages/h5py/h5i.cpython-310-x86_64-linux-gnu.so
7034706fe000-703470703000 r--p 00013000 00:6a 10893126                   /home/ubuntu/.local/lib/python3.10/site-packages/h5py/h5i.cpython-310-x86_64-linux-gnu.so
703470703000-703470704000 r--p 00017000 00:6a 10893126                   /home/ubuntu/.local/lib/python3.10/site-packages/h5py/h5i.cpython-310-x86_64-linux-gnu.so
703470704000-703470705000 rw-p 00018000 00:6a 10893126                   /home/ubuntu/.local/lib/python3.10/site-packages/h5py/h5i.cpython-310-x86_64-linux-gnu.so
703470705000-703470707000 rw-p 00028000 00:6a 10893126                   /home/ubuntu/.local/lib/python3.10/site-packages/h5py/h5i.cpython-310-x86_64-linux-gnu.so
703470707000-703470708000 rw-p 0002a000 00:6a 10893126                   /home/ubuntu/.local/lib/python3.10/site-packages/h5py/h5i.cpython-310-x86_64-linux-gnu.so
703470708000-70347070e000 r--p 00000000 00:6a 10893125                   /home/ubuntu/.local/lib/python3.10/site-packages/h5py/h5g.cpython-310-x86_64-linux-gnu.so
70347070e000-70347073b000 r-xp 00006000 00:6a 10893125                   /home/ubuntu/.local/lib/python3.10/site-packages/h5py/h5g.cpython-310-x86_64-linux-gnu.so
70347073b000-703470745000 r--p 00033000 00:6a 10893125                   /home/ubuntu/.local/lib/python3.10/site-packages/h5py/h5g.cpython-310-x86_64-linux-gnu.so
703470745000-703470747000 r--p 0003c000 00:6a 10893125                   /home/ubuntu/.local/lib/python3.10/site-packages/h5py/h5g.cpython-310-x86_64-linux-gnu.so
703470747000-703470749000 rw-p 0003e000 00:6a 10893125                   /home/ubuntu/.local/lib/python3.10/site-packages/h5py/h5g.cpython-310-x86_64-linux-gnu.so
703470749000-70347074a000 rw-p 00000000 00:00 0 
70347074a000-70347074c000 rw-p 00063000 00:6a 10893125                   /home/ubuntu/.local/lib/python3.10/site-packages/h5py/h5g.cpython-310-x86_64-linux-gnu.so
70347074c000-70347074d000 rw-p 00065000 00:6a 10893125                   /home/ubuntu/.local/lib/python3.10/site-packages/h5py/h5g.cpython-310-x86_64-linux-gnu.so
70347074d000-703470753000 r--p 00000000 00:6a 10893123                   /home/ubuntu/.local/lib/python3.10/site-packages/h5py/h5f.cpython-310-x86_64-linux-gnu.so
703470753000-70347077a000 r-xp 00006000 00:6a 10893123                   /home/ubuntu/.local/lib/python3.10/site-packages/h5py/h5f.cpython-310-x86_64-linux-gnu.so
70347077a000-703470784000 r--p 0002d000 00:6a 10893123                   /home/ubuntu/.local/lib/python3.10/site-packages/h5py/h5f.cpython-310-x86_64-linux-gnu.so
703470784000-703470785000 r--p 00037000 00:6a 10893123                   /home/ubuntu/.local/lib/python3.10/site-packages/h5py/h5f.cpython-310-x86_64-linux-gnu.so
703470785000-703470787000 rw-p 00038000 00:6a 10893123                   /home/ubuntu/.local/lib/python3.10/site-packages/h5py/h5f.cpython-310-x86_64-linux-gnu.so
703470787000-703470788000 rw-p 00000000 00:00 0 
703470788000-70347078a000 rw-p 0005b000 00:6a 10893123                   /home/ubuntu/.local/lib/python3.10/site-packages/h5py/h5f.cpython-310-x86_64-linux-gnu.so
70347078a000-70347078b000 rw-p 0005d000 00:6a 10893123                   /home/ubuntu/.local/lib/python3.10/site-packages/h5py/h5f.cpython-310-x86_64-linux-gnu.so
70347078b000-703470790000 r--p 00000000 00:6a 10893122                   /home/ubuntu/.local/lib/python3.10/site-packages/h5py/h5ds.cpython-310-x86_64-linux-gnu.so
703470790000-7034707a6000 r-xp 00005000 00:6a 10893122                   /home/ubuntu/.local/lib/python3.10/site-packages/h5py/h5ds.cpython-310-x86_64-linux-gnu.so
7034707a6000-7034707ac000 r--p 0001b000 00:6a 10893122                   /home/ubuntu/.local/lib/python3.10/site-packages/h5py/h5ds.cpython-310-x86_64-linux-gnu.so
7034707ac000-7034707ad000 r--p 00021000 00:6a 10893122                   /home/ubuntu/.local/lib/python3.10/site-packages/h5py/h5ds.cpython-310-x86_64-linux-gnu.so
7034707ad000-7034707ae000 rw-p 00022000 00:6a 10893122                   /home/ubuntu/.local/lib/python3.10/site-packages/h5py/h5ds.cpython-310-x86_64-linux-gnu.so
7034707ae000-7034707af000 rw-p 00000000 00:00 0 
7034707af000-7034707b1000 rw-p 00037000 00:6a 10893122                   /home/ubuntu/.local/lib/python3.10/site-packages/h5py/h5ds.cpython-310-x86_64-linux-gnu.so
7034707b1000-7034707b2000 rw-p 00039000 00:6a 10893122                   /home/ubuntu/.local/lib/python3.10/site-packages/h5py/h5ds.cpython-310-x86_64-linux-gnu.so
7034707b2000-7034707ba000 r--p 00000000 00:6a 10893121                   /home/ubuntu/.local/lib/python3.10/site-packages/h5py/h5d.cpython-310-x86_64-linux-gnu.so
7034707ba000-703470802000 r-xp 00008000 00:6a 10893121                   /home/ubuntu/.local/lib/python3.10/site-packages/h5py/h5d.cpython-310-x86_64-linux-gnu.so
703470802000-703470812000 r--p 00050000 00:6a 10893121                   /home/ubuntu/.local/lib/python3.10/site-packages/h5py/h5d.cpython-310-x86_64-linux-gnu.so
703470812000-703470814000 r--p 00060000 00:6a 10893121                   /home/ubuntu/.local/lib/python3.10/site-packages/h5py/h5d.cpython-310-x86_64-linux-gnu.so
703470814000-703470817000 rw-p 00062000 00:6a 10893121                   /home/ubuntu/.local/lib/python3.10/site-packages/h5py/h5d.cpython-310-x86_64-linux-gnu.so
703470817000-703470818000 rw-p 00000000 00:00 0 
703470818000-70347081b000 rw-p 0009a000 00:6a 10893121                   /home/ubuntu/.local/lib/python3.10/site-packages/h5py/h5d.cpython-310-x86_64-linux-gnu.so
70347081b000-70347081d000 rw-p 0009d000 00:6a 10893121                   /home/ubuntu/.local/lib/python3.10/site-packages/h5py/h5d.cpython-310-x86_64-linux-gnu.so
70347081d000-703470822000 r--p 00000000 00:6a 10893119                   /home/ubuntu/.local/lib/python3.10/site-packages/h5py/h5a.cpython-310-x86_64-linux-gnu.so
703470822000-703470845000 r-xp 00005000 00:6a 10893119                   /home/ubuntu/.local/lib/python3.10/site-packages/h5py/h5a.cpython-310-x86_64-linux-gnu.so
703470845000-70347084e000 r--p 00028000 00:6a 10893119                   /home/ubuntu/.local/lib/python3.10/site-packages/h5py/h5a.cpython-310-x86_64-linux-gnu.so
70347084e000-70347084f000 r--p 00030000 00:6a 10893119                   /home/ubuntu/.local/lib/python3.10/site-packages/h5py/h5a.cpython-310-x86_64-linux-gnu.so
70347084f000-703470851000 rw-p 00031000 00:6a 10893119                   /home/ubuntu/.local/lib/python3.10/site-packages/h5py/h5a.cpython-310-x86_64-linux-gnu.so
703470851000-703470852000 rw-p 00000000 00:00 0 
703470852000-703470854000 rw-p 0004f000 00:6a 10893119                   /home/ubuntu/.local/lib/python3.10/site-packages/h5py/h5a.cpython-310-x86_64-linux-gnu.so
703470854000-703470855000 rw-p 00051000 00:6a 10893119                   /home/ubuntu/.local/lib/python3.10/site-packages/h5py/h5a.cpython-310-x86_64-linux-gnu.so
703470855000-703470859000 r--p 00000000 00:6a 10893135                   /home/ubuntu/.local/lib/python3.10/site-packages/h5py/h5z.cpython-310-x86_64-linux-gnu.so
703470859000-703470866000 r-xp 00004000 00:6a 10893135                   /home/ubuntu/.local/lib/python3.10/site-packages/h5py/h5z.cpython-310-x86_64-linux-gnu.so
703470866000-70347086a000 r--p 00011000 00:6a 10893135                   /home/ubuntu/.local/lib/python3.10/site-packages/h5py/h5z.cpython-310-x86_64-linux-gnu.so
70347086a000-70347086b000 r--p 00015000 00:6a 10893135                   /home/ubuntu/.local/lib/python3.10/site-packages/h5py/h5z.cpython-310-x86_64-linux-gnu.so
70347086b000-70347086c000 rw-p 00016000 00:6a 10893135                   /home/ubuntu/.local/lib/python3.10/site-packages/h5py/h5z.cpython-310-x86_64-linux-gnu.so
70347086c000-70347086e000 rw-p 00025000 00:6a 10893135                   /home/ubuntu/.local/lib/python3.10/site-packages/h5py/h5z.cpython-310-x86_64-linux-gnu.so
70347086e000-70347086f000 rw-p 00027000 00:6a 10893135                   /home/ubuntu/.local/lib/python3.10/site-packages/h5py/h5z.cpython-310-x86_64-linux-gnu.so
70347086f000-703470872000 r--p 00000000 00:6a 10893115                   /home/ubuntu/.local/lib/python3.10/site-packages/h5py/_proxy.cpython-310-x86_64-linux-gnu.so
703470872000-70347087f000 r-xp 00003000 00:6a 10893115                   /home/ubuntu/.local/lib/python3.10/site-packages/h5py/_proxy.cpython-310-x86_64-linux-gnu.so
70347087f000-703470882000 r--p 00010000 00:6a 10893115                   /home/ubuntu/.local/lib/python3.10/site-packages/h5py/_proxy.cpython-310-x86_64-linux-gnu.so
703470882000-703470883000 r--p 00012000 00:6a 10893115                   /home/ubuntu/.local/lib/python3.10/site-packages/h5py/_proxy.cpython-310-x86_64-linux-gnu.so
703470883000-703470884000 rw-p 00013000 00:6a 10893115                   /home/ubuntu/.local/lib/python3.10/site-packages/h5py/_proxy.cpython-310-x86_64-linux-gnu.so
703470884000-703470886000 rw-p 0001f000 00:6a 10893115                   /home/ubuntu/.local/lib/python3.10/site-packages/h5py/_proxy.cpython-310-x86_64-linux-gnu.so
703470886000-703470887000 rw-p 00021000 00:6a 10893115                   /home/ubuntu/.local/lib/python3.10/site-packages/h5py/_proxy.cpython-310-x86_64-linux-gnu.so
703470887000-70347088b000 r--p 00000000 00:6a 10893120                   /home/ubuntu/.local/lib/python3.10/site-packages/h5py/h5ac.cpython-310-x86_64-linux-gnu.so
70347088b000-70347089b000 r-xp 00004000 00:6a 10893120                   /home/ubuntu/.local/lib/python3.10/site-packages/h5py/h5ac.cpython-310-x86_64-linux-gnu.so
70347089b000-7034708a2000 r--p 00014000 00:6a 10893120                   /home/ubuntu/.local/lib/python3.10/site-packages/h5py/h5ac.cpython-310-x86_64-linux-gnu.so
7034708a2000-7034708a3000 r--p 0001a000 00:6a 10893120                   /home/ubuntu/.local/lib/python3.10/site-packages/h5py/h5ac.cpython-310-x86_64-linux-gnu.so
7034708a3000-7034708a5000 rw-p 0001b000 00:6a 10893120                   /home/ubuntu/.local/lib/python3.10/site-packages/h5py/h5ac.cpython-310-x86_64-linux-gnu.so
7034708a5000-7034708a7000 rw-p 00032000 00:6a 10893120                   /home/ubuntu/.local/lib/python3.10/site-packages/h5py/h5ac.cpython-310-x86_64-linux-gnu.so
7034708a7000-7034708a8000 rw-p 00034000 00:6a 10893120                   /home/ubuntu/.local/lib/python3.10/site-packages/h5py/h5ac.cpython-310-x86_64-linux-gnu.so
7034708a8000-7034708ae000 r--p 00000000 00:6a 10893133                   /home/ubuntu/.local/lib/python3.10/site-packages/h5py/h5s.cpython-310-x86_64-linux-gnu.so
7034708ae000-7034708ce000 r-xp 00006000 00:6a 10893133                   /home/ubuntu/.local/lib/python3.10/site-packages/h5py/h5s.cpython-310-x86_64-linux-gnu.so
7034708ce000-7034708d7000 r--p 00026000 00:6a 10893133                   /home/ubuntu/.local/lib/python3.10/site-packages/h5py/h5s.cpython-310-x86_64-linux-gnu.so
7034708d7000-7034708d8000 r--p 0002f000 00:6a 10893133                   /home/ubuntu/.local/lib/python3.10/site-packages/h5py/h5s.cpython-310-x86_64-linux-gnu.so
7034708d8000-7034708da000 rw-p 00030000 00:6a 10893133                   /home/ubuntu/.local/lib/python3.10/site-packages/h5py/h5s.cpython-310-x86_64-linux-gnu.so
7034708da000-7034708dc000 rw-p 0004e000 00:6a 10893133                   /home/ubuntu/.local/lib/python3.10/site-packages/h5py/h5s.cpython-310-x86_64-linux-gnu.so
7034708dc000-7034708dd000 rw-p 00050000 00:6a 10893133                   /home/ubuntu/.local/lib/python3.10/site-packages/h5py/h5s.cpython-310-x86_64-linux-gnu.so
7034708dd000-7034708e1000 r--p 00000000 00:6a 10893137                   /home/ubuntu/.local/lib/python3.10/site-packages/h5py/utils.cpython-310-x86_64-linux-gnu.so
7034708e1000-7034708f1000 r-xp 00004000 00:6a 10893137                   /home/ubuntu/.local/lib/python3.10/site-packages/h5py/utils.cpython-310-x86_64-linux-gnu.so
7034708f1000-7034708f6000 r--p 00014000 00:6a 10893137                   /home/ubuntu/.local/lib/python3.10/site-packages/h5py/utils.cpython-310-x86_64-linux-gnu.so
7034708f6000-7034708f7000 r--p 00018000 00:6a 10893137                   /home/ubuntu/.local/lib/python3.10/site-packages/h5py/utils.cpython-310-x86_64-linux-gnu.so
7034708f7000-7034708f8000 rw-p 00019000 00:6a 10893137                   /home/ubuntu/.local/lib/python3.10/site-packages/h5py/utils.cpython-310-x86_64-linux-gnu.so
7034708f8000-7034708fa000 rw-p 00029000 00:6a 10893137                   /home/ubuntu/.local/lib/python3.10/site-packages/h5py/utils.cpython-310-x86_64-linux-gnu.so
7034708fa000-7034708fb000 rw-p 0002b000 00:6a 10893137                   /home/ubuntu/.local/lib/python3.10/site-packages/h5py/utils.cpython-310-x86_64-linux-gnu.so
7034708fb000-703470907000 r--p 00000000 00:6a 10893134                   /home/ubuntu/.local/lib/python3.10/site-packages/h5py/h5t.cpython-310-x86_64-linux-gnu.so
703470907000-703470974000 r-xp 0000c000 00:6a 10893134                   /home/ubuntu/.local/lib/python3.10/site-packages/h5py/h5t.cpython-310-x86_64-linux-gnu.so
703470974000-703470987000 r--p 00079000 00:6a 10893134                   /home/ubuntu/.local/lib/python3.10/site-packages/h5py/h5t.cpython-310-x86_64-linux-gnu.so
703470987000-70347098a000 r--p 0008b000 00:6a 10893134                   /home/ubuntu/.local/lib/python3.10/site-packages/h5py/h5t.cpython-310-x86_64-linux-gnu.so
70347098a000-70347098e000 rw-p 0008e000 00:6a 10893134                   /home/ubuntu/.local/lib/python3.10/site-packages/h5py/h5t.cpython-310-x86_64-linux-gnu.so
70347098e000-703470991000 rw-p 00000000 00:00 0 
703470991000-703470994000 rw-p 000e1000 00:6a 10893134                   /home/ubuntu/.local/lib/python3.10/site-packages/h5py/h5t.cpython-310-x86_64-linux-gnu.so
703470994000-703470996000 rw-p 000e4000 00:6a 10893134                   /home/ubuntu/.local/lib/python3.10/site-packages/h5py/h5t.cpython-310-x86_64-linux-gnu.so
703470996000-7034709a2000 r--p 00000000 00:6a 10893129                   /home/ubuntu/.local/lib/python3.10/site-packages/h5py/h5p.cpython-310-x86_64-linux-gnu.so
7034709a2000-703470a14000 r-xp 0000c000 00:6a 10893129                   /home/ubuntu/.local/lib/python3.10/site-packages/h5py/h5p.cpython-310-x86_64-linux-gnu.so
703470a14000-703470a2d000 r--p 0007e000 00:6a 10893129                   /home/ubuntu/.local/lib/python3.10/site-packages/h5py/h5p.cpython-310-x86_64-linux-gnu.so
703470a2d000-703470a30000 r--p 00097000 00:6a 10893129                   /home/ubuntu/.local/lib/python3.10/site-packages/h5py/h5p.cpython-310-x86_64-linux-gnu.so
703470a30000-703470a35000 rw-p 0009a000 00:6a 10893129                   /home/ubuntu/.local/lib/python3.10/site-packages/h5py/h5p.cpython-310-x86_64-linux-gnu.so
703470a35000-703470a37000 rw-p 00000000 00:00 0 
703470a37000-703470a3a000 rw-p 000f4000 00:6a 10893129                   /home/ubuntu/.local/lib/python3.10/site-packages/h5py/h5p.cpython-310-x86_64-linux-gnu.so
703470a3a000-703470a3c000 rw-p 000f7000 00:6a 10893129                   /home/ubuntu/.local/lib/python3.10/site-packages/h5py/h5p.cpython-310-x86_64-linux-gnu.so
703470a3c000-703470a40000 r--p 00000000 00:6a 10893132                   /home/ubuntu/.local/lib/python3.10/site-packages/h5py/h5r.cpython-310-x86_64-linux-gnu.so
703470a40000-703470a51000 r-xp 00004000 00:6a 10893132                   /home/ubuntu/.local/lib/python3.10/site-packages/h5py/h5r.cpython-310-x86_64-linux-gnu.so
703470a51000-703470a57000 r--p 00015000 00:6a 10893132                   /home/ubuntu/.local/lib/python3.10/site-packages/h5py/h5r.cpython-310-x86_64-linux-gnu.so
703470a57000-703470a58000 r--p 0001a000 00:6a 10893132                   /home/ubuntu/.local/lib/python3.10/site-packages/h5py/h5r.cpython-310-x86_64-linux-gnu.so
703470a58000-703470a5a000 rw-p 0001b000 00:6a 10893132                   /home/ubuntu/.local/lib/python3.10/site-packages/h5py/h5r.cpython-310-x86_64-linux-gnu.so
703470a5a000-703470a5c000 rw-p 0002e000 00:6a 10893132                   /home/ubuntu/.local/lib/python3.10/site-packages/h5py/h5r.cpython-310-x86_64-linux-gnu.so
703470a5c000-703470a5d000 rw-p 00030000 00:6a 10893132                   /home/ubuntu/.local/lib/python3.10/site-packages/h5py/h5r.cpython-310-x86_64-linux-gnu.so
703470a5d000-703470a64000 r--p 00000000 00:6a 10893111                   /home/ubuntu/.local/lib/python3.10/site-packages/h5py/_conv.cpython-310-x86_64-linux-gnu.so
703470a64000-703470a99000 r-xp 00007000 00:6a 10893111                   /home/ubuntu/.local/lib/python3.10/site-packages/h5py/_conv.cpython-310-x86_64-linux-gnu.so
703470a99000-703470aa4000 r--p 0003c000 00:6a 10893111                   /home/ubuntu/.local/lib/python3.10/site-packages/h5py/_conv.cpython-310-x86_64-linux-gnu.so
703470aa4000-703470aa5000 r--p 00047000 00:6a 10893111                   /home/ubuntu/.local/lib/python3.10/site-packages/h5py/_conv.cpython-310-x86_64-linux-gnu.so
703470aa5000-703470aa7000 rw-p 00048000 00:6a 10893111                   /home/ubuntu/.local/lib/python3.10/site-packages/h5py/_conv.cpython-310-x86_64-linux-gnu.so
703470aa7000-703470aa8000 rw-p 00000000 00:00 0 
703470aa8000-703470aab000 rw-p 00073000 00:6a 10893111                   /home/ubuntu/.local/lib/python3.10/site-packages/h5py/_conv.cpython-310-x86_64-linux-gnu.so
703470aab000-703470aad000 rw-p 00076000 00:6a 10893111                   /home/ubuntu/.local/lib/python3.10/site-packages/h5py/_conv.cpython-310-x86_64-linux-gnu.so
703470aad000-703470ab3000 r--p 00000000 00:6a 10893114                   /home/ubuntu/.local/lib/python3.10/site-packages/h5py/_objects.cpython-310-x86_64-linux-gnu.so
703470ab3000-703470ad5000 r-xp 00006000 00:6a 10893114                   /home/ubuntu/.local/lib/python3.10/site-packages/h5py/_objects.cpython-310-x86_64-linux-gnu.so
703470ad5000-703470add000 r--p 00028000 00:6a 10893114                   /home/ubuntu/.local/lib/python3.10/site-packages/h5py/_objects.cpython-310-x86_64-linux-gnu.so
703470add000-703470ade000 r--p 00030000 00:6a 10893114                   /home/ubuntu/.local/lib/python3.10/site-packages/h5py/_objects.cpython-310-x86_64-linux-gnu.so
703470ade000-703470ae0000 rw-p 00031000 00:6a 10893114                   /home/ubuntu/.local/lib/python3.10/site-packages/h5py/_objects.cpython-310-x86_64-linux-gnu.so
703470ae0000-703470ae1000 rw-p 00000000 00:00 0 
703470ae1000-703470ae4000 rw-p 00050000 00:6a 10893114                   /home/ubuntu/.local/lib/python3.10/site-packages/h5py/_objects.cpython-310-x86_64-linux-gnu.so
703470ae4000-703470ae6000 rw-p 00053000 00:6a 10893114                   /home/ubuntu/.local/lib/python3.10/site-packages/h5py/_objects.cpython-310-x86_64-linux-gnu.so
703470ae6000-703470af1000 r--p 00000000 00:6a 10893117                   /home/ubuntu/.local/lib/python3.10/site-packages/h5py/defs.cpython-310-x86_64-linux-gnu.so
703470af1000-703470b33000 r-xp 0000b000 00:6a 10893117                   /home/ubuntu/.local/lib/python3.10/site-packages/h5py/defs.cpython-310-x86_64-linux-gnu.so
703470b33000-703470b46000 r--p 0004d000 00:6a 10893117                   /home/ubuntu/.local/lib/python3.10/site-packages/h5py/defs.cpython-310-x86_64-linux-gnu.so
703470b46000-703470b48000 r--p 0005f000 00:6a 10893117                   /home/ubuntu/.local/lib/python3.10/site-packages/h5py/defs.cpython-310-x86_64-linux-gnu.so
703470b48000-703470b49000 rw-p 00061000 00:6a 10893117                   /home/ubuntu/.local/lib/python3.10/site-packages/h5py/defs.cpython-310-x86_64-linux-gnu.so
703470b49000-703470b4a000 rw-p 00000000 00:00 0 
703470b4a000-703470b4f000 rw-p 00094000 00:6a 10893117                   /home/ubuntu/.local/lib/python3.10/site-packages/h5py/defs.cpython-310-x86_64-linux-gnu.so
703470b4f000-703470b52000 rw-p 00099000 00:6a 10893117                   /home/ubuntu/.local/lib/python3.10/site-packages/h5py/defs.cpython-310-x86_64-linux-gnu.so
703470b52000-703470b57000 r--p 00000000 00:6a 10893118                   /home/ubuntu/.local/lib/python3.10/site-packages/h5py/h5.cpython-310-x86_64-linux-gnu.so
703470b57000-703470b70000 r-xp 00005000 00:6a 10893118                   /home/ubuntu/.local/lib/python3.10/site-packages/h5py/h5.cpython-310-x86_64-linux-gnu.so
703470b70000-703470b77000 r--p 0001e000 00:6a 10893118                   /home/ubuntu/.local/lib/python3.10/site-packages/h5py/h5.cpython-310-x86_64-linux-gnu.so
703470b77000-703470b78000 r--p 00025000 00:6a 10893118                   /home/ubuntu/.local/lib/python3.10/site-packages/h5py/h5.cpython-310-x86_64-linux-gnu.so
703470b78000-703470b7a000 rw-p 00026000 00:6a 10893118                   /home/ubuntu/.local/lib/python3.10/site-packages/h5py/h5.cpython-310-x86_64-linux-gnu.so
703470b7a000-703470b7c000 rw-p 0003f000 00:6a 10893118                   /home/ubuntu/.local/lib/python3.10/site-packages/h5py/h5.cpython-310-x86_64-linux-gnu.so
703470b7c000-703470b7d000 rw-p 00041000 00:6a 10893118                   /home/ubuntu/.local/lib/python3.10/site-packages/h5py/h5.cpython-310-x86_64-linux-gnu.so
703470b7d000-703470b83000 r--p 00000000 00:6a 10893204                   /home/ubuntu/.local/lib/python3.10/site-packages/h5py.libs/libhdf5_hl-0ce065ed.so.310.0.6
703470b83000-703470b9a000 r-xp 00006000 00:6a 10893204                   /home/ubuntu/.local/lib/python3.10/site-packages/h5py.libs/libhdf5_hl-0ce065ed.so.310.0.6
703470b9a000-703470b9f000 r--p 0001d000 00:6a 10893204                   /home/ubuntu/.local/lib/python3.10/site-packages/h5py.libs/libhdf5_hl-0ce065ed.so.310.0.6
703470b9f000-703470ba0000 r--p 00022000 00:6a 10893204                   /home/ubuntu/.local/lib/python3.10/site-packages/h5py.libs/libhdf5_hl-0ce065ed.so.310.0.6
703470ba0000-703470ba1000 rw-p 00023000 00:6a 10893204                   /home/ubuntu/.local/lib/python3.10/site-packages/h5py.libs/libhdf5_hl-0ce065ed.so.310.0.6
703470ba1000-703470ba2000 rw-p 00000000 00:00 0 
703470ba2000-703470ba4000 rw-p 00029000 00:6a 10893204                   /home/ubuntu/.local/lib/python3.10/site-packages/h5py.libs/libhdf5_hl-0ce065ed.so.310.0.6
703470ba4000-703470ba6000 rw-p 0002b000 00:6a 10893204                   /home/ubuntu/.local/lib/python3.10/site-packages/h5py.libs/libhdf5_hl-0ce065ed.so.310.0.6
703470ba6000-703470bf7000 r--p 00000000 00:6a 10893203                   /home/ubuntu/.local/lib/python3.10/site-packages/h5py.libs/libhdf5-7d060e2f.so.310.5.1
703470bf7000-703470f0b000 r-xp 00051000 00:6a 10893203                   /home/ubuntu/.local/lib/python3.10/site-packages/h5py.libs/libhdf5-7d060e2f.so.310.5.1
703470f0b000-703470fc3000 r--p 00365000 00:6a 10893203                   /home/ubuntu/.local/lib/python3.10/site-packages/h5py.libs/libhdf5-7d060e2f.so.310.5.1
703470fc3000-703470fd0000 r--p 0041d000 00:6a 10893203                   /home/ubuntu/.local/lib/python3.10/site-packages/h5py.libs/libhdf5-7d060e2f.so.310.5.1
703470fd0000-703470fd9000 rw-p 0042a000 00:6a 10893203                   /home/ubuntu/.local/lib/python3.10/site-packages/h5py.libs/libhdf5-7d060e2f.so.310.5.1
703470fd9000-703470fdc000 rw-p 00000000 00:00 0 
703470fdc000-703470ff5000 rw-p 00494000 00:6a 10893203                   /home/ubuntu/.local/lib/python3.10/site-packages/h5py.libs/libhdf5-7d060e2f.so.310.5.1
703470ff5000-703471007000 rw-p 004ad000 00:6a 10893203                   /home/ubuntu/.local/lib/python3.10/site-packages/h5py.libs/libhdf5-7d060e2f.so.310.5.1
703471007000-70347100b000 r--p 00000000 00:6a 10893112                   /home/ubuntu/.local/lib/python3.10/site-packages/h5py/_errors.cpython-310-x86_64-linux-gnu.so
70347100b000-703471017000 r-xp 00004000 00:6a 10893112                   /home/ubuntu/.local/lib/python3.10/site-packages/h5py/_errors.cpython-310-x86_64-linux-gnu.so
703471017000-70347101a000 r--p 00010000 00:6a 10893112                   /home/ubuntu/.local/lib/python3.10/site-packages/h5py/_errors.cpython-310-x86_64-linux-gnu.so
70347101a000-70347101b000 r--p 00013000 00:6a 10893112                   /home/ubuntu/.local/lib/python3.10/site-packages/h5py/_errors.cpython-310-x86_64-linux-gnu.so
70347101b000-70347101c000 rw-p 00014000 00:6a 10893112                   /home/ubuntu/.local/lib/python3.10/site-packages/h5py/_errors.cpython-310-x86_64-linux-gnu.so
70347101c000-70347101e000 rw-p 00022000 00:6a 10893112                   /home/ubuntu/.local/lib/python3.10/site-packages/h5py/_errors.cpython-310-x86_64-linux-gnu.so
70347101e000-70347101f000 rw-p 00024000 00:6a 10893112                   /home/ubuntu/.local/lib/python3.10/site-packages/h5py/_errors.cpython-310-x86_64-linux-gnu.so
70347101f000-70347111f000 rw-p 00000000 00:00 0 
70347111f000-703471124000 r--p 00000000 00:6a 10173769                   /home/ubuntu/.local/lib/python3.10/site-packages/pyarrow/_json.cpython-310-x86_64-linux-gnu.so
703471124000-703471132000 r-xp 00005000 00:6a 10173769                   /home/ubuntu/.local/lib/python3.10/site-packages/pyarrow/_json.cpython-310-x86_64-linux-gnu.so
703471132000-703471137000 r--p 00013000 00:6a 10173769                   /home/ubuntu/.local/lib/python3.10/site-packages/pyarrow/_json.cpython-310-x86_64-linux-gnu.so
703471137000-703471138000 r--p 00018000 00:6a 10173769                   /home/ubuntu/.local/lib/python3.10/site-packages/pyarrow/_json.cpython-310-x86_64-linux-gnu.so
703471138000-70347113a000 rw-p 00019000 00:6a 10173769                   /home/ubuntu/.local/lib/python3.10/site-packages/pyarrow/_json.cpython-310-x86_64-linux-gnu.so
70347113a000-70347123a000 rw-p 00000000 00:00 0 
70347123a000-70347123d000 r--p 00000000 00:6a 10171548                   /home/ubuntu/.local/lib/python3.10/site-packages/xxhash/_xxhash.cpython-310-x86_64-linux-gnu.so
70347123d000-703471248000 r-xp 00003000 00:6a 10171548                   /home/ubuntu/.local/lib/python3.10/site-packages/xxhash/_xxhash.cpython-310-x86_64-linux-gnu.so
703471248000-70347124b000 r--p 0000e000 00:6a 10171548                   /home/ubuntu/.local/lib/python3.10/site-packages/xxhash/_xxhash.cpython-310-x86_64-linux-gnu.so
70347124b000-70347124c000 r--p 00010000 00:6a 10171548                   /home/ubuntu/.local/lib/python3.10/site-packages/xxhash/_xxhash.cpython-310-x86_64-linux-gnu.so
70347124c000-70347124e000 rw-p 00011000 00:6a 10171548                   /home/ubuntu/.local/lib/python3.10/site-packages/xxhash/_xxhash.cpython-310-x86_64-linux-gnu.so
70347124e000-70347154e000 rw-p 00000000 00:00 0 
70347154e000-703471555000 r--p 00000000 00:6a 10173784                   /home/ubuntu/.local/lib/python3.10/site-packages/pyarrow/_s3fs.cpython-310-x86_64-linux-gnu.so
703471555000-703471570000 r-xp 00007000 00:6a 10173784                   /home/ubuntu/.local/lib/python3.10/site-packages/pyarrow/_s3fs.cpython-310-x86_64-linux-gnu.so
703471570000-703471577000 r--p 00022000 00:6a 10173784                   /home/ubuntu/.local/lib/python3.10/site-packages/pyarrow/_s3fs.cpython-310-x86_64-linux-gnu.so
703471577000-703471578000 r--p 00029000 00:6a 10173784                   /home/ubuntu/.local/lib/python3.10/site-packages/pyarrow/_s3fs.cpython-310-x86_64-linux-gnu.so
703471578000-70347157a000 rw-p 0002a000 00:6a 10173784                   /home/ubuntu/.local/lib/python3.10/site-packages/pyarrow/_s3fs.cpython-310-x86_64-linux-gnu.so
70347157a000-703471580000 r--p 00000000 00:6a 10173764                   /home/ubuntu/.local/lib/python3.10/site-packages/pyarrow/_gcsfs.cpython-310-x86_64-linux-gnu.so
703471580000-703471590000 r-xp 00006000 00:6a 10173764                   /home/ubuntu/.local/lib/python3.10/site-packages/pyarrow/_gcsfs.cpython-310-x86_64-linux-gnu.so
703471590000-703471594000 r--p 00016000 00:6a 10173764                   /home/ubuntu/.local/lib/python3.10/site-packages/pyarrow/_gcsfs.cpython-310-x86_64-linux-gnu.so
703471594000-703471595000 r--p 0001a000 00:6a 10173764                   /home/ubuntu/.local/lib/python3.10/site-packages/pyarrow/_gcsfs.cpython-310-x86_64-linux-gnu.so
703471595000-703471596000 rw-p 0001b000 00:6a 10173764                   /home/ubuntu/.local/lib/python3.10/site-packages/pyarrow/_gcsfs.cpython-310-x86_64-linux-gnu.so
703471596000-703471597000 rw-p 00000000 00:00 0 
703471597000-70347159d000 r--p 00000000 00:6a 10173767                   /home/ubuntu/.local/lib/python3.10/site-packages/pyarrow/_hdfs.cpython-310-x86_64-linux-gnu.so
70347159d000-7034715ad000 r-xp 00006000 00:6a 10173767                   /home/ubuntu/.local/lib/python3.10/site-packages/pyarrow/_hdfs.cpython-310-x86_64-linux-gnu.so
7034715ad000-7034715b1000 r--p 00016000 00:6a 10173767                   /home/ubuntu/.local/lib/python3.10/site-packages/pyarrow/_hdfs.cpython-310-x86_64-linux-gnu.so
7034715b1000-7034715b2000 r--p 0001a000 00:6a 10173767                   /home/ubuntu/.local/lib/python3.10/site-packages/pyarrow/_hdfs.cpython-310-x86_64-linux-gnu.so
7034715b2000-7034715b3000 rw-p 0001b000 00:6a 10173767                   /home/ubuntu/.local/lib/python3.10/site-packages/pyarrow/_hdfs.cpython-310-x86_64-linux-gnu.so
7034715b3000-7034715b4000 rw-p 00000000 00:00 0 
7034715b4000-7034715b9000 r--p 00000000 00:6a 10173735                   /home/ubuntu/.local/lib/python3.10/site-packages/pyarrow/_azurefs.cpython-310-x86_64-linux-gnu.so
7034715b9000-7034715c9000 r-xp 00005000 00:6a 10173735                   /home/ubuntu/.local/lib/python3.10/site-packages/pyarrow/_azurefs.cpython-310-x86_64-linux-gnu.so
7034715c9000-7034715cd000 r--p 00015000 00:6a 10173735                   /home/ubuntu/.local/lib/python3.10/site-packages/pyarrow/_azurefs.cpython-310-x86_64-linux-gnu.so
7034715cd000-7034715ce000 r--p 00019000 00:6a 10173735                   /home/ubuntu/.local/lib/python3.10/site-packages/pyarrow/_azurefs.cpython-310-x86_64-linux-gnu.so
7034715ce000-7034715cf000 rw-p 0001a000 00:6a 10173735                   /home/ubuntu/.local/lib/python3.10/site-packages/pyarrow/_azurefs.cpython-310-x86_64-linux-gnu.so
7034715cf000-7034715d0000 rw-p 00000000 00:00 0 
7034715d0000-7034715de000 r--p 00000000 00:6a 10173761                   /home/ubuntu/.local/lib/python3.10/site-packages/pyarrow/_fs.cpython-310-x86_64-linux-gnu.so
7034715de000-703471613000 r-xp 0000e000 00:6a 10173761                   /home/ubuntu/.local/lib/python3.10/site-packages/pyarrow/_fs.cpython-310-x86_64-linux-gnu.so
703471613000-703471626000 r--p 00043000 00:6a 10173761                   /home/ubuntu/.local/lib/python3.10/site-packages/pyarrow/_fs.cpython-310-x86_64-linux-gnu.so
703471626000-703471628000 r--p 00056000 00:6a 10173761                   /home/ubuntu/.local/lib/python3.10/site-packages/pyarrow/_fs.cpython-310-x86_64-linux-gnu.so
703471628000-70347162b000 rw-p 00058000 00:6a 10173761                   /home/ubuntu/.local/lib/python3.10/site-packages/pyarrow/_fs.cpython-310-x86_64-linux-gnu.so
70347162b000-70347162c000 rw-p 00000000 00:00 0 
70347162c000-70347163f000 r--p 00000000 00:6a 10173775                   /home/ubuntu/.local/lib/python3.10/site-packages/pyarrow/_parquet.cpython-310-x86_64-linux-gnu.so
70347163f000-703471693000 r-xp 00013000 00:6a 10173775                   /home/ubuntu/.local/lib/python3.10/site-packages/pyarrow/_parquet.cpython-310-x86_64-linux-gnu.so
703471693000-7034716a8000 r--p 00067000 00:6a 10173775                   /home/ubuntu/.local/lib/python3.10/site-packages/pyarrow/_parquet.cpython-310-x86_64-linux-gnu.so
7034716a8000-7034716ab000 r--p 0007b000 00:6a 10173775                   /home/ubuntu/.local/lib/python3.10/site-packages/pyarrow/_parquet.cpython-310-x86_64-linux-gnu.so
7034716ab000-7034716b0000 rw-p 0007e000 00:6a 10173775                   /home/ubuntu/.local/lib/python3.10/site-packages/pyarrow/_parquet.cpython-310-x86_64-linux-gnu.so
7034716b0000-703471bb2000 rw-p 00000000 00:00 0 
703471bb2000-703471bb6000 r--p 00000000 00:6a 10235694                   /home/ubuntu/.local/lib/python3.10/site-packages/sklearn/metrics/_pairwise_fast.cpython-310-x86_64-linux-gnu.so
703471bb6000-703471bce000 r-xp 00004000 00:6a 10235694                   /home/ubuntu/.local/lib/python3.10/site-packages/sklearn/metrics/_pairwise_fast.cpython-310-x86_64-linux-gnu.so
703471bce000-703471bd3000 r--p 0001c000 00:6a 10235694                   /home/ubuntu/.local/lib/python3.10/site-packages/sklearn/metrics/_pairwise_fast.cpython-310-x86_64-linux-gnu.so
703471bd3000-703471bd4000 ---p 00021000 00:6a 10235694                   /home/ubuntu/.local/lib/python3.10/site-packages/sklearn/metrics/_pairwise_fast.cpython-310-x86_64-linux-gnu.so
703471bd4000-703471bd5000 r--p 00021000 00:6a 10235694                   /home/ubuntu/.local/lib/python3.10/site-packages/sklearn/metrics/_pairwise_fast.cpython-310-x86_64-linux-gnu.so
703471bd5000-703471bd6000 rw-p 00022000 00:6a 10235694                   /home/ubuntu/.local/lib/python3.10/site-packages/sklearn/metrics/_pairwise_fast.cpython-310-x86_64-linux-gnu.so
703471bd6000-703471bd7000 rw-p 00000000 00:00 0 
703471bd7000-703471bd9000 rw-p 00029000 00:6a 10235694                   /home/ubuntu/.local/lib/python3.10/site-packages/sklearn/metrics/_pairwise_fast.cpython-310-x86_64-linux-gnu.so
703471bd9000-703471bda000 rw-p 0002b000 00:6a 10235694                   /home/ubuntu/.local/lib/python3.10/site-packages/sklearn/metrics/_pairwise_fast.cpython-310-x86_64-linux-gnu.so
703471bda000-703471bdf000 r--p 00000000 00:6a 10235722                   /home/ubuntu/.local/lib/python3.10/site-packages/sklearn/metrics/_pairwise_distances_reduction/_radius_neighbors_classmode.cpython-310-x86_64-linux-gnu.so
703471bdf000-703471bf6000 r-xp 00005000 00:6a 10235722                   /home/ubuntu/.local/lib/python3.10/site-packages/sklearn/metrics/_pairwise_distances_reduction/_radius_neighbors_classmode.cpython-310-x86_64-linux-gnu.so
703471bf6000-703471bfc000 r--p 0001c000 00:6a 10235722                   /home/ubuntu/.local/lib/python3.10/site-packages/sklearn/metrics/_pairwise_distances_reduction/_radius_neighbors_classmode.cpython-310-x86_64-linux-gnu.so
703471bfc000-703471bfd000 ---p 00022000 00:6a 10235722                   /home/ubuntu/.local/lib/python3.10/site-packages/sklearn/metrics/_pairwise_distances_reduction/_radius_neighbors_classmode.cpython-310-x86_64-linux-gnu.so
703471bfd000-703471bfe000 r--p 00022000 00:6a 10235722                   /home/ubuntu/.local/lib/python3.10/site-packages/sklearn/metrics/_pairwise_distances_reduction/_radius_neighbors_classmode.cpython-310-x86_64-linux-gnu.so
703471bfe000-703471bff000 rw-p 00023000 00:6a 10235722                   /home/ubuntu/.local/lib/python3.10/site-packages/sklearn/metrics/_pairwise_distances_reduction/_radius_neighbors_classmode.cpython-310-x86_64-linux-gnu.so
703471bff000-703471c00000 rw-p 00000000 00:00 0 
703471c00000-703471c02000 rw-p 0002f000 00:6a 10235722                   /home/ubuntu/.local/lib/python3.10/site-packages/sklearn/metrics/_pairwise_distances_reduction/_radius_neighbors_classmode.cpython-310-x86_64-linux-gnu.so
703471c02000-703471c03000 rw-p 00031000 00:6a 10235722                   /home/ubuntu/.local/lib/python3.10/site-packages/sklearn/metrics/_pairwise_distances_reduction/_radius_neighbors_classmode.cpython-310-x86_64-linux-gnu.so
703471c03000-703471c08000 r--p 00000000 00:6a 10236017                   /home/ubuntu/.local/lib/python3.10/site-packages/sklearn/utils/_vector_sentinel.cpython-310-x86_64-linux-gnu.so
703471c08000-703471c1b000 r-xp 00005000 00:6a 10236017                   /home/ubuntu/.local/lib/python3.10/site-packages/sklearn/utils/_vector_sentinel.cpython-310-x86_64-linux-gnu.so
703471c1b000-703471c20000 r--p 00018000 00:6a 10236017                   /home/ubuntu/.local/lib/python3.10/site-packages/sklearn/utils/_vector_sentinel.cpython-310-x86_64-linux-gnu.so
703471c20000-703471c21000 ---p 0001d000 00:6a 10236017                   /home/ubuntu/.local/lib/python3.10/site-packages/sklearn/utils/_vector_sentinel.cpython-310-x86_64-linux-gnu.so
703471c21000-703471c22000 r--p 0001d000 00:6a 10236017                   /home/ubuntu/.local/lib/python3.10/site-packages/sklearn/utils/_vector_sentinel.cpython-310-x86_64-linux-gnu.so
703471c22000-703471c24000 rw-p 0001e000 00:6a 10236017                   /home/ubuntu/.local/lib/python3.10/site-packages/sklearn/utils/_vector_sentinel.cpython-310-x86_64-linux-gnu.so
703471c24000-703471c2a000 r--p 00000000 00:6a 10235719                   /home/ubuntu/.local/lib/python3.10/site-packages/sklearn/metrics/_pairwise_distances_reduction/_radius_neighbors.cpython-310-x86_64-linux-gnu.so
703471c2a000-703471c4c000 r-xp 00006000 00:6a 10235719                   /home/ubuntu/.local/lib/python3.10/site-packages/sklearn/metrics/_pairwise_distances_reduction/_radius_neighbors.cpython-310-x86_64-linux-gnu.so
703471c4c000-703471c55000 r--p 00028000 00:6a 10235719                   /home/ubuntu/.local/lib/python3.10/site-packages/sklearn/metrics/_pairwise_distances_reduction/_radius_neighbors.cpython-310-x86_64-linux-gnu.so
703471c55000-703471c56000 ---p 00031000 00:6a 10235719                   /home/ubuntu/.local/lib/python3.10/site-packages/sklearn/metrics/_pairwise_distances_reduction/_radius_neighbors.cpython-310-x86_64-linux-gnu.so
703471c56000-703471c57000 r--p 00031000 00:6a 10235719                   /home/ubuntu/.local/lib/python3.10/site-packages/sklearn/metrics/_pairwise_distances_reduction/_radius_neighbors.cpython-310-x86_64-linux-gnu.so
703471c57000-703471c59000 rw-p 00032000 00:6a 10235719                   /home/ubuntu/.local/lib/python3.10/site-packages/sklearn/metrics/_pairwise_distances_reduction/_radius_neighbors.cpython-310-x86_64-linux-gnu.so
703471c59000-703471c5a000 rw-p 00000000 00:00 0 
703471c5a000-703471c5c000 rw-p 00045000 00:6a 10235719                   /home/ubuntu/.local/lib/python3.10/site-packages/sklearn/metrics/_pairwise_distances_reduction/_radius_neighbors.cpython-310-x86_64-linux-gnu.so
703471c5c000-703471c5e000 rw-p 00047000 00:6a 10235719                   /home/ubuntu/.local/lib/python3.10/site-packages/sklearn/metrics/_pairwise_distances_reduction/_radius_neighbors.cpython-310-x86_64-linux-gnu.so
703471c5e000-703471c62000 r--p 00000000 00:6a 10235706                   /home/ubuntu/.local/lib/python3.10/site-packages/sklearn/metrics/_pairwise_distances_reduction/_argkmin_classmode.cpython-310-x86_64-linux-gnu.so
703471c62000-703471c75000 r-xp 00004000 00:6a 10235706                   /home/ubuntu/.local/lib/python3.10/site-packages/sklearn/metrics/_pairwise_distances_reduction/_argkmin_classmode.cpython-310-x86_64-linux-gnu.so
703471c75000-703471c7b000 r--p 00017000 00:6a 10235706                   /home/ubuntu/.local/lib/python3.10/site-packages/sklearn/metrics/_pairwise_distances_reduction/_argkmin_classmode.cpython-310-x86_64-linux-gnu.so
703471c7b000-703471c7c000 r--p 0001c000 00:6a 10235706                   /home/ubuntu/.local/lib/python3.10/site-packages/sklearn/metrics/_pairwise_distances_reduction/_argkmin_classmode.cpython-310-x86_64-linux-gnu.so
703471c7c000-703471c7d000 rw-p 0001d000 00:6a 10235706                   /home/ubuntu/.local/lib/python3.10/site-packages/sklearn/metrics/_pairwise_distances_reduction/_argkmin_classmode.cpython-310-x86_64-linux-gnu.so
703471c7d000-703471c7e000 rw-p 00000000 00:00 0 
703471c7e000-703471c80000 rw-p 00027000 00:6a 10235706                   /home/ubuntu/.local/lib/python3.10/site-packages/sklearn/metrics/_pairwise_distances_reduction/_argkmin_classmode.cpython-310-x86_64-linux-gnu.so
703471c80000-703471c81000 rw-p 00029000 00:6a 10235706                   /home/ubuntu/.local/lib/python3.10/site-packages/sklearn/metrics/_pairwise_distances_reduction/_argkmin_classmode.cpython-310-x86_64-linux-gnu.so
703471c81000-703471c87000 r--p 00000000 00:6a 10235716                   /home/ubuntu/.local/lib/python3.10/site-packages/sklearn/metrics/_pairwise_distances_reduction/_middle_term_computer.cpython-310-x86_64-linux-gnu.so
703471c87000-703471cbd000 r-xp 00006000 00:6a 10235716                   /home/ubuntu/.local/lib/python3.10/site-packages/sklearn/metrics/_pairwise_distances_reduction/_middle_term_computer.cpython-310-x86_64-linux-gnu.so
703471cbd000-703471cc9000 r--p 0003c000 00:6a 10235716                   /home/ubuntu/.local/lib/python3.10/site-packages/sklearn/metrics/_pairwise_distances_reduction/_middle_term_computer.cpython-310-x86_64-linux-gnu.so
703471cc9000-703471cca000 r--p 00047000 00:6a 10235716                   /home/ubuntu/.local/lib/python3.10/site-packages/sklearn/metrics/_pairwise_distances_reduction/_middle_term_computer.cpython-310-x86_64-linux-gnu.so
703471cca000-703471ccc000 rw-p 00048000 00:6a 10235716                   /home/ubuntu/.local/lib/python3.10/site-packages/sklearn/metrics/_pairwise_distances_reduction/_middle_term_computer.cpython-310-x86_64-linux-gnu.so
703471ccc000-703471ccd000 rw-p 00000000 00:00 0 
703471ccd000-703471cd2000 r--p 00000000 00:6a 10235973                   /home/ubuntu/.local/lib/python3.10/site-packages/sklearn/utils/_cython_blas.cpython-310-x86_64-linux-gnu.so
703471cd2000-703471d11000 r-xp 00005000 00:6a 10235973                   /home/ubuntu/.local/lib/python3.10/site-packages/sklearn/utils/_cython_blas.cpython-310-x86_64-linux-gnu.so
703471d11000-703471d1a000 r--p 00044000 00:6a 10235973                   /home/ubuntu/.local/lib/python3.10/site-packages/sklearn/utils/_cython_blas.cpython-310-x86_64-linux-gnu.so
703471d1a000-703471d1b000 r--p 0004c000 00:6a 10235973                   /home/ubuntu/.local/lib/python3.10/site-packages/sklearn/utils/_cython_blas.cpython-310-x86_64-linux-gnu.so
703471d1b000-703471d1d000 rw-p 0004d000 00:6a 10235973                   /home/ubuntu/.local/lib/python3.10/site-packages/sklearn/utils/_cython_blas.cpython-310-x86_64-linux-gnu.so
703471d1d000-703471d23000 r--p 00000000 00:6a 10235712                   /home/ubuntu/.local/lib/python3.10/site-packages/sklearn/metrics/_pairwise_distances_reduction/_datasets_pair.cpython-310-x86_64-linux-gnu.so
703471d23000-703471d57000 r-xp 00006000 00:6a 10235712                   /home/ubuntu/.local/lib/python3.10/site-packages/sklearn/metrics/_pairwise_distances_reduction/_datasets_pair.cpython-310-x86_64-linux-gnu.so
703471d57000-703471d63000 r--p 0003a000 00:6a 10235712                   /home/ubuntu/.local/lib/python3.10/site-packages/sklearn/metrics/_pairwise_distances_reduction/_datasets_pair.cpython-310-x86_64-linux-gnu.so
703471d63000-703471d64000 ---p 00046000 00:6a 10235712                   /home/ubuntu/.local/lib/python3.10/site-packages/sklearn/metrics/_pairwise_distances_reduction/_datasets_pair.cpython-310-x86_64-linux-gnu.so
703471d64000-703471d65000 r--p 00046000 00:6a 10235712                   /home/ubuntu/.local/lib/python3.10/site-packages/sklearn/metrics/_pairwise_distances_reduction/_datasets_pair.cpython-310-x86_64-linux-gnu.so
703471d65000-703471d68000 rw-p 00047000 00:6a 10235712                   /home/ubuntu/.local/lib/python3.10/site-packages/sklearn/metrics/_pairwise_distances_reduction/_datasets_pair.cpython-310-x86_64-linux-gnu.so
703471d68000-703471d6d000 r--p 00000000 00:6a 10235708                   /home/ubuntu/.local/lib/python3.10/site-packages/sklearn/metrics/_pairwise_distances_reduction/_base.cpython-310-x86_64-linux-gnu.so
703471d6d000-703471d89000 r-xp 00005000 00:6a 10235708                   /home/ubuntu/.local/lib/python3.10/site-packages/sklearn/metrics/_pairwise_distances_reduction/_base.cpython-310-x86_64-linux-gnu.so
703471d89000-703471d90000 r--p 00021000 00:6a 10235708                   /home/ubuntu/.local/lib/python3.10/site-packages/sklearn/metrics/_pairwise_distances_reduction/_base.cpython-310-x86_64-linux-gnu.so
703471d90000-703471d91000 r--p 00027000 00:6a 10235708                   /home/ubuntu/.local/lib/python3.10/site-packages/sklearn/metrics/_pairwise_distances_reduction/_base.cpython-310-x86_64-linux-gnu.so
703471d91000-703471d93000 rw-p 00028000 00:6a 10235708                   /home/ubuntu/.local/lib/python3.10/site-packages/sklearn/metrics/_pairwise_distances_reduction/_base.cpython-310-x86_64-linux-gnu.so
703471d93000-703471d95000 rw-p 00037000 00:6a 10235708                   /home/ubuntu/.local/lib/python3.10/site-packages/sklearn/metrics/_pairwise_distances_reduction/_base.cpython-310-x86_64-linux-gnu.so
703471d95000-703471d96000 rw-p 00039000 00:6a 10235708                   /home/ubuntu/.local/lib/python3.10/site-packages/sklearn/metrics/_pairwise_distances_reduction/_base.cpython-310-x86_64-linux-gnu.so
703471d96000-703471d9b000 r--p 00000000 00:6a 10235703                   /home/ubuntu/.local/lib/python3.10/site-packages/sklearn/metrics/_pairwise_distances_reduction/_argkmin.cpython-310-x86_64-linux-gnu.so
703471d9b000-703471dbc000 r-xp 00005000 00:6a 10235703                   /home/ubuntu/.local/lib/python3.10/site-packages/sklearn/metrics/_pairwise_distances_reduction/_argkmin.cpython-310-x86_64-linux-gnu.so
703471dbc000-703471dc4000 r--p 00026000 00:6a 10235703                   /home/ubuntu/.local/lib/python3.10/site-packages/sklearn/metrics/_pairwise_distances_reduction/_argkmin.cpython-310-x86_64-linux-gnu.so
703471dc4000-703471dc5000 r--p 0002d000 00:6a 10235703                   /home/ubuntu/.local/lib/python3.10/site-packages/sklearn/metrics/_pairwise_distances_reduction/_argkmin.cpython-310-x86_64-linux-gnu.so
703471dc5000-703471dc7000 rw-p 0002e000 00:6a 10235703                   /home/ubuntu/.local/lib/python3.10/site-packages/sklearn/metrics/_pairwise_distances_reduction/_argkmin.cpython-310-x86_64-linux-gnu.so
703471dc7000-703471dc8000 rw-p 00000000 00:00 0 
703471dc8000-703471dca000 rw-p 0003f000 00:6a 10235703                   /home/ubuntu/.local/lib/python3.10/site-packages/sklearn/metrics/_pairwise_distances_reduction/_argkmin.cpython-310-x86_64-linux-gnu.so
703471dca000-703471dcb000 rw-p 00041000 00:6a 10235703                   /home/ubuntu/.local/lib/python3.10/site-packages/sklearn/metrics/_pairwise_distances_reduction/_argkmin.cpython-310-x86_64-linux-gnu.so
703471dcb000-703471dd4000 r--p 00000000 00:6a 10235690                   /home/ubuntu/.local/lib/python3.10/site-packages/sklearn/metrics/_dist_metrics.cpython-310-x86_64-linux-gnu.so
703471dd4000-703471e32000 r-xp 00009000 00:6a 10235690                   /home/ubuntu/.local/lib/python3.10/site-packages/sklearn/metrics/_dist_metrics.cpython-310-x86_64-linux-gnu.so
703471e32000-703471e47000 r--p 00067000 00:6a 10235690                   /home/ubuntu/.local/lib/python3.10/site-packages/sklearn/metrics/_dist_metrics.cpython-310-x86_64-linux-gnu.so
703471e47000-703471e49000 r--p 0007b000 00:6a 10235690                   /home/ubuntu/.local/lib/python3.10/site-packages/sklearn/metrics/_dist_metrics.cpython-310-x86_64-linux-gnu.so
703471e49000-703471e4f000 rw-p 0007d000 00:6a 10235690                   /home/ubuntu/.local/lib/python3.10/site-packages/sklearn/metrics/_dist_metrics.cpython-310-x86_64-linux-gnu.so
703471e4f000-703471f52000 rw-p 00000000 00:00 0 
703471f52000-703471f57000 r--p 00000000 00:6a 10235850                   /home/ubuntu/.local/lib/python3.10/site-packages/sklearn/preprocessing/_target_encoder_fast.cpython-310-x86_64-linux-gnu.so
703471f57000-703471fa3000 r-xp 00005000 00:6a 10235850                   /home/ubuntu/.local/lib/python3.10/site-packages/sklearn/preprocessing/_target_encoder_fast.cpython-310-x86_64-linux-gnu.so
703471fa3000-703471faa000 r--p 00051000 00:6a 10235850                   /home/ubuntu/.local/lib/python3.10/site-packages/sklearn/preprocessing/_target_encoder_fast.cpython-310-x86_64-linux-gnu.so
703471faa000-703471fab000 ---p 00058000 00:6a 10235850                   /home/ubuntu/.local/lib/python3.10/site-packages/sklearn/preprocessing/_target_encoder_fast.cpython-310-x86_64-linux-gnu.so
703471fab000-703471fac000 r--p 00058000 00:6a 10235850                   /home/ubuntu/.local/lib/python3.10/site-packages/sklearn/preprocessing/_target_encoder_fast.cpython-310-x86_64-linux-gnu.so
703471fac000-703471fae000 rw-p 00059000 00:6a 10235850                   /home/ubuntu/.local/lib/python3.10/site-packages/sklearn/preprocessing/_target_encoder_fast.cpython-310-x86_64-linux-gnu.so
703471fae000-703471fb3000 r--p 00000000 00:6a 10235841                   /home/ubuntu/.local/lib/python3.10/site-packages/sklearn/preprocessing/_csr_polynomial_expansion.cpython-310-x86_64-linux-gnu.so
703471fb3000-703471ff5000 r-xp 00005000 00:6a 10235841                   /home/ubuntu/.local/lib/python3.10/site-packages/sklearn/preprocessing/_csr_polynomial_expansion.cpython-310-x86_64-linux-gnu.so
703471ff5000-703471ffc000 r--p 00047000 00:6a 10235841                   /home/ubuntu/.local/lib/python3.10/site-packages/sklearn/preprocessing/_csr_polynomial_expansion.cpython-310-x86_64-linux-gnu.so
703471ffc000-703471ffd000 ---p 0004e000 00:6a 10235841                   /home/ubuntu/.local/lib/python3.10/site-packages/sklearn/preprocessing/_csr_polynomial_expansion.cpython-310-x86_64-linux-gnu.so
703471ffd000-703471ffe000 r--p 0004e000 00:6a 10235841                   /home/ubuntu/.local/lib/python3.10/site-packages/sklearn/preprocessing/_csr_polynomial_expansion.cpython-310-x86_64-linux-gnu.so
703471ffe000-703472000000 rw-p 0004f000 00:6a 10235841                   /home/ubuntu/.local/lib/python3.10/site-packages/sklearn/preprocessing/_csr_polynomial_expansion.cpython-310-x86_64-linux-gnu.so
703472000000-703472025000 r-xp 00000000 00:6a 10235043                   /home/ubuntu/.local/lib/python3.10/site-packages/scikit_learn.libs/libgomp-a34b3233.so.1.0.0
703472025000-703472224000 ---p 00025000 00:6a 10235043                   /home/ubuntu/.local/lib/python3.10/site-packages/scikit_learn.libs/libgomp-a34b3233.so.1.0.0
703472224000-703472225000 r--p 00024000 00:6a 10235043                   /home/ubuntu/.local/lib/python3.10/site-packages/scikit_learn.libs/libgomp-a34b3233.so.1.0.0
703472225000-703472226000 rw-p 00025000 00:6a 10235043                   /home/ubuntu/.local/lib/python3.10/site-packages/scikit_learn.libs/libgomp-a34b3233.so.1.0.0
703472226000-70347222a000 rw-p 00026000 00:6a 10235043                   /home/ubuntu/.local/lib/python3.10/site-packages/scikit_learn.libs/libgomp-a34b3233.so.1.0.0
70347222c000-703472234000 r--s 00000000 08:00 45646502                   /home/ubuntu/tbazzocchi/FRAG/MedRAG/corpus/wikipedia/index/bm25/_13.fdx
703472234000-703472238000 r--p 00000000 00:6a 10235743                   /home/ubuntu/.local/lib/python3.10/site-packages/sklearn/metrics/cluster/_expected_mutual_info_fast.cpython-310-x86_64-linux-gnu.so
703472238000-703472245000 r-xp 00004000 00:6a 10235743                   /home/ubuntu/.local/lib/python3.10/site-packages/sklearn/metrics/cluster/_expected_mutual_info_fast.cpython-310-x86_64-linux-gnu.so
703472245000-703472249000 r--p 00011000 00:6a 10235743                   /home/ubuntu/.local/lib/python3.10/site-packages/sklearn/metrics/cluster/_expected_mutual_info_fast.cpython-310-x86_64-linux-gnu.so
703472249000-70347224a000 r--p 00014000 00:6a 10235743                   /home/ubuntu/.local/lib/python3.10/site-packages/sklearn/metrics/cluster/_expected_mutual_info_fast.cpython-310-x86_64-linux-gnu.so
70347224a000-70347224b000 rw-p 00015000 00:6a 10235743                   /home/ubuntu/.local/lib/python3.10/site-packages/sklearn/metrics/cluster/_expected_mutual_info_fast.cpython-310-x86_64-linux-gnu.so
70347224b000-70347224e000 r--p 00000000 00:6a 10235991                   /home/ubuntu/.local/lib/python3.10/site-packages/sklearn/utils/_openmp_helpers.cpython-310-x86_64-linux-gnu.so
70347224e000-703472255000 r-xp 00003000 00:6a 10235991                   /home/ubuntu/.local/lib/python3.10/site-packages/sklearn/utils/_openmp_helpers.cpython-310-x86_64-linux-gnu.so
703472255000-703472257000 r--p 0000a000 00:6a 10235991                   /home/ubuntu/.local/lib/python3.10/site-packages/sklearn/utils/_openmp_helpers.cpython-310-x86_64-linux-gnu.so
703472257000-703472258000 ---p 0000c000 00:6a 10235991                   /home/ubuntu/.local/lib/python3.10/site-packages/sklearn/utils/_openmp_helpers.cpython-310-x86_64-linux-gnu.so
703472258000-703472259000 r--p 0000c000 00:6a 10235991                   /home/ubuntu/.local/lib/python3.10/site-packages/sklearn/utils/_openmp_helpers.cpython-310-x86_64-linux-gnu.so
703472259000-70347225a000 rw-p 0000d000 00:6a 10235991                   /home/ubuntu/.local/lib/python3.10/site-packages/sklearn/utils/_openmp_helpers.cpython-310-x86_64-linux-gnu.so
70347225a000-70347225c000 rw-p 00012000 00:6a 10235991                   /home/ubuntu/.local/lib/python3.10/site-packages/sklearn/utils/_openmp_helpers.cpython-310-x86_64-linux-gnu.so
70347225c000-70347225d000 rw-p 00014000 00:6a 10235991                   /home/ubuntu/.local/lib/python3.10/site-packages/sklearn/utils/_openmp_helpers.cpython-310-x86_64-linux-gnu.so
70347225d000-703472261000 r--p 00000000 00:6a 10236036                   /home/ubuntu/.local/lib/python3.10/site-packages/sklearn/utils/murmurhash.cpython-310-x86_64-linux-gnu.so
703472261000-703472273000 r-xp 00004000 00:6a 10236036                   /home/ubuntu/.local/lib/python3.10/site-packages/sklearn/utils/murmurhash.cpython-310-x86_64-linux-gnu.so
703472273000-703472278000 r--p 00016000 00:6a 10236036                   /home/ubuntu/.local/lib/python3.10/site-packages/sklearn/utils/murmurhash.cpython-310-x86_64-linux-gnu.so
703472278000-703472279000 ---p 0001b000 00:6a 10236036                   /home/ubuntu/.local/lib/python3.10/site-packages/sklearn/utils/murmurhash.cpython-310-x86_64-linux-gnu.so
703472279000-70347227a000 r--p 0001b000 00:6a 10236036                   /home/ubuntu/.local/lib/python3.10/site-packages/sklearn/utils/murmurhash.cpython-310-x86_64-linux-gnu.so
70347227a000-70347227b000 rw-p 0001c000 00:6a 10236036                   /home/ubuntu/.local/lib/python3.10/site-packages/sklearn/utils/murmurhash.cpython-310-x86_64-linux-gnu.so
70347227b000-70347237b000 rw-p 00000000 00:00 0 
70347237b000-703472380000 r--p 00000000 00:6a 10236043                   /home/ubuntu/.local/lib/python3.10/site-packages/sklearn/utils/sparsefuncs_fast.cpython-310-x86_64-linux-gnu.so
703472380000-703472419000 r-xp 00005000 00:6a 10236043                   /home/ubuntu/.local/lib/python3.10/site-packages/sklearn/utils/sparsefuncs_fast.cpython-310-x86_64-linux-gnu.so
703472419000-703472425000 r--p 0009e000 00:6a 10236043                   /home/ubuntu/.local/lib/python3.10/site-packages/sklearn/utils/sparsefuncs_fast.cpython-310-x86_64-linux-gnu.so
703472425000-703472427000 r--p 000a9000 00:6a 10236043                   /home/ubuntu/.local/lib/python3.10/site-packages/sklearn/utils/sparsefuncs_fast.cpython-310-x86_64-linux-gnu.so
703472427000-703472429000 rw-p 000ab000 00:6a 10236043                   /home/ubuntu/.local/lib/python3.10/site-packages/sklearn/utils/sparsefuncs_fast.cpython-310-x86_64-linux-gnu.so
703472429000-70347242a000 rw-p 00000000 00:00 0 
70347242a000-70347242f000 r--p 00000000 00:6a 10235048                   /home/ubuntu/.local/lib/python3.10/site-packages/sklearn/_cyutility.cpython-310-x86_64-linux-gnu.so
70347242f000-70347244c000 r-xp 00005000 00:6a 10235048                   /home/ubuntu/.local/lib/python3.10/site-packages/sklearn/_cyutility.cpython-310-x86_64-linux-gnu.so
70347244c000-703472452000 r--p 00022000 00:6a 10235048                   /home/ubuntu/.local/lib/python3.10/site-packages/sklearn/_cyutility.cpython-310-x86_64-linux-gnu.so
703472452000-703472453000 ---p 00028000 00:6a 10235048                   /home/ubuntu/.local/lib/python3.10/site-packages/sklearn/_cyutility.cpython-310-x86_64-linux-gnu.so
703472453000-703472454000 r--p 00028000 00:6a 10235048                   /home/ubuntu/.local/lib/python3.10/site-packages/sklearn/_cyutility.cpython-310-x86_64-linux-gnu.so
703472454000-703472456000 rw-p 00029000 00:6a 10235048                   /home/ubuntu/.local/lib/python3.10/site-packages/sklearn/_cyutility.cpython-310-x86_64-linux-gnu.so
703472456000-70347245a000 r--p 00000000 00:6a 10235985                   /home/ubuntu/.local/lib/python3.10/site-packages/sklearn/utils/_isfinite.cpython-310-x86_64-linux-gnu.so
70347245a000-703472468000 r-xp 00004000 00:6a 10235985                   /home/ubuntu/.local/lib/python3.10/site-packages/sklearn/utils/_isfinite.cpython-310-x86_64-linux-gnu.so
703472468000-70347246c000 r--p 00012000 00:6a 10235985                   /home/ubuntu/.local/lib/python3.10/site-packages/sklearn/utils/_isfinite.cpython-310-x86_64-linux-gnu.so
70347246c000-70347246d000 ---p 00016000 00:6a 10235985                   /home/ubuntu/.local/lib/python3.10/site-packages/sklearn/utils/_isfinite.cpython-310-x86_64-linux-gnu.so
70347246d000-70347246e000 r--p 00016000 00:6a 10235985                   /home/ubuntu/.local/lib/python3.10/site-packages/sklearn/utils/_isfinite.cpython-310-x86_64-linux-gnu.so
70347246e000-70347246f000 rw-p 00017000 00:6a 10235985                   /home/ubuntu/.local/lib/python3.10/site-packages/sklearn/utils/_isfinite.cpython-310-x86_64-linux-gnu.so
70347246f000-703472570000 rw-p 00000000 00:00 0 
703472570000-703472574000 r--p 00000000 00:6a 10229409                   /home/ubuntu/.local/lib/python3.10/site-packages/pandas/_libs/testing.cpython-310-x86_64-linux-gnu.so
703472574000-703472588000 r-xp 00004000 00:6a 10229409                   /home/ubuntu/.local/lib/python3.10/site-packages/pandas/_libs/testing.cpython-310-x86_64-linux-gnu.so
703472588000-70347258b000 r--p 00018000 00:6a 10229409                   /home/ubuntu/.local/lib/python3.10/site-packages/pandas/_libs/testing.cpython-310-x86_64-linux-gnu.so
70347258b000-70347258c000 r--p 0001b000 00:6a 10229409                   /home/ubuntu/.local/lib/python3.10/site-packages/pandas/_libs/testing.cpython-310-x86_64-linux-gnu.so
70347258c000-70347258d000 rw-p 0001c000 00:6a 10229409                   /home/ubuntu/.local/lib/python3.10/site-packages/pandas/_libs/testing.cpython-310-x86_64-linux-gnu.so
70347258d000-703472597000 r--p 00000000 00:6a 10229399                   /home/ubuntu/.local/lib/python3.10/site-packages/pandas/_libs/parsers.cpython-310-x86_64-linux-gnu.so
703472597000-703472605000 r-xp 0000a000 00:6a 10229399                   /home/ubuntu/.local/lib/python3.10/site-packages/pandas/_libs/parsers.cpython-310-x86_64-linux-gnu.so
703472605000-703472612000 r--p 00078000 00:6a 10229399                   /home/ubuntu/.local/lib/python3.10/site-packages/pandas/_libs/parsers.cpython-310-x86_64-linux-gnu.so
703472612000-703472615000 r--p 00084000 00:6a 10229399                   /home/ubuntu/.local/lib/python3.10/site-packages/pandas/_libs/parsers.cpython-310-x86_64-linux-gnu.so
703472615000-703472618000 rw-p 00087000 00:6a 10229399                   /home/ubuntu/.local/lib/python3.10/site-packages/pandas/_libs/parsers.cpython-310-x86_64-linux-gnu.so
703472618000-70347261a000 rw-p 00000000 00:00 0 
70347261a000-70347261c000 r--p 00000000 00:6a 10229387                   /home/ubuntu/.local/lib/python3.10/site-packages/pandas/_libs/json.cpython-310-x86_64-linux-gnu.so
70347261c000-703472625000 r-xp 00002000 00:6a 10229387                   /home/ubuntu/.local/lib/python3.10/site-packages/pandas/_libs/json.cpython-310-x86_64-linux-gnu.so
703472625000-703472628000 r--p 0000b000 00:6a 10229387                   /home/ubuntu/.local/lib/python3.10/site-packages/pandas/_libs/json.cpython-310-x86_64-linux-gnu.so
703472628000-703472629000 r--p 0000e000 00:6a 10229387                   /home/ubuntu/.local/lib/python3.10/site-packages/pandas/_libs/json.cpython-310-x86_64-linux-gnu.so
703472629000-70347262a000 rw-p 0000f000 00:6a 10229387                   /home/ubuntu/.local/lib/python3.10/site-packages/pandas/_libs/json.cpython-310-x86_64-linux-gnu.so
70347262a000-70347282a000 rw-p 00000000 00:00 0 
70347282a000-703472836000 r--p 00000000 00:6a 10229371                   /home/ubuntu/.local/lib/python3.10/site-packages/pandas/_libs/groupby.cpython-310-x86_64-linux-gnu.so
703472836000-703472a86000 r-xp 0000c000 00:6a 10229371                   /home/ubuntu/.local/lib/python3.10/site-packages/pandas/_libs/groupby.cpython-310-x86_64-linux-gnu.so
703472a86000-703472aa3000 r--p 0025c000 00:6a 10229371                   /home/ubuntu/.local/lib/python3.10/site-packages/pandas/_libs/groupby.cpython-310-x86_64-linux-gnu.so
703472aa3000-703472aa6000 r--p 00279000 00:6a 10229371                   /home/ubuntu/.local/lib/python3.10/site-packages/pandas/_libs/groupby.cpython-310-x86_64-linux-gnu.so
703472aa6000-703472aac000 rw-p 0027c000 00:6a 10229371                   /home/ubuntu/.local/lib/python3.10/site-packages/pandas/_libs/groupby.cpython-310-x86_64-linux-gnu.so
703472aac000-703472ab0000 rw-p 00000000 00:00 0 
703472ab0000-703472ab7000 r--p 00000000 00:6a 10229403                   /home/ubuntu/.local/lib/python3.10/site-packages/pandas/_libs/reshape.cpython-310-x86_64-linux-gnu.so
703472ab7000-703472af0000 r-xp 00007000 00:6a 10229403                   /home/ubuntu/.local/lib/python3.10/site-packages/pandas/_libs/reshape.cpython-310-x86_64-linux-gnu.so
703472af0000-703472af9000 r--p 00040000 00:6a 10229403                   /home/ubuntu/.local/lib/python3.10/site-packages/pandas/_libs/reshape.cpython-310-x86_64-linux-gnu.so
703472af9000-703472afb000 r--p 00048000 00:6a 10229403                   /home/ubuntu/.local/lib/python3.10/site-packages/pandas/_libs/reshape.cpython-310-x86_64-linux-gnu.so
703472afb000-703472afd000 rw-p 0004a000 00:6a 10229403                   /home/ubuntu/.local/lib/python3.10/site-packages/pandas/_libs/reshape.cpython-310-x86_64-linux-gnu.so
703472afd000-703472afe000 rw-p 00000000 00:00 0 
703472afe000-703472b04000 r--p 00000000 00:6a 10229452                   /home/ubuntu/.local/lib/python3.10/site-packages/pandas/_libs/window/indexers.cpython-310-x86_64-linux-gnu.so
703472b04000-703472b27000 r-xp 00006000 00:6a 10229452                   /home/ubuntu/.local/lib/python3.10/site-packages/pandas/_libs/window/indexers.cpython-310-x86_64-linux-gnu.so
703472b27000-703472b2e000 r--p 00029000 00:6a 10229452                   /home/ubuntu/.local/lib/python3.10/site-packages/pandas/_libs/window/indexers.cpython-310-x86_64-linux-gnu.so
703472b2e000-703472b2f000 r--p 00030000 00:6a 10229452                   /home/ubuntu/.local/lib/python3.10/site-packages/pandas/_libs/window/indexers.cpython-310-x86_64-linux-gnu.so
703472b2f000-703472b31000 rw-p 00031000 00:6a 10229452                   /home/ubuntu/.local/lib/python3.10/site-packages/pandas/_libs/window/indexers.cpython-310-x86_64-linux-gnu.so
703472b31000-703472c32000 rw-p 00000000 00:00 0 
703472c32000-703472c3a000 r--p 00000000 00:6a 10229450                   /home/ubuntu/.local/lib/python3.10/site-packages/pandas/_libs/window/aggregations.cpython-310-x86_64-linux-gnu.so
703472c3a000-703472c89000 r-xp 00008000 00:6a 10229450                   /home/ubuntu/.local/lib/python3.10/site-packages/pandas/_libs/window/aggregations.cpython-310-x86_64-linux-gnu.so
703472c89000-703472c93000 r--p 00057000 00:6a 10229450                   /home/ubuntu/.local/lib/python3.10/site-packages/pandas/_libs/window/aggregations.cpython-310-x86_64-linux-gnu.so
703472c93000-703472c95000 r--p 00061000 00:6a 10229450                   /home/ubuntu/.local/lib/python3.10/site-packages/pandas/_libs/window/aggregations.cpython-310-x86_64-linux-gnu.so
703472c95000-703472c97000 rw-p 00063000 00:6a 10229450                   /home/ubuntu/.local/lib/python3.10/site-packages/pandas/_libs/window/aggregations.cpython-310-x86_64-linux-gnu.so
703472c97000-703472d98000 rw-p 00000000 00:00 0 
703472d98000-703472da0000 r--p 00000000 00:6a 10229385                   /home/ubuntu/.local/lib/python3.10/site-packages/pandas/_libs/join.cpython-310-x86_64-linux-gnu.so
703472da0000-703472ee2000 r-xp 00008000 00:6a 10229385                   /home/ubuntu/.local/lib/python3.10/site-packages/pandas/_libs/join.cpython-310-x86_64-linux-gnu.so
703472ee2000-703472ef0000 r--p 0014a000 00:6a 10229385                   /home/ubuntu/.local/lib/python3.10/site-packages/pandas/_libs/join.cpython-310-x86_64-linux-gnu.so
703472ef0000-703472ef2000 r--p 00157000 00:6a 10229385                   /home/ubuntu/.local/lib/python3.10/site-packages/pandas/_libs/join.cpython-310-x86_64-linux-gnu.so
703472ef2000-703472ef5000 rw-p 00159000 00:6a 10229385                   /home/ubuntu/.local/lib/python3.10/site-packages/pandas/_libs/join.cpython-310-x86_64-linux-gnu.so
703472ef5000-703472ef7000 rw-p 00000000 00:00 0 
703472ef7000-703472efd000 r--p 00000000 00:6a 10229413                   /home/ubuntu/.local/lib/python3.10/site-packages/pandas/_libs/writers.cpython-310-x86_64-linux-gnu.so
703472efd000-703472f28000 r-xp 00006000 00:6a 10229413                   /home/ubuntu/.local/lib/python3.10/site-packages/pandas/_libs/writers.cpython-310-x86_64-linux-gnu.so
703472f28000-703472f30000 r--p 00031000 00:6a 10229413                   /home/ubuntu/.local/lib/python3.10/site-packages/pandas/_libs/writers.cpython-310-x86_64-linux-gnu.so
703472f30000-703472f32000 r--p 00038000 00:6a 10229413                   /home/ubuntu/.local/lib/python3.10/site-packages/pandas/_libs/writers.cpython-310-x86_64-linux-gnu.so
703472f32000-703472f34000 rw-p 0003a000 00:6a 10229413                   /home/ubuntu/.local/lib/python3.10/site-packages/pandas/_libs/writers.cpython-310-x86_64-linux-gnu.so
703472f34000-703472f35000 rw-p 00000000 00:00 0 
703472f35000-703472f42000 r--p 00000000 00:6a 10229377                   /home/ubuntu/.local/lib/python3.10/site-packages/pandas/_libs/index.cpython-310-x86_64-linux-gnu.so
703472f42000-703472fec000 r-xp 0000d000 00:6a 10229377                   /home/ubuntu/.local/lib/python3.10/site-packages/pandas/_libs/index.cpython-310-x86_64-linux-gnu.so
703472fec000-703473004000 r--p 000b7000 00:6a 10229377                   /home/ubuntu/.local/lib/python3.10/site-packages/pandas/_libs/index.cpython-310-x86_64-linux-gnu.so
703473004000-703473007000 r--p 000ce000 00:6a 10229377                   /home/ubuntu/.local/lib/python3.10/site-packages/pandas/_libs/index.cpython-310-x86_64-linux-gnu.so
703473007000-70347300f000 rw-p 000d1000 00:6a 10229377                   /home/ubuntu/.local/lib/python3.10/site-packages/pandas/_libs/index.cpython-310-x86_64-linux-gnu.so
70347300f000-703473113000 rw-p 00000000 00:00 0 
703473113000-703473117000 r--p 00000000 00:6a 10229379                   /home/ubuntu/.local/lib/python3.10/site-packages/pandas/_libs/indexing.cpython-310-x86_64-linux-gnu.so
703473117000-70347311f000 r-xp 00004000 00:6a 10229379                   /home/ubuntu/.local/lib/python3.10/site-packages/pandas/_libs/indexing.cpython-310-x86_64-linux-gnu.so
70347311f000-703473122000 r--p 0000c000 00:6a 10229379                   /home/ubuntu/.local/lib/python3.10/site-packages/pandas/_libs/indexing.cpython-310-x86_64-linux-gnu.so
703473122000-703473123000 r--p 0000e000 00:6a 10229379                   /home/ubuntu/.local/lib/python3.10/site-packages/pandas/_libs/indexing.cpython-310-x86_64-linux-gnu.so
703473123000-703473124000 rw-p 0000f000 00:6a 10229379                   /home/ubuntu/.local/lib/python3.10/site-packages/pandas/_libs/indexing.cpython-310-x86_64-linux-gnu.so
703473124000-70347312c000 r--p 00000000 00:6a 10229381                   /home/ubuntu/.local/lib/python3.10/site-packages/pandas/_libs/internals.cpython-310-x86_64-linux-gnu.so
70347312c000-703473176000 r-xp 00008000 00:6a 10229381                   /home/ubuntu/.local/lib/python3.10/site-packages/pandas/_libs/internals.cpython-310-x86_64-linux-gnu.so
703473176000-703473182000 r--p 00052000 00:6a 10229381                   /home/ubuntu/.local/lib/python3.10/site-packages/pandas/_libs/internals.cpython-310-x86_64-linux-gnu.so
703473182000-703473184000 r--p 0005d000 00:6a 10229381                   /home/ubuntu/.local/lib/python3.10/site-packages/pandas/_libs/internals.cpython-310-x86_64-linux-gnu.so
703473184000-703473187000 rw-p 0005f000 00:6a 10229381                   /home/ubuntu/.local/lib/python3.10/site-packages/pandas/_libs/internals.cpython-310-x86_64-linux-gnu.so
703473187000-703473289000 rw-p 00000000 00:00 0 
703473289000-703473291000 r--p 00000000 00:6a 10229407                   /home/ubuntu/.local/lib/python3.10/site-packages/pandas/_libs/sparse.cpython-310-x86_64-linux-gnu.so
703473291000-70347336b000 r-xp 00008000 00:6a 10229407                   /home/ubuntu/.local/lib/python3.10/site-packages/pandas/_libs/sparse.cpython-310-x86_64-linux-gnu.so
70347336b000-703473378000 r--p 000e2000 00:6a 10229407                   /home/ubuntu/.local/lib/python3.10/site-packages/pandas/_libs/sparse.cpython-310-x86_64-linux-gnu.so
703473378000-70347337a000 r--p 000ef000 00:6a 10229407                   /home/ubuntu/.local/lib/python3.10/site-packages/pandas/_libs/sparse.cpython-310-x86_64-linux-gnu.so
70347337a000-70347337d000 rw-p 000f1000 00:6a 10229407                   /home/ubuntu/.local/lib/python3.10/site-packages/pandas/_libs/sparse.cpython-310-x86_64-linux-gnu.so
70347337d000-70347337f000 rw-p 00000000 00:00 0 
70347337f000-703473386000 r--p 00000000 00:6a 10229411                   /home/ubuntu/.local/lib/python3.10/site-packages/pandas/_libs/tslib.cpython-310-x86_64-linux-gnu.so
703473386000-7034733c4000 r-xp 00007000 00:6a 10229411                   /home/ubuntu/.local/lib/python3.10/site-packages/pandas/_libs/tslib.cpython-310-x86_64-linux-gnu.so
7034733c4000-7034733ce000 r--p 00045000 00:6a 10229411                   /home/ubuntu/.local/lib/python3.10/site-packages/pandas/_libs/tslib.cpython-310-x86_64-linux-gnu.so
7034733ce000-7034733d0000 r--p 0004e000 00:6a 10229411                   /home/ubuntu/.local/lib/python3.10/site-packages/pandas/_libs/tslib.cpython-310-x86_64-linux-gnu.so
7034733d0000-7034733d2000 rw-p 00050000 00:6a 10229411                   /home/ubuntu/.local/lib/python3.10/site-packages/pandas/_libs/tslib.cpython-310-x86_64-linux-gnu.so
7034733d2000-7034734d3000 rw-p 00000000 00:00 0 
7034734d3000-7034734d8000 r--p 00000000 00:6a 10229367                   /home/ubuntu/.local/lib/python3.10/site-packages/pandas/_libs/arrays.cpython-310-x86_64-linux-gnu.so
7034734d8000-7034734eb000 r-xp 00005000 00:6a 10229367                   /home/ubuntu/.local/lib/python3.10/site-packages/pandas/_libs/arrays.cpython-310-x86_64-linux-gnu.so
7034734eb000-7034734ef000 r--p 00018000 00:6a 10229367                   /home/ubuntu/.local/lib/python3.10/site-packages/pandas/_libs/arrays.cpython-310-x86_64-linux-gnu.so
7034734ef000-7034734f0000 r--p 0001c000 00:6a 10229367                   /home/ubuntu/.local/lib/python3.10/site-packages/pandas/_libs/arrays.cpython-310-x86_64-linux-gnu.so
7034734f0000-7034734f2000 rw-p 0001d000 00:6a 10229367                   /home/ubuntu/.local/lib/python3.10/site-packages/pandas/_libs/arrays.cpython-310-x86_64-linux-gnu.so
7034734f2000-7034734f8000 r--p 00000000 00:6a 10229373                   /home/ubuntu/.local/lib/python3.10/site-packages/pandas/_libs/hashing.cpython-310-x86_64-linux-gnu.so
7034734f8000-70347351c000 r-xp 00006000 00:6a 10229373                   /home/ubuntu/.local/lib/python3.10/site-packages/pandas/_libs/hashing.cpython-310-x86_64-linux-gnu.so
70347351c000-703473523000 r--p 0002a000 00:6a 10229373                   /home/ubuntu/.local/lib/python3.10/site-packages/pandas/_libs/hashing.cpython-310-x86_64-linux-gnu.so
703473523000-703473524000 r--p 00031000 00:6a 10229373                   /home/ubuntu/.local/lib/python3.10/site-packages/pandas/_libs/hashing.cpython-310-x86_64-linux-gnu.so
703473524000-703473526000 rw-p 00032000 00:6a 10229373                   /home/ubuntu/.local/lib/python3.10/site-packages/pandas/_libs/hashing.cpython-310-x86_64-linux-gnu.so
703473526000-703473527000 rw-p 00000000 00:00 0 
703473527000-70347352d000 r--p 00000000 00:6a 10229393                   /home/ubuntu/.local/lib/python3.10/site-packages/pandas/_libs/ops.cpython-310-x86_64-linux-gnu.so
70347352d000-70347355b000 r-xp 00006000 00:6a 10229393                   /home/ubuntu/.local/lib/python3.10/site-packages/pandas/_libs/ops.cpython-310-x86_64-linux-gnu.so
70347355b000-703473563000 r--p 00034000 00:6a 10229393                   /home/ubuntu/.local/lib/python3.10/site-packages/pandas/_libs/ops.cpython-310-x86_64-linux-gnu.so
703473563000-703473565000 r--p 0003b000 00:6a 10229393                   /home/ubuntu/.local/lib/python3.10/site-packages/pandas/_libs/ops.cpython-310-x86_64-linux-gnu.so
703473565000-703473567000 rw-p 0003d000 00:6a 10229393                   /home/ubuntu/.local/lib/python3.10/site-packages/pandas/_libs/ops.cpython-310-x86_64-linux-gnu.so
703473567000-703473768000 rw-p 00000000 00:00 0 
703473768000-70347379c000 r--p 00000000 00:6a 10173737                   /home/ubuntu/.local/lib/python3.10/site-packages/pyarrow/_compute.cpython-310-x86_64-linux-gnu.so
70347379c000-70347382c000 r-xp 00034000 00:6a 10173737                   /home/ubuntu/.local/lib/python3.10/site-packages/pyarrow/_compute.cpython-310-x86_64-linux-gnu.so
70347382c000-70347385b000 r--p 000c4000 00:6a 10173737                   /home/ubuntu/.local/lib/python3.10/site-packages/pyarrow/_compute.cpython-310-x86_64-linux-gnu.so
70347385b000-703473861000 r--p 000f3000 00:6a 10173737                   /home/ubuntu/.local/lib/python3.10/site-packages/pyarrow/_compute.cpython-310-x86_64-linux-gnu.so
703473861000-70347386e000 rw-p 000f9000 00:6a 10173737                   /home/ubuntu/.local/lib/python3.10/site-packages/pyarrow/_compute.cpython-310-x86_64-linux-gnu.so
70347386e000-703473872000 rw-p 00000000 00:00 0 
703473872000-70347387e000 r--p 00000000 00:6a 10229389                   /home/ubuntu/.local/lib/python3.10/site-packages/pandas/_libs/lib.cpython-310-x86_64-linux-gnu.so
70347387e000-703473924000 r-xp 0000c000 00:6a 10229389                   /home/ubuntu/.local/lib/python3.10/site-packages/pandas/_libs/lib.cpython-310-x86_64-linux-gnu.so
703473924000-70347393d000 r--p 000b2000 00:6a 10229389                   /home/ubuntu/.local/lib/python3.10/site-packages/pandas/_libs/lib.cpython-310-x86_64-linux-gnu.so
70347393d000-703473941000 r--p 000ca000 00:6a 10229389                   /home/ubuntu/.local/lib/python3.10/site-packages/pandas/_libs/lib.cpython-310-x86_64-linux-gnu.so
703473941000-703473947000 rw-p 000ce000 00:6a 10229389                   /home/ubuntu/.local/lib/python3.10/site-packages/pandas/_libs/lib.cpython-310-x86_64-linux-gnu.so
703473947000-703473949000 rw-p 00000000 00:00 0 
703473949000-703473955000 r--p 00000000 00:6a 10229365                   /home/ubuntu/.local/lib/python3.10/site-packages/pandas/_libs/algos.cpython-310-x86_64-linux-gnu.so
703473955000-703473b39000 r-xp 0000c000 00:6a 10229365                   /home/ubuntu/.local/lib/python3.10/site-packages/pandas/_libs/algos.cpython-310-x86_64-linux-gnu.so
703473b39000-703473b56000 r--p 001f0000 00:6a 10229365                   /home/ubuntu/.local/lib/python3.10/site-packages/pandas/_libs/algos.cpython-310-x86_64-linux-gnu.so
703473b56000-703473b59000 r--p 0020d000 00:6a 10229365                   /home/ubuntu/.local/lib/python3.10/site-packages/pandas/_libs/algos.cpython-310-x86_64-linux-gnu.so
703473b59000-703473b5d000 rw-p 00210000 00:6a 10229365                   /home/ubuntu/.local/lib/python3.10/site-packages/pandas/_libs/algos.cpython-310-x86_64-linux-gnu.so
703473b5d000-703473c62000 rw-p 00000000 00:00 0 
703473c62000-703473c6b000 r--p 00000000 00:6a 10229434                   /home/ubuntu/.local/lib/python3.10/site-packages/pandas/_libs/tslibs/period.cpython-310-x86_64-linux-gnu.so
703473c6b000-703473cc1000 r-xp 00009000 00:6a 10229434                   /home/ubuntu/.local/lib/python3.10/site-packages/pandas/_libs/tslibs/period.cpython-310-x86_64-linux-gnu.so
703473cc1000-703473cda000 r--p 0005f000 00:6a 10229434                   /home/ubuntu/.local/lib/python3.10/site-packages/pandas/_libs/tslibs/period.cpython-310-x86_64-linux-gnu.so
703473cda000-703473cdd000 r--p 00077000 00:6a 10229434                   /home/ubuntu/.local/lib/python3.10/site-packages/pandas/_libs/tslibs/period.cpython-310-x86_64-linux-gnu.so
703473cdd000-703473ce0000 rw-p 0007a000 00:6a 10229434                   /home/ubuntu/.local/lib/python3.10/site-packages/pandas/_libs/tslibs/period.cpython-310-x86_64-linux-gnu.so
703473ce0000-703473ce1000 rw-p 00000000 00:00 0 
703473ce1000-703473ce9000 r--p 00000000 00:6a 10229436                   /home/ubuntu/.local/lib/python3.10/site-packages/pandas/_libs/tslibs/strptime.cpython-310-x86_64-linux-gnu.so
703473ce9000-703473d31000 r-xp 00008000 00:6a 10229436                   /home/ubuntu/.local/lib/python3.10/site-packages/pandas/_libs/tslibs/strptime.cpython-310-x86_64-linux-gnu.so
703473d31000-703473d3b000 r--p 00050000 00:6a 10229436                   /home/ubuntu/.local/lib/python3.10/site-packages/pandas/_libs/tslibs/strptime.cpython-310-x86_64-linux-gnu.so
703473d3b000-703473d3d000 r--p 0005a000 00:6a 10229436                   /home/ubuntu/.local/lib/python3.10/site-packages/pandas/_libs/tslibs/strptime.cpython-310-x86_64-linux-gnu.so
703473d3d000-703473d3f000 rw-p 0005c000 00:6a 10229436                   /home/ubuntu/.local/lib/python3.10/site-packages/pandas/_libs/tslibs/strptime.cpython-310-x86_64-linux-gnu.so
703473d3f000-703473d41000 rw-p 00000000 00:00 0 
703473d41000-703473d4a000 r--p 00000000 00:6a 10229432                   /home/ubuntu/.local/lib/python3.10/site-packages/pandas/_libs/tslibs/parsing.cpython-310-x86_64-linux-gnu.so
703473d4a000-703473d9b000 r-xp 00009000 00:6a 10229432                   /home/ubuntu/.local/lib/python3.10/site-packages/pandas/_libs/tslibs/parsing.cpython-310-x86_64-linux-gnu.so
703473d9b000-703473da8000 r--p 0005a000 00:6a 10229432                   /home/ubuntu/.local/lib/python3.10/site-packages/pandas/_libs/tslibs/parsing.cpython-310-x86_64-linux-gnu.so
703473da8000-703473daa000 r--p 00067000 00:6a 10229432                   /home/ubuntu/.local/lib/python3.10/site-packages/pandas/_libs/tslibs/parsing.cpython-310-x86_64-linux-gnu.so
703473daa000-703473dad000 rw-p 00069000 00:6a 10229432                   /home/ubuntu/.local/lib/python3.10/site-packages/pandas/_libs/tslibs/parsing.cpython-310-x86_64-linux-gnu.so
703473dad000-703473dae000 rw-p 00000000 00:00 0 
703473dae000-703473db5000 r--p 00000000 00:6a 10229444                   /home/ubuntu/.local/lib/python3.10/site-packages/pandas/_libs/tslibs/tzconversion.cpython-310-x86_64-linux-gnu.so
703473db5000-703473df2000 r-xp 00007000 00:6a 10229444                   /home/ubuntu/.local/lib/python3.10/site-packages/pandas/_libs/tslibs/tzconversion.cpython-310-x86_64-linux-gnu.so
703473df2000-703473dfb000 r--p 00044000 00:6a 10229444                   /home/ubuntu/.local/lib/python3.10/site-packages/pandas/_libs/tslibs/tzconversion.cpython-310-x86_64-linux-gnu.so
703473dfb000-703473dfd000 r--p 0004d000 00:6a 10229444                   /home/ubuntu/.local/lib/python3.10/site-packages/pandas/_libs/tslibs/tzconversion.cpython-310-x86_64-linux-gnu.so
703473dfd000-703473dff000 rw-p 0004f000 00:6a 10229444                   /home/ubuntu/.local/lib/python3.10/site-packages/pandas/_libs/tslibs/tzconversion.cpython-310-x86_64-linux-gnu.so
703473dff000-703474000000 rw-p 00000000 00:00 0 
703474000000-703474021000 rw-p 00000000 00:00 0 
703474021000-703478000000 ---p 00000000 00:00 0 
703478003000-703478007000 r--p 00000000 00:6a 10229395                   /home/ubuntu/.local/lib/python3.10/site-packages/pandas/_libs/ops_dispatch.cpython-310-x86_64-linux-gnu.so
703478007000-70347800e000 r-xp 00004000 00:6a 10229395                   /home/ubuntu/.local/lib/python3.10/site-packages/pandas/_libs/ops_dispatch.cpython-310-x86_64-linux-gnu.so
70347800e000-703478010000 r--p 0000b000 00:6a 10229395                   /home/ubuntu/.local/lib/python3.10/site-packages/pandas/_libs/ops_dispatch.cpython-310-x86_64-linux-gnu.so
703478010000-703478011000 r--p 0000d000 00:6a 10229395                   /home/ubuntu/.local/lib/python3.10/site-packages/pandas/_libs/ops_dispatch.cpython-310-x86_64-linux-gnu.so
703478011000-703478012000 rw-p 0000e000 00:6a 10229395                   /home/ubuntu/.local/lib/python3.10/site-packages/pandas/_libs/ops_dispatch.cpython-310-x86_64-linux-gnu.so
703478012000-703478018000 r--p 00000000 00:6a 10229446                   /home/ubuntu/.local/lib/python3.10/site-packages/pandas/_libs/tslibs/vectorized.cpython-310-x86_64-linux-gnu.so
703478018000-703478042000 r-xp 00006000 00:6a 10229446                   /home/ubuntu/.local/lib/python3.10/site-packages/pandas/_libs/tslibs/vectorized.cpython-310-x86_64-linux-gnu.so
703478042000-70347804a000 r--p 00030000 00:6a 10229446                   /home/ubuntu/.local/lib/python3.10/site-packages/pandas/_libs/tslibs/vectorized.cpython-310-x86_64-linux-gnu.so
70347804a000-70347804b000 r--p 00038000 00:6a 10229446                   /home/ubuntu/.local/lib/python3.10/site-packages/pandas/_libs/tslibs/vectorized.cpython-310-x86_64-linux-gnu.so
70347804b000-70347804d000 rw-p 00039000 00:6a 10229446                   /home/ubuntu/.local/lib/python3.10/site-packages/pandas/_libs/tslibs/vectorized.cpython-310-x86_64-linux-gnu.so
70347804d000-70347804e000 rw-p 00000000 00:00 0 
70347804e000-703478055000 r--p 00000000 00:6a 10229424                   /home/ubuntu/.local/lib/python3.10/site-packages/pandas/_libs/tslibs/fields.cpython-310-x86_64-linux-gnu.so
703478055000-703478093000 r-xp 00007000 00:6a 10229424                   /home/ubuntu/.local/lib/python3.10/site-packages/pandas/_libs/tslibs/fields.cpython-310-x86_64-linux-gnu.so
703478093000-70347809d000 r--p 00045000 00:6a 10229424                   /home/ubuntu/.local/lib/python3.10/site-packages/pandas/_libs/tslibs/fields.cpython-310-x86_64-linux-gnu.so
70347809d000-70347809f000 r--p 0004e000 00:6a 10229424                   /home/ubuntu/.local/lib/python3.10/site-packages/pandas/_libs/tslibs/fields.cpython-310-x86_64-linux-gnu.so
70347809f000-7034780a1000 rw-p 00050000 00:6a 10229424                   /home/ubuntu/.local/lib/python3.10/site-packages/pandas/_libs/tslibs/fields.cpython-310-x86_64-linux-gnu.so
7034780a1000-7034781a2000 rw-p 00000000 00:00 0 
7034781a2000-7034781ac000 r--p 00000000 00:6a 10229438                   /home/ubuntu/.local/lib/python3.10/site-packages/pandas/_libs/tslibs/timedeltas.cpython-310-x86_64-linux-gnu.so
7034781ac000-70347821a000 r-xp 0000a000 00:6a 10229438                   /home/ubuntu/.local/lib/python3.10/site-packages/pandas/_libs/tslibs/timedeltas.cpython-310-x86_64-linux-gnu.so
70347821a000-70347822f000 r--p 00078000 00:6a 10229438                   /home/ubuntu/.local/lib/python3.10/site-packages/pandas/_libs/tslibs/timedeltas.cpython-310-x86_64-linux-gnu.so
70347822f000-703478232000 r--p 0008c000 00:6a 10229438                   /home/ubuntu/.local/lib/python3.10/site-packages/pandas/_libs/tslibs/timedeltas.cpython-310-x86_64-linux-gnu.so
703478232000-703478235000 rw-p 0008f000 00:6a 10229438                   /home/ubuntu/.local/lib/python3.10/site-packages/pandas/_libs/tslibs/timedeltas.cpython-310-x86_64-linux-gnu.so
703478235000-703478237000 rw-p 00000000 00:00 0 
703478238000-703478738000 rw-p 00000000 00:00 0 
703478738000-70347874d000 r--p 00000000 00:6a 10229375                   /home/ubuntu/.local/lib/python3.10/site-packages/pandas/_libs/hashtable.cpython-310-x86_64-linux-gnu.so
70347874d000-703478916000 r-xp 00015000 00:6a 10229375                   /home/ubuntu/.local/lib/python3.10/site-packages/pandas/_libs/hashtable.cpython-310-x86_64-linux-gnu.so
703478916000-70347894d000 r--p 001de000 00:6a 10229375                   /home/ubuntu/.local/lib/python3.10/site-packages/pandas/_libs/hashtable.cpython-310-x86_64-linux-gnu.so
70347894d000-703478952000 r--p 00215000 00:6a 10229375                   /home/ubuntu/.local/lib/python3.10/site-packages/pandas/_libs/hashtable.cpython-310-x86_64-linux-gnu.so
703478952000-70347895f000 rw-p 0021a000 00:6a 10229375                   /home/ubuntu/.local/lib/python3.10/site-packages/pandas/_libs/hashtable.cpython-310-x86_64-linux-gnu.so
70347895f000-703478a67000 rw-p 00000000 00:00 0 
703478a67000-703478a74000 r--p 00000000 00:6a 10229383                   /home/ubuntu/.local/lib/python3.10/site-packages/pandas/_libs/interval.cpython-310-x86_64-linux-gnu.so
703478a74000-703478b96000 r-xp 0000d000 00:6a 10229383                   /home/ubuntu/.local/lib/python3.10/site-packages/pandas/_libs/interval.cpython-310-x86_64-linux-gnu.so
703478b96000-703478bb4000 r--p 0012f000 00:6a 10229383                   /home/ubuntu/.local/lib/python3.10/site-packages/pandas/_libs/interval.cpython-310-x86_64-linux-gnu.so
703478bb4000-703478bb6000 r--p 0014d000 00:6a 10229383                   /home/ubuntu/.local/lib/python3.10/site-packages/pandas/_libs/interval.cpython-310-x86_64-linux-gnu.so
703478bb6000-703478bbd000 rw-p 0014f000 00:6a 10229383                   /home/ubuntu/.local/lib/python3.10/site-packages/pandas/_libs/interval.cpython-310-x86_64-linux-gnu.so
703478bbd000-703478bbf000 rw-p 00000000 00:00 0 
703478bbf000-703478dff000 rw-p 00000000 00:00 0 
703478dff000-703478e00000 ---p 00000000 00:00 0 
703478e00000-703479600000 rw-p 00000000 00:00 0 
703479600000-703479e00000 rw-p 00000000 00:00 0 
703479e01000-703479e07000 r--p 00000000 00:6a 10229442                   /home/ubuntu/.local/lib/python3.10/site-packages/pandas/_libs/tslibs/timezones.cpython-310-x86_64-linux-gnu.so
703479e07000-703479e39000 r-xp 00006000 00:6a 10229442                   /home/ubuntu/.local/lib/python3.10/site-packages/pandas/_libs/tslibs/timezones.cpython-310-x86_64-linux-gnu.so
703479e39000-703479e42000 r--p 00038000 00:6a 10229442                   /home/ubuntu/.local/lib/python3.10/site-packages/pandas/_libs/tslibs/timezones.cpython-310-x86_64-linux-gnu.so
703479e42000-703479e44000 r--p 00040000 00:6a 10229442                   /home/ubuntu/.local/lib/python3.10/site-packages/pandas/_libs/tslibs/timezones.cpython-310-x86_64-linux-gnu.so
703479e44000-703479e46000 rw-p 00042000 00:6a 10229442                   /home/ubuntu/.local/lib/python3.10/site-packages/pandas/_libs/tslibs/timezones.cpython-310-x86_64-linux-gnu.so
703479e46000-703479e47000 rw-p 00000000 00:00 0 
703479e47000-703479e4e000 r--p 00000000 00:6a 10229422                   /home/ubuntu/.local/lib/python3.10/site-packages/pandas/_libs/tslibs/dtypes.cpython-310-x86_64-linux-gnu.so
703479e4e000-703479e6a000 r-xp 00007000 00:6a 10229422                   /home/ubuntu/.local/lib/python3.10/site-packages/pandas/_libs/tslibs/dtypes.cpython-310-x86_64-linux-gnu.so
703479e6a000-703479e70000 r--p 00023000 00:6a 10229422                   /home/ubuntu/.local/lib/python3.10/site-packages/pandas/_libs/tslibs/dtypes.cpython-310-x86_64-linux-gnu.so
703479e70000-703479e72000 r--p 00029000 00:6a 10229422                   /home/ubuntu/.local/lib/python3.10/site-packages/pandas/_libs/tslibs/dtypes.cpython-310-x86_64-linux-gnu.so
703479e72000-703479e73000 rw-p 0002b000 00:6a 10229422                   /home/ubuntu/.local/lib/python3.10/site-packages/pandas/_libs/tslibs/dtypes.cpython-310-x86_64-linux-gnu.so
703479e73000-703479e75000 rw-p 00000000 00:00 0 
703479e75000-703479e7b000 r--p 00000000 00:6a 10229391                   /home/ubuntu/.local/lib/python3.10/site-packages/pandas/_libs/missing.cpython-310-x86_64-linux-gnu.so
703479e7b000-703479e9b000 r-xp 00006000 00:6a 10229391                   /home/ubuntu/.local/lib/python3.10/site-packages/pandas/_libs/missing.cpython-310-x86_64-linux-gnu.so
703479e9b000-703479ea2000 r--p 00026000 00:6a 10229391                   /home/ubuntu/.local/lib/python3.10/site-packages/pandas/_libs/missing.cpython-310-x86_64-linux-gnu.so
703479ea2000-703479ea4000 r--p 0002c000 00:6a 10229391                   /home/ubuntu/.local/lib/python3.10/site-packages/pandas/_libs/missing.cpython-310-x86_64-linux-gnu.so
703479ea4000-703479ea6000 rw-p 0002e000 00:6a 10229391                   /home/ubuntu/.local/lib/python3.10/site-packages/pandas/_libs/missing.cpython-310-x86_64-linux-gnu.so
703479ea6000-703479fa7000 rw-p 00000000 00:00 0 
703479fa7000-70347a3e6000 r--p 00000000 00:6a 10173817                   /home/ubuntu/.local/lib/python3.10/site-packages/pyarrow/libarrow.so.2200
70347a3e6000-70347c020000 r-xp 0043f000 00:6a 10173817                   /home/ubuntu/.local/lib/python3.10/site-packages/pyarrow/libarrow.so.2200
70347c020000-70347c77f000 r--p 02079000 00:6a 10173817                   /home/ubuntu/.local/lib/python3.10/site-packages/pyarrow/libarrow.so.2200
70347c77f000-70347c87e000 r--p 027d8000 00:6a 10173817                   /home/ubuntu/.local/lib/python3.10/site-packages/pyarrow/libarrow.so.2200
70347c87e000-70347c8b9000 rw-p 028d7000 00:6a 10173817                   /home/ubuntu/.local/lib/python3.10/site-packages/pyarrow/libarrow.so.2200
70347c8b9000-70347cae4000 rw-p 00000000 00:00 0 
70347cae4000-70347cbed000 r--p 00000000 00:6a 10173819                   /home/ubuntu/.local/lib/python3.10/site-packages/pyarrow/libarrow_compute.so.2200
70347cbed000-70347d703000 r-xp 00109000 00:6a 10173819                   /home/ubuntu/.local/lib/python3.10/site-packages/pyarrow/libarrow_compute.so.2200
70347d703000-70347d917000 r--p 00c1f000 00:6a 10173819                   /home/ubuntu/.local/lib/python3.10/site-packages/pyarrow/libarrow_compute.so.2200
70347d917000-70347d936000 r--p 00e33000 00:6a 10173819                   /home/ubuntu/.local/lib/python3.10/site-packages/pyarrow/libarrow_compute.so.2200
70347d936000-70347d93b000 rw-p 00e52000 00:6a 10173819                   /home/ubuntu/.local/lib/python3.10/site-packages/pyarrow/libarrow_compute.so.2200
70347d93b000-70347d948000 rw-p 00000000 00:00 0 
70347d948000-70347d99d000 r--p 00000000 00:6a 10173818                   /home/ubuntu/.local/lib/python3.10/site-packages/pyarrow/libarrow_acero.so.2200
70347d99d000-70347da8f000 r-xp 00055000 00:6a 10173818                   /home/ubuntu/.local/lib/python3.10/site-packages/pyarrow/libarrow_acero.so.2200
70347da8f000-70347dac7000 r--p 00147000 00:6a 10173818                   /home/ubuntu/.local/lib/python3.10/site-packages/pyarrow/libarrow_acero.so.2200
70347dac7000-70347dacd000 r--p 0017e000 00:6a 10173818                   /home/ubuntu/.local/lib/python3.10/site-packages/pyarrow/libarrow_acero.so.2200
70347dacd000-70347dad0000 rw-p 00184000 00:6a 10173818                   /home/ubuntu/.local/lib/python3.10/site-packages/pyarrow/libarrow_acero.so.2200
70347dad0000-70347dcca000 r--p 00000000 00:6a 10173832                   /home/ubuntu/.local/lib/python3.10/site-packages/pyarrow/libparquet.so.2200
70347dcca000-70347e25e000 r-xp 001fa000 00:6a 10173832                   /home/ubuntu/.local/lib/python3.10/site-packages/pyarrow/libparquet.so.2200
70347e25e000-70347e421000 r--p 0078e000 00:6a 10173832                   /home/ubuntu/.local/lib/python3.10/site-packages/pyarrow/libparquet.so.2200
70347e421000-70347e4bc000 r--p 00951000 00:6a 10173832                   /home/ubuntu/.local/lib/python3.10/site-packages/pyarrow/libparquet.so.2200
70347e4bc000-70347e4ca000 rw-p 009ec000 00:6a 10173832                   /home/ubuntu/.local/lib/python3.10/site-packages/pyarrow/libparquet.so.2200
70347e4ca000-70347e4ce000 rw-p 00000000 00:00 0 
70347e4ce000-70347e573000 r--p 00000000 00:6a 10173820                   /home/ubuntu/.local/lib/python3.10/site-packages/pyarrow/libarrow_dataset.so.2200
70347e573000-70347e650000 r-xp 000a5000 00:6a 10173820                   /home/ubuntu/.local/lib/python3.10/site-packages/pyarrow/libarrow_dataset.so.2200
70347e650000-70347e693000 r--p 00182000 00:6a 10173820                   /home/ubuntu/.local/lib/python3.10/site-packages/pyarrow/libarrow_dataset.so.2200
70347e693000-70347e69c000 r--p 001c4000 00:6a 10173820                   /home/ubuntu/.local/lib/python3.10/site-packages/pyarrow/libarrow_dataset.so.2200
70347e69c000-70347e69e000 rw-p 001cd000 00:6a 10173820                   /home/ubuntu/.local/lib/python3.10/site-packages/pyarrow/libarrow_dataset.so.2200
70347e69e000-70347e711000 r--p 00000000 00:6a 10173831                   /home/ubuntu/.local/lib/python3.10/site-packages/pyarrow/libarrow_substrait.so.2200
70347e711000-70347e9fa000 r-xp 00073000 00:6a 10173831                   /home/ubuntu/.local/lib/python3.10/site-packages/pyarrow/libarrow_substrait.so.2200
70347e9fa000-70347eab1000 r--p 0035c000 00:6a 10173831                   /home/ubuntu/.local/lib/python3.10/site-packages/pyarrow/libarrow_substrait.so.2200
70347eab1000-70347eabe000 r--p 00413000 00:6a 10173831                   /home/ubuntu/.local/lib/python3.10/site-packages/pyarrow/libarrow_substrait.so.2200
70347eabe000-70347ead4000 rw-p 00420000 00:6a 10173831                   /home/ubuntu/.local/lib/python3.10/site-packages/pyarrow/libarrow_substrait.so.2200
70347ead4000-70347ead6000 rw-p 00000000 00:00 0 
70347ead6000-70347eb61000 r--p 00000000 00:6a 10173823                   /home/ubuntu/.local/lib/python3.10/site-packages/pyarrow/libarrow_python.so.2200
70347eb61000-70347ec83000 r-xp 0008b000 00:6a 10173823                   /home/ubuntu/.local/lib/python3.10/site-packages/pyarrow/libarrow_python.so.2200
70347ec83000-70347ecc6000 r--p 001ad000 00:6a 10173823                   /home/ubuntu/.local/lib/python3.10/site-packages/pyarrow/libarrow_python.so.2200
70347ecc6000-70347ecd2000 r--p 001f0000 00:6a 10173823                   /home/ubuntu/.local/lib/python3.10/site-packages/pyarrow/libarrow_python.so.2200
70347ecd2000-70347ecd5000 rw-p 001fc000 00:6a 10173823                   /home/ubuntu/.local/lib/python3.10/site-packages/pyarrow/libarrow_python.so.2200
70347ecd5000-70347ed33000 r--p 00000000 00:6a 10173812                   /home/ubuntu/.local/lib/python3.10/site-packages/pyarrow/lib.cpython-310-x86_64-linux-gnu.so
70347ed33000-70347ef84000 r-xp 0005e000 00:6a 10173812                   /home/ubuntu/.local/lib/python3.10/site-packages/pyarrow/lib.cpython-310-x86_64-linux-gnu.so
70347ef84000-70347f071000 r--p 002af000 00:6a 10173812                   /home/ubuntu/.local/lib/python3.10/site-packages/pyarrow/lib.cpython-310-x86_64-linux-gnu.so
70347f071000-70347f080000 r--p 0039b000 00:6a 10173812                   /home/ubuntu/.local/lib/python3.10/site-packages/pyarrow/lib.cpython-310-x86_64-linux-gnu.so
70347f080000-70347f0a8000 rw-p 003aa000 00:6a 10173812                   /home/ubuntu/.local/lib/python3.10/site-packages/pyarrow/lib.cpython-310-x86_64-linux-gnu.so
70347f0a8000-70347f0b6000 rw-p 00000000 00:00 0 
70347f0b6000-70347f0bb000 r--p 00000000 00:6a 10226752                   /home/ubuntu/.local/lib/python3.10/site-packages/scipy/ndimage/_ni_label.cpython-310-x86_64-linux-gnu.so
70347f0bb000-70347f107000 r-xp 00005000 00:6a 10226752                   /home/ubuntu/.local/lib/python3.10/site-packages/scipy/ndimage/_ni_label.cpython-310-x86_64-linux-gnu.so
70347f107000-70347f110000 r--p 00051000 00:6a 10226752                   /home/ubuntu/.local/lib/python3.10/site-packages/scipy/ndimage/_ni_label.cpython-310-x86_64-linux-gnu.so
70347f110000-70347f111000 ---p 0005a000 00:6a 10226752                   /home/ubuntu/.local/lib/python3.10/site-packages/scipy/ndimage/_ni_label.cpython-310-x86_64-linux-gnu.so
70347f111000-70347f112000 r--p 0005a000 00:6a 10226752                   /home/ubuntu/.local/lib/python3.10/site-packages/scipy/ndimage/_ni_label.cpython-310-x86_64-linux-gnu.so
70347f112000-70347f115000 rw-p 0005b000 00:6a 10226752                   /home/ubuntu/.local/lib/python3.10/site-packages/scipy/ndimage/_ni_label.cpython-310-x86_64-linux-gnu.so
70347f115000-70347f117000 r--p 00000000 00:6a 10226766                   /home/ubuntu/.local/lib/python3.10/site-packages/scipy/ndimage/_nd_image.cpython-310-x86_64-linux-gnu.so
70347f117000-70347f132000 r-xp 00002000 00:6a 10226766                   /home/ubuntu/.local/lib/python3.10/site-packages/scipy/ndimage/_nd_image.cpython-310-x86_64-linux-gnu.so
70347f132000-70347f136000 r--p 0001d000 00:6a 10226766                   /home/ubuntu/.local/lib/python3.10/site-packages/scipy/ndimage/_nd_image.cpython-310-x86_64-linux-gnu.so
70347f136000-70347f137000 r--p 00020000 00:6a 10226766                   /home/ubuntu/.local/lib/python3.10/site-packages/scipy/ndimage/_nd_image.cpython-310-x86_64-linux-gnu.so
70347f137000-70347f138000 rw-p 00021000 00:6a 10226766                   /home/ubuntu/.local/lib/python3.10/site-packages/scipy/ndimage/_nd_image.cpython-310-x86_64-linux-gnu.so
70347f138000-70347f238000 rw-p 00000000 00:00 0 
70347f238000-70347f23d000 r--p 00000000 00:6a 10227388                   /home/ubuntu/.local/lib/python3.10/site-packages/scipy/stats/_rcont/rcont.cpython-310-x86_64-linux-gnu.so
70347f23d000-70347f265000 r-xp 00005000 00:6a 10227388                   /home/ubuntu/.local/lib/python3.10/site-packages/scipy/stats/_rcont/rcont.cpython-310-x86_64-linux-gnu.so
70347f265000-70347f26e000 r--p 0002d000 00:6a 10227388                   /home/ubuntu/.local/lib/python3.10/site-packages/scipy/stats/_rcont/rcont.cpython-310-x86_64-linux-gnu.so
70347f26e000-70347f26f000 ---p 00036000 00:6a 10227388                   /home/ubuntu/.local/lib/python3.10/site-packages/scipy/stats/_rcont/rcont.cpython-310-x86_64-linux-gnu.so
70347f26f000-70347f270000 r--p 00036000 00:6a 10227388                   /home/ubuntu/.local/lib/python3.10/site-packages/scipy/stats/_rcont/rcont.cpython-310-x86_64-linux-gnu.so
70347f270000-70347f272000 rw-p 00037000 00:6a 10227388                   /home/ubuntu/.local/lib/python3.10/site-packages/scipy/stats/_rcont/rcont.cpython-310-x86_64-linux-gnu.so
70347f272000-70347f273000 rw-p 00000000 00:00 0 
70347f273000-70347f275000 r--p 00000000 00:6a 10227269                   /home/ubuntu/.local/lib/python3.10/site-packages/scipy/stats/_mvn.cpython-310-x86_64-linux-gnu.so
70347f275000-70347f27e000 r-xp 00002000 00:6a 10227269                   /home/ubuntu/.local/lib/python3.10/site-packages/scipy/stats/_mvn.cpython-310-x86_64-linux-gnu.so
70347f27e000-70347f284000 r--p 0000b000 00:6a 10227269                   /home/ubuntu/.local/lib/python3.10/site-packages/scipy/stats/_mvn.cpython-310-x86_64-linux-gnu.so
70347f284000-70347f285000 r--p 00010000 00:6a 10227269                   /home/ubuntu/.local/lib/python3.10/site-packages/scipy/stats/_mvn.cpython-310-x86_64-linux-gnu.so
70347f285000-70347f287000 rw-p 00011000 00:6a 10227269                   /home/ubuntu/.local/lib/python3.10/site-packages/scipy/stats/_mvn.cpython-310-x86_64-linux-gnu.so
70347f287000-70347f37e000 rw-p 00000000 00:00 0 
70347f37e000-70347f383000 r--p 00000000 00:6a 10227257                   /home/ubuntu/.local/lib/python3.10/site-packages/scipy/stats/_ansari_swilk_statistics.cpython-310-x86_64-linux-gnu.so
70347f383000-70347f3b0000 r-xp 00005000 00:6a 10227257                   /home/ubuntu/.local/lib/python3.10/site-packages/scipy/stats/_ansari_swilk_statistics.cpython-310-x86_64-linux-gnu.so
70347f3b0000-70347f3b8000 r--p 00032000 00:6a 10227257                   /home/ubuntu/.local/lib/python3.10/site-packages/scipy/stats/_ansari_swilk_statistics.cpython-310-x86_64-linux-gnu.so
70347f3b8000-70347f3b9000 r--p 00039000 00:6a 10227257                   /home/ubuntu/.local/lib/python3.10/site-packages/scipy/stats/_ansari_swilk_statistics.cpython-310-x86_64-linux-gnu.so
70347f3b9000-70347f3bb000 rw-p 0003a000 00:6a 10227257                   /home/ubuntu/.local/lib/python3.10/site-packages/scipy/stats/_ansari_swilk_statistics.cpython-310-x86_64-linux-gnu.so
70347f3bb000-70347f4bc000 rw-p 00000000 00:00 0 
70347f4bc000-70347f4c1000 r--p 00000000 00:6a 10227279                   /home/ubuntu/.local/lib/python3.10/site-packages/scipy/stats/_biasedurn.cpython-310-x86_64-linux-gnu.so
70347f4c1000-70347f4eb000 r-xp 00005000 00:6a 10227279                   /home/ubuntu/.local/lib/python3.10/site-packages/scipy/stats/_biasedurn.cpython-310-x86_64-linux-gnu.so
70347f4eb000-70347f4f7000 r--p 0002f000 00:6a 10227279                   /home/ubuntu/.local/lib/python3.10/site-packages/scipy/stats/_biasedurn.cpython-310-x86_64-linux-gnu.so
70347f4f7000-70347f4f8000 r--p 0003a000 00:6a 10227279                   /home/ubuntu/.local/lib/python3.10/site-packages/scipy/stats/_biasedurn.cpython-310-x86_64-linux-gnu.so
70347f4f8000-70347f4fb000 rw-p 0003b000 00:6a 10227279                   /home/ubuntu/.local/lib/python3.10/site-packages/scipy/stats/_biasedurn.cpython-310-x86_64-linux-gnu.so
70347f4fb000-70347f5fe000 rw-p 00000000 00:00 0 
70347f5fe000-70347f604000 r--p 00000000 00:6a 10227315                   /home/ubuntu/.local/lib/python3.10/site-packages/scipy/stats/_qmc_cy.cpython-310-x86_64-linux-gnu.so
70347f604000-70347f62f000 r-xp 00006000 00:6a 10227315                   /home/ubuntu/.local/lib/python3.10/site-packages/scipy/stats/_qmc_cy.cpython-310-x86_64-linux-gnu.so
70347f62f000-70347f638000 r--p 00031000 00:6a 10227315                   /home/ubuntu/.local/lib/python3.10/site-packages/scipy/stats/_qmc_cy.cpython-310-x86_64-linux-gnu.so
70347f638000-70347f639000 r--p 00039000 00:6a 10227315                   /home/ubuntu/.local/lib/python3.10/site-packages/scipy/stats/_qmc_cy.cpython-310-x86_64-linux-gnu.so
70347f639000-70347f63b000 rw-p 0003a000 00:6a 10227315                   /home/ubuntu/.local/lib/python3.10/site-packages/scipy/stats/_qmc_cy.cpython-310-x86_64-linux-gnu.so
70347f63b000-70347f63c000 rw-p 00000000 00:00 0 
70347f63c000-70347f641000 r--p 00000000 00:6a 10227297                   /home/ubuntu/.local/lib/python3.10/site-packages/scipy/stats/_sobol.cpython-310-x86_64-linux-gnu.so
70347f641000-70347f689000 r-xp 00005000 00:6a 10227297                   /home/ubuntu/.local/lib/python3.10/site-packages/scipy/stats/_sobol.cpython-310-x86_64-linux-gnu.so
70347f689000-70347f693000 r--p 0004d000 00:6a 10227297                   /home/ubuntu/.local/lib/python3.10/site-packages/scipy/stats/_sobol.cpython-310-x86_64-linux-gnu.so
70347f693000-70347f694000 r--p 00056000 00:6a 10227297                   /home/ubuntu/.local/lib/python3.10/site-packages/scipy/stats/_sobol.cpython-310-x86_64-linux-gnu.so
70347f694000-70347f697000 rw-p 00057000 00:6a 10227297                   /home/ubuntu/.local/lib/python3.10/site-packages/scipy/stats/_sobol.cpython-310-x86_64-linux-gnu.so
70347f697000-70347f797000 rw-p 00000000 00:00 0 
70347f797000-70347f7a5000 r--p 00000000 00:6a 10226464                   /home/ubuntu/.local/lib/python3.10/site-packages/scipy/special/cython_special.cpython-310-x86_64-linux-gnu.so
70347f7a5000-70347fa6a000 r-xp 0000e000 00:6a 10226464                   /home/ubuntu/.local/lib/python3.10/site-packages/scipy/special/cython_special.cpython-310-x86_64-linux-gnu.so
70347fa6a000-70347fab2000 r--p 002d3000 00:6a 10226464                   /home/ubuntu/.local/lib/python3.10/site-packages/scipy/special/cython_special.cpython-310-x86_64-linux-gnu.so
70347fab2000-70347fab3000 r--p 0031a000 00:6a 10226464                   /home/ubuntu/.local/lib/python3.10/site-packages/scipy/special/cython_special.cpython-310-x86_64-linux-gnu.so
70347fab3000-70347fab8000 rw-p 0031b000 00:6a 10226464                   /home/ubuntu/.local/lib/python3.10/site-packages/scipy/special/cython_special.cpython-310-x86_64-linux-gnu.so
70347fab8000-70347fabb000 rw-p 00000000 00:00 0 
70347fabb000-70347fac1000 r--p 00000000 00:6a 10227263                   /home/ubuntu/.local/lib/python3.10/site-packages/scipy/stats/_stats.cpython-310-x86_64-linux-gnu.so
70347fac1000-70347fb55000 r-xp 00006000 00:6a 10227263                   /home/ubuntu/.local/lib/python3.10/site-packages/scipy/stats/_stats.cpython-310-x86_64-linux-gnu.so
70347fb55000-70347fb63000 r--p 0009a000 00:6a 10227263                   /home/ubuntu/.local/lib/python3.10/site-packages/scipy/stats/_stats.cpython-310-x86_64-linux-gnu.so
70347fb63000-70347fb64000 r--p 000a7000 00:6a 10227263                   /home/ubuntu/.local/lib/python3.10/site-packages/scipy/stats/_stats.cpython-310-x86_64-linux-gnu.so
70347fb64000-70347fb67000 rw-p 000a8000 00:6a 10227263                   /home/ubuntu/.local/lib/python3.10/site-packages/scipy/stats/_stats.cpython-310-x86_64-linux-gnu.so
70347fb67000-70347fb69000 rw-p 00000000 00:00 0 
70347fb69000-70347fb6f000 r--p 00000000 00:6a 10227514                   /home/ubuntu/.local/lib/python3.10/site-packages/scipy/interpolate/_bspl.cpython-310-x86_64-linux-gnu.so
70347fb6f000-70347fba5000 r-xp 00006000 00:6a 10227514                   /home/ubuntu/.local/lib/python3.10/site-packages/scipy/interpolate/_bspl.cpython-310-x86_64-linux-gnu.so
70347fba5000-70347fbb2000 r--p 0003c000 00:6a 10227514                   /home/ubuntu/.local/lib/python3.10/site-packages/scipy/interpolate/_bspl.cpython-310-x86_64-linux-gnu.so
70347fbb2000-70347fbb3000 r--p 00048000 00:6a 10227514                   /home/ubuntu/.local/lib/python3.10/site-packages/scipy/interpolate/_bspl.cpython-310-x86_64-linux-gnu.so
70347fbb3000-70347fbb5000 rw-p 00049000 00:6a 10227514                   /home/ubuntu/.local/lib/python3.10/site-packages/scipy/interpolate/_bspl.cpython-310-x86_64-linux-gnu.so
70347fbb5000-70347fbb6000 rw-p 00000000 00:00 0 
70347fbb6000-70347fbb9000 rw-p 0005f000 00:6a 10227514                   /home/ubuntu/.local/lib/python3.10/site-packages/scipy/interpolate/_bspl.cpython-310-x86_64-linux-gnu.so
70347fbb9000-70347fbbb000 rw-p 00062000 00:6a 10227514                   /home/ubuntu/.local/lib/python3.10/site-packages/scipy/interpolate/_bspl.cpython-310-x86_64-linux-gnu.so
70347fbbb000-70347fbc0000 r--p 00000000 00:6a 10227517                   /home/ubuntu/.local/lib/python3.10/site-packages/scipy/interpolate/_rgi_cython.cpython-310-x86_64-linux-gnu.so
70347fbc0000-70347fbf1000 r-xp 00005000 00:6a 10227517                   /home/ubuntu/.local/lib/python3.10/site-packages/scipy/interpolate/_rgi_cython.cpython-310-x86_64-linux-gnu.so
70347fbf1000-70347fbf9000 r--p 00036000 00:6a 10227517                   /home/ubuntu/.local/lib/python3.10/site-packages/scipy/interpolate/_rgi_cython.cpython-310-x86_64-linux-gnu.so
70347fbf9000-70347fbfa000 r--p 0003d000 00:6a 10227517                   /home/ubuntu/.local/lib/python3.10/site-packages/scipy/interpolate/_rgi_cython.cpython-310-x86_64-linux-gnu.so
70347fbfa000-70347fbfc000 rw-p 0003e000 00:6a 10227517                   /home/ubuntu/.local/lib/python3.10/site-packages/scipy/interpolate/_rgi_cython.cpython-310-x86_64-linux-gnu.so
70347fbfc000-70347fbfd000 rw-p 00000000 00:00 0 
70347fbfd000-70347fc01000 r--p 00000000 00:6a 10227507                   /home/ubuntu/.local/lib/python3.10/site-packages/scipy/interpolate/_rbfinterp_pythran.cpython-310-x86_64-linux-gnu.so
70347fc01000-70347fc2c000 r-xp 00004000 00:6a 10227507                   /home/ubuntu/.local/lib/python3.10/site-packages/scipy/interpolate/_rbfinterp_pythran.cpython-310-x86_64-linux-gnu.so
70347fc2c000-70347fc32000 r--p 0002f000 00:6a 10227507                   /home/ubuntu/.local/lib/python3.10/site-packages/scipy/interpolate/_rbfinterp_pythran.cpython-310-x86_64-linux-gnu.so
70347fc32000-70347fc33000 r--p 00034000 00:6a 10227507                   /home/ubuntu/.local/lib/python3.10/site-packages/scipy/interpolate/_rbfinterp_pythran.cpython-310-x86_64-linux-gnu.so
70347fc33000-70347fc34000 rw-p 00035000 00:6a 10227507                   /home/ubuntu/.local/lib/python3.10/site-packages/scipy/interpolate/_rbfinterp_pythran.cpython-310-x86_64-linux-gnu.so
70347fc34000-70347fc3a000 r--p 00000000 00:6a 10227521                   /home/ubuntu/.local/lib/python3.10/site-packages/scipy/interpolate/_interpnd.cpython-310-x86_64-linux-gnu.so
70347fc3a000-70347fc8a000 r-xp 00006000 00:6a 10227521                   /home/ubuntu/.local/lib/python3.10/site-packages/scipy/interpolate/_interpnd.cpython-310-x86_64-linux-gnu.so
70347fc8a000-70347fc96000 r--p 00056000 00:6a 10227521                   /home/ubuntu/.local/lib/python3.10/site-packages/scipy/interpolate/_interpnd.cpython-310-x86_64-linux-gnu.so
70347fc96000-70347fc97000 r--p 00061000 00:6a 10227521                   /home/ubuntu/.local/lib/python3.10/site-packages/scipy/interpolate/_interpnd.cpython-310-x86_64-linux-gnu.so
70347fc97000-70347fc9a000 rw-p 00062000 00:6a 10227521                   /home/ubuntu/.local/lib/python3.10/site-packages/scipy/interpolate/_interpnd.cpython-310-x86_64-linux-gnu.so
70347fc9a000-70347fc9b000 rw-p 00000000 00:00 0 
70347fc9b000-70347fca0000 r--p 00000000 00:6a 10227494                   /home/ubuntu/.local/lib/python3.10/site-packages/scipy/interpolate/_ppoly.cpython-310-x86_64-linux-gnu.so
70347fca0000-70347fcf6000 r-xp 00005000 00:6a 10227494                   /home/ubuntu/.local/lib/python3.10/site-packages/scipy/interpolate/_ppoly.cpython-310-x86_64-linux-gnu.so
70347fcf6000-70347fd01000 r--p 0005b000 00:6a 10227494                   /home/ubuntu/.local/lib/python3.10/site-packages/scipy/interpolate/_ppoly.cpython-310-x86_64-linux-gnu.so
70347fd01000-70347fd02000 r--p 00065000 00:6a 10227494                   /home/ubuntu/.local/lib/python3.10/site-packages/scipy/interpolate/_ppoly.cpython-310-x86_64-linux-gnu.so
70347fd02000-70347fd04000 rw-p 00066000 00:6a 10227494                   /home/ubuntu/.local/lib/python3.10/site-packages/scipy/interpolate/_ppoly.cpython-310-x86_64-linux-gnu.so
70347fd04000-70347fe05000 rw-p 00000000 00:00 0 
70347fe05000-70347fe09000 r--p 00000000 00:6a 10227502                   /home/ubuntu/.local/lib/python3.10/site-packages/scipy/interpolate/_dfitpack.cpython-310-x86_64-linux-gnu.so
70347fe09000-70347fe3f000 r-xp 00004000 00:6a 10227502                   /home/ubuntu/.local/lib/python3.10/site-packages/scipy/interpolate/_dfitpack.cpython-310-x86_64-linux-gnu.so
70347fe3f000-70347fe4b000 r--p 0003a000 00:6a 10227502                   /home/ubuntu/.local/lib/python3.10/site-packages/scipy/interpolate/_dfitpack.cpython-310-x86_64-linux-gnu.so
70347fe4b000-70347fe4c000 ---p 00046000 00:6a 10227502                   /home/ubuntu/.local/lib/python3.10/site-packages/scipy/interpolate/_dfitpack.cpython-310-x86_64-linux-gnu.so
70347fe4c000-70347fe4d000 r--p 00046000 00:6a 10227502                   /home/ubuntu/.local/lib/python3.10/site-packages/scipy/interpolate/_dfitpack.cpython-310-x86_64-linux-gnu.so
70347fe4d000-70347fe55000 rw-p 00047000 00:6a 10227502                   /home/ubuntu/.local/lib/python3.10/site-packages/scipy/interpolate/_dfitpack.cpython-310-x86_64-linux-gnu.so
70347fe55000-70347fe57000 rw-p 00052000 00:6a 10227502                   /home/ubuntu/.local/lib/python3.10/site-packages/scipy/interpolate/_dfitpack.cpython-310-x86_64-linux-gnu.so
70347fe57000-70347fe58000 rw-p 00054000 00:6a 10227502                   /home/ubuntu/.local/lib/python3.10/site-packages/scipy/interpolate/_dfitpack.cpython-310-x86_64-linux-gnu.so
70347fe58000-70347ff58000 rw-p 00000000 00:00 0 
70347ff58000-70347ff74000 r--p 00000000 00:6a 10226100                   /home/ubuntu/.local/lib/python3.10/site-packages/scipy/integrate/_lsoda.cpython-310-x86_64-linux-gnu.so
70347ff74000-70347ff8f000 r-xp 0001c000 00:6a 10226100                   /home/ubuntu/.local/lib/python3.10/site-packages/scipy/integrate/_lsoda.cpython-310-x86_64-linux-gnu.so
70347ff8f000-70347ff9e000 r--p 00037000 00:6a 10226100                   /home/ubuntu/.local/lib/python3.10/site-packages/scipy/integrate/_lsoda.cpython-310-x86_64-linux-gnu.so
70347ff9e000-70347ff9f000 ---p 00046000 00:6a 10226100                   /home/ubuntu/.local/lib/python3.10/site-packages/scipy/integrate/_lsoda.cpython-310-x86_64-linux-gnu.so
70347ff9f000-70347ffa0000 r--p 00046000 00:6a 10226100                   /home/ubuntu/.local/lib/python3.10/site-packages/scipy/integrate/_lsoda.cpython-310-x86_64-linux-gnu.so
70347ffa0000-70347ffa5000 rw-p 00047000 00:6a 10226100                   /home/ubuntu/.local/lib/python3.10/site-packages/scipy/integrate/_lsoda.cpython-310-x86_64-linux-gnu.so
70347ffa5000-70347ffb6000 rw-p 00067000 00:6a 10226100                   /home/ubuntu/.local/lib/python3.10/site-packages/scipy/integrate/_lsoda.cpython-310-x86_64-linux-gnu.so
70347ffb6000-70347ffbd000 rw-p 00078000 00:6a 10226100                   /home/ubuntu/.local/lib/python3.10/site-packages/scipy/integrate/_lsoda.cpython-310-x86_64-linux-gnu.so
70347ffbd000-70347ffd9000 r--p 00000000 00:6a 10226111                   /home/ubuntu/.local/lib/python3.10/site-packages/scipy/integrate/_vode.cpython-310-x86_64-linux-gnu.so
70347ffd9000-70347fffe000 r-xp 0001c000 00:6a 10226111                   /home/ubuntu/.local/lib/python3.10/site-packages/scipy/integrate/_vode.cpython-310-x86_64-linux-gnu.so
70347fffe000-70348000f000 r--p 00041000 00:6a 10226111                   /home/ubuntu/.local/lib/python3.10/site-packages/scipy/integrate/_vode.cpython-310-x86_64-linux-gnu.so
70348000f000-703480010000 r--p 00051000 00:6a 10226111                   /home/ubuntu/.local/lib/python3.10/site-packages/scipy/integrate/_vode.cpython-310-x86_64-linux-gnu.so
703480010000-703480015000 rw-p 00052000 00:6a 10226111                   /home/ubuntu/.local/lib/python3.10/site-packages/scipy/integrate/_vode.cpython-310-x86_64-linux-gnu.so
703480015000-703480026000 rw-p 00073000 00:6a 10226111                   /home/ubuntu/.local/lib/python3.10/site-packages/scipy/integrate/_vode.cpython-310-x86_64-linux-gnu.so
703480026000-70348002d000 rw-p 00084000 00:6a 10226111                   /home/ubuntu/.local/lib/python3.10/site-packages/scipy/integrate/_vode.cpython-310-x86_64-linux-gnu.so
70348002d000-703480048000 r--p 00000000 00:6a 10226108                   /home/ubuntu/.local/lib/python3.10/site-packages/scipy/integrate/_odepack.cpython-310-x86_64-linux-gnu.so
703480048000-703480060000 r-xp 0001b000 00:6a 10226108                   /home/ubuntu/.local/lib/python3.10/site-packages/scipy/integrate/_odepack.cpython-310-x86_64-linux-gnu.so
703480060000-70348006e000 r--p 00033000 00:6a 10226108                   /home/ubuntu/.local/lib/python3.10/site-packages/scipy/integrate/_odepack.cpython-310-x86_64-linux-gnu.so
70348006e000-70348006f000 r--p 00040000 00:6a 10226108                   /home/ubuntu/.local/lib/python3.10/site-packages/scipy/integrate/_odepack.cpython-310-x86_64-linux-gnu.so
70348006f000-703480073000 rw-p 00041000 00:6a 10226108                   /home/ubuntu/.local/lib/python3.10/site-packages/scipy/integrate/_odepack.cpython-310-x86_64-linux-gnu.so
703480073000-703480074000 rw-p 00000000 00:00 0 
703480074000-703480084000 rw-p 0005f000 00:6a 10226108                   /home/ubuntu/.local/lib/python3.10/site-packages/scipy/integrate/_odepack.cpython-310-x86_64-linux-gnu.so
703480084000-70348008a000 rw-p 0006f000 00:6a 10226108                   /home/ubuntu/.local/lib/python3.10/site-packages/scipy/integrate/_odepack.cpython-310-x86_64-linux-gnu.so
70348008a000-70348018a000 rw-p 00000000 00:00 0 
70348018a000-703480190000 r--p 00000000 00:6a 10226214                   /home/ubuntu/.local/lib/python3.10/site-packages/scipy/optimize/_bglu_dense.cpython-310-x86_64-linux-gnu.so
703480190000-7034801cb000 r-xp 00006000 00:6a 10226214                   /home/ubuntu/.local/lib/python3.10/site-packages/scipy/optimize/_bglu_dense.cpython-310-x86_64-linux-gnu.so
7034801cb000-7034801d5000 r--p 00041000 00:6a 10226214                   /home/ubuntu/.local/lib/python3.10/site-packages/scipy/optimize/_bglu_dense.cpython-310-x86_64-linux-gnu.so
7034801d5000-7034801d6000 ---p 0004b000 00:6a 10226214                   /home/ubuntu/.local/lib/python3.10/site-packages/scipy/optimize/_bglu_dense.cpython-310-x86_64-linux-gnu.so
7034801d6000-7034801d7000 r--p 0004b000 00:6a 10226214                   /home/ubuntu/.local/lib/python3.10/site-packages/scipy/optimize/_bglu_dense.cpython-310-x86_64-linux-gnu.so
7034801d7000-7034801da000 rw-p 0004c000 00:6a 10226214                   /home/ubuntu/.local/lib/python3.10/site-packages/scipy/optimize/_bglu_dense.cpython-310-x86_64-linux-gnu.so
7034801da000-7034801db000 rw-p 00000000 00:00 0 
7034801db000-7034801e2000 r--p 00000000 00:6a 10227483                   /home/ubuntu/.local/lib/python3.10/site-packages/scipy/fft/_pocketfft/pypocketfft.cpython-310-x86_64-linux-gnu.so
7034801e2000-7034802bb000 r-xp 00007000 00:6a 10227483                   /home/ubuntu/.local/lib/python3.10/site-packages/scipy/fft/_pocketfft/pypocketfft.cpython-310-x86_64-linux-gnu.so
7034802bb000-7034802d5000 r--p 000e0000 00:6a 10227483                   /home/ubuntu/.local/lib/python3.10/site-packages/scipy/fft/_pocketfft/pypocketfft.cpython-310-x86_64-linux-gnu.so
7034802d5000-7034802d6000 ---p 000fa000 00:6a 10227483                   /home/ubuntu/.local/lib/python3.10/site-packages/scipy/fft/_pocketfft/pypocketfft.cpython-310-x86_64-linux-gnu.so
7034802d6000-7034802d7000 r--p 000fa000 00:6a 10227483                   /home/ubuntu/.local/lib/python3.10/site-packages/scipy/fft/_pocketfft/pypocketfft.cpython-310-x86_64-linux-gnu.so
7034802d7000-7034802d8000 rw-p 000fb000 00:6a 10227483                   /home/ubuntu/.local/lib/python3.10/site-packages/scipy/fft/_pocketfft/pypocketfft.cpython-310-x86_64-linux-gnu.so
7034802d8000-7034802da000 rw-p 00000000 00:00 0 
7034802da000-7034802df000 r--p 00000000 00:6a 10226387                   /home/ubuntu/.local/lib/python3.10/site-packages/scipy/linalg/_decomp_interpolative.cpython-310-x86_64-linux-gnu.so
7034802df000-7034803bc000 r-xp 00005000 00:6a 10226387                   /home/ubuntu/.local/lib/python3.10/site-packages/scipy/linalg/_decomp_interpolative.cpython-310-x86_64-linux-gnu.so
7034803bc000-7034803c9000 r--p 000e2000 00:6a 10226387                   /home/ubuntu/.local/lib/python3.10/site-packages/scipy/linalg/_decomp_interpolative.cpython-310-x86_64-linux-gnu.so
7034803c9000-7034803ca000 r--p 000ee000 00:6a 10226387                   /home/ubuntu/.local/lib/python3.10/site-packages/scipy/linalg/_decomp_interpolative.cpython-310-x86_64-linux-gnu.so
7034803ca000-7034803cc000 rw-p 000ef000 00:6a 10226387                   /home/ubuntu/.local/lib/python3.10/site-packages/scipy/linalg/_decomp_interpolative.cpython-310-x86_64-linux-gnu.so
7034803cc000-7034803ce000 rw-p 00000000 00:00 0 
7034803ce000-7034803e0000 r--p 00000000 00:6a 10226225                   /home/ubuntu/.local/lib/python3.10/site-packages/scipy/optimize/_highspy/_core.cpython-310-x86_64-linux-gnu.so
7034803e0000-7034807cd000 r-xp 00012000 00:6a 10226225                   /home/ubuntu/.local/lib/python3.10/site-packages/scipy/optimize/_highspy/_core.cpython-310-x86_64-linux-gnu.so
7034807cd000-70348086e000 r--p 003ff000 00:6a 10226225                   /home/ubuntu/.local/lib/python3.10/site-packages/scipy/optimize/_highspy/_core.cpython-310-x86_64-linux-gnu.so
70348086e000-703480873000 r--p 0049f000 00:6a 10226225                   /home/ubuntu/.local/lib/python3.10/site-packages/scipy/optimize/_highspy/_core.cpython-310-x86_64-linux-gnu.so
703480873000-703480874000 rw-p 004a4000 00:6a 10226225                   /home/ubuntu/.local/lib/python3.10/site-packages/scipy/optimize/_highspy/_core.cpython-310-x86_64-linux-gnu.so
703480874000-703480a79000 rw-p 00000000 00:00 0 
703480a79000-703480a80000 r--p 00000000 00:6a 10227608                   /home/ubuntu/.local/lib/python3.10/site-packages/scipy/spatial/transform/_rotation.cpython-310-x86_64-linux-gnu.so
703480a80000-703480b2d000 r-xp 00007000 00:6a 10227608                   /home/ubuntu/.local/lib/python3.10/site-packages/scipy/spatial/transform/_rotation.cpython-310-x86_64-linux-gnu.so
703480b2d000-703480b60000 r--p 000b4000 00:6a 10227608                   /home/ubuntu/.local/lib/python3.10/site-packages/scipy/spatial/transform/_rotation.cpython-310-x86_64-linux-gnu.so
703480b60000-703480b61000 r--p 000e6000 00:6a 10227608                   /home/ubuntu/.local/lib/python3.10/site-packages/scipy/spatial/transform/_rotation.cpython-310-x86_64-linux-gnu.so
703480b61000-703480b65000 rw-p 000e7000 00:6a 10227608                   /home/ubuntu/.local/lib/python3.10/site-packages/scipy/spatial/transform/_rotation.cpython-310-x86_64-linux-gnu.so
703480b65000-703480b67000 rw-p 00000000 00:00 0 
703480b67000-703480b6e000 r--p 00000000 00:6a 10227552                   /home/ubuntu/.local/lib/python3.10/site-packages/scipy/spatial/_qhull.cpython-310-x86_64-linux-gnu.so
703480b6e000-703480c39000 r-xp 00007000 00:6a 10227552                   /home/ubuntu/.local/lib/python3.10/site-packages/scipy/spatial/_qhull.cpython-310-x86_64-linux-gnu.so
703480c39000-703480c71000 r--p 000d2000 00:6a 10227552                   /home/ubuntu/.local/lib/python3.10/site-packages/scipy/spatial/_qhull.cpython-310-x86_64-linux-gnu.so
703480c71000-703480c72000 r--p 00109000 00:6a 10227552                   /home/ubuntu/.local/lib/python3.10/site-packages/scipy/spatial/_qhull.cpython-310-x86_64-linux-gnu.so
703480c72000-703480c75000 rw-p 0010a000 00:6a 10227552                   /home/ubuntu/.local/lib/python3.10/site-packages/scipy/spatial/_qhull.cpython-310-x86_64-linux-gnu.so
703480c75000-703480d77000 rw-p 00000000 00:00 0 
703480d77000-703480d7a000 r--p 00000000 00:6a 10226480                   /home/ubuntu/.local/lib/python3.10/site-packages/scipy/special/_special_ufuncs.cpython-310-x86_64-linux-gnu.so
703480d7a000-703480e7d000 r-xp 00003000 00:6a 10226480                   /home/ubuntu/.local/lib/python3.10/site-packages/scipy/special/_special_ufuncs.cpython-310-x86_64-linux-gnu.so
703480e7d000-703480ec0000 r--p 00106000 00:6a 10226480                   /home/ubuntu/.local/lib/python3.10/site-packages/scipy/special/_special_ufuncs.cpython-310-x86_64-linux-gnu.so
703480ec0000-703480ec1000 r--p 00148000 00:6a 10226480                   /home/ubuntu/.local/lib/python3.10/site-packages/scipy/special/_special_ufuncs.cpython-310-x86_64-linux-gnu.so
703480ec1000-703480ec2000 rw-p 00149000 00:6a 10226480                   /home/ubuntu/.local/lib/python3.10/site-packages/scipy/special/_special_ufuncs.cpython-310-x86_64-linux-gnu.so
703480ec2000-703480fc2000 rw-p 00000000 00:00 0 
703480fc2000-703480fc7000 r--p 00000000 00:6a 10226468                   /home/ubuntu/.local/lib/python3.10/site-packages/scipy/special/_ufuncs_cxx.cpython-310-x86_64-linux-gnu.so
703480fc7000-703481116000 r-xp 00005000 00:6a 10226468                   /home/ubuntu/.local/lib/python3.10/site-packages/scipy/special/_ufuncs_cxx.cpython-310-x86_64-linux-gnu.so
703481116000-703481149000 r--p 00154000 00:6a 10226468                   /home/ubuntu/.local/lib/python3.10/site-packages/scipy/special/_ufuncs_cxx.cpython-310-x86_64-linux-gnu.so
703481149000-70348114a000 r--p 00186000 00:6a 10226468                   /home/ubuntu/.local/lib/python3.10/site-packages/scipy/special/_ufuncs_cxx.cpython-310-x86_64-linux-gnu.so
70348114a000-70348114b000 rw-p 00187000 00:6a 10226468                   /home/ubuntu/.local/lib/python3.10/site-packages/scipy/special/_ufuncs_cxx.cpython-310-x86_64-linux-gnu.so
70348114b000-70348114c000 rw-p 00000000 00:00 0 
70348114c000-703481152000 r--p 00000000 00:6a 10226473                   /home/ubuntu/.local/lib/python3.10/site-packages/scipy/special/_ufuncs.cpython-310-x86_64-linux-gnu.so
703481152000-703481257000 r-xp 00006000 00:6a 10226473                   /home/ubuntu/.local/lib/python3.10/site-packages/scipy/special/_ufuncs.cpython-310-x86_64-linux-gnu.so
703481257000-7034812ac000 r--p 0010b000 00:6a 10226473                   /home/ubuntu/.local/lib/python3.10/site-packages/scipy/special/_ufuncs.cpython-310-x86_64-linux-gnu.so
7034812ac000-7034812ad000 r--p 0015f000 00:6a 10226473                   /home/ubuntu/.local/lib/python3.10/site-packages/scipy/special/_ufuncs.cpython-310-x86_64-linux-gnu.so
7034812ad000-7034812ae000 rw-p 00160000 00:6a 10226473                   /home/ubuntu/.local/lib/python3.10/site-packages/scipy/special/_ufuncs.cpython-310-x86_64-linux-gnu.so
7034812ae000-7034812b6000 rw-p 00000000 00:00 0 
7034812b6000-7034812b9000 rw-p 00189000 00:6a 10226473                   /home/ubuntu/.local/lib/python3.10/site-packages/scipy/special/_ufuncs.cpython-310-x86_64-linux-gnu.so
7034812b9000-7034812bb000 rw-p 0018c000 00:6a 10226473                   /home/ubuntu/.local/lib/python3.10/site-packages/scipy/special/_ufuncs.cpython-310-x86_64-linux-gnu.so
7034812bb000-7034813bb000 rw-p 00000000 00:00 0 
7034813bb000-7034813f8000 r--p 00000000 00:6a 10226371                   /home/ubuntu/.local/lib/python3.10/site-packages/scipy/linalg/_flapack.cpython-310-x86_64-linux-gnu.so
7034813f8000-7034814c5000 r-xp 0003d000 00:6a 10226371                   /home/ubuntu/.local/lib/python3.10/site-packages/scipy/linalg/_flapack.cpython-310-x86_64-linux-gnu.so
7034814c5000-703481545000 r--p 0010a000 00:6a 10226371                   /home/ubuntu/.local/lib/python3.10/site-packages/scipy/linalg/_flapack.cpython-310-x86_64-linux-gnu.so
703481545000-703481546000 r--p 00189000 00:6a 10226371                   /home/ubuntu/.local/lib/python3.10/site-packages/scipy/linalg/_flapack.cpython-310-x86_64-linux-gnu.so
703481546000-7034815d5000 rw-p 0018a000 00:6a 10226371                   /home/ubuntu/.local/lib/python3.10/site-packages/scipy/linalg/_flapack.cpython-310-x86_64-linux-gnu.so
7034815d5000-7034815e6000 rw-p 00246000 00:6a 10226371                   /home/ubuntu/.local/lib/python3.10/site-packages/scipy/linalg/_flapack.cpython-310-x86_64-linux-gnu.so
7034815e6000-7034815ed000 rw-p 00257000 00:6a 10226371                   /home/ubuntu/.local/lib/python3.10/site-packages/scipy/linalg/_flapack.cpython-310-x86_64-linux-gnu.so
7034815ed000-7034815ee000 ---p 00000000 00:00 0 
7034815ee000-703481dee000 rw-p 00000000 00:00 0 
703481dee000-703481def000 ---p 00000000 00:00 0 
703481def000-7034825ef000 rw-p 00000000 00:00 0 
7034825ef000-7034825f0000 ---p 00000000 00:00 0 
7034825f0000-703482df0000 rw-p 00000000 00:00 0 
703482df0000-703482df1000 ---p 00000000 00:00 0 
703482df1000-7034835f1000 rw-p 00000000 00:00 0 
7034835f1000-7034835f2000 ---p 00000000 00:00 0 
7034835f2000-703483df2000 rw-p 00000000 00:00 0 
703483df2000-703483df3000 ---p 00000000 00:00 0 
703483df3000-7034845f3000 rw-p 00000000 00:00 0 
7034845f3000-7034845f4000 ---p 00000000 00:00 0 
7034845f4000-703484df4000 rw-p 00000000 00:00 0 
703484df4000-703484df5000 ---p 00000000 00:00 0 
703484df5000-7034855f5000 rw-p 00000000 00:00 0 
7034855f5000-7034855f6000 ---p 00000000 00:00 0 
7034855f6000-703485df6000 rw-p 00000000 00:00 0 
703485df6000-703485df7000 ---p 00000000 00:00 0 
703485df7000-7034865f7000 rw-p 00000000 00:00 0 
7034865f7000-7034865f8000 ---p 00000000 00:00 0 
7034865f8000-703486df8000 rw-p 00000000 00:00 0 
703486df8000-703486df9000 ---p 00000000 00:00 0 
703486df9000-7034875f9000 rw-p 00000000 00:00 0 
7034875f9000-7034875fa000 ---p 00000000 00:00 0 
7034875fa000-703487dfa000 rw-p 00000000 00:00 0 
703487dfa000-703487dfb000 ---p 00000000 00:00 0 
703487dfb000-7034885fb000 rw-p 00000000 00:00 0 
7034885fb000-7034885fc000 ---p 00000000 00:00 0 
7034885fc000-703488dfc000 rw-p 00000000 00:00 0 
703488dfc000-703488dfd000 ---p 00000000 00:00 0 
703488dfd000-7034895fd000 rw-p 00000000 00:00 0 
7034895fd000-7034895fe000 ---p 00000000 00:00 0 
7034895fe000-703489dfe000 rw-p 00000000 00:00 0 
703489dfe000-703489dff000 ---p 00000000 00:00 0 
703489dff000-70348a5ff000 rw-p 00000000 00:00 0 
70348a5ff000-70348a600000 ---p 00000000 00:00 0 
70348a600000-70348ae00000 rw-p 00000000 00:00 0 
70348ae00000-7034b2e00000 rw-p 00000000 00:00 0 
7034b2e00000-7034b2e3b000 r-xp 00000000 00:6a 10227622                   /home/ubuntu/.local/lib/python3.10/site-packages/scipy.libs/libquadmath-96973f99-934c22de.so.0.0.0
7034b2e3b000-7034b303a000 ---p 0003b000 00:6a 10227622                   /home/ubuntu/.local/lib/python3.10/site-packages/scipy.libs/libquadmath-96973f99-934c22de.so.0.0.0
7034b303a000-7034b303b000 r--p 0003a000 00:6a 10227622                   /home/ubuntu/.local/lib/python3.10/site-packages/scipy.libs/libquadmath-96973f99-934c22de.so.0.0.0
7034b303b000-7034b303c000 rw-p 0003b000 00:6a 10227622                   /home/ubuntu/.local/lib/python3.10/site-packages/scipy.libs/libquadmath-96973f99-934c22de.so.0.0.0
7034b303c000-7034b303d000 rw-p 0003c000 00:6a 10227622                   /home/ubuntu/.local/lib/python3.10/site-packages/scipy.libs/libquadmath-96973f99-934c22de.so.0.0.0
7034b303d000-7034b303e000 rw-p 0003d000 00:6a 10227622                   /home/ubuntu/.local/lib/python3.10/site-packages/scipy.libs/libquadmath-96973f99-934c22de.so.0.0.0
7034b303f000-7034b3043000 r--p 00000000 00:6a 10227300                   /home/ubuntu/.local/lib/python3.10/site-packages/scipy/stats/_stats_pythran.cpython-310-x86_64-linux-gnu.so
7034b3043000-7034b305d000 r-xp 00004000 00:6a 10227300                   /home/ubuntu/.local/lib/python3.10/site-packages/scipy/stats/_stats_pythran.cpython-310-x86_64-linux-gnu.so
7034b305d000-7034b3063000 r--p 0001e000 00:6a 10227300                   /home/ubuntu/.local/lib/python3.10/site-packages/scipy/stats/_stats_pythran.cpython-310-x86_64-linux-gnu.so
7034b3063000-7034b3064000 r--p 00023000 00:6a 10227300                   /home/ubuntu/.local/lib/python3.10/site-packages/scipy/stats/_stats_pythran.cpython-310-x86_64-linux-gnu.so
7034b3064000-7034b3065000 rw-p 00024000 00:6a 10227300                   /home/ubuntu/.local/lib/python3.10/site-packages/scipy/stats/_stats_pythran.cpython-310-x86_64-linux-gnu.so
7034b3065000-7034b3068000 r--p 00000000 00:6a 10227515                   /home/ubuntu/.local/lib/python3.10/site-packages/scipy/interpolate/_dierckx.cpython-310-x86_64-linux-gnu.so
7034b3068000-7034b3074000 r-xp 00003000 00:6a 10227515                   /home/ubuntu/.local/lib/python3.10/site-packages/scipy/interpolate/_dierckx.cpython-310-x86_64-linux-gnu.so
7034b3074000-7034b3079000 r--p 0000f000 00:6a 10227515                   /home/ubuntu/.local/lib/python3.10/site-packages/scipy/interpolate/_dierckx.cpython-310-x86_64-linux-gnu.so
7034b3079000-7034b307a000 r--p 00013000 00:6a 10227515                   /home/ubuntu/.local/lib/python3.10/site-packages/scipy/interpolate/_dierckx.cpython-310-x86_64-linux-gnu.so
7034b307a000-7034b307c000 rw-p 00014000 00:6a 10227515                   /home/ubuntu/.local/lib/python3.10/site-packages/scipy/interpolate/_dierckx.cpython-310-x86_64-linux-gnu.so
7034b307c000-7034b307e000 rw-p 00020000 00:6a 10227515                   /home/ubuntu/.local/lib/python3.10/site-packages/scipy/interpolate/_dierckx.cpython-310-x86_64-linux-gnu.so
7034b307e000-7034b307f000 rw-p 00022000 00:6a 10227515                   /home/ubuntu/.local/lib/python3.10/site-packages/scipy/interpolate/_dierckx.cpython-310-x86_64-linux-gnu.so
7034b307f000-7034b3085000 r--p 00000000 00:6a 10226226                   /home/ubuntu/.local/lib/python3.10/site-packages/scipy/optimize/_highspy/_highs_options.cpython-310-x86_64-linux-gnu.so
7034b3085000-7034b30ba000 r-xp 00006000 00:6a 10226226                   /home/ubuntu/.local/lib/python3.10/site-packages/scipy/optimize/_highspy/_highs_options.cpython-310-x86_64-linux-gnu.so
7034b30ba000-7034b30cb000 r--p 0003b000 00:6a 10226226                   /home/ubuntu/.local/lib/python3.10/site-packages/scipy/optimize/_highspy/_highs_options.cpython-310-x86_64-linux-gnu.so
7034b30cb000-7034b30cc000 r--p 0004b000 00:6a 10226226                   /home/ubuntu/.local/lib/python3.10/site-packages/scipy/optimize/_highspy/_highs_options.cpython-310-x86_64-linux-gnu.so
7034b30cc000-7034b30cd000 rw-p 0004c000 00:6a 10226226                   /home/ubuntu/.local/lib/python3.10/site-packages/scipy/optimize/_highspy/_highs_options.cpython-310-x86_64-linux-gnu.so
7034b30cd000-7034b30d2000 r--p 00000000 00:6a 10226229                   /home/ubuntu/.local/lib/python3.10/site-packages/scipy/optimize/_lsq/givens_elimination.cpython-310-x86_64-linux-gnu.so
7034b30d2000-7034b30f5000 r-xp 00005000 00:6a 10226229                   /home/ubuntu/.local/lib/python3.10/site-packages/scipy/optimize/_lsq/givens_elimination.cpython-310-x86_64-linux-gnu.so
7034b30f5000-7034b30fc000 r--p 00028000 00:6a 10226229                   /home/ubuntu/.local/lib/python3.10/site-packages/scipy/optimize/_lsq/givens_elimination.cpython-310-x86_64-linux-gnu.so
7034b30fc000-7034b30fd000 ---p 0002f000 00:6a 10226229                   /home/ubuntu/.local/lib/python3.10/site-packages/scipy/optimize/_lsq/givens_elimination.cpython-310-x86_64-linux-gnu.so
7034b30fd000-7034b30fe000 r--p 0002f000 00:6a 10226229                   /home/ubuntu/.local/lib/python3.10/site-packages/scipy/optimize/_lsq/givens_elimination.cpython-310-x86_64-linux-gnu.so
7034b30fe000-7034b3100000 rw-p 00030000 00:6a 10226229                   /home/ubuntu/.local/lib/python3.10/site-packages/scipy/optimize/_lsq/givens_elimination.cpython-310-x86_64-linux-gnu.so
7034b3100000-7034b3200000 rw-p 00000000 00:00 0 
7034b3200000-7034b3476000 r-xp 00000000 00:6a 10227618                   /home/ubuntu/.local/lib/python3.10/site-packages/scipy.libs/libgfortran-040039e1-0352e75f.so.5.0.0
7034b3476000-7034b3675000 ---p 00276000 00:6a 10227618                   /home/ubuntu/.local/lib/python3.10/site-packages/scipy.libs/libgfortran-040039e1-0352e75f.so.5.0.0
7034b3675000-7034b3676000 r--p 00275000 00:6a 10227618                   /home/ubuntu/.local/lib/python3.10/site-packages/scipy.libs/libgfortran-040039e1-0352e75f.so.5.0.0
7034b3676000-7034b3678000 rw-p 00276000 00:6a 10227618                   /home/ubuntu/.local/lib/python3.10/site-packages/scipy.libs/libgfortran-040039e1-0352e75f.so.5.0.0
7034b3678000-7034b3684000 rw-p 0027b000 00:6a 10227618                   /home/ubuntu/.local/lib/python3.10/site-packages/scipy.libs/libgfortran-040039e1-0352e75f.so.5.0.0
7034b3684000-7034b368d000 rw-p 00287000 00:6a 10227618                   /home/ubuntu/.local/lib/python3.10/site-packages/scipy.libs/libgfortran-040039e1-0352e75f.so.5.0.0
7034b368d000-7034b3696000 rw-p 00290000 00:6a 10227618                   /home/ubuntu/.local/lib/python3.10/site-packages/scipy.libs/libgfortran-040039e1-0352e75f.so.5.0.0
7034b3696000-7034b369f000 rw-p 00299000 00:6a 10227618                   /home/ubuntu/.local/lib/python3.10/site-packages/scipy.libs/libgfortran-040039e1-0352e75f.so.5.0.0
7034b369f000-7034b36a8000 rw-p 002a2000 00:6a 10227618                   /home/ubuntu/.local/lib/python3.10/site-packages/scipy.libs/libgfortran-040039e1-0352e75f.so.5.0.0
7034b36a8000-7034b36b1000 rw-p 002ab000 00:6a 10227618                   /home/ubuntu/.local/lib/python3.10/site-packages/scipy.libs/libgfortran-040039e1-0352e75f.so.5.0.0
7034b36b7000-7034b36d2000 r--p 00000000 00:6a 10226211                   /home/ubuntu/.local/lib/python3.10/site-packages/scipy/optimize/_lbfgsb.cpython-310-x86_64-linux-gnu.so
7034b36d2000-7034b36e7000 r-xp 0001b000 00:6a 10226211                   /home/ubuntu/.local/lib/python3.10/site-packages/scipy/optimize/_lbfgsb.cpython-310-x86_64-linux-gnu.so
7034b36e7000-7034b36f3000 r--p 00030000 00:6a 10226211                   /home/ubuntu/.local/lib/python3.10/site-packages/scipy/optimize/_lbfgsb.cpython-310-x86_64-linux-gnu.so
7034b36f3000-7034b36f4000 ---p 0003c000 00:6a 10226211                   /home/ubuntu/.local/lib/python3.10/site-packages/scipy/optimize/_lbfgsb.cpython-310-x86_64-linux-gnu.so
7034b36f4000-7034b36f5000 r--p 0003c000 00:6a 10226211                   /home/ubuntu/.local/lib/python3.10/site-packages/scipy/optimize/_lbfgsb.cpython-310-x86_64-linux-gnu.so
7034b36f5000-7034b36f9000 rw-p 0003d000 00:6a 10226211                   /home/ubuntu/.local/lib/python3.10/site-packages/scipy/optimize/_lbfgsb.cpython-310-x86_64-linux-gnu.so
7034b36f9000-7034b3709000 rw-p 0005b000 00:6a 10226211                   /home/ubuntu/.local/lib/python3.10/site-packages/scipy/optimize/_lbfgsb.cpython-310-x86_64-linux-gnu.so
7034b3709000-7034b370f000 rw-p 0006b000 00:6a 10226211                   /home/ubuntu/.local/lib/python3.10/site-packages/scipy/optimize/_lbfgsb.cpython-310-x86_64-linux-gnu.so
7034b370f000-7034b380f000 rw-p 00000000 00:00 0 
7034b380f000-7034b38ba000 r--p 00000000 00:6a 10227621                   /home/ubuntu/.local/lib/python3.10/site-packages/scipy.libs/libscipy_openblas-68440149.so
7034b38ba000-7034b49cb000 r-xp 000ab000 00:6a 10227621                   /home/ubuntu/.local/lib/python3.10/site-packages/scipy.libs/libscipy_openblas-68440149.so
7034b49cb000-7034b4b7a000 r--p 011bc000 00:6a 10227621                   /home/ubuntu/.local/lib/python3.10/site-packages/scipy.libs/libscipy_openblas-68440149.so
7034b4b7a000-7034b4b80000 r--p 0136a000 00:6a 10227621                   /home/ubuntu/.local/lib/python3.10/site-packages/scipy.libs/libscipy_openblas-68440149.so
7034b4b80000-7034b4b8b000 rw-p 01370000 00:6a 10227621                   /home/ubuntu/.local/lib/python3.10/site-packages/scipy.libs/libscipy_openblas-68440149.so
7034b4b8b000-7034b4b93000 rw-p 00000000 00:00 0 
7034b4b93000-7034b4bd5000 rw-p 01435000 00:6a 10227621                   /home/ubuntu/.local/lib/python3.10/site-packages/scipy.libs/libscipy_openblas-68440149.so
7034b4bd5000-7034b4c03000 rw-p 01477000 00:6a 10227621                   /home/ubuntu/.local/lib/python3.10/site-packages/scipy.libs/libscipy_openblas-68440149.so
7034b4c03000-7034b4c31000 rw-p 014a5000 00:6a 10227621                   /home/ubuntu/.local/lib/python3.10/site-packages/scipy.libs/libscipy_openblas-68440149.so
7034b4c31000-7034b4c5f000 rw-p 014d3000 00:6a 10227621                   /home/ubuntu/.local/lib/python3.10/site-packages/scipy.libs/libscipy_openblas-68440149.so
7034b4c5f000-7034b4c8d000 rw-p 01501000 00:6a 10227621                   /home/ubuntu/.local/lib/python3.10/site-packages/scipy.libs/libscipy_openblas-68440149.so
7034b4c8d000-7034b4d8d000 rw-p 00000000 00:00 0 
7034b4d8d000-7034b4d90000 r--p 00000000 00:6a 10226810                   /home/ubuntu/.local/lib/python3.10/site-packages/scipy/sparse/_sparsetools.cpython-310-x86_64-linux-gnu.so
7034b4d90000-7034b5147000 r-xp 00003000 00:6a 10226810                   /home/ubuntu/.local/lib/python3.10/site-packages/scipy/sparse/_sparsetools.cpython-310-x86_64-linux-gnu.so
7034b5147000-7034b5199000 r--p 003ba000 00:6a 10226810                   /home/ubuntu/.local/lib/python3.10/site-packages/scipy/sparse/_sparsetools.cpython-310-x86_64-linux-gnu.so
7034b5199000-7034b519a000 r--p 0040b000 00:6a 10226810                   /home/ubuntu/.local/lib/python3.10/site-packages/scipy/sparse/_sparsetools.cpython-310-x86_64-linux-gnu.so
7034b519a000-7034b519b000 rw-p 0040c000 00:6a 10226810                   /home/ubuntu/.local/lib/python3.10/site-packages/scipy/sparse/_sparsetools.cpython-310-x86_64-linux-gnu.so
7034b519b000-7034b529b000 rw-p 00000000 00:00 0 
7034b529b000-7034b52e8000 r--p 00000000 00:6a 10235024                   /home/ubuntu/.local/lib/python3.10/site-packages/tiktoken/_tiktoken.cpython-310-x86_64-linux-gnu.so
7034b52e8000-7034b5447000 r-xp 0004d000 00:6a 10235024                   /home/ubuntu/.local/lib/python3.10/site-packages/tiktoken/_tiktoken.cpython-310-x86_64-linux-gnu.so
7034b5447000-7034b54cb000 r--p 001ac000 00:6a 10235024                   /home/ubuntu/.local/lib/python3.10/site-packages/tiktoken/_tiktoken.cpython-310-x86_64-linux-gnu.so
7034b54cb000-7034b54cc000 ---p 00230000 00:6a 10235024                   /home/ubuntu/.local/lib/python3.10/site-packages/tiktoken/_tiktoken.cpython-310-x86_64-linux-gnu.so
7034b54cc000-7034b550b000 r--p 00230000 00:6a 10235024                   /home/ubuntu/.local/lib/python3.10/site-packages/tiktoken/_tiktoken.cpython-310-x86_64-linux-gnu.so
7034b550b000-7034b550c000 rw-p 0026f000 00:6a 10235024                   /home/ubuntu/.local/lib/python3.10/site-packages/tiktoken/_tiktoken.cpython-310-x86_64-linux-gnu.so
7034b550c000-7034b5a0c000 rw-p 00000000 00:00 0 
7034b5a0c000-7034b5aa3000 r--p 00000000 00:6a 10238461                   /home/ubuntu/.local/lib/python3.10/site-packages/tokenizers/tokenizers.cpython-310-x86_64-linux-gnu.so
7034b5aa3000-7034b5e4f000 r-xp 00097000 00:6a 10238461                   /home/ubuntu/.local/lib/python3.10/site-packages/tokenizers/tokenizers.cpython-310-x86_64-linux-gnu.so
7034b5e4f000-7034b5fd1000 r--p 00443000 00:6a 10238461                   /home/ubuntu/.local/lib/python3.10/site-packages/tokenizers/tokenizers.cpython-310-x86_64-linux-gnu.so
7034b5fd1000-7034b604b000 r--p 005c4000 00:6a 10238461                   /home/ubuntu/.local/lib/python3.10/site-packages/tokenizers/tokenizers.cpython-310-x86_64-linux-gnu.so
7034b604b000-7034b6052000 rw-p 0063e000 00:6a 10238461                   /home/ubuntu/.local/lib/python3.10/site-packages/tokenizers/tokenizers.cpython-310-x86_64-linux-gnu.so
7034b6052000-7034b60a7000 r--p 00000000 00:6a 10172736                   /home/ubuntu/.local/lib/python3.10/site-packages/sentencepiece/_sentencepiece.cpython-310-x86_64-linux-gnu.so
7034b60a7000-7034b61e5000 r-xp 00055000 00:6a 10172736                   /home/ubuntu/.local/lib/python3.10/site-packages/sentencepiece/_sentencepiece.cpython-310-x86_64-linux-gnu.so
7034b61e5000-7034b6235000 r--p 00193000 00:6a 10172736                   /home/ubuntu/.local/lib/python3.10/site-packages/sentencepiece/_sentencepiece.cpython-310-x86_64-linux-gnu.so
7034b6235000-7034b6238000 r--p 001e3000 00:6a 10172736                   /home/ubuntu/.local/lib/python3.10/site-packages/sentencepiece/_sentencepiece.cpython-310-x86_64-linux-gnu.so
7034b6238000-7034b623b000 rw-p 001e6000 00:6a 10172736                   /home/ubuntu/.local/lib/python3.10/site-packages/sentencepiece/_sentencepiece.cpython-310-x86_64-linux-gnu.so
7034b623b000-7034b733b000 rw-p 00000000 00:00 0 
7034b733c000-7034b733e000 r--p 00000000 00:6a 10553178                   /usr/lib/jvm/java-17-openjdk-amd64/lib/libmanagement_ext.so
7034b733e000-7034b7341000 r-xp 00002000 00:6a 10553178                   /usr/lib/jvm/java-17-openjdk-amd64/lib/libmanagement_ext.so
7034b7341000-7034b7343000 r--p 00005000 00:6a 10553178                   /usr/lib/jvm/java-17-openjdk-amd64/lib/libmanagement_ext.so
7034b7343000-7034b7344000 r--p 00006000 00:6a 10553178                   /usr/lib/jvm/java-17-openjdk-amd64/lib/libmanagement_ext.so
7034b7344000-7034b7345000 rw-p 00007000 00:6a 10553178                   /usr/lib/jvm/java-17-openjdk-amd64/lib/libmanagement_ext.so
7034b7345000-7034b7349000 r--p 00000000 00:6a 10229401                   /home/ubuntu/.local/lib/python3.10/site-packages/pandas/_libs/properties.cpython-310-x86_64-linux-gnu.so
7034b7349000-7034b7355000 r-xp 00004000 00:6a 10229401                   /home/ubuntu/.local/lib/python3.10/site-packages/pandas/_libs/properties.cpython-310-x86_64-linux-gnu.so
7034b7355000-7034b7358000 r--p 00010000 00:6a 10229401                   /home/ubuntu/.local/lib/python3.10/site-packages/pandas/_libs/properties.cpython-310-x86_64-linux-gnu.so
7034b7358000-7034b7359000 r--p 00012000 00:6a 10229401                   /home/ubuntu/.local/lib/python3.10/site-packages/pandas/_libs/properties.cpython-310-x86_64-linux-gnu.so
7034b7359000-7034b735a000 rw-p 00013000 00:6a 10229401                   /home/ubuntu/.local/lib/python3.10/site-packages/pandas/_libs/properties.cpython-310-x86_64-linux-gnu.so
7034b735a000-7034b735b000 rw-p 00000000 00:00 0 
7034b735b000-7034b7361000 r--p 00000000 00:6a 10229426                   /home/ubuntu/.local/lib/python3.10/site-packages/pandas/_libs/tslibs/nattype.cpython-310-x86_64-linux-gnu.so
7034b7361000-7034b7382000 r-xp 00006000 00:6a 10229426                   /home/ubuntu/.local/lib/python3.10/site-packages/pandas/_libs/tslibs/nattype.cpython-310-x86_64-linux-gnu.so
7034b7382000-7034b7390000 r--p 00027000 00:6a 10229426                   /home/ubuntu/.local/lib/python3.10/site-packages/pandas/_libs/tslibs/nattype.cpython-310-x86_64-linux-gnu.so
7034b7390000-7034b7392000 r--p 00034000 00:6a 10229426                   /home/ubuntu/.local/lib/python3.10/site-packages/pandas/_libs/tslibs/nattype.cpython-310-x86_64-linux-gnu.so
7034b7392000-7034b7394000 rw-p 00036000 00:6a 10229426                   /home/ubuntu/.local/lib/python3.10/site-packages/pandas/_libs/tslibs/nattype.cpython-310-x86_64-linux-gnu.so
7034b7394000-7034b7395000 rw-p 00000000 00:00 0 
7034b7395000-7034b73a0000 r--p 00000000 00:6a 10229440                   /home/ubuntu/.local/lib/python3.10/site-packages/pandas/_libs/tslibs/timestamps.cpython-310-x86_64-linux-gnu.so
7034b73a0000-7034b7407000 r-xp 0000b000 00:6a 10229440                   /home/ubuntu/.local/lib/python3.10/site-packages/pandas/_libs/tslibs/timestamps.cpython-310-x86_64-linux-gnu.so
7034b7407000-7034b7428000 r--p 00072000 00:6a 10229440                   /home/ubuntu/.local/lib/python3.10/site-packages/pandas/_libs/tslibs/timestamps.cpython-310-x86_64-linux-gnu.so
7034b7428000-7034b742b000 r--p 00092000 00:6a 10229440                   /home/ubuntu/.local/lib/python3.10/site-packages/pandas/_libs/tslibs/timestamps.cpython-310-x86_64-linux-gnu.so
7034b742b000-7034b742e000 rw-p 00095000 00:6a 10229440                   /home/ubuntu/.local/lib/python3.10/site-packages/pandas/_libs/tslibs/timestamps.cpython-310-x86_64-linux-gnu.so
7034b742e000-7034b7430000 rw-p 00000000 00:00 0 
7034b7430000-7034b7440000 r--p 00000000 00:6a 10229430                   /home/ubuntu/.local/lib/python3.10/site-packages/pandas/_libs/tslibs/offsets.cpython-310-x86_64-linux-gnu.so
7034b7440000-7034b74ff000 r-xp 00010000 00:6a 10229430                   /home/ubuntu/.local/lib/python3.10/site-packages/pandas/_libs/tslibs/offsets.cpython-310-x86_64-linux-gnu.so
7034b74ff000-7034b7524000 r--p 000cf000 00:6a 10229430                   /home/ubuntu/.local/lib/python3.10/site-packages/pandas/_libs/tslibs/offsets.cpython-310-x86_64-linux-gnu.so
7034b7524000-7034b7528000 r--p 000f3000 00:6a 10229430                   /home/ubuntu/.local/lib/python3.10/site-packages/pandas/_libs/tslibs/offsets.cpython-310-x86_64-linux-gnu.so
7034b7528000-7034b7532000 rw-p 000f7000 00:6a 10229430                   /home/ubuntu/.local/lib/python3.10/site-packages/pandas/_libs/tslibs/offsets.cpython-310-x86_64-linux-gnu.so
7034b7532000-7034b7536000 rw-p 00000000 00:00 0 
7034b7536000-7034b753d000 r--p 00000000 00:6a 10229420                   /home/ubuntu/.local/lib/python3.10/site-packages/pandas/_libs/tslibs/conversion.cpython-310-x86_64-linux-gnu.so
7034b753d000-7034b7573000 r-xp 00007000 00:6a 10229420                   /home/ubuntu/.local/lib/python3.10/site-packages/pandas/_libs/tslibs/conversion.cpython-310-x86_64-linux-gnu.so
7034b7573000-7034b757d000 r--p 0003d000 00:6a 10229420                   /home/ubuntu/.local/lib/python3.10/site-packages/pandas/_libs/tslibs/conversion.cpython-310-x86_64-linux-gnu.so
7034b757d000-7034b757f000 r--p 00046000 00:6a 10229420                   /home/ubuntu/.local/lib/python3.10/site-packages/pandas/_libs/tslibs/conversion.cpython-310-x86_64-linux-gnu.so
7034b757f000-7034b7581000 rw-p 00048000 00:6a 10229420                   /home/ubuntu/.local/lib/python3.10/site-packages/pandas/_libs/tslibs/conversion.cpython-310-x86_64-linux-gnu.so
7034b7581000-7034b7582000 rw-p 00000000 00:00 0 
7034b7582000-7034b7586000 r--p 00000000 00:6a 10229428                   /home/ubuntu/.local/lib/python3.10/site-packages/pandas/_libs/tslibs/np_datetime.cpython-310-x86_64-linux-gnu.so
7034b7586000-7034b759d000 r-xp 00004000 00:6a 10229428                   /home/ubuntu/.local/lib/python3.10/site-packages/pandas/_libs/tslibs/np_datetime.cpython-310-x86_64-linux-gnu.so
7034b759d000-7034b75a2000 r--p 0001b000 00:6a 10229428                   /home/ubuntu/.local/lib/python3.10/site-packages/pandas/_libs/tslibs/np_datetime.cpython-310-x86_64-linux-gnu.so
7034b75a2000-7034b75a3000 r--p 00020000 00:6a 10229428                   /home/ubuntu/.local/lib/python3.10/site-packages/pandas/_libs/tslibs/np_datetime.cpython-310-x86_64-linux-gnu.so
7034b75a3000-7034b75a4000 rw-p 00021000 00:6a 10229428                   /home/ubuntu/.local/lib/python3.10/site-packages/pandas/_libs/tslibs/np_datetime.cpython-310-x86_64-linux-gnu.so
7034b75a4000-7034b75a5000 rw-p 00000000 00:00 0 
7034b75a5000-7034b75a9000 r--p 00000000 00:6a 10229418                   /home/ubuntu/.local/lib/python3.10/site-packages/pandas/_libs/tslibs/ccalendar.cpython-310-x86_64-linux-gnu.so
7034b75a9000-7034b75b7000 r-xp 00004000 00:6a 10229418                   /home/ubuntu/.local/lib/python3.10/site-packages/pandas/_libs/tslibs/ccalendar.cpython-310-x86_64-linux-gnu.so
7034b75b7000-7034b75ba000 r--p 00012000 00:6a 10229418                   /home/ubuntu/.local/lib/python3.10/site-packages/pandas/_libs/tslibs/ccalendar.cpython-310-x86_64-linux-gnu.so
7034b75ba000-7034b75bb000 r--p 00015000 00:6a 10229418                   /home/ubuntu/.local/lib/python3.10/site-packages/pandas/_libs/tslibs/ccalendar.cpython-310-x86_64-linux-gnu.so
7034b75bb000-7034b75bc000 rw-p 00016000 00:6a 10229418                   /home/ubuntu/.local/lib/python3.10/site-packages/pandas/_libs/tslibs/ccalendar.cpython-310-x86_64-linux-gnu.so
7034b75bc000-7034b7dbc000 rw-p 00000000 00:00 0 
7034b7dbc000-7034b7e6e000 r--p 00000000 00:6a 25773368                   /usr/lib/x86_64-linux-gnu/libcrypto.so.3
7034b7e6e000-7034b80cd000 r-xp 000b2000 00:6a 25773368                   /usr/lib/x86_64-linux-gnu/libcrypto.so.3
7034b80cd000-7034b819f000 r--p 00311000 00:6a 25773368                   /usr/lib/x86_64-linux-gnu/libcrypto.so.3
7034b819f000-7034b81fa000 r--p 003e2000 00:6a 25773368                   /usr/lib/x86_64-linux-gnu/libcrypto.so.3
7034b81fa000-7034b81fd000 rw-p 0043d000 00:6a 25773368                   /usr/lib/x86_64-linux-gnu/libcrypto.so.3
7034b81fd000-7034bc200000 rw-p 00000000 00:00 0 
7034bc206000-7034bc20e000 rw-s 00000000 00:6a 10176877                   /tmp/hsperfdata_ubuntu/2162 (deleted)
7034bc20e000-7034bc211000 r--p 00000000 00:6a 10226101                   /home/ubuntu/.local/lib/python3.10/site-packages/scipy/integrate/_dop.cpython-310-x86_64-linux-gnu.so
7034bc211000-7034bc21f000 r-xp 00003000 00:6a 10226101                   /home/ubuntu/.local/lib/python3.10/site-packages/scipy/integrate/_dop.cpython-310-x86_64-linux-gnu.so
7034bc21f000-7034bc223000 r--p 00011000 00:6a 10226101                   /home/ubuntu/.local/lib/python3.10/site-packages/scipy/integrate/_dop.cpython-310-x86_64-linux-gnu.so
7034bc223000-7034bc224000 r--p 00014000 00:6a 10226101                   /home/ubuntu/.local/lib/python3.10/site-packages/scipy/integrate/_dop.cpython-310-x86_64-linux-gnu.so
7034bc224000-7034bc226000 rw-p 00015000 00:6a 10226101                   /home/ubuntu/.local/lib/python3.10/site-packages/scipy/integrate/_dop.cpython-310-x86_64-linux-gnu.so
7034bc226000-7034bc228000 rw-p 0001a000 00:6a 10226101                   /home/ubuntu/.local/lib/python3.10/site-packages/scipy/integrate/_dop.cpython-310-x86_64-linux-gnu.so
7034bc228000-7034bc229000 rw-p 0001c000 00:6a 10226101                   /home/ubuntu/.local/lib/python3.10/site-packages/scipy/integrate/_dop.cpython-310-x86_64-linux-gnu.so
7034bc229000-7034bc22e000 r--p 00000000 00:6a 10226308                   /home/ubuntu/.local/lib/python3.10/site-packages/scipy/optimize/_trlib/_trlib.cpython-310-x86_64-linux-gnu.so
7034bc22e000-7034bc26d000 r-xp 00005000 00:6a 10226308                   /home/ubuntu/.local/lib/python3.10/site-packages/scipy/optimize/_trlib/_trlib.cpython-310-x86_64-linux-gnu.so
7034bc26d000-7034bc277000 r--p 00044000 00:6a 10226308                   /home/ubuntu/.local/lib/python3.10/site-packages/scipy/optimize/_trlib/_trlib.cpython-310-x86_64-linux-gnu.so
7034bc277000-7034bc278000 r--p 0004d000 00:6a 10226308                   /home/ubuntu/.local/lib/python3.10/site-packages/scipy/optimize/_trlib/_trlib.cpython-310-x86_64-linux-gnu.so
7034bc278000-7034bc27a000 rw-p 0004e000 00:6a 10226308                   /home/ubuntu/.local/lib/python3.10/site-packages/scipy/optimize/_trlib/_trlib.cpython-310-x86_64-linux-gnu.so
7034bc27a000-7034bc27b000 rw-p 00000000 00:00 0 
7034bc27b000-7034bc27e000 rw-p 00059000 00:6a 10226308                   /home/ubuntu/.local/lib/python3.10/site-packages/scipy/optimize/_trlib/_trlib.cpython-310-x86_64-linux-gnu.so
7034bc27e000-7034bc280000 rw-p 0005c000 00:6a 10226308                   /home/ubuntu/.local/lib/python3.10/site-packages/scipy/optimize/_trlib/_trlib.cpython-310-x86_64-linux-gnu.so
7034bc280000-7034bc286000 r--p 00000000 00:6a 10227543                   /home/ubuntu/.local/lib/python3.10/site-packages/scipy/spatial/_distance_pybind.cpython-310-x86_64-linux-gnu.so
7034bc286000-7034bc2ec000 r-xp 00006000 00:6a 10227543                   /home/ubuntu/.local/lib/python3.10/site-packages/scipy/spatial/_distance_pybind.cpython-310-x86_64-linux-gnu.so
7034bc2ec000-7034bc2fd000 r--p 0006c000 00:6a 10227543                   /home/ubuntu/.local/lib/python3.10/site-packages/scipy/spatial/_distance_pybind.cpython-310-x86_64-linux-gnu.so
7034bc2fd000-7034bc2fe000 r--p 0007c000 00:6a 10227543                   /home/ubuntu/.local/lib/python3.10/site-packages/scipy/spatial/_distance_pybind.cpython-310-x86_64-linux-gnu.so
7034bc2fe000-7034bc2ff000 rw-p 0007d000 00:6a 10227543                   /home/ubuntu/.local/lib/python3.10/site-packages/scipy/spatial/_distance_pybind.cpython-310-x86_64-linux-gnu.so
7034bc2ff000-7034bc3ff000 rw-p 00000000 00:00 0 
7034bc3ff000-7034bc400000 ---p 00000000 00:00 0 
7034bc400000-7034bcc00000 rw-p 00000000 00:00 0 
7034bcc00000-7034bec00000 rw-p 00000000 00:00 0 
7034bec03000-7034bec05000 r--p 00000000 00:6a 10553170                   /usr/lib/jvm/java-17-openjdk-amd64/lib/libjimage.so
7034bec05000-7034bec08000 r-xp 00002000 00:6a 10553170                   /usr/lib/jvm/java-17-openjdk-amd64/lib/libjimage.so
7034bec08000-7034bec09000 r--p 00005000 00:6a 10553170                   /usr/lib/jvm/java-17-openjdk-amd64/lib/libjimage.so
7034bec09000-7034bec0a000 ---p 00006000 00:6a 10553170                   /usr/lib/jvm/java-17-openjdk-amd64/lib/libjimage.so
7034bec0a000-7034bec0b000 r--p 00006000 00:6a 10553170                   /usr/lib/jvm/java-17-openjdk-amd64/lib/libjimage.so
7034bec0b000-7034bec0c000 rw-p 00007000 00:6a 10553170                   /usr/lib/jvm/java-17-openjdk-amd64/lib/libjimage.so
7034bec0c000-7034bec0e000 r--p 00000000 00:6a 10226112                   /home/ubuntu/.local/lib/python3.10/site-packages/scipy/integrate/_quadpack.cpython-310-x86_64-linux-gnu.so
7034bec0e000-7034bec22000 r-xp 00002000 00:6a 10226112                   /home/ubuntu/.local/lib/python3.10/site-packages/scipy/integrate/_quadpack.cpython-310-x86_64-linux-gnu.so
7034bec22000-7034bec25000 r--p 00016000 00:6a 10226112                   /home/ubuntu/.local/lib/python3.10/site-packages/scipy/integrate/_quadpack.cpython-310-x86_64-linux-gnu.so
7034bec25000-7034bec26000 r--p 00018000 00:6a 10226112                   /home/ubuntu/.local/lib/python3.10/site-packages/scipy/integrate/_quadpack.cpython-310-x86_64-linux-gnu.so
7034bec26000-7034bec27000 rw-p 00019000 00:6a 10226112                   /home/ubuntu/.local/lib/python3.10/site-packages/scipy/integrate/_quadpack.cpython-310-x86_64-linux-gnu.so
7034bec27000-7034bec2f000 r--p 00000000 00:6a 10227558                   /home/ubuntu/.local/lib/python3.10/site-packages/scipy/spatial/_ckdtree.cpython-310-x86_64-linux-gnu.so
7034bec2f000-7034becd9000 r-xp 00008000 00:6a 10227558                   /home/ubuntu/.local/lib/python3.10/site-packages/scipy/spatial/_ckdtree.cpython-310-x86_64-linux-gnu.so
7034becd9000-7034becf8000 r--p 000b2000 00:6a 10227558                   /home/ubuntu/.local/lib/python3.10/site-packages/scipy/spatial/_ckdtree.cpython-310-x86_64-linux-gnu.so
7034becf8000-7034becf9000 ---p 000d1000 00:6a 10227558                   /home/ubuntu/.local/lib/python3.10/site-packages/scipy/spatial/_ckdtree.cpython-310-x86_64-linux-gnu.so
7034becf9000-7034becfa000 r--p 000d1000 00:6a 10227558                   /home/ubuntu/.local/lib/python3.10/site-packages/scipy/spatial/_ckdtree.cpython-310-x86_64-linux-gnu.so
7034becfa000-7034becfe000 rw-p 000d2000 00:6a 10227558                   /home/ubuntu/.local/lib/python3.10/site-packages/scipy/spatial/_ckdtree.cpython-310-x86_64-linux-gnu.so
7034becfe000-7034bedff000 rw-p 00000000 00:00 0 
7034bedff000-7034bee00000 ---p 00000000 00:00 0 
7034bee00000-7034bf600000 rw-p 00000000 00:00 0 
7034bf600000-7034c1600000 rw-p 00000000 00:00 0 
7034c1601000-7034c1607000 r--s 00000000 08:00 45646521                   /home/ubuntu/tbazzocchi/FRAG/MedRAG/corpus/wikipedia/index/bm25/_s.fdx
7034c1607000-7034c160c000 r--p 00000000 00:6a 10226218                   /home/ubuntu/.local/lib/python3.10/site-packages/scipy/optimize/_pava_pybind.cpython-310-x86_64-linux-gnu.so
7034c160c000-7034c1625000 r-xp 00005000 00:6a 10226218                   /home/ubuntu/.local/lib/python3.10/site-packages/scipy/optimize/_pava_pybind.cpython-310-x86_64-linux-gnu.so
7034c1625000-7034c162e000 r--p 0001e000 00:6a 10226218                   /home/ubuntu/.local/lib/python3.10/site-packages/scipy/optimize/_pava_pybind.cpython-310-x86_64-linux-gnu.so
7034c162e000-7034c162f000 r--p 00026000 00:6a 10226218                   /home/ubuntu/.local/lib/python3.10/site-packages/scipy/optimize/_pava_pybind.cpython-310-x86_64-linux-gnu.so
7034c162f000-7034c1630000 rw-p 00027000 00:6a 10226218                   /home/ubuntu/.local/lib/python3.10/site-packages/scipy/optimize/_pava_pybind.cpython-310-x86_64-linux-gnu.so
7034c1630000-7034c1635000 r--p 00000000 00:6a 10227557                   /home/ubuntu/.local/lib/python3.10/site-packages/scipy/spatial/_hausdorff.cpython-310-x86_64-linux-gnu.so
7034c1635000-7034c165c000 r-xp 00005000 00:6a 10227557                   /home/ubuntu/.local/lib/python3.10/site-packages/scipy/spatial/_hausdorff.cpython-310-x86_64-linux-gnu.so
7034c165c000-7034c1663000 r--p 0002c000 00:6a 10227557                   /home/ubuntu/.local/lib/python3.10/site-packages/scipy/spatial/_hausdorff.cpython-310-x86_64-linux-gnu.so
7034c1663000-7034c1664000 ---p 00033000 00:6a 10227557                   /home/ubuntu/.local/lib/python3.10/site-packages/scipy/spatial/_hausdorff.cpython-310-x86_64-linux-gnu.so
7034c1664000-7034c1665000 r--p 00033000 00:6a 10227557                   /home/ubuntu/.local/lib/python3.10/site-packages/scipy/spatial/_hausdorff.cpython-310-x86_64-linux-gnu.so
7034c1665000-7034c1667000 rw-p 00034000 00:6a 10227557                   /home/ubuntu/.local/lib/python3.10/site-packages/scipy/spatial/_hausdorff.cpython-310-x86_64-linux-gnu.so
7034c1667000-7034c1668000 rw-p 00000000 00:00 0 
7034c1668000-7034c166a000 r--p 00000000 00:6a 10226444                   /home/ubuntu/.local/lib/python3.10/site-packages/scipy/special/_gufuncs.cpython-310-x86_64-linux-gnu.so
7034c166a000-7034c16f0000 r-xp 00002000 00:6a 10226444                   /home/ubuntu/.local/lib/python3.10/site-packages/scipy/special/_gufuncs.cpython-310-x86_64-linux-gnu.so
7034c16f0000-7034c16fd000 r--p 00088000 00:6a 10226444                   /home/ubuntu/.local/lib/python3.10/site-packages/scipy/special/_gufuncs.cpython-310-x86_64-linux-gnu.so
7034c16fd000-7034c16fe000 r--p 00094000 00:6a 10226444                   /home/ubuntu/.local/lib/python3.10/site-packages/scipy/special/_gufuncs.cpython-310-x86_64-linux-gnu.so
7034c16fe000-7034c16ff000 rw-p 00095000 00:6a 10226444                   /home/ubuntu/.local/lib/python3.10/site-packages/scipy/special/_gufuncs.cpython-310-x86_64-linux-gnu.so
7034c16ff000-7034c17ff000 rw-p 00000000 00:00 0 
7034c17ff000-7034c1800000 ---p 00000000 00:00 0 
7034c1800000-7034c2000000 rw-p 00000000 00:00 0 
7034c2000000-7034c4000000 rw-p 00000000 00:00 0 
7034c4004000-7034c4007000 r--p 00000000 00:6a 10229417                   /home/ubuntu/.local/lib/python3.10/site-packages/pandas/_libs/tslibs/base.cpython-310-x86_64-linux-gnu.so
7034c4007000-7034c400e000 r-xp 00003000 00:6a 10229417                   /home/ubuntu/.local/lib/python3.10/site-packages/pandas/_libs/tslibs/base.cpython-310-x86_64-linux-gnu.so
7034c400e000-7034c4010000 r--p 0000a000 00:6a 10229417                   /home/ubuntu/.local/lib/python3.10/site-packages/pandas/_libs/tslibs/base.cpython-310-x86_64-linux-gnu.so
7034c4010000-7034c4011000 r--p 0000c000 00:6a 10229417                   /home/ubuntu/.local/lib/python3.10/site-packages/pandas/_libs/tslibs/base.cpython-310-x86_64-linux-gnu.so
7034c4011000-7034c4012000 rw-p 0000d000 00:6a 10229417                   /home/ubuntu/.local/lib/python3.10/site-packages/pandas/_libs/tslibs/base.cpython-310-x86_64-linux-gnu.so
7034c4012000-7034c4016000 r--p 00000000 00:6a 10226661                   /home/ubuntu/.local/lib/python3.10/site-packages/scipy/_lib/_uarray/_uarray.cpython-310-x86_64-linux-gnu.so
7034c4016000-7034c4029000 r-xp 00004000 00:6a 10226661                   /home/ubuntu/.local/lib/python3.10/site-packages/scipy/_lib/_uarray/_uarray.cpython-310-x86_64-linux-gnu.so
7034c4029000-7034c402f000 r--p 00017000 00:6a 10226661                   /home/ubuntu/.local/lib/python3.10/site-packages/scipy/_lib/_uarray/_uarray.cpython-310-x86_64-linux-gnu.so
7034c402f000-7034c4030000 r--p 0001c000 00:6a 10226661                   /home/ubuntu/.local/lib/python3.10/site-packages/scipy/_lib/_uarray/_uarray.cpython-310-x86_64-linux-gnu.so
7034c4030000-7034c4031000 rw-p 0001d000 00:6a 10226661                   /home/ubuntu/.local/lib/python3.10/site-packages/scipy/_lib/_uarray/_uarray.cpython-310-x86_64-linux-gnu.so
7034c4031000-7034c4036000 r--p 00000000 00:6a 10227550                   /home/ubuntu/.local/lib/python3.10/site-packages/scipy/spatial/_voronoi.cpython-310-x86_64-linux-gnu.so
7034c4036000-7034c405b000 r-xp 00005000 00:6a 10227550                   /home/ubuntu/.local/lib/python3.10/site-packages/scipy/spatial/_voronoi.cpython-310-x86_64-linux-gnu.so
7034c405b000-7034c4062000 r--p 0002a000 00:6a 10227550                   /home/ubuntu/.local/lib/python3.10/site-packages/scipy/spatial/_voronoi.cpython-310-x86_64-linux-gnu.so
7034c4062000-7034c4063000 ---p 00031000 00:6a 10227550                   /home/ubuntu/.local/lib/python3.10/site-packages/scipy/spatial/_voronoi.cpython-310-x86_64-linux-gnu.so
7034c4063000-7034c4064000 r--p 00031000 00:6a 10227550                   /home/ubuntu/.local/lib/python3.10/site-packages/scipy/spatial/_voronoi.cpython-310-x86_64-linux-gnu.so
7034c4064000-7034c4066000 rw-p 00032000 00:6a 10227550                   /home/ubuntu/.local/lib/python3.10/site-packages/scipy/spatial/_voronoi.cpython-310-x86_64-linux-gnu.so
7034c4066000-7034c4067000 rw-p 00000000 00:00 0 
7034c4067000-7034c406c000 r--p 00000000 00:6a 10226853                   /home/ubuntu/.local/lib/python3.10/site-packages/scipy/sparse/csgraph/_traversal.cpython-310-x86_64-linux-gnu.so
7034c406c000-7034c40ea000 r-xp 00005000 00:6a 10226853                   /home/ubuntu/.local/lib/python3.10/site-packages/scipy/sparse/csgraph/_traversal.cpython-310-x86_64-linux-gnu.so
7034c40ea000-7034c40fb000 r--p 00083000 00:6a 10226853                   /home/ubuntu/.local/lib/python3.10/site-packages/scipy/sparse/csgraph/_traversal.cpython-310-x86_64-linux-gnu.so
7034c40fb000-7034c40fc000 r--p 00093000 00:6a 10226853                   /home/ubuntu/.local/lib/python3.10/site-packages/scipy/sparse/csgraph/_traversal.cpython-310-x86_64-linux-gnu.so
7034c40fc000-7034c40fe000 rw-p 00094000 00:6a 10226853                   /home/ubuntu/.local/lib/python3.10/site-packages/scipy/sparse/csgraph/_traversal.cpython-310-x86_64-linux-gnu.so
7034c40fe000-7034c41ff000 rw-p 00000000 00:00 0 
7034c41ff000-7034c4200000 ---p 00000000 00:00 0 
7034c4200000-7034c4a00000 rw-p 00000000 00:00 0 
7034c4a00000-7034c6a00000 rw-p 00000000 00:00 0 
7034c6a00000-7034c6a01000 r--p 00000000 00:6a 10227498                   /home/ubuntu/.local/lib/python3.10/site-packages/scipy/interpolate/_fitpack.cpython-310-x86_64-linux-gnu.so
7034c6a01000-7034c6a11000 r-xp 00001000 00:6a 10227498                   /home/ubuntu/.local/lib/python3.10/site-packages/scipy/interpolate/_fitpack.cpython-310-x86_64-linux-gnu.so
7034c6a11000-7034c6a13000 r--p 00011000 00:6a 10227498                   /home/ubuntu/.local/lib/python3.10/site-packages/scipy/interpolate/_fitpack.cpython-310-x86_64-linux-gnu.so
7034c6a13000-7034c6a14000 r--p 00012000 00:6a 10227498                   /home/ubuntu/.local/lib/python3.10/site-packages/scipy/interpolate/_fitpack.cpython-310-x86_64-linux-gnu.so
7034c6a14000-7034c6a15000 rw-p 00013000 00:6a 10227498                   /home/ubuntu/.local/lib/python3.10/site-packages/scipy/interpolate/_fitpack.cpython-310-x86_64-linux-gnu.so
7034c6a15000-7034c6a16000 rw-p 00015000 00:6a 10227498                   /home/ubuntu/.local/lib/python3.10/site-packages/scipy/interpolate/_fitpack.cpython-310-x86_64-linux-gnu.so
7034c6a16000-7034c6a17000 rw-p 00016000 00:6a 10227498                   /home/ubuntu/.local/lib/python3.10/site-packages/scipy/interpolate/_fitpack.cpython-310-x86_64-linux-gnu.so
7034c6a17000-7034c6a1a000 r--p 00000000 00:6a 10226186                   /home/ubuntu/.local/lib/python3.10/site-packages/scipy/optimize/_cython_nnls.cpython-310-x86_64-linux-gnu.so
7034c6a1a000-7034c6a2c000 r-xp 00003000 00:6a 10226186                   /home/ubuntu/.local/lib/python3.10/site-packages/scipy/optimize/_cython_nnls.cpython-310-x86_64-linux-gnu.so
7034c6a2c000-7034c6a30000 r--p 00015000 00:6a 10226186                   /home/ubuntu/.local/lib/python3.10/site-packages/scipy/optimize/_cython_nnls.cpython-310-x86_64-linux-gnu.so
7034c6a30000-7034c6a31000 r--p 00018000 00:6a 10226186                   /home/ubuntu/.local/lib/python3.10/site-packages/scipy/optimize/_cython_nnls.cpython-310-x86_64-linux-gnu.so
7034c6a31000-7034c6a32000 rw-p 00019000 00:6a 10226186                   /home/ubuntu/.local/lib/python3.10/site-packages/scipy/optimize/_cython_nnls.cpython-310-x86_64-linux-gnu.so
7034c6a32000-7034c6a37000 r--p 00000000 00:6a 10226848                   /home/ubuntu/.local/lib/python3.10/site-packages/scipy/sparse/csgraph/_reordering.cpython-310-x86_64-linux-gnu.so
7034c6a37000-7034c6a6e000 r-xp 00005000 00:6a 10226848                   /home/ubuntu/.local/lib/python3.10/site-packages/scipy/sparse/csgraph/_reordering.cpython-310-x86_64-linux-gnu.so
7034c6a6e000-7034c6a78000 r--p 0003c000 00:6a 10226848                   /home/ubuntu/.local/lib/python3.10/site-packages/scipy/sparse/csgraph/_reordering.cpython-310-x86_64-linux-gnu.so
7034c6a78000-7034c6a79000 r--p 00045000 00:6a 10226848                   /home/ubuntu/.local/lib/python3.10/site-packages/scipy/sparse/csgraph/_reordering.cpython-310-x86_64-linux-gnu.so
7034c6a79000-7034c6a7b000 rw-p 00046000 00:6a 10226848                   /home/ubuntu/.local/lib/python3.10/site-packages/scipy/sparse/csgraph/_reordering.cpython-310-x86_64-linux-gnu.so
7034c6a7b000-7034c6a7c000 rw-p 00000000 00:00 0 
7034c6a7c000-7034c6a81000 r--p 00000000 00:6a 10226849                   /home/ubuntu/.local/lib/python3.10/site-packages/scipy/sparse/csgraph/_shortest_path.cpython-310-x86_64-linux-gnu.so
7034c6a81000-7034c6ae4000 r-xp 00005000 00:6a 10226849                   /home/ubuntu/.local/lib/python3.10/site-packages/scipy/sparse/csgraph/_shortest_path.cpython-310-x86_64-linux-gnu.so
7034c6ae4000-7034c6af9000 r--p 00068000 00:6a 10226849                   /home/ubuntu/.local/lib/python3.10/site-packages/scipy/sparse/csgraph/_shortest_path.cpython-310-x86_64-linux-gnu.so
7034c6af9000-7034c6afa000 ---p 0007d000 00:6a 10226849                   /home/ubuntu/.local/lib/python3.10/site-packages/scipy/sparse/csgraph/_shortest_path.cpython-310-x86_64-linux-gnu.so
7034c6afa000-7034c6afb000 r--p 0007d000 00:6a 10226849                   /home/ubuntu/.local/lib/python3.10/site-packages/scipy/sparse/csgraph/_shortest_path.cpython-310-x86_64-linux-gnu.so
7034c6afb000-7034c6afd000 rw-p 0007e000 00:6a 10226849                   /home/ubuntu/.local/lib/python3.10/site-packages/scipy/sparse/csgraph/_shortest_path.cpython-310-x86_64-linux-gnu.so
7034c6afd000-7034c6bff000 rw-p 00000000 00:00 0 
7034c6bff000-7034c6c00000 ---p 00000000 00:00 0 
7034c6c00000-7034c7400000 rw-p 00000000 00:00 0 
7034c7400000-7034c9400000 rw-p 00000000 00:00 0 
7034c9402000-7034c9405000 r--p 00000000 00:6a 10045293                   /usr/lib/python3.10/lib-dynload/termios.cpython-310-x86_64-linux-gnu.so
7034c9405000-7034c9406000 r-xp 00003000 00:6a 10045293                   /usr/lib/python3.10/lib-dynload/termios.cpython-310-x86_64-linux-gnu.so
7034c9406000-7034c9408000 r--p 00004000 00:6a 10045293                   /usr/lib/python3.10/lib-dynload/termios.cpython-310-x86_64-linux-gnu.so
7034c9408000-7034c9409000 r--p 00005000 00:6a 10045293                   /usr/lib/python3.10/lib-dynload/termios.cpython-310-x86_64-linux-gnu.so
7034c9409000-7034c940b000 rw-p 00006000 00:6a 10045293                   /usr/lib/python3.10/lib-dynload/termios.cpython-310-x86_64-linux-gnu.so
7034c940b000-7034c9410000 r--p 00000000 00:6a 10226851                   /home/ubuntu/.local/lib/python3.10/site-packages/scipy/sparse/csgraph/_matching.cpython-310-x86_64-linux-gnu.so
7034c9410000-7034c9449000 r-xp 00005000 00:6a 10226851                   /home/ubuntu/.local/lib/python3.10/site-packages/scipy/sparse/csgraph/_matching.cpython-310-x86_64-linux-gnu.so
7034c9449000-7034c9457000 r--p 0003e000 00:6a 10226851                   /home/ubuntu/.local/lib/python3.10/site-packages/scipy/sparse/csgraph/_matching.cpython-310-x86_64-linux-gnu.so
7034c9457000-7034c9458000 r--p 0004b000 00:6a 10226851                   /home/ubuntu/.local/lib/python3.10/site-packages/scipy/sparse/csgraph/_matching.cpython-310-x86_64-linux-gnu.so
7034c9458000-7034c945a000 rw-p 0004c000 00:6a 10226851                   /home/ubuntu/.local/lib/python3.10/site-packages/scipy/sparse/csgraph/_matching.cpython-310-x86_64-linux-gnu.so
7034c945a000-7034c945b000 rw-p 00000000 00:00 0 
7034c945b000-7034c9478000 r--p 00000000 00:6a 10226963                   /home/ubuntu/.local/lib/python3.10/site-packages/scipy/sparse/linalg/_propack/_zpropack.cpython-310-x86_64-linux-gnu.so
7034c9478000-7034c9497000 r-xp 0001d000 00:6a 10226963                   /home/ubuntu/.local/lib/python3.10/site-packages/scipy/sparse/linalg/_propack/_zpropack.cpython-310-x86_64-linux-gnu.so
7034c9497000-7034c94a7000 r--p 0003c000 00:6a 10226963                   /home/ubuntu/.local/lib/python3.10/site-packages/scipy/sparse/linalg/_propack/_zpropack.cpython-310-x86_64-linux-gnu.so
7034c94a7000-7034c94a8000 ---p 0004c000 00:6a 10226963                   /home/ubuntu/.local/lib/python3.10/site-packages/scipy/sparse/linalg/_propack/_zpropack.cpython-310-x86_64-linux-gnu.so
7034c94a8000-7034c94a9000 r--p 0004c000 00:6a 10226963                   /home/ubuntu/.local/lib/python3.10/site-packages/scipy/sparse/linalg/_propack/_zpropack.cpython-310-x86_64-linux-gnu.so
7034c94a9000-7034c94b1000 rw-p 0004d000 00:6a 10226963                   /home/ubuntu/.local/lib/python3.10/site-packages/scipy/sparse/linalg/_propack/_zpropack.cpython-310-x86_64-linux-gnu.so
7034c94b1000-7034c94e7000 rw-p 00000000 00:00 0 
7034c94e7000-7034c94f8000 rw-p 00071000 00:6a 10226963                   /home/ubuntu/.local/lib/python3.10/site-packages/scipy/sparse/linalg/_propack/_zpropack.cpython-310-x86_64-linux-gnu.so
7034c94f8000-7034c94ff000 rw-p 00082000 00:6a 10226963                   /home/ubuntu/.local/lib/python3.10/site-packages/scipy/sparse/linalg/_propack/_zpropack.cpython-310-x86_64-linux-gnu.so
7034c94ff000-7034c95ff000 rw-p 00000000 00:00 0 
7034c95ff000-7034c9600000 ---p 00000000 00:00 0 
7034c9600000-7034c9e00000 rw-p 00000000 00:00 0 
7034c9e00000-7034cbe00000 rw-p 00000000 00:00 0 
7034cbe02000-7034cbe03000 r-xp 00000000 00:00 0 
7034cbe03000-7034cbe04000 r--p 00000000 00:6a 10893202                   /home/ubuntu/.local/lib/python3.10/site-packages/h5py.libs/libaec-187855bc.so.0.1.3
7034cbe04000-7034cbe09000 r-xp 00001000 00:6a 10893202                   /home/ubuntu/.local/lib/python3.10/site-packages/h5py.libs/libaec-187855bc.so.0.1.3
7034cbe09000-7034cbe0a000 r--p 00006000 00:6a 10893202                   /home/ubuntu/.local/lib/python3.10/site-packages/h5py.libs/libaec-187855bc.so.0.1.3
7034cbe0a000-7034cbe0b000 r--p 00007000 00:6a 10893202                   /home/ubuntu/.local/lib/python3.10/site-packages/h5py.libs/libaec-187855bc.so.0.1.3
7034cbe0b000-7034cbe0c000 rw-p 00008000 00:6a 10893202                   /home/ubuntu/.local/lib/python3.10/site-packages/h5py.libs/libaec-187855bc.so.0.1.3
7034cbe0c000-7034cbe0d000 rw-p 00021000 00:6a 10893202                   /home/ubuntu/.local/lib/python3.10/site-packages/h5py.libs/libaec-187855bc.so.0.1.3
7034cbe0d000-7034cbe0f000 r--p 00000000 00:6a 10226217                   /home/ubuntu/.local/lib/python3.10/site-packages/scipy/optimize/_minpack.cpython-310-x86_64-linux-gnu.so
7034cbe0f000-7034cbe21000 r-xp 00002000 00:6a 10226217                   /home/ubuntu/.local/lib/python3.10/site-packages/scipy/optimize/_minpack.cpython-310-x86_64-linux-gnu.so
7034cbe21000-7034cbe23000 r--p 00014000 00:6a 10226217                   /home/ubuntu/.local/lib/python3.10/site-packages/scipy/optimize/_minpack.cpython-310-x86_64-linux-gnu.so
7034cbe23000-7034cbe24000 r--p 00015000 00:6a 10226217                   /home/ubuntu/.local/lib/python3.10/site-packages/scipy/optimize/_minpack.cpython-310-x86_64-linux-gnu.so
7034cbe24000-7034cbe25000 rw-p 00016000 00:6a 10226217                   /home/ubuntu/.local/lib/python3.10/site-packages/scipy/optimize/_minpack.cpython-310-x86_64-linux-gnu.so
7034cbe25000-7034cbe2a000 r--p 00000000 00:6a 10226844                   /home/ubuntu/.local/lib/python3.10/site-packages/scipy/sparse/csgraph/_flow.cpython-310-x86_64-linux-gnu.so
7034cbe2a000-7034cbe63000 r-xp 00005000 00:6a 10226844                   /home/ubuntu/.local/lib/python3.10/site-packages/scipy/sparse/csgraph/_flow.cpython-310-x86_64-linux-gnu.so
7034cbe63000-7034cbe6f000 r--p 0003e000 00:6a 10226844                   /home/ubuntu/.local/lib/python3.10/site-packages/scipy/sparse/csgraph/_flow.cpython-310-x86_64-linux-gnu.so
7034cbe6f000-7034cbe70000 ---p 0004a000 00:6a 10226844                   /home/ubuntu/.local/lib/python3.10/site-packages/scipy/sparse/csgraph/_flow.cpython-310-x86_64-linux-gnu.so
7034cbe70000-7034cbe71000 r--p 0004a000 00:6a 10226844                   /home/ubuntu/.local/lib/python3.10/site-packages/scipy/sparse/csgraph/_flow.cpython-310-x86_64-linux-gnu.so
7034cbe71000-7034cbe73000 rw-p 0004b000 00:6a 10226844                   /home/ubuntu/.local/lib/python3.10/site-packages/scipy/sparse/csgraph/_flow.cpython-310-x86_64-linux-gnu.so
7034cbe73000-7034cbe74000 rw-p 00000000 00:00 0 
7034cbe74000-7034cbe91000 r--p 00000000 00:6a 10226962                   /home/ubuntu/.local/lib/python3.10/site-packages/scipy/sparse/linalg/_propack/_cpropack.cpython-310-x86_64-linux-gnu.so
7034cbe91000-7034cbeb2000 r-xp 0001d000 00:6a 10226962                   /home/ubuntu/.local/lib/python3.10/site-packages/scipy/sparse/linalg/_propack/_cpropack.cpython-310-x86_64-linux-gnu.so
7034cbeb2000-7034cbec2000 r--p 0003e000 00:6a 10226962                   /home/ubuntu/.local/lib/python3.10/site-packages/scipy/sparse/linalg/_propack/_cpropack.cpython-310-x86_64-linux-gnu.so
7034cbec2000-7034cbec3000 ---p 0004e000 00:6a 10226962                   /home/ubuntu/.local/lib/python3.10/site-packages/scipy/sparse/linalg/_propack/_cpropack.cpython-310-x86_64-linux-gnu.so
7034cbec3000-7034cbec4000 r--p 0004e000 00:6a 10226962                   /home/ubuntu/.local/lib/python3.10/site-packages/scipy/sparse/linalg/_propack/_cpropack.cpython-310-x86_64-linux-gnu.so
7034cbec4000-7034cbecc000 rw-p 0004f000 00:6a 10226962                   /home/ubuntu/.local/lib/python3.10/site-packages/scipy/sparse/linalg/_propack/_cpropack.cpython-310-x86_64-linux-gnu.so
7034cbecc000-7034cbee7000 rw-p 00000000 00:00 0 
7034cbee7000-7034cbef8000 rw-p 00073000 00:6a 10226962                   /home/ubuntu/.local/lib/python3.10/site-packages/scipy/sparse/linalg/_propack/_cpropack.cpython-310-x86_64-linux-gnu.so
7034cbef8000-7034cbeff000 rw-p 00084000 00:6a 10226962                   /home/ubuntu/.local/lib/python3.10/site-packages/scipy/sparse/linalg/_propack/_cpropack.cpython-310-x86_64-linux-gnu.so
7034cbeff000-7034cbfff000 rw-p 00000000 00:00 0 
7034cbfff000-7034cc000000 ---p 00000000 00:00 0 
7034cc000000-7034cc800000 rw-p 00000000 00:00 0 
7034cc800000-7034ce800000 rw-p 00000000 00:00 0 
7034ce800000-7034ce802000 r--p 00000000 00:00 0 
7034ce802000-7034ce803000 r-xp 00000000 00:00 0 
7034ce803000-7034ce804000 r--p 00000000 00:00 0 
7034ce804000-7034ce805000 r--p 00000000 00:6a 10893205                   /home/ubuntu/.local/lib/python3.10/site-packages/h5py.libs/libsz-daeb5235.so.2.0.1
7034ce805000-7034ce806000 r-xp 00001000 00:6a 10893205                   /home/ubuntu/.local/lib/python3.10/site-packages/h5py.libs/libsz-daeb5235.so.2.0.1
7034ce806000-7034ce807000 r--p 00002000 00:6a 10893205                   /home/ubuntu/.local/lib/python3.10/site-packages/h5py.libs/libsz-daeb5235.so.2.0.1
7034ce807000-7034ce808000 r--p 00002000 00:6a 10893205                   /home/ubuntu/.local/lib/python3.10/site-packages/h5py.libs/libsz-daeb5235.so.2.0.1
7034ce808000-7034ce809000 rw-p 00003000 00:6a 10893205                   /home/ubuntu/.local/lib/python3.10/site-packages/h5py.libs/libsz-daeb5235.so.2.0.1
7034ce809000-7034ce80a000 rw-p 00008000 00:6a 10893205                   /home/ubuntu/.local/lib/python3.10/site-packages/h5py.libs/libsz-daeb5235.so.2.0.1
7034ce80a000-7034ce80b000 rw-p 00009000 00:6a 10893205                   /home/ubuntu/.local/lib/python3.10/site-packages/h5py.libs/libsz-daeb5235.so.2.0.1
7034ce80b000-7034ce80e000 r--p 00000000 00:6a 10226206                   /home/ubuntu/.local/lib/python3.10/site-packages/scipy/optimize/_moduleTNC.cpython-310-x86_64-linux-gnu.so
7034ce80e000-7034ce827000 r-xp 00003000 00:6a 10226206                   /home/ubuntu/.local/lib/python3.10/site-packages/scipy/optimize/_moduleTNC.cpython-310-x86_64-linux-gnu.so
7034ce827000-7034ce82b000 r--p 0001c000 00:6a 10226206                   /home/ubuntu/.local/lib/python3.10/site-packages/scipy/optimize/_moduleTNC.cpython-310-x86_64-linux-gnu.so
7034ce82b000-7034ce82c000 r--p 0001f000 00:6a 10226206                   /home/ubuntu/.local/lib/python3.10/site-packages/scipy/optimize/_moduleTNC.cpython-310-x86_64-linux-gnu.so
7034ce82c000-7034ce82d000 rw-p 00020000 00:6a 10226206                   /home/ubuntu/.local/lib/python3.10/site-packages/scipy/optimize/_moduleTNC.cpython-310-x86_64-linux-gnu.so
7034ce82d000-7034ce84a000 r--p 00000000 00:6a 10226961                   /home/ubuntu/.local/lib/python3.10/site-packages/scipy/sparse/linalg/_propack/_dpropack.cpython-310-x86_64-linux-gnu.so
7034ce84a000-7034ce865000 r-xp 0001d000 00:6a 10226961                   /home/ubuntu/.local/lib/python3.10/site-packages/scipy/sparse/linalg/_propack/_dpropack.cpython-310-x86_64-linux-gnu.so
7034ce865000-7034ce875000 r--p 00038000 00:6a 10226961                   /home/ubuntu/.local/lib/python3.10/site-packages/scipy/sparse/linalg/_propack/_dpropack.cpython-310-x86_64-linux-gnu.so
7034ce875000-7034ce876000 r--p 00047000 00:6a 10226961                   /home/ubuntu/.local/lib/python3.10/site-packages/scipy/sparse/linalg/_propack/_dpropack.cpython-310-x86_64-linux-gnu.so
7034ce876000-7034ce87e000 rw-p 00048000 00:6a 10226961                   /home/ubuntu/.local/lib/python3.10/site-packages/scipy/sparse/linalg/_propack/_dpropack.cpython-310-x86_64-linux-gnu.so
7034ce87e000-7034ce88f000 rw-p 0006b000 00:6a 10226961                   /home/ubuntu/.local/lib/python3.10/site-packages/scipy/sparse/linalg/_propack/_dpropack.cpython-310-x86_64-linux-gnu.so
7034ce88f000-7034ce896000 rw-p 0007c000 00:6a 10226961                   /home/ubuntu/.local/lib/python3.10/site-packages/scipy/sparse/linalg/_propack/_dpropack.cpython-310-x86_64-linux-gnu.so
7034ce896000-7034ce8b3000 r--p 00000000 00:6a 10226964                   /home/ubuntu/.local/lib/python3.10/site-packages/scipy/sparse/linalg/_propack/_spropack.cpython-310-x86_64-linux-gnu.so
7034ce8b3000-7034ce8ce000 r-xp 0001d000 00:6a 10226964                   /home/ubuntu/.local/lib/python3.10/site-packages/scipy/sparse/linalg/_propack/_spropack.cpython-310-x86_64-linux-gnu.so
7034ce8ce000-7034ce8de000 r--p 00038000 00:6a 10226964                   /home/ubuntu/.local/lib/python3.10/site-packages/scipy/sparse/linalg/_propack/_spropack.cpython-310-x86_64-linux-gnu.so
7034ce8de000-7034ce8df000 r--p 00047000 00:6a 10226964                   /home/ubuntu/.local/lib/python3.10/site-packages/scipy/sparse/linalg/_propack/_spropack.cpython-310-x86_64-linux-gnu.so
7034ce8df000-7034ce8e7000 rw-p 00048000 00:6a 10226964                   /home/ubuntu/.local/lib/python3.10/site-packages/scipy/sparse/linalg/_propack/_spropack.cpython-310-x86_64-linux-gnu.so
7034ce8e7000-7034ce8f8000 rw-p 0006b000 00:6a 10226964                   /home/ubuntu/.local/lib/python3.10/site-packages/scipy/sparse/linalg/_propack/_spropack.cpython-310-x86_64-linux-gnu.so
7034ce8f8000-7034ce8ff000 rw-p 0007c000 00:6a 10226964                   /home/ubuntu/.local/lib/python3.10/site-packages/scipy/sparse/linalg/_propack/_spropack.cpython-310-x86_64-linux-gnu.so
7034ce8ff000-7034ce9ff000 rw-p 00000000 00:00 0 
7034ce9ff000-7034cea00000 ---p 00000000 00:00 0 
7034cea00000-7034cf200000 rw-p 00000000 00:00 0 
7034cf200000-7034d1200000 rw-p 00000000 00:00 0 
7034d1200000-7034d1204000 r-xp 00000000 00:00 0 
7034d1204000-7034d1209000 r--p 00000000 00:6a 10226451                   /home/ubuntu/.local/lib/python3.10/site-packages/scipy/special/_specfun.cpython-310-x86_64-linux-gnu.so
7034d1209000-7034d123c000 r-xp 00005000 00:6a 10226451                   /home/ubuntu/.local/lib/python3.10/site-packages/scipy/special/_specfun.cpython-310-x86_64-linux-gnu.so
7034d123c000-7034d1243000 r--p 00038000 00:6a 10226451                   /home/ubuntu/.local/lib/python3.10/site-packages/scipy/special/_specfun.cpython-310-x86_64-linux-gnu.so
7034d1243000-7034d1244000 r--p 0003e000 00:6a 10226451                   /home/ubuntu/.local/lib/python3.10/site-packages/scipy/special/_specfun.cpython-310-x86_64-linux-gnu.so
7034d1244000-7034d1246000 rw-p 0003f000 00:6a 10226451                   /home/ubuntu/.local/lib/python3.10/site-packages/scipy/special/_specfun.cpython-310-x86_64-linux-gnu.so
7034d1246000-7034d1264000 r--p 00000000 00:6a 10226926                   /home/ubuntu/.local/lib/python3.10/site-packages/scipy/sparse/linalg/_eigen/arpack/_arpack.cpython-310-x86_64-linux-gnu.so
7034d1264000-7034d12bb000 r-xp 0001e000 00:6a 10226926                   /home/ubuntu/.local/lib/python3.10/site-packages/scipy/sparse/linalg/_eigen/arpack/_arpack.cpython-310-x86_64-linux-gnu.so
7034d12bb000-7034d12d7000 r--p 00075000 00:6a 10226926                   /home/ubuntu/.local/lib/python3.10/site-packages/scipy/sparse/linalg/_eigen/arpack/_arpack.cpython-310-x86_64-linux-gnu.so
7034d12d7000-7034d12d8000 r--p 00090000 00:6a 10226926                   /home/ubuntu/.local/lib/python3.10/site-packages/scipy/sparse/linalg/_eigen/arpack/_arpack.cpython-310-x86_64-linux-gnu.so
7034d12d8000-7034d12e6000 rw-p 00091000 00:6a 10226926                   /home/ubuntu/.local/lib/python3.10/site-packages/scipy/sparse/linalg/_eigen/arpack/_arpack.cpython-310-x86_64-linux-gnu.so
7034d12e6000-7034d12e7000 rw-p 00000000 00:00 0 
7034d12e7000-7034d12f8000 rw-p 000bf000 00:6a 10226926                   /home/ubuntu/.local/lib/python3.10/site-packages/scipy/sparse/linalg/_eigen/arpack/_arpack.cpython-310-x86_64-linux-gnu.so
7034d12f8000-7034d12ff000 rw-p 000d0000 00:6a 10226926                   /home/ubuntu/.local/lib/python3.10/site-packages/scipy/sparse/linalg/_eigen/arpack/_arpack.cpython-310-x86_64-linux-gnu.so
7034d12ff000-7034d13ff000 rw-p 00000000 00:00 0 
7034d13ff000-7034d1400000 ---p 00000000 00:00 0 
7034d1400000-7034d1c00000 rw-p 00000000 00:00 0 
7034d1c00000-7034d3c00000 rw-p 00000000 00:00 0 
7034d3c00000-7034d3c01000 r-xp 00000000 00:00 0 
7034d3c01000-7034d3c02000 r--p 00000000 00:00 0 
7034d3c02000-7034d3c03000 r--s 00000000 08:00 45646499                   /home/ubuntu/tbazzocchi/FRAG/MedRAG/corpus/wikipedia/index/bm25/_a.fdx
7034d3c03000-7034d3c05000 r--p 00000000 00:6a 10226204                   /home/ubuntu/.local/lib/python3.10/site-packages/scipy/optimize/_cobyla.cpython-310-x86_64-linux-gnu.so
7034d3c05000-7034d3c13000 r-xp 00002000 00:6a 10226204                   /home/ubuntu/.local/lib/python3.10/site-packages/scipy/optimize/_cobyla.cpython-310-x86_64-linux-gnu.so
7034d3c13000-7034d3c16000 r--p 00010000 00:6a 10226204                   /home/ubuntu/.local/lib/python3.10/site-packages/scipy/optimize/_cobyla.cpython-310-x86_64-linux-gnu.so
7034d3c16000-7034d3c17000 r--p 00012000 00:6a 10226204                   /home/ubuntu/.local/lib/python3.10/site-packages/scipy/optimize/_cobyla.cpython-310-x86_64-linux-gnu.so
7034d3c17000-7034d3c18000 rw-p 00013000 00:6a 10226204                   /home/ubuntu/.local/lib/python3.10/site-packages/scipy/optimize/_cobyla.cpython-310-x86_64-linux-gnu.so
7034d3c18000-7034d3c19000 rw-p 00017000 00:6a 10226204                   /home/ubuntu/.local/lib/python3.10/site-packages/scipy/optimize/_cobyla.cpython-310-x86_64-linux-gnu.so
7034d3c19000-7034d3c1a000 rw-p 00019000 00:6a 10226204                   /home/ubuntu/.local/lib/python3.10/site-packages/scipy/optimize/_cobyla.cpython-310-x86_64-linux-gnu.so
7034d3c1a000-7034d3c1f000 r--p 00000000 00:6a 10226846                   /home/ubuntu/.local/lib/python3.10/site-packages/scipy/sparse/csgraph/_min_spanning_tree.cpython-310-x86_64-linux-gnu.so
7034d3c1f000-7034d3c49000 r-xp 00005000 00:6a 10226846                   /home/ubuntu/.local/lib/python3.10/site-packages/scipy/sparse/csgraph/_min_spanning_tree.cpython-310-x86_64-linux-gnu.so
7034d3c49000-7034d3c52000 r--p 0002f000 00:6a 10226846                   /home/ubuntu/.local/lib/python3.10/site-packages/scipy/sparse/csgraph/_min_spanning_tree.cpython-310-x86_64-linux-gnu.so
7034d3c52000-7034d3c53000 r--p 00037000 00:6a 10226846                   /home/ubuntu/.local/lib/python3.10/site-packages/scipy/sparse/csgraph/_min_spanning_tree.cpython-310-x86_64-linux-gnu.so
7034d3c53000-7034d3c55000 rw-p 00038000 00:6a 10226846                   /home/ubuntu/.local/lib/python3.10/site-packages/scipy/sparse/csgraph/_min_spanning_tree.cpython-310-x86_64-linux-gnu.so
7034d3c55000-7034d3c56000 rw-p 00000000 00:00 0 
7034d3c56000-7034d3c72000 r--p 00000000 00:6a 10226934                   /home/ubuntu/.local/lib/python3.10/site-packages/scipy/sparse/linalg/_dsolve/_superlu.cpython-310-x86_64-linux-gnu.so
7034d3c72000-7034d3ccb000 r-xp 0001c000 00:6a 10226934                   /home/ubuntu/.local/lib/python3.10/site-packages/scipy/sparse/linalg/_dsolve/_superlu.cpython-310-x86_64-linux-gnu.so
7034d3ccb000-7034d3ce1000 r--p 00075000 00:6a 10226934                   /home/ubuntu/.local/lib/python3.10/site-packages/scipy/sparse/linalg/_dsolve/_superlu.cpython-310-x86_64-linux-gnu.so
7034d3ce1000-7034d3ce2000 r--p 0008a000 00:6a 10226934                   /home/ubuntu/.local/lib/python3.10/site-packages/scipy/sparse/linalg/_dsolve/_superlu.cpython-310-x86_64-linux-gnu.so
7034d3ce2000-7034d3ce7000 rw-p 0008b000 00:6a 10226934                   /home/ubuntu/.local/lib/python3.10/site-packages/scipy/sparse/linalg/_dsolve/_superlu.cpython-310-x86_64-linux-gnu.so
7034d3ce7000-7034d3cf8000 rw-p 000af000 00:6a 10226934                   /home/ubuntu/.local/lib/python3.10/site-packages/scipy/sparse/linalg/_dsolve/_superlu.cpython-310-x86_64-linux-gnu.so
7034d3cf8000-7034d3cff000 rw-p 000c0000 00:6a 10226934                   /home/ubuntu/.local/lib/python3.10/site-packages/scipy/sparse/linalg/_dsolve/_superlu.cpython-310-x86_64-linux-gnu.so
7034d3cff000-7034d3dff000 rw-p 00000000 00:00 0 
7034d3dff000-7034d3e00000 ---p 00000000 00:00 0 
7034d3e00000-7034d4600000 rw-p 00000000 00:00 0 
7034d4600000-7034d6600000 rw-p 00000000 00:00 0 
7034d6600000-7034d6601000 r--s 00000000 08:00 45646512                   /home/ubuntu/tbazzocchi/FRAG/MedRAG/corpus/wikipedia/index/bm25/_6.fdx
7034d6601000-7034d6603000 r--p 00000000 00:6a 10226156                   /home/ubuntu/.local/lib/python3.10/site-packages/scipy/optimize/_slsqp.cpython-310-x86_64-linux-gnu.so
7034d6603000-7034d6610000 r-xp 00002000 00:6a 10226156                   /home/ubuntu/.local/lib/python3.10/site-packages/scipy/optimize/_slsqp.cpython-310-x86_64-linux-gnu.so
7034d6610000-7034d6613000 r--p 0000f000 00:6a 10226156                   /home/ubuntu/.local/lib/python3.10/site-packages/scipy/optimize/_slsqp.cpython-310-x86_64-linux-gnu.so
7034d6613000-7034d6614000 r--p 00011000 00:6a 10226156                   /home/ubuntu/.local/lib/python3.10/site-packages/scipy/optimize/_slsqp.cpython-310-x86_64-linux-gnu.so
7034d6614000-7034d6615000 rw-p 00012000 00:6a 10226156                   /home/ubuntu/.local/lib/python3.10/site-packages/scipy/optimize/_slsqp.cpython-310-x86_64-linux-gnu.so
7034d6615000-7034d6618000 r--p 00000000 00:6a 10226847                   /home/ubuntu/.local/lib/python3.10/site-packages/scipy/sparse/csgraph/_tools.cpython-310-x86_64-linux-gnu.so
7034d6618000-7034d6639000 r-xp 00003000 00:6a 10226847                   /home/ubuntu/.local/lib/python3.10/site-packages/scipy/sparse/csgraph/_tools.cpython-310-x86_64-linux-gnu.so
7034d6639000-7034d6643000 r--p 00024000 00:6a 10226847                   /home/ubuntu/.local/lib/python3.10/site-packages/scipy/sparse/csgraph/_tools.cpython-310-x86_64-linux-gnu.so
7034d6643000-7034d6644000 r--p 0002d000 00:6a 10226847                   /home/ubuntu/.local/lib/python3.10/site-packages/scipy/sparse/csgraph/_tools.cpython-310-x86_64-linux-gnu.so
7034d6644000-7034d6645000 rw-p 0002e000 00:6a 10226847                   /home/ubuntu/.local/lib/python3.10/site-packages/scipy/sparse/csgraph/_tools.cpython-310-x86_64-linux-gnu.so
7034d6645000-7034d6646000 rw-p 00000000 00:00 0 
7034d6646000-7034d664a000 r--p 00000000 00:6a 10226393                   /home/ubuntu/.local/lib/python3.10/site-packages/scipy/linalg/_decomp_update.cpython-310-x86_64-linux-gnu.so
7034d664a000-7034d6688000 r-xp 00004000 00:6a 10226393                   /home/ubuntu/.local/lib/python3.10/site-packages/scipy/linalg/_decomp_update.cpython-310-x86_64-linux-gnu.so
7034d6688000-7034d6698000 r--p 00042000 00:6a 10226393                   /home/ubuntu/.local/lib/python3.10/site-packages/scipy/linalg/_decomp_update.cpython-310-x86_64-linux-gnu.so
7034d6698000-7034d6699000 r--p 00051000 00:6a 10226393                   /home/ubuntu/.local/lib/python3.10/site-packages/scipy/linalg/_decomp_update.cpython-310-x86_64-linux-gnu.so
7034d6699000-7034d669a000 rw-p 00052000 00:6a 10226393                   /home/ubuntu/.local/lib/python3.10/site-packages/scipy/linalg/_decomp_update.cpython-310-x86_64-linux-gnu.so
7034d669a000-7034d669b000 rw-p 00000000 00:00 0 
7034d669b000-7034d66b6000 r--p 00000000 00:6a 10226363                   /home/ubuntu/.local/lib/python3.10/site-packages/scipy/linalg/_matfuncs_expm.cpython-310-x86_64-linux-gnu.so
7034d66b6000-7034d66d6000 r-xp 0001b000 00:6a 10226363                   /home/ubuntu/.local/lib/python3.10/site-packages/scipy/linalg/_matfuncs_expm.cpython-310-x86_64-linux-gnu.so
7034d66d6000-7034d66e4000 r--p 0003b000 00:6a 10226363                   /home/ubuntu/.local/lib/python3.10/site-packages/scipy/linalg/_matfuncs_expm.cpython-310-x86_64-linux-gnu.so
7034d66e4000-7034d66e5000 r--p 00048000 00:6a 10226363                   /home/ubuntu/.local/lib/python3.10/site-packages/scipy/linalg/_matfuncs_expm.cpython-310-x86_64-linux-gnu.so
7034d66e5000-7034d66e9000 rw-p 00049000 00:6a 10226363                   /home/ubuntu/.local/lib/python3.10/site-packages/scipy/linalg/_matfuncs_expm.cpython-310-x86_64-linux-gnu.so
7034d66e9000-7034d66f9000 rw-p 00067000 00:6a 10226363                   /home/ubuntu/.local/lib/python3.10/site-packages/scipy/linalg/_matfuncs_expm.cpython-310-x86_64-linux-gnu.so
7034d66f9000-7034d66ff000 rw-p 00077000 00:6a 10226363                   /home/ubuntu/.local/lib/python3.10/site-packages/scipy/linalg/_matfuncs_expm.cpython-310-x86_64-linux-gnu.so
7034d66ff000-7034d67ff000 rw-p 00000000 00:00 0 
7034d67ff000-7034d6800000 ---p 00000000 00:00 0 
7034d6800000-7034d7000000 rw-p 00000000 00:00 0 
7034d7000000-7034d9000000 rw-p 00000000 00:00 0 
7034d9000000-7034d9002000 r--p 00000000 00:6a 10553176                   /usr/lib/jvm/java-17-openjdk-amd64/lib/libmanagement.so
7034d9002000-7034d9003000 r-xp 00002000 00:6a 10553176                   /usr/lib/jvm/java-17-openjdk-amd64/lib/libmanagement.so
7034d9003000-7034d9004000 r--p 00003000 00:6a 10553176                   /usr/lib/jvm/java-17-openjdk-amd64/lib/libmanagement.so
7034d9004000-7034d9005000 r--p 00003000 00:6a 10553176                   /usr/lib/jvm/java-17-openjdk-amd64/lib/libmanagement.so
7034d9005000-7034d9006000 rw-p 00004000 00:6a 10553176                   /usr/lib/jvm/java-17-openjdk-amd64/lib/libmanagement.so
7034d9006000-7034d900d000 r--p 00000000 00:6a 10226373                   /home/ubuntu/.local/lib/python3.10/site-packages/scipy/linalg/cython_blas.cpython-310-x86_64-linux-gnu.so
7034d900d000-7034d9039000 r-xp 00007000 00:6a 10226373                   /home/ubuntu/.local/lib/python3.10/site-packages/scipy/linalg/cython_blas.cpython-310-x86_64-linux-gnu.so
7034d9039000-7034d9047000 r--p 00033000 00:6a 10226373                   /home/ubuntu/.local/lib/python3.10/site-packages/scipy/linalg/cython_blas.cpython-310-x86_64-linux-gnu.so
7034d9047000-7034d9048000 ---p 00041000 00:6a 10226373                   /home/ubuntu/.local/lib/python3.10/site-packages/scipy/linalg/cython_blas.cpython-310-x86_64-linux-gnu.so
7034d9048000-7034d9049000 r--p 00041000 00:6a 10226373                   /home/ubuntu/.local/lib/python3.10/site-packages/scipy/linalg/cython_blas.cpython-310-x86_64-linux-gnu.so
7034d9049000-7034d904b000 rw-p 00042000 00:6a 10226373                   /home/ubuntu/.local/lib/python3.10/site-packages/scipy/linalg/cython_blas.cpython-310-x86_64-linux-gnu.so
7034d904b000-7034d904c000 rw-p 00000000 00:00 0 
7034d904c000-7034d9050000 rw-p 00051000 00:6a 10226373                   /home/ubuntu/.local/lib/python3.10/site-packages/scipy/linalg/cython_blas.cpython-310-x86_64-linux-gnu.so
7034d9050000-7034d9052000 rw-p 00055000 00:6a 10226373                   /home/ubuntu/.local/lib/python3.10/site-packages/scipy/linalg/cython_blas.cpython-310-x86_64-linux-gnu.so
7034d9052000-7034d906c000 r--p 00000000 00:6a 10226353                   /home/ubuntu/.local/lib/python3.10/site-packages/scipy/linalg/cython_lapack.cpython-310-x86_64-linux-gnu.so
7034d906c000-7034d908b000 r-xp 0001a000 00:6a 10226353                   /home/ubuntu/.local/lib/python3.10/site-packages/scipy/linalg/cython_lapack.cpython-310-x86_64-linux-gnu.so
7034d908b000-7034d90e3000 r--p 00039000 00:6a 10226353                   /home/ubuntu/.local/lib/python3.10/site-packages/scipy/linalg/cython_lapack.cpython-310-x86_64-linux-gnu.so
7034d90e3000-7034d90e4000 ---p 00091000 00:6a 10226353                   /home/ubuntu/.local/lib/python3.10/site-packages/scipy/linalg/cython_lapack.cpython-310-x86_64-linux-gnu.so
7034d90e4000-7034d90e5000 r--p 00091000 00:6a 10226353                   /home/ubuntu/.local/lib/python3.10/site-packages/scipy/linalg/cython_lapack.cpython-310-x86_64-linux-gnu.so
7034d90e5000-7034d90e9000 rw-p 00092000 00:6a 10226353                   /home/ubuntu/.local/lib/python3.10/site-packages/scipy/linalg/cython_lapack.cpython-310-x86_64-linux-gnu.so
7034d90e9000-7034d90f9000 rw-p 000c1000 00:6a 10226353                   /home/ubuntu/.local/lib/python3.10/site-packages/scipy/linalg/cython_lapack.cpython-310-x86_64-linux-gnu.so
7034d90f9000-7034d90ff000 rw-p 000d1000 00:6a 10226353                   /home/ubuntu/.local/lib/python3.10/site-packages/scipy/linalg/cython_lapack.cpython-310-x86_64-linux-gnu.so
7034d90ff000-7034d91ff000 rw-p 00000000 00:00 0 
7034d91ff000-7034d9200000 ---p 00000000 00:00 0 
7034d9200000-7034d9a00000 rw-p 00000000 00:00 0 
7034d9a00000-7034dba00000 rw-p 00000000 00:00 0 
7034dba00000-7034dba02000 r--p 00000000 00:6a 10045286                   /usr/lib/python3.10/lib-dynload/_zoneinfo.cpython-310-x86_64-linux-gnu.so
7034dba02000-7034dba08000 r-xp 00002000 00:6a 10045286                   /usr/lib/python3.10/lib-dynload/_zoneinfo.cpython-310-x86_64-linux-gnu.so
7034dba08000-7034dba0a000 r--p 00008000 00:6a 10045286                   /usr/lib/python3.10/lib-dynload/_zoneinfo.cpython-310-x86_64-linux-gnu.so
7034dba0a000-7034dba0b000 r--p 00009000 00:6a 10045286                   /usr/lib/python3.10/lib-dynload/_zoneinfo.cpython-310-x86_64-linux-gnu.so
7034dba0b000-7034dba0c000 rw-p 0000a000 00:6a 10045286                   /usr/lib/python3.10/lib-dynload/_zoneinfo.cpython-310-x86_64-linux-gnu.so
7034dba0c000-7034dba0f000 r--p 00000000 00:6a 10226192                   /home/ubuntu/.local/lib/python3.10/site-packages/scipy/optimize/_group_columns.cpython-310-x86_64-linux-gnu.so
7034dba0f000-7034dba1c000 r-xp 00003000 00:6a 10226192                   /home/ubuntu/.local/lib/python3.10/site-packages/scipy/optimize/_group_columns.cpython-310-x86_64-linux-gnu.so
7034dba1c000-7034dba1f000 r--p 00010000 00:6a 10226192                   /home/ubuntu/.local/lib/python3.10/site-packages/scipy/optimize/_group_columns.cpython-310-x86_64-linux-gnu.so
7034dba1f000-7034dba20000 r--p 00012000 00:6a 10226192                   /home/ubuntu/.local/lib/python3.10/site-packages/scipy/optimize/_group_columns.cpython-310-x86_64-linux-gnu.so
7034dba20000-7034dba21000 rw-p 00013000 00:6a 10226192                   /home/ubuntu/.local/lib/python3.10/site-packages/scipy/optimize/_group_columns.cpython-310-x86_64-linux-gnu.so
7034dba21000-7034dba48000 r--p 00000000 00:6a 10226386                   /home/ubuntu/.local/lib/python3.10/site-packages/scipy/linalg/_fblas.cpython-310-x86_64-linux-gnu.so
7034dba48000-7034dba90000 r-xp 00027000 00:6a 10226386                   /home/ubuntu/.local/lib/python3.10/site-packages/scipy/linalg/_fblas.cpython-310-x86_64-linux-gnu.so
7034dba90000-7034dbabd000 r--p 0006f000 00:6a 10226386                   /home/ubuntu/.local/lib/python3.10/site-packages/scipy/linalg/_fblas.cpython-310-x86_64-linux-gnu.so
7034dbabd000-7034dbabe000 r--p 0009b000 00:6a 10226386                   /home/ubuntu/.local/lib/python3.10/site-packages/scipy/linalg/_fblas.cpython-310-x86_64-linux-gnu.so
7034dbabe000-7034dbae7000 rw-p 0009c000 00:6a 10226386                   /home/ubuntu/.local/lib/python3.10/site-packages/scipy/linalg/_fblas.cpython-310-x86_64-linux-gnu.so
7034dbae7000-7034dbaf8000 rw-p 000e5000 00:6a 10226386                   /home/ubuntu/.local/lib/python3.10/site-packages/scipy/linalg/_fblas.cpython-310-x86_64-linux-gnu.so
7034dbaf8000-7034dbaff000 rw-p 000f6000 00:6a 10226386                   /home/ubuntu/.local/lib/python3.10/site-packages/scipy/linalg/_fblas.cpython-310-x86_64-linux-gnu.so
7034dbaff000-7034dbbff000 rw-p 00000000 00:00 0 
7034dbbff000-7034dbc00000 ---p 00000000 00:00 0 
7034dbc00000-7034dc400000 rw-p 00000000 00:00 0 
7034dc400000-7034e0400000 rw-p 00000000 00:00 0 
7034e0400000-7034e0402000 r--p 00000000 00:6a 10236007                   /home/ubuntu/.local/lib/python3.10/site-packages/sklearn/utils/_sorting.cpython-310-x86_64-linux-gnu.so
7034e0402000-7034e0404000 r-xp 00002000 00:6a 10236007                   /home/ubuntu/.local/lib/python3.10/site-packages/sklearn/utils/_sorting.cpython-310-x86_64-linux-gnu.so
7034e0404000-7034e0405000 r--p 00004000 00:6a 10236007                   /home/ubuntu/.local/lib/python3.10/site-packages/sklearn/utils/_sorting.cpython-310-x86_64-linux-gnu.so
7034e0405000-7034e0406000 r--p 00004000 00:6a 10236007                   /home/ubuntu/.local/lib/python3.10/site-packages/sklearn/utils/_sorting.cpython-310-x86_64-linux-gnu.so
7034e0406000-7034e0407000 rw-p 00005000 00:6a 10236007                   /home/ubuntu/.local/lib/python3.10/site-packages/sklearn/utils/_sorting.cpython-310-x86_64-linux-gnu.so
7034e0407000-7034e0408000 r--p 00000000 00:6a 10229397                   /home/ubuntu/.local/lib/python3.10/site-packages/pandas/_libs/pandas_datetime.cpython-310-x86_64-linux-gnu.so
7034e0408000-7034e040e000 r-xp 00001000 00:6a 10229397                   /home/ubuntu/.local/lib/python3.10/site-packages/pandas/_libs/pandas_datetime.cpython-310-x86_64-linux-gnu.so
7034e040e000-7034e040f000 r--p 00007000 00:6a 10229397                   /home/ubuntu/.local/lib/python3.10/site-packages/pandas/_libs/pandas_datetime.cpython-310-x86_64-linux-gnu.so
7034e040f000-7034e0410000 r--p 00008000 00:6a 10229397                   /home/ubuntu/.local/lib/python3.10/site-packages/pandas/_libs/pandas_datetime.cpython-310-x86_64-linux-gnu.so
7034e0410000-7034e0411000 rw-p 00009000 00:6a 10229397                   /home/ubuntu/.local/lib/python3.10/site-packages/pandas/_libs/pandas_datetime.cpython-310-x86_64-linux-gnu.so
7034e0411000-7034e0413000 r--p 00000000 00:6a 10227561                   /home/ubuntu/.local/lib/python3.10/site-packages/scipy/spatial/_distance_wrap.cpython-310-x86_64-linux-gnu.so
7034e0413000-7034e0427000 r-xp 00002000 00:6a 10227561                   /home/ubuntu/.local/lib/python3.10/site-packages/scipy/spatial/_distance_wrap.cpython-310-x86_64-linux-gnu.so
7034e0427000-7034e0429000 r--p 00016000 00:6a 10227561                   /home/ubuntu/.local/lib/python3.10/site-packages/scipy/spatial/_distance_wrap.cpython-310-x86_64-linux-gnu.so
7034e0429000-7034e042a000 ---p 00018000 00:6a 10227561                   /home/ubuntu/.local/lib/python3.10/site-packages/scipy/spatial/_distance_wrap.cpython-310-x86_64-linux-gnu.so
7034e042a000-7034e042b000 r--p 00018000 00:6a 10227561                   /home/ubuntu/.local/lib/python3.10/site-packages/scipy/spatial/_distance_wrap.cpython-310-x86_64-linux-gnu.so
7034e042b000-7034e042c000 rw-p 00019000 00:6a 10227561                   /home/ubuntu/.local/lib/python3.10/site-packages/scipy/spatial/_distance_wrap.cpython-310-x86_64-linux-gnu.so
7034e042c000-7034e043c000 r--p 00000000 00:6a 10172787                   /home/ubuntu/.local/lib/python3.10/site-packages/regex/_regex.cpython-310-x86_64-linux-gnu.so
7034e043c000-7034e0476000 r-xp 00010000 00:6a 10172787                   /home/ubuntu/.local/lib/python3.10/site-packages/regex/_regex.cpython-310-x86_64-linux-gnu.so
7034e0476000-7034e04f5000 r--p 0004a000 00:6a 10172787                   /home/ubuntu/.local/lib/python3.10/site-packages/regex/_regex.cpython-310-x86_64-linux-gnu.so
7034e04f5000-7034e04f6000 r--p 000c8000 00:6a 10172787                   /home/ubuntu/.local/lib/python3.10/site-packages/regex/_regex.cpython-310-x86_64-linux-gnu.so
7034e04f6000-7034e04ff000 rw-p 000c9000 00:6a 10172787                   /home/ubuntu/.local/lib/python3.10/site-packages/regex/_regex.cpython-310-x86_64-linux-gnu.so
7034e04ff000-7034e05ff000 rw-p 00000000 00:00 0 
7034e05ff000-7034e0600000 ---p 00000000 00:00 0 
7034e0600000-7034e0e00000 rw-p 00000000 00:00 0 
7034e0e00000-7034e6e00000 rw-p 00000000 00:00 0 
7034e6e00000-7034e6e01000 r--s 00000000 08:00 45646534                   /home/ubuntu/tbazzocchi/FRAG/MedRAG/corpus/wikipedia/index/bm25/_8.fdx
7034e6e01000-7034e6e04000 r--p 00000000 00:6a 10227390                   /home/ubuntu/.local/lib/python3.10/site-packages/scipy/stats/_levy_stable/levyst.cpython-310-x86_64-linux-gnu.so
7034e6e04000-7034e6e0b000 r-xp 00003000 00:6a 10227390                   /home/ubuntu/.local/lib/python3.10/site-packages/scipy/stats/_levy_stable/levyst.cpython-310-x86_64-linux-gnu.so
7034e6e0b000-7034e6e0d000 r--p 0000a000 00:6a 10227390                   /home/ubuntu/.local/lib/python3.10/site-packages/scipy/stats/_levy_stable/levyst.cpython-310-x86_64-linux-gnu.so
7034e6e0d000-7034e6e0e000 r--p 0000b000 00:6a 10227390                   /home/ubuntu/.local/lib/python3.10/site-packages/scipy/stats/_levy_stable/levyst.cpython-310-x86_64-linux-gnu.so
7034e6e0e000-7034e6e0f000 rw-p 0000c000 00:6a 10227390                   /home/ubuntu/.local/lib/python3.10/site-packages/scipy/stats/_levy_stable/levyst.cpython-310-x86_64-linux-gnu.so
7034e6e0f000-7034e6e12000 r--p 00000000 00:6a 10226654                   /home/ubuntu/.local/lib/python3.10/site-packages/scipy/_lib/messagestream.cpython-310-x86_64-linux-gnu.so
7034e6e12000-7034e6e1c000 r-xp 00003000 00:6a 10226654                   /home/ubuntu/.local/lib/python3.10/site-packages/scipy/_lib/messagestream.cpython-310-x86_64-linux-gnu.so
7034e6e1c000-7034e6e1f000 r--p 0000d000 00:6a 10226654                   /home/ubuntu/.local/lib/python3.10/site-packages/scipy/_lib/messagestream.cpython-310-x86_64-linux-gnu.so
7034e6e1f000-7034e6e20000 r--p 0000f000 00:6a 10226654                   /home/ubuntu/.local/lib/python3.10/site-packages/scipy/_lib/messagestream.cpython-310-x86_64-linux-gnu.so
7034e6e20000-7034e6e21000 rw-p 00010000 00:6a 10226654                   /home/ubuntu/.local/lib/python3.10/site-packages/scipy/_lib/messagestream.cpython-310-x86_64-linux-gnu.so
7034e6e21000-7034e6e2f000 r--p 00000000 00:6a 10172773                   /home/ubuntu/.local/lib/python3.10/site-packages/safetensors/_safetensors_rust.abi3.so
7034e6e2f000-7034e6ec5000 r-xp 0000e000 00:6a 10172773                   /home/ubuntu/.local/lib/python3.10/site-packages/safetensors/_safetensors_rust.abi3.so
7034e6ec5000-7034e6ef0000 r--p 000a4000 00:6a 10172773                   /home/ubuntu/.local/lib/python3.10/site-packages/safetensors/_safetensors_rust.abi3.so
7034e6ef0000-7034e6ef9000 r--p 000ce000 00:6a 10172773                   /home/ubuntu/.local/lib/python3.10/site-packages/safetensors/_safetensors_rust.abi3.so
7034e6ef9000-7034e6efb000 rw-p 000d7000 00:6a 10172773                   /home/ubuntu/.local/lib/python3.10/site-packages/safetensors/_safetensors_rust.abi3.so
7034e6efb000-7034e6ffb000 rw-p 00000000 00:00 0 
7034e6ffb000-7034e6ffc000 ---p 00000000 00:00 0 
7034e6ffc000-7034e77fc000 rw-p 00000000 00:00 0 
7034e77fc000-7034e77fd000 ---p 00000000 00:00 0 
7034e77fd000-7034e7ffd000 rw-p 00000000 00:00 0 
7034e7ffd000-7034e7ffe000 ---p 00000000 00:00 0 
7034e7ffe000-7034e87fe000 rw-p 00000000 00:00 0 
7034e87fe000-7034e87ff000 ---p 00000000 00:00 0 
7034e87ff000-7034e8fff000 rw-p 00000000 00:00 0 
7034e8fff000-7034e9000000 ---p 00000000 00:00 0 
7034e9000000-7034e9800000 rw-p 00000000 00:00 0 
7034e9800000-7034e983b000 r-xp 00000000 00:6a 10175842                   /home/ubuntu/.local/lib/python3.10/site-packages/numpy.libs/libquadmath-96973f99.so.0.0.0
7034e983b000-7034e9a3a000 ---p 0003b000 00:6a 10175842                   /home/ubuntu/.local/lib/python3.10/site-packages/numpy.libs/libquadmath-96973f99.so.0.0.0
7034e9a3a000-7034e9a3b000 r--p 0003a000 00:6a 10175842                   /home/ubuntu/.local/lib/python3.10/site-packages/numpy.libs/libquadmath-96973f99.so.0.0.0
7034e9a3b000-7034e9a3c000 rw-p 0003b000 00:6a 10175842                   /home/ubuntu/.local/lib/python3.10/site-packages/numpy.libs/libquadmath-96973f99.so.0.0.0
7034e9a3c000-7034e9a3d000 rw-p 0003c000 00:6a 10175842                   /home/ubuntu/.local/lib/python3.10/site-packages/numpy.libs/libquadmath-96973f99.so.0.0.0
7034e9a3d000-7034e9a3e000 r--s 00000000 08:00 45646547                   /home/ubuntu/tbazzocchi/FRAG/MedRAG/corpus/wikipedia/index/bm25/_2.fdx
7034e9a3e000-7034e9a3f000 r--s 00000000 08:00 45646660                   /home/ubuntu/tbazzocchi/FRAG/MedRAG/corpus/wikipedia/index/bm25/_o.fdx
7034e9a3f000-7034e9a40000 r--s 00000000 08:00 45646683                   /home/ubuntu/tbazzocchi/FRAG/MedRAG/corpus/wikipedia/index/bm25/_q.fdx
7034e9a40000-7034e9a41000 r--s 00000000 08:00 45646304                   /home/ubuntu/tbazzocchi/FRAG/MedRAG/corpus/wikipedia/index/bm25/_r.fdx
7034e9a41000-7034e9a47000 r--p 00000000 00:6a 10226838                   /home/ubuntu/.local/lib/python3.10/site-packages/scipy/sparse/_csparsetools.cpython-310-x86_64-linux-gnu.so
7034e9a47000-7034e9aeb000 r-xp 00006000 00:6a 10226838                   /home/ubuntu/.local/lib/python3.10/site-packages/scipy/sparse/_csparsetools.cpython-310-x86_64-linux-gnu.so
7034e9aeb000-7034e9afa000 r--p 000aa000 00:6a 10226838                   /home/ubuntu/.local/lib/python3.10/site-packages/scipy/sparse/_csparsetools.cpython-310-x86_64-linux-gnu.so
7034e9afa000-7034e9afb000 r--p 000b8000 00:6a 10226838                   /home/ubuntu/.local/lib/python3.10/site-packages/scipy/sparse/_csparsetools.cpython-310-x86_64-linux-gnu.so
7034e9afb000-7034e9afe000 rw-p 000b9000 00:6a 10226838                   /home/ubuntu/.local/lib/python3.10/site-packages/scipy/sparse/_csparsetools.cpython-310-x86_64-linux-gnu.so
7034e9afe000-7034e9c00000 rw-p 00000000 00:00 0 
7034e9c00000-7034e9e76000 r-xp 00000000 00:6a 10175843                   /home/ubuntu/.local/lib/python3.10/site-packages/numpy.libs/libgfortran-040039e1.so.5.0.0
7034e9e76000-7034ea075000 ---p 00276000 00:6a 10175843                   /home/ubuntu/.local/lib/python3.10/site-packages/numpy.libs/libgfortran-040039e1.so.5.0.0
7034ea075000-7034ea076000 r--p 00275000 00:6a 10175843                   /home/ubuntu/.local/lib/python3.10/site-packages/numpy.libs/libgfortran-040039e1.so.5.0.0
7034ea076000-7034ea078000 rw-p 00276000 00:6a 10175843                   /home/ubuntu/.local/lib/python3.10/site-packages/numpy.libs/libgfortran-040039e1.so.5.0.0
7034ea078000-7034ea084000 rw-p 0027b000 00:6a 10175843                   /home/ubuntu/.local/lib/python3.10/site-packages/numpy.libs/libgfortran-040039e1.so.5.0.0
7034ea084000-7034ea08d000 rw-p 00287000 00:6a 10175843                   /home/ubuntu/.local/lib/python3.10/site-packages/numpy.libs/libgfortran-040039e1.so.5.0.0
7034ea08d000-7034ea08e000 r--s 00000000 08:00 45646321                   /home/ubuntu/tbazzocchi/FRAG/MedRAG/corpus/wikipedia/index/bm25/_x.fdx
7034ea08e000-7034ea090000 r--p 00000000 00:6a 10235981                   /home/ubuntu/.local/lib/python3.10/site-packages/sklearn/utils/_heap.cpython-310-x86_64-linux-gnu.so
7034ea090000-7034ea091000 r-xp 00002000 00:6a 10235981                   /home/ubuntu/.local/lib/python3.10/site-packages/sklearn/utils/_heap.cpython-310-x86_64-linux-gnu.so
7034ea091000-7034ea092000 r--p 00003000 00:6a 10235981                   /home/ubuntu/.local/lib/python3.10/site-packages/sklearn/utils/_heap.cpython-310-x86_64-linux-gnu.so
7034ea092000-7034ea093000 r--p 00003000 00:6a 10235981                   /home/ubuntu/.local/lib/python3.10/site-packages/sklearn/utils/_heap.cpython-310-x86_64-linux-gnu.so
7034ea093000-7034ea094000 rw-p 00004000 00:6a 10235981                   /home/ubuntu/.local/lib/python3.10/site-packages/sklearn/utils/_heap.cpython-310-x86_64-linux-gnu.so
7034ea094000-7034ea097000 r--p 00000000 00:6a 10226463                   /home/ubuntu/.local/lib/python3.10/site-packages/scipy/special/_ellip_harm_2.cpython-310-x86_64-linux-gnu.so
7034ea097000-7034ea0ab000 r-xp 00003000 00:6a 10226463                   /home/ubuntu/.local/lib/python3.10/site-packages/scipy/special/_ellip_harm_2.cpython-310-x86_64-linux-gnu.so
7034ea0ab000-7034ea0ae000 r--p 00017000 00:6a 10226463                   /home/ubuntu/.local/lib/python3.10/site-packages/scipy/special/_ellip_harm_2.cpython-310-x86_64-linux-gnu.so
7034ea0ae000-7034ea0af000 r--p 00019000 00:6a 10226463                   /home/ubuntu/.local/lib/python3.10/site-packages/scipy/special/_ellip_harm_2.cpython-310-x86_64-linux-gnu.so
7034ea0af000-7034ea0b0000 rw-p 0001a000 00:6a 10226463                   /home/ubuntu/.local/lib/python3.10/site-packages/scipy/special/_ellip_harm_2.cpython-310-x86_64-linux-gnu.so
7034ea0b0000-7034ea0b2000 rw-p 0001f000 00:6a 10226463                   /home/ubuntu/.local/lib/python3.10/site-packages/scipy/special/_ellip_harm_2.cpython-310-x86_64-linux-gnu.so
7034ea0b2000-7034ea0b3000 rw-p 00021000 00:6a 10226463                   /home/ubuntu/.local/lib/python3.10/site-packages/scipy/special/_ellip_harm_2.cpython-310-x86_64-linux-gnu.so
7034ea0b3000-7034ea1bd000 r--p 00000000 00:6a 10175841                   /home/ubuntu/.local/lib/python3.10/site-packages/numpy.libs/libopenblas64_p-r0-0cf96a72.3.23.dev.so
7034ea1bd000-7034ea1c5000 r-xp 0010a000 00:6a 10175841                   /home/ubuntu/.local/lib/python3.10/site-packages/numpy.libs/libopenblas64_p-r0-0cf96a72.3.23.dev.so
7034ea1c5000-7034ea1cb000 ---p 00112000 00:6a 10175841                   /home/ubuntu/.local/lib/python3.10/site-packages/numpy.libs/libopenblas64_p-r0-0cf96a72.3.23.dev.so
7034ea1cb000-7034ebe4c000 r-xp 00118000 00:6a 10175841                   /home/ubuntu/.local/lib/python3.10/site-packages/numpy.libs/libopenblas64_p-r0-0cf96a72.3.23.dev.so
7034ebe4c000-7034ec05c000 r--p 01d99000 00:6a 10175841                   /home/ubuntu/.local/lib/python3.10/site-packages/numpy.libs/libopenblas64_p-r0-0cf96a72.3.23.dev.so
7034ec05c000-7034ec05d000 ---p 01fa9000 00:6a 10175841                   /home/ubuntu/.local/lib/python3.10/site-packages/numpy.libs/libopenblas64_p-r0-0cf96a72.3.23.dev.so
7034ec05d000-7034ec063000 r--p 01fa9000 00:6a 10175841                   /home/ubuntu/.local/lib/python3.10/site-packages/numpy.libs/libopenblas64_p-r0-0cf96a72.3.23.dev.so
7034ec063000-7034ec07a000 rw-p 01faf000 00:6a 10175841                   /home/ubuntu/.local/lib/python3.10/site-packages/numpy.libs/libopenblas64_p-r0-0cf96a72.3.23.dev.so
7034ec07a000-7034ec086000 rw-p 00000000 00:00 0 
7034ec086000-7034ec0e9000 rw-p 020d4000 00:6a 10175841                   /home/ubuntu/.local/lib/python3.10/site-packages/numpy.libs/libopenblas64_p-r0-0cf96a72.3.23.dev.so
7034ec0e9000-7034ec132000 rw-p 02137000 00:6a 10175841                   /home/ubuntu/.local/lib/python3.10/site-packages/numpy.libs/libopenblas64_p-r0-0cf96a72.3.23.dev.so
7034ec132000-7034ec15d000 r--p 00000000 00:6a 10175524                   /home/ubuntu/.local/lib/python3.10/site-packages/numpy/core/_multiarray_umath.cpython-310-x86_64-linux-gnu.so
7034ec15d000-7034ec63b000 r-xp 0002b000 00:6a 10175524                   /home/ubuntu/.local/lib/python3.10/site-packages/numpy/core/_multiarray_umath.cpython-310-x86_64-linux-gnu.so
7034ec63b000-7034ec7af000 r--p 00509000 00:6a 10175524                   /home/ubuntu/.local/lib/python3.10/site-packages/numpy/core/_multiarray_umath.cpython-310-x86_64-linux-gnu.so
7034ec7af000-7034ec7b0000 ---p 0067d000 00:6a 10175524                   /home/ubuntu/.local/lib/python3.10/site-packages/numpy/core/_multiarray_umath.cpython-310-x86_64-linux-gnu.so
7034ec7b0000-7034ec7b2000 r--p 0067d000 00:6a 10175524                   /home/ubuntu/.local/lib/python3.10/site-packages/numpy/core/_multiarray_umath.cpython-310-x86_64-linux-gnu.so
7034ec7b2000-7034ec7d5000 rw-p 0067f000 00:6a 10175524                   /home/ubuntu/.local/lib/python3.10/site-packages/numpy/core/_multiarray_umath.cpython-310-x86_64-linux-gnu.so
7034ec7d5000-7034ec7f5000 rw-p 00000000 00:00 0 
7034ec7f5000-7034ec7fb000 rw-p 0070b000 00:6a 10175524                   /home/ubuntu/.local/lib/python3.10/site-packages/numpy/core/_multiarray_umath.cpython-310-x86_64-linux-gnu.so
7034ec7fb000-7034ec800000 rw-p 00711000 00:6a 10175524                   /home/ubuntu/.local/lib/python3.10/site-packages/numpy/core/_multiarray_umath.cpython-310-x86_64-linux-gnu.so
7034ec800000-7034ec966000 r--p 00000000 103:03 106299480                 /usr/lib/x86_64-linux-gnu/libcuda.so.580.95.05
7034ec966000-7034ed8e8000 r-xp 00166000 103:03 106299480                 /usr/lib/x86_64-linux-gnu/libcuda.so.580.95.05
7034ed8e8000-7034f2293000 r--p 010e8000 103:03 106299480                 /usr/lib/x86_64-linux-gnu/libcuda.so.580.95.05
7034f2293000-7034f2294000 ---p 05a93000 103:03 106299480                 /usr/lib/x86_64-linux-gnu/libcuda.so.580.95.05
7034f2294000-7034f23c9000 r--p 05a93000 103:03 106299480                 /usr/lib/x86_64-linux-gnu/libcuda.so.580.95.05
7034f23c9000-7034f23d2000 rw-p 05bc8000 103:03 106299480                 /usr/lib/x86_64-linux-gnu/libcuda.so.580.95.05
7034f23d2000-7034f2449000 rw-p 00000000 00:00 0 
7034f2449000-7034f244b000 r--p 00000000 00:6a 10229398                   /home/ubuntu/.local/lib/python3.10/site-packages/pandas/_libs/pandas_parser.cpython-310-x86_64-linux-gnu.so
7034f244b000-7034f2451000 r-xp 00002000 00:6a 10229398                   /home/ubuntu/.local/lib/python3.10/site-packages/pandas/_libs/pandas_parser.cpython-310-x86_64-linux-gnu.so
7034f2451000-7034f2453000 r--p 00008000 00:6a 10229398                   /home/ubuntu/.local/lib/python3.10/site-packages/pandas/_libs/pandas_parser.cpython-310-x86_64-linux-gnu.so
7034f2453000-7034f2454000 r--p 00009000 00:6a 10229398                   /home/ubuntu/.local/lib/python3.10/site-packages/pandas/_libs/pandas_parser.cpython-310-x86_64-linux-gnu.so
7034f2454000-7034f2455000 rw-p 0000a000 00:6a 10229398                   /home/ubuntu/.local/lib/python3.10/site-packages/pandas/_libs/pandas_parser.cpython-310-x86_64-linux-gnu.so
7034f2455000-7034f2458000 r--p 00000000 00:6a 10226400                   /home/ubuntu/.local/lib/python3.10/site-packages/scipy/linalg/_linalg_pythran.cpython-310-x86_64-linux-gnu.so
7034f2458000-7034f246c000 r-xp 00003000 00:6a 10226400                   /home/ubuntu/.local/lib/python3.10/site-packages/scipy/linalg/_linalg_pythran.cpython-310-x86_64-linux-gnu.so
7034f246c000-7034f2470000 r--p 00017000 00:6a 10226400                   /home/ubuntu/.local/lib/python3.10/site-packages/scipy/linalg/_linalg_pythran.cpython-310-x86_64-linux-gnu.so
7034f2470000-7034f2471000 r--p 0001a000 00:6a 10226400                   /home/ubuntu/.local/lib/python3.10/site-packages/scipy/linalg/_linalg_pythran.cpython-310-x86_64-linux-gnu.so
7034f2471000-7034f2472000 rw-p 0001b000 00:6a 10226400                   /home/ubuntu/.local/lib/python3.10/site-packages/scipy/linalg/_linalg_pythran.cpython-310-x86_64-linux-gnu.so
7034f2472000-7034f2478000 r--p 00000000 00:6a 10226385                   /home/ubuntu/.local/lib/python3.10/site-packages/scipy/linalg/_cythonized_array_utils.cpython-310-x86_64-linux-gnu.so
7034f2478000-7034f24ec000 r-xp 00006000 00:6a 10226385                   /home/ubuntu/.local/lib/python3.10/site-packages/scipy/linalg/_cythonized_array_utils.cpython-310-x86_64-linux-gnu.so
7034f24ec000-7034f24fa000 r--p 0007a000 00:6a 10226385                   /home/ubuntu/.local/lib/python3.10/site-packages/scipy/linalg/_cythonized_array_utils.cpython-310-x86_64-linux-gnu.so
7034f24fa000-7034f24fb000 ---p 00088000 00:6a 10226385                   /home/ubuntu/.local/lib/python3.10/site-packages/scipy/linalg/_cythonized_array_utils.cpython-310-x86_64-linux-gnu.so
7034f24fb000-7034f24fc000 r--p 00088000 00:6a 10226385                   /home/ubuntu/.local/lib/python3.10/site-packages/scipy/linalg/_cythonized_array_utils.cpython-310-x86_64-linux-gnu.so
7034f24fc000-7034f24ff000 rw-p 00089000 00:6a 10226385                   /home/ubuntu/.local/lib/python3.10/site-packages/scipy/linalg/_cythonized_array_utils.cpython-310-x86_64-linux-gnu.so
7034f24ff000-7034f2600000 rw-p 00000000 00:00 0 
7034f2600000-7034fae43000 r-xp 00000000 00:6a 10100322                   /home/ubuntu/.local/lib/python3.10/site-packages/nvidia/nvshmem/lib/libnvshmem_host.so.3
7034fae43000-7034fb043000 ---p 08843000 00:6a 10100322                   /home/ubuntu/.local/lib/python3.10/site-packages/nvidia/nvshmem/lib/libnvshmem_host.so.3
7034fb043000-7034fb048000 r--p 08843000 00:6a 10100322                   /home/ubuntu/.local/lib/python3.10/site-packages/nvidia/nvshmem/lib/libnvshmem_host.so.3
7034fb048000-7034fb04f000 rw-p 08848000 00:6a 10100322                   /home/ubuntu/.local/lib/python3.10/site-packages/nvidia/nvshmem/lib/libnvshmem_host.so.3
7034fb04f000-7034fb075000 rw-p 00000000 00:00 0 
7034fb075000-7034fb076000 r--s 00000000 08:00 45646338                   /home/ubuntu/tbazzocchi/FRAG/MedRAG/corpus/wikipedia/index/bm25/_12.fdx
7034fb076000-7034fb077000 r--s 00000000 08:00 45646352                   /home/ubuntu/tbazzocchi/FRAG/MedRAG/corpus/wikipedia/index/bm25/_10.fdx
7034fb077000-7034fb078000 r--s 00000000 08:00 45646363                   /home/ubuntu/tbazzocchi/FRAG/MedRAG/corpus/wikipedia/index/bm25/_u.fdx
7034fb078000-7034fb079000 r--s 00000000 08:00 45646378                   /home/ubuntu/tbazzocchi/FRAG/MedRAG/corpus/wikipedia/index/bm25/_11.fdx
7034fb079000-7034fb07a000 r--p 00000000 00:6a 10226176                   /home/ubuntu/.local/lib/python3.10/site-packages/scipy/optimize/_direct.cpython-310-x86_64-linux-gnu.so
7034fb07a000-7034fb080000 r-xp 00001000 00:6a 10226176                   /home/ubuntu/.local/lib/python3.10/site-packages/scipy/optimize/_direct.cpython-310-x86_64-linux-gnu.so
7034fb080000-7034fb082000 r--p 00007000 00:6a 10226176                   /home/ubuntu/.local/lib/python3.10/site-packages/scipy/optimize/_direct.cpython-310-x86_64-linux-gnu.so
7034fb082000-7034fb083000 r--p 00008000 00:6a 10226176                   /home/ubuntu/.local/lib/python3.10/site-packages/scipy/optimize/_direct.cpython-310-x86_64-linux-gnu.so
7034fb083000-7034fb084000 rw-p 00009000 00:6a 10226176                   /home/ubuntu/.local/lib/python3.10/site-packages/scipy/optimize/_direct.cpython-310-x86_64-linux-gnu.so
7034fb084000-7034fb089000 r--p 00000000 00:6a 10226359                   /home/ubuntu/.local/lib/python3.10/site-packages/scipy/linalg/_matfuncs_sqrtm_triu.cpython-310-x86_64-linux-gnu.so
7034fb089000-7034fb0b7000 r-xp 00005000 00:6a 10226359                   /home/ubuntu/.local/lib/python3.10/site-packages/scipy/linalg/_matfuncs_sqrtm_triu.cpython-310-x86_64-linux-gnu.so
7034fb0b7000-7034fb0bf000 r--p 00033000 00:6a 10226359                   /home/ubuntu/.local/lib/python3.10/site-packages/scipy/linalg/_matfuncs_sqrtm_triu.cpython-310-x86_64-linux-gnu.so
7034fb0bf000-7034fb0c0000 r--p 0003a000 00:6a 10226359                   /home/ubuntu/.local/lib/python3.10/site-packages/scipy/linalg/_matfuncs_sqrtm_triu.cpython-310-x86_64-linux-gnu.so
7034fb0c0000-7034fb0c2000 rw-p 0003b000 00:6a 10226359                   /home/ubuntu/.local/lib/python3.10/site-packages/scipy/linalg/_matfuncs_sqrtm_triu.cpython-310-x86_64-linux-gnu.so
7034fb0c2000-7034fb0c3000 rw-p 00000000 00:00 0 
7034fb0c3000-7034fb0c8000 r--p 00000000 00:6a 10226354                   /home/ubuntu/.local/lib/python3.10/site-packages/scipy/linalg/_decomp_lu_cython.cpython-310-x86_64-linux-gnu.so
7034fb0c8000-7034fb0f4000 r-xp 00005000 00:6a 10226354                   /home/ubuntu/.local/lib/python3.10/site-packages/scipy/linalg/_decomp_lu_cython.cpython-310-x86_64-linux-gnu.so
7034fb0f4000-7034fb0fc000 r--p 00031000 00:6a 10226354                   /home/ubuntu/.local/lib/python3.10/site-packages/scipy/linalg/_decomp_lu_cython.cpython-310-x86_64-linux-gnu.so
7034fb0fc000-7034fb0fd000 r--p 00038000 00:6a 10226354                   /home/ubuntu/.local/lib/python3.10/site-packages/scipy/linalg/_decomp_lu_cython.cpython-310-x86_64-linux-gnu.so
7034fb0fd000-7034fb0ff000 rw-p 00039000 00:6a 10226354                   /home/ubuntu/.local/lib/python3.10/site-packages/scipy/linalg/_decomp_lu_cython.cpython-310-x86_64-linux-gnu.so
7034fb0ff000-7034fb200000 rw-p 00000000 00:00 0 
7034fb200000-703514a69000 r-xp 00000000 00:6a 10100646                   /home/ubuntu/.local/lib/python3.10/site-packages/nvidia/cublas/lib/libcublasLt.so.12
703514a69000-703514c69000 ---p 19869000 00:6a 10100646                   /home/ubuntu/.local/lib/python3.10/site-packages/nvidia/cublas/lib/libcublasLt.so.12
703514c69000-703514ea7000 r--p 19869000 00:6a 10100646                   /home/ubuntu/.local/lib/python3.10/site-packages/nvidia/cublas/lib/libcublasLt.so.12
703514ea7000-70351885b000 rw-p 19aa7000 00:6a 10100646                   /home/ubuntu/.local/lib/python3.10/site-packages/nvidia/cublas/lib/libcublasLt.so.12
70351885b000-70351ca2c000 rw-p 00000000 00:00 0 
70351ca2c000-70351ca2d000 r--p 00000000 00:6a 10226763                   /home/ubuntu/.local/lib/python3.10/site-packages/scipy/ndimage/_rank_filter_1d.cpython-310-x86_64-linux-gnu.so
70351ca2d000-70351ca30000 r-xp 00001000 00:6a 10226763                   /home/ubuntu/.local/lib/python3.10/site-packages/scipy/ndimage/_rank_filter_1d.cpython-310-x86_64-linux-gnu.so
70351ca30000-70351ca31000 r--p 00004000 00:6a 10226763                   /home/ubuntu/.local/lib/python3.10/site-packages/scipy/ndimage/_rank_filter_1d.cpython-310-x86_64-linux-gnu.so
70351ca31000-70351ca32000 r--p 00004000 00:6a 10226763                   /home/ubuntu/.local/lib/python3.10/site-packages/scipy/ndimage/_rank_filter_1d.cpython-310-x86_64-linux-gnu.so
70351ca32000-70351ca33000 rw-p 00005000 00:6a 10226763                   /home/ubuntu/.local/lib/python3.10/site-packages/scipy/ndimage/_rank_filter_1d.cpython-310-x86_64-linux-gnu.so
70351ca33000-70351ca34000 r--p 00000000 00:6a 10226175                   /home/ubuntu/.local/lib/python3.10/site-packages/scipy/optimize/_lsap.cpython-310-x86_64-linux-gnu.so
70351ca34000-70351ca36000 r-xp 00001000 00:6a 10226175                   /home/ubuntu/.local/lib/python3.10/site-packages/scipy/optimize/_lsap.cpython-310-x86_64-linux-gnu.so
70351ca36000-70351ca38000 r--p 00003000 00:6a 10226175                   /home/ubuntu/.local/lib/python3.10/site-packages/scipy/optimize/_lsap.cpython-310-x86_64-linux-gnu.so
70351ca38000-70351ca39000 r--p 00004000 00:6a 10226175                   /home/ubuntu/.local/lib/python3.10/site-packages/scipy/optimize/_lsap.cpython-310-x86_64-linux-gnu.so
70351ca39000-70351ca3a000 rw-p 00005000 00:6a 10226175                   /home/ubuntu/.local/lib/python3.10/site-packages/scipy/optimize/_lsap.cpython-310-x86_64-linux-gnu.so
70351ca3a000-70351ca3f000 r--p 00000000 00:6a 10226382                   /home/ubuntu/.local/lib/python3.10/site-packages/scipy/linalg/_solve_toeplitz.cpython-310-x86_64-linux-gnu.so
70351ca3f000-70351ca70000 r-xp 00005000 00:6a 10226382                   /home/ubuntu/.local/lib/python3.10/site-packages/scipy/linalg/_solve_toeplitz.cpython-310-x86_64-linux-gnu.so
70351ca70000-70351ca78000 r--p 00036000 00:6a 10226382                   /home/ubuntu/.local/lib/python3.10/site-packages/scipy/linalg/_solve_toeplitz.cpython-310-x86_64-linux-gnu.so
70351ca78000-70351ca79000 ---p 0003e000 00:6a 10226382                   /home/ubuntu/.local/lib/python3.10/site-packages/scipy/linalg/_solve_toeplitz.cpython-310-x86_64-linux-gnu.so
70351ca79000-70351ca7a000 r--p 0003e000 00:6a 10226382                   /home/ubuntu/.local/lib/python3.10/site-packages/scipy/linalg/_solve_toeplitz.cpython-310-x86_64-linux-gnu.so
70351ca7a000-70351ca7c000 rw-p 0003f000 00:6a 10226382                   /home/ubuntu/.local/lib/python3.10/site-packages/scipy/linalg/_solve_toeplitz.cpython-310-x86_64-linux-gnu.so
70351ca7c000-70351ca7d000 rw-p 00000000 00:00 0 
70351ca7d000-70351ca81000 r--p 00000000 00:6a 10226637                   /home/ubuntu/.local/lib/python3.10/site-packages/scipy/_lib/_ccallback_c.cpython-310-x86_64-linux-gnu.so
70351ca81000-70351ca8f000 r-xp 00004000 00:6a 10226637                   /home/ubuntu/.local/lib/python3.10/site-packages/scipy/_lib/_ccallback_c.cpython-310-x86_64-linux-gnu.so
70351ca8f000-70351ca92000 r--p 00012000 00:6a 10226637                   /home/ubuntu/.local/lib/python3.10/site-packages/scipy/_lib/_ccallback_c.cpython-310-x86_64-linux-gnu.so
70351ca92000-70351ca93000 r--p 00014000 00:6a 10226637                   /home/ubuntu/.local/lib/python3.10/site-packages/scipy/_lib/_ccallback_c.cpython-310-x86_64-linux-gnu.so
70351ca93000-70351ca94000 rw-p 00015000 00:6a 10226637                   /home/ubuntu/.local/lib/python3.10/site-packages/scipy/_lib/_ccallback_c.cpython-310-x86_64-linux-gnu.so
70351ca94000-70351ca95000 rw-p 00000000 00:00 0 
70351ca95000-70351ca9f000 r--p 00000000 00:6a 10238240                   /home/ubuntu/.local/lib/python3.10/site-packages/aiohttp/_http_parser.cpython-310-x86_64-linux-gnu.so
70351ca9f000-70351caed000 r-xp 0000a000 00:6a 10238240                   /home/ubuntu/.local/lib/python3.10/site-packages/aiohttp/_http_parser.cpython-310-x86_64-linux-gnu.so
70351caed000-70351caf9000 r--p 00058000 00:6a 10238240                   /home/ubuntu/.local/lib/python3.10/site-packages/aiohttp/_http_parser.cpython-310-x86_64-linux-gnu.so
70351caf9000-70351cafb000 r--p 00063000 00:6a 10238240                   /home/ubuntu/.local/lib/python3.10/site-packages/aiohttp/_http_parser.cpython-310-x86_64-linux-gnu.so
70351cafb000-70351cafe000 rw-p 00065000 00:6a 10238240                   /home/ubuntu/.local/lib/python3.10/site-packages/aiohttp/_http_parser.cpython-310-x86_64-linux-gnu.so
70351cafe000-70351cc00000 rw-p 00000000 00:00 0 
70351cc00000-703523328000 r-xp 00000000 00:6a 10100645                   /home/ubuntu/.local/lib/python3.10/site-packages/nvidia/cublas/lib/libcublas.so.12
703523328000-703523528000 ---p 06728000 00:6a 10100645                   /home/ubuntu/.local/lib/python3.10/site-packages/nvidia/cublas/lib/libcublas.so.12
703523528000-703523534000 r--p 06728000 00:6a 10100645                   /home/ubuntu/.local/lib/python3.10/site-packages/nvidia/cublas/lib/libcublas.so.12
703523534000-70352353b000 rw-p 06734000 00:6a 10100645                   /home/ubuntu/.local/lib/python3.10/site-packages/nvidia/cublas/lib/libcublas.so.12
70352353b000-703523547000 rw-p 00000000 00:00 0 
703523547000-703523548000 r--s 00000000 08:00 45646397                   /home/ubuntu/tbazzocchi/FRAG/MedRAG/corpus/wikipedia/index/bm25/_w.fdx
703523548000-703523549000 r--s 00000000 08:00 45646408                   /home/ubuntu/tbazzocchi/FRAG/MedRAG/corpus/wikipedia/index/bm25/_p.fdx
703523549000-70352354a000 r--s 00000000 08:00 45646427                   /home/ubuntu/tbazzocchi/FRAG/MedRAG/corpus/wikipedia/index/bm25/_z.fdx
70352354a000-70352354d000 r--p 00000000 00:6a 10226445                   /home/ubuntu/.local/lib/python3.10/site-packages/scipy/special/_comb.cpython-310-x86_64-linux-gnu.so
70352354d000-703523554000 r-xp 00003000 00:6a 10226445                   /home/ubuntu/.local/lib/python3.10/site-packages/scipy/special/_comb.cpython-310-x86_64-linux-gnu.so
703523554000-703523556000 r--p 0000a000 00:6a 10226445                   /home/ubuntu/.local/lib/python3.10/site-packages/scipy/special/_comb.cpython-310-x86_64-linux-gnu.so
703523556000-703523557000 r--p 0000b000 00:6a 10226445                   /home/ubuntu/.local/lib/python3.10/site-packages/scipy/special/_comb.cpython-310-x86_64-linux-gnu.so
703523557000-703523558000 rw-p 0000c000 00:6a 10226445                   /home/ubuntu/.local/lib/python3.10/site-packages/scipy/special/_comb.cpython-310-x86_64-linux-gnu.so
703523558000-70352355d000 r--p 00000000 00:6a 10224197                   /home/ubuntu/.local/lib/python3.10/site-packages/frozenlist/_frozenlist.cpython-310-x86_64-linux-gnu.so
70352355d000-703523569000 r-xp 00005000 00:6a 10224197                   /home/ubuntu/.local/lib/python3.10/site-packages/frozenlist/_frozenlist.cpython-310-x86_64-linux-gnu.so
703523569000-70352356d000 r--p 00011000 00:6a 10224197                   /home/ubuntu/.local/lib/python3.10/site-packages/frozenlist/_frozenlist.cpython-310-x86_64-linux-gnu.so
70352356d000-70352356e000 r--p 00014000 00:6a 10224197                   /home/ubuntu/.local/lib/python3.10/site-packages/frozenlist/_frozenlist.cpython-310-x86_64-linux-gnu.so
70352356e000-703523570000 rw-p 00015000 00:6a 10224197                   /home/ubuntu/.local/lib/python3.10/site-packages/frozenlist/_frozenlist.cpython-310-x86_64-linux-gnu.so
703523570000-703523576000 r--p 00000000 00:6a 10238305                   /home/ubuntu/.local/lib/python3.10/site-packages/aiohttp/_websocket/reader_c.cpython-310-x86_64-linux-gnu.so
703523576000-70352359a000 r-xp 00006000 00:6a 10238305                   /home/ubuntu/.local/lib/python3.10/site-packages/aiohttp/_websocket/reader_c.cpython-310-x86_64-linux-gnu.so
70352359a000-7035235a0000 r--p 0002a000 00:6a 10238305                   /home/ubuntu/.local/lib/python3.10/site-packages/aiohttp/_websocket/reader_c.cpython-310-x86_64-linux-gnu.so
7035235a0000-7035235a2000 r--p 0002f000 00:6a 10238305                   /home/ubuntu/.local/lib/python3.10/site-packages/aiohttp/_websocket/reader_c.cpython-310-x86_64-linux-gnu.so
7035235a2000-7035235a4000 rw-p 00031000 00:6a 10238305                   /home/ubuntu/.local/lib/python3.10/site-packages/aiohttp/_websocket/reader_c.cpython-310-x86_64-linux-gnu.so
7035235a4000-7035235a5000 rw-p 00000000 00:00 0 
7035235a5000-7035235ac000 r--p 00000000 00:6a 10172809                   /home/ubuntu/.local/lib/python3.10/site-packages/yaml/_yaml.cpython-310-x86_64-linux-gnu.so
7035235ac000-7035235f2000 r-xp 00007000 00:6a 10172809                   /home/ubuntu/.local/lib/python3.10/site-packages/yaml/_yaml.cpython-310-x86_64-linux-gnu.so
7035235f2000-7035235fb000 r--p 0004d000 00:6a 10172809                   /home/ubuntu/.local/lib/python3.10/site-packages/yaml/_yaml.cpython-310-x86_64-linux-gnu.so
7035235fb000-7035235fd000 r--p 00055000 00:6a 10172809                   /home/ubuntu/.local/lib/python3.10/site-packages/yaml/_yaml.cpython-310-x86_64-linux-gnu.so
7035235fd000-7035235ff000 rw-p 00057000 00:6a 10172809                   /home/ubuntu/.local/lib/python3.10/site-packages/yaml/_yaml.cpython-310-x86_64-linux-gnu.so
7035235ff000-703523600000 rw-p 00000000 00:00 0 
703523600000-703527dcf000 r-xp 00000000 00:6a 10100399                   /home/ubuntu/.local/lib/python3.10/site-packages/nvidia/curand/lib/libcurand.so.10
703527dcf000-703527fcf000 ---p 047cf000 00:6a 10100399                   /home/ubuntu/.local/lib/python3.10/site-packages/nvidia/curand/lib/libcurand.so.10
703527fcf000-703527fd5000 r--p 047cf000 00:6a 10100399                   /home/ubuntu/.local/lib/python3.10/site-packages/nvidia/curand/lib/libcurand.so.10
703527fd5000-703529401000 rw-p 047d5000 00:6a 10100399                   /home/ubuntu/.local/lib/python3.10/site-packages/nvidia/curand/lib/libcurand.so.10
703529401000-703529a39000 rw-p 00000000 00:00 0 
703529a39000-703529a3a000 r--p 00000000 00:6a 10237028                   /home/ubuntu/.local/lib/python3.10/site-packages/onnxruntime/capi/libonnxruntime_providers_shared.so
703529a3a000-703529a3b000 r-xp 00001000 00:6a 10237028                   /home/ubuntu/.local/lib/python3.10/site-packages/onnxruntime/capi/libonnxruntime_providers_shared.so
703529a3b000-703529a3c000 r--p 00002000 00:6a 10237028                   /home/ubuntu/.local/lib/python3.10/site-packages/onnxruntime/capi/libonnxruntime_providers_shared.so
703529a3c000-703529a3d000 r--p 00002000 00:6a 10237028                   /home/ubuntu/.local/lib/python3.10/site-packages/onnxruntime/capi/libonnxruntime_providers_shared.so
703529a3d000-703529a3e000 rw-p 00000000 00:00 0 
703529a3e000-703529a3f000 r--p 00000000 00:6a 10226173                   /home/ubuntu/.local/lib/python3.10/site-packages/scipy/optimize/_zeros.cpython-310-x86_64-linux-gnu.so
703529a3f000-703529a41000 r-xp 00001000 00:6a 10226173                   /home/ubuntu/.local/lib/python3.10/site-packages/scipy/optimize/_zeros.cpython-310-x86_64-linux-gnu.so
703529a41000-703529a42000 r--p 00003000 00:6a 10226173                   /home/ubuntu/.local/lib/python3.10/site-packages/scipy/optimize/_zeros.cpython-310-x86_64-linux-gnu.so
703529a42000-703529a43000 r--p 00003000 00:6a 10226173                   /home/ubuntu/.local/lib/python3.10/site-packages/scipy/optimize/_zeros.cpython-310-x86_64-linux-gnu.so
703529a43000-703529a44000 rw-p 00004000 00:6a 10226173                   /home/ubuntu/.local/lib/python3.10/site-packages/scipy/optimize/_zeros.cpython-310-x86_64-linux-gnu.so
703529a44000-703529a48000 r--p 00000000 00:6a 10174777                   /home/ubuntu/.local/lib/python3.10/site-packages/propcache/_helpers_c.cpython-310-x86_64-linux-gnu.so
703529a48000-703529a54000 r-xp 00004000 00:6a 10174777                   /home/ubuntu/.local/lib/python3.10/site-packages/propcache/_helpers_c.cpython-310-x86_64-linux-gnu.so
703529a54000-703529a58000 r--p 00010000 00:6a 10174777                   /home/ubuntu/.local/lib/python3.10/site-packages/propcache/_helpers_c.cpython-310-x86_64-linux-gnu.so
703529a58000-703529a59000 r--p 00013000 00:6a 10174777                   /home/ubuntu/.local/lib/python3.10/site-packages/propcache/_helpers_c.cpython-310-x86_64-linux-gnu.so
703529a59000-703529a5a000 rw-p 00014000 00:6a 10174777                   /home/ubuntu/.local/lib/python3.10/site-packages/propcache/_helpers_c.cpython-310-x86_64-linux-gnu.so
703529a5a000-703529a5b000 rw-p 00000000 00:00 0 
703529a5b000-703529a60000 r--p 00000000 00:6a 10225146                   /home/ubuntu/.local/lib/python3.10/site-packages/yarl/_quoting_c.cpython-310-x86_64-linux-gnu.so
703529a60000-703529a75000 r-xp 00005000 00:6a 10225146                   /home/ubuntu/.local/lib/python3.10/site-packages/yarl/_quoting_c.cpython-310-x86_64-linux-gnu.so
703529a75000-703529a79000 r--p 0001a000 00:6a 10225146                   /home/ubuntu/.local/lib/python3.10/site-packages/yarl/_quoting_c.cpython-310-x86_64-linux-gnu.so
703529a79000-703529a7a000 r--p 0001d000 00:6a 10225146                   /home/ubuntu/.local/lib/python3.10/site-packages/yarl/_quoting_c.cpython-310-x86_64-linux-gnu.so
703529a7a000-703529a7b000 rw-p 0001e000 00:6a 10225146                   /home/ubuntu/.local/lib/python3.10/site-packages/yarl/_quoting_c.cpython-310-x86_64-linux-gnu.so
703529a7b000-703529a7c000 rw-p 00000000 00:00 0 
703529a7c000-703529a9a000 r--p 00000000 00:6a 25773465                   /usr/lib/x86_64-linux-gnu/libssl.so.3
703529a9a000-703529af5000 r-xp 0001e000 00:6a 25773465                   /usr/lib/x86_64-linux-gnu/libssl.so.3
703529af5000-703529b12000 r--p 00079000 00:6a 25773465                   /usr/lib/x86_64-linux-gnu/libssl.so.3
703529b12000-703529b1c000 r--p 00095000 00:6a 25773465                   /usr/lib/x86_64-linux-gnu/libssl.so.3
703529b1c000-703529b20000 rw-p 0009f000 00:6a 25773465                   /usr/lib/x86_64-linux-gnu/libssl.so.3
703529b20000-703529b27000 r--p 00000000 00:6a 10175431                   /home/ubuntu/.local/lib/python3.10/site-packages/numpy/random/_generator.cpython-310-x86_64-linux-gnu.so
703529b27000-703529ba7000 r-xp 00007000 00:6a 10175431                   /home/ubuntu/.local/lib/python3.10/site-packages/numpy/random/_generator.cpython-310-x86_64-linux-gnu.so
703529ba7000-703529bfb000 r--p 00087000 00:6a 10175431                   /home/ubuntu/.local/lib/python3.10/site-packages/numpy/random/_generator.cpython-310-x86_64-linux-gnu.so
703529bfb000-703529bfc000 r--p 000da000 00:6a 10175431                   /home/ubuntu/.local/lib/python3.10/site-packages/numpy/random/_generator.cpython-310-x86_64-linux-gnu.so
703529bfc000-703529bfe000 rw-p 000db000 00:6a 10175431                   /home/ubuntu/.local/lib/python3.10/site-packages/numpy/random/_generator.cpython-310-x86_64-linux-gnu.so
703529bfe000-703529c00000 rw-p 00000000 00:00 0 
703529c00000-703542450000 r-xp 00000000 00:6a 10100367                   /home/ubuntu/.local/lib/python3.10/site-packages/nvidia/nccl/lib/libnccl.so.2
703542450000-703542650000 ---p 18850000 00:6a 10100367                   /home/ubuntu/.local/lib/python3.10/site-packages/nvidia/nccl/lib/libnccl.so.2
703542650000-703542659000 r--p 18850000 00:6a 10100367                   /home/ubuntu/.local/lib/python3.10/site-packages/nvidia/nccl/lib/libnccl.so.2
703542659000-70354266e000 rw-p 18859000 00:6a 10100367                   /home/ubuntu/.local/lib/python3.10/site-packages/nvidia/nccl/lib/libnccl.so.2
70354266e000-7035426a6000 rw-p 00000000 00:00 0 
7035426a6000-7035426a7000 r--p 00000000 00:6a 10103491                   /home/ubuntu/.local/lib/python3.10/site-packages/markupsafe/_speedups.cpython-310-x86_64-linux-gnu.so
7035426a7000-7035426a8000 r-xp 00001000 00:6a 10103491                   /home/ubuntu/.local/lib/python3.10/site-packages/markupsafe/_speedups.cpython-310-x86_64-linux-gnu.so
7035426a8000-7035426a9000 r--p 00002000 00:6a 10103491                   /home/ubuntu/.local/lib/python3.10/site-packages/markupsafe/_speedups.cpython-310-x86_64-linux-gnu.so
7035426a9000-7035426aa000 r--p 00002000 00:6a 10103491                   /home/ubuntu/.local/lib/python3.10/site-packages/markupsafe/_speedups.cpython-310-x86_64-linux-gnu.so
7035426aa000-7035426ab000 rw-p 00003000 00:6a 10103491                   /home/ubuntu/.local/lib/python3.10/site-packages/markupsafe/_speedups.cpython-310-x86_64-linux-gnu.so
7035426ab000-7035426af000 r--p 00000000 00:6a 10175416                   /home/ubuntu/.local/lib/python3.10/site-packages/numpy/random/_bounded_integers.cpython-310-x86_64-linux-gnu.so
7035426af000-7035426f4000 r-xp 00004000 00:6a 10175416                   /home/ubuntu/.local/lib/python3.10/site-packages/numpy/random/_bounded_integers.cpython-310-x86_64-linux-gnu.so
7035426f4000-7035426fd000 r--p 00049000 00:6a 10175416                   /home/ubuntu/.local/lib/python3.10/site-packages/numpy/random/_bounded_integers.cpython-310-x86_64-linux-gnu.so
7035426fd000-7035426fe000 r--p 00051000 00:6a 10175416                   /home/ubuntu/.local/lib/python3.10/site-packages/numpy/random/_bounded_integers.cpython-310-x86_64-linux-gnu.so
7035426fe000-7035426ff000 rw-p 00052000 00:6a 10175416                   /home/ubuntu/.local/lib/python3.10/site-packages/numpy/random/_bounded_integers.cpython-310-x86_64-linux-gnu.so
7035426ff000-703542800000 rw-p 00000000 00:00 0 
703542800000-703542d7a000 r-xp 00000000 00:6a 10103692                   /home/ubuntu/.local/lib/python3.10/site-packages/nvidia/cufft/lib/libcufft.so.11
703542d7a000-703542f79000 ---p 0057a000 00:6a 10103692                   /home/ubuntu/.local/lib/python3.10/site-packages/nvidia/cufft/lib/libcufft.so.11
703542f79000-703542f86000 r--p 00579000 00:6a 10103692                   /home/ubuntu/.local/lib/python3.10/site-packages/nvidia/cufft/lib/libcufft.so.11
703542f86000-703553363000 rw-p 00586000 00:6a 10103692                   /home/ubuntu/.local/lib/python3.10/site-packages/nvidia/cufft/lib/libcufft.so.11
703553363000-7035536aa000 rw-p 00000000 00:00 0 
7035536aa000-703553800000 ---p 10eaa000 00:6a 10103692                   /home/ubuntu/.local/lib/python3.10/site-packages/nvidia/cufft/lib/libcufft.so.11
703553800000-703553801000 rw-p 10a00000 00:6a 10103692                   /home/ubuntu/.local/lib/python3.10/site-packages/nvidia/cufft/lib/libcufft.so.11
703553801000-703553804000 r--p 00000000 00:6a 10554495                   /home/ubuntu/.local/lib/python3.10/site-packages/psutil/_psutil_linux.abi3.so
703553804000-703553807000 r-xp 00003000 00:6a 10554495                   /home/ubuntu/.local/lib/python3.10/site-packages/psutil/_psutil_linux.abi3.so
703553807000-703553808000 r--p 00006000 00:6a 10554495                   /home/ubuntu/.local/lib/python3.10/site-packages/psutil/_psutil_linux.abi3.so
703553808000-703553809000 r--p 00007000 00:6a 10554495                   /home/ubuntu/.local/lib/python3.10/site-packages/psutil/_psutil_linux.abi3.so
703553809000-70355380a000 rw-p 00008000 00:6a 10554495                   /home/ubuntu/.local/lib/python3.10/site-packages/psutil/_psutil_linux.abi3.so
70355380a000-70355380c000 r--p 00000000 00:6a 10045292                   /usr/lib/python3.10/lib-dynload/resource.cpython-310-x86_64-linux-gnu.so
70355380c000-70355380d000 r-xp 00002000 00:6a 10045292                   /usr/lib/python3.10/lib-dynload/resource.cpython-310-x86_64-linux-gnu.so
70355380d000-70355380e000 r--p 00003000 00:6a 10045292                   /usr/lib/python3.10/lib-dynload/resource.cpython-310-x86_64-linux-gnu.so
70355380e000-70355380f000 r--p 00003000 00:6a 10045292                   /usr/lib/python3.10/lib-dynload/resource.cpython-310-x86_64-linux-gnu.so
70355380f000-703553810000 rw-p 00004000 00:6a 10045292                   /usr/lib/python3.10/lib-dynload/resource.cpython-310-x86_64-linux-gnu.so
703553810000-70355381e000 r--p 00000000 00:6a 10224959                   /home/ubuntu/.local/lib/python3.10/site-packages/charset_normalizer/md__mypyc.cpython-310-x86_64-linux-gnu.so
70355381e000-70355383d000 r-xp 0000e000 00:6a 10224959                   /home/ubuntu/.local/lib/python3.10/site-packages/charset_normalizer/md__mypyc.cpython-310-x86_64-linux-gnu.so
70355383d000-703553847000 r--p 0002d000 00:6a 10224959                   /home/ubuntu/.local/lib/python3.10/site-packages/charset_normalizer/md__mypyc.cpython-310-x86_64-linux-gnu.so
703553847000-703553848000 r--p 00036000 00:6a 10224959                   /home/ubuntu/.local/lib/python3.10/site-packages/charset_normalizer/md__mypyc.cpython-310-x86_64-linux-gnu.so
703553848000-70355384c000 rw-p 00037000 00:6a 10224959                   /home/ubuntu/.local/lib/python3.10/site-packages/charset_normalizer/md__mypyc.cpython-310-x86_64-linux-gnu.so
70355384c000-70355384d000 rw-p 00000000 00:00 0 
70355384d000-703553852000 r--p 00000000 00:6a 10175422                   /home/ubuntu/.local/lib/python3.10/site-packages/numpy/random/mtrand.cpython-310-x86_64-linux-gnu.so
703553852000-7035538ab000 r-xp 00005000 00:6a 10175422                   /home/ubuntu/.local/lib/python3.10/site-packages/numpy/random/mtrand.cpython-310-x86_64-linux-gnu.so
7035538ab000-7035538fb000 r--p 0005e000 00:6a 10175422                   /home/ubuntu/.local/lib/python3.10/site-packages/numpy/random/mtrand.cpython-310-x86_64-linux-gnu.so
7035538fb000-7035538fc000 ---p 000ae000 00:6a 10175422                   /home/ubuntu/.local/lib/python3.10/site-packages/numpy/random/mtrand.cpython-310-x86_64-linux-gnu.so
7035538fc000-7035538fd000 r--p 000ae000 00:6a 10175422                   /home/ubuntu/.local/lib/python3.10/site-packages/numpy/random/mtrand.cpython-310-x86_64-linux-gnu.so
7035538fd000-7035538fe000 rw-p 000af000 00:6a 10175422                   /home/ubuntu/.local/lib/python3.10/site-packages/numpy/random/mtrand.cpython-310-x86_64-linux-gnu.so
7035538fe000-703553a00000 rw-p 00000000 00:00 0 
703553a00000-7035651ba000 r-xp 00000000 00:6a 10103668                   /home/ubuntu/.local/lib/python3.10/site-packages/nvidia/cusparse/lib/libcusparse.so.12
7035651ba000-7035653ba000 ---p 117ba000 00:6a 10103668                   /home/ubuntu/.local/lib/python3.10/site-packages/nvidia/cusparse/lib/libcusparse.so.12
7035653ba000-7035653c9000 r--p 117ba000 00:6a 10103668                   /home/ubuntu/.local/lib/python3.10/site-packages/nvidia/cusparse/lib/libcusparse.so.12
7035653c9000-7035653e5000 rw-p 117c9000 00:6a 10103668                   /home/ubuntu/.local/lib/python3.10/site-packages/nvidia/cusparse/lib/libcusparse.so.12
7035653e5000-7035653ea000 rw-p 00000000 00:00 0 
7035653ea000-703565400000 ---p 119ea000 00:6a 10103668                   /home/ubuntu/.local/lib/python3.10/site-packages/nvidia/cusparse/lib/libcusparse.so.12
703565400000-703565405000 rw-p 11800000 00:6a 10103668                   /home/ubuntu/.local/lib/python3.10/site-packages/nvidia/cusparse/lib/libcusparse.so.12
703565405000-703565409000 r--p 00000000 00:6a 10176417                   /home/ubuntu/.local/lib/python3.10/site-packages/multidict/_multidict.cpython-310-x86_64-linux-gnu.so
703565409000-70356541a000 r-xp 00004000 00:6a 10176417                   /home/ubuntu/.local/lib/python3.10/site-packages/multidict/_multidict.cpython-310-x86_64-linux-gnu.so
70356541a000-70356541e000 r--p 00015000 00:6a 10176417                   /home/ubuntu/.local/lib/python3.10/site-packages/multidict/_multidict.cpython-310-x86_64-linux-gnu.so
70356541e000-70356541f000 r--p 00018000 00:6a 10176417                   /home/ubuntu/.local/lib/python3.10/site-packages/multidict/_multidict.cpython-310-x86_64-linux-gnu.so
70356541f000-703565421000 rw-p 00019000 00:6a 10176417                   /home/ubuntu/.local/lib/python3.10/site-packages/multidict/_multidict.cpython-310-x86_64-linux-gnu.so
703565421000-703565433000 r--p 00000000 00:6a 10045508                   /usr/lib/python3.10/lib-dynload/_ssl.cpython-310-x86_64-linux-gnu.so
703565433000-703565440000 r-xp 00012000 00:6a 10045508                   /usr/lib/python3.10/lib-dynload/_ssl.cpython-310-x86_64-linux-gnu.so
703565440000-70356544e000 r--p 0001f000 00:6a 10045508                   /usr/lib/python3.10/lib-dynload/_ssl.cpython-310-x86_64-linux-gnu.so
70356544e000-70356544f000 ---p 0002d000 00:6a 10045508                   /usr/lib/python3.10/lib-dynload/_ssl.cpython-310-x86_64-linux-gnu.so
70356544f000-703565450000 r--p 0002d000 00:6a 10045508                   /usr/lib/python3.10/lib-dynload/_ssl.cpython-310-x86_64-linux-gnu.so
703565450000-703565459000 rw-p 0002e000 00:6a 10045508                   /usr/lib/python3.10/lib-dynload/_ssl.cpython-310-x86_64-linux-gnu.so
703565459000-703565559000 rw-p 00000000 00:00 0 
703565559000-703565574000 r--p 00000000 00:6a 10159921                   /home/ubuntu/.local/lib/python3.10/site-packages/torch/lib/libtorch_nvshmem.so
703565574000-703565610000 r-xp 0001b000 00:6a 10159921                   /home/ubuntu/.local/lib/python3.10/site-packages/torch/lib/libtorch_nvshmem.so
703565610000-703565dad000 r--p 000b7000 00:6a 10159921                   /home/ubuntu/.local/lib/python3.10/site-packages/torch/lib/libtorch_nvshmem.so
703565dad000-703565db3000 r--p 00854000 00:6a 10159921                   /home/ubuntu/.local/lib/python3.10/site-packages/torch/lib/libtorch_nvshmem.so
703565db3000-703565db5000 rw-p 0085a000 00:6a 10159921                   /home/ubuntu/.local/lib/python3.10/site-packages/torch/lib/libtorch_nvshmem.so
703565db5000-703565db9000 rw-p 00000000 00:00 0 
703565db9000-703565dc4000 rw-p 008b1000 00:6a 10159921                   /home/ubuntu/.local/lib/python3.10/site-packages/torch/lib/libtorch_nvshmem.so
703565dc4000-703565e7f000 r--p 00000000 00:6a 10100616                   /home/ubuntu/.local/lib/python3.10/site-packages/nvidia/cuda_cupti/lib/libcupti.so.12
703565e7f000-70356631c000 r-xp 000bb000 00:6a 10100616                   /home/ubuntu/.local/lib/python3.10/site-packages/nvidia/cuda_cupti/lib/libcupti.so.12
70356631c000-703566473000 r--p 00558000 00:6a 10100616                   /home/ubuntu/.local/lib/python3.10/site-packages/nvidia/cuda_cupti/lib/libcupti.so.12
703566473000-7035664c0000 r--p 006ae000 00:6a 10100616                   /home/ubuntu/.local/lib/python3.10/site-packages/nvidia/cuda_cupti/lib/libcupti.so.12
7035664c0000-703566577000 rw-p 006fb000 00:6a 10100616                   /home/ubuntu/.local/lib/python3.10/site-packages/nvidia/cuda_cupti/lib/libcupti.so.12
703566577000-7035665b8000 rw-p 00000000 00:00 0 
7035665b8000-7035665e6000 r--p 00000000 00:6a 10100420                   /home/ubuntu/.local/lib/python3.10/site-packages/nvidia/cufile/lib/libcufile.so.0
7035665e6000-7035667c9000 r-xp 0002e000 00:6a 10100420                   /home/ubuntu/.local/lib/python3.10/site-packages/nvidia/cufile/lib/libcufile.so.0
7035667c9000-70356686b000 r--p 00211000 00:6a 10100420                   /home/ubuntu/.local/lib/python3.10/site-packages/nvidia/cufile/lib/libcufile.so.0
70356686b000-70356686c000 ---p 002b3000 00:6a 10100420                   /home/ubuntu/.local/lib/python3.10/site-packages/nvidia/cufile/lib/libcufile.so.0
70356686c000-703566871000 r--p 002b3000 00:6a 10100420                   /home/ubuntu/.local/lib/python3.10/site-packages/nvidia/cufile/lib/libcufile.so.0
703566871000-703566879000 rw-p 002b8000 00:6a 10100420                   /home/ubuntu/.local/lib/python3.10/site-packages/nvidia/cufile/lib/libcufile.so.0
703566879000-703566884000 rw-p 00000000 00:00 0 
703566884000-703566890000 rw-p 002db000 00:6a 10100420                   /home/ubuntu/.local/lib/python3.10/site-packages/nvidia/cufile/lib/libcufile.so.0
703566890000-703568837000 r--p 00000000 00:6a 10095764                   /home/ubuntu/.local/lib/python3.10/site-packages/nvidia/cusparselt/lib/libcusparseLt.so.0
703568837000-70356b845000 r-xp 01fa7000 00:6a 10095764                   /home/ubuntu/.local/lib/python3.10/site-packages/nvidia/cusparselt/lib/libcusparseLt.so.0
70356b845000-70357fc81000 r--p 04fb5000 00:6a 10095764                   /home/ubuntu/.local/lib/python3.10/site-packages/nvidia/cusparselt/lib/libcusparseLt.so.0
70357fc81000-70357fc82000 ---p 193f1000 00:6a 10095764                   /home/ubuntu/.local/lib/python3.10/site-packages/nvidia/cusparselt/lib/libcusparseLt.so.0
70357fc82000-70357fda5000 r--p 193f1000 00:6a 10095764                   /home/ubuntu/.local/lib/python3.10/site-packages/nvidia/cusparselt/lib/libcusparseLt.so.0
70357fda5000-70357fdd2000 rw-p 19514000 00:6a 10095764                   /home/ubuntu/.local/lib/python3.10/site-packages/nvidia/cusparselt/lib/libcusparseLt.so.0
70357fdd2000-703580037000 rw-p 00000000 00:00 0 
703580037000-703581a00000 rw-p 19542000 00:6a 10095764                   /home/ubuntu/.local/lib/python3.10/site-packages/nvidia/cusparselt/lib/libcusparseLt.so.0
703581a00000-703581a1e000 r-xp 00000000 00:6a 10103724                   /home/ubuntu/.local/lib/python3.10/site-packages/nvidia/cudnn/lib/libcudnn.so.9
703581a1e000-703581c1d000 ---p 0001e000 00:6a 10103724                   /home/ubuntu/.local/lib/python3.10/site-packages/nvidia/cudnn/lib/libcudnn.so.9
703581c1d000-703581c1e000 r--p 0001d000 00:6a 10103724                   /home/ubuntu/.local/lib/python3.10/site-packages/nvidia/cudnn/lib/libcudnn.so.9
703581c1e000-703581c1f000 rw-p 0001e000 00:6a 10103724                   /home/ubuntu/.local/lib/python3.10/site-packages/nvidia/cudnn/lib/libcudnn.so.9
703581c1f000-703581c22000 r--p 00000000 00:6a 10238242                   /home/ubuntu/.local/lib/python3.10/site-packages/aiohttp/_http_writer.cpython-310-x86_64-linux-gnu.so
703581c22000-703581c2c000 r-xp 00003000 00:6a 10238242                   /home/ubuntu/.local/lib/python3.10/site-packages/aiohttp/_http_writer.cpython-310-x86_64-linux-gnu.so
703581c2c000-703581c2e000 r--p 0000d000 00:6a 10238242                   /home/ubuntu/.local/lib/python3.10/site-packages/aiohttp/_http_writer.cpython-310-x86_64-linux-gnu.so
703581c2e000-703581c2f000 r--p 0000e000 00:6a 10238242                   /home/ubuntu/.local/lib/python3.10/site-packages/aiohttp/_http_writer.cpython-310-x86_64-linux-gnu.so
703581c2f000-703581c30000 rw-p 0000f000 00:6a 10238242                   /home/ubuntu/.local/lib/python3.10/site-packages/aiohttp/_http_writer.cpython-310-x86_64-linux-gnu.so
703581c30000-703581c33000 r--p 00000000 00:6a 10175411                   /home/ubuntu/.local/lib/python3.10/site-packages/numpy/random/_pcg64.cpython-310-x86_64-linux-gnu.so
703581c33000-703581c45000 r-xp 00003000 00:6a 10175411                   /home/ubuntu/.local/lib/python3.10/site-packages/numpy/random/_pcg64.cpython-310-x86_64-linux-gnu.so
703581c45000-703581c4a000 r--p 00015000 00:6a 10175411                   /home/ubuntu/.local/lib/python3.10/site-packages/numpy/random/_pcg64.cpython-310-x86_64-linux-gnu.so
703581c4a000-703581c4b000 r--p 00019000 00:6a 10175411                   /home/ubuntu/.local/lib/python3.10/site-packages/numpy/random/_pcg64.cpython-310-x86_64-linux-gnu.so
703581c4b000-703581c4c000 rw-p 0001a000 00:6a 10175411                   /home/ubuntu/.local/lib/python3.10/site-packages/numpy/random/_pcg64.cpython-310-x86_64-linux-gnu.so
703581c4c000-703582a58000 r--p 00000000 00:6a 10159918                   /home/ubuntu/.local/lib/python3.10/site-packages/torch/lib/libtorch_cuda.so
703582a58000-703585a28000 r-xp 00e0c000 00:6a 10159918                   /home/ubuntu/.local/lib/python3.10/site-packages/torch/lib/libtorch_cuda.so
703585a28000-7035b9eb5000 r--p 03ddc000 00:6a 10159918                   /home/ubuntu/.local/lib/python3.10/site-packages/torch/lib/libtorch_cuda.so
7035b9eb5000-7035b9f2f000 r--p 38268000 00:6a 10159918                   /home/ubuntu/.local/lib/python3.10/site-packages/torch/lib/libtorch_cuda.so
7035b9f2f000-7035b9f55000 rw-p 382e2000 00:6a 10159918                   /home/ubuntu/.local/lib/python3.10/site-packages/torch/lib/libtorch_cuda.so
7035b9f55000-7035bac9f000 rw-p 00000000 00:00 0 
7035bac9f000-7035bb7b3000 rw-p 39cdf000 00:6a 10159918                   /home/ubuntu/.local/lib/python3.10/site-packages/torch/lib/libtorch_cuda.so
7035bb7b3000-7035bc6e3000 r--p 00000000 00:6a 10159917                   /home/ubuntu/.local/lib/python3.10/site-packages/torch/lib/libtorch_cpu.so
7035bc6e3000-7035ccc8f000 r-xp 00f30000 00:6a 10159917                   /home/ubuntu/.local/lib/python3.10/site-packages/torch/lib/libtorch_cpu.so
7035ccc8f000-7035cf758000 r--p 114dc000 00:6a 10159917                   /home/ubuntu/.local/lib/python3.10/site-packages/torch/lib/libtorch_cpu.so
7035cf758000-7035cf9c0000 r--p 13fa4000 00:6a 10159917                   /home/ubuntu/.local/lib/python3.10/site-packages/torch/lib/libtorch_cpu.so
7035cf9c0000-7035cfa33000 rw-p 1420c000 00:6a 10159917                   /home/ubuntu/.local/lib/python3.10/site-packages/torch/lib/libtorch_cpu.so
7035cfa33000-7035cfb43000 rw-p 00000000 00:00 0 
7035cfb43000-7035d010a000 rw-p 19aed000 00:6a 10159917                   /home/ubuntu/.local/lib/python3.10/site-packages/torch/lib/libtorch_cpu.so
7035d010a000-7035d02b4000 r--p 00000000 00:6a 10159922                   /home/ubuntu/.local/lib/python3.10/site-packages/torch/lib/libtorch_python.so
7035d02b4000-7035d0fb3000 r-xp 001aa000 00:6a 10159922                   /home/ubuntu/.local/lib/python3.10/site-packages/torch/lib/libtorch_python.so
7035d0fb3000-7035d1460000 r--p 00ea9000 00:6a 10159922                   /home/ubuntu/.local/lib/python3.10/site-packages/torch/lib/libtorch_python.so
7035d1460000-7035d1489000 r--p 01355000 00:6a 10159922                   /home/ubuntu/.local/lib/python3.10/site-packages/torch/lib/libtorch_python.so
7035d1489000-7035d14f1000 rw-p 0137e000 00:6a 10159922                   /home/ubuntu/.local/lib/python3.10/site-packages/torch/lib/libtorch_python.so
7035d14f1000-7035d1565000 rw-p 00000000 00:00 0 
7035d1565000-7035d1600000 rw-p 01da9000 00:6a 10159922                   /home/ubuntu/.local/lib/python3.10/site-packages/torch/lib/libtorch_python.so
7035d1600000-7035d4077000 r-xp 00000000 00:6a 10100349                   /home/ubuntu/.local/lib/python3.10/site-packages/nvidia/nvjitlink/lib/libnvJitLink.so.12
7035d4077000-7035d4277000 ---p 02a77000 00:6a 10100349                   /home/ubuntu/.local/lib/python3.10/site-packages/nvidia/nvjitlink/lib/libnvJitLink.so.12
7035d4277000-7035d47a2000 r--p 02a77000 00:6a 10100349                   /home/ubuntu/.local/lib/python3.10/site-packages/nvidia/nvjitlink/lib/libnvJitLink.so.12
7035d47a2000-7035d4815000 rw-p 02fa2000 00:6a 10100349                   /home/ubuntu/.local/lib/python3.10/site-packages/nvidia/nvjitlink/lib/libnvJitLink.so.12
7035d4815000-7035d4889000 rw-p 00000000 00:00 0 
7035d4889000-7035d488a000 r--p 00000000 00:6a 11010630                   /home/ubuntu/.local/lib/python3.10/site-packages/tensorflow/lite/python/analyzer_wrapper/_pywrap_analyzer_wrapper.so
7035d488a000-7035d488b000 r-xp 00000000 00:6a 11010630                   /home/ubuntu/.local/lib/python3.10/site-packages/tensorflow/lite/python/analyzer_wrapper/_pywrap_analyzer_wrapper.so
7035d488b000-7035d488c000 r--p 00000000 00:6a 11010630                   /home/ubuntu/.local/lib/python3.10/site-packages/tensorflow/lite/python/analyzer_wrapper/_pywrap_analyzer_wrapper.so
7035d488c000-7035d488d000 rw-p 00000000 00:6a 11010630                   /home/ubuntu/.local/lib/python3.10/site-packages/tensorflow/lite/python/analyzer_wrapper/_pywrap_analyzer_wrapper.so
7035d488d000-7035d488f000 r--p 00000000 00:6a 10235070                   /home/ubuntu/.local/lib/python3.10/site-packages/sklearn/__check_build/_check_build.cpython-310-x86_64-linux-gnu.so
7035d488f000-7035d4892000 r-xp 00002000 00:6a 10235070                   /home/ubuntu/.local/lib/python3.10/site-packages/sklearn/__check_build/_check_build.cpython-310-x86_64-linux-gnu.so
7035d4892000-7035d4893000 r--p 00005000 00:6a 10235070                   /home/ubuntu/.local/lib/python3.10/site-packages/sklearn/__check_build/_check_build.cpython-310-x86_64-linux-gnu.so
7035d4893000-7035d4894000 ---p 00006000 00:6a 10235070                   /home/ubuntu/.local/lib/python3.10/site-packages/sklearn/__check_build/_check_build.cpython-310-x86_64-linux-gnu.so
7035d4894000-7035d4895000 r--p 00006000 00:6a 10235070                   /home/ubuntu/.local/lib/python3.10/site-packages/sklearn/__check_build/_check_build.cpython-310-x86_64-linux-gnu.so
7035d4895000-7035d4896000 rw-p 00007000 00:6a 10235070                   /home/ubuntu/.local/lib/python3.10/site-packages/sklearn/__check_build/_check_build.cpython-310-x86_64-linux-gnu.so
7035d4896000-7035d489a000 r--p 00000000 00:6a 10175412                   /home/ubuntu/.local/lib/python3.10/site-packages/numpy/random/_common.cpython-310-x86_64-linux-gnu.so
7035d489a000-7035d48cc000 r-xp 00004000 00:6a 10175412                   /home/ubuntu/.local/lib/python3.10/site-packages/numpy/random/_common.cpython-310-x86_64-linux-gnu.so
7035d48cc000-7035d48d0000 r--p 00036000 00:6a 10175412                   /home/ubuntu/.local/lib/python3.10/site-packages/numpy/random/_common.cpython-310-x86_64-linux-gnu.so
7035d48d0000-7035d48d1000 ---p 0003a000 00:6a 10175412                   /home/ubuntu/.local/lib/python3.10/site-packages/numpy/random/_common.cpython-310-x86_64-linux-gnu.so
7035d48d1000-7035d48d2000 r--p 0003a000 00:6a 10175412                   /home/ubuntu/.local/lib/python3.10/site-packages/numpy/random/_common.cpython-310-x86_64-linux-gnu.so
7035d48d2000-7035d48d3000 rw-p 0003b000 00:6a 10175412                   /home/ubuntu/.local/lib/python3.10/site-packages/numpy/random/_common.cpython-310-x86_64-linux-gnu.so
7035d48d3000-7035d49d4000 rw-p 00000000 00:00 0 
7035d49d4000-7035d4a6e000 r--p 00000000 00:6a 25773467                   /usr/lib/x86_64-linux-gnu/libstdc++.so.6.0.30
7035d4a6e000-7035d4b7f000 r-xp 0009a000 00:6a 25773467                   /usr/lib/x86_64-linux-gnu/libstdc++.so.6.0.30
7035d4b7f000-7035d4bee000 r--p 001ab000 00:6a 25773467                   /usr/lib/x86_64-linux-gnu/libstdc++.so.6.0.30
7035d4bee000-7035d4bef000 ---p 0021a000 00:6a 25773467                   /usr/lib/x86_64-linux-gnu/libstdc++.so.6.0.30
7035d4bef000-7035d4bfa000 r--p 0021a000 00:6a 25773467                   /usr/lib/x86_64-linux-gnu/libstdc++.so.6.0.30
7035d4bfa000-7035d4bfd000 rw-p 00225000 00:6a 25773467                   /usr/lib/x86_64-linux-gnu/libstdc++.so.6.0.30
7035d4bfd000-7035d4c00000 rw-p 00000000 00:00 0 
7035d4c00000-7035d5113000 r-xp 00000000 00:6a 10100555                   /home/ubuntu/.local/lib/python3.10/site-packages/nvidia/cuda_nvrtc/lib/libnvrtc-builtins.so.12.6
7035d5113000-7035d5312000 ---p 00513000 00:6a 10100555                   /home/ubuntu/.local/lib/python3.10/site-packages/nvidia/cuda_nvrtc/lib/libnvrtc-builtins.so.12.6
7035d5312000-7035d5313000 r--p 00512000 00:6a 10100555                   /home/ubuntu/.local/lib/python3.10/site-packages/nvidia/cuda_nvrtc/lib/libnvrtc-builtins.so.12.6
7035d5313000-7035d5314000 rw-p 00513000 00:6a 10100555                   /home/ubuntu/.local/lib/python3.10/site-packages/nvidia/cuda_nvrtc/lib/libnvrtc-builtins.so.12.6
7035d5314000-7035d5315000 r--p 00000000 00:6a 10226471                   /home/ubuntu/.local/lib/python3.10/site-packages/scipy/special/libsf_error_state.so
7035d5315000-7035d5316000 r-xp 00001000 00:6a 10226471                   /home/ubuntu/.local/lib/python3.10/site-packages/scipy/special/libsf_error_state.so
7035d5316000-7035d5317000 r--p 00002000 00:6a 10226471                   /home/ubuntu/.local/lib/python3.10/site-packages/scipy/special/libsf_error_state.so
7035d5317000-7035d5318000 r--p 00002000 00:6a 10226471                   /home/ubuntu/.local/lib/python3.10/site-packages/scipy/special/libsf_error_state.so
7035d5318000-7035d5319000 rw-p 00003000 00:6a 10226471                   /home/ubuntu/.local/lib/python3.10/site-packages/scipy/special/libsf_error_state.so
7035d5319000-7035d531e000 r--p 00000000 00:6a 10175433                   /home/ubuntu/.local/lib/python3.10/site-packages/numpy/random/bit_generator.cpython-310-x86_64-linux-gnu.so
7035d531e000-7035d5341000 r-xp 00005000 00:6a 10175433                   /home/ubuntu/.local/lib/python3.10/site-packages/numpy/random/bit_generator.cpython-310-x86_64-linux-gnu.so
7035d5341000-7035d534b000 r--p 00028000 00:6a 10175433                   /home/ubuntu/.local/lib/python3.10/site-packages/numpy/random/bit_generator.cpython-310-x86_64-linux-gnu.so
7035d534b000-7035d534c000 r--p 00031000 00:6a 10175433                   /home/ubuntu/.local/lib/python3.10/site-packages/numpy/random/bit_generator.cpython-310-x86_64-linux-gnu.so
7035d534c000-7035d534e000 rw-p 00032000 00:6a 10175433                   /home/ubuntu/.local/lib/python3.10/site-packages/numpy/random/bit_generator.cpython-310-x86_64-linux-gnu.so
7035d534e000-7035d5400000 rw-p 00000000 00:00 0 
7035d5400000-7035d84ef000 r-xp 00000000 00:6a 10100556                   /home/ubuntu/.local/lib/python3.10/site-packages/nvidia/cuda_nvrtc/lib/libnvrtc.so.12
7035d84ef000-7035d86ee000 ---p 030ef000 00:6a 10100556                   /home/ubuntu/.local/lib/python3.10/site-packages/nvidia/cuda_nvrtc/lib/libnvrtc.so.12
7035d86ee000-7035d8c77000 r--p 030ee000 00:6a 10100556                   /home/ubuntu/.local/lib/python3.10/site-packages/nvidia/cuda_nvrtc/lib/libnvrtc.so.12
7035d8c77000-7035d8d5e000 rw-p 03677000 00:6a 10100556                   /home/ubuntu/.local/lib/python3.10/site-packages/nvidia/cuda_nvrtc/lib/libnvrtc.so.12
7035d8d5e000-7035d903a000 rw-p 00000000 00:00 0 
7035d903a000-7035d9200000 ---p 03c3a000 00:6a 10100556                   /home/ubuntu/.local/lib/python3.10/site-packages/nvidia/cuda_nvrtc/lib/libnvrtc.so.12
7035d9200000-7035d9202000 rw-p 03800000 00:6a 10100556                   /home/ubuntu/.local/lib/python3.10/site-packages/nvidia/cuda_nvrtc/lib/libnvrtc.so.12
7035d9202000-7035d9203000 r--p 00000000 00:6a 11010646                   /home/ubuntu/.local/lib/python3.10/site-packages/tensorflow/lite/python/interpreter_wrapper/_pywrap_tensorflow_interpreter_wrapper.so
7035d9203000-7035d9204000 r-xp 00000000 00:6a 11010646                   /home/ubuntu/.local/lib/python3.10/site-packages/tensorflow/lite/python/interpreter_wrapper/_pywrap_tensorflow_interpreter_wrapper.so
7035d9204000-7035d9205000 r--p 00000000 00:6a 11010646                   /home/ubuntu/.local/lib/python3.10/site-packages/tensorflow/lite/python/interpreter_wrapper/_pywrap_tensorflow_interpreter_wrapper.so
7035d9205000-7035d9206000 rw-p 00000000 00:6a 11010646                   /home/ubuntu/.local/lib/python3.10/site-packages/tensorflow/lite/python/interpreter_wrapper/_pywrap_tensorflow_interpreter_wrapper.so
7035d9206000-7035d920a000 r--p 00000000 00:6a 10045253                   /usr/lib/python3.10/lib-dynload/_asyncio.cpython-310-x86_64-linux-gnu.so
7035d920a000-7035d9212000 r-xp 00004000 00:6a 10045253                   /usr/lib/python3.10/lib-dynload/_asyncio.cpython-310-x86_64-linux-gnu.so
7035d9212000-7035d9216000 r--p 0000c000 00:6a 10045253                   /usr/lib/python3.10/lib-dynload/_asyncio.cpython-310-x86_64-linux-gnu.so
7035d9216000-7035d9217000 ---p 00010000 00:6a 10045253                   /usr/lib/python3.10/lib-dynload/_asyncio.cpython-310-x86_64-linux-gnu.so
7035d9217000-7035d9218000 r--p 00010000 00:6a 10045253                   /usr/lib/python3.10/lib-dynload/_asyncio.cpython-310-x86_64-linux-gnu.so
7035d9218000-7035d921a000 rw-p 00011000 00:6a 10045253                   /usr/lib/python3.10/lib-dynload/_asyncio.cpython-310-x86_64-linux-gnu.so
7035d921a000-7035d9327000 rw-p 00000000 00:00 0 
7035d9327000-7035d9328000 r--s 00000000 08:00 45646444                   /home/ubuntu/tbazzocchi/FRAG/MedRAG/corpus/wikipedia/index/bm25/_t.fdx
7035d9328000-7035d9329000 r--s 00000000 08:00 45646459                   /home/ubuntu/tbazzocchi/FRAG/MedRAG/corpus/wikipedia/index/bm25/_v.fdx
7035d9329000-7035d932c000 r--p 00000000 00:6a 10238300                   /home/ubuntu/.local/lib/python3.10/site-packages/aiohttp/_websocket/mask.cpython-310-x86_64-linux-gnu.so
7035d932c000-7035d9330000 r-xp 00003000 00:6a 10238300                   /home/ubuntu/.local/lib/python3.10/site-packages/aiohttp/_websocket/mask.cpython-310-x86_64-linux-gnu.so
7035d9330000-7035d9332000 r--p 00007000 00:6a 10238300                   /home/ubuntu/.local/lib/python3.10/site-packages/aiohttp/_websocket/mask.cpython-310-x86_64-linux-gnu.so
7035d9332000-7035d9333000 r--p 00008000 00:6a 10238300                   /home/ubuntu/.local/lib/python3.10/site-packages/aiohttp/_websocket/mask.cpython-310-x86_64-linux-gnu.so
7035d9333000-7035d9334000 rw-p 00009000 00:6a 10238300                   /home/ubuntu/.local/lib/python3.10/site-packages/aiohttp/_websocket/mask.cpython-310-x86_64-linux-gnu.so
7035d9334000-7035d9337000 r--p 00000000 00:6a 10175421                   /home/ubuntu/.local/lib/python3.10/site-packages/numpy/random/_mt19937.cpython-310-x86_64-linux-gnu.so
7035d9337000-7035d9348000 r-xp 00003000 00:6a 10175421                   /home/ubuntu/.local/lib/python3.10/site-packages/numpy/random/_mt19937.cpython-310-x86_64-linux-gnu.so
7035d9348000-7035d934d000 r--p 00014000 00:6a 10175421                   /home/ubuntu/.local/lib/python3.10/site-packages/numpy/random/_mt19937.cpython-310-x86_64-linux-gnu.so
7035d934d000-7035d934e000 r--p 00018000 00:6a 10175421                   /home/ubuntu/.local/lib/python3.10/site-packages/numpy/random/_mt19937.cpython-310-x86_64-linux-gnu.so
7035d934e000-7035d934f000 rw-p 00019000 00:6a 10175421                   /home/ubuntu/.local/lib/python3.10/site-packages/numpy/random/_mt19937.cpython-310-x86_64-linux-gnu.so
7035d934f000-7035d9355000 r--p 00000000 00:6a 10175371                   /home/ubuntu/.local/lib/python3.10/site-packages/numpy/linalg/_umath_linalg.cpython-310-x86_64-linux-gnu.so
7035d9355000-7035d9375000 r-xp 00006000 00:6a 10175371                   /home/ubuntu/.local/lib/python3.10/site-packages/numpy/linalg/_umath_linalg.cpython-310-x86_64-linux-gnu.so
7035d9375000-7035d937a000 r--p 00026000 00:6a 10175371                   /home/ubuntu/.local/lib/python3.10/site-packages/numpy/linalg/_umath_linalg.cpython-310-x86_64-linux-gnu.so
7035d937a000-7035d937b000 r--p 0002a000 00:6a 10175371                   /home/ubuntu/.local/lib/python3.10/site-packages/numpy/linalg/_umath_linalg.cpython-310-x86_64-linux-gnu.so
7035d937b000-7035d937c000 rw-p 0002b000 00:6a 10175371                   /home/ubuntu/.local/lib/python3.10/site-packages/numpy/linalg/_umath_linalg.cpython-310-x86_64-linux-gnu.so
7035d937c000-7035d937d000 rw-p 00000000 00:00 0 
7035d937d000-7035d937f000 rw-p 00032000 00:6a 10175371                   /home/ubuntu/.local/lib/python3.10/site-packages/numpy/linalg/_umath_linalg.cpython-310-x86_64-linux-gnu.so
7035d937f000-7035d9380000 rw-p 00034000 00:6a 10175371                   /home/ubuntu/.local/lib/python3.10/site-packages/numpy/linalg/_umath_linalg.cpython-310-x86_64-linux-gnu.so
7035d9380000-7035d9400000 rw-p 00000000 00:00 0 
7035d9400000-7035d9437000 r-xp 00000000 00:6a 10159930                   /home/ubuntu/.local/lib/python3.10/site-packages/torch/lib/libgomp.so.1
7035d9437000-7035d9636000 ---p 00037000 00:6a 10159930                   /home/ubuntu/.local/lib/python3.10/site-packages/torch/lib/libgomp.so.1
7035d9636000-7035d9637000 r--p 00036000 00:6a 10159930                   /home/ubuntu/.local/lib/python3.10/site-packages/torch/lib/libgomp.so.1
7035d9637000-7035d9638000 rw-p 00037000 00:6a 10159930                   /home/ubuntu/.local/lib/python3.10/site-packages/torch/lib/libgomp.so.1
7035d9638000-7035d963d000 rw-p 0003a000 00:6a 10159930                   /home/ubuntu/.local/lib/python3.10/site-packages/torch/lib/libgomp.so.1
7035d963d000-7035d9640000 r--p 00000000 00:6a 10175414                   /home/ubuntu/.local/lib/python3.10/site-packages/numpy/random/_sfc64.cpython-310-x86_64-linux-gnu.so
7035d9640000-7035d9649000 r-xp 00003000 00:6a 10175414                   /home/ubuntu/.local/lib/python3.10/site-packages/numpy/random/_sfc64.cpython-310-x86_64-linux-gnu.so
7035d9649000-7035d964c000 r--p 0000c000 00:6a 10175414                   /home/ubuntu/.local/lib/python3.10/site-packages/numpy/random/_sfc64.cpython-310-x86_64-linux-gnu.so
7035d964c000-7035d964d000 r--p 0000e000 00:6a 10175414                   /home/ubuntu/.local/lib/python3.10/site-packages/numpy/random/_sfc64.cpython-310-x86_64-linux-gnu.so
7035d964d000-7035d964e000 rw-p 0000f000 00:6a 10175414                   /home/ubuntu/.local/lib/python3.10/site-packages/numpy/random/_sfc64.cpython-310-x86_64-linux-gnu.so
7035d964e000-7035d964f000 r--s 00000000 08:00 45646370                   /home/ubuntu/tbazzocchi/FRAG/MedRAG/corpus/wikipedia/index/bm25/_y.fdx
7035d964f000-7035d9650000 rw-s 00000000 00:71 3                          /dev/shm/sem.hDRaBt (deleted)
7035d9650000-7035d9653000 r--p 00000000 00:6a 10045272                   /usr/lib/python3.10/lib-dynload/_multibytecodec.cpython-310-x86_64-linux-gnu.so
7035d9653000-7035d9659000 r-xp 00003000 00:6a 10045272                   /usr/lib/python3.10/lib-dynload/_multibytecodec.cpython-310-x86_64-linux-gnu.so
7035d9659000-7035d965b000 r--p 00009000 00:6a 10045272                   /usr/lib/python3.10/lib-dynload/_multibytecodec.cpython-310-x86_64-linux-gnu.so
7035d965b000-7035d965c000 r--p 0000a000 00:6a 10045272                   /usr/lib/python3.10/lib-dynload/_multibytecodec.cpython-310-x86_64-linux-gnu.so
7035d965c000-7035d965d000 rw-p 0000b000 00:6a 10045272                   /usr/lib/python3.10/lib-dynload/_multibytecodec.cpython-310-x86_64-linux-gnu.so
7035d965d000-7035d965e000 r--p 00000000 00:6a 10224957                   /home/ubuntu/.local/lib/python3.10/site-packages/charset_normalizer/md.cpython-310-x86_64-linux-gnu.so
7035d965e000-7035d965f000 r-xp 00001000 00:6a 10224957                   /home/ubuntu/.local/lib/python3.10/site-packages/charset_normalizer/md.cpython-310-x86_64-linux-gnu.so
7035d965f000-7035d9660000 r--p 00002000 00:6a 10224957                   /home/ubuntu/.local/lib/python3.10/site-packages/charset_normalizer/md.cpython-310-x86_64-linux-gnu.so
7035d9660000-7035d9661000 r--p 00002000 00:6a 10224957                   /home/ubuntu/.local/lib/python3.10/site-packages/charset_normalizer/md.cpython-310-x86_64-linux-gnu.so
7035d9661000-7035d9662000 rw-p 00003000 00:6a 10224957                   /home/ubuntu/.local/lib/python3.10/site-packages/charset_normalizer/md.cpython-310-x86_64-linux-gnu.so
7035d9662000-7035d9664000 r--p 00000000 00:6a 10045273                   /usr/lib/python3.10/lib-dynload/_multiprocessing.cpython-310-x86_64-linux-gnu.so
7035d9664000-7035d9666000 r-xp 00002000 00:6a 10045273                   /usr/lib/python3.10/lib-dynload/_multiprocessing.cpython-310-x86_64-linux-gnu.so
7035d9666000-7035d9667000 r--p 00004000 00:6a 10045273                   /usr/lib/python3.10/lib-dynload/_multiprocessing.cpython-310-x86_64-linux-gnu.so
7035d9667000-7035d9668000 r--p 00004000 00:6a 10045273                   /usr/lib/python3.10/lib-dynload/_multiprocessing.cpython-310-x86_64-linux-gnu.so
7035d9668000-7035d9669000 rw-p 00005000 00:6a 10045273                   /usr/lib/python3.10/lib-dynload/_multiprocessing.cpython-310-x86_64-linux-gnu.so
7035d9669000-7035d966e000 r--p 00000000 00:6a 42012583                   /usr/lib/x86_64-linux-gnu/libmpdec.so.2.5.1
7035d966e000-7035d968f000 r-xp 00005000 00:6a 42012583                   /usr/lib/x86_64-linux-gnu/libmpdec.so.2.5.1
7035d968f000-7035d9696000 r--p 00026000 00:6a 42012583                   /usr/lib/x86_64-linux-gnu/libmpdec.so.2.5.1
7035d9696000-7035d9697000 r--p 0002c000 00:6a 42012583                   /usr/lib/x86_64-linux-gnu/libmpdec.so.2.5.1
7035d9697000-7035d9698000 rw-p 0002d000 00:6a 42012583                   /usr/lib/x86_64-linux-gnu/libmpdec.so.2.5.1
7035d9698000-7035d96a0000 r--p 00000000 00:6a 10045268                   /usr/lib/python3.10/lib-dynload/_decimal.cpython-310-x86_64-linux-gnu.so
7035d96a0000-7035d96b5000 r-xp 00008000 00:6a 10045268                   /usr/lib/python3.10/lib-dynload/_decimal.cpython-310-x86_64-linux-gnu.so
7035d96b5000-7035d96c1000 r--p 0001d000 00:6a 10045268                   /usr/lib/python3.10/lib-dynload/_decimal.cpython-310-x86_64-linux-gnu.so
7035d96c1000-7035d96c2000 r--p 00028000 00:6a 10045268                   /usr/lib/python3.10/lib-dynload/_decimal.cpython-310-x86_64-linux-gnu.so
7035d96c2000-7035d96c5000 rw-p 00029000 00:6a 10045268                   /usr/lib/python3.10/lib-dynload/_decimal.cpython-310-x86_64-linux-gnu.so
7035d96c5000-7035d96c7000 r--p 00000000 00:6a 25773485                   /usr/lib/x86_64-linux-gnu/libuuid.so.1.3.0
7035d96c7000-7035d96cb000 r-xp 00002000 00:6a 25773485                   /usr/lib/x86_64-linux-gnu/libuuid.so.1.3.0
7035d96cb000-7035d96cc000 r--p 00006000 00:6a 25773485                   /usr/lib/x86_64-linux-gnu/libuuid.so.1.3.0
7035d96cc000-7035d96cd000 r--p 00006000 00:6a 25773485                   /usr/lib/x86_64-linux-gnu/libuuid.so.1.3.0
7035d96cd000-7035d96ce000 rw-p 00007000 00:6a 25773485                   /usr/lib/x86_64-linux-gnu/libuuid.so.1.3.0
7035d96ce000-7035d96cf000 r--p 00000000 00:6a 10045274                   /usr/lib/python3.10/lib-dynload/_posixshmem.cpython-310-x86_64-linux-gnu.so
7035d96cf000-7035d96d0000 r-xp 00001000 00:6a 10045274                   /usr/lib/python3.10/lib-dynload/_posixshmem.cpython-310-x86_64-linux-gnu.so
7035d96d0000-7035d96d1000 r--p 00002000 00:6a 10045274                   /usr/lib/python3.10/lib-dynload/_posixshmem.cpython-310-x86_64-linux-gnu.so
7035d96d1000-7035d96d2000 r--p 00002000 00:6a 10045274                   /usr/lib/python3.10/lib-dynload/_posixshmem.cpython-310-x86_64-linux-gnu.so
7035d96d2000-7035d96d3000 rw-p 00003000 00:6a 10045274                   /usr/lib/python3.10/lib-dynload/_posixshmem.cpython-310-x86_64-linux-gnu.so
7035d96d3000-7035d96d4000 r--p 00000000 00:6a 10045283                   /usr/lib/python3.10/lib-dynload/_uuid.cpython-310-x86_64-linux-gnu.so
7035d96d4000-7035d96d5000 r-xp 00001000 00:6a 10045283                   /usr/lib/python3.10/lib-dynload/_uuid.cpython-310-x86_64-linux-gnu.so
7035d96d5000-7035d96d6000 r--p 00002000 00:6a 10045283                   /usr/lib/python3.10/lib-dynload/_uuid.cpython-310-x86_64-linux-gnu.so
7035d96d6000-7035d96d7000 r--p 00002000 00:6a 10045283                   /usr/lib/python3.10/lib-dynload/_uuid.cpython-310-x86_64-linux-gnu.so
7035d96d7000-7035d96d8000 rw-p 00003000 00:6a 10045283                   /usr/lib/python3.10/lib-dynload/_uuid.cpython-310-x86_64-linux-gnu.so
7035d96d8000-7035d96da000 r--p 00000000 00:6a 10045275                   /usr/lib/python3.10/lib-dynload/_queue.cpython-310-x86_64-linux-gnu.so
7035d96da000-7035d96dc000 r-xp 00002000 00:6a 10045275                   /usr/lib/python3.10/lib-dynload/_queue.cpython-310-x86_64-linux-gnu.so
7035d96dc000-7035d96dd000 r--p 00004000 00:6a 10045275                   /usr/lib/python3.10/lib-dynload/_queue.cpython-310-x86_64-linux-gnu.so
7035d96dd000-7035d96de000 r--p 00004000 00:6a 10045275                   /usr/lib/python3.10/lib-dynload/_queue.cpython-310-x86_64-linux-gnu.so
7035d96de000-7035d96df000 rw-p 00005000 00:6a 10045275                   /usr/lib/python3.10/lib-dynload/_queue.cpython-310-x86_64-linux-gnu.so
7035d96df000-7035d9708000 r--p 00000000 00:6a 10159912                   /home/ubuntu/.local/lib/python3.10/site-packages/torch/lib/libc10.so
7035d9708000-7035d97aa000 r-xp 00029000 00:6a 10159912                   /home/ubuntu/.local/lib/python3.10/site-packages/torch/lib/libc10.so
7035d97aa000-7035d97df000 r--p 000cb000 00:6a 10159912                   /home/ubuntu/.local/lib/python3.10/site-packages/torch/lib/libc10.so
7035d97df000-7035d97e2000 r--p 000ff000 00:6a 10159912                   /home/ubuntu/.local/lib/python3.10/site-packages/torch/lib/libc10.so
7035d97e2000-7035d97e9000 rw-p 00102000 00:6a 10159912                   /home/ubuntu/.local/lib/python3.10/site-packages/torch/lib/libc10.so
7035d97e9000-7035d97eb000 rw-p 00000000 00:00 0 
7035d97eb000-7035d9800000 rw-p 0014f000 00:6a 10159912                   /home/ubuntu/.local/lib/python3.10/site-packages/torch/lib/libc10.so
7035d9800000-7035d98a9000 r-xp 00000000 00:6a 10100534                   /home/ubuntu/.local/lib/python3.10/site-packages/nvidia/cuda_runtime/lib/libcudart.so.12
7035d98a9000-7035d9aa9000 ---p 000a9000 00:6a 10100534                   /home/ubuntu/.local/lib/python3.10/site-packages/nvidia/cuda_runtime/lib/libcudart.so.12
7035d9aa9000-7035d9aae000 r--p 000a9000 00:6a 10100534                   /home/ubuntu/.local/lib/python3.10/site-packages/nvidia/cuda_runtime/lib/libcudart.so.12
7035d9aae000-7035d9aaf000 rw-p 000ae000 00:6a 10100534                   /home/ubuntu/.local/lib/python3.10/site-packages/nvidia/cuda_runtime/lib/libcudart.so.12
7035d9aaf000-7035d9ab1000 rw-p 00000000 00:00 0 
7035d9ab1000-7035d9ab2000 ---p 00000000 00:00 0 
7035d9ab2000-7035d9ab3000 r--p 00000000 00:00 0 
7035d9ab3000-7035d9ab6000 r--p 00000000 00:6a 10175418                   /home/ubuntu/.local/lib/python3.10/site-packages/numpy/random/_philox.cpython-310-x86_64-linux-gnu.so
7035d9ab6000-7035d9ac5000 r-xp 00003000 00:6a 10175418                   /home/ubuntu/.local/lib/python3.10/site-packages/numpy/random/_philox.cpython-310-x86_64-linux-gnu.so
7035d9ac5000-7035d9ac9000 r--p 00012000 00:6a 10175418                   /home/ubuntu/.local/lib/python3.10/site-packages/numpy/random/_philox.cpython-310-x86_64-linux-gnu.so
7035d9ac9000-7035d9aca000 r--p 00015000 00:6a 10175418                   /home/ubuntu/.local/lib/python3.10/site-packages/numpy/random/_philox.cpython-310-x86_64-linux-gnu.so
7035d9aca000-7035d9acb000 rw-p 00016000 00:6a 10175418                   /home/ubuntu/.local/lib/python3.10/site-packages/numpy/random/_philox.cpython-310-x86_64-linux-gnu.so
7035d9acb000-7035d9acf000 r--p 00000000 00:6a 10045506                   /usr/lib/python3.10/lib-dynload/_hashlib.cpython-310-x86_64-linux-gnu.so
7035d9acf000-7035d9ad5000 r-xp 00004000 00:6a 10045506                   /usr/lib/python3.10/lib-dynload/_hashlib.cpython-310-x86_64-linux-gnu.so
7035d9ad5000-7035d9ad9000 r--p 0000a000 00:6a 10045506                   /usr/lib/python3.10/lib-dynload/_hashlib.cpython-310-x86_64-linux-gnu.so
7035d9ad9000-7035d9ada000 r--p 0000d000 00:6a 10045506                   /usr/lib/python3.10/lib-dynload/_hashlib.cpython-310-x86_64-linux-gnu.so
7035d9ada000-7035d9adc000 rw-p 0000e000 00:6a 10045506                   /usr/lib/python3.10/lib-dynload/_hashlib.cpython-310-x86_64-linux-gnu.so
7035d9adc000-7035d9add000 r--p 00000000 00:6a 42020368                   /usr/lib/x86_64-linux-gnu/libutil.so.1
7035d9add000-7035d9ade000 r-xp 00001000 00:6a 42020368                   /usr/lib/x86_64-linux-gnu/libutil.so.1
7035d9ade000-7035d9adf000 r--p 00002000 00:6a 42020368                   /usr/lib/x86_64-linux-gnu/libutil.so.1
7035d9adf000-7035d9ae0000 r--p 00002000 00:6a 42020368                   /usr/lib/x86_64-linux-gnu/libutil.so.1
7035d9ae0000-7035d9ae1000 rw-p 00003000 00:6a 42020368                   /usr/lib/x86_64-linux-gnu/libutil.so.1
7035d9ae1000-7035d9af1000 r--p 00000000 00:6a 10159913                   /home/ubuntu/.local/lib/python3.10/site-packages/torch/lib/libc10_cuda.so
7035d9af1000-7035d9b44000 r-xp 00010000 00:6a 10159913                   /home/ubuntu/.local/lib/python3.10/site-packages/torch/lib/libc10_cuda.so
7035d9b44000-7035d9b5b000 r--p 00063000 00:6a 10159913                   /home/ubuntu/.local/lib/python3.10/site-packages/torch/lib/libc10_cuda.so
7035d9b5b000-7035d9b5d000 r--p 00079000 00:6a 10159913                   /home/ubuntu/.local/lib/python3.10/site-packages/torch/lib/libc10_cuda.so
7035d9b5d000-7035d9b5e000 rw-p 0007b000 00:6a 10159913                   /home/ubuntu/.local/lib/python3.10/site-packages/torch/lib/libc10_cuda.so
7035d9b5e000-7035d9b84000 rw-p 00000000 00:00 0 
7035d9b84000-7035d9b8c000 rw-p 000a3000 00:6a 10159913                   /home/ubuntu/.local/lib/python3.10/site-packages/torch/lib/libc10_cuda.so
7035d9b8c000-7035d9b8f000 r--p 00000000 00:6a 10159915                   /home/ubuntu/.local/lib/python3.10/site-packages/torch/lib/libshm.so
7035d9b8f000-7035d9b92000 r-xp 00003000 00:6a 10159915                   /home/ubuntu/.local/lib/python3.10/site-packages/torch/lib/libshm.so
7035d9b92000-7035d9b93000 r--p 00006000 00:6a 10159915                   /home/ubuntu/.local/lib/python3.10/site-packages/torch/lib/libshm.so
7035d9b93000-7035d9b94000 r--p 00006000 00:6a 10159915                   /home/ubuntu/.local/lib/python3.10/site-packages/torch/lib/libshm.so
7035d9b94000-7035d9b95000 rw-p 00007000 00:6a 10159915                   /home/ubuntu/.local/lib/python3.10/site-packages/torch/lib/libshm.so
7035d9b95000-7035d9b97000 rw-p 0000b000 00:6a 10159915                   /home/ubuntu/.local/lib/python3.10/site-packages/torch/lib/libshm.so
7035d9b97000-7035d9ba2000 r--p 00000000 00:6a 10159916                   /home/ubuntu/.local/lib/python3.10/site-packages/torch/lib/libtorch.so
7035d9ba2000-7035d9bca000 r-xp 0000b000 00:6a 10159916                   /home/ubuntu/.local/lib/python3.10/site-packages/torch/lib/libtorch.so
7035d9bca000-7035d9bd4000 r--p 00033000 00:6a 10159916                   /home/ubuntu/.local/lib/python3.10/site-packages/torch/lib/libtorch.so
7035d9bd4000-7035d9bd5000 r--p 0003c000 00:6a 10159916                   /home/ubuntu/.local/lib/python3.10/site-packages/torch/lib/libtorch.so
7035d9bd5000-7035d9bd6000 rw-p 0003d000 00:6a 10159916                   /home/ubuntu/.local/lib/python3.10/site-packages/torch/lib/libtorch.so
7035d9bd6000-7035d9bdc000 rw-p 0004e000 00:6a 10159916                   /home/ubuntu/.local/lib/python3.10/site-packages/torch/lib/libtorch.so
7035d9bdc000-7035d9bdd000 r--p 00000000 00:6a 10103858                   /home/ubuntu/.local/lib/python3.10/site-packages/torch/_C.cpython-310-x86_64-linux-gnu.so
7035d9bdd000-7035d9bde000 r-xp 00001000 00:6a 10103858                   /home/ubuntu/.local/lib/python3.10/site-packages/torch/_C.cpython-310-x86_64-linux-gnu.so
7035d9bde000-7035d9bdf000 r--p 00002000 00:6a 10103858                   /home/ubuntu/.local/lib/python3.10/site-packages/torch/_C.cpython-310-x86_64-linux-gnu.so
7035d9bdf000-7035d9be0000 r--p 00002000 00:6a 10103858                   /home/ubuntu/.local/lib/python3.10/site-packages/torch/_C.cpython-310-x86_64-linux-gnu.so
7035d9be0000-7035d9be1000 rw-p 00003000 00:6a 10103858                   /home/ubuntu/.local/lib/python3.10/site-packages/torch/_C.cpython-310-x86_64-linux-gnu.so
7035d9be1000-7035d9be2000 rw-p 00006000 00:6a 10103858                   /home/ubuntu/.local/lib/python3.10/site-packages/torch/_C.cpython-310-x86_64-linux-gnu.so
7035d9be2000-7035d9be5000 r--p 00000000 00:6a 25773383                   /usr/lib/x86_64-linux-gnu/libgcc_s.so.1
7035d9be5000-7035d9bfc000 r-xp 00003000 00:6a 25773383                   /usr/lib/x86_64-linux-gnu/libgcc_s.so.1
7035d9bfc000-7035d9c00000 r--p 0001a000 00:6a 25773383                   /usr/lib/x86_64-linux-gnu/libgcc_s.so.1
7035d9c00000-7035d9c01000 r--p 0001d000 00:6a 25773383                   /usr/lib/x86_64-linux-gnu/libgcc_s.so.1
7035d9c01000-7035d9c02000 rw-p 0001e000 00:6a 25773383                   /usr/lib/x86_64-linux-gnu/libgcc_s.so.1
7035d9c02000-7035d9c03000 r--p 00000000 00:6a 42020364                   /usr/lib/x86_64-linux-gnu/librt.so.1
7035d9c03000-7035d9c04000 r-xp 00001000 00:6a 42020364                   /usr/lib/x86_64-linux-gnu/librt.so.1
7035d9c04000-7035d9c05000 r--p 00002000 00:6a 42020364                   /usr/lib/x86_64-linux-gnu/librt.so.1
7035d9c05000-7035d9c06000 r--p 00002000 00:6a 42020364                   /usr/lib/x86_64-linux-gnu/librt.so.1
7035d9c06000-7035d9c07000 rw-p 00003000 00:6a 42020364                   /usr/lib/x86_64-linux-gnu/librt.so.1
7035d9c07000-7035d9c08000 r--p 00000000 00:6a 42020340                   /usr/lib/x86_64-linux-gnu/libdl.so.2
7035d9c08000-7035d9c09000 r-xp 00001000 00:6a 42020340                   /usr/lib/x86_64-linux-gnu/libdl.so.2
7035d9c09000-7035d9c0a000 r--p 00002000 00:6a 42020340                   /usr/lib/x86_64-linux-gnu/libdl.so.2
7035d9c0a000-7035d9c0b000 r--p 00002000 00:6a 42020340                   /usr/lib/x86_64-linux-gnu/libdl.so.2
7035d9c0b000-7035d9c0c000 rw-p 00003000 00:6a 42020340                   /usr/lib/x86_64-linux-gnu/libdl.so.2
7035d9c0c000-7035d9c0d000 r--p 00000000 00:6a 42020360                   /usr/lib/x86_64-linux-gnu/libpthread.so.0
7035d9c0d000-7035d9c0e000 r-xp 00001000 00:6a 42020360                   /usr/lib/x86_64-linux-gnu/libpthread.so.0
7035d9c0e000-7035d9c0f000 r--p 00002000 00:6a 42020360                   /usr/lib/x86_64-linux-gnu/libpthread.so.0
7035d9c0f000-7035d9c10000 r--p 00002000 00:6a 42020360                   /usr/lib/x86_64-linux-gnu/libpthread.so.0
7035d9c10000-7035d9c11000 rw-p 00003000 00:6a 42020360                   /usr/lib/x86_64-linux-gnu/libpthread.so.0
7035d9c11000-7035d9c12000 r--p 00000000 00:6a 10159920                   /home/ubuntu/.local/lib/python3.10/site-packages/torch/lib/libtorch_global_deps.so
7035d9c12000-7035d9c13000 r-xp 00001000 00:6a 10159920                   /home/ubuntu/.local/lib/python3.10/site-packages/torch/lib/libtorch_global_deps.so
7035d9c13000-7035d9c14000 r--p 00002000 00:6a 10159920                   /home/ubuntu/.local/lib/python3.10/site-packages/torch/lib/libtorch_global_deps.so
7035d9c14000-7035d9c15000 r--p 00002000 00:6a 10159920                   /home/ubuntu/.local/lib/python3.10/site-packages/torch/lib/libtorch_global_deps.so
7035d9c15000-7035d9c16000 rw-p 00003000 00:6a 10159920                   /home/ubuntu/.local/lib/python3.10/site-packages/torch/lib/libtorch_global_deps.so
7035d9c16000-7035d9c17000 rw-p 00004000 00:6a 10159920                   /home/ubuntu/.local/lib/python3.10/site-packages/torch/lib/libtorch_global_deps.so
7035d9c17000-7035d9d17000 rw-p 00000000 00:00 0 
7035d9d17000-7035d9d1a000 r--p 00000000 00:6a 25773409                   /usr/lib/x86_64-linux-gnu/liblzma.so.5.2.5
7035d9d1a000-7035d9d35000 r-xp 00003000 00:6a 25773409                   /usr/lib/x86_64-linux-gnu/liblzma.so.5.2.5
7035d9d35000-7035d9d40000 r--p 0001e000 00:6a 25773409                   /usr/lib/x86_64-linux-gnu/liblzma.so.5.2.5
7035d9d40000-7035d9d41000 r--p 00028000 00:6a 25773409                   /usr/lib/x86_64-linux-gnu/liblzma.so.5.2.5
7035d9d41000-7035d9d42000 rw-p 00029000 00:6a 25773409                   /usr/lib/x86_64-linux-gnu/liblzma.so.5.2.5
7035d9d42000-7035d9d45000 r--p 00000000 00:6a 10045271                   /usr/lib/python3.10/lib-dynload/_lzma.cpython-310-x86_64-linux-gnu.so
7035d9d45000-7035d9d49000 r-xp 00003000 00:6a 10045271                   /usr/lib/python3.10/lib-dynload/_lzma.cpython-310-x86_64-linux-gnu.so
7035d9d49000-7035d9d4c000 r--p 00007000 00:6a 10045271                   /usr/lib/python3.10/lib-dynload/_lzma.cpython-310-x86_64-linux-gnu.so
7035d9d4c000-7035d9d4d000 r--p 00009000 00:6a 10045271                   /usr/lib/python3.10/lib-dynload/_lzma.cpython-310-x86_64-linux-gnu.so
7035d9d4d000-7035d9d4e000 rw-p 0000a000 00:6a 10045271                   /usr/lib/python3.10/lib-dynload/_lzma.cpython-310-x86_64-linux-gnu.so
7035d9d4e000-7035d9f4e000 rw-p 00000000 00:00 0 
7035d9f4e000-7035d9f4f000 r--s 00000000 00:05 1197                       /dev/nvidiactl
7035d9f4f000-7035d9f51000 r--p 00000000 00:6a 10045288                   /usr/lib/python3.10/lib-dynload/mmap.cpython-310-x86_64-linux-gnu.so
7035d9f51000-7035d9f54000 r-xp 00002000 00:6a 10045288                   /usr/lib/python3.10/lib-dynload/mmap.cpython-310-x86_64-linux-gnu.so
7035d9f54000-7035d9f56000 r--p 00005000 00:6a 10045288                   /usr/lib/python3.10/lib-dynload/mmap.cpython-310-x86_64-linux-gnu.so
7035d9f56000-7035d9f57000 r--p 00006000 00:6a 10045288                   /usr/lib/python3.10/lib-dynload/mmap.cpython-310-x86_64-linux-gnu.so
7035d9f57000-7035d9f58000 rw-p 00007000 00:6a 10045288                   /usr/lib/python3.10/lib-dynload/mmap.cpython-310-x86_64-linux-gnu.so
7035d9f58000-7035d9f59000 r--p 00000000 00:6a 10174975                   /home/ubuntu/.local/lib/python3.10/site-packages/numpy/fft/_pocketfft_internal.cpython-310-x86_64-linux-gnu.so
7035d9f59000-7035d9f6c000 r-xp 00001000 00:6a 10174975                   /home/ubuntu/.local/lib/python3.10/site-packages/numpy/fft/_pocketfft_internal.cpython-310-x86_64-linux-gnu.so
7035d9f6c000-7035d9f6e000 r--p 00014000 00:6a 10174975                   /home/ubuntu/.local/lib/python3.10/site-packages/numpy/fft/_pocketfft_internal.cpython-310-x86_64-linux-gnu.so
7035d9f6e000-7035d9f6f000 r--p 00015000 00:6a 10174975                   /home/ubuntu/.local/lib/python3.10/site-packages/numpy/fft/_pocketfft_internal.cpython-310-x86_64-linux-gnu.so
7035d9f6f000-7035d9f70000 rw-p 00016000 00:6a 10174975                   /home/ubuntu/.local/lib/python3.10/site-packages/numpy/fft/_pocketfft_internal.cpython-310-x86_64-linux-gnu.so
7035d9f70000-7035d9f77000 r--p 00000000 00:6a 10175495                   /home/ubuntu/.local/lib/python3.10/site-packages/numpy/core/_multiarray_tests.cpython-310-x86_64-linux-gnu.so
7035d9f77000-7035d9f8e000 r-xp 00007000 00:6a 10175495                   /home/ubuntu/.local/lib/python3.10/site-packages/numpy/core/_multiarray_tests.cpython-310-x86_64-linux-gnu.so
7035d9f8e000-7035d9f94000 r--p 0001e000 00:6a 10175495                   /home/ubuntu/.local/lib/python3.10/site-packages/numpy/core/_multiarray_tests.cpython-310-x86_64-linux-gnu.so
7035d9f94000-7035d9f95000 r--p 00023000 00:6a 10175495                   /home/ubuntu/.local/lib/python3.10/site-packages/numpy/core/_multiarray_tests.cpython-310-x86_64-linux-gnu.so
7035d9f95000-7035d9f97000 rw-p 00024000 00:6a 10175495                   /home/ubuntu/.local/lib/python3.10/site-packages/numpy/core/_multiarray_tests.cpython-310-x86_64-linux-gnu.so
7035d9f97000-7035d9f99000 r--p 00000000 00:6a 25773378                   /usr/lib/x86_64-linux-gnu/libffi.so.8.1.0
7035d9f99000-7035d9fa0000 r-xp 00002000 00:6a 25773378                   /usr/lib/x86_64-linux-gnu/libffi.so.8.1.0
7035d9fa0000-7035d9fa1000 r--p 00009000 00:6a 25773378                   /usr/lib/x86_64-linux-gnu/libffi.so.8.1.0
7035d9fa1000-7035d9fa2000 ---p 0000a000 00:6a 25773378                   /usr/lib/x86_64-linux-gnu/libffi.so.8.1.0
7035d9fa2000-7035d9fa3000 r--p 0000a000 00:6a 25773378                   /usr/lib/x86_64-linux-gnu/libffi.so.8.1.0
7035d9fa3000-7035d9fa4000 rw-p 0000b000 00:6a 25773378                   /usr/lib/x86_64-linux-gnu/libffi.so.8.1.0
7035d9fa4000-7035d9faa000 r--p 00000000 00:6a 10045263                   /usr/lib/python3.10/lib-dynload/_ctypes.cpython-310-x86_64-linux-gnu.so
7035d9faa000-7035d9fba000 r-xp 00006000 00:6a 10045263                   /usr/lib/python3.10/lib-dynload/_ctypes.cpython-310-x86_64-linux-gnu.so
7035d9fba000-7035d9fc0000 r--p 00016000 00:6a 10045263                   /usr/lib/python3.10/lib-dynload/_ctypes.cpython-310-x86_64-linux-gnu.so
7035d9fc0000-7035d9fc1000 r--p 0001b000 00:6a 10045263                   /usr/lib/python3.10/lib-dynload/_ctypes.cpython-310-x86_64-linux-gnu.so
7035d9fc1000-7035d9fc5000 rw-p 0001c000 00:6a 10045263                   /usr/lib/python3.10/lib-dynload/_ctypes.cpython-310-x86_64-linux-gnu.so
7035d9fc5000-7035d9fc7000 r--p 00000000 00:6a 10045269                   /usr/lib/python3.10/lib-dynload/_json.cpython-310-x86_64-linux-gnu.so
7035d9fc7000-7035d9fce000 r-xp 00002000 00:6a 10045269                   /usr/lib/python3.10/lib-dynload/_json.cpython-310-x86_64-linux-gnu.so
7035d9fce000-7035d9fd0000 r--p 00009000 00:6a 10045269                   /usr/lib/python3.10/lib-dynload/_json.cpython-310-x86_64-linux-gnu.so
7035d9fd0000-7035d9fd1000 r--p 0000a000 00:6a 10045269                   /usr/lib/python3.10/lib-dynload/_json.cpython-310-x86_64-linux-gnu.so
7035d9fd1000-7035d9fd2000 rw-p 0000b000 00:6a 10045269                   /usr/lib/python3.10/lib-dynload/_json.cpython-310-x86_64-linux-gnu.so
7035d9fd2000-7035da0d2000 rw-p 00000000 00:00 0 
7035da0d2000-7035da0d3000 r--p 00000000 00:6a 11010632                   /home/ubuntu/.local/lib/python3.10/site-packages/tensorflow/lite/python/metrics/_pywrap_tensorflow_lite_metrics_wrapper.so
7035da0d3000-7035da0d4000 r-xp 00000000 00:6a 11010632                   /home/ubuntu/.local/lib/python3.10/site-packages/tensorflow/lite/python/metrics/_pywrap_tensorflow_lite_metrics_wrapper.so
7035da0d4000-7035da0d5000 r--p 00000000 00:6a 11010632                   /home/ubuntu/.local/lib/python3.10/site-packages/tensorflow/lite/python/metrics/_pywrap_tensorflow_lite_metrics_wrapper.so
7035da0d5000-7035da0d6000 rw-p 00000000 00:6a 11010632                   /home/ubuntu/.local/lib/python3.10/site-packages/tensorflow/lite/python/metrics/_pywrap_tensorflow_lite_metrics_wrapper.so
7035da0d6000-7035da0d8000 r--p 00000000 00:6a 25773357                   /usr/lib/x86_64-linux-gnu/libbz2.so.1.0.4
7035da0d8000-7035da0e5000 r-xp 00002000 00:6a 25773357                   /usr/lib/x86_64-linux-gnu/libbz2.so.1.0.4
7035da0e5000-7035da0e7000 r--p 0000f000 00:6a 25773357                   /usr/lib/x86_64-linux-gnu/libbz2.so.1.0.4
7035da0e7000-7035da0e8000 r--p 00010000 00:6a 25773357                   /usr/lib/x86_64-linux-gnu/libbz2.so.1.0.4
7035da0e8000-7035da0e9000 rw-p 00011000 00:6a 25773357                   /usr/lib/x86_64-linux-gnu/libbz2.so.1.0.4
7035da0e9000-7035da0ea000 r--p 00000000 00:6a 10045261                   /usr/lib/python3.10/lib-dynload/_contextvars.cpython-310-x86_64-linux-gnu.so
7035da0ea000-7035da0eb000 r-xp 00001000 00:6a 10045261                   /usr/lib/python3.10/lib-dynload/_contextvars.cpython-310-x86_64-linux-gnu.so
7035da0eb000-7035da0ec000 r--p 00002000 00:6a 10045261                   /usr/lib/python3.10/lib-dynload/_contextvars.cpython-310-x86_64-linux-gnu.so
7035da0ec000-7035da0ed000 r--p 00002000 00:6a 10045261                   /usr/lib/python3.10/lib-dynload/_contextvars.cpython-310-x86_64-linux-gnu.so
7035da0ed000-7035da0ee000 rw-p 00003000 00:6a 10045261                   /usr/lib/python3.10/lib-dynload/_contextvars.cpython-310-x86_64-linux-gnu.so
7035da0ee000-7035da0f0000 r--p 00000000 00:6a 10045254                   /usr/lib/python3.10/lib-dynload/_bz2.cpython-310-x86_64-linux-gnu.so
7035da0f0000-7035da0f3000 r-xp 00002000 00:6a 10045254                   /usr/lib/python3.10/lib-dynload/_bz2.cpython-310-x86_64-linux-gnu.so
7035da0f3000-7035da0f5000 r--p 00005000 00:6a 10045254                   /usr/lib/python3.10/lib-dynload/_bz2.cpython-310-x86_64-linux-gnu.so
7035da0f5000-7035da0f6000 r--p 00006000 00:6a 10045254                   /usr/lib/python3.10/lib-dynload/_bz2.cpython-310-x86_64-linux-gnu.so
7035da0f6000-7035da0f7000 rw-p 00007000 00:6a 10045254                   /usr/lib/python3.10/lib-dynload/_bz2.cpython-310-x86_64-linux-gnu.so
7035da0f7000-7035da359000 rw-p 00000000 00:00 0 
7035da359000-7035da360000 r--s 00000000 00:6a 42020870                   /usr/lib/x86_64-linux-gnu/gconv/gconv-modules.cache
7035da360000-7035da3b7000 r--p 00000000 00:6a 25642035                   /usr/lib/locale/C.utf8/LC_CTYPE
7035da3b7000-7035da3b9000 rw-p 00000000 00:00 0 
7035da3b9000-7035da3e1000 r--p 00000000 00:6a 42020336                   /usr/lib/x86_64-linux-gnu/libc.so.6
7035da3e1000-7035da576000 r-xp 00028000 00:6a 42020336                   /usr/lib/x86_64-linux-gnu/libc.so.6
7035da576000-7035da5ce000 r--p 001bd000 00:6a 42020336                   /usr/lib/x86_64-linux-gnu/libc.so.6
7035da5ce000-7035da5cf000 ---p 00215000 00:6a 42020336                   /usr/lib/x86_64-linux-gnu/libc.so.6
7035da5cf000-7035da5d3000 r--p 00215000 00:6a 42020336                   /usr/lib/x86_64-linux-gnu/libc.so.6
7035da5d3000-7035da5d5000 rw-p 00219000 00:6a 42020336                   /usr/lib/x86_64-linux-gnu/libc.so.6
7035da5d5000-7035da5e2000 rw-p 00000000 00:00 0 
7035da5e2000-7035da5e4000 r--p 00000000 00:6a 25773489                   /usr/lib/x86_64-linux-gnu/libz.so.1.2.11
7035da5e4000-7035da5f5000 r-xp 00002000 00:6a 25773489                   /usr/lib/x86_64-linux-gnu/libz.so.1.2.11
7035da5f5000-7035da5fb000 r--p 00013000 00:6a 25773489                   /usr/lib/x86_64-linux-gnu/libz.so.1.2.11
7035da5fb000-7035da5fc000 ---p 00019000 00:6a 25773489                   /usr/lib/x86_64-linux-gnu/libz.so.1.2.11
7035da5fc000-7035da5fd000 r--p 00019000 00:6a 25773489                   /usr/lib/x86_64-linux-gnu/libz.so.1.2.11
7035da5fd000-7035da5fe000 rw-p 0001a000 00:6a 25773489                   /usr/lib/x86_64-linux-gnu/libz.so.1.2.11
7035da5fe000-7035da602000 r--p 00000000 00:6a 9914585                    /usr/lib/x86_64-linux-gnu/libexpat.so.1.8.7
7035da602000-7035da621000 r-xp 00004000 00:6a 9914585                    /usr/lib/x86_64-linux-gnu/libexpat.so.1.8.7
7035da621000-7035da62b000 r--p 00023000 00:6a 9914585                    /usr/lib/x86_64-linux-gnu/libexpat.so.1.8.7
7035da62b000-7035da62c000 ---p 0002d000 00:6a 9914585                    /usr/lib/x86_64-linux-gnu/libexpat.so.1.8.7
7035da62c000-7035da62e000 r--p 0002d000 00:6a 9914585                    /usr/lib/x86_64-linux-gnu/libexpat.so.1.8.7
7035da62e000-7035da62f000 rw-p 0002f000 00:6a 9914585                    /usr/lib/x86_64-linux-gnu/libexpat.so.1.8.7
7035da62f000-7035da63d000 r--p 00000000 00:6a 42020342                   /usr/lib/x86_64-linux-gnu/libm.so.6
7035da63d000-7035da6b9000 r-xp 0000e000 00:6a 42020342                   /usr/lib/x86_64-linux-gnu/libm.so.6
7035da6b9000-7035da714000 r--p 0008a000 00:6a 42020342                   /usr/lib/x86_64-linux-gnu/libm.so.6
7035da714000-7035da715000 r--p 000e4000 00:6a 42020342                   /usr/lib/x86_64-linux-gnu/libm.so.6
7035da715000-7035da716000 rw-p 000e5000 00:6a 42020342                   /usr/lib/x86_64-linux-gnu/libm.so.6
7035da716000-7035da717000 r--p 00000000 00:6a 10045507                   /usr/lib/python3.10/lib-dynload/_opcode.cpython-310-x86_64-linux-gnu.so
7035da717000-7035da718000 r-xp 00001000 00:6a 10045507                   /usr/lib/python3.10/lib-dynload/_opcode.cpython-310-x86_64-linux-gnu.so
7035da718000-7035da719000 r--p 00002000 00:6a 10045507                   /usr/lib/python3.10/lib-dynload/_opcode.cpython-310-x86_64-linux-gnu.so
7035da719000-7035da71a000 r--p 00002000 00:6a 10045507                   /usr/lib/python3.10/lib-dynload/_opcode.cpython-310-x86_64-linux-gnu.so
7035da71a000-7035da71b000 rw-p 00003000 00:6a 10045507                   /usr/lib/python3.10/lib-dynload/_opcode.cpython-310-x86_64-linux-gnu.so
7035da71b000-7035da71d000 rw-p 00000000 00:00 0 
7035da71d000-7035da71f000 r--p 00000000 00:6a 42020330                   /usr/lib/x86_64-linux-gnu/ld-linux-x86-64.so.2
7035da71f000-7035da749000 r-xp 00002000 00:6a 42020330                   /usr/lib/x86_64-linux-gnu/ld-linux-x86-64.so.2
7035da749000-7035da754000 r--p 0002c000 00:6a 42020330                   /usr/lib/x86_64-linux-gnu/ld-linux-x86-64.so.2
7035da754000-7035da755000 ---p 00000000 00:00 0 
7035da755000-7035da757000 r--p 00037000 00:6a 42020330                   /usr/lib/x86_64-linux-gnu/ld-linux-x86-64.so.2
7035da757000-7035da759000 rw-p 00039000 00:6a 42020330                   /usr/lib/x86_64-linux-gnu/ld-linux-x86-64.so.2
7ffd346f5000-7ffd346f9000 ---p 00000000 00:00 0 
7ffd346f9000-7ffd347f5000 rw-p 00000000 00:00 0                          [stack]
7ffd347f8000-7ffd347fc000 r--p 00000000 00:00 0                          [vvar]
7ffd347fc000-7ffd347fe000 r-xp 00000000 00:00 0                          [vdso]
ffffffffff600000-ffffffffff601000 --xp 00000000 00:00 0                  [vsyscall]


VM Arguments:
java_command: <unknown>
java_class_path (initial): /home/ubuntu/.local/lib/python3.10/site-packages/pyserini/resources/jars/anserini-0.22.1-fatjar.jar:/home/ubuntu/.local/lib/python3.10/site-packages/jnius/src
Launcher Type: generic

[Global flags]
     intx CICompilerCount                          = 12                                        {product} {ergonomic}
     uint ConcGCThreads                            = 4                                         {product} {ergonomic}
     uint G1ConcRefinementThreads                  = 15                                        {product} {ergonomic}
   size_t G1HeapRegionSize                         = 16777216                                  {product} {ergonomic}
    uintx GCDrainStackTargetSize                   = 64                                        {product} {ergonomic}
   size_t InitialHeapSize                          = 2147483648                                {product} {ergonomic}
   size_t MarkStackSize                            = 4194304                                   {product} {ergonomic}
   size_t MaxHeapSize                              = 32178700288                               {product} {ergonomic}
   size_t MaxNewSize                               = 19293798400                               {product} {ergonomic}
   size_t MinHeapDeltaBytes                        = 16777216                                  {product} {ergonomic}
   size_t MinHeapSize                              = 16777216                                  {product} {ergonomic}
    uintx NonNMethodCodeHeapSize                   = 7602480                                {pd product} {ergonomic}
    uintx NonProfiledCodeHeapSize                  = 122027880                              {pd product} {ergonomic}
    uintx ProfiledCodeHeapSize                     = 122027880                              {pd product} {ergonomic}
    uintx ReservedCodeCacheSize                    = 251658240                              {pd product} {ergonomic}
     bool SegmentedCodeCache                       = true                                      {product} {ergonomic}
   size_t SoftMaxHeapSize                          = 32178700288                            {manageable} {ergonomic}
     bool UseCompressedClassPointers               = true                           {product lp64_product} {ergonomic}
     bool UseCompressedOops                        = true                           {product lp64_product} {ergonomic}
     bool UseG1GC                                  = true                                      {product} {ergonomic}

Logging:
Log output configuration:
 #0: stdout all=off uptime,level,tags
 #1: stderr all=off uptime,level,tags

Environment Variables:
PATH=/home/ubuntu/.local/bin:/usr/local/sbin:/usr/local/bin:/usr/sbin:/usr/bin:/sbin:/bin:/usr/games:/usr/local/games:/snap/bin
SHELL=/bin/bash
LC_CTYPE=C.UTF-8
TERM=xterm-256color

Active Locale:
LC_ALL=LC_CTYPE=C.UTF-8;LC_NUMERIC=C;LC_TIME=C;LC_COLLATE=C;LC_MONETARY=C;LC_MESSAGES=C;LC_PAPER=C;LC_NAME=C;LC_ADDRESS=C;LC_TELEPHONE=C;LC_MEASUREMENT=C;LC_IDENTIFICATION=C
LC_COLLATE=C
LC_CTYPE=C.UTF-8
LC_MESSAGES=C
LC_MONETARY=C
LC_NUMERIC=C
LC_TIME=C

Signal Handlers:
   SIGSEGV: crash_handler in libjvm.so, mask=11100100010111111101111111111110, flags=SA_RESTART|SA_SIGINFO, unblocked
    SIGBUS: crash_handler in libjvm.so, mask=11100100010111111101111111111110, flags=SA_RESTART|SA_SIGINFO, unblocked
    SIGFPE: crash_handler in libjvm.so, mask=11100100010111111101111111111110, flags=SA_RESTART|SA_SIGINFO, unblocked
   SIGPIPE: javaSignalHandler in libjvm.so, mask=11100100010111111101111111111110, flags=SA_RESTART|SA_SIGINFO, blocked
  *** Handler was modified!
  *** Expected: 0x00006142e4170400, mask=00001100011011110011110111000111, flags=SA_RESTART|SA_SIGINFO
   SIGXFSZ: javaSignalHandler in libjvm.so, mask=11100100010111111101111111111110, flags=SA_RESTART|SA_SIGINFO, blocked
  *** Handler was modified!
  *** Expected: 0x00006142e40602c0, mask=00001100011111101101011101100111, flags=SA_RESTART|SA_SIGINFO
    SIGILL: crash_handler in libjvm.so, mask=11100100010111111101111111111110, flags=SA_RESTART|SA_SIGINFO, unblocked
   SIGUSR2: SR_handler in libjvm.so, mask=00100000000000000000000000000000, flags=SA_RESTART|SA_SIGINFO, blocked
  *** Handler was modified!
  *** Expected: 0x00006142e3f65ae0, mask=00000011010000000110000000100111, flags=SA_RESTART|SA_SIGINFO
    SIGHUP: UserHandler in libjvm.so, mask=11100100010111111101111111111110, flags=SA_RESTART|SA_SIGINFO, blocked
    SIGINT: UserHandler in libjvm.so, mask=11100100010111111101111111111110, flags=SA_RESTART|SA_SIGINFO, blocked
   SIGTERM: UserHandler in libjvm.so, mask=11100100010111111101111111111110, flags=SA_RESTART|SA_SIGINFO, blocked
   SIGQUIT: UserHandler in libjvm.so, mask=11100100010111111101111111111110, flags=SA_RESTART|SA_SIGINFO, blocked
   SIGTRAP: crash_handler in libjvm.so, mask=11100100010111111101111111111110, flags=SA_RESTART|SA_SIGINFO, unblocked


Periodic native trim disabled


---------------  S Y S T E M  ---------------

OS:
DISTRIB_ID=Ubuntu
DISTRIB_RELEASE=22.04
DISTRIB_CODENAME=jammy
DISTRIB_DESCRIPTION="Ubuntu 22.04.4 LTS"
uname: Linux 6.8.0-88-generic #89-Ubuntu SMP PREEMPT_DYNAMIC Sat Oct 11 01:02:46 UTC 2025 x86_64
OS uptime: 8 days 1:20 hours
libc: glibc 2.35 NPTL 2.35 
rlimit (soft/hard): STACK 8192k/infinity , CORE infinity/infinity , NPROC infinity/infinity , NOFILE 1048576/1048576 , AS infinity/infinity , CPU infinity/infinity , DATA infinity/infinity , FSIZE infinity/infinity , MEMLOCK 8192k/8192k
load average: 15.12 13.31 12.68

/proc/meminfo:
MemTotal:       395724324 kB
MemFree:        114497444 kB
MemAvailable:   232185424 kB
Buffers:         3537792 kB
Cached:         112430144 kB
SwapCached:          116 kB
Active:         98615808 kB
Inactive:       80474428 kB
Active(anon):   62722768 kB
Inactive(anon):   416900 kB
Active(file):   35893040 kB
Inactive(file): 80057528 kB
Unevictable:           0 kB
Mlocked:               0 kB
SwapTotal:      268435452 kB
SwapFree:       268400636 kB
Zswap:                 0 kB
Zswapped:              0 kB
Dirty:              3648 kB
Writeback:            20 kB
AnonPages:      63122460 kB
Mapped:         18155520 kB
Shmem:             17380 kB
KReclaimable:    4816896 kB
Slab:            6052132 kB
SReclaimable:    4816896 kB
SUnreclaim:      1235236 kB
KernelStack:       25712 kB
PageTables:       340444 kB
SecPageTables:         0 kB
NFS_Unstable:          0 kB
Bounce:                0 kB
WritebackTmp:          0 kB
CommitLimit:    466297612 kB
Committed_AS:   83664336 kB
VmallocTotal:   34359738367 kB
VmallocUsed:      325768 kB
VmallocChunk:          0 kB
Percpu:            58400 kB
HardwareCorrupted: 94901292 kB
AnonHugePages:      6144 kB
ShmemHugePages:        0 kB
ShmemPmdMapped:        0 kB
FileHugePages:         0 kB
FilePmdMapped:         0 kB
Unaccepted:            0 kB
HugePages_Total:       0
HugePages_Free:        0
HugePages_Rsvd:        0
HugePages_Surp:        0
Hugepagesize:       2048 kB
Hugetlb:               0 kB
DirectMap4k:     7910320 kB
DirectMap2M:    184702976 kB
DirectMap1G:    209715200 kB

/sys/kernel/mm/transparent_hugepage/enabled: always [madvise] never
/sys/kernel/mm/transparent_hugepage/hpage_pmd_size: 2097152
/sys/kernel/mm/transparent_hugepage/defrag (defrag/compaction efforts parameter): always defer defer+madvise [madvise] never

Process Memory:
Virtual Size: 173479944K (peak: 179200588K)
Resident Set Size: 68550240K (peak: 74236628K) (anon: 51705884K, file: 16832196K, shmem: 12160K)
Swapped out: 0K
C-Heap outstanding allocations: 30658512K, retained: 2784547K
glibc malloc tunables: (default)

/proc/sys/kernel/threads-max (system-wide limit on the number of threads): 3090908
/proc/sys/vm/max_map_count (maximum number of memory map areas a process may have): 1048576
/proc/sys/vm/swappiness (control to define how aggressively the kernel swaps out anonymous memory): 60
/proc/sys/kernel/pid_max (system-wide limit on number of process identifiers): 4194304

container (cgroup) information:
container_type: cgroupv2
cpu_cpuset_cpus: not supported
cpu_memory_nodes: not supported
active_processor_count: 20
cpu_quota: no quota
cpu_period: 100000
cpu_shares: no shares
memory_limit_in_bytes: unlimited
memory_and_swap_limit_in_bytes: unlimited
memory_soft_limit_in_bytes: 0
memory_usage_in_bytes: 55642680 k
memory_max_usage_in_bytes: not supported
memory_swap_current_in_bytes: 0
memory_swap_max_limit_in_bytes: unlimited
maximum number of tasks: 463636
current number of tasks: 291

Steal ticks since vm start: 0
Steal ticks percentage since vm start:  0.000

CPU: total 20 (initial active 20) (10 cores per cpu, 2 threads per core) family 6 model 85 stepping 7 microcode 0x5003901, cx8, cmov, fxsr, ht, mmx, 3dnowpref, sse, sse2, sse3, ssse3, sse4.1, sse4.2, popcnt, lzcnt, tsc, tscinvbit, avx, avx2, aes, erms, clmul, bmi1, bmi2, adx, avx512f, avx512dq, avx512cd, avx512bw, avx512vl, fma, vzeroupper, avx512_vnni, clflush, clflushopt, clwb
CPU Model and flags from /proc/cpuinfo:
model name	: Intel(R) Xeon(R) W-2255 CPU @ 3.70GHz
flags		: fpu vme de pse tsc msr pae mce cx8 apic sep mtrr pge mca cmov pat pse36 clflush dts acpi mmx fxsr sse sse2 ss ht tm pbe syscall nx pdpe1gb rdtscp lm constant_tsc art arch_perfmon pebs bts rep_good nopl xtopology nonstop_tsc cpuid aperfmperf pni pclmulqdq dtes64 monitor ds_cpl vmx smx est tm2 ssse3 sdbg fma cx16 xtpr pdcm pcid dca sse4_1 sse4_2 x2apic movbe popcnt tsc_deadline_timer aes xsave avx f16c rdrand lahf_lm abm 3dnowprefetch cpuid_fault epb cat_l3 cdp_l3 intel_ppin ssbd mba ibrs ibpb stibp ibrs_enhanced tpr_shadow flexpriority ept vpid ept_ad fsgsbase tsc_adjust bmi1 avx2 smep bmi2 erms invpcid cqm mpx rdt_a avx512f avx512dq rdseed adx smap clflushopt clwb intel_pt avx512cd avx512bw avx512vl xsaveopt xsavec xgetbv1 xsaves cqm_llc cqm_occup_llc cqm_mbm_total cqm_mbm_local dtherm ida arat pln pts hwp hwp_act_window hwp_epp hwp_pkg_req vnmi avx512_vnni md_clear flush_l1d arch_capabilities ibpb_exit_to_user

Online cpus: 0-19
Offline cpus: 
BIOS frequency limitation: <Not Available>
Frequency switch latency (ns): 0
Available cpu frequencies: <Not Available>
Current governor: powersave
Core performance/turbo boost: <Not Available>

Memory: 4k page, physical 395724324k(114523828k free), swap 268435452k(268400636k free)
Page Sizes: 4k

vm_info: OpenJDK 64-Bit Server VM (17.0.16+8-Ubuntu-0ubuntu122.04.1) for linux-amd64 JRE (17.0.16+8-Ubuntu-0ubuntu122.04.1), built on Jul 17 2025 00:00:46 by "buildd" with gcc 11.4.0

END.
