#
# A fatal error has been detected by the Java Runtime Environment:
#
#  SIGSEGV (0xb) at pc=0x00007effbd36933f, pid=154306, tid=154306
#
# JRE version: OpenJDK Runtime Environment (17.0.16+8) (build 17.0.16+8-Ubuntu-0ubuntu122.04.1)
# Java VM: OpenJDK 64-Bit Server VM (17.0.16+8-Ubuntu-0ubuntu122.04.1, mixed mode, sharing, tiered, compressed oops, compressed class ptrs, g1 gc, linux-amd64)
# Problematic frame:
# C  [libc10.so+0x8a33f]  c10::impl::getGlobalPyInterpreter()+0xf
#
# Core dump will be written. Default location: Core dumps may be processed with "/usr/share/apport/apport -p%p -s%s -c%c -d%d -P%P -u%u -g%g -F%F -- %E" (or dumping to /home/ubuntu/tbazzocchi/FRAG/MedRAG/core.154306)
#
# If you would like to submit a bug report, please visit:
#   https://bugs.launchpad.net/ubuntu/+source/openjdk-17
# The crash happened outside the Java Virtual Machine in native code.
# See problematic frame for where to report the bug.
#

---------------  S U M M A R Y ------------

Command Line: 

Host: Intel(R) Xeon(R) W-2255 CPU @ 3.70GHz, 20 cores, 377G, Ubuntu 22.04.4 LTS
Time: Wed Nov 12 13:14:05 2025 UTC elapsed time: 601.608920 seconds (0d 0h 10m 1s)

---------------  T H R E A D  ---------------

Current thread (0x0000563bdc404f40):  JavaThread "main" [_thread_in_native, id=154306, stack(0x00007ffea1c71000,0x00007ffea1d71000)]

Stack: [0x00007ffea1c71000,0x00007ffea1d71000],  sp=0x00007ffea1d6c430,  free space=1005k
Native frames: (J=compiled Java code, j=interpreted, Vv=VM code, C=native code)
C  [libc10.so+0x8a33f]  c10::impl::getGlobalPyInterpreter()+0xf


siginfo: si_signo: 11 (SIGSEGV), si_code: 1 (SEGV_MAPERR), si_addr: 0x0000563ac05a01a2

Registers:
RAX=0x0000563ac05a0192, RBX=0x00007ef8af7954e0, RCX=0x0000000000085600, RDX=0x0000564246b67460
RSP=0x00007ffea1d6c430, RBP=0x0000563fdd13c240, RSI=0x0000000000000000, RDI=0x0000563fa39d2000
R8 =0x0000000000000050, R9 =0x0000563bd40454f0, R10=0x00007ef8af7c40b0, R11=0x00007ef8af7954d0
R12=0x0000000000000000, R13=0x00007ef8af7954f8, R14=0x0000563fdd13c270, R15=0x00007ef8af7a1688
RIP=0x00007effbd36933f, EFLAGS=0x0000000000010202, CSGSFS=0x002b000000000033, ERR=0x0000000000000004
  TRAPNO=0x000000000000000e

XMM[0]=0x0000000000000000 0x0000000000000000
XMM[1]=0x0000000000000000 0x00007ef8af7c40b0
XMM[2]=0x00007ef8af7c40b0 0x0000563bd40454f0
XMM[3]=0x0000000000000000 0x00007effb87f74d8
XMM[4]=0x0000000000000000 0x00007effb87f7cb8
XMM[5]=0x00007ffea1d6b9dc 0x0000000000000000
XMM[6]=0x0000000000000000 0x0000000000000000
XMM[7]=0x0000000000000000 0x0000000000000000
XMM[8]=0x0000000000000000 0x0000000000000000
XMM[9]=0x0000000000000000 0x0000000000000000
XMM[10]=0x0000000000000000 0x0000000000000000
XMM[11]=0x0000000000000000 0x0000000000000000
XMM[12]=0x0000000000000000 0x0000000000000000
XMM[13]=0x0000000000000000 0x0000000000000000
XMM[14]=0x0000000000000000 0x0000000000000000
XMM[15]=0x0000000000000000 0x00007ef754bf9400
  MXCSR=0x00001fa3


Register to memory mapping:

RAX=0x0000563ac05a0192 is an unknown value
RBX=0x00007ef8af7954e0 points into unknown readable memory: 0x0000000000000001 | 01 00 00 00 00 00 00 00
RCX=0x0000000000085600 is an unknown value
RDX=0x0000564246b67460 points into unknown readable memory: 0x0000000000000025 | 25 00 00 00 00 00 00 00
RSP=0x00007ffea1d6c430 is pointing into the stack for thread: 0x0000563bdc404f40
RBP=0x0000563fdd13c240 points into unknown readable memory: 0x00007effbd3e1028 | 28 10 3e bd ff 7e 00 00
RSI=0x0 is NULL
RDI=0x0000563fa39d2000 points into unknown readable memory: 0x0000563f950b5db0 | b0 5d 0b 95 3f 56 00 00
R8 =0x0000000000000050 is an unknown value
R9 =0x0000563bd40454f0 points into unknown readable memory: 0x00007ef8b306fa20 | 20 fa 06 b3 f8 7e 00 00
R10=0x00007ef8af7c40b0 points into unknown readable memory: 0x00007ef8af7954d0 | d0 54 79 af f8 7e 00 00
R11=0x00007ef8af7954d0 points into unknown readable memory: 0x0000563bd40454f0 | f0 54 04 d4 3b 56 00 00
R12=0x0 is NULL
R13=0x00007ef8af7954f8 points into unknown readable memory: 0x0000563fdd13c240 | 40 c2 13 dd 3f 56 00 00
R14=0x0000563fdd13c270 points into unknown readable memory: 0x0000000000000000 | 00 00 00 00 00 00 00 00
R15=0x00007ef8af7a1688 points into unknown readable memory: 0x000056414fc030b0 | b0 30 c0 4f 41 56 00 00


Top of Stack: (sp=0x00007ffea1d6c430)
0x00007ffea1d6c430:   00007ef8af7a1688 00007effb44dba2d
0x00007ffea1d6c440:   0000000000000000 00007ffea1d6c5c0
0x00007ffea1d6c450:   00007ffea1d6c520 00007effa0d44500
0x00007ffea1d6c460:   0000563bd40e0c00 00007effbd3ea540
0x00007ffea1d6c470:   00007effb513a3a0 00007effb419b51e
0x00007ffea1d6c480:   0000000000000002 00007ffea1d6c690
0x00007ffea1d6c490:   00007ffea1d6c5c0 00007ffea1d6c690
0x00007ffea1d6c4a0:   0000563bd51a6258 0000003000010002
0x00007ffea1d6c4b0:   00007ffea1d6c520 00007effa3fd31d2
0x00007ffea1d6c4c0:   00007ffea1d6c5d8 00007effa18e4775
0x00007ffea1d6c4d0:   0000000000000000 00007ef8af7c40c0
0x00007ffea1d6c4e0:   0000000000000002 00007ffea1d6c5d8
0x00007ffea1d6c4f0:   00007effb3661d50 00007ffea1d6c680
0x00007ffea1d6c500:   00007ffea1d6c5d8 00007effb868298c
0x00007ffea1d6c510:   0000000000000020 2544e36eec3a9600
0x00007ffea1d6c520:   0000563e1e8dacd0 ffffffffffffff80
0x00007ffea1d6c530:   0000000000000000 00007effbe000140
0x00007ffea1d6c540:   0000563bd4045270 0000563bd40610e0
0x00007ffea1d6c550:   0000563bd3b37cd0 0000563bd3b37b20
0x00007ffea1d6c560:   0000563bd3b37d28 0000563bd36db15a
0x00007ffea1d6c570:   0000563bd3b37c78 00007effbd3ea540
0x00007ffea1d6c580:   00007ffea1d6c690 00007ffea1d6c680
0x00007ffea1d6c590:   00007ef800000000 00007effbe0a6453
0x00007ffea1d6c5a0:   00007ffea1d6c720 00007effbd3ea540
0x00007ffea1d6c5b0:   00007ffea1d6c690 00007effbd368060
0x00007ffea1d6c5c0:   00007ffea1d6c790 00007effb44dbcec
0x00007ffea1d6c5d0:   00007ffea1d6c720 00007ffea1d6c690
0x00007ffea1d6c5e0:   00007ffea1d6c680 00007ffea1d6c790
0x00007ffea1d6c5f0:   00007ffea1d6c6f0 00007ffea1d6c720
0x00007ffea1d6c600:   00007ffea1d6c690 00007effb44e87b8
0x00007ffea1d6c610:   00007ffea1d6c690 0000000000000002
0x00007ffea1d6c620:   00007ffea1d6c670 00007ffea1d6c6d0 

Instructions: (pc=0x00007effbd36933f)
0x00007effbd36923f:   4c 39 c1 75 dc 4c 3b 73 10 75 d6 4c 89 54 24 10
0x00007effbd36924f:   4c 89 44 24 08 4d 85 f6 74 29 48 8b 73 08 48 8b
0x00007effbd36925f:   7c 24 30 4c 89 f2 4c 89 4c 24 18 e8 21 f4 f9 ff
0x00007effbd36926f:   4c 8b 4c 24 18 4c 8b 44 24 08 85 c0 4c 8b 54 24
0x00007effbd36927f:   10 75 9e 49 8b 19 48 85 db 0f 85 dc fe ff ff 4c
0x00007effbd36928f:   8b 74 24 30 48 c7 44 24 28 00 00 00 00 e9 e8 fe
0x00007effbd36929f:   ff ff 0f 1f 80 00 00 00 00 bf 08 00 00 00 e8 9e
0x00007effbd3692af:   fd f9 ff 48 8b 15 c7 89 07 00 48 8b 7c 24 28 48
0x00007effbd3692bf:   89 05 0b 14 08 00 48 83 c2 10 48 89 10 48 85 ff
0x00007effbd3692cf:   0f 84 e2 fe ff ff 48 8b 07 48 8d 15 81 00 00 00
0x00007effbd3692df:   48 8b 40 08 48 39 d0 75 18 be 08 00 00 00 e8 ee
0x00007effbd3692ef:   fd f9 ff e9 c0 fe ff ff 66 0f 1f 84 00 00 00 00
0x00007effbd3692ff:   00 ff d0 e9 b0 fe ff ff e8 34 f2 f9 ff 48 89 c3
0x00007effbd36930f:   e9 b8 4f fa ff 48 89 c3 e9 c9 4f fa ff 48 89 c3
0x00007effbd36931f:   e9 b1 4f fa ff 66 66 2e 0f 1f 84 00 00 00 00 00
0x00007effbd36932f:   90 48 83 ec 08 e8 47 03 fa ff 48 89 c7 48 8b 00
0x00007effbd36933f:   48 8b 40 10 48 83 c4 08 ff e0 0f 1f 80 00 00 00
0x00007effbd36934f:   00 c3 66 2e 0f 1f 84 00 00 00 00 00 0f 1f 44 00
0x00007effbd36935f:   00 be 08 00 00 00 e9 76 fd f9 ff 66 0f 1f 44 00
0x00007effbd36936f:   00 48 83 ec 08 48 8d 0d 25 9a 04 00 ba 11 00 00
0x00007effbd36937f:   00 48 8d 35 71 9a 04 00 48 8d 3d 96 9a 04 00 e8
0x00007effbd36938f:   fd 0f fa ff 66 2e 0f 1f 84 00 00 00 00 00 0f 1f
0x00007effbd36939f:   00 48 8b 3f 48 85 ff 74 20 48 8b 07 48 8d 15 ae
0x00007effbd3693af:   ff ff ff 48 8b 40 08 48 39 d0 75 15 be 08 00 00
0x00007effbd3693bf:   00 e9 1b fd f9 ff 0f 1f 00 c3 0f 1f 80 00 00 00
0x00007effbd3693cf:   00 ff e0 66 2e 0f 1f 84 00 00 00 00 00 0f 1f 40
0x00007effbd3693df:   00 66 0f ef c0 0f 11 07 c3 0f 1f 84 00 00 00 00
0x00007effbd3693ef:   00 48 8b 07 c3 66 66 2e 0f 1f 84 00 00 00 00 00
0x00007effbd3693ff:   90 48 8b 47 08 48 83 e0 fe c3 90 66 0f 1f 44 00
0x00007effbd36940f:   00 48 8b 07 48 85 c0 74 01 c3 50 48 8d 0d 5f 9a
0x00007effbd36941f:   04 00 ba 2a 00 00 00 48 8d 35 8b 9a 04 00 48 8d
0x00007effbd36942f:   3d af 9b 04 00 e8 57 0f fa ff 90 66 0f 1f 44 00 


Stack slot to memory mapping:
stack at sp + 0 slots: 0x00007ef8af7a1688 points into unknown readable memory: 0x000056414fc030b0 | b0 30 c0 4f 41 56 00 00
stack at sp + 1 slots: 0x00007effb44dba2d: <offset 0x00000000007d1a2d> in /home/ubuntu/.local/lib/python3.10/site-packages/torch/lib/libtorch_python.so at 0x00007effb3d0a000
stack at sp + 2 slots: 0x0 is NULL
stack at sp + 3 slots: 0x00007ffea1d6c5c0 is pointing into the stack for thread: 0x0000563bdc404f40
stack at sp + 4 slots: 0x00007ffea1d6c520 is pointing into the stack for thread: 0x0000563bdc404f40
stack at sp + 5 slots: 0x00007effa0d44500: _ZN2at27getStepCallbacksUnlessEmptyENS_11RecordScopeE+0x0000000000000000 in /home/ubuntu/.local/lib/python3.10/site-packages/torch/lib/libtorch_cpu.so at 0x00007eff9f3b3000
stack at sp + 6 slots: 0x0000563bd40e0c00 points into unknown readable memory: 0x00007effbddd61b0 | b0 61 dd bd ff 7e 00 00
stack at sp + 7 slots: 0x00007effbd3ea540: _ZN3c1019UndefinedTensorImpl10_singletonE+0x0000000000000000 in /home/ubuntu/.local/lib/python3.10/site-packages/torch/lib/libc10.so at 0x00007effbd2df000


---------------  P R O C E S S  ---------------

Threads class SMR info:
_java_thread_list=0x00007ef3607a91d0, length=12, elements={
0x0000563bdc404f40, 0x0000563bde6240f0, 0x0000563bde624eb0, 0x0000563bde626590,
0x0000563bde627c40, 0x0000563bde629370, 0x0000563bde62ace0, 0x0000563bde62c530,
0x0000563bde62dcc0, 0x0000563bde635020, 0x0000563bde64f450, 0x00007efd840019f0
}

Java Threads: ( => current thread )
=>0x0000563bdc404f40 JavaThread "main" [_thread_in_native, id=154306, stack(0x00007ffea1c71000,0x00007ffea1d71000)]
  0x0000563bde6240f0 JavaThread "Reference Handler" daemon [_thread_blocked, id=154358, stack(0x00007efdf43da000,0x00007efdf44da000)]
  0x0000563bde624eb0 JavaThread "Finalizer" daemon [_thread_blocked, id=154359, stack(0x00007efdf42da000,0x00007efdf43da000)]
  0x0000563bde626590 JavaThread "Signal Dispatcher" daemon [_thread_blocked, id=154360, stack(0x00007efdf41da000,0x00007efdf42da000)]
  0x0000563bde627c40 JavaThread "Service Thread" daemon [_thread_blocked, id=154361, stack(0x00007efdf40da000,0x00007efdf41da000)]
  0x0000563bde629370 JavaThread "Monitor Deflation Thread" daemon [_thread_blocked, id=154362, stack(0x00007efd9af00000,0x00007efd9b000000)]
  0x0000563bde62ace0 JavaThread "C2 CompilerThread0" daemon [_thread_blocked, id=154363, stack(0x00007efd9ae00000,0x00007efd9af00000)]
  0x0000563bde62c530 JavaThread "C1 CompilerThread0" daemon [_thread_blocked, id=154364, stack(0x00007efd9ad00000,0x00007efd9ae00000)]
  0x0000563bde62dcc0 JavaThread "Sweeper thread" daemon [_thread_blocked, id=154365, stack(0x00007efd9ac00000,0x00007efd9ad00000)]
  0x0000563bde635020 JavaThread "Notification Thread" daemon [_thread_blocked, id=154366, stack(0x00007efd9ab00000,0x00007efd9ac00000)]
  0x0000563bde64f450 JavaThread "Common-Cleaner" daemon [_thread_blocked, id=154368, stack(0x00007efd9a7ff000,0x00007efd9a8ff000)]
  0x00007efd840019f0 JavaThread "SIGHUP handler" daemon [_thread_blocked, id=156086, stack(0x00007efd9a2ff000,0x00007efd9a3ff000)]

Other Threads:
  0x0000563bdc3582c0 VMThread "VM Thread" [stack: 0x00007efdf44db000,0x00007efdf45db000] [id=154357]
  0x0000563bdc257aa0 GCTaskThread "GC Thread#0" [stack: 0x00007efdf6ab1000,0x00007efdf6bb1000] [id=154352]
  0x00007efd94007520 GCTaskThread "GC Thread#1" [stack: 0x00007ef8a5f00000,0x00007ef8a6000000] [id=154851]
  0x00007efd94008090 GCTaskThread "GC Thread#2" [stack: 0x00007ef8a5dff000,0x00007ef8a5eff000] [id=154852]
  0x00007efd94008b80 GCTaskThread "GC Thread#3" [stack: 0x00007ef8a5cfe000,0x00007ef8a5dfe000] [id=154853]
  0x00007efd94009730 GCTaskThread "GC Thread#4" [stack: 0x00007ef8a5bfd000,0x00007ef8a5cfd000] [id=154854]
  0x00007efd9400a300 GCTaskThread "GC Thread#5" [stack: 0x00007ef8a5afc000,0x00007ef8a5bfc000] [id=154855]
  0x00007efd9400af20 GCTaskThread "GC Thread#6" [stack: 0x00007ef8a59fb000,0x00007ef8a5afb000] [id=154856]
  0x00007efd9400bb40 GCTaskThread "GC Thread#7" [stack: 0x00007ef8a58fa000,0x00007ef8a59fa000] [id=154857]
  0x00007efd9400c760 GCTaskThread "GC Thread#8" [stack: 0x00007ef8a57f9000,0x00007ef8a58f9000] [id=154858]
  0x00007efd9400d770 GCTaskThread "GC Thread#9" [stack: 0x00007ef8a56f8000,0x00007ef8a57f8000] [id=154859]
  0x00007efd9400e940 GCTaskThread "GC Thread#10" [stack: 0x00007ef8a55f7000,0x00007ef8a56f7000] [id=154860]
  0x00007efd9400fb10 GCTaskThread "GC Thread#11" [stack: 0x00007ef8a54f6000,0x00007ef8a55f6000] [id=154861]
  0x00007efd94010ce0 GCTaskThread "GC Thread#12" [stack: 0x00007ef8a53f5000,0x00007ef8a54f5000] [id=154862]
  0x00007efd94011eb0 GCTaskThread "GC Thread#13" [stack: 0x00007ef8a52f4000,0x00007ef8a53f4000] [id=154863]
  0x00007efd94013080 GCTaskThread "GC Thread#14" [stack: 0x00007ef8a51f3000,0x00007ef8a52f3000] [id=154864]
  0x0000563bdd4a75c0 ConcurrentGCThread "G1 Main Marker" terminated
  0x0000563bdc24e890 ConcurrentGCThread "G1 Conc#0" [stack: 0x00007efdf68af000,0x00007efdf69af000] [id=154354]
  0x0000563bdc358570 ConcurrentGCThread "G1 Refine#0" terminated
  0x0000563bdc3816e0 ConcurrentGCThread "G1 Service" terminated

Threads with active compile tasks:
C1 CompilerThread0  
[error occurred during error reporting (printing all threads), id 0xb, SIGSEGV (0xb) at pc=0x00007efe55accd05]

VM state: at safepoint (shutting down)

VM Mutex/Monitor currently owned by a thread:  ([mutex/lock_event])
[0x0000563bdc242610] Threads_lock - owner thread: 0x0000563bdc3582c0
[0x0000563bdb854ef0] Heap_lock - owner thread: 0x00007efd840019f0

Heap address: 0x0000000082000000, size: 30688 MB, Compressed Oops mode: Zero based, Oop shift amount: 3

CDS archive(s) mapped at: [0x00007efd9f000000-0x00007efd9fbca000-0x00007efd9fbca000), size 12361728, SharedBaseAddress: 0x00007efd9f000000, ArchiveRelocationMode: 1.
Compressed class space mapped at: 0x00007efda0000000-0x00007efde0000000, reserved size: 1073741824
Narrow klass base: 0x00007efd9f000000, Narrow klass shift: 0, Narrow klass range: 0x100000000

GC Precious Log:
 CPUs: 20 total, 20 available
 Memory: 377G
 Large Page Support: Disabled
 NUMA Support: Disabled
 Compressed Oops: Enabled (Zero based)
 Heap Region Size: 16M
 Heap Min Capacity: 16M
 Heap Initial Capacity: 2G
 Heap Max Capacity: 30688M
 Pre-touch: Disabled
 Parallel Workers: 15
 Concurrent Workers: 4
 Concurrent Refinement Workers: 15
 Periodic GC: Disabled

Heap:
 garbage-first heap   total 2129920K, used 271592K [0x0000000082000000, 0x0000000800000000)
  region size 16384K, 17 young (278528K), 1 survivors (16384K)
 Metaspace       used 18798K, committed 19008K, reserved 1114112K
  class space    used 2168K, committed 2240K, reserved 1048576K

Heap Regions: E=young(eden), S=young(survivor), O=old, HS=humongous(starts), HC=humongous(continues), CS=collection set, F=free, OA=open archive, CA=closed archive, TAMS=top-at-mark-start (previous, next)
|   0|0x0000000082000000, 0x0000000082875600, 0x0000000083000000| 52%| O|  |TAMS 0x0000000082000000, 0x0000000082000000| Untracked 
|   1|0x0000000083000000, 0x0000000083000000, 0x0000000084000000|  0%| F|  |TAMS 0x0000000083000000, 0x0000000083000000| Untracked 
|   2|0x0000000084000000, 0x0000000084000000, 0x0000000085000000|  0%| F|  |TAMS 0x0000000084000000, 0x0000000084000000| Untracked 
|   3|0x0000000085000000, 0x0000000085000000, 0x0000000086000000|  0%| F|  |TAMS 0x0000000085000000, 0x0000000085000000| Untracked 
|   4|0x0000000086000000, 0x0000000086000000, 0x0000000087000000|  0%| F|  |TAMS 0x0000000086000000, 0x0000000086000000| Untracked 
|   5|0x0000000087000000, 0x0000000087000000, 0x0000000088000000|  0%| F|  |TAMS 0x0000000087000000, 0x0000000087000000| Untracked 
|   6|0x0000000088000000, 0x0000000088000000, 0x0000000089000000|  0%| F|  |TAMS 0x0000000088000000, 0x0000000088000000| Untracked 
|   7|0x0000000089000000, 0x0000000089000000, 0x000000008a000000|  0%| F|  |TAMS 0x0000000089000000, 0x0000000089000000| Untracked 
|   8|0x000000008a000000, 0x000000008a000000, 0x000000008b000000|  0%| F|  |TAMS 0x000000008a000000, 0x000000008a000000| Untracked 
|   9|0x000000008b000000, 0x000000008b000000, 0x000000008c000000|  0%| F|  |TAMS 0x000000008b000000, 0x000000008b000000| Untracked 
|  10|0x000000008c000000, 0x000000008c000000, 0x000000008d000000|  0%| F|  |TAMS 0x000000008c000000, 0x000000008c000000| Untracked 
|  11|0x000000008d000000, 0x000000008d000000, 0x000000008e000000|  0%| F|  |TAMS 0x000000008d000000, 0x000000008d000000| Untracked 
|  12|0x000000008e000000, 0x000000008e000000, 0x000000008f000000|  0%| F|  |TAMS 0x000000008e000000, 0x000000008e000000| Untracked 
|  13|0x000000008f000000, 0x000000008f000000, 0x0000000090000000|  0%| F|  |TAMS 0x000000008f000000, 0x000000008f000000| Untracked 
|  14|0x0000000090000000, 0x0000000090000000, 0x0000000091000000|  0%| F|  |TAMS 0x0000000090000000, 0x0000000090000000| Untracked 
|  15|0x0000000091000000, 0x0000000091000000, 0x0000000092000000|  0%| F|  |TAMS 0x0000000091000000, 0x0000000091000000| Untracked 
|  16|0x0000000092000000, 0x0000000092000000, 0x0000000093000000|  0%| F|  |TAMS 0x0000000092000000, 0x0000000092000000| Untracked 
|  17|0x0000000093000000, 0x0000000093000000, 0x0000000094000000|  0%| F|  |TAMS 0x0000000093000000, 0x0000000093000000| Untracked 
|  18|0x0000000094000000, 0x0000000094000000, 0x0000000095000000|  0%| F|  |TAMS 0x0000000094000000, 0x0000000094000000| Untracked 
|  19|0x0000000095000000, 0x0000000095000000, 0x0000000096000000|  0%| F|  |TAMS 0x0000000095000000, 0x0000000095000000| Untracked 
|  20|0x0000000096000000, 0x0000000096000000, 0x0000000097000000|  0%| F|  |TAMS 0x0000000096000000, 0x0000000096000000| Untracked 
|  21|0x0000000097000000, 0x0000000097000000, 0x0000000098000000|  0%| F|  |TAMS 0x0000000097000000, 0x0000000097000000| Untracked 
|  22|0x0000000098000000, 0x0000000098000000, 0x0000000099000000|  0%| F|  |TAMS 0x0000000098000000, 0x0000000098000000| Untracked 
|  23|0x0000000099000000, 0x0000000099000000, 0x000000009a000000|  0%| F|  |TAMS 0x0000000099000000, 0x0000000099000000| Untracked 
|  24|0x000000009a000000, 0x000000009a000000, 0x000000009b000000|  0%| F|  |TAMS 0x000000009a000000, 0x000000009a000000| Untracked 
|  25|0x000000009b000000, 0x000000009b000000, 0x000000009c000000|  0%| F|  |TAMS 0x000000009b000000, 0x000000009b000000| Untracked 
|  26|0x000000009c000000, 0x000000009c000000, 0x000000009d000000|  0%| F|  |TAMS 0x000000009c000000, 0x000000009c000000| Untracked 
|  27|0x000000009d000000, 0x000000009d000000, 0x000000009e000000|  0%| F|  |TAMS 0x000000009d000000, 0x000000009d000000| Untracked 
|  28|0x000000009e000000, 0x000000009e000000, 0x000000009f000000|  0%| F|  |TAMS 0x000000009e000000, 0x000000009e000000| Untracked 
|  29|0x000000009f000000, 0x000000009f000000, 0x00000000a0000000|  0%| F|  |TAMS 0x000000009f000000, 0x000000009f000000| Untracked 
|  30|0x00000000a0000000, 0x00000000a0000000, 0x00000000a1000000|  0%| F|  |TAMS 0x00000000a0000000, 0x00000000a0000000| Untracked 
|  31|0x00000000a1000000, 0x00000000a1000000, 0x00000000a2000000|  0%| F|  |TAMS 0x00000000a1000000, 0x00000000a1000000| Untracked 
|  32|0x00000000a2000000, 0x00000000a2000000, 0x00000000a3000000|  0%| F|  |TAMS 0x00000000a2000000, 0x00000000a2000000| Untracked 
|  33|0x00000000a3000000, 0x00000000a3000000, 0x00000000a4000000|  0%| F|  |TAMS 0x00000000a3000000, 0x00000000a3000000| Untracked 
|  34|0x00000000a4000000, 0x00000000a4000000, 0x00000000a5000000|  0%| F|  |TAMS 0x00000000a4000000, 0x00000000a4000000| Untracked 
|  35|0x00000000a5000000, 0x00000000a5000000, 0x00000000a6000000|  0%| F|  |TAMS 0x00000000a5000000, 0x00000000a5000000| Untracked 
|  36|0x00000000a6000000, 0x00000000a6000000, 0x00000000a7000000|  0%| F|  |TAMS 0x00000000a6000000, 0x00000000a6000000| Untracked 
|  37|0x00000000a7000000, 0x00000000a7000000, 0x00000000a8000000|  0%| F|  |TAMS 0x00000000a7000000, 0x00000000a7000000| Untracked 
|  38|0x00000000a8000000, 0x00000000a8000000, 0x00000000a9000000|  0%| F|  |TAMS 0x00000000a8000000, 0x00000000a8000000| Untracked 
|  39|0x00000000a9000000, 0x00000000a9000000, 0x00000000aa000000|  0%| F|  |TAMS 0x00000000a9000000, 0x00000000a9000000| Untracked 
|  40|0x00000000aa000000, 0x00000000aa000000, 0x00000000ab000000|  0%| F|  |TAMS 0x00000000aa000000, 0x00000000aa000000| Untracked 
|  41|0x00000000ab000000, 0x00000000ab000000, 0x00000000ac000000|  0%| F|  |TAMS 0x00000000ab000000, 0x00000000ab000000| Untracked 
|  42|0x00000000ac000000, 0x00000000ac000000, 0x00000000ad000000|  0%| F|  |TAMS 0x00000000ac000000, 0x00000000ac000000| Untracked 
|  43|0x00000000ad000000, 0x00000000ad000000, 0x00000000ae000000|  0%| F|  |TAMS 0x00000000ad000000, 0x00000000ad000000| Untracked 
|  44|0x00000000ae000000, 0x00000000ae000000, 0x00000000af000000|  0%| F|  |TAMS 0x00000000ae000000, 0x00000000ae000000| Untracked 
|  45|0x00000000af000000, 0x00000000af000000, 0x00000000b0000000|  0%| F|  |TAMS 0x00000000af000000, 0x00000000af000000| Untracked 
|  46|0x00000000b0000000, 0x00000000b0000000, 0x00000000b1000000|  0%| F|  |TAMS 0x00000000b0000000, 0x00000000b0000000| Untracked 
|  47|0x00000000b1000000, 0x00000000b1000000, 0x00000000b2000000|  0%| F|  |TAMS 0x00000000b1000000, 0x00000000b1000000| Untracked 
|  48|0x00000000b2000000, 0x00000000b2000000, 0x00000000b3000000|  0%| F|  |TAMS 0x00000000b2000000, 0x00000000b2000000| Untracked 
|  49|0x00000000b3000000, 0x00000000b3000000, 0x00000000b4000000|  0%| F|  |TAMS 0x00000000b3000000, 0x00000000b3000000| Untracked 
|  50|0x00000000b4000000, 0x00000000b4000000, 0x00000000b5000000|  0%| F|  |TAMS 0x00000000b4000000, 0x00000000b4000000| Untracked 
|  51|0x00000000b5000000, 0x00000000b5000000, 0x00000000b6000000|  0%| F|  |TAMS 0x00000000b5000000, 0x00000000b5000000| Untracked 
|  52|0x00000000b6000000, 0x00000000b6000000, 0x00000000b7000000|  0%| F|  |TAMS 0x00000000b6000000, 0x00000000b6000000| Untracked 
|  53|0x00000000b7000000, 0x00000000b7000000, 0x00000000b8000000|  0%| F|  |TAMS 0x00000000b7000000, 0x00000000b7000000| Untracked 
|  54|0x00000000b8000000, 0x00000000b8000000, 0x00000000b9000000|  0%| F|  |TAMS 0x00000000b8000000, 0x00000000b8000000| Untracked 
|  55|0x00000000b9000000, 0x00000000b9000000, 0x00000000ba000000|  0%| F|  |TAMS 0x00000000b9000000, 0x00000000b9000000| Untracked 
|  56|0x00000000ba000000, 0x00000000ba000000, 0x00000000bb000000|  0%| F|  |TAMS 0x00000000ba000000, 0x00000000ba000000| Untracked 
|  57|0x00000000bb000000, 0x00000000bb000000, 0x00000000bc000000|  0%| F|  |TAMS 0x00000000bb000000, 0x00000000bb000000| Untracked 
|  58|0x00000000bc000000, 0x00000000bc000000, 0x00000000bd000000|  0%| F|  |TAMS 0x00000000bc000000, 0x00000000bc000000| Untracked 
|  59|0x00000000bd000000, 0x00000000bd000000, 0x00000000be000000|  0%| F|  |TAMS 0x00000000bd000000, 0x00000000bd000000| Untracked 
|  60|0x00000000be000000, 0x00000000be000000, 0x00000000bf000000|  0%| F|  |TAMS 0x00000000be000000, 0x00000000be000000| Untracked 
|  61|0x00000000bf000000, 0x00000000bf000000, 0x00000000c0000000|  0%| F|  |TAMS 0x00000000bf000000, 0x00000000bf000000| Untracked 
|  62|0x00000000c0000000, 0x00000000c0000000, 0x00000000c1000000|  0%| F|  |TAMS 0x00000000c0000000, 0x00000000c0000000| Untracked 
|  63|0x00000000c1000000, 0x00000000c1000000, 0x00000000c2000000|  0%| F|  |TAMS 0x00000000c1000000, 0x00000000c1000000| Untracked 
|  64|0x00000000c2000000, 0x00000000c2000000, 0x00000000c3000000|  0%| F|  |TAMS 0x00000000c2000000, 0x00000000c2000000| Untracked 
|  65|0x00000000c3000000, 0x00000000c3000000, 0x00000000c4000000|  0%| F|  |TAMS 0x00000000c3000000, 0x00000000c3000000| Untracked 
|  66|0x00000000c4000000, 0x00000000c4000000, 0x00000000c5000000|  0%| F|  |TAMS 0x00000000c4000000, 0x00000000c4000000| Untracked 
|  67|0x00000000c5000000, 0x00000000c5000000, 0x00000000c6000000|  0%| F|  |TAMS 0x00000000c5000000, 0x00000000c5000000| Untracked 
|  68|0x00000000c6000000, 0x00000000c6000000, 0x00000000c7000000|  0%| F|  |TAMS 0x00000000c6000000, 0x00000000c6000000| Untracked 
|  69|0x00000000c7000000, 0x00000000c7000000, 0x00000000c8000000|  0%| F|  |TAMS 0x00000000c7000000, 0x00000000c7000000| Untracked 
|  70|0x00000000c8000000, 0x00000000c8000000, 0x00000000c9000000|  0%| F|  |TAMS 0x00000000c8000000, 0x00000000c8000000| Untracked 
|  71|0x00000000c9000000, 0x00000000c9000000, 0x00000000ca000000|  0%| F|  |TAMS 0x00000000c9000000, 0x00000000c9000000| Untracked 
|  72|0x00000000ca000000, 0x00000000ca000000, 0x00000000cb000000|  0%| F|  |TAMS 0x00000000ca000000, 0x00000000ca000000| Untracked 
|  73|0x00000000cb000000, 0x00000000cb000000, 0x00000000cc000000|  0%| F|  |TAMS 0x00000000cb000000, 0x00000000cb000000| Untracked 
|  74|0x00000000cc000000, 0x00000000cc000000, 0x00000000cd000000|  0%| F|  |TAMS 0x00000000cc000000, 0x00000000cc000000| Untracked 
|  75|0x00000000cd000000, 0x00000000cd000000, 0x00000000ce000000|  0%| F|  |TAMS 0x00000000cd000000, 0x00000000cd000000| Untracked 
|  76|0x00000000ce000000, 0x00000000ce000000, 0x00000000cf000000|  0%| F|  |TAMS 0x00000000ce000000, 0x00000000ce000000| Untracked 
|  77|0x00000000cf000000, 0x00000000cf000000, 0x00000000d0000000|  0%| F|  |TAMS 0x00000000cf000000, 0x00000000cf000000| Untracked 
|  78|0x00000000d0000000, 0x00000000d0000000, 0x00000000d1000000|  0%| F|  |TAMS 0x00000000d0000000, 0x00000000d0000000| Untracked 
|  79|0x00000000d1000000, 0x00000000d1000000, 0x00000000d2000000|  0%| F|  |TAMS 0x00000000d1000000, 0x00000000d1000000| Untracked 
|  80|0x00000000d2000000, 0x00000000d2000000, 0x00000000d3000000|  0%| F|  |TAMS 0x00000000d2000000, 0x00000000d2000000| Untracked 
|  81|0x00000000d3000000, 0x00000000d3000000, 0x00000000d4000000|  0%| F|  |TAMS 0x00000000d3000000, 0x00000000d3000000| Untracked 
|  82|0x00000000d4000000, 0x00000000d4000000, 0x00000000d5000000|  0%| F|  |TAMS 0x00000000d4000000, 0x00000000d4000000| Untracked 
|  83|0x00000000d5000000, 0x00000000d5000000, 0x00000000d6000000|  0%| F|  |TAMS 0x00000000d5000000, 0x00000000d5000000| Untracked 
|  84|0x00000000d6000000, 0x00000000d6000000, 0x00000000d7000000|  0%| F|  |TAMS 0x00000000d6000000, 0x00000000d6000000| Untracked 
|  85|0x00000000d7000000, 0x00000000d7000000, 0x00000000d8000000|  0%| F|  |TAMS 0x00000000d7000000, 0x00000000d7000000| Untracked 
|  86|0x00000000d8000000, 0x00000000d8000000, 0x00000000d9000000|  0%| F|  |TAMS 0x00000000d8000000, 0x00000000d8000000| Untracked 
|  87|0x00000000d9000000, 0x00000000d9000000, 0x00000000da000000|  0%| F|  |TAMS 0x00000000d9000000, 0x00000000d9000000| Untracked 
|  88|0x00000000da000000, 0x00000000da000000, 0x00000000db000000|  0%| F|  |TAMS 0x00000000da000000, 0x00000000da000000| Untracked 
|  89|0x00000000db000000, 0x00000000db000000, 0x00000000dc000000|  0%| F|  |TAMS 0x00000000db000000, 0x00000000db000000| Untracked 
|  90|0x00000000dc000000, 0x00000000dc000000, 0x00000000dd000000|  0%| F|  |TAMS 0x00000000dc000000, 0x00000000dc000000| Untracked 
|  91|0x00000000dd000000, 0x00000000dd000000, 0x00000000de000000|  0%| F|  |TAMS 0x00000000dd000000, 0x00000000dd000000| Untracked 
|  92|0x00000000de000000, 0x00000000de000000, 0x00000000df000000|  0%| F|  |TAMS 0x00000000de000000, 0x00000000de000000| Untracked 
|  93|0x00000000df000000, 0x00000000df000000, 0x00000000e0000000|  0%| F|  |TAMS 0x00000000df000000, 0x00000000df000000| Untracked 
|  94|0x00000000e0000000, 0x00000000e0000000, 0x00000000e1000000|  0%| F|  |TAMS 0x00000000e0000000, 0x00000000e0000000| Untracked 
|  95|0x00000000e1000000, 0x00000000e1000000, 0x00000000e2000000|  0%| F|  |TAMS 0x00000000e1000000, 0x00000000e1000000| Untracked 
|  96|0x00000000e2000000, 0x00000000e2000000, 0x00000000e3000000|  0%| F|  |TAMS 0x00000000e2000000, 0x00000000e2000000| Untracked 
|  97|0x00000000e3000000, 0x00000000e3000000, 0x00000000e4000000|  0%| F|  |TAMS 0x00000000e3000000, 0x00000000e3000000| Untracked 
|  98|0x00000000e4000000, 0x00000000e4000000, 0x00000000e5000000|  0%| F|  |TAMS 0x00000000e4000000, 0x00000000e4000000| Untracked 
|  99|0x00000000e5000000, 0x00000000e5000000, 0x00000000e6000000|  0%| F|  |TAMS 0x00000000e5000000, 0x00000000e5000000| Untracked 
| 100|0x00000000e6000000, 0x00000000e6000000, 0x00000000e7000000|  0%| F|  |TAMS 0x00000000e6000000, 0x00000000e6000000| Untracked 
| 101|0x00000000e7000000, 0x00000000e7000000, 0x00000000e8000000|  0%| F|  |TAMS 0x00000000e7000000, 0x00000000e7000000| Untracked 
| 102|0x00000000e8000000, 0x00000000e8000000, 0x00000000e9000000|  0%| F|  |TAMS 0x00000000e8000000, 0x00000000e8000000| Untracked 
| 103|0x00000000e9000000, 0x00000000e9000000, 0x00000000ea000000|  0%| F|  |TAMS 0x00000000e9000000, 0x00000000e9000000| Untracked 
| 104|0x00000000ea000000, 0x00000000ea000000, 0x00000000eb000000|  0%| F|  |TAMS 0x00000000ea000000, 0x00000000ea000000| Untracked 
| 105|0x00000000eb000000, 0x00000000eb000000, 0x00000000ec000000|  0%| F|  |TAMS 0x00000000eb000000, 0x00000000eb000000| Untracked 
| 106|0x00000000ec000000, 0x00000000ec000000, 0x00000000ed000000|  0%| F|  |TAMS 0x00000000ec000000, 0x00000000ec000000| Untracked 
| 107|0x00000000ed000000, 0x00000000ed000000, 0x00000000ee000000|  0%| F|  |TAMS 0x00000000ed000000, 0x00000000ed000000| Untracked 
| 108|0x00000000ee000000, 0x00000000ee000000, 0x00000000ef000000|  0%| F|  |TAMS 0x00000000ee000000, 0x00000000ee000000| Untracked 
| 109|0x00000000ef000000, 0x00000000ef000000, 0x00000000f0000000|  0%| F|  |TAMS 0x00000000ef000000, 0x00000000ef000000| Untracked 
| 110|0x00000000f0000000, 0x00000000f0000000, 0x00000000f1000000|  0%| F|  |TAMS 0x00000000f0000000, 0x00000000f0000000| Untracked 
| 111|0x00000000f1000000, 0x00000000f1800000, 0x00000000f2000000| 50%| E|  |TAMS 0x00000000f1000000, 0x00000000f1000000| Complete 
| 112|0x00000000f2000000, 0x00000000f3000000, 0x00000000f3000000|100%| E|CS|TAMS 0x00000000f2000000, 0x00000000f2000000| Complete 
| 113|0x00000000f3000000, 0x00000000f4000000, 0x00000000f4000000|100%| E|CS|TAMS 0x00000000f3000000, 0x00000000f3000000| Complete 
| 114|0x00000000f4000000, 0x00000000f5000000, 0x00000000f5000000|100%| E|CS|TAMS 0x00000000f4000000, 0x00000000f4000000| Complete 
| 115|0x00000000f5000000, 0x00000000f6000000, 0x00000000f6000000|100%| E|CS|TAMS 0x00000000f5000000, 0x00000000f5000000| Complete 
| 116|0x00000000f6000000, 0x00000000f7000000, 0x00000000f7000000|100%| E|CS|TAMS 0x00000000f6000000, 0x00000000f6000000| Complete 
| 117|0x00000000f7000000, 0x00000000f8000000, 0x00000000f8000000|100%| E|CS|TAMS 0x00000000f7000000, 0x00000000f7000000| Complete 
| 118|0x00000000f8000000, 0x00000000f9000000, 0x00000000f9000000|100%| E|CS|TAMS 0x00000000f8000000, 0x00000000f8000000| Complete 
| 119|0x00000000f9000000, 0x00000000f90d7de0, 0x00000000fa000000|  5%| S|CS|TAMS 0x00000000f9000000, 0x00000000f9000000| Complete 
| 120|0x00000000fa000000, 0x00000000fb000000, 0x00000000fb000000|100%| E|CS|TAMS 0x00000000fa000000, 0x00000000fa000000| Complete 
| 121|0x00000000fb000000, 0x00000000fc000000, 0x00000000fc000000|100%| E|CS|TAMS 0x00000000fb000000, 0x00000000fb000000| Complete 
| 122|0x00000000fc000000, 0x00000000fd000000, 0x00000000fd000000|100%| E|CS|TAMS 0x00000000fc000000, 0x00000000fc000000| Complete 
| 123|0x00000000fd000000, 0x00000000fe000000, 0x00000000fe000000|100%| E|CS|TAMS 0x00000000fd000000, 0x00000000fd000000| Complete 
| 124|0x00000000fe000000, 0x00000000ff000000, 0x00000000ff000000|100%| E|CS|TAMS 0x00000000fe000000, 0x00000000fe000000| Complete 
| 125|0x00000000ff000000, 0x0000000100000000, 0x0000000100000000|100%| E|CS|TAMS 0x00000000ff000000, 0x00000000ff000000| Complete 
| 126|0x0000000100000000, 0x0000000101000000, 0x0000000101000000|100%| E|CS|TAMS 0x0000000100000000, 0x0000000100000000| Complete 
| 127|0x0000000101000000, 0x0000000102000000, 0x0000000102000000|100%| E|CS|TAMS 0x0000000101000000, 0x0000000101000000| Complete 
|1916|0x00000007fe000000, 0x00000007fef75000, 0x00000007ff000000| 96%|OA|  |TAMS 0x00000007fe000000, 0x00000007fe000000| Untracked 
|1917|0x00000007ff000000, 0x00000007ff078000, 0x0000000800000000|  2%|CA|  |TAMS 0x00000007ff000000, 0x00000007ff000000| Untracked 

Card table byte_map: [0x00007efe36795000,0x00007efe3a385000] _byte_map_base: 0x00007efe36385000

Marking Bits (Prev, Next): (CMBitMap*) 0x0000563bdd497c50, (CMBitMap*) 0x0000563bdd497c90
 Prev Bits: [0x00007efe14c25000, 0x00007efe32ba5000)
 Next Bits: [0x00007efdf6ca5000, 0x00007efe14c25000)

Polling page: 0x00007effbdd1c000

Metaspace:

Usage:
  Non-class:     16.24 MB used.
      Class:      2.12 MB used.
       Both:     18.36 MB used.

Virtual space:
  Non-class space:       64.00 MB reserved,      16.38 MB ( 26%) committed,  1 nodes.
      Class space:        1.00 GB reserved,       2.19 MB ( <1%) committed,  1 nodes.
             Both:        1.06 GB reserved,      18.56 MB (  2%) committed. 

Chunk freelists:
   Non-Class:  15.11 MB
       Class:  13.82 MB
        Both:  28.93 MB

MaxMetaspaceSize: unlimited
CompressedClassSpaceSize: 1.00 GB
Initial GC threshold: 21.00 MB
Current GC threshold: 21.00 MB
CDS: on
MetaspaceReclaimPolicy: balanced
 - commit_granule_bytes: 65536.
 - commit_granule_words: 8192.
 - virtual_space_node_default_size: 8388608.
 - enlarge_chunks_in_place: 1.
 - new_chunks_are_fully_committed: 0.
 - uncommit_free_chunks: 1.
 - use_allocation_guard: 0.
 - handle_deallocations: 1.


Internal statistics:

num_allocs_failed_limit: 0.
num_arena_births: 200.
num_arena_deaths: 0.
num_vsnodes_births: 2.
num_vsnodes_deaths: 0.
num_space_committed: 297.
num_space_uncommitted: 0.
num_chunks_returned_to_freelist: 0.
num_chunks_taken_from_freelist: 720.
num_chunk_merges: 0.
num_chunk_splits: 518.
num_chunks_enlarged: 411.
num_inconsistent_stats: 0.

CodeHeap 'non-profiled nmethods': size=119168Kb used=2611Kb max_used=2611Kb free=116556Kb
 bounds [0x00007efe45ce7000, 0x00007efe45f77000, 0x00007efe4d147000]
CodeHeap 'profiled nmethods': size=119164Kb used=4818Kb max_used=4818Kb free=114346Kb
 bounds [0x00007efe3e147000, 0x00007efe3e607000, 0x00007efe455a6000]
CodeHeap 'non-nmethods': size=7428Kb used=1227Kb max_used=3016Kb free=6200Kb
 bounds [0x00007efe455a6000, 0x00007efe458a6000, 0x00007efe45ce7000]
 total_blobs=3585 nmethods=3055 adapters=443
 compilation: enabled
              stopped_count=0, restarted_count=0
 full_count=0

Compilation events (20 events):
Event: 574.489 Thread 0x0000563bde62c530 nmethod 3046 0x00007efe3e5f9e90 code [0x00007efe3e5fa040, 0x00007efe3e5fa2d0]
Event: 575.011 Thread 0x0000563bde62ace0 3047       4       org.apache.lucene.util.packed.DirectMonotonicReader::getBounds (102 bytes)
Event: 575.015 Thread 0x0000563bde62ace0 nmethod 3047 0x00007efe45f72790 code [0x00007efe45f72940, 0x00007efe45f72bf8]
Event: 601.257 Thread 0x0000563bde62c530 3048       1       java.util.concurrent.locks.AbstractQueuedSynchronizer::setState (6 bytes)
Event: 601.257 Thread 0x0000563bde62c530 nmethod 3048 0x00007efe45f72e90 code [0x00007efe45f73020, 0x00007efe45f730f0]
Event: 601.257 Thread 0x0000563bde62c530 3049       1       java.util.Formatter$Flags::valueOf (5 bytes)
Event: 601.257 Thread 0x0000563bde62c530 nmethod 3049 0x00007efe45f73190 code [0x00007efe45f73320, 0x00007efe45f733f0]
Event: 601.257 Thread 0x0000563bde62c530 3050       1       java.util.concurrent.locks.AbstractOwnableSynchronizer::getExclusiveOwnerThread (5 bytes)
Event: 601.257 Thread 0x0000563bde62c530 nmethod 3050 0x00007efe45f73490 code [0x00007efe45f73620, 0x00007efe45f736f0]
Event: 601.258 Thread 0x0000563bde62c530 3051       1       javax.management.ObjectName$Property::setKeyIndex (6 bytes)
Event: 601.258 Thread 0x0000563bde62c530 nmethod 3051 0x00007efe45f73790 code [0x00007efe45f73920, 0x00007efe45f739f0]
Event: 601.258 Thread 0x0000563bde62c530 3052       3       javax.management.ObjectName::getDomainLength (9 bytes)
Event: 601.258 Thread 0x0000563bde62c530 nmethod 3052 0x00007efe3e5fa410 code [0x00007efe3e5fa5a0, 0x00007efe3e5fa6b0]
Event: 601.258 Thread 0x0000563bde62c530 3053       3       java.lang.ref.ReferenceQueue::reallyPoll (65 bytes)
Event: 601.259 Thread 0x0000563bde62c530 nmethod 3053 0x00007efe3e5fa710 code [0x00007efe3e5fa8e0, 0x00007efe3e5fae10]
Event: 601.259 Thread 0x0000563bde62c530 3054   !   3       java.lang.invoke.MethodHandleNatives::linkMethodHandleConstant (50 bytes)
Event: 601.260 Thread 0x0000563bde62c530 nmethod 3054 0x00007efe3e5faf10 code [0x00007efe3e5fb0e0, 0x00007efe3e5fb2c0]
Event: 601.260 Thread 0x0000563bde62c530 3056       3       java.lang.invoke.MethodType::changeReturnType (20 bytes)
Event: 601.260 Thread 0x0000563bde62c530 nmethod 3056 0x00007efe3e5fb410 code [0x00007efe3e5fb5c0, 0x00007efe3e5fb780]
Event: 601.260 Thread 0x0000563bde62c530 3055       3       java.lang.invoke.MethodHandles$Lookup::linkMethodHandleConstant (223 bytes)

GC Heap History (6 events):
Event: 154.127 GC heap before
{Heap before GC invocations=0 (full 0):
 garbage-first heap   total 2129920K, used 114612K [0x0000000082000000, 0x0000000800000000)
  region size 16384K, 6 young (98304K), 0 survivors (0K)
 Metaspace       used 18554K, committed 18752K, reserved 1114112K
  class space    used 2166K, committed 2240K, reserved 1048576K
}
Event: 154.134 GC heap after
{Heap after GC invocations=1 (full 0):
 garbage-first heap   total 2129920K, used 25327K [0x0000000082000000, 0x0000000800000000)
  region size 16384K, 1 young (16384K), 1 survivors (16384K)
 Metaspace       used 18554K, committed 18752K, reserved 1114112K
  class space    used 2166K, committed 2240K, reserved 1048576K
}
Event: 246.955 GC heap before
{Heap before GC invocations=1 (full 0):
 garbage-first heap   total 2129920K, used 107247K [0x0000000082000000, 0x0000000800000000)
  region size 16384K, 6 young (98304K), 1 survivors (16384K)
 Metaspace       used 18643K, committed 18816K, reserved 1114112K
  class space    used 2167K, committed 2240K, reserved 1048576K
}
Event: 246.960 GC heap after
{Heap after GC invocations=2 (full 0):
 garbage-first heap   total 2129920K, used 25879K [0x0000000082000000, 0x0000000800000000)
  region size 16384K, 1 young (16384K), 1 survivors (16384K)
 Metaspace       used 18643K, committed 18816K, reserved 1114112K
  class space    used 2167K, committed 2240K, reserved 1048576K
}
Event: 380.031 GC heap before
{Heap before GC invocations=2 (full 0):
 garbage-first heap   total 2129920K, used 140567K [0x0000000082000000, 0x0000000800000000)
  region size 16384K, 8 young (131072K), 1 survivors (16384K)
 Metaspace       used 18716K, committed 18944K, reserved 1114112K
  class space    used 2167K, committed 2240K, reserved 1048576K
}
Event: 380.032 GC heap after
{Heap after GC invocations=3 (full 0):
 garbage-first heap   total 2129920K, used 25832K [0x0000000082000000, 0x0000000800000000)
  region size 16384K, 1 young (16384K), 1 survivors (16384K)
 Metaspace       used 18716K, committed 18944K, reserved 1114112K
  class space    used 2167K, committed 2240K, reserved 1048576K
}

Dll operation events (8 events):
Event: 0.006 Loaded shared library /usr/lib/jvm/java-17-openjdk-amd64/lib/libjava.so
Event: 0.022 Loaded shared library /usr/lib/jvm/java-17-openjdk-amd64/lib/libjsvml.so
Event: 0.101 Loaded shared library /usr/lib/jvm/java-17-openjdk-amd64/lib/libnio.so
Event: 0.116 Loaded shared library /usr/lib/jvm/java-17-openjdk-amd64/lib/libzip.so
Event: 0.214 Loaded shared library /usr/lib/jvm/java-17-openjdk-amd64/lib/libjimage.so
Event: 0.248 Loaded shared library /usr/lib/jvm/java-17-openjdk-amd64/lib/libmanagement.so
Event: 0.251 Loaded shared library /usr/lib/jvm/java-17-openjdk-amd64/lib/libmanagement_ext.so
Event: 0.406 Loaded shared library /usr/lib/jvm/java-17-openjdk-amd64/lib/libnet.so

Deoptimization events (20 events):
Event: 410.493 Thread 0x0000563bdc404f40 DEOPT PACKING pc=0x00007efe3e54c8a8 sp=0x00007ffea1d6c760
Event: 410.493 Thread 0x0000563bdc404f40 DEOPT UNPACKING pc=0x00007efe4560064f sp=0x00007ffea1d6bc48 mode 0
Event: 410.644 Thread 0x0000563bdc404f40 DEOPT PACKING pc=0x00007efe3e5666bd sp=0x00007ffea1d6cc20
Event: 410.644 Thread 0x0000563bdc404f40 DEOPT UNPACKING pc=0x00007efe4560064f sp=0x00007ffea1d6c0b8 mode 0
Event: 475.614 Thread 0x0000563bdc404f40 Uncommon trap: trap_request=0xffffff5c fr.pc=0x00007efe45f59704 relative=0x0000000000000064
Event: 475.614 Thread 0x0000563bdc404f40 Uncommon trap: reason=speculate_null_check action=make_not_entrant pc=0x00007efe45f59704 method=jdk.internal.misc.Unsafe.getIntUnaligned(Ljava/lang/Object;JZ)I @ 5 c2
Event: 475.614 Thread 0x0000563bdc404f40 DEOPT PACKING pc=0x00007efe45f59704 sp=0x00007ffea1d6c980
Event: 475.614 Thread 0x0000563bdc404f40 DEOPT UNPACKING pc=0x00007efe455ffb19 sp=0x00007ffea1d6c920 mode 2
Event: 505.431 Thread 0x0000563bdc404f40 Uncommon trap: trap_request=0xffffff45 fr.pc=0x00007efe45ef85c0 relative=0x0000000000001300
Event: 505.431 Thread 0x0000563bdc404f40 Uncommon trap: reason=unstable_if action=reinterpret pc=0x00007efe45ef85c0 method=org.apache.lucene.codecs.lucene90.blocktree.SegmentTermsEnumFrame.scanToTermLeaf(Lorg/apache/lucene/util/BytesRef;Z)Lorg/apache/lucene/index/TermsEnum$SeekStatus; @ 226 c2
Event: 505.431 Thread 0x0000563bdc404f40 DEOPT PACKING pc=0x00007efe45ef85c0 sp=0x00007ffea1d6cc00
Event: 505.431 Thread 0x0000563bdc404f40 DEOPT UNPACKING pc=0x00007efe455ffb19 sp=0x00007ffea1d6cbd8 mode 2
Event: 573.309 Thread 0x0000563bdc404f40 Uncommon trap: trap_request=0xffffff45 fr.pc=0x00007efe45e39478 relative=0x00000000000010b8
Event: 573.309 Thread 0x0000563bdc404f40 Uncommon trap: reason=unstable_if action=reinterpret pc=0x00007efe45e39478 method=org.apache.lucene.codecs.lucene90.ForUtil.decode(ILorg/apache/lucene/store/DataInput;[J)V @ 1 c2
Event: 573.309 Thread 0x0000563bdc404f40 DEOPT PACKING pc=0x00007efe45e39478 sp=0x00007ffea1d6cc50
Event: 573.309 Thread 0x0000563bdc404f40 DEOPT UNPACKING pc=0x00007efe455ffb19 sp=0x00007ffea1d6cc20 mode 2
Event: 601.256 Thread 0x00007ef36819d710 Uncommon trap: trap_request=0xffffff45 fr.pc=0x00007efe45d59d18 relative=0x00000000000000f8
Event: 601.256 Thread 0x00007ef36819d710 Uncommon trap: reason=unstable_if action=reinterpret pc=0x00007efe45d59d18 method=java.lang.ref.SoftReference.get()Ljava/lang/Object; @ 17 c2
Event: 601.256 Thread 0x00007ef36819d710 DEOPT PACKING pc=0x00007efe45d59d18 sp=0x00007ef8aecda8b0
Event: 601.256 Thread 0x00007ef36819d710 DEOPT UNPACKING pc=0x00007efe455ffb19 sp=0x00007ef8aecda868 mode 2

Classes loaded (20 events):
Event: 122.429 Loading class java/util/stream/ReduceOps$8ReducingSink
Event: 122.429 Loading class java/util/stream/ReduceOps$8ReducingSink done
Event: 122.432 Loading class java/nio/DirectLongBufferRU
Event: 122.432 Loading class java/nio/DirectLongBufferRU done
Event: 122.433 Loading class java/util/AbstractList$RandomAccessSubList
Event: 122.433 Loading class java/util/AbstractList$SubList
Event: 122.433 Loading class java/util/AbstractList$SubList done
Event: 122.433 Loading class java/util/AbstractList$RandomAccessSubList done
Event: 122.433 Loading class java/util/AbstractList$SubList$1
Event: 122.433 Loading class java/util/AbstractList$SubList$1 done
Event: 122.433 Loading class java/util/AbstractList$ListItr
Event: 122.434 Loading class java/util/AbstractList$Itr
Event: 122.434 Loading class java/util/AbstractList$Itr done
Event: 122.434 Loading class java/util/AbstractList$ListItr done
Event: 155.531 Loading class java/util/WeakHashMap$KeyIterator
Event: 155.531 Loading class java/util/WeakHashMap$HashIterator
Event: 155.531 Loading class java/util/WeakHashMap$HashIterator done
Event: 155.531 Loading class java/util/WeakHashMap$KeyIterator done
Event: 601.255 Loading class jdk/internal/misc/Signal$1
Event: 601.255 Loading class jdk/internal/misc/Signal$1 done

Classes unloaded (0 events):
No events

Classes redefined (0 events):
No events

Internal exceptions (20 events):
Event: 0.432 Thread 0x0000563bdc404f40 Exception <a 'java/lang/NoSuchMethodError'{0x0000000100a27a38}: 'int java.lang.invoke.DirectMethodHandle$Holder.invokeStaticInit(java.lang.Object, java.lang.Object, java.lang.Object)'> (0x0000000100a27a38) 
thrown [./src/hotspot/share/interpreter/linkResolver.cpp, line 758]
Event: 0.452 Thread 0x0000563bdc404f40 Exception <a 'java/lang/NoSuchMethodError'{0x0000000100b0aee0}: 'int java.lang.invoke.DirectMethodHandle$Holder.invokeInterface(java.lang.Object, java.lang.Object)'> (0x0000000100b0aee0) 
thrown [./src/hotspot/share/interpreter/linkResolver.cpp, line 758]
Event: 0.453 Thread 0x0000563bdc404f40 Exception <a 'java/lang/IncompatibleClassChangeError'{0x0000000100b0e3c8}: Found class java.lang.Object, but interface was expected> (0x0000000100b0e3c8) 
thrown [./src/hotspot/share/interpreter/linkResolver.cpp, line 826]
Event: 0.453 Thread 0x0000563bdc404f40 Exception <a 'java/lang/NoSuchMethodError'{0x0000000100b13e00}: 'void java.lang.invoke.DirectMethodHandle$Holder.invokeStatic(java.lang.Object, java.lang.Object)'> (0x0000000100b13e00) 
thrown [./src/hotspot/share/interpreter/linkResolver.cpp, line 758]
Event: 1.032 Thread 0x0000563bdc404f40 Exception <a 'java/lang/NoSuchMethodError'{0x00000000ffd9f288}: 'void java.lang.invoke.DirectMethodHandle$Holder.invokeSpecial(java.lang.Object, java.lang.Object, java.lang.Object)'> (0x00000000ffd9f288) 
thrown [./src/hotspot/share/interpreter/linkResolver.cpp, line 758]
Event: 1.043 Thread 0x0000563bdc404f40 Exception <a 'java/lang/NoSuchMethodError'{0x00000000ffe535f8}: 'java.lang.Object java.lang.invoke.Invokers$Holder.invoke_MT(java.lang.Object, java.lang.Object, java.lang.Object)'> (0x00000000ffe535f8) 
thrown [./src/hotspot/share/interpreter/linkResolver.cpp, line 758]
Event: 1.065 Thread 0x0000563bdc404f40 Exception <a 'java/lang/NoSuchMethodError'{0x00000000fe0772e8}: 'void java.lang.invoke.DirectMethodHandle$Holder.invokeInterface(java.lang.Object, java.lang.Object, int)'> (0x00000000fe0772e8) 
thrown [./src/hotspot/share/interpreter/linkResolver.cpp, line 758]
Event: 1.065 Thread 0x0000563bdc404f40 Exception <a 'java/lang/IncompatibleClassChangeError'{0x00000000fe07abe0}: Found class java.lang.Object, but interface was expected> (0x00000000fe07abe0) 
thrown [./src/hotspot/share/interpreter/linkResolver.cpp, line 826]
Event: 1.086 Thread 0x0000563bdc404f40 Exception <a 'java/lang/NoSuchMethodError'{0x00000000fe28b760}: 'void java.lang.invoke.Invokers$Holder.invokeExact_MT(java.lang.Object, java.lang.Object, java.lang.Object)'> (0x00000000fe28b760) 
thrown [./src/hotspot/share/interpreter/linkResolver.cpp, line 758]
Event: 1.098 Thread 0x0000563bdc404f40 Exception <a 'java/lang/NoSuchMethodError'{0x00000000fe3225f8}: 'long java.lang.invoke.DirectMethodHandle$Holder.invokeStatic(java.lang.Object)'> (0x00000000fe3225f8) 
thrown [./src/hotspot/share/interpreter/linkResolver.cpp, line 758]
Event: 1.098 Thread 0x0000563bdc404f40 Exception <a 'java/lang/NoSuchMethodError'{0x00000000fe3259f8}: 'long java.lang.invoke.DirectMethodHandle$Holder.invokeStaticInit(java.lang.Object)'> (0x00000000fe3259f8) 
thrown [./src/hotspot/share/interpreter/linkResolver.cpp, line 758]
Event: 1.101 Thread 0x0000563bdc404f40 Exception <a 'java/lang/NoSuchMethodError'{0x00000000fe350770}: 'java.lang.Object java.lang.invoke.DirectMethodHandle$Holder.invokeStatic(java.lang.Object, java.lang.Object, int)'> (0x00000000fe350770) 
thrown [./src/hotspot/share/interpreter/linkResolver.cpp, line 758]
Event: 1.102 Thread 0x0000563bdc404f40 Exception <a 'java/lang/NoSuchMethodError'{0x00000000fe35c428}: 'void java.lang.invoke.DelegatingMethodHandle$Holder.delegate(java.lang.Object, java.lang.Object, int, java.lang.Object)'> (0x00000000fe35c428) 
thrown [./src/hotspot/share/interpreter/linkResolver.cpp, line 758]
Event: 1.104 Thread 0x0000563bdc404f40 Exception <a 'java/lang/NoSuchMethodError'{0x00000000fe37fca0}: 'void java.lang.invoke.DirectMethodHandle$Holder.invokeStaticInit(java.lang.Object, java.lang.Object)'> (0x00000000fe37fca0) 
thrown [./src/hotspot/share/interpreter/linkResolver.cpp, line 758]
Event: 122.372 Thread 0x0000563bdc404f40 Exception <a 'java/lang/NoSuchMethodError'{0x00000000fe7f5c60}: 'long java.lang.invoke.DirectMethodHandle$Holder.invokeStatic(java.lang.Object, java.lang.Object)'> (0x00000000fe7f5c60) 
thrown [./src/hotspot/share/interpreter/linkResolver.cpp, line 758]
Event: 122.383 Thread 0x0000563bdc404f40 Exception <a 'java/lang/NoSuchMethodError'{0x00000000fe88f6a8}: 'int java.lang.invoke.DirectMethodHandle$Holder.invokeStaticInit(java.lang.Object, java.lang.Object)'> (0x00000000fe88f6a8) 
thrown [./src/hotspot/share/interpreter/linkResolver.cpp, line 758]
Event: 122.384 Thread 0x0000563bdc404f40 Exception <a 'java/lang/NoSuchMethodError'{0x00000000fe89ec98}: 'int java.lang.invoke.DirectMethodHandle$Holder.invokeSpecialIFC(java.lang.Object, java.lang.Object, java.lang.Object, java.lang.Object, java.lang.Object)'> (0x00000000fe89ec98) 
thrown [./src/hotspot/share/interpreter/linkResolver.cpp, line 758]
Event: 122.426 Thread 0x0000563bdc404f40 Exception <a 'java/lang/NoSuchMethodError'{0x00000000fd30e8d8}: 'long java.lang.invoke.DirectMethodHandle$Holder.invokeVirtual(java.lang.Object, java.lang.Object)'> (0x00000000fd30e8d8) 
thrown [./src/hotspot/share/interpreter/linkResolver.cpp, line 758]
Event: 122.428 Thread 0x0000563bdc404f40 Exception <a 'java/lang/NoSuchMethodError'{0x00000000fd31d7e0}: 'java.lang.Object java.lang.invoke.DirectMethodHandle$Holder.invokeVirtual(java.lang.Object, java.lang.Object, java.lang.Object)'> (0x00000000fd31d7e0) 
thrown [./src/hotspot/share/interpreter/linkResolver.cpp, line 758]
Event: 122.707 Thread 0x0000563bdc404f40 Implicit null exception at 0x00007efe45da3f6f to 0x00007efe45da3fd0

VM Operations (20 events):
Event: 410.036 Executing VM operation: Cleanup done
Event: 411.036 Executing VM operation: Cleanup
Event: 411.036 Executing VM operation: Cleanup done
Event: 442.039 Executing VM operation: Cleanup
Event: 442.039 Executing VM operation: Cleanup done
Event: 475.047 Executing VM operation: Cleanup
Event: 475.047 Executing VM operation: Cleanup done
Event: 506.050 Executing VM operation: Cleanup
Event: 506.050 Executing VM operation: Cleanup done
Event: 507.050 Executing VM operation: Cleanup
Event: 507.050 Executing VM operation: Cleanup done
Event: 540.054 Executing VM operation: Cleanup
Event: 540.054 Executing VM operation: Cleanup done
Event: 541.054 Executing VM operation: Cleanup
Event: 541.054 Executing VM operation: Cleanup done
Event: 573.058 Executing VM operation: Cleanup
Event: 573.058 Executing VM operation: Cleanup done
Event: 575.058 Executing VM operation: Cleanup
Event: 575.058 Executing VM operation: Cleanup done
Event: 601.261 Executing VM operation: Exit

Memory protections (20 events):
Event: 154.116 Protecting memory [0x00007ef8ae9dc000,0x00007ef8ae9e0000] with protection modes 0
Event: 155.528 Protecting memory [0x00007efd9a1ff000,0x00007efd9a203000] with protection modes 0
Event: 155.532 Protecting memory [0x00007ef8ae9dc000,0x00007ef8ae9e0000] with protection modes 0
Event: 186.146 Protecting memory [0x00007efd9a2ff000,0x00007efd9a303000] with protection modes 0
Event: 187.267 Protecting memory [0x00007efd9a2ff000,0x00007efd9a303000] with protection modes 0
Event: 187.267 Protecting memory [0x00007efd9a4ff000,0x00007efd9a503000] with protection modes 0
Event: 215.889 Protecting memory [0x00007efd9a2ff000,0x00007efd9a303000] with protection modes 0
Event: 215.890 Protecting memory [0x00007efd9a4ff000,0x00007efd9a503000] with protection modes 0
Event: 215.890 Protecting memory [0x00007ef8aebdc000,0x00007ef8aebe0000] with protection modes 0
Event: 246.807 Protecting memory [0x00007efd9a2ff000,0x00007efd9a303000] with protection modes 0
Event: 280.218 Protecting memory [0x00007efd9a2ff000,0x00007efd9a303000] with protection modes 0
Event: 345.975 Protecting memory [0x00007efd9a2ff000,0x00007efd9a303000] with protection modes 0
Event: 347.267 Protecting memory [0x00007efd9a2ff000,0x00007efd9a303000] with protection modes 0
Event: 475.615 Protecting memory [0x00007efd9a2ff000,0x00007efd9a303000] with protection modes 0
Event: 475.615 Protecting memory [0x00007efd9a4ff000,0x00007efd9a503000] with protection modes 0
Event: 475.615 Protecting memory [0x00007ef8aebdc000,0x00007ef8aebe0000] with protection modes 0
Event: 506.728 Protecting memory [0x00007efd9a2ff000,0x00007efd9a303000] with protection modes 0
Event: 601.255 Protecting memory [0x00007efd9a2ff000,0x00007efd9a303000] with protection modes 0
Event: 601.256 Protecting memory [0x00007efd9a4ff000,0x00007efd9a503000] with protection modes 0
Event: 601.256 Protecting memory [0x00007ef8aebdc000,0x00007ef8aebe0000] with protection modes 0

Nmethod flushes (0 events):
No events

Events (20 events):
Event: 280.218 Thread 0x0000563bde62ace0 Thread added: 0x00007efd80224900
Event: 280.443 Thread 0x00007efd80224900 Thread exited: 0x00007efd80224900
Event: 345.975 Thread 0x0000563bde62c530 Thread added: 0x00007efd74094160
Event: 347.144 Thread 0x00007efd74094160 Thread exited: 0x00007efd74094160
Event: 347.267 Thread 0x0000563bde62c530 Thread added: 0x00007efd74094b80
Event: 352.369 Thread 0x00007efd74094b80 Thread exited: 0x00007efd74094b80
Event: 475.615 Thread 0x0000563bde62c530 Thread added: 0x00007efd74098b80
Event: 475.615 Thread 0x0000563bde62c530 Thread added: 0x00007efd740996d0
Event: 475.615 Thread 0x0000563bde62c530 Thread added: 0x00007efd740781c0
Event: 480.617 Thread 0x00007efd740781c0 Thread exited: 0x00007efd740781c0
Event: 485.617 Thread 0x00007efd740996d0 Thread exited: 0x00007efd740996d0
Event: 485.617 Thread 0x00007efd74098b80 Thread exited: 0x00007efd74098b80
Event: 506.728 Thread 0x0000563bde62c530 Thread added: 0x00007efd74098d50
Event: 511.750 Thread 0x00007efd74098d50 Thread exited: 0x00007efd74098d50
Event: 601.255 Thread 0x0000563bde626590 Thread added: 0x00007efd840019f0
Event: 601.255 Thread 0x00007efd840019f0 Thread added: 0x00007ef36819cef0
Event: 601.256 Thread 0x00007efd840019f0 Thread added: 0x00007ef36819d710
Event: 601.256 Thread 0x00007ef36819cef0 Thread exited: 0x00007ef36819cef0
Event: 601.261 Thread 0x00007ef36819d710 Thread exited: 0x00007ef36819d710
Event: 601.261 Thread 0x00007efd840019f0 Before exit entered


Dynamic libraries:
82000000-102000000 rw-p 00000000 00:00 0 
102000000-7fe000000 ---p 00000000 00:00 0 
7fe000000-7fef00000 rw-p 00000000 00:00 0 
7fef00000-7fef75000 rw-p 00c7a000 00:62 10553192                         /usr/lib/jvm/java-17-openjdk-amd64/lib/server/classes.jsa
7fef75000-7ff000000 rw-p 00000000 00:00 0 
7ff000000-7ff078000 rw-p 00c02000 00:62 10553192                         /usr/lib/jvm/java-17-openjdk-amd64/lib/server/classes.jsa
7ff078000-800000000 rw-p 00000000 00:00 0 
800000000-800200000 ---p 00000000 00:00 0 
800200000-800400000 rw-s 00000000 00:05 680                              /dev/nvidia0
800400000-803c00000 rw-s 00000000 00:05 679                              /dev/nvidiactl
803c00000-804a00000 ---p 00000000 00:00 0 
804a00000-804c00000 rw-s 00000000 00:05 679                              /dev/nvidiactl
804c00000-804e00000 rw-s 00000000 00:05 679                              /dev/nvidiactl
804e00000-805000000 rw-s 804e00000 00:05 716                             /dev/nvidia-uvm
805000000-805400000 ---p 00000000 00:00 0 
805400000-805600000 rw-s 00000000 00:01 7399                             /dev/zero (deleted)
805600000-900200000 ---p 00000000 00:00 0 
10000000000-10004000000 ---p 00000000 00:00 0 
563bd358e000-563bd35fb000 r--p 00000000 00:62 9914583                    /usr/bin/python3.10
563bd35fb000-563bd38b0000 r-xp 0006d000 00:62 9914583                    /usr/bin/python3.10
563bd38b0000-563bd3af2000 r--p 00322000 00:62 9914583                    /usr/bin/python3.10
563bd3af2000-563bd3af9000 r--p 00563000 00:62 9914583                    /usr/bin/python3.10
563bd3af9000-563bd3b38000 rw-p 0056a000 00:62 9914583                    /usr/bin/python3.10
563bd3b38000-563bd3b7e000 rw-p 00000000 00:00 0 
563bd4044000-56426b516000 rw-p 00000000 00:00 0                          [heap]
7eeb2c000000-7eec9c000000 ---p 00000000 00:00 0 
7eef4c000000-7eef4c021000 rw-p 00000000 00:00 0 
7eef4c021000-7eef50000000 ---p 00000000 00:00 0 
7eef54000000-7eef54021000 rw-p 00000000 00:00 0 
7eef54021000-7eef58000000 ---p 00000000 00:00 0 
7eef58000000-7eef58021000 rw-p 00000000 00:00 0 
7eef58021000-7eef5c000000 ---p 00000000 00:00 0 
7eef5c000000-7eef5c021000 rw-p 00000000 00:00 0 
7eef5c021000-7eef60000000 ---p 00000000 00:00 0 
7eef60000000-7eef60021000 rw-p 00000000 00:00 0 
7eef60021000-7eef64000000 ---p 00000000 00:00 0 
7eef64000000-7eef64021000 rw-p 00000000 00:00 0 
7eef64021000-7eef68000000 ---p 00000000 00:00 0 
7eef68000000-7eef68021000 rw-p 00000000 00:00 0 
7eef68021000-7eef6c000000 ---p 00000000 00:00 0 
7eef6c000000-7eef6c021000 rw-p 00000000 00:00 0 
7eef6c021000-7eef70000000 ---p 00000000 00:00 0 
7eef72000000-7eefbe000000 ---p 00000000 00:00 0 
7ef03e000000-7ef28c000000 ---p 00000000 00:00 0 
7ef290000000-7ef290021000 rw-p 00000000 00:00 0 
7ef290021000-7ef294000000 ---p 00000000 00:00 0 
7ef294000000-7ef294021000 rw-p 00000000 00:00 0 
7ef294021000-7ef298000000 ---p 00000000 00:00 0 
7ef298000000-7ef2d2000000 ---p 00000000 00:00 0 
7ef2e6000000-7ef2eea00000 ---p 00000000 00:00 0 
7ef2eea00000-7ef2eec00000 rw-s 00000000 00:01 7401                       /dev/zero (deleted)
7ef2eec00000-7ef2eee41000 rw-s 00000000 00:01 7402                       /dev/zero (deleted)
7ef2eee41000-7ef2ef000000 ---p 00000000 00:00 0 
7ef2ef000000-7ef2ef200000 rw-s 00000000 00:01 7403                       /dev/zero (deleted)
7ef2ef200000-7ef2f0000000 ---p 00000000 00:00 0 
7ef2f0000000-7ef2f0021000 rw-p 00000000 00:00 0 
7ef2f0021000-7ef2f4000000 ---p 00000000 00:00 0 
7ef2f4000000-7ef2f4021000 rw-p 00000000 00:00 0 
7ef2f4021000-7ef2f8000000 ---p 00000000 00:00 0 
7ef2f8000000-7ef2f8021000 rw-p 00000000 00:00 0 
7ef2f8021000-7ef2fc000000 ---p 00000000 00:00 0 
7ef2fc000000-7ef2fc021000 rw-p 00000000 00:00 0 
7ef2fc021000-7ef300000000 ---p 00000000 00:00 0 
7ef300000000-7ef300021000 rw-p 00000000 00:00 0 
7ef300021000-7ef304000000 ---p 00000000 00:00 0 
7ef304000000-7ef304021000 rw-p 00000000 00:00 0 
7ef304021000-7ef308000000 ---p 00000000 00:00 0 
7ef308000000-7ef308021000 rw-p 00000000 00:00 0 
7ef308021000-7ef30c000000 ---p 00000000 00:00 0 
7ef30c000000-7ef30c021000 rw-p 00000000 00:00 0 
7ef30c021000-7ef310000000 ---p 00000000 00:00 0 
7ef310000000-7ef310021000 rw-p 00000000 00:00 0 
7ef310021000-7ef314000000 ---p 00000000 00:00 0 
7ef314000000-7ef314021000 rw-p 00000000 00:00 0 
7ef314021000-7ef318000000 ---p 00000000 00:00 0 
7ef318000000-7ef318021000 rw-p 00000000 00:00 0 
7ef318021000-7ef31c000000 ---p 00000000 00:00 0 
7ef31e000000-7ef326000000 ---p 00000000 00:00 0 
7ef32c000000-7ef32c021000 rw-p 00000000 00:00 0 
7ef32c021000-7ef330000000 ---p 00000000 00:00 0 
7ef330000000-7ef330021000 rw-p 00000000 00:00 0 
7ef330021000-7ef334000000 ---p 00000000 00:00 0 
7ef334000000-7ef334021000 rw-p 00000000 00:00 0 
7ef334021000-7ef338000000 ---p 00000000 00:00 0 
7ef338000000-7ef338021000 rw-p 00000000 00:00 0 
7ef338021000-7ef33c000000 ---p 00000000 00:00 0 
7ef33c000000-7ef33c021000 rw-p 00000000 00:00 0 
7ef33c021000-7ef340000000 ---p 00000000 00:00 0 
7ef340000000-7ef340021000 rw-p 00000000 00:00 0 
7ef340021000-7ef344000000 ---p 00000000 00:00 0 
7ef344000000-7ef344021000 rw-p 00000000 00:00 0 
7ef344021000-7ef348000000 ---p 00000000 00:00 0 
7ef348000000-7ef348021000 rw-p 00000000 00:00 0 
7ef348021000-7ef34c000000 ---p 00000000 00:00 0 
7ef34c000000-7ef34d66a000 rw-p 00000000 00:00 0 
7ef34d66a000-7ef350000000 ---p 00000000 00:00 0 
7ef350000000-7ef350021000 rw-p 00000000 00:00 0 
7ef350021000-7ef354000000 ---p 00000000 00:00 0 
7ef354000000-7ef355329000 rw-p 00000000 00:00 0 
7ef355329000-7ef358000000 ---p 00000000 00:00 0 
7ef358000000-7ef358ffa000 rw-p 00000000 00:00 0 
7ef358ffa000-7ef35c000000 ---p 00000000 00:00 0 
7ef35c000000-7ef35d327000 rw-p 00000000 00:00 0 
7ef35d327000-7ef360000000 ---p 00000000 00:00 0 
7ef360000000-7ef360fd8000 rw-p 00000000 00:00 0 
7ef360fd8000-7ef364000000 ---p 00000000 00:00 0 
7ef364000000-7ef3640d0000 rw-p 00000000 00:00 0 
7ef3640d0000-7ef368000000 ---p 00000000 00:00 0 
7ef368000000-7ef369268000 rw-p 00000000 00:00 0 
7ef369268000-7ef36c000000 ---p 00000000 00:00 0 
7ef36c000000-7ef36c0ef000 rw-p 00000000 00:00 0 
7ef36c0ef000-7ef370000000 ---p 00000000 00:00 0 
7ef372000000-7ef3e2000000 ---p 00000000 00:00 0 
7ef3e4000000-7ef756000000 ---p 00000000 00:00 0 
7ef75629a000-7ef87019b000 rw-p 00000000 00:00 0 
7ef871ff0000-7ef871ff1000 ---p 00000000 00:00 0 
7ef871ff1000-7ef8721f1000 rw-p 00000000 00:00 0 
7ef8721f1000-7ef8721f2000 ---p 00000000 00:00 0 
7ef8721f2000-7ef8723f2000 rw-p 00000000 00:00 0 
7ef8723f2000-7ef8723f3000 ---p 00000000 00:00 0 
7ef8723f3000-7ef8725f3000 rw-p 00000000 00:00 0 
7ef8725f3000-7ef8725f4000 ---p 00000000 00:00 0 
7ef8725f4000-7ef8727f4000 rw-p 00000000 00:00 0 
7ef8727f4000-7ef8727f5000 ---p 00000000 00:00 0 
7ef8727f5000-7ef8729f5000 rw-p 00000000 00:00 0 
7ef8729f5000-7ef8729f6000 ---p 00000000 00:00 0 
7ef8729f6000-7ef872bf6000 rw-p 00000000 00:00 0 
7ef872bf6000-7ef872bf7000 ---p 00000000 00:00 0 
7ef872bf7000-7ef872df7000 rw-p 00000000 00:00 0 
7ef872df7000-7ef872df8000 ---p 00000000 00:00 0 
7ef872df8000-7ef872ff8000 rw-p 00000000 00:00 0 
7ef872ff8000-7ef872ff9000 ---p 00000000 00:00 0 
7ef872ff9000-7ef8731f9000 rw-p 00000000 00:00 0 
7ef8731f9000-7ef8731fa000 ---p 00000000 00:00 0 
7ef8731fa000-7ef8733fa000 rw-p 00000000 00:00 0 
7ef8733fa000-7ef8733fb000 ---p 00000000 00:00 0 
7ef8733fb000-7ef8735fb000 rw-p 00000000 00:00 0 
7ef8735fb000-7ef8735fc000 ---p 00000000 00:00 0 
7ef8735fc000-7ef8737fc000 rw-p 00000000 00:00 0 
7ef8737fc000-7ef8737fd000 ---p 00000000 00:00 0 
7ef8737fd000-7ef8739fd000 rw-p 00000000 00:00 0 
7ef8739fd000-7ef8739fe000 ---p 00000000 00:00 0 
7ef8739fe000-7ef873bfe000 rw-p 00000000 00:00 0 
7ef873bfe000-7ef873bff000 ---p 00000000 00:00 0 
7ef873bff000-7ef873dff000 rw-p 00000000 00:00 0 
7ef873dff000-7ef873e00000 ---p 00000000 00:00 0 
7ef873e00000-7ef874000000 rw-p 00000000 00:00 0 
7ef874000000-7ef8a2000000 ---p 00000000 00:00 0 
7ef8a51f2000-7ef8a51f3000 ---p 00000000 00:00 0 
7ef8a51f3000-7ef8a52f3000 rw-p 00000000 00:00 0 
7ef8a52f3000-7ef8a52f4000 ---p 00000000 00:00 0 
7ef8a52f4000-7ef8a53f4000 rw-p 00000000 00:00 0 
7ef8a53f4000-7ef8a53f5000 ---p 00000000 00:00 0 
7ef8a53f5000-7ef8a54f5000 rw-p 00000000 00:00 0 
7ef8a54f5000-7ef8a54f6000 ---p 00000000 00:00 0 
7ef8a54f6000-7ef8a55f6000 rw-p 00000000 00:00 0 
7ef8a55f6000-7ef8a55f7000 ---p 00000000 00:00 0 
7ef8a55f7000-7ef8a56f7000 rw-p 00000000 00:00 0 
7ef8a56f7000-7ef8a56f8000 ---p 00000000 00:00 0 
7ef8a56f8000-7ef8a57f8000 rw-p 00000000 00:00 0 
7ef8a57f8000-7ef8a57f9000 ---p 00000000 00:00 0 
7ef8a57f9000-7ef8a58f9000 rw-p 00000000 00:00 0 
7ef8a58f9000-7ef8a58fa000 ---p 00000000 00:00 0 
7ef8a58fa000-7ef8a59fa000 rw-p 00000000 00:00 0 
7ef8a59fa000-7ef8a59fb000 ---p 00000000 00:00 0 
7ef8a59fb000-7ef8a5afb000 rw-p 00000000 00:00 0 
7ef8a5afb000-7ef8a5afc000 ---p 00000000 00:00 0 
7ef8a5afc000-7ef8a5bfc000 rw-p 00000000 00:00 0 
7ef8a5bfc000-7ef8a5bfd000 ---p 00000000 00:00 0 
7ef8a5bfd000-7ef8a5cfd000 rw-p 00000000 00:00 0 
7ef8a5cfd000-7ef8a5cfe000 ---p 00000000 00:00 0 
7ef8a5cfe000-7ef8a5dfe000 rw-p 00000000 00:00 0 
7ef8a5dfe000-7ef8a5dff000 ---p 00000000 00:00 0 
7ef8a5dff000-7ef8a5eff000 rw-p 00000000 00:00 0 
7ef8a5eff000-7ef8a5f00000 ---p 00000000 00:00 0 
7ef8a5f00000-7ef8a6000000 rw-p 00000000 00:00 0 
7ef8a6000000-7ef8ac400000 ---p 00000000 00:00 0 
7ef8ac400000-7ef8ac600000 rw-s 00000000 00:05 679                        /dev/nvidiactl
7ef8ac600000-7ef8ac800000 rw-s 00000000 00:01 7396                       /dev/zero (deleted)
7ef8ac800000-7ef8aca00000 rw-s 00000000 00:01 7397                       /dev/zero (deleted)
7ef8aca00000-7ef8ad000000 ---p 00000000 00:00 0 
7ef8ad000000-7ef8ad200000 rw-s 00000000 00:05 679                        /dev/nvidiactl
7ef8ad200000-7ef8ad400000 rw-s 00000000 00:01 7400                       /dev/zero (deleted)
7ef8ad400000-7ef8ad577000 rw-s 00000000 00:05 679                        /dev/nvidiactl
7ef8ad577000-7ef8ae000000 ---p 00000000 00:00 0 
7ef8ae0d8000-7ef8ae0d9000 ---p 00000000 00:00 0 
7ef8ae0d9000-7ef8ae2d9000 rw-p 00000000 00:00 0 
7ef8ae2d9000-7ef8ae2da000 ---p 00000000 00:00 0 
7ef8ae2da000-7ef8ae4da000 rw-p 00000000 00:00 0 
7ef8ae4da000-7ef8ae4db000 ---p 00000000 00:00 0 
7ef8ae4db000-7ef8ae6db000 rw-p 00000000 00:00 0 
7ef8ae6db000-7ef8ae6dc000 ---p 00000000 00:00 0 
7ef8ae6dc000-7ef8ae8dc000 rw-p 00000000 00:00 0 
7ef8ae8dc000-7ef8ae8e0000 ---p 00000000 00:00 0 
7ef8ae8e0000-7ef8ae9dc000 rw-p 00000000 00:00 0 
7ef8ae9dc000-7ef8ae9e0000 ---p 00000000 00:00 0 
7ef8ae9e0000-7ef8aeadc000 rw-p 00000000 00:00 0 
7ef8aeadc000-7ef8aeae0000 ---p 00000000 00:00 0 
7ef8aeae0000-7ef8aebdc000 rw-p 00000000 00:00 0 
7ef8aebdc000-7ef8aebe0000 ---p 00000000 00:00 0 
7ef8aebe0000-7ef8aecdc000 rw-p 00000000 00:00 0 
7ef8aecdc000-7ef8aecdd000 ---p 00000000 00:00 0 
7ef8aecdd000-7ef8afbdd000 rw-p 00000000 00:00 0 
7ef8afbdd000-7ef8afddd000 rw-s 00000000 00:01 7398                       /dev/zero (deleted)
7ef8afddd000-7ef8afdde000 rw-s 00000000 00:05 679                        /dev/nvidiactl
7ef8afdde000-7ef8afddf000 rw-s 00000000 00:05 679                        /dev/nvidiactl
7ef8afddf000-7ef8afde0000 rw-s 00000000 00:05 679                        /dev/nvidiactl
7ef8afde0000-7ef8afde1000 rw-s 00000000 00:05 679                        /dev/nvidiactl
7ef8afde1000-7ef8afde2000 rw-s 00000000 00:05 679                        /dev/nvidiactl
7ef8afde2000-7ef8afde3000 rw-s 00000000 00:05 679                        /dev/nvidiactl
7ef8afde3000-7ef8afde4000 rw-s 00000000 00:05 679                        /dev/nvidiactl
7ef8afde4000-7ef8afde5000 rw-s 00000000 00:05 679                        /dev/nvidiactl
7ef8afde5000-7ef8afde6000 rw-s 00000000 00:05 679                        /dev/nvidiactl
7ef8afde6000-7ef8afde7000 rw-s 00000000 00:05 679                        /dev/nvidiactl
7ef8afde7000-7ef8afde8000 rw-s 00000000 00:05 679                        /dev/nvidiactl
7ef8afde8000-7ef8afde9000 rw-s 00000000 00:05 679                        /dev/nvidiactl
7ef8afde9000-7ef8afdea000 rw-s 00000000 00:05 679                        /dev/nvidiactl
7ef8afdea000-7ef8afdeb000 rw-s 00000000 00:05 679                        /dev/nvidiactl
7ef8afdeb000-7ef8afdec000 rw-s 00000000 00:05 679                        /dev/nvidiactl
7ef8afdec000-7ef8afded000 rw-s 00000000 00:05 679                        /dev/nvidiactl
7ef8afded000-7ef8afdee000 rw-s 00000000 00:05 679                        /dev/nvidiactl
7ef8afdee000-7ef8afdef000 rw-s 00000000 00:05 679                        /dev/nvidiactl
7ef8afdef000-7ef8afdf0000 rw-s 00000000 00:05 679                        /dev/nvidiactl
7ef8afdf0000-7ef8afdf1000 rw-s 00000000 00:05 679                        /dev/nvidiactl
7ef8afdf1000-7ef8b0dff000 ---p 00000000 00:00 0 
7ef8b0dff000-7ef8b15ff000 rw-p 00000000 00:00 0 
7ef8b15ff000-7ef8b1600000 ---p 00000000 00:00 0 
7ef8b1600000-7ef8b1e00000 rw-p 00000000 00:00 0 
7ef8b1e00000-7ef8b1fca000 r-xp 00000000 103:03 106299479                 /usr/lib/x86_64-linux-gnu/libnvidia-ml.so.555.42.02
7ef8b1fca000-7ef8b21c9000 ---p 001ca000 103:03 106299479                 /usr/lib/x86_64-linux-gnu/libnvidia-ml.so.555.42.02
7ef8b21c9000-7ef8b21fb000 r--p 001c9000 103:03 106299479                 /usr/lib/x86_64-linux-gnu/libnvidia-ml.so.555.42.02
7ef8b21fb000-7ef8b21fd000 rw-p 001fb000 103:03 106299479                 /usr/lib/x86_64-linux-gnu/libnvidia-ml.so.555.42.02
7ef8b21fd000-7ef8b2e29000 rw-p 00000000 00:00 0 
7ef8b2ef7000-7ef8b30f7000 rw-p 00000000 00:00 0 
7ef8b30f7000-7ef8b30f8000 ---p 00000000 00:00 0 
7ef8b30f8000-7ef8b47f8000 rw-p 00000000 00:00 0 
7ef8b47f8000-7ef8b7d77000 r--p 00000000 00:62 10095985                   /home/ubuntu/.local/lib/python3.10/site-packages/triton/_C/libtriton.so
7ef8b7d77000-7ef8bce1c000 r-xp 0357e000 00:62 10095985                   /home/ubuntu/.local/lib/python3.10/site-packages/triton/_C/libtriton.so
7ef8bce1c000-7ef8bcf4c000 r--p 08622000 00:62 10095985                   /home/ubuntu/.local/lib/python3.10/site-packages/triton/_C/libtriton.so
7ef8bcf4c000-7ef8bcf6f000 rw-p 08751000 00:62 10095985                   /home/ubuntu/.local/lib/python3.10/site-packages/triton/_C/libtriton.so
7ef8bcf6f000-7ef8be800000 rw-p 00000000 00:00 0 
7ef8be800000-7ef8be8a9000 r-xp 00000000 00:62 10163489                   /home/ubuntu/.local/lib/python3.10/site-packages/torchvision.libs/libcudart.45e7f3ed.so.12
7ef8be8a9000-7ef8beaa9000 ---p 000a9000 00:62 10163489                   /home/ubuntu/.local/lib/python3.10/site-packages/torchvision.libs/libcudart.45e7f3ed.so.12
7ef8beaa9000-7ef8beaae000 r--p 000a9000 00:62 10163489                   /home/ubuntu/.local/lib/python3.10/site-packages/torchvision.libs/libcudart.45e7f3ed.so.12
7ef8beaae000-7ef8beaaf000 rw-p 000ae000 00:62 10163489                   /home/ubuntu/.local/lib/python3.10/site-packages/torchvision.libs/libcudart.45e7f3ed.so.12
7ef8beaaf000-7ef8beab1000 rw-p 00000000 00:00 0 
7ef8beb00000-7ef8bec00000 rw-p 00000000 00:00 0 
7ef8bec00000-7ef8bf25a000 r-xp 00000000 00:62 10163488                   /home/ubuntu/.local/lib/python3.10/site-packages/torchvision.libs/libnvjpeg.e5f20359.so.12
7ef8bf25a000-7ef8bf45a000 ---p 0065a000 00:62 10163488                   /home/ubuntu/.local/lib/python3.10/site-packages/torchvision.libs/libnvjpeg.e5f20359.so.12
7ef8bf45a000-7ef8bf467000 r--p 0065a000 00:62 10163488                   /home/ubuntu/.local/lib/python3.10/site-packages/torchvision.libs/libnvjpeg.e5f20359.so.12
7ef8bf467000-7ef8bf468000 rw-p 00667000 00:62 10163488                   /home/ubuntu/.local/lib/python3.10/site-packages/torchvision.libs/libnvjpeg.e5f20359.so.12
7ef8bf468000-7ef8bf46d000 rw-p 00000000 00:00 0 
7ef8bf491000-7ef8bf494000 r--p 00000000 00:62 10045293                   /usr/lib/python3.10/lib-dynload/termios.cpython-310-x86_64-linux-gnu.so
7ef8bf494000-7ef8bf495000 r-xp 00003000 00:62 10045293                   /usr/lib/python3.10/lib-dynload/termios.cpython-310-x86_64-linux-gnu.so
7ef8bf495000-7ef8bf497000 r--p 00004000 00:62 10045293                   /usr/lib/python3.10/lib-dynload/termios.cpython-310-x86_64-linux-gnu.so
7ef8bf497000-7ef8bf498000 r--p 00005000 00:62 10045293                   /usr/lib/python3.10/lib-dynload/termios.cpython-310-x86_64-linux-gnu.so
7ef8bf498000-7ef8bf49a000 rw-p 00006000 00:62 10045293                   /usr/lib/python3.10/lib-dynload/termios.cpython-310-x86_64-linux-gnu.so
7ef8bf49a000-7ef8bf49c000 r--p 00000000 00:62 10045270                   /usr/lib/python3.10/lib-dynload/_lsprof.cpython-310-x86_64-linux-gnu.so
7ef8bf49c000-7ef8bf49f000 r-xp 00002000 00:62 10045270                   /usr/lib/python3.10/lib-dynload/_lsprof.cpython-310-x86_64-linux-gnu.so
7ef8bf49f000-7ef8bf4a1000 r--p 00005000 00:62 10045270                   /usr/lib/python3.10/lib-dynload/_lsprof.cpython-310-x86_64-linux-gnu.so
7ef8bf4a1000-7ef8bf4a2000 r--p 00006000 00:62 10045270                   /usr/lib/python3.10/lib-dynload/_lsprof.cpython-310-x86_64-linux-gnu.so
7ef8bf4a2000-7ef8bf4a3000 rw-p 00007000 00:62 10045270                   /usr/lib/python3.10/lib-dynload/_lsprof.cpython-310-x86_64-linux-gnu.so
7ef8bf4a3000-7ef8bf4a6000 r--p 00000000 00:62 10163490                   /home/ubuntu/.local/lib/python3.10/site-packages/torchvision.libs/libz.81d90590.so.1
7ef8bf4a6000-7ef8bf4b4000 r-xp 00003000 00:62 10163490                   /home/ubuntu/.local/lib/python3.10/site-packages/torchvision.libs/libz.81d90590.so.1
7ef8bf4b4000-7ef8bf4bb000 r--p 00011000 00:62 10163490                   /home/ubuntu/.local/lib/python3.10/site-packages/torchvision.libs/libz.81d90590.so.1
7ef8bf4bb000-7ef8bf4bc000 r--p 00017000 00:62 10163490                   /home/ubuntu/.local/lib/python3.10/site-packages/torchvision.libs/libz.81d90590.so.1
7ef8bf4bc000-7ef8bf4bd000 rw-p 00018000 00:62 10163490                   /home/ubuntu/.local/lib/python3.10/site-packages/torchvision.libs/libz.81d90590.so.1
7ef8bf4bd000-7ef8bf4c0000 r--p 00000000 00:62 10163487                   /home/ubuntu/.local/lib/python3.10/site-packages/torchvision.libs/libwebp.32d871e4.so.7
7ef8bf4c0000-7ef8bf54a000 r-xp 00003000 00:62 10163487                   /home/ubuntu/.local/lib/python3.10/site-packages/torchvision.libs/libwebp.32d871e4.so.7
7ef8bf54a000-7ef8bf55d000 r--p 0008d000 00:62 10163487                   /home/ubuntu/.local/lib/python3.10/site-packages/torchvision.libs/libwebp.32d871e4.so.7
7ef8bf55d000-7ef8bf55e000 r--p 000a0000 00:62 10163487                   /home/ubuntu/.local/lib/python3.10/site-packages/torchvision.libs/libwebp.32d871e4.so.7
7ef8bf55e000-7ef8bf55f000 rw-p 000a1000 00:62 10163487                   /home/ubuntu/.local/lib/python3.10/site-packages/torchvision.libs/libwebp.32d871e4.so.7
7ef8bf55f000-7ef8bf560000 rw-p 00000000 00:00 0 
7ef8bf560000-7ef8bf561000 rw-p 000ad000 00:62 10163487                   /home/ubuntu/.local/lib/python3.10/site-packages/torchvision.libs/libwebp.32d871e4.so.7
7ef8bf561000-7ef8bf566000 r--p 00000000 00:62 10163486                   /home/ubuntu/.local/lib/python3.10/site-packages/torchvision.libs/libjpeg.37781fad.so.8
7ef8bf566000-7ef8bf5bb000 r-xp 00005000 00:62 10163486                   /home/ubuntu/.local/lib/python3.10/site-packages/torchvision.libs/libjpeg.37781fad.so.8
7ef8bf5bb000-7ef8bf5f6000 r--p 0005a000 00:62 10163486                   /home/ubuntu/.local/lib/python3.10/site-packages/torchvision.libs/libjpeg.37781fad.so.8
7ef8bf5f6000-7ef8bf5f7000 r--p 00094000 00:62 10163486                   /home/ubuntu/.local/lib/python3.10/site-packages/torchvision.libs/libjpeg.37781fad.so.8
7ef8bf5f7000-7ef8bf5f8000 rw-p 00095000 00:62 10163486                   /home/ubuntu/.local/lib/python3.10/site-packages/torchvision.libs/libjpeg.37781fad.so.8
7ef8bf5f8000-7ef8bf5fe000 r--p 00000000 00:62 10163485                   /home/ubuntu/.local/lib/python3.10/site-packages/torchvision.libs/libpng16.e328d493.so.16
7ef8bf5fe000-7ef8bf627000 r-xp 00006000 00:62 10163485                   /home/ubuntu/.local/lib/python3.10/site-packages/torchvision.libs/libpng16.e328d493.so.16
7ef8bf627000-7ef8bf632000 r--p 0002f000 00:62 10163485                   /home/ubuntu/.local/lib/python3.10/site-packages/torchvision.libs/libpng16.e328d493.so.16
7ef8bf632000-7ef8bf633000 ---p 0003a000 00:62 10163485                   /home/ubuntu/.local/lib/python3.10/site-packages/torchvision.libs/libpng16.e328d493.so.16
7ef8bf633000-7ef8bf634000 r--p 0003a000 00:62 10163485                   /home/ubuntu/.local/lib/python3.10/site-packages/torchvision.libs/libpng16.e328d493.so.16
7ef8bf634000-7ef8bf635000 rw-p 0003b000 00:62 10163485                   /home/ubuntu/.local/lib/python3.10/site-packages/torchvision.libs/libpng16.e328d493.so.16
7ef8bf635000-7ef8bf638000 rw-p 00042000 00:62 10163485                   /home/ubuntu/.local/lib/python3.10/site-packages/torchvision.libs/libpng16.e328d493.so.16
7ef8bf638000-7ef8bf64f000 r--p 00000000 00:62 10163281                   /home/ubuntu/.local/lib/python3.10/site-packages/torchvision/image.so
7ef8bf64f000-7ef8bf682000 r-xp 00017000 00:62 10163281                   /home/ubuntu/.local/lib/python3.10/site-packages/torchvision/image.so
7ef8bf682000-7ef8bf698000 r--p 0004a000 00:62 10163281                   /home/ubuntu/.local/lib/python3.10/site-packages/torchvision/image.so
7ef8bf698000-7ef8bf699000 r--p 0005f000 00:62 10163281                   /home/ubuntu/.local/lib/python3.10/site-packages/torchvision/image.so
7ef8bf699000-7ef8bf69b000 rw-p 00060000 00:62 10163281                   /home/ubuntu/.local/lib/python3.10/site-packages/torchvision/image.so
7ef8bf69b000-7ef8bf6a7000 rw-p 0007a000 00:62 10163281                   /home/ubuntu/.local/lib/python3.10/site-packages/torchvision/image.so
7ef8bf6a7000-7ef8bf6b3000 rw-p 00086000 00:62 10163281                   /home/ubuntu/.local/lib/python3.10/site-packages/torchvision/image.so
7ef8bf6b3000-7ef8bf6bf000 rw-p 00092000 00:62 10163281                   /home/ubuntu/.local/lib/python3.10/site-packages/torchvision/image.so
7ef8bf6bf000-7ef8bf6cb000 rw-p 0009e000 00:62 10163281                   /home/ubuntu/.local/lib/python3.10/site-packages/torchvision/image.so
7ef8bf6cb000-7ef8bf6d7000 rw-p 000aa000 00:62 10163281                   /home/ubuntu/.local/lib/python3.10/site-packages/torchvision/image.so
7ef8bf6d7000-7ef8bf6d9000 r--p 00000000 00:62 9914557                    /usr/lib/x86_64-linux-gnu/libfribidi.so.0.4.0
7ef8bf6d9000-7ef8bf6dc000 r-xp 00002000 00:62 9914557                    /usr/lib/x86_64-linux-gnu/libfribidi.so.0.4.0
7ef8bf6dc000-7ef8bf6f1000 r--p 00005000 00:62 9914557                    /usr/lib/x86_64-linux-gnu/libfribidi.so.0.4.0
7ef8bf6f1000-7ef8bf6f2000 r--p 00019000 00:62 9914557                    /usr/lib/x86_64-linux-gnu/libfribidi.so.0.4.0
7ef8bf6f2000-7ef8bf6f3000 rw-p 0001a000 00:62 9914557                    /usr/lib/x86_64-linux-gnu/libfribidi.so.0.4.0
7ef8bf6f3000-7ef8bf6f4000 r--p 00000000 00:62 10100091                   /home/ubuntu/.local/lib/python3.10/site-packages/pillow.libs/libbrotlicommon-c55a5f7a.so.1.1.0
7ef8bf6f4000-7ef8bf6f5000 r-xp 00001000 00:62 10100091                   /home/ubuntu/.local/lib/python3.10/site-packages/pillow.libs/libbrotlicommon-c55a5f7a.so.1.1.0
7ef8bf6f5000-7ef8bf714000 r--p 00002000 00:62 10100091                   /home/ubuntu/.local/lib/python3.10/site-packages/pillow.libs/libbrotlicommon-c55a5f7a.so.1.1.0
7ef8bf714000-7ef8bf715000 r--p 00021000 00:62 10100091                   /home/ubuntu/.local/lib/python3.10/site-packages/pillow.libs/libbrotlicommon-c55a5f7a.so.1.1.0
7ef8bf715000-7ef8bf716000 rw-p 00022000 00:62 10100091                   /home/ubuntu/.local/lib/python3.10/site-packages/pillow.libs/libbrotlicommon-c55a5f7a.so.1.1.0
7ef8bf716000-7ef8bf717000 rw-p 00023000 00:62 10100091                   /home/ubuntu/.local/lib/python3.10/site-packages/pillow.libs/libbrotlicommon-c55a5f7a.so.1.1.0
7ef8bf717000-7ef8bf718000 r--p 00000000 00:62 10100092                   /home/ubuntu/.local/lib/python3.10/site-packages/pillow.libs/libbrotlidec-2ced2f3a.so.1.1.0
7ef8bf718000-7ef8bf721000 r-xp 00001000 00:62 10100092                   /home/ubuntu/.local/lib/python3.10/site-packages/pillow.libs/libbrotlidec-2ced2f3a.so.1.1.0
7ef8bf721000-7ef8bf724000 r--p 0000a000 00:62 10100092                   /home/ubuntu/.local/lib/python3.10/site-packages/pillow.libs/libbrotlidec-2ced2f3a.so.1.1.0
7ef8bf724000-7ef8bf725000 r--p 0000c000 00:62 10100092                   /home/ubuntu/.local/lib/python3.10/site-packages/pillow.libs/libbrotlidec-2ced2f3a.so.1.1.0
7ef8bf725000-7ef8bf726000 rw-p 0000d000 00:62 10100092                   /home/ubuntu/.local/lib/python3.10/site-packages/pillow.libs/libbrotlidec-2ced2f3a.so.1.1.0
7ef8bf726000-7ef8bf727000 rw-p 0000e000 00:62 10100092                   /home/ubuntu/.local/lib/python3.10/site-packages/pillow.libs/libbrotlidec-2ced2f3a.so.1.1.0
7ef8bf727000-7ef8bf728000 rw-p 0000f000 00:62 10100092                   /home/ubuntu/.local/lib/python3.10/site-packages/pillow.libs/libbrotlidec-2ced2f3a.so.1.1.0
7ef8bf728000-7ef8bf72d000 r--p 00000000 00:62 10100099                   /home/ubuntu/.local/lib/python3.10/site-packages/pillow.libs/libpng16-d00bd151.so.16.49.0
7ef8bf72d000-7ef8bf75f000 r-xp 00005000 00:62 10100099                   /home/ubuntu/.local/lib/python3.10/site-packages/pillow.libs/libpng16-d00bd151.so.16.49.0
7ef8bf75f000-7ef8bf769000 r--p 00037000 00:62 10100099                   /home/ubuntu/.local/lib/python3.10/site-packages/pillow.libs/libpng16-d00bd151.so.16.49.0
7ef8bf769000-7ef8bf76a000 r--p 00040000 00:62 10100099                   /home/ubuntu/.local/lib/python3.10/site-packages/pillow.libs/libpng16-d00bd151.so.16.49.0
7ef8bf76a000-7ef8bf76b000 rw-p 00041000 00:62 10100099                   /home/ubuntu/.local/lib/python3.10/site-packages/pillow.libs/libpng16-d00bd151.so.16.49.0
7ef8bf76b000-7ef8bf76d000 rw-p 00042000 00:62 10100099                   /home/ubuntu/.local/lib/python3.10/site-packages/pillow.libs/libpng16-d00bd151.so.16.49.0
7ef8bf76d000-7ef8bf779000 r--p 00000000 00:62 10100094                   /home/ubuntu/.local/lib/python3.10/site-packages/pillow.libs/libharfbuzz-fe5b8f8d.so.0.61121.0
7ef8bf779000-7ef8bf7f6000 r-xp 0000c000 00:62 10100094                   /home/ubuntu/.local/lib/python3.10/site-packages/pillow.libs/libharfbuzz-fe5b8f8d.so.0.61121.0
7ef8bf7f6000-7ef8bf83f000 r--p 00089000 00:62 10100094                   /home/ubuntu/.local/lib/python3.10/site-packages/pillow.libs/libharfbuzz-fe5b8f8d.so.0.61121.0
7ef8bf83f000-7ef8bf840000 r--p 000d1000 00:62 10100094                   /home/ubuntu/.local/lib/python3.10/site-packages/pillow.libs/libharfbuzz-fe5b8f8d.so.0.61121.0
7ef8bf840000-7ef8bf842000 rw-p 000d2000 00:62 10100094                   /home/ubuntu/.local/lib/python3.10/site-packages/pillow.libs/libharfbuzz-fe5b8f8d.so.0.61121.0
7ef8bf842000-7ef8bf847000 rw-p 000d5000 00:62 10100094                   /home/ubuntu/.local/lib/python3.10/site-packages/pillow.libs/libharfbuzz-fe5b8f8d.so.0.61121.0
7ef8bf847000-7ef8bf84b000 rw-p 000da000 00:62 10100094                   /home/ubuntu/.local/lib/python3.10/site-packages/pillow.libs/libharfbuzz-fe5b8f8d.so.0.61121.0
7ef8bf84b000-7ef8bf858000 r--p 00000000 00:62 10100093                   /home/ubuntu/.local/lib/python3.10/site-packages/pillow.libs/libfreetype-083ff72c.so.6.20.2
7ef8bf858000-7ef8bf91f000 r-xp 0000d000 00:62 10100093                   /home/ubuntu/.local/lib/python3.10/site-packages/pillow.libs/libfreetype-083ff72c.so.6.20.2
7ef8bf91f000-7ef8bf94b000 r--p 000d4000 00:62 10100093                   /home/ubuntu/.local/lib/python3.10/site-packages/pillow.libs/libfreetype-083ff72c.so.6.20.2
7ef8bf94b000-7ef8bf952000 r--p 00100000 00:62 10100093                   /home/ubuntu/.local/lib/python3.10/site-packages/pillow.libs/libfreetype-083ff72c.so.6.20.2
7ef8bf952000-7ef8bf954000 rw-p 00107000 00:62 10100093                   /home/ubuntu/.local/lib/python3.10/site-packages/pillow.libs/libfreetype-083ff72c.so.6.20.2
7ef8bf954000-7ef8bf956000 rw-p 0015a000 00:62 10100093                   /home/ubuntu/.local/lib/python3.10/site-packages/pillow.libs/libfreetype-083ff72c.so.6.20.2
7ef8bf956000-7ef8bf958000 rw-p 0015c000 00:62 10100093                   /home/ubuntu/.local/lib/python3.10/site-packages/pillow.libs/libfreetype-083ff72c.so.6.20.2
7ef8bf958000-7ef8bf9fc000 r--p 00000000 00:62 10163275                   /home/ubuntu/.local/lib/python3.10/site-packages/torchvision/_C.so
7ef8bf9fc000-7ef8bfb12000 r-xp 000a4000 00:62 10163275                   /home/ubuntu/.local/lib/python3.10/site-packages/torchvision/_C.so
7ef8bfb12000-7ef8c0092000 r--p 001ba000 00:62 10163275                   /home/ubuntu/.local/lib/python3.10/site-packages/torchvision/_C.so
7ef8c0092000-7ef8c0095000 r--p 00739000 00:62 10163275                   /home/ubuntu/.local/lib/python3.10/site-packages/torchvision/_C.so
7ef8c0095000-7ef8c009a000 rw-p 0073c000 00:62 10163275                   /home/ubuntu/.local/lib/python3.10/site-packages/torchvision/_C.so
7ef8c009a000-7efa2ea9c000 rw-p 00000000 00:00 0 
7efa2ea9e000-7efb3489e000 rw-p 00000000 00:00 0 
7efb348a0000-7efbb4fa0000 rw-p 00000000 00:00 0 
7efbb4fa2000-7efbf5ba2000 rw-p 00000000 00:00 0 
7efbf5ba4000-7efc15aa4000 rw-p 00000000 00:00 0 
7efc15aa6000-7efc25ca6000 rw-p 00000000 00:00 0 
7efc25ca8000-7efc2dba8000 rw-p 00000000 00:00 0 
7efc2dbaa000-7efc321aa000 rw-p 00000000 00:00 0 
7efc321ac000-7efc35cac000 rw-p 00000000 00:00 0 
7efc35cac000-7efc3f244000 r--s 00000000 08:00 45646671                   /home/ubuntu/tbazzocchi/FRAG/MedRAG/corpus/wikipedia/index/bm25/_s_Lucene90_0.dvd
7efc3f244000-7efc42360000 r--s 00000000 08:00 45646518                   /home/ubuntu/tbazzocchi/FRAG/MedRAG/corpus/wikipedia/index/bm25/_s.fdt
7efc42360000-7efc42988000 r--s 00000000 08:00 45646519                   /home/ubuntu/tbazzocchi/FRAG/MedRAG/corpus/wikipedia/index/bm25/_s.nvd
7efc42988000-7efc42be0000 r--s 00000000 08:00 45646528                   /home/ubuntu/tbazzocchi/FRAG/MedRAG/corpus/wikipedia/index/bm25/_s_Lucene90_0.tip
7efc42be0000-7efc479a9000 r--s 00000000 08:00 45646527                   /home/ubuntu/tbazzocchi/FRAG/MedRAG/corpus/wikipedia/index/bm25/_s_Lucene90_0.tim
7efc479a9000-7efc6d25b000 r--s 00000000 08:00 45646526                   /home/ubuntu/tbazzocchi/FRAG/MedRAG/corpus/wikipedia/index/bm25/_s_Lucene90_0.doc
7efc6d25b000-7efc7b6bb000 r--s 00000000 08:00 45646432                   /home/ubuntu/tbazzocchi/FRAG/MedRAG/corpus/wikipedia/index/bm25/_13_Lucene90_0.dvd
7efc7b6bb000-7efc80125000 r--s 00000000 08:00 45646676                   /home/ubuntu/tbazzocchi/FRAG/MedRAG/corpus/wikipedia/index/bm25/_13.fdt
7efc80125000-7efc80a8a000 r--s 00000000 08:00 45646503                   /home/ubuntu/tbazzocchi/FRAG/MedRAG/corpus/wikipedia/index/bm25/_13.nvd
7efc80a8a000-7efc80de9000 r--s 00000000 08:00 45646685                   /home/ubuntu/tbazzocchi/FRAG/MedRAG/corpus/wikipedia/index/bm25/_13_Lucene90_0.tip
7efc80de9000-7efc87a88000 r--s 00000000 08:00 45646684                   /home/ubuntu/tbazzocchi/FRAG/MedRAG/corpus/wikipedia/index/bm25/_13_Lucene90_0.tim
7efc87a88000-7efcc1661000 r--s 00000000 08:00 45646678                   /home/ubuntu/tbazzocchi/FRAG/MedRAG/corpus/wikipedia/index/bm25/_13_Lucene90_0.doc
7efcc1661000-7efcc2fcd000 r--s 00000000 08:00 45646497                   /home/ubuntu/tbazzocchi/FRAG/MedRAG/corpus/wikipedia/index/bm25/_a_Lucene90_0.dvd
7efcc2fcd000-7efcc381c000 r--s 00000000 08:00 45646313                   /home/ubuntu/tbazzocchi/FRAG/MedRAG/corpus/wikipedia/index/bm25/_a.fdt
7efcc381c000-7efcc3928000 r--s 00000000 08:00 45646495                   /home/ubuntu/tbazzocchi/FRAG/MedRAG/corpus/wikipedia/index/bm25/_a.nvd
7efcc3928000-7efcc39bd000 r--s 00000000 08:00 45646506                   /home/ubuntu/tbazzocchi/FRAG/MedRAG/corpus/wikipedia/index/bm25/_a_Lucene90_0.tip
7efcc39bd000-7efcc4b4e000 r--s 00000000 08:00 45646505                   /home/ubuntu/tbazzocchi/FRAG/MedRAG/corpus/wikipedia/index/bm25/_a_Lucene90_0.tim
7efcc4b4e000-7efccafae000 r--s 00000000 08:00 45646504                   /home/ubuntu/tbazzocchi/FRAG/MedRAG/corpus/wikipedia/index/bm25/_a_Lucene90_0.doc
7efccafae000-7efcccb38000 r--s 00000000 08:00 45646510                   /home/ubuntu/tbazzocchi/FRAG/MedRAG/corpus/wikipedia/index/bm25/_6_Lucene90_0.dvd
7efcccb38000-7efccd437000 r--s 00000000 08:00 45646303                   /home/ubuntu/tbazzocchi/FRAG/MedRAG/corpus/wikipedia/index/bm25/_6.fdt
7efccd437000-7efccd559000 r--s 00000000 08:00 45646508                   /home/ubuntu/tbazzocchi/FRAG/MedRAG/corpus/wikipedia/index/bm25/_6.nvd
7efccd559000-7efccd5f7000 r--s 00000000 08:00 45646524                   /home/ubuntu/tbazzocchi/FRAG/MedRAG/corpus/wikipedia/index/bm25/_6_Lucene90_0.tip
7efccd5f7000-7efcce89d000 r--s 00000000 08:00 45646523                   /home/ubuntu/tbazzocchi/FRAG/MedRAG/corpus/wikipedia/index/bm25/_6_Lucene90_0.tim
7efcce89d000-7efcd554b000 r--s 00000000 08:00 45646522                   /home/ubuntu/tbazzocchi/FRAG/MedRAG/corpus/wikipedia/index/bm25/_6_Lucene90_0.doc
7efcd554b000-7efcd72e4000 r--s 00000000 08:00 45646532                   /home/ubuntu/tbazzocchi/FRAG/MedRAG/corpus/wikipedia/index/bm25/_8_Lucene90_0.dvd
7efcd72e4000-7efcd7c8e000 r--s 00000000 08:00 45646317                   /home/ubuntu/tbazzocchi/FRAG/MedRAG/corpus/wikipedia/index/bm25/_8.fdt
7efcd7c8e000-7efcd7dc6000 r--s 00000000 08:00 45646530                   /home/ubuntu/tbazzocchi/FRAG/MedRAG/corpus/wikipedia/index/bm25/_8.nvd
7efcd7dc6000-7efcd7e6d000 r--s 00000000 08:00 45646541                   /home/ubuntu/tbazzocchi/FRAG/MedRAG/corpus/wikipedia/index/bm25/_8_Lucene90_0.tip
7efcd7e6d000-7efcd9224000 r--s 00000000 08:00 45646540                   /home/ubuntu/tbazzocchi/FRAG/MedRAG/corpus/wikipedia/index/bm25/_8_Lucene90_0.tim
7efcd9224000-7efce070a000 r--s 00000000 08:00 45646539                   /home/ubuntu/tbazzocchi/FRAG/MedRAG/corpus/wikipedia/index/bm25/_8_Lucene90_0.doc
7efce070a000-7efce26f7000 r--s 00000000 08:00 45646545                   /home/ubuntu/tbazzocchi/FRAG/MedRAG/corpus/wikipedia/index/bm25/_2_Lucene90_0.dvd
7efce26f7000-7efce3160000 r--s 00000000 08:00 45646308                   /home/ubuntu/tbazzocchi/FRAG/MedRAG/corpus/wikipedia/index/bm25/_2.fdt
7efce3160000-7efce32b0000 r--s 00000000 08:00 45646543                   /home/ubuntu/tbazzocchi/FRAG/MedRAG/corpus/wikipedia/index/bm25/_2.nvd
7efce32b0000-7efce3360000 r--s 00000000 08:00 45646554                   /home/ubuntu/tbazzocchi/FRAG/MedRAG/corpus/wikipedia/index/bm25/_2_Lucene90_0.tip
7efce3360000-7efce4836000 r--s 00000000 08:00 45646553                   /home/ubuntu/tbazzocchi/FRAG/MedRAG/corpus/wikipedia/index/bm25/_2_Lucene90_0.tim
7efce4836000-7efcec62a000 r--s 00000000 08:00 45646552                   /home/ubuntu/tbazzocchi/FRAG/MedRAG/corpus/wikipedia/index/bm25/_2_Lucene90_0.doc
7efcec62a000-7efcedf13000 r--s 00000000 08:00 45646658                   /home/ubuntu/tbazzocchi/FRAG/MedRAG/corpus/wikipedia/index/bm25/_o_Lucene90_0.dvd
7efcedf13000-7efcee730000 r--s 00000000 08:00 45646468                   /home/ubuntu/tbazzocchi/FRAG/MedRAG/corpus/wikipedia/index/bm25/_o.fdt
7efcee730000-7efcee837000 r--s 00000000 08:00 45646656                   /home/ubuntu/tbazzocchi/FRAG/MedRAG/corpus/wikipedia/index/bm25/_o.nvd
7efcee837000-7efcee8c8000 r--s 00000000 08:00 45646667                   /home/ubuntu/tbazzocchi/FRAG/MedRAG/corpus/wikipedia/index/bm25/_o_Lucene90_0.tip
7efcee8c8000-7efcef9de000 r--s 00000000 08:00 45646666                   /home/ubuntu/tbazzocchi/FRAG/MedRAG/corpus/wikipedia/index/bm25/_o_Lucene90_0.tim
7efcef9de000-7efcf5c7c000 r--s 00000000 08:00 45646665                   /home/ubuntu/tbazzocchi/FRAG/MedRAG/corpus/wikipedia/index/bm25/_o_Lucene90_0.doc
7efcf5c7c000-7efcf777b000 r--s 00000000 08:00 45646681                   /home/ubuntu/tbazzocchi/FRAG/MedRAG/corpus/wikipedia/index/bm25/_q_Lucene90_0.dvd
7efcf777b000-7efcf7fed000 r--s 00000000 08:00 45646501                   /home/ubuntu/tbazzocchi/FRAG/MedRAG/corpus/wikipedia/index/bm25/_q.fdt
7efcf7fed000-7efcf8109000 r--s 00000000 08:00 45646679                   /home/ubuntu/tbazzocchi/FRAG/MedRAG/corpus/wikipedia/index/bm25/_q.nvd
7efcf8109000-7efcf819e000 r--s 00000000 08:00 45646291                   /home/ubuntu/tbazzocchi/FRAG/MedRAG/corpus/wikipedia/index/bm25/_q_Lucene90_0.tip
7efcf819e000-7efcf9306000 r--s 00000000 08:00 45646290                   /home/ubuntu/tbazzocchi/FRAG/MedRAG/corpus/wikipedia/index/bm25/_q_Lucene90_0.tim
7efcf9306000-7efcffe05000 r--s 00000000 08:00 45646289                   /home/ubuntu/tbazzocchi/FRAG/MedRAG/corpus/wikipedia/index/bm25/_q_Lucene90_0.doc
7efcffe05000-7efd0121b000 r--s 00000000 08:00 45646299                   /home/ubuntu/tbazzocchi/FRAG/MedRAG/corpus/wikipedia/index/bm25/_r_Lucene90_0.dvd
7efd0121b000-7efd018a3000 r--s 00000000 08:00 45646514                   /home/ubuntu/tbazzocchi/FRAG/MedRAG/corpus/wikipedia/index/bm25/_r.fdt
7efd018a3000-7efd01977000 r--s 00000000 08:00 45646295                   /home/ubuntu/tbazzocchi/FRAG/MedRAG/corpus/wikipedia/index/bm25/_r.nvd
7efd01977000-7efd019f2000 r--s 00000000 08:00 45646309                   /home/ubuntu/tbazzocchi/FRAG/MedRAG/corpus/wikipedia/index/bm25/_r_Lucene90_0.tip
7efd019f2000-7efd0285e000 r--s 00000000 08:00 45646306                   /home/ubuntu/tbazzocchi/FRAG/MedRAG/corpus/wikipedia/index/bm25/_r_Lucene90_0.tim
7efd0285e000-7efd077ec000 r--s 00000000 08:00 45646305                   /home/ubuntu/tbazzocchi/FRAG/MedRAG/corpus/wikipedia/index/bm25/_r_Lucene90_0.doc
7efd077ec000-7efd081ec000 r--s 00000000 08:00 45646318                   /home/ubuntu/tbazzocchi/FRAG/MedRAG/corpus/wikipedia/index/bm25/_x_Lucene90_0.dvd
7efd081ec000-7efd0852e000 r--s 00000000 08:00 45646592                   /home/ubuntu/tbazzocchi/FRAG/MedRAG/corpus/wikipedia/index/bm25/_x.fdt
7efd0852e000-7efd08d97000 r--s 00000000 08:00 45646325                   /home/ubuntu/tbazzocchi/FRAG/MedRAG/corpus/wikipedia/index/bm25/_x_Lucene90_0.tim
7efd08d97000-7efd0b509000 r--s 00000000 08:00 45646324                   /home/ubuntu/tbazzocchi/FRAG/MedRAG/corpus/wikipedia/index/bm25/_x_Lucene90_0.doc
7efd0b509000-7efd0b6d7000 r--s 00000000 08:00 45646334                   /home/ubuntu/tbazzocchi/FRAG/MedRAG/corpus/wikipedia/index/bm25/_12_Lucene90_0.dvd
7efd0b6d7000-7efd0b76c000 r--s 00000000 08:00 45646649                   /home/ubuntu/tbazzocchi/FRAG/MedRAG/corpus/wikipedia/index/bm25/_12.fdt
7efd0b76c000-7efd0b9d5000 r--s 00000000 08:00 45646341                   /home/ubuntu/tbazzocchi/FRAG/MedRAG/corpus/wikipedia/index/bm25/_12_Lucene90_0.tim
7efd0b9d5000-7efd0c0cd000 r--s 00000000 08:00 45646340                   /home/ubuntu/tbazzocchi/FRAG/MedRAG/corpus/wikipedia/index/bm25/_12_Lucene90_0.doc
7efd0c0cd000-7efd0c91a000 r--s 00000000 08:00 45646350                   /home/ubuntu/tbazzocchi/FRAG/MedRAG/corpus/wikipedia/index/bm25/_10_Lucene90_0.dvd
7efd0c91a000-7efd0cbad000 r--s 00000000 08:00 45646627                   /home/ubuntu/tbazzocchi/FRAG/MedRAG/corpus/wikipedia/index/bm25/_10.fdt
7efd0cbad000-7efd0d292000 r--s 00000000 08:00 45646354                   /home/ubuntu/tbazzocchi/FRAG/MedRAG/corpus/wikipedia/index/bm25/_10_Lucene90_0.tim
7efd0d292000-7efd0f2e9000 r--s 00000000 08:00 45646353                   /home/ubuntu/tbazzocchi/FRAG/MedRAG/corpus/wikipedia/index/bm25/_10_Lucene90_0.doc
7efd0f2e9000-7efd102ad000 r--s 00000000 08:00 45646361                   /home/ubuntu/tbazzocchi/FRAG/MedRAG/corpus/wikipedia/index/bm25/_u_Lucene90_0.dvd
7efd102ad000-7efd107cd000 r--s 00000000 08:00 45646549                   /home/ubuntu/tbazzocchi/FRAG/MedRAG/corpus/wikipedia/index/bm25/_u.fdt
7efd107cd000-7efd113cd000 r--s 00000000 08:00 45646365                   /home/ubuntu/tbazzocchi/FRAG/MedRAG/corpus/wikipedia/index/bm25/_u_Lucene90_0.tim
7efd113cd000-7efd15238000 r--s 00000000 08:00 45646364                   /home/ubuntu/tbazzocchi/FRAG/MedRAG/corpus/wikipedia/index/bm25/_u_Lucene90_0.doc
7efd15238000-7efd15721000 r--s 00000000 08:00 45646376                   /home/ubuntu/tbazzocchi/FRAG/MedRAG/corpus/wikipedia/index/bm25/_11_Lucene90_0.dvd
7efd15721000-7efd158b0000 r--s 00000000 08:00 45646640                   /home/ubuntu/tbazzocchi/FRAG/MedRAG/corpus/wikipedia/index/bm25/_11.fdt
7efd158b0000-7efd15d86000 r--s 00000000 08:00 45646384                   /home/ubuntu/tbazzocchi/FRAG/MedRAG/corpus/wikipedia/index/bm25/_11_Lucene90_0.tim
7efd15d86000-7efd17098000 r--s 00000000 08:00 45646379                   /home/ubuntu/tbazzocchi/FRAG/MedRAG/corpus/wikipedia/index/bm25/_11_Lucene90_0.doc
7efd17098000-7efd17b17000 r--s 00000000 08:00 45646391                   /home/ubuntu/tbazzocchi/FRAG/MedRAG/corpus/wikipedia/index/bm25/_w_Lucene90_0.dvd
7efd17b17000-7efd183e9000 r--s 00000000 08:00 45646399                   /home/ubuntu/tbazzocchi/FRAG/MedRAG/corpus/wikipedia/index/bm25/_w_Lucene90_0.tim
7efd183e9000-7efd1ad41000 r--s 00000000 08:00 45646398                   /home/ubuntu/tbazzocchi/FRAG/MedRAG/corpus/wikipedia/index/bm25/_w_Lucene90_0.doc
7efd1ad41000-7efd1c9c0000 r--s 00000000 08:00 45646406                   /home/ubuntu/tbazzocchi/FRAG/MedRAG/corpus/wikipedia/index/bm25/_p_Lucene90_0.dvd
7efd1c9c0000-7efd1d2ae000 r--s 00000000 08:00 45646488                   /home/ubuntu/tbazzocchi/FRAG/MedRAG/corpus/wikipedia/index/bm25/_p.fdt
7efd1d2ae000-7efd1e4d7000 r--s 00000000 08:00 45646414                   /home/ubuntu/tbazzocchi/FRAG/MedRAG/corpus/wikipedia/index/bm25/_p_Lucene90_0.tim
7efd1e4d7000-7efd25572000 r--s 00000000 08:00 45646413                   /home/ubuntu/tbazzocchi/FRAG/MedRAG/corpus/wikipedia/index/bm25/_p_Lucene90_0.doc
7efd25572000-7efd25da1000 r--s 00000000 08:00 45646421                   /home/ubuntu/tbazzocchi/FRAG/MedRAG/corpus/wikipedia/index/bm25/_z_Lucene90_0.dvd
7efd25da1000-7efd264ca000 r--s 00000000 08:00 45646429                   /home/ubuntu/tbazzocchi/FRAG/MedRAG/corpus/wikipedia/index/bm25/_z_Lucene90_0.tim
7efd264ca000-7efd284cc000 r--s 00000000 08:00 45646428                   /home/ubuntu/tbazzocchi/FRAG/MedRAG/corpus/wikipedia/index/bm25/_z_Lucene90_0.doc
7efd284cc000-7efd296d1000 r--s 00000000 08:00 45646442                   /home/ubuntu/tbazzocchi/FRAG/MedRAG/corpus/wikipedia/index/bm25/_t_Lucene90_0.dvd
7efd296d1000-7efd29cad000 r--s 00000000 08:00 45646536                   /home/ubuntu/tbazzocchi/FRAG/MedRAG/corpus/wikipedia/index/bm25/_t.fdt
7efd29cad000-7efd2aa02000 r--s 00000000 08:00 45646446                   /home/ubuntu/tbazzocchi/FRAG/MedRAG/corpus/wikipedia/index/bm25/_t_Lucene90_0.tim
7efd2aa02000-7efd2f15b000 r--s 00000000 08:00 45646445                   /home/ubuntu/tbazzocchi/FRAG/MedRAG/corpus/wikipedia/index/bm25/_t_Lucene90_0.doc
7efd2f15b000-7efd30000000 r--s 00000000 08:00 45646457                   /home/ubuntu/tbazzocchi/FRAG/MedRAG/corpus/wikipedia/index/bm25/_v_Lucene90_0.dvd
7efd30000000-7efd40000000 ---p 00000000 00:00 0 
7efd40005000-7efd40006000 r--p 00000000 00:62 10163491                   /home/ubuntu/.local/lib/python3.10/site-packages/torchvision.libs/libsharpyuv.0032f495.so.0
7efd40006000-7efd4000b000 r-xp 00001000 00:62 10163491                   /home/ubuntu/.local/lib/python3.10/site-packages/torchvision.libs/libsharpyuv.0032f495.so.0
7efd4000b000-7efd4000c000 r--p 00006000 00:62 10163491                   /home/ubuntu/.local/lib/python3.10/site-packages/torchvision.libs/libsharpyuv.0032f495.so.0
7efd4000c000-7efd4000d000 r--p 00006000 00:62 10163491                   /home/ubuntu/.local/lib/python3.10/site-packages/torchvision.libs/libsharpyuv.0032f495.so.0
7efd4000d000-7efd4000e000 rw-p 00007000 00:62 10163491                   /home/ubuntu/.local/lib/python3.10/site-packages/torchvision.libs/libsharpyuv.0032f495.so.0
7efd4000e000-7efd4000f000 rw-p 00000000 00:00 0 
7efd4000f000-7efd40013000 r--p 00000000 00:62 10100071                   /home/ubuntu/.local/lib/python3.10/site-packages/PIL/_imagingft.cpython-310-x86_64-linux-gnu.so
7efd40013000-7efd4001c000 r-xp 00004000 00:62 10100071                   /home/ubuntu/.local/lib/python3.10/site-packages/PIL/_imagingft.cpython-310-x86_64-linux-gnu.so
7efd4001c000-7efd4001e000 r--p 0000d000 00:62 10100071                   /home/ubuntu/.local/lib/python3.10/site-packages/PIL/_imagingft.cpython-310-x86_64-linux-gnu.so
7efd4001e000-7efd4001f000 r--p 0000f000 00:62 10100071                   /home/ubuntu/.local/lib/python3.10/site-packages/PIL/_imagingft.cpython-310-x86_64-linux-gnu.so
7efd4001f000-7efd40020000 rw-p 00010000 00:62 10100071                   /home/ubuntu/.local/lib/python3.10/site-packages/PIL/_imagingft.cpython-310-x86_64-linux-gnu.so
7efd40020000-7efd40021000 rw-p 00047000 00:62 10100071                   /home/ubuntu/.local/lib/python3.10/site-packages/PIL/_imagingft.cpython-310-x86_64-linux-gnu.so
7efd40021000-7efd40022000 rw-p 00048000 00:62 10100071                   /home/ubuntu/.local/lib/python3.10/site-packages/PIL/_imagingft.cpython-310-x86_64-linux-gnu.so
7efd40022000-7efd4008b000 r--s 00000000 08:00 45646315                   /home/ubuntu/tbazzocchi/FRAG/MedRAG/corpus/wikipedia/index/bm25/_x.nvd
7efd4008b000-7efd400e1000 r--s 00000000 08:00 45646348                   /home/ubuntu/tbazzocchi/FRAG/MedRAG/corpus/wikipedia/index/bm25/_10.nvd
7efd400e1000-7efd40187000 r--s 00000000 08:00 45646359                   /home/ubuntu/tbazzocchi/FRAG/MedRAG/corpus/wikipedia/index/bm25/_u.nvd
7efd40187000-7efd404f1000 r--s 00000000 08:00 45646582                   /home/ubuntu/tbazzocchi/FRAG/MedRAG/corpus/wikipedia/index/bm25/_w.fdt
7efd404f1000-7efd409aa000 r--s 00000000 08:00 45646562                   /home/ubuntu/tbazzocchi/FRAG/MedRAG/corpus/wikipedia/index/bm25/_v.fdt
7efd409aa000-7efd414bd000 r--s 00000000 08:00 45646301                   /home/ubuntu/tbazzocchi/FRAG/MedRAG/corpus/wikipedia/index/bm25/_v_Lucene90_0.tim
7efd414bd000-7efd44e74000 r--s 00000000 08:00 45646296                   /home/ubuntu/tbazzocchi/FRAG/MedRAG/corpus/wikipedia/index/bm25/_v_Lucene90_0.doc
7efd44e74000-7efd457e6000 r--s 00000000 08:00 45646337                   /home/ubuntu/tbazzocchi/FRAG/MedRAG/corpus/wikipedia/index/bm25/_y_Lucene90_0.dvd
7efd457e6000-7efd46000000 r--s 00000000 08:00 45646380                   /home/ubuntu/tbazzocchi/FRAG/MedRAG/corpus/wikipedia/index/bm25/_y_Lucene90_0.tim
7efd46000000-7efd4c000000 ---p 00000000 00:00 0 
7efd4c000000-7efd4c021000 rw-p 00000000 00:00 0 
7efd4c021000-7efd50000000 ---p 00000000 00:00 0 
7efd50003000-7efd5004c000 r--s 00000000 08:00 45646326                   /home/ubuntu/tbazzocchi/FRAG/MedRAG/corpus/wikipedia/index/bm25/_x_Lucene90_0.tip
7efd5004c000-7efd50089000 r--s 00000000 08:00 45646355                   /home/ubuntu/tbazzocchi/FRAG/MedRAG/corpus/wikipedia/index/bm25/_10_Lucene90_0.tip
7efd50089000-7efd500f0000 r--s 00000000 08:00 45646366                   /home/ubuntu/tbazzocchi/FRAG/MedRAG/corpus/wikipedia/index/bm25/_u_Lucene90_0.tip
7efd500f0000-7efd50123000 r--s 00000000 08:00 45646374                   /home/ubuntu/tbazzocchi/FRAG/MedRAG/corpus/wikipedia/index/bm25/_11.nvd
7efd50123000-7efd50191000 r--s 00000000 08:00 45646389                   /home/ubuntu/tbazzocchi/FRAG/MedRAG/corpus/wikipedia/index/bm25/_w.nvd
7efd50191000-7efd501dd000 r--s 00000000 08:00 45646400                   /home/ubuntu/tbazzocchi/FRAG/MedRAG/corpus/wikipedia/index/bm25/_w_Lucene90_0.tip
7efd501dd000-7efd5047f000 r--s 00000000 08:00 45646614                   /home/ubuntu/tbazzocchi/FRAG/MedRAG/corpus/wikipedia/index/bm25/_z.fdt
7efd5047f000-7efd529cc000 r--s 00000000 08:00 45646371                   /home/ubuntu/tbazzocchi/FRAG/MedRAG/corpus/wikipedia/index/bm25/_y_Lucene90_0.doc
7efd529cc000-7efd52a7d000 r--p 00000000 00:62 10237031                   /home/ubuntu/.local/lib/python3.10/site-packages/onnxruntime/capi/onnxruntime_pybind11_state.cpython-310-x86_64-linux-gnu.so
7efd52a7d000-7efd53bb8000 r-xp 000b1000 00:62 10237031                   /home/ubuntu/.local/lib/python3.10/site-packages/onnxruntime/capi/onnxruntime_pybind11_state.cpython-310-x86_64-linux-gnu.so
7efd53bb8000-7efd53fb6000 r--p 011ec000 00:62 10237031                   /home/ubuntu/.local/lib/python3.10/site-packages/onnxruntime/capi/onnxruntime_pybind11_state.cpython-310-x86_64-linux-gnu.so
7efd53fb6000-7efd53ff6000 r--p 015ea000 00:62 10237031                   /home/ubuntu/.local/lib/python3.10/site-packages/onnxruntime/capi/onnxruntime_pybind11_state.cpython-310-x86_64-linux-gnu.so
7efd53ff6000-7efd53ff9000 rw-p 0162a000 00:62 10237031                   /home/ubuntu/.local/lib/python3.10/site-packages/onnxruntime/capi/onnxruntime_pybind11_state.cpython-310-x86_64-linux-gnu.so
7efd53ff9000-7efd54000000 rw-p 00000000 00:00 0 
7efd54000000-7efd541bc000 rw-p 00000000 00:00 0 
7efd541bc000-7efd58000000 ---p 00000000 00:00 0 
7efd58000000-7efd59510000 rw-p 00000000 00:00 0 
7efd59510000-7efd5c000000 ---p 00000000 00:00 0 
7efd5c000000-7efd5c178000 rw-p 00000000 00:00 0 
7efd5c178000-7efd60000000 ---p 00000000 00:00 0 
7efd60000000-7efd60b6b000 rw-p 00000000 00:00 0 
7efd60b6b000-7efd64000000 ---p 00000000 00:00 0 
7efd64000000-7efd64021000 rw-p 00000000 00:00 0 
7efd64021000-7efd68000000 ---p 00000000 00:00 0 
7efd68000000-7efd68219000 rw-p 00000000 00:00 0 
7efd68219000-7efd6c000000 ---p 00000000 00:00 0 
7efd6c000000-7efd6c021000 rw-p 00000000 00:00 0 
7efd6c021000-7efd70000000 ---p 00000000 00:00 0 
7efd70000000-7efd70021000 rw-p 00000000 00:00 0 
7efd70021000-7efd74000000 ---p 00000000 00:00 0 
7efd74000000-7efd741c8000 rw-p 00000000 00:00 0 
7efd741c8000-7efd78000000 ---p 00000000 00:00 0 
7efd78000000-7efd78021000 rw-p 00000000 00:00 0 
7efd78021000-7efd7c000000 ---p 00000000 00:00 0 
7efd7c000000-7efd7c021000 rw-p 00000000 00:00 0 
7efd7c021000-7efd80000000 ---p 00000000 00:00 0 
7efd80000000-7efd817b1000 rw-p 00000000 00:00 0 
7efd817b1000-7efd84000000 ---p 00000000 00:00 0 
7efd84000000-7efd84021000 rw-p 00000000 00:00 0 
7efd84021000-7efd88000000 ---p 00000000 00:00 0 
7efd88000000-7efd88021000 rw-p 00000000 00:00 0 
7efd88021000-7efd8c000000 ---p 00000000 00:00 0 
7efd8c000000-7efd8c021000 rw-p 00000000 00:00 0 
7efd8c021000-7efd90000000 ---p 00000000 00:00 0 
7efd90000000-7efd90021000 rw-p 00000000 00:00 0 
7efd90021000-7efd94000000 ---p 00000000 00:00 0 
7efd94000000-7efd94021000 rw-p 00000000 00:00 0 
7efd94021000-7efd98000000 ---p 00000000 00:00 0 
7efd98005000-7efd98018000 r--s 00000000 08:00 45646332                   /home/ubuntu/tbazzocchi/FRAG/MedRAG/corpus/wikipedia/index/bm25/_12.nvd
7efd98018000-7efd98042000 r--s 00000000 08:00 45646385                   /home/ubuntu/tbazzocchi/FRAG/MedRAG/corpus/wikipedia/index/bm25/_11_Lucene90_0.tip
7efd98042000-7efd9816d000 r--s 00000000 08:00 45646404                   /home/ubuntu/tbazzocchi/FRAG/MedRAG/corpus/wikipedia/index/bm25/_p.nvd
7efd9816d000-7efd98209000 r--s 00000000 08:00 45646415                   /home/ubuntu/tbazzocchi/FRAG/MedRAG/corpus/wikipedia/index/bm25/_p_Lucene90_0.tip
7efd98209000-7efd9825f000 r--s 00000000 08:00 45646419                   /home/ubuntu/tbazzocchi/FRAG/MedRAG/corpus/wikipedia/index/bm25/_z.nvd
7efd9825f000-7efd9829d000 r--s 00000000 08:00 45646430                   /home/ubuntu/tbazzocchi/FRAG/MedRAG/corpus/wikipedia/index/bm25/_z_Lucene90_0.tip
7efd9829d000-7efd9835b000 r--s 00000000 08:00 45646440                   /home/ubuntu/tbazzocchi/FRAG/MedRAG/corpus/wikipedia/index/bm25/_t.nvd
7efd9835b000-7efd983ce000 r--s 00000000 08:00 45646447                   /home/ubuntu/tbazzocchi/FRAG/MedRAG/corpus/wikipedia/index/bm25/_t_Lucene90_0.tip
7efd983ce000-7efd98468000 r--s 00000000 08:00 45646455                   /home/ubuntu/tbazzocchi/FRAG/MedRAG/corpus/wikipedia/index/bm25/_v.nvd
7efd98468000-7efd984c8000 r--s 00000000 08:00 45646307                   /home/ubuntu/tbazzocchi/FRAG/MedRAG/corpus/wikipedia/index/bm25/_v_Lucene90_0.tip
7efd984c8000-7efd987dd000 r--s 00000000 08:00 45646598                   /home/ubuntu/tbazzocchi/FRAG/MedRAG/corpus/wikipedia/index/bm25/_y.fdt
7efd987dd000-7efd988dd000 rw-p 00000000 00:00 0 
7efd988dd000-7efd998ff000 ---p 00000000 00:00 0 
7efd998ff000-7efd9a1ff000 rw-p 00000000 00:00 0 
7efd9a1ff000-7efd9a203000 ---p 00000000 00:00 0 
7efd9a203000-7efd9a2ff000 rw-p 00000000 00:00 0 
7efd9a2ff000-7efd9a303000 ---p 00000000 00:00 0 
7efd9a303000-7efd9a3ff000 rw-p 00000000 00:00 0 
7efd9a3ff000-7efd9a403000 ---p 00000000 00:00 0 
7efd9a403000-7efd9a4ff000 rw-p 00000000 00:00 0 
7efd9a4ff000-7efd9a503000 ---p 00000000 00:00 0 
7efd9a503000-7efd9a5ff000 rw-p 00000000 00:00 0 
7efd9a5ff000-7efd9a603000 ---p 00000000 00:00 0 
7efd9a603000-7efd9a6ff000 rw-p 00000000 00:00 0 
7efd9a6ff000-7efd9a703000 ---p 00000000 00:00 0 
7efd9a703000-7efd9a7ff000 rw-p 00000000 00:00 0 
7efd9a7ff000-7efd9a803000 ---p 00000000 00:00 0 
7efd9a803000-7efd9a9ff000 rw-p 00000000 00:00 0 
7efd9a9ff000-7efd9aa00000 ---p 00000000 00:00 0 
7efd9aa00000-7efd9ab00000 rw-p 00000000 00:00 0 
7efd9ab00000-7efd9ab04000 ---p 00000000 00:00 0 
7efd9ab04000-7efd9ac00000 rw-p 00000000 00:00 0 
7efd9ac00000-7efd9ac04000 ---p 00000000 00:00 0 
7efd9ac04000-7efd9ad00000 rw-p 00000000 00:00 0 
7efd9ad00000-7efd9ad04000 ---p 00000000 00:00 0 
7efd9ad04000-7efd9ae00000 rw-p 00000000 00:00 0 
7efd9ae00000-7efd9ae04000 ---p 00000000 00:00 0 
7efd9ae04000-7efd9af00000 rw-p 00000000 00:00 0 
7efd9af00000-7efd9af04000 ---p 00000000 00:00 0 
7efd9af04000-7efd9b400000 rw-p 00000000 00:00 0 
7efd9b400000-7efd9b900000 rw-p 00000000 00:00 0 
7efd9b900000-7efd9bf00000 rw-p 00000000 00:00 0 
7efd9bf00000-7efd9bf70000 rw-p 00000000 00:00 0 
7efd9bf70000-7efd9c000000 ---p 00000000 00:00 0 
7efd9c000000-7efd9c0f0000 rw-p 00000000 00:00 0 
7efd9c0f0000-7efd9f000000 ---p 00000000 00:00 0 
7efd9f000000-7efd9f455000 rw-p 00001000 00:62 10553192                   /usr/lib/jvm/java-17-openjdk-amd64/lib/server/classes.jsa
7efd9f455000-7efd9fbca000 rw-p 00456000 00:62 10553192                   /usr/lib/jvm/java-17-openjdk-amd64/lib/server/classes.jsa
7efd9fbca000-7efda0000000 ---p 00000000 00:00 0 
7efda0000000-7efda0040000 rw-p 00000000 00:00 0 
7efda0040000-7efda0080000 rw-p 00000000 00:00 0 
7efda0080000-7efda00e0000 rw-p 00000000 00:00 0 
7efda00e0000-7efda0140000 rw-p 00000000 00:00 0 
7efda0140000-7efda0230000 rw-p 00000000 00:00 0 
7efda0230000-7efde0000000 ---p 00000000 00:00 0 
7efde0000000-7efde0021000 rw-p 00000000 00:00 0 
7efde0021000-7efde4000000 ---p 00000000 00:00 0 
7efde4000000-7efde4021000 rw-p 00000000 00:00 0 
7efde4021000-7efde8000000 ---p 00000000 00:00 0 
7efde8000000-7efde8021000 rw-p 00000000 00:00 0 
7efde8021000-7efdec000000 ---p 00000000 00:00 0 
7efdec000000-7efdec021000 rw-p 00000000 00:00 0 
7efdec021000-7efdf0000000 ---p 00000000 00:00 0 
7efdf0000000-7efdf0021000 rw-p 00000000 00:00 0 
7efdf0021000-7efdf4000000 ---p 00000000 00:00 0 
7efdf4003000-7efdf400b000 r--s 00000000 08:00 45646502                   /home/ubuntu/tbazzocchi/FRAG/MedRAG/corpus/wikipedia/index/bm25/_13.fdx
7efdf400b000-7efdf4020000 r--s 00000000 08:00 45646342                   /home/ubuntu/tbazzocchi/FRAG/MedRAG/corpus/wikipedia/index/bm25/_12_Lucene90_0.tip
7efdf4020000-7efdf4084000 r--s 00000000 08:00 45646327                   /home/ubuntu/tbazzocchi/FRAG/MedRAG/corpus/wikipedia/index/bm25/_y.nvd
7efdf4084000-7efdf40ca000 r--s 00000000 08:00 45646381                   /home/ubuntu/tbazzocchi/FRAG/MedRAG/corpus/wikipedia/index/bm25/_y_Lucene90_0.tip
7efdf40ca000-7efdf40da000 -w-s 00000000 00:05 680                        /dev/nvidia0
7efdf40da000-7efdf40de000 ---p 00000000 00:00 0 
7efdf40de000-7efdf41da000 rw-p 00000000 00:00 0 
7efdf41da000-7efdf41de000 ---p 00000000 00:00 0 
7efdf41de000-7efdf42da000 rw-p 00000000 00:00 0 
7efdf42da000-7efdf42de000 ---p 00000000 00:00 0 
7efdf42de000-7efdf43da000 rw-p 00000000 00:00 0 
7efdf43da000-7efdf43de000 ---p 00000000 00:00 0 
7efdf43de000-7efdf44da000 rw-p 00000000 00:00 0 
7efdf44da000-7efdf44db000 ---p 00000000 00:00 0 
7efdf44db000-7efdf45db000 rw-p 00000000 00:00 0 
7efdf45db000-7efdf45e0000 r--p 00000000 00:62 10553174                   /usr/lib/jvm/java-17-openjdk-amd64/lib/libjsvml.so
7efdf45e0000-7efdf4621000 r-xp 00005000 00:62 10553174                   /usr/lib/jvm/java-17-openjdk-amd64/lib/libjsvml.so
7efdf4621000-7efdf46aa000 r--p 00046000 00:62 10553174                   /usr/lib/jvm/java-17-openjdk-amd64/lib/libjsvml.so
7efdf46aa000-7efdf46ab000 r--p 000ce000 00:62 10553174                   /usr/lib/jvm/java-17-openjdk-amd64/lib/libjsvml.so
7efdf46ab000-7efdf46ac000 rw-p 000cf000 00:62 10553174                   /usr/lib/jvm/java-17-openjdk-amd64/lib/libjsvml.so
7efdf46ac000-7efdf46ad000 ---p 00000000 00:00 0 
7efdf46ad000-7efdf47ad000 rw-p 00000000 00:00 0 
7efdf47ad000-7efdf47ae000 ---p 00000000 00:00 0 
7efdf47ae000-7efdf68ae000 rw-p 00000000 00:00 0 
7efdf68ae000-7efdf68af000 ---p 00000000 00:00 0 
7efdf68af000-7efdf69af000 rw-p 00000000 00:00 0 
7efdf69af000-7efdf69b0000 ---p 00000000 00:00 0 
7efdf69b0000-7efdf6ab0000 rw-p 00000000 00:00 0 
7efdf6ab0000-7efdf6ab1000 ---p 00000000 00:00 0 
7efdf6ab1000-7efdf8ca5000 rw-p 00000000 00:00 0 
7efdf8ca5000-7efe14ba5000 ---p 00000000 00:00 0 
7efe14ba5000-7efe16c25000 rw-p 00000000 00:00 0 
7efe16c25000-7efe32b25000 ---p 00000000 00:00 0 
7efe32b25000-7efe32fa5000 rw-p 00000000 00:00 0 
7efe32fa5000-7efe36785000 ---p 00000000 00:00 0 
7efe36785000-7efe36b95000 rw-p 00000000 00:00 0 
7efe36b95000-7efe3a375000 ---p 00000000 00:00 0 
7efe3a375000-7efe3a785000 rw-p 00000000 00:00 0 
7efe3a785000-7efe3df65000 ---p 00000000 00:00 0 
7efe3df65000-7efe3df7b000 rw-p 00000000 00:00 0 
7efe3df7b000-7efe3e05e000 ---p 00000000 00:00 0 
7efe3e05e000-7efe3e068000 rw-p 00000000 00:00 0 
7efe3e068000-7efe3e147000 ---p 00000000 00:00 0 
7efe3e147000-7efe3e607000 rwxp 00000000 00:00 0 
7efe3e607000-7efe455a6000 ---p 00000000 00:00 0 
7efe455a6000-7efe458a6000 rwxp 00000000 00:00 0 
7efe458a6000-7efe45ce7000 ---p 00000000 00:00 0 
7efe45ce7000-7efe45f77000 rwxp 00000000 00:00 0 
7efe45f77000-7efe4d147000 ---p 00000000 00:00 0 
7efe4d147000-7efe54bfc000 r--s 00000000 00:62 10553189                   /usr/lib/jvm/java-17-openjdk-amd64/lib/modules
7efe54bfc000-7efe54e4d000 r--p 00000000 00:62 10553195                   /usr/lib/jvm/java-17-openjdk-amd64/lib/server/libjvm.so
7efe54e4d000-7efe55bc2000 r-xp 00251000 00:62 10553195                   /usr/lib/jvm/java-17-openjdk-amd64/lib/server/libjvm.so
7efe55bc2000-7efe55e45000 r--p 00fc6000 00:62 10553195                   /usr/lib/jvm/java-17-openjdk-amd64/lib/server/libjvm.so
7efe55e45000-7efe55e46000 ---p 01249000 00:62 10553195                   /usr/lib/jvm/java-17-openjdk-amd64/lib/server/libjvm.so
7efe55e46000-7efe55efe000 r--p 01249000 00:62 10553195                   /usr/lib/jvm/java-17-openjdk-amd64/lib/server/libjvm.so
7efe55efe000-7efe55f33000 rw-p 01301000 00:62 10553195                   /usr/lib/jvm/java-17-openjdk-amd64/lib/server/libjvm.so
7efe55f33000-7efe55f8d000 rw-p 00000000 00:00 0 
7efe55f8d000-7efe55f97000 r--p 00000000 00:62 10171408                   /home/ubuntu/.local/lib/python3.10/site-packages/jnius/jnius.cpython-310-x86_64-linux-gnu.so
7efe55f97000-7efe56012000 r-xp 0000a000 00:62 10171408                   /home/ubuntu/.local/lib/python3.10/site-packages/jnius/jnius.cpython-310-x86_64-linux-gnu.so
7efe56012000-7efe56021000 r--p 00085000 00:62 10171408                   /home/ubuntu/.local/lib/python3.10/site-packages/jnius/jnius.cpython-310-x86_64-linux-gnu.so
7efe56021000-7efe56024000 r--p 00093000 00:62 10171408                   /home/ubuntu/.local/lib/python3.10/site-packages/jnius/jnius.cpython-310-x86_64-linux-gnu.so
7efe56024000-7efe56028000 rw-p 00096000 00:62 10171408                   /home/ubuntu/.local/lib/python3.10/site-packages/jnius/jnius.cpython-310-x86_64-linux-gnu.so
7efe56028000-7efe56329000 rw-p 00000000 00:00 0 
7efe56329000-7efe56457000 r--p 00000000 00:62 10171480                   /home/ubuntu/.local/lib/python3.10/site-packages/faiss/_swigfaiss_avx2.cpython-310-x86_64-linux-gnu.so
7efe56457000-7efe5645b000 r-xp 0012e000 00:62 10171480                   /home/ubuntu/.local/lib/python3.10/site-packages/faiss/_swigfaiss_avx2.cpython-310-x86_64-linux-gnu.so
7efe5645b000-7efe56461000 ---p 00132000 00:62 10171480                   /home/ubuntu/.local/lib/python3.10/site-packages/faiss/_swigfaiss_avx2.cpython-310-x86_64-linux-gnu.so
7efe56461000-7efe5818e000 r-xp 00138000 00:62 10171480                   /home/ubuntu/.local/lib/python3.10/site-packages/faiss/_swigfaiss_avx2.cpython-310-x86_64-linux-gnu.so
7efe5818e000-7efe58415000 r--p 01e65000 00:62 10171480                   /home/ubuntu/.local/lib/python3.10/site-packages/faiss/_swigfaiss_avx2.cpython-310-x86_64-linux-gnu.so
7efe58415000-7efe58424000 r--p 020eb000 00:62 10171480                   /home/ubuntu/.local/lib/python3.10/site-packages/faiss/_swigfaiss_avx2.cpython-310-x86_64-linux-gnu.so
7efe58424000-7efe58465000 rw-p 020fa000 00:62 10171480                   /home/ubuntu/.local/lib/python3.10/site-packages/faiss/_swigfaiss_avx2.cpython-310-x86_64-linux-gnu.so
7efe58465000-7efe58471000 rw-p 00000000 00:00 0 
7efe58471000-7efe584c2000 rw-p 0213c000 00:62 10171480                   /home/ubuntu/.local/lib/python3.10/site-packages/faiss/_swigfaiss_avx2.cpython-310-x86_64-linux-gnu.so
7efe584c2000-7efe58500000 rw-p 0218d000 00:62 10171480                   /home/ubuntu/.local/lib/python3.10/site-packages/faiss/_swigfaiss_avx2.cpython-310-x86_64-linux-gnu.so
7efe58500000-7efe58800000 rw-p 00000000 00:00 0 
7efe58800000-7efe58803000 r-xp 00000000 00:62 10100089                   /home/ubuntu/.local/lib/python3.10/site-packages/pillow.libs/libXau-154567c4.so.6.0.0
7efe58803000-7efe58a02000 ---p 00003000 00:62 10100089                   /home/ubuntu/.local/lib/python3.10/site-packages/pillow.libs/libXau-154567c4.so.6.0.0
7efe58a02000-7efe58a03000 r--p 00002000 00:62 10100089                   /home/ubuntu/.local/lib/python3.10/site-packages/pillow.libs/libXau-154567c4.so.6.0.0
7efe58a03000-7efe58a04000 rw-p 00000000 00:00 0 
7efe58a04000-7efe58a05000 rw-p 00005000 00:62 10100089                   /home/ubuntu/.local/lib/python3.10/site-packages/pillow.libs/libXau-154567c4.so.6.0.0
7efe58a05000-7efe58a0b000 r--s 00000000 08:00 45646521                   /home/ubuntu/tbazzocchi/FRAG/MedRAG/corpus/wikipedia/index/bm25/_s.fdx
7efe58a0b000-7efe58a0d000 r--p 00000000 00:62 10553178                   /usr/lib/jvm/java-17-openjdk-amd64/lib/libmanagement_ext.so
7efe58a0d000-7efe58a10000 r-xp 00002000 00:62 10553178                   /usr/lib/jvm/java-17-openjdk-amd64/lib/libmanagement_ext.so
7efe58a10000-7efe58a12000 r--p 00005000 00:62 10553178                   /usr/lib/jvm/java-17-openjdk-amd64/lib/libmanagement_ext.so
7efe58a12000-7efe58a13000 r--p 00006000 00:62 10553178                   /usr/lib/jvm/java-17-openjdk-amd64/lib/libmanagement_ext.so
7efe58a13000-7efe58a14000 rw-p 00007000 00:62 10553178                   /usr/lib/jvm/java-17-openjdk-amd64/lib/libmanagement_ext.so
7efe58a14000-7efe58a16000 r--p 00000000 00:62 10553188                   /usr/lib/jvm/java-17-openjdk-amd64/lib/libzip.so
7efe58a16000-7efe58a1b000 r-xp 00002000 00:62 10553188                   /usr/lib/jvm/java-17-openjdk-amd64/lib/libzip.so
7efe58a1b000-7efe58a1d000 r--p 00007000 00:62 10553188                   /usr/lib/jvm/java-17-openjdk-amd64/lib/libzip.so
7efe58a1d000-7efe58a1e000 r--p 00008000 00:62 10553188                   /usr/lib/jvm/java-17-openjdk-amd64/lib/libzip.so
7efe58a1e000-7efe58a1f000 rw-p 00009000 00:62 10553188                   /usr/lib/jvm/java-17-openjdk-amd64/lib/libzip.so
7efe58a1f000-7efe58a23000 r--p 00000000 00:62 10553180                   /usr/lib/jvm/java-17-openjdk-amd64/lib/libnet.so
7efe58a23000-7efe58a31000 r-xp 00004000 00:62 10553180                   /usr/lib/jvm/java-17-openjdk-amd64/lib/libnet.so
7efe58a31000-7efe58a35000 r--p 00012000 00:62 10553180                   /usr/lib/jvm/java-17-openjdk-amd64/lib/libnet.so
7efe58a35000-7efe58a36000 r--p 00015000 00:62 10553180                   /usr/lib/jvm/java-17-openjdk-amd64/lib/libnet.so
7efe58a36000-7efe58a37000 rw-p 00016000 00:62 10553180                   /usr/lib/jvm/java-17-openjdk-amd64/lib/libnet.so
7efe58a37000-7efe58a3e000 r--p 00000000 00:62 10553181                   /usr/lib/jvm/java-17-openjdk-amd64/lib/libnio.so
7efe58a3e000-7efe58a47000 r-xp 00007000 00:62 10553181                   /usr/lib/jvm/java-17-openjdk-amd64/lib/libnio.so
7efe58a47000-7efe58a4b000 r--p 00010000 00:62 10553181                   /usr/lib/jvm/java-17-openjdk-amd64/lib/libnio.so
7efe58a4b000-7efe58a4c000 ---p 00014000 00:62 10553181                   /usr/lib/jvm/java-17-openjdk-amd64/lib/libnio.so
7efe58a4c000-7efe58a4d000 r--p 00014000 00:62 10553181                   /usr/lib/jvm/java-17-openjdk-amd64/lib/libnio.so
7efe58a4d000-7efe58a4e000 rw-p 00015000 00:62 10553181                   /usr/lib/jvm/java-17-openjdk-amd64/lib/libnio.so
7efe58a4e000-7efe58a54000 rw-p 00000000 00:00 0 
7efe58a54000-7efe58a5d000 ---p 00000000 00:00 0 
7efe58a5d000-7efe58a69000 r--p 00000000 00:62 10553167                   /usr/lib/jvm/java-17-openjdk-amd64/lib/libjava.so
7efe58a69000-7efe58a7c000 r-xp 0000c000 00:62 10553167                   /usr/lib/jvm/java-17-openjdk-amd64/lib/libjava.so
7efe58a7c000-7efe58a82000 r--p 0001f000 00:62 10553167                   /usr/lib/jvm/java-17-openjdk-amd64/lib/libjava.so
7efe58a82000-7efe58a83000 r--p 00024000 00:62 10553167                   /usr/lib/jvm/java-17-openjdk-amd64/lib/libjava.so
7efe58a83000-7efe58a84000 rw-p 00025000 00:62 10553167                   /usr/lib/jvm/java-17-openjdk-amd64/lib/libjava.so
7efe58a84000-7efe58a85000 rw-p 00000000 00:00 0 
7efe58a85000-7efe58a8d000 rw-s 00000000 00:62 10176886                   /tmp/hsperfdata_ubuntu/154306 (deleted)
7efe58a8d000-7efe58a8f000 r--p 00000000 00:62 10553170                   /usr/lib/jvm/java-17-openjdk-amd64/lib/libjimage.so
7efe58a8f000-7efe58a92000 r-xp 00002000 00:62 10553170                   /usr/lib/jvm/java-17-openjdk-amd64/lib/libjimage.so
7efe58a92000-7efe58a93000 r--p 00005000 00:62 10553170                   /usr/lib/jvm/java-17-openjdk-amd64/lib/libjimage.so
7efe58a93000-7efe58a94000 ---p 00006000 00:62 10553170                   /usr/lib/jvm/java-17-openjdk-amd64/lib/libjimage.so
7efe58a94000-7efe58a95000 r--p 00006000 00:62 10553170                   /usr/lib/jvm/java-17-openjdk-amd64/lib/libjimage.so
7efe58a95000-7efe58a96000 rw-p 00007000 00:62 10553170                   /usr/lib/jvm/java-17-openjdk-amd64/lib/libjimage.so
7efe58a96000-7efe58a9a000 r--p 00000000 00:62 10100097                   /home/ubuntu/.local/lib/python3.10/site-packages/pillow.libs/liblzma-64b7ab39.so.5.8.1
7efe58a9a000-7efe58ac7000 r-xp 00004000 00:62 10100097                   /home/ubuntu/.local/lib/python3.10/site-packages/pillow.libs/liblzma-64b7ab39.so.5.8.1
7efe58ac7000-7efe58ad4000 r--p 00031000 00:62 10100097                   /home/ubuntu/.local/lib/python3.10/site-packages/pillow.libs/liblzma-64b7ab39.so.5.8.1
7efe58ad4000-7efe58ad5000 r--p 0003e000 00:62 10100097                   /home/ubuntu/.local/lib/python3.10/site-packages/pillow.libs/liblzma-64b7ab39.so.5.8.1
7efe58ad5000-7efe58ad6000 rw-p 0003f000 00:62 10100097                   /home/ubuntu/.local/lib/python3.10/site-packages/pillow.libs/liblzma-64b7ab39.so.5.8.1
7efe58ad6000-7efe58ad8000 rw-p 00040000 00:62 10100097                   /home/ubuntu/.local/lib/python3.10/site-packages/pillow.libs/liblzma-64b7ab39.so.5.8.1
7efe58ad8000-7efe58ae4000 r--p 00000000 00:62 10100105                   /home/ubuntu/.local/lib/python3.10/site-packages/pillow.libs/libxcb-64009ff3.so.1.1.0
7efe58ae4000-7efe58aff000 r-xp 0000c000 00:62 10100105                   /home/ubuntu/.local/lib/python3.10/site-packages/pillow.libs/libxcb-64009ff3.so.1.1.0
7efe58aff000-7efe58b09000 r--p 00027000 00:62 10100105                   /home/ubuntu/.local/lib/python3.10/site-packages/pillow.libs/libxcb-64009ff3.so.1.1.0
7efe58b09000-7efe58b0a000 r--p 00030000 00:62 10100105                   /home/ubuntu/.local/lib/python3.10/site-packages/pillow.libs/libxcb-64009ff3.so.1.1.0
7efe58b0a000-7efe58b0b000 rw-p 00031000 00:62 10100105                   /home/ubuntu/.local/lib/python3.10/site-packages/pillow.libs/libxcb-64009ff3.so.1.1.0
7efe58b0b000-7efe58b11000 rw-p 00033000 00:62 10100105                   /home/ubuntu/.local/lib/python3.10/site-packages/pillow.libs/libxcb-64009ff3.so.1.1.0
7efe58b11000-7efe58b16000 rw-p 00039000 00:62 10100105                   /home/ubuntu/.local/lib/python3.10/site-packages/pillow.libs/libxcb-64009ff3.so.1.1.0
7efe58b16000-7efe58b1e000 r--p 00000000 00:62 10100098                   /home/ubuntu/.local/lib/python3.10/site-packages/pillow.libs/libopenjp2-56811f71.so.2.5.3
7efe58b1e000-7efe58b8d000 r-xp 00008000 00:62 10100098                   /home/ubuntu/.local/lib/python3.10/site-packages/pillow.libs/libopenjp2-56811f71.so.2.5.3
7efe58b8d000-7efe58ba0000 r--p 00077000 00:62 10100098                   /home/ubuntu/.local/lib/python3.10/site-packages/pillow.libs/libopenjp2-56811f71.so.2.5.3
7efe58ba0000-7efe58ba1000 r--p 0008a000 00:62 10100098                   /home/ubuntu/.local/lib/python3.10/site-packages/pillow.libs/libopenjp2-56811f71.so.2.5.3
7efe58ba1000-7efe58ba2000 rw-p 0008b000 00:62 10100098                   /home/ubuntu/.local/lib/python3.10/site-packages/pillow.libs/libopenjp2-56811f71.so.2.5.3
7efe58ba2000-7efe58ba5000 rw-p 0008d000 00:62 10100098                   /home/ubuntu/.local/lib/python3.10/site-packages/pillow.libs/libopenjp2-56811f71.so.2.5.3
7efe58ba5000-7efe58bab000 r--p 00000000 00:62 10100095                   /home/ubuntu/.local/lib/python3.10/site-packages/pillow.libs/libjpeg-8a13c6e0.so.62.4.0
7efe58bab000-7efe58c42000 r-xp 00006000 00:62 10100095                   /home/ubuntu/.local/lib/python3.10/site-packages/pillow.libs/libjpeg-8a13c6e0.so.62.4.0
7efe58c42000-7efe58c6b000 r--p 0009d000 00:62 10100095                   /home/ubuntu/.local/lib/python3.10/site-packages/pillow.libs/libjpeg-8a13c6e0.so.62.4.0
7efe58c6b000-7efe58c6c000 r--p 000c6000 00:62 10100095                   /home/ubuntu/.local/lib/python3.10/site-packages/pillow.libs/libjpeg-8a13c6e0.so.62.4.0
7efe58c6c000-7efe58c6d000 rw-p 000c7000 00:62 10100095                   /home/ubuntu/.local/lib/python3.10/site-packages/pillow.libs/libjpeg-8a13c6e0.so.62.4.0
7efe58c6d000-7efe58c6f000 rw-p 000c8000 00:62 10100095                   /home/ubuntu/.local/lib/python3.10/site-packages/pillow.libs/libjpeg-8a13c6e0.so.62.4.0
7efe58c6f000-7efe58c71000 rw-p 000ca000 00:62 10100095                   /home/ubuntu/.local/lib/python3.10/site-packages/pillow.libs/libjpeg-8a13c6e0.so.62.4.0
7efe58c71000-7efe58c79000 r--p 00000000 00:62 10100101                   /home/ubuntu/.local/lib/python3.10/site-packages/pillow.libs/libtiff-13a02c81.so.6.1.0
7efe58c79000-7efe58cec000 r-xp 00008000 00:62 10100101                   /home/ubuntu/.local/lib/python3.10/site-packages/pillow.libs/libtiff-13a02c81.so.6.1.0
7efe58cec000-7efe58d1e000 r--p 0007b000 00:62 10100101                   /home/ubuntu/.local/lib/python3.10/site-packages/pillow.libs/libtiff-13a02c81.so.6.1.0
7efe58d1e000-7efe58d22000 r--p 000ad000 00:62 10100101                   /home/ubuntu/.local/lib/python3.10/site-packages/pillow.libs/libtiff-13a02c81.so.6.1.0
7efe58d22000-7efe58d23000 rw-p 000b1000 00:62 10100101                   /home/ubuntu/.local/lib/python3.10/site-packages/pillow.libs/libtiff-13a02c81.so.6.1.0
7efe58d23000-7efe58d25000 rw-p 000b3000 00:62 10100101                   /home/ubuntu/.local/lib/python3.10/site-packages/pillow.libs/libtiff-13a02c81.so.6.1.0
7efe58d25000-7efe58d27000 rw-p 000b5000 00:62 10100101                   /home/ubuntu/.local/lib/python3.10/site-packages/pillow.libs/libtiff-13a02c81.so.6.1.0
7efe58d27000-7efe58d3b000 r--p 00000000 00:62 10100067                   /home/ubuntu/.local/lib/python3.10/site-packages/PIL/_imaging.cpython-310-x86_64-linux-gnu.so
7efe58d3b000-7efe58dc1000 r-xp 00014000 00:62 10100067                   /home/ubuntu/.local/lib/python3.10/site-packages/PIL/_imaging.cpython-310-x86_64-linux-gnu.so
7efe58dc1000-7efe58dd2000 r--p 0009a000 00:62 10100067                   /home/ubuntu/.local/lib/python3.10/site-packages/PIL/_imaging.cpython-310-x86_64-linux-gnu.so
7efe58dd2000-7efe58dd6000 r--p 000ab000 00:62 10100067                   /home/ubuntu/.local/lib/python3.10/site-packages/PIL/_imaging.cpython-310-x86_64-linux-gnu.so
7efe58dd6000-7efe58dda000 rw-p 000af000 00:62 10100067                   /home/ubuntu/.local/lib/python3.10/site-packages/PIL/_imaging.cpython-310-x86_64-linux-gnu.so
7efe58dda000-7efe58dde000 rw-p 0032a000 00:62 10100067                   /home/ubuntu/.local/lib/python3.10/site-packages/PIL/_imaging.cpython-310-x86_64-linux-gnu.so
7efe58dde000-7efe58de1000 rw-p 0032e000 00:62 10100067                   /home/ubuntu/.local/lib/python3.10/site-packages/PIL/_imaging.cpython-310-x86_64-linux-gnu.so
7efe58de1000-7efe58ee1000 rw-p 00000000 00:00 0 
7efe58ee1000-7efe58ee6000 r--p 00000000 00:62 10173769                   /home/ubuntu/.local/lib/python3.10/site-packages/pyarrow/_json.cpython-310-x86_64-linux-gnu.so
7efe58ee6000-7efe58ef4000 r-xp 00005000 00:62 10173769                   /home/ubuntu/.local/lib/python3.10/site-packages/pyarrow/_json.cpython-310-x86_64-linux-gnu.so
7efe58ef4000-7efe58ef9000 r--p 00013000 00:62 10173769                   /home/ubuntu/.local/lib/python3.10/site-packages/pyarrow/_json.cpython-310-x86_64-linux-gnu.so
7efe58ef9000-7efe58efa000 r--p 00018000 00:62 10173769                   /home/ubuntu/.local/lib/python3.10/site-packages/pyarrow/_json.cpython-310-x86_64-linux-gnu.so
7efe58efa000-7efe58efc000 rw-p 00019000 00:62 10173769                   /home/ubuntu/.local/lib/python3.10/site-packages/pyarrow/_json.cpython-310-x86_64-linux-gnu.so
7efe58efc000-7efe592fc000 rw-p 00000000 00:00 0 
7efe592fc000-7efe59303000 r--p 00000000 00:62 10173784                   /home/ubuntu/.local/lib/python3.10/site-packages/pyarrow/_s3fs.cpython-310-x86_64-linux-gnu.so
7efe59303000-7efe5931e000 r-xp 00007000 00:62 10173784                   /home/ubuntu/.local/lib/python3.10/site-packages/pyarrow/_s3fs.cpython-310-x86_64-linux-gnu.so
7efe5931e000-7efe59325000 r--p 00022000 00:62 10173784                   /home/ubuntu/.local/lib/python3.10/site-packages/pyarrow/_s3fs.cpython-310-x86_64-linux-gnu.so
7efe59325000-7efe59326000 r--p 00029000 00:62 10173784                   /home/ubuntu/.local/lib/python3.10/site-packages/pyarrow/_s3fs.cpython-310-x86_64-linux-gnu.so
7efe59326000-7efe59328000 rw-p 0002a000 00:62 10173784                   /home/ubuntu/.local/lib/python3.10/site-packages/pyarrow/_s3fs.cpython-310-x86_64-linux-gnu.so
7efe59328000-7efe5932e000 r--p 00000000 00:62 10173764                   /home/ubuntu/.local/lib/python3.10/site-packages/pyarrow/_gcsfs.cpython-310-x86_64-linux-gnu.so
7efe5932e000-7efe5933e000 r-xp 00006000 00:62 10173764                   /home/ubuntu/.local/lib/python3.10/site-packages/pyarrow/_gcsfs.cpython-310-x86_64-linux-gnu.so
7efe5933e000-7efe59342000 r--p 00016000 00:62 10173764                   /home/ubuntu/.local/lib/python3.10/site-packages/pyarrow/_gcsfs.cpython-310-x86_64-linux-gnu.so
7efe59342000-7efe59343000 r--p 0001a000 00:62 10173764                   /home/ubuntu/.local/lib/python3.10/site-packages/pyarrow/_gcsfs.cpython-310-x86_64-linux-gnu.so
7efe59343000-7efe59344000 rw-p 0001b000 00:62 10173764                   /home/ubuntu/.local/lib/python3.10/site-packages/pyarrow/_gcsfs.cpython-310-x86_64-linux-gnu.so
7efe59344000-7efe59345000 rw-p 00000000 00:00 0 
7efe59345000-7efe5934b000 r--p 00000000 00:62 10173767                   /home/ubuntu/.local/lib/python3.10/site-packages/pyarrow/_hdfs.cpython-310-x86_64-linux-gnu.so
7efe5934b000-7efe5935b000 r-xp 00006000 00:62 10173767                   /home/ubuntu/.local/lib/python3.10/site-packages/pyarrow/_hdfs.cpython-310-x86_64-linux-gnu.so
7efe5935b000-7efe5935f000 r--p 00016000 00:62 10173767                   /home/ubuntu/.local/lib/python3.10/site-packages/pyarrow/_hdfs.cpython-310-x86_64-linux-gnu.so
7efe5935f000-7efe59360000 r--p 0001a000 00:62 10173767                   /home/ubuntu/.local/lib/python3.10/site-packages/pyarrow/_hdfs.cpython-310-x86_64-linux-gnu.so
7efe59360000-7efe59361000 rw-p 0001b000 00:62 10173767                   /home/ubuntu/.local/lib/python3.10/site-packages/pyarrow/_hdfs.cpython-310-x86_64-linux-gnu.so
7efe59361000-7efe59362000 rw-p 00000000 00:00 0 
7efe59362000-7efe59367000 r--p 00000000 00:62 10173735                   /home/ubuntu/.local/lib/python3.10/site-packages/pyarrow/_azurefs.cpython-310-x86_64-linux-gnu.so
7efe59367000-7efe59377000 r-xp 00005000 00:62 10173735                   /home/ubuntu/.local/lib/python3.10/site-packages/pyarrow/_azurefs.cpython-310-x86_64-linux-gnu.so
7efe59377000-7efe5937b000 r--p 00015000 00:62 10173735                   /home/ubuntu/.local/lib/python3.10/site-packages/pyarrow/_azurefs.cpython-310-x86_64-linux-gnu.so
7efe5937b000-7efe5937c000 r--p 00019000 00:62 10173735                   /home/ubuntu/.local/lib/python3.10/site-packages/pyarrow/_azurefs.cpython-310-x86_64-linux-gnu.so
7efe5937c000-7efe5937d000 rw-p 0001a000 00:62 10173735                   /home/ubuntu/.local/lib/python3.10/site-packages/pyarrow/_azurefs.cpython-310-x86_64-linux-gnu.so
7efe5937d000-7efe5937e000 rw-p 00000000 00:00 0 
7efe5937e000-7efe5938c000 r--p 00000000 00:62 10173761                   /home/ubuntu/.local/lib/python3.10/site-packages/pyarrow/_fs.cpython-310-x86_64-linux-gnu.so
7efe5938c000-7efe593c1000 r-xp 0000e000 00:62 10173761                   /home/ubuntu/.local/lib/python3.10/site-packages/pyarrow/_fs.cpython-310-x86_64-linux-gnu.so
7efe593c1000-7efe593d4000 r--p 00043000 00:62 10173761                   /home/ubuntu/.local/lib/python3.10/site-packages/pyarrow/_fs.cpython-310-x86_64-linux-gnu.so
7efe593d4000-7efe593d6000 r--p 00056000 00:62 10173761                   /home/ubuntu/.local/lib/python3.10/site-packages/pyarrow/_fs.cpython-310-x86_64-linux-gnu.so
7efe593d6000-7efe593d9000 rw-p 00058000 00:62 10173761                   /home/ubuntu/.local/lib/python3.10/site-packages/pyarrow/_fs.cpython-310-x86_64-linux-gnu.so
7efe593d9000-7efe593da000 rw-p 00000000 00:00 0 
7efe593da000-7efe593ed000 r--p 00000000 00:62 10173775                   /home/ubuntu/.local/lib/python3.10/site-packages/pyarrow/_parquet.cpython-310-x86_64-linux-gnu.so
7efe593ed000-7efe59441000 r-xp 00013000 00:62 10173775                   /home/ubuntu/.local/lib/python3.10/site-packages/pyarrow/_parquet.cpython-310-x86_64-linux-gnu.so
7efe59441000-7efe59456000 r--p 00067000 00:62 10173775                   /home/ubuntu/.local/lib/python3.10/site-packages/pyarrow/_parquet.cpython-310-x86_64-linux-gnu.so
7efe59456000-7efe59459000 r--p 0007b000 00:62 10173775                   /home/ubuntu/.local/lib/python3.10/site-packages/pyarrow/_parquet.cpython-310-x86_64-linux-gnu.so
7efe59459000-7efe5945e000 rw-p 0007e000 00:62 10173775                   /home/ubuntu/.local/lib/python3.10/site-packages/pyarrow/_parquet.cpython-310-x86_64-linux-gnu.so
7efe5945e000-7efe59960000 rw-p 00000000 00:00 0 
7efe59960000-7efe59964000 r--p 00000000 00:62 10235694                   /home/ubuntu/.local/lib/python3.10/site-packages/sklearn/metrics/_pairwise_fast.cpython-310-x86_64-linux-gnu.so
7efe59964000-7efe5997c000 r-xp 00004000 00:62 10235694                   /home/ubuntu/.local/lib/python3.10/site-packages/sklearn/metrics/_pairwise_fast.cpython-310-x86_64-linux-gnu.so
7efe5997c000-7efe59981000 r--p 0001c000 00:62 10235694                   /home/ubuntu/.local/lib/python3.10/site-packages/sklearn/metrics/_pairwise_fast.cpython-310-x86_64-linux-gnu.so
7efe59981000-7efe59982000 ---p 00021000 00:62 10235694                   /home/ubuntu/.local/lib/python3.10/site-packages/sklearn/metrics/_pairwise_fast.cpython-310-x86_64-linux-gnu.so
7efe59982000-7efe59983000 r--p 00021000 00:62 10235694                   /home/ubuntu/.local/lib/python3.10/site-packages/sklearn/metrics/_pairwise_fast.cpython-310-x86_64-linux-gnu.so
7efe59983000-7efe59984000 rw-p 00022000 00:62 10235694                   /home/ubuntu/.local/lib/python3.10/site-packages/sklearn/metrics/_pairwise_fast.cpython-310-x86_64-linux-gnu.so
7efe59984000-7efe59985000 rw-p 00000000 00:00 0 
7efe59985000-7efe59987000 rw-p 00029000 00:62 10235694                   /home/ubuntu/.local/lib/python3.10/site-packages/sklearn/metrics/_pairwise_fast.cpython-310-x86_64-linux-gnu.so
7efe59987000-7efe59988000 rw-p 0002b000 00:62 10235694                   /home/ubuntu/.local/lib/python3.10/site-packages/sklearn/metrics/_pairwise_fast.cpython-310-x86_64-linux-gnu.so
7efe59988000-7efe5998d000 r--p 00000000 00:62 10235722                   /home/ubuntu/.local/lib/python3.10/site-packages/sklearn/metrics/_pairwise_distances_reduction/_radius_neighbors_classmode.cpython-310-x86_64-linux-gnu.so
7efe5998d000-7efe599a4000 r-xp 00005000 00:62 10235722                   /home/ubuntu/.local/lib/python3.10/site-packages/sklearn/metrics/_pairwise_distances_reduction/_radius_neighbors_classmode.cpython-310-x86_64-linux-gnu.so
7efe599a4000-7efe599aa000 r--p 0001c000 00:62 10235722                   /home/ubuntu/.local/lib/python3.10/site-packages/sklearn/metrics/_pairwise_distances_reduction/_radius_neighbors_classmode.cpython-310-x86_64-linux-gnu.so
7efe599aa000-7efe599ab000 ---p 00022000 00:62 10235722                   /home/ubuntu/.local/lib/python3.10/site-packages/sklearn/metrics/_pairwise_distances_reduction/_radius_neighbors_classmode.cpython-310-x86_64-linux-gnu.so
7efe599ab000-7efe599ac000 r--p 00022000 00:62 10235722                   /home/ubuntu/.local/lib/python3.10/site-packages/sklearn/metrics/_pairwise_distances_reduction/_radius_neighbors_classmode.cpython-310-x86_64-linux-gnu.so
7efe599ac000-7efe599ad000 rw-p 00023000 00:62 10235722                   /home/ubuntu/.local/lib/python3.10/site-packages/sklearn/metrics/_pairwise_distances_reduction/_radius_neighbors_classmode.cpython-310-x86_64-linux-gnu.so
7efe599ad000-7efe599ae000 rw-p 00000000 00:00 0 
7efe599ae000-7efe599b0000 rw-p 0002f000 00:62 10235722                   /home/ubuntu/.local/lib/python3.10/site-packages/sklearn/metrics/_pairwise_distances_reduction/_radius_neighbors_classmode.cpython-310-x86_64-linux-gnu.so
7efe599b0000-7efe599b1000 rw-p 00031000 00:62 10235722                   /home/ubuntu/.local/lib/python3.10/site-packages/sklearn/metrics/_pairwise_distances_reduction/_radius_neighbors_classmode.cpython-310-x86_64-linux-gnu.so
7efe599b1000-7efe599b6000 r--p 00000000 00:62 10236017                   /home/ubuntu/.local/lib/python3.10/site-packages/sklearn/utils/_vector_sentinel.cpython-310-x86_64-linux-gnu.so
7efe599b6000-7efe599c9000 r-xp 00005000 00:62 10236017                   /home/ubuntu/.local/lib/python3.10/site-packages/sklearn/utils/_vector_sentinel.cpython-310-x86_64-linux-gnu.so
7efe599c9000-7efe599ce000 r--p 00018000 00:62 10236017                   /home/ubuntu/.local/lib/python3.10/site-packages/sklearn/utils/_vector_sentinel.cpython-310-x86_64-linux-gnu.so
7efe599ce000-7efe599cf000 ---p 0001d000 00:62 10236017                   /home/ubuntu/.local/lib/python3.10/site-packages/sklearn/utils/_vector_sentinel.cpython-310-x86_64-linux-gnu.so
7efe599cf000-7efe599d0000 r--p 0001d000 00:62 10236017                   /home/ubuntu/.local/lib/python3.10/site-packages/sklearn/utils/_vector_sentinel.cpython-310-x86_64-linux-gnu.so
7efe599d0000-7efe599d2000 rw-p 0001e000 00:62 10236017                   /home/ubuntu/.local/lib/python3.10/site-packages/sklearn/utils/_vector_sentinel.cpython-310-x86_64-linux-gnu.so
7efe599d2000-7efe599d8000 r--p 00000000 00:62 10235719                   /home/ubuntu/.local/lib/python3.10/site-packages/sklearn/metrics/_pairwise_distances_reduction/_radius_neighbors.cpython-310-x86_64-linux-gnu.so
7efe599d8000-7efe599fa000 r-xp 00006000 00:62 10235719                   /home/ubuntu/.local/lib/python3.10/site-packages/sklearn/metrics/_pairwise_distances_reduction/_radius_neighbors.cpython-310-x86_64-linux-gnu.so
7efe599fa000-7efe59a03000 r--p 00028000 00:62 10235719                   /home/ubuntu/.local/lib/python3.10/site-packages/sklearn/metrics/_pairwise_distances_reduction/_radius_neighbors.cpython-310-x86_64-linux-gnu.so
7efe59a03000-7efe59a04000 ---p 00031000 00:62 10235719                   /home/ubuntu/.local/lib/python3.10/site-packages/sklearn/metrics/_pairwise_distances_reduction/_radius_neighbors.cpython-310-x86_64-linux-gnu.so
7efe59a04000-7efe59a05000 r--p 00031000 00:62 10235719                   /home/ubuntu/.local/lib/python3.10/site-packages/sklearn/metrics/_pairwise_distances_reduction/_radius_neighbors.cpython-310-x86_64-linux-gnu.so
7efe59a05000-7efe59a07000 rw-p 00032000 00:62 10235719                   /home/ubuntu/.local/lib/python3.10/site-packages/sklearn/metrics/_pairwise_distances_reduction/_radius_neighbors.cpython-310-x86_64-linux-gnu.so
7efe59a07000-7efe59a08000 rw-p 00000000 00:00 0 
7efe59a08000-7efe59a0a000 rw-p 00045000 00:62 10235719                   /home/ubuntu/.local/lib/python3.10/site-packages/sklearn/metrics/_pairwise_distances_reduction/_radius_neighbors.cpython-310-x86_64-linux-gnu.so
7efe59a0a000-7efe59a0c000 rw-p 00047000 00:62 10235719                   /home/ubuntu/.local/lib/python3.10/site-packages/sklearn/metrics/_pairwise_distances_reduction/_radius_neighbors.cpython-310-x86_64-linux-gnu.so
7efe59a0c000-7efe59a10000 r--p 00000000 00:62 10235706                   /home/ubuntu/.local/lib/python3.10/site-packages/sklearn/metrics/_pairwise_distances_reduction/_argkmin_classmode.cpython-310-x86_64-linux-gnu.so
7efe59a10000-7efe59a23000 r-xp 00004000 00:62 10235706                   /home/ubuntu/.local/lib/python3.10/site-packages/sklearn/metrics/_pairwise_distances_reduction/_argkmin_classmode.cpython-310-x86_64-linux-gnu.so
7efe59a23000-7efe59a29000 r--p 00017000 00:62 10235706                   /home/ubuntu/.local/lib/python3.10/site-packages/sklearn/metrics/_pairwise_distances_reduction/_argkmin_classmode.cpython-310-x86_64-linux-gnu.so
7efe59a29000-7efe59a2a000 r--p 0001c000 00:62 10235706                   /home/ubuntu/.local/lib/python3.10/site-packages/sklearn/metrics/_pairwise_distances_reduction/_argkmin_classmode.cpython-310-x86_64-linux-gnu.so
7efe59a2a000-7efe59a2b000 rw-p 0001d000 00:62 10235706                   /home/ubuntu/.local/lib/python3.10/site-packages/sklearn/metrics/_pairwise_distances_reduction/_argkmin_classmode.cpython-310-x86_64-linux-gnu.so
7efe59a2b000-7efe59a2c000 rw-p 00000000 00:00 0 
7efe59a2c000-7efe59a2e000 rw-p 00027000 00:62 10235706                   /home/ubuntu/.local/lib/python3.10/site-packages/sklearn/metrics/_pairwise_distances_reduction/_argkmin_classmode.cpython-310-x86_64-linux-gnu.so
7efe59a2e000-7efe59a2f000 rw-p 00029000 00:62 10235706                   /home/ubuntu/.local/lib/python3.10/site-packages/sklearn/metrics/_pairwise_distances_reduction/_argkmin_classmode.cpython-310-x86_64-linux-gnu.so
7efe59a2f000-7efe59a35000 r--p 00000000 00:62 10235716                   /home/ubuntu/.local/lib/python3.10/site-packages/sklearn/metrics/_pairwise_distances_reduction/_middle_term_computer.cpython-310-x86_64-linux-gnu.so
7efe59a35000-7efe59a6b000 r-xp 00006000 00:62 10235716                   /home/ubuntu/.local/lib/python3.10/site-packages/sklearn/metrics/_pairwise_distances_reduction/_middle_term_computer.cpython-310-x86_64-linux-gnu.so
7efe59a6b000-7efe59a77000 r--p 0003c000 00:62 10235716                   /home/ubuntu/.local/lib/python3.10/site-packages/sklearn/metrics/_pairwise_distances_reduction/_middle_term_computer.cpython-310-x86_64-linux-gnu.so
7efe59a77000-7efe59a78000 r--p 00047000 00:62 10235716                   /home/ubuntu/.local/lib/python3.10/site-packages/sklearn/metrics/_pairwise_distances_reduction/_middle_term_computer.cpython-310-x86_64-linux-gnu.so
7efe59a78000-7efe59a7a000 rw-p 00048000 00:62 10235716                   /home/ubuntu/.local/lib/python3.10/site-packages/sklearn/metrics/_pairwise_distances_reduction/_middle_term_computer.cpython-310-x86_64-linux-gnu.so
7efe59a7a000-7efe59a7b000 rw-p 00000000 00:00 0 
7efe59a7b000-7efe59a80000 r--p 00000000 00:62 10235973                   /home/ubuntu/.local/lib/python3.10/site-packages/sklearn/utils/_cython_blas.cpython-310-x86_64-linux-gnu.so
7efe59a80000-7efe59abf000 r-xp 00005000 00:62 10235973                   /home/ubuntu/.local/lib/python3.10/site-packages/sklearn/utils/_cython_blas.cpython-310-x86_64-linux-gnu.so
7efe59abf000-7efe59ac8000 r--p 00044000 00:62 10235973                   /home/ubuntu/.local/lib/python3.10/site-packages/sklearn/utils/_cython_blas.cpython-310-x86_64-linux-gnu.so
7efe59ac8000-7efe59ac9000 r--p 0004c000 00:62 10235973                   /home/ubuntu/.local/lib/python3.10/site-packages/sklearn/utils/_cython_blas.cpython-310-x86_64-linux-gnu.so
7efe59ac9000-7efe59acb000 rw-p 0004d000 00:62 10235973                   /home/ubuntu/.local/lib/python3.10/site-packages/sklearn/utils/_cython_blas.cpython-310-x86_64-linux-gnu.so
7efe59acb000-7efe59ad1000 r--p 00000000 00:62 10235712                   /home/ubuntu/.local/lib/python3.10/site-packages/sklearn/metrics/_pairwise_distances_reduction/_datasets_pair.cpython-310-x86_64-linux-gnu.so
7efe59ad1000-7efe59b05000 r-xp 00006000 00:62 10235712                   /home/ubuntu/.local/lib/python3.10/site-packages/sklearn/metrics/_pairwise_distances_reduction/_datasets_pair.cpython-310-x86_64-linux-gnu.so
7efe59b05000-7efe59b11000 r--p 0003a000 00:62 10235712                   /home/ubuntu/.local/lib/python3.10/site-packages/sklearn/metrics/_pairwise_distances_reduction/_datasets_pair.cpython-310-x86_64-linux-gnu.so
7efe59b11000-7efe59b12000 ---p 00046000 00:62 10235712                   /home/ubuntu/.local/lib/python3.10/site-packages/sklearn/metrics/_pairwise_distances_reduction/_datasets_pair.cpython-310-x86_64-linux-gnu.so
7efe59b12000-7efe59b13000 r--p 00046000 00:62 10235712                   /home/ubuntu/.local/lib/python3.10/site-packages/sklearn/metrics/_pairwise_distances_reduction/_datasets_pair.cpython-310-x86_64-linux-gnu.so
7efe59b13000-7efe59b16000 rw-p 00047000 00:62 10235712                   /home/ubuntu/.local/lib/python3.10/site-packages/sklearn/metrics/_pairwise_distances_reduction/_datasets_pair.cpython-310-x86_64-linux-gnu.so
7efe59b16000-7efe59b1b000 r--p 00000000 00:62 10235708                   /home/ubuntu/.local/lib/python3.10/site-packages/sklearn/metrics/_pairwise_distances_reduction/_base.cpython-310-x86_64-linux-gnu.so
7efe59b1b000-7efe59b37000 r-xp 00005000 00:62 10235708                   /home/ubuntu/.local/lib/python3.10/site-packages/sklearn/metrics/_pairwise_distances_reduction/_base.cpython-310-x86_64-linux-gnu.so
7efe59b37000-7efe59b3e000 r--p 00021000 00:62 10235708                   /home/ubuntu/.local/lib/python3.10/site-packages/sklearn/metrics/_pairwise_distances_reduction/_base.cpython-310-x86_64-linux-gnu.so
7efe59b3e000-7efe59b3f000 r--p 00027000 00:62 10235708                   /home/ubuntu/.local/lib/python3.10/site-packages/sklearn/metrics/_pairwise_distances_reduction/_base.cpython-310-x86_64-linux-gnu.so
7efe59b3f000-7efe59b41000 rw-p 00028000 00:62 10235708                   /home/ubuntu/.local/lib/python3.10/site-packages/sklearn/metrics/_pairwise_distances_reduction/_base.cpython-310-x86_64-linux-gnu.so
7efe59b41000-7efe59b43000 rw-p 00037000 00:62 10235708                   /home/ubuntu/.local/lib/python3.10/site-packages/sklearn/metrics/_pairwise_distances_reduction/_base.cpython-310-x86_64-linux-gnu.so
7efe59b43000-7efe59b44000 rw-p 00039000 00:62 10235708                   /home/ubuntu/.local/lib/python3.10/site-packages/sklearn/metrics/_pairwise_distances_reduction/_base.cpython-310-x86_64-linux-gnu.so
7efe59b44000-7efe59b49000 r--p 00000000 00:62 10235703                   /home/ubuntu/.local/lib/python3.10/site-packages/sklearn/metrics/_pairwise_distances_reduction/_argkmin.cpython-310-x86_64-linux-gnu.so
7efe59b49000-7efe59b6a000 r-xp 00005000 00:62 10235703                   /home/ubuntu/.local/lib/python3.10/site-packages/sklearn/metrics/_pairwise_distances_reduction/_argkmin.cpython-310-x86_64-linux-gnu.so
7efe59b6a000-7efe59b72000 r--p 00026000 00:62 10235703                   /home/ubuntu/.local/lib/python3.10/site-packages/sklearn/metrics/_pairwise_distances_reduction/_argkmin.cpython-310-x86_64-linux-gnu.so
7efe59b72000-7efe59b73000 r--p 0002d000 00:62 10235703                   /home/ubuntu/.local/lib/python3.10/site-packages/sklearn/metrics/_pairwise_distances_reduction/_argkmin.cpython-310-x86_64-linux-gnu.so
7efe59b73000-7efe59b75000 rw-p 0002e000 00:62 10235703                   /home/ubuntu/.local/lib/python3.10/site-packages/sklearn/metrics/_pairwise_distances_reduction/_argkmin.cpython-310-x86_64-linux-gnu.so
7efe59b75000-7efe59b76000 rw-p 00000000 00:00 0 
7efe59b76000-7efe59b78000 rw-p 0003f000 00:62 10235703                   /home/ubuntu/.local/lib/python3.10/site-packages/sklearn/metrics/_pairwise_distances_reduction/_argkmin.cpython-310-x86_64-linux-gnu.so
7efe59b78000-7efe59b79000 rw-p 00041000 00:62 10235703                   /home/ubuntu/.local/lib/python3.10/site-packages/sklearn/metrics/_pairwise_distances_reduction/_argkmin.cpython-310-x86_64-linux-gnu.so
7efe59b79000-7efe59b82000 r--p 00000000 00:62 10235690                   /home/ubuntu/.local/lib/python3.10/site-packages/sklearn/metrics/_dist_metrics.cpython-310-x86_64-linux-gnu.so
7efe59b82000-7efe59be0000 r-xp 00009000 00:62 10235690                   /home/ubuntu/.local/lib/python3.10/site-packages/sklearn/metrics/_dist_metrics.cpython-310-x86_64-linux-gnu.so
7efe59be0000-7efe59bf5000 r--p 00067000 00:62 10235690                   /home/ubuntu/.local/lib/python3.10/site-packages/sklearn/metrics/_dist_metrics.cpython-310-x86_64-linux-gnu.so
7efe59bf5000-7efe59bf7000 r--p 0007b000 00:62 10235690                   /home/ubuntu/.local/lib/python3.10/site-packages/sklearn/metrics/_dist_metrics.cpython-310-x86_64-linux-gnu.so
7efe59bf7000-7efe59bfd000 rw-p 0007d000 00:62 10235690                   /home/ubuntu/.local/lib/python3.10/site-packages/sklearn/metrics/_dist_metrics.cpython-310-x86_64-linux-gnu.so
7efe59bfd000-7efe59c00000 rw-p 00000000 00:00 0 
7efe59c00000-7efe59c25000 r-xp 00000000 00:62 10235043                   /home/ubuntu/.local/lib/python3.10/site-packages/scikit_learn.libs/libgomp-a34b3233.so.1.0.0
7efe59c25000-7efe59e24000 ---p 00025000 00:62 10235043                   /home/ubuntu/.local/lib/python3.10/site-packages/scikit_learn.libs/libgomp-a34b3233.so.1.0.0
7efe59e24000-7efe59e25000 r--p 00024000 00:62 10235043                   /home/ubuntu/.local/lib/python3.10/site-packages/scikit_learn.libs/libgomp-a34b3233.so.1.0.0
7efe59e25000-7efe59e26000 rw-p 00025000 00:62 10235043                   /home/ubuntu/.local/lib/python3.10/site-packages/scikit_learn.libs/libgomp-a34b3233.so.1.0.0
7efe59e26000-7efe59e2a000 rw-p 00026000 00:62 10235043                   /home/ubuntu/.local/lib/python3.10/site-packages/scikit_learn.libs/libgomp-a34b3233.so.1.0.0
7efe59e2a000-7efe59e2c000 r--p 00000000 00:62 10553176                   /usr/lib/jvm/java-17-openjdk-amd64/lib/libmanagement.so
7efe59e2c000-7efe59e2d000 r-xp 00002000 00:62 10553176                   /usr/lib/jvm/java-17-openjdk-amd64/lib/libmanagement.so
7efe59e2d000-7efe59e2e000 r--p 00003000 00:62 10553176                   /usr/lib/jvm/java-17-openjdk-amd64/lib/libmanagement.so
7efe59e2e000-7efe59e2f000 r--p 00003000 00:62 10553176                   /usr/lib/jvm/java-17-openjdk-amd64/lib/libmanagement.so
7efe59e2f000-7efe59e30000 rw-p 00004000 00:62 10553176                   /usr/lib/jvm/java-17-openjdk-amd64/lib/libmanagement.so
7efe59e30000-7efe59e33000 r--p 00000000 00:62 10171548                   /home/ubuntu/.local/lib/python3.10/site-packages/xxhash/_xxhash.cpython-310-x86_64-linux-gnu.so
7efe59e33000-7efe59e3e000 r-xp 00003000 00:62 10171548                   /home/ubuntu/.local/lib/python3.10/site-packages/xxhash/_xxhash.cpython-310-x86_64-linux-gnu.so
7efe59e3e000-7efe59e41000 r--p 0000e000 00:62 10171548                   /home/ubuntu/.local/lib/python3.10/site-packages/xxhash/_xxhash.cpython-310-x86_64-linux-gnu.so
7efe59e41000-7efe59e42000 r--p 00010000 00:62 10171548                   /home/ubuntu/.local/lib/python3.10/site-packages/xxhash/_xxhash.cpython-310-x86_64-linux-gnu.so
7efe59e42000-7efe59e44000 rw-p 00011000 00:62 10171548                   /home/ubuntu/.local/lib/python3.10/site-packages/xxhash/_xxhash.cpython-310-x86_64-linux-gnu.so
7efe59e44000-7efe59f44000 rw-p 00000000 00:00 0 
7efe59f44000-7efe59f49000 r--p 00000000 00:62 10235850                   /home/ubuntu/.local/lib/python3.10/site-packages/sklearn/preprocessing/_target_encoder_fast.cpython-310-x86_64-linux-gnu.so
7efe59f49000-7efe59f95000 r-xp 00005000 00:62 10235850                   /home/ubuntu/.local/lib/python3.10/site-packages/sklearn/preprocessing/_target_encoder_fast.cpython-310-x86_64-linux-gnu.so
7efe59f95000-7efe59f9c000 r--p 00051000 00:62 10235850                   /home/ubuntu/.local/lib/python3.10/site-packages/sklearn/preprocessing/_target_encoder_fast.cpython-310-x86_64-linux-gnu.so
7efe59f9c000-7efe59f9d000 ---p 00058000 00:62 10235850                   /home/ubuntu/.local/lib/python3.10/site-packages/sklearn/preprocessing/_target_encoder_fast.cpython-310-x86_64-linux-gnu.so
7efe59f9d000-7efe59f9e000 r--p 00058000 00:62 10235850                   /home/ubuntu/.local/lib/python3.10/site-packages/sklearn/preprocessing/_target_encoder_fast.cpython-310-x86_64-linux-gnu.so
7efe59f9e000-7efe59fa0000 rw-p 00059000 00:62 10235850                   /home/ubuntu/.local/lib/python3.10/site-packages/sklearn/preprocessing/_target_encoder_fast.cpython-310-x86_64-linux-gnu.so
7efe59fa0000-7efe59fa5000 r--p 00000000 00:62 10235841                   /home/ubuntu/.local/lib/python3.10/site-packages/sklearn/preprocessing/_csr_polynomial_expansion.cpython-310-x86_64-linux-gnu.so
7efe59fa5000-7efe59fe7000 r-xp 00005000 00:62 10235841                   /home/ubuntu/.local/lib/python3.10/site-packages/sklearn/preprocessing/_csr_polynomial_expansion.cpython-310-x86_64-linux-gnu.so
7efe59fe7000-7efe59fee000 r--p 00047000 00:62 10235841                   /home/ubuntu/.local/lib/python3.10/site-packages/sklearn/preprocessing/_csr_polynomial_expansion.cpython-310-x86_64-linux-gnu.so
7efe59fee000-7efe59fef000 ---p 0004e000 00:62 10235841                   /home/ubuntu/.local/lib/python3.10/site-packages/sklearn/preprocessing/_csr_polynomial_expansion.cpython-310-x86_64-linux-gnu.so
7efe59fef000-7efe59ff0000 r--p 0004e000 00:62 10235841                   /home/ubuntu/.local/lib/python3.10/site-packages/sklearn/preprocessing/_csr_polynomial_expansion.cpython-310-x86_64-linux-gnu.so
7efe59ff0000-7efe59ff2000 rw-p 0004f000 00:62 10235841                   /home/ubuntu/.local/lib/python3.10/site-packages/sklearn/preprocessing/_csr_polynomial_expansion.cpython-310-x86_64-linux-gnu.so
7efe59ff2000-7efe59ff6000 r--p 00000000 00:62 10235743                   /home/ubuntu/.local/lib/python3.10/site-packages/sklearn/metrics/cluster/_expected_mutual_info_fast.cpython-310-x86_64-linux-gnu.so
7efe59ff6000-7efe5a003000 r-xp 00004000 00:62 10235743                   /home/ubuntu/.local/lib/python3.10/site-packages/sklearn/metrics/cluster/_expected_mutual_info_fast.cpython-310-x86_64-linux-gnu.so
7efe5a003000-7efe5a007000 r--p 00011000 00:62 10235743                   /home/ubuntu/.local/lib/python3.10/site-packages/sklearn/metrics/cluster/_expected_mutual_info_fast.cpython-310-x86_64-linux-gnu.so
7efe5a007000-7efe5a008000 r--p 00014000 00:62 10235743                   /home/ubuntu/.local/lib/python3.10/site-packages/sklearn/metrics/cluster/_expected_mutual_info_fast.cpython-310-x86_64-linux-gnu.so
7efe5a008000-7efe5a009000 rw-p 00015000 00:62 10235743                   /home/ubuntu/.local/lib/python3.10/site-packages/sklearn/metrics/cluster/_expected_mutual_info_fast.cpython-310-x86_64-linux-gnu.so
7efe5a009000-7efe5a00c000 r--p 00000000 00:62 10235991                   /home/ubuntu/.local/lib/python3.10/site-packages/sklearn/utils/_openmp_helpers.cpython-310-x86_64-linux-gnu.so
7efe5a00c000-7efe5a013000 r-xp 00003000 00:62 10235991                   /home/ubuntu/.local/lib/python3.10/site-packages/sklearn/utils/_openmp_helpers.cpython-310-x86_64-linux-gnu.so
7efe5a013000-7efe5a015000 r--p 0000a000 00:62 10235991                   /home/ubuntu/.local/lib/python3.10/site-packages/sklearn/utils/_openmp_helpers.cpython-310-x86_64-linux-gnu.so
7efe5a015000-7efe5a016000 ---p 0000c000 00:62 10235991                   /home/ubuntu/.local/lib/python3.10/site-packages/sklearn/utils/_openmp_helpers.cpython-310-x86_64-linux-gnu.so
7efe5a016000-7efe5a017000 r--p 0000c000 00:62 10235991                   /home/ubuntu/.local/lib/python3.10/site-packages/sklearn/utils/_openmp_helpers.cpython-310-x86_64-linux-gnu.so
7efe5a017000-7efe5a018000 rw-p 0000d000 00:62 10235991                   /home/ubuntu/.local/lib/python3.10/site-packages/sklearn/utils/_openmp_helpers.cpython-310-x86_64-linux-gnu.so
7efe5a018000-7efe5a01a000 rw-p 00012000 00:62 10235991                   /home/ubuntu/.local/lib/python3.10/site-packages/sklearn/utils/_openmp_helpers.cpython-310-x86_64-linux-gnu.so
7efe5a01a000-7efe5a01b000 rw-p 00014000 00:62 10235991                   /home/ubuntu/.local/lib/python3.10/site-packages/sklearn/utils/_openmp_helpers.cpython-310-x86_64-linux-gnu.so
7efe5a01b000-7efe5a01f000 r--p 00000000 00:62 10236036                   /home/ubuntu/.local/lib/python3.10/site-packages/sklearn/utils/murmurhash.cpython-310-x86_64-linux-gnu.so
7efe5a01f000-7efe5a031000 r-xp 00004000 00:62 10236036                   /home/ubuntu/.local/lib/python3.10/site-packages/sklearn/utils/murmurhash.cpython-310-x86_64-linux-gnu.so
7efe5a031000-7efe5a036000 r--p 00016000 00:62 10236036                   /home/ubuntu/.local/lib/python3.10/site-packages/sklearn/utils/murmurhash.cpython-310-x86_64-linux-gnu.so
7efe5a036000-7efe5a037000 ---p 0001b000 00:62 10236036                   /home/ubuntu/.local/lib/python3.10/site-packages/sklearn/utils/murmurhash.cpython-310-x86_64-linux-gnu.so
7efe5a037000-7efe5a038000 r--p 0001b000 00:62 10236036                   /home/ubuntu/.local/lib/python3.10/site-packages/sklearn/utils/murmurhash.cpython-310-x86_64-linux-gnu.so
7efe5a038000-7efe5a039000 rw-p 0001c000 00:62 10236036                   /home/ubuntu/.local/lib/python3.10/site-packages/sklearn/utils/murmurhash.cpython-310-x86_64-linux-gnu.so
7efe5a039000-7efe5a139000 rw-p 00000000 00:00 0 
7efe5a139000-7efe5a13e000 r--p 00000000 00:62 10236043                   /home/ubuntu/.local/lib/python3.10/site-packages/sklearn/utils/sparsefuncs_fast.cpython-310-x86_64-linux-gnu.so
7efe5a13e000-7efe5a1d7000 r-xp 00005000 00:62 10236043                   /home/ubuntu/.local/lib/python3.10/site-packages/sklearn/utils/sparsefuncs_fast.cpython-310-x86_64-linux-gnu.so
7efe5a1d7000-7efe5a1e3000 r--p 0009e000 00:62 10236043                   /home/ubuntu/.local/lib/python3.10/site-packages/sklearn/utils/sparsefuncs_fast.cpython-310-x86_64-linux-gnu.so
7efe5a1e3000-7efe5a1e5000 r--p 000a9000 00:62 10236043                   /home/ubuntu/.local/lib/python3.10/site-packages/sklearn/utils/sparsefuncs_fast.cpython-310-x86_64-linux-gnu.so
7efe5a1e5000-7efe5a1e7000 rw-p 000ab000 00:62 10236043                   /home/ubuntu/.local/lib/python3.10/site-packages/sklearn/utils/sparsefuncs_fast.cpython-310-x86_64-linux-gnu.so
7efe5a1e7000-7efe5a1e8000 rw-p 00000000 00:00 0 
7efe5a1e8000-7efe5a1ed000 r--p 00000000 00:62 10235048                   /home/ubuntu/.local/lib/python3.10/site-packages/sklearn/_cyutility.cpython-310-x86_64-linux-gnu.so
7efe5a1ed000-7efe5a20a000 r-xp 00005000 00:62 10235048                   /home/ubuntu/.local/lib/python3.10/site-packages/sklearn/_cyutility.cpython-310-x86_64-linux-gnu.so
7efe5a20a000-7efe5a210000 r--p 00022000 00:62 10235048                   /home/ubuntu/.local/lib/python3.10/site-packages/sklearn/_cyutility.cpython-310-x86_64-linux-gnu.so
7efe5a210000-7efe5a211000 ---p 00028000 00:62 10235048                   /home/ubuntu/.local/lib/python3.10/site-packages/sklearn/_cyutility.cpython-310-x86_64-linux-gnu.so
7efe5a211000-7efe5a212000 r--p 00028000 00:62 10235048                   /home/ubuntu/.local/lib/python3.10/site-packages/sklearn/_cyutility.cpython-310-x86_64-linux-gnu.so
7efe5a212000-7efe5a214000 rw-p 00029000 00:62 10235048                   /home/ubuntu/.local/lib/python3.10/site-packages/sklearn/_cyutility.cpython-310-x86_64-linux-gnu.so
7efe5a214000-7efe5a218000 r--p 00000000 00:62 10235985                   /home/ubuntu/.local/lib/python3.10/site-packages/sklearn/utils/_isfinite.cpython-310-x86_64-linux-gnu.so
7efe5a218000-7efe5a226000 r-xp 00004000 00:62 10235985                   /home/ubuntu/.local/lib/python3.10/site-packages/sklearn/utils/_isfinite.cpython-310-x86_64-linux-gnu.so
7efe5a226000-7efe5a22a000 r--p 00012000 00:62 10235985                   /home/ubuntu/.local/lib/python3.10/site-packages/sklearn/utils/_isfinite.cpython-310-x86_64-linux-gnu.so
7efe5a22a000-7efe5a22b000 ---p 00016000 00:62 10235985                   /home/ubuntu/.local/lib/python3.10/site-packages/sklearn/utils/_isfinite.cpython-310-x86_64-linux-gnu.so
7efe5a22b000-7efe5a22c000 r--p 00016000 00:62 10235985                   /home/ubuntu/.local/lib/python3.10/site-packages/sklearn/utils/_isfinite.cpython-310-x86_64-linux-gnu.so
7efe5a22c000-7efe5a22d000 rw-p 00017000 00:62 10235985                   /home/ubuntu/.local/lib/python3.10/site-packages/sklearn/utils/_isfinite.cpython-310-x86_64-linux-gnu.so
7efe5a22d000-7efe5a32e000 rw-p 00000000 00:00 0 
7efe5a32e000-7efe5a332000 r--p 00000000 00:62 10229409                   /home/ubuntu/.local/lib/python3.10/site-packages/pandas/_libs/testing.cpython-310-x86_64-linux-gnu.so
7efe5a332000-7efe5a346000 r-xp 00004000 00:62 10229409                   /home/ubuntu/.local/lib/python3.10/site-packages/pandas/_libs/testing.cpython-310-x86_64-linux-gnu.so
7efe5a346000-7efe5a349000 r--p 00018000 00:62 10229409                   /home/ubuntu/.local/lib/python3.10/site-packages/pandas/_libs/testing.cpython-310-x86_64-linux-gnu.so
7efe5a349000-7efe5a34a000 r--p 0001b000 00:62 10229409                   /home/ubuntu/.local/lib/python3.10/site-packages/pandas/_libs/testing.cpython-310-x86_64-linux-gnu.so
7efe5a34a000-7efe5a34b000 rw-p 0001c000 00:62 10229409                   /home/ubuntu/.local/lib/python3.10/site-packages/pandas/_libs/testing.cpython-310-x86_64-linux-gnu.so
7efe5a34b000-7efe5a355000 r--p 00000000 00:62 10229399                   /home/ubuntu/.local/lib/python3.10/site-packages/pandas/_libs/parsers.cpython-310-x86_64-linux-gnu.so
7efe5a355000-7efe5a3c3000 r-xp 0000a000 00:62 10229399                   /home/ubuntu/.local/lib/python3.10/site-packages/pandas/_libs/parsers.cpython-310-x86_64-linux-gnu.so
7efe5a3c3000-7efe5a3d0000 r--p 00078000 00:62 10229399                   /home/ubuntu/.local/lib/python3.10/site-packages/pandas/_libs/parsers.cpython-310-x86_64-linux-gnu.so
7efe5a3d0000-7efe5a3d3000 r--p 00084000 00:62 10229399                   /home/ubuntu/.local/lib/python3.10/site-packages/pandas/_libs/parsers.cpython-310-x86_64-linux-gnu.so
7efe5a3d3000-7efe5a3d6000 rw-p 00087000 00:62 10229399                   /home/ubuntu/.local/lib/python3.10/site-packages/pandas/_libs/parsers.cpython-310-x86_64-linux-gnu.so
7efe5a3d6000-7efe5a3d8000 rw-p 00000000 00:00 0 
7efe5a3d8000-7efe5a3da000 r--p 00000000 00:62 10229387                   /home/ubuntu/.local/lib/python3.10/site-packages/pandas/_libs/json.cpython-310-x86_64-linux-gnu.so
7efe5a3da000-7efe5a3e3000 r-xp 00002000 00:62 10229387                   /home/ubuntu/.local/lib/python3.10/site-packages/pandas/_libs/json.cpython-310-x86_64-linux-gnu.so
7efe5a3e3000-7efe5a3e6000 r--p 0000b000 00:62 10229387                   /home/ubuntu/.local/lib/python3.10/site-packages/pandas/_libs/json.cpython-310-x86_64-linux-gnu.so
7efe5a3e6000-7efe5a3e7000 r--p 0000e000 00:62 10229387                   /home/ubuntu/.local/lib/python3.10/site-packages/pandas/_libs/json.cpython-310-x86_64-linux-gnu.so
7efe5a3e7000-7efe5a3e8000 rw-p 0000f000 00:62 10229387                   /home/ubuntu/.local/lib/python3.10/site-packages/pandas/_libs/json.cpython-310-x86_64-linux-gnu.so
7efe5a3e8000-7efe5a5e8000 rw-p 00000000 00:00 0 
7efe5a5e8000-7efe5a5f4000 r--p 00000000 00:62 10229371                   /home/ubuntu/.local/lib/python3.10/site-packages/pandas/_libs/groupby.cpython-310-x86_64-linux-gnu.so
7efe5a5f4000-7efe5a844000 r-xp 0000c000 00:62 10229371                   /home/ubuntu/.local/lib/python3.10/site-packages/pandas/_libs/groupby.cpython-310-x86_64-linux-gnu.so
7efe5a844000-7efe5a861000 r--p 0025c000 00:62 10229371                   /home/ubuntu/.local/lib/python3.10/site-packages/pandas/_libs/groupby.cpython-310-x86_64-linux-gnu.so
7efe5a861000-7efe5a864000 r--p 00279000 00:62 10229371                   /home/ubuntu/.local/lib/python3.10/site-packages/pandas/_libs/groupby.cpython-310-x86_64-linux-gnu.so
7efe5a864000-7efe5a86a000 rw-p 0027c000 00:62 10229371                   /home/ubuntu/.local/lib/python3.10/site-packages/pandas/_libs/groupby.cpython-310-x86_64-linux-gnu.so
7efe5a86a000-7efe5a86e000 rw-p 00000000 00:00 0 
7efe5a86e000-7efe5a875000 r--p 00000000 00:62 10229403                   /home/ubuntu/.local/lib/python3.10/site-packages/pandas/_libs/reshape.cpython-310-x86_64-linux-gnu.so
7efe5a875000-7efe5a8ae000 r-xp 00007000 00:62 10229403                   /home/ubuntu/.local/lib/python3.10/site-packages/pandas/_libs/reshape.cpython-310-x86_64-linux-gnu.so
7efe5a8ae000-7efe5a8b7000 r--p 00040000 00:62 10229403                   /home/ubuntu/.local/lib/python3.10/site-packages/pandas/_libs/reshape.cpython-310-x86_64-linux-gnu.so
7efe5a8b7000-7efe5a8b9000 r--p 00048000 00:62 10229403                   /home/ubuntu/.local/lib/python3.10/site-packages/pandas/_libs/reshape.cpython-310-x86_64-linux-gnu.so
7efe5a8b9000-7efe5a8bb000 rw-p 0004a000 00:62 10229403                   /home/ubuntu/.local/lib/python3.10/site-packages/pandas/_libs/reshape.cpython-310-x86_64-linux-gnu.so
7efe5a8bb000-7efe5a8bc000 rw-p 00000000 00:00 0 
7efe5a8bc000-7efe5a8c2000 r--p 00000000 00:62 10229452                   /home/ubuntu/.local/lib/python3.10/site-packages/pandas/_libs/window/indexers.cpython-310-x86_64-linux-gnu.so
7efe5a8c2000-7efe5a8e5000 r-xp 00006000 00:62 10229452                   /home/ubuntu/.local/lib/python3.10/site-packages/pandas/_libs/window/indexers.cpython-310-x86_64-linux-gnu.so
7efe5a8e5000-7efe5a8ec000 r--p 00029000 00:62 10229452                   /home/ubuntu/.local/lib/python3.10/site-packages/pandas/_libs/window/indexers.cpython-310-x86_64-linux-gnu.so
7efe5a8ec000-7efe5a8ed000 r--p 00030000 00:62 10229452                   /home/ubuntu/.local/lib/python3.10/site-packages/pandas/_libs/window/indexers.cpython-310-x86_64-linux-gnu.so
7efe5a8ed000-7efe5a8ef000 rw-p 00031000 00:62 10229452                   /home/ubuntu/.local/lib/python3.10/site-packages/pandas/_libs/window/indexers.cpython-310-x86_64-linux-gnu.so
7efe5a8ef000-7efe5a8f0000 rw-p 00000000 00:00 0 
7efe5a8f0000-7efe5a8f8000 r--p 00000000 00:62 10229450                   /home/ubuntu/.local/lib/python3.10/site-packages/pandas/_libs/window/aggregations.cpython-310-x86_64-linux-gnu.so
7efe5a8f8000-7efe5a947000 r-xp 00008000 00:62 10229450                   /home/ubuntu/.local/lib/python3.10/site-packages/pandas/_libs/window/aggregations.cpython-310-x86_64-linux-gnu.so
7efe5a947000-7efe5a951000 r--p 00057000 00:62 10229450                   /home/ubuntu/.local/lib/python3.10/site-packages/pandas/_libs/window/aggregations.cpython-310-x86_64-linux-gnu.so
7efe5a951000-7efe5a953000 r--p 00061000 00:62 10229450                   /home/ubuntu/.local/lib/python3.10/site-packages/pandas/_libs/window/aggregations.cpython-310-x86_64-linux-gnu.so
7efe5a953000-7efe5a955000 rw-p 00063000 00:62 10229450                   /home/ubuntu/.local/lib/python3.10/site-packages/pandas/_libs/window/aggregations.cpython-310-x86_64-linux-gnu.so
7efe5a955000-7efe5ab56000 rw-p 00000000 00:00 0 
7efe5ab56000-7efe5ab5e000 r--p 00000000 00:62 10229385                   /home/ubuntu/.local/lib/python3.10/site-packages/pandas/_libs/join.cpython-310-x86_64-linux-gnu.so
7efe5ab5e000-7efe5aca0000 r-xp 00008000 00:62 10229385                   /home/ubuntu/.local/lib/python3.10/site-packages/pandas/_libs/join.cpython-310-x86_64-linux-gnu.so
7efe5aca0000-7efe5acae000 r--p 0014a000 00:62 10229385                   /home/ubuntu/.local/lib/python3.10/site-packages/pandas/_libs/join.cpython-310-x86_64-linux-gnu.so
7efe5acae000-7efe5acb0000 r--p 00157000 00:62 10229385                   /home/ubuntu/.local/lib/python3.10/site-packages/pandas/_libs/join.cpython-310-x86_64-linux-gnu.so
7efe5acb0000-7efe5acb3000 rw-p 00159000 00:62 10229385                   /home/ubuntu/.local/lib/python3.10/site-packages/pandas/_libs/join.cpython-310-x86_64-linux-gnu.so
7efe5acb3000-7efe5acb5000 rw-p 00000000 00:00 0 
7efe5acb5000-7efe5acbb000 r--p 00000000 00:62 10229413                   /home/ubuntu/.local/lib/python3.10/site-packages/pandas/_libs/writers.cpython-310-x86_64-linux-gnu.so
7efe5acbb000-7efe5ace6000 r-xp 00006000 00:62 10229413                   /home/ubuntu/.local/lib/python3.10/site-packages/pandas/_libs/writers.cpython-310-x86_64-linux-gnu.so
7efe5ace6000-7efe5acee000 r--p 00031000 00:62 10229413                   /home/ubuntu/.local/lib/python3.10/site-packages/pandas/_libs/writers.cpython-310-x86_64-linux-gnu.so
7efe5acee000-7efe5acf0000 r--p 00038000 00:62 10229413                   /home/ubuntu/.local/lib/python3.10/site-packages/pandas/_libs/writers.cpython-310-x86_64-linux-gnu.so
7efe5acf0000-7efe5acf2000 rw-p 0003a000 00:62 10229413                   /home/ubuntu/.local/lib/python3.10/site-packages/pandas/_libs/writers.cpython-310-x86_64-linux-gnu.so
7efe5acf2000-7efe5acf3000 rw-p 00000000 00:00 0 
7efe5acf3000-7efe5ad00000 r--p 00000000 00:62 10229377                   /home/ubuntu/.local/lib/python3.10/site-packages/pandas/_libs/index.cpython-310-x86_64-linux-gnu.so
7efe5ad00000-7efe5adaa000 r-xp 0000d000 00:62 10229377                   /home/ubuntu/.local/lib/python3.10/site-packages/pandas/_libs/index.cpython-310-x86_64-linux-gnu.so
7efe5adaa000-7efe5adc2000 r--p 000b7000 00:62 10229377                   /home/ubuntu/.local/lib/python3.10/site-packages/pandas/_libs/index.cpython-310-x86_64-linux-gnu.so
7efe5adc2000-7efe5adc5000 r--p 000ce000 00:62 10229377                   /home/ubuntu/.local/lib/python3.10/site-packages/pandas/_libs/index.cpython-310-x86_64-linux-gnu.so
7efe5adc5000-7efe5adcd000 rw-p 000d1000 00:62 10229377                   /home/ubuntu/.local/lib/python3.10/site-packages/pandas/_libs/index.cpython-310-x86_64-linux-gnu.so
7efe5adcd000-7efe5aed1000 rw-p 00000000 00:00 0 
7efe5aed1000-7efe5aed5000 r--p 00000000 00:62 10229379                   /home/ubuntu/.local/lib/python3.10/site-packages/pandas/_libs/indexing.cpython-310-x86_64-linux-gnu.so
7efe5aed5000-7efe5aedd000 r-xp 00004000 00:62 10229379                   /home/ubuntu/.local/lib/python3.10/site-packages/pandas/_libs/indexing.cpython-310-x86_64-linux-gnu.so
7efe5aedd000-7efe5aee0000 r--p 0000c000 00:62 10229379                   /home/ubuntu/.local/lib/python3.10/site-packages/pandas/_libs/indexing.cpython-310-x86_64-linux-gnu.so
7efe5aee0000-7efe5aee1000 r--p 0000e000 00:62 10229379                   /home/ubuntu/.local/lib/python3.10/site-packages/pandas/_libs/indexing.cpython-310-x86_64-linux-gnu.so
7efe5aee1000-7efe5aee2000 rw-p 0000f000 00:62 10229379                   /home/ubuntu/.local/lib/python3.10/site-packages/pandas/_libs/indexing.cpython-310-x86_64-linux-gnu.so
7efe5aee2000-7efe5aeea000 r--p 00000000 00:62 10229381                   /home/ubuntu/.local/lib/python3.10/site-packages/pandas/_libs/internals.cpython-310-x86_64-linux-gnu.so
7efe5aeea000-7efe5af34000 r-xp 00008000 00:62 10229381                   /home/ubuntu/.local/lib/python3.10/site-packages/pandas/_libs/internals.cpython-310-x86_64-linux-gnu.so
7efe5af34000-7efe5af40000 r--p 00052000 00:62 10229381                   /home/ubuntu/.local/lib/python3.10/site-packages/pandas/_libs/internals.cpython-310-x86_64-linux-gnu.so
7efe5af40000-7efe5af42000 r--p 0005d000 00:62 10229381                   /home/ubuntu/.local/lib/python3.10/site-packages/pandas/_libs/internals.cpython-310-x86_64-linux-gnu.so
7efe5af42000-7efe5af45000 rw-p 0005f000 00:62 10229381                   /home/ubuntu/.local/lib/python3.10/site-packages/pandas/_libs/internals.cpython-310-x86_64-linux-gnu.so
7efe5af45000-7efe5b047000 rw-p 00000000 00:00 0 
7efe5b047000-7efe5b04f000 r--p 00000000 00:62 10229407                   /home/ubuntu/.local/lib/python3.10/site-packages/pandas/_libs/sparse.cpython-310-x86_64-linux-gnu.so
7efe5b04f000-7efe5b129000 r-xp 00008000 00:62 10229407                   /home/ubuntu/.local/lib/python3.10/site-packages/pandas/_libs/sparse.cpython-310-x86_64-linux-gnu.so
7efe5b129000-7efe5b136000 r--p 000e2000 00:62 10229407                   /home/ubuntu/.local/lib/python3.10/site-packages/pandas/_libs/sparse.cpython-310-x86_64-linux-gnu.so
7efe5b136000-7efe5b138000 r--p 000ef000 00:62 10229407                   /home/ubuntu/.local/lib/python3.10/site-packages/pandas/_libs/sparse.cpython-310-x86_64-linux-gnu.so
7efe5b138000-7efe5b13b000 rw-p 000f1000 00:62 10229407                   /home/ubuntu/.local/lib/python3.10/site-packages/pandas/_libs/sparse.cpython-310-x86_64-linux-gnu.so
7efe5b13b000-7efe5b13d000 rw-p 00000000 00:00 0 
7efe5b13d000-7efe5b144000 r--p 00000000 00:62 10229411                   /home/ubuntu/.local/lib/python3.10/site-packages/pandas/_libs/tslib.cpython-310-x86_64-linux-gnu.so
7efe5b144000-7efe5b182000 r-xp 00007000 00:62 10229411                   /home/ubuntu/.local/lib/python3.10/site-packages/pandas/_libs/tslib.cpython-310-x86_64-linux-gnu.so
7efe5b182000-7efe5b18c000 r--p 00045000 00:62 10229411                   /home/ubuntu/.local/lib/python3.10/site-packages/pandas/_libs/tslib.cpython-310-x86_64-linux-gnu.so
7efe5b18c000-7efe5b18e000 r--p 0004e000 00:62 10229411                   /home/ubuntu/.local/lib/python3.10/site-packages/pandas/_libs/tslib.cpython-310-x86_64-linux-gnu.so
7efe5b18e000-7efe5b190000 rw-p 00050000 00:62 10229411                   /home/ubuntu/.local/lib/python3.10/site-packages/pandas/_libs/tslib.cpython-310-x86_64-linux-gnu.so
7efe5b190000-7efe5b291000 rw-p 00000000 00:00 0 
7efe5b291000-7efe5b296000 r--p 00000000 00:62 10229367                   /home/ubuntu/.local/lib/python3.10/site-packages/pandas/_libs/arrays.cpython-310-x86_64-linux-gnu.so
7efe5b296000-7efe5b2a9000 r-xp 00005000 00:62 10229367                   /home/ubuntu/.local/lib/python3.10/site-packages/pandas/_libs/arrays.cpython-310-x86_64-linux-gnu.so
7efe5b2a9000-7efe5b2ad000 r--p 00018000 00:62 10229367                   /home/ubuntu/.local/lib/python3.10/site-packages/pandas/_libs/arrays.cpython-310-x86_64-linux-gnu.so
7efe5b2ad000-7efe5b2ae000 r--p 0001c000 00:62 10229367                   /home/ubuntu/.local/lib/python3.10/site-packages/pandas/_libs/arrays.cpython-310-x86_64-linux-gnu.so
7efe5b2ae000-7efe5b2b0000 rw-p 0001d000 00:62 10229367                   /home/ubuntu/.local/lib/python3.10/site-packages/pandas/_libs/arrays.cpython-310-x86_64-linux-gnu.so
7efe5b2b0000-7efe5b2b6000 r--p 00000000 00:62 10229373                   /home/ubuntu/.local/lib/python3.10/site-packages/pandas/_libs/hashing.cpython-310-x86_64-linux-gnu.so
7efe5b2b6000-7efe5b2da000 r-xp 00006000 00:62 10229373                   /home/ubuntu/.local/lib/python3.10/site-packages/pandas/_libs/hashing.cpython-310-x86_64-linux-gnu.so
7efe5b2da000-7efe5b2e1000 r--p 0002a000 00:62 10229373                   /home/ubuntu/.local/lib/python3.10/site-packages/pandas/_libs/hashing.cpython-310-x86_64-linux-gnu.so
7efe5b2e1000-7efe5b2e2000 r--p 00031000 00:62 10229373                   /home/ubuntu/.local/lib/python3.10/site-packages/pandas/_libs/hashing.cpython-310-x86_64-linux-gnu.so
7efe5b2e2000-7efe5b2e4000 rw-p 00032000 00:62 10229373                   /home/ubuntu/.local/lib/python3.10/site-packages/pandas/_libs/hashing.cpython-310-x86_64-linux-gnu.so
7efe5b2e4000-7efe5b2e5000 rw-p 00000000 00:00 0 
7efe5b2e5000-7efe5b2eb000 r--p 00000000 00:62 10229393                   /home/ubuntu/.local/lib/python3.10/site-packages/pandas/_libs/ops.cpython-310-x86_64-linux-gnu.so
7efe5b2eb000-7efe5b319000 r-xp 00006000 00:62 10229393                   /home/ubuntu/.local/lib/python3.10/site-packages/pandas/_libs/ops.cpython-310-x86_64-linux-gnu.so
7efe5b319000-7efe5b321000 r--p 00034000 00:62 10229393                   /home/ubuntu/.local/lib/python3.10/site-packages/pandas/_libs/ops.cpython-310-x86_64-linux-gnu.so
7efe5b321000-7efe5b323000 r--p 0003b000 00:62 10229393                   /home/ubuntu/.local/lib/python3.10/site-packages/pandas/_libs/ops.cpython-310-x86_64-linux-gnu.so
7efe5b323000-7efe5b325000 rw-p 0003d000 00:62 10229393                   /home/ubuntu/.local/lib/python3.10/site-packages/pandas/_libs/ops.cpython-310-x86_64-linux-gnu.so
7efe5b325000-7efe5b526000 rw-p 00000000 00:00 0 
7efe5b526000-7efe5b55a000 r--p 00000000 00:62 10173737                   /home/ubuntu/.local/lib/python3.10/site-packages/pyarrow/_compute.cpython-310-x86_64-linux-gnu.so
7efe5b55a000-7efe5b5ea000 r-xp 00034000 00:62 10173737                   /home/ubuntu/.local/lib/python3.10/site-packages/pyarrow/_compute.cpython-310-x86_64-linux-gnu.so
7efe5b5ea000-7efe5b619000 r--p 000c4000 00:62 10173737                   /home/ubuntu/.local/lib/python3.10/site-packages/pyarrow/_compute.cpython-310-x86_64-linux-gnu.so
7efe5b619000-7efe5b61f000 r--p 000f3000 00:62 10173737                   /home/ubuntu/.local/lib/python3.10/site-packages/pyarrow/_compute.cpython-310-x86_64-linux-gnu.so
7efe5b61f000-7efe5b62c000 rw-p 000f9000 00:62 10173737                   /home/ubuntu/.local/lib/python3.10/site-packages/pyarrow/_compute.cpython-310-x86_64-linux-gnu.so
7efe5b62c000-7efe5b630000 rw-p 00000000 00:00 0 
7efe5b630000-7efe5b63c000 r--p 00000000 00:62 10229389                   /home/ubuntu/.local/lib/python3.10/site-packages/pandas/_libs/lib.cpython-310-x86_64-linux-gnu.so
7efe5b63c000-7efe5b6e2000 r-xp 0000c000 00:62 10229389                   /home/ubuntu/.local/lib/python3.10/site-packages/pandas/_libs/lib.cpython-310-x86_64-linux-gnu.so
7efe5b6e2000-7efe5b6fb000 r--p 000b2000 00:62 10229389                   /home/ubuntu/.local/lib/python3.10/site-packages/pandas/_libs/lib.cpython-310-x86_64-linux-gnu.so
7efe5b6fb000-7efe5b6ff000 r--p 000ca000 00:62 10229389                   /home/ubuntu/.local/lib/python3.10/site-packages/pandas/_libs/lib.cpython-310-x86_64-linux-gnu.so
7efe5b6ff000-7efe5b705000 rw-p 000ce000 00:62 10229389                   /home/ubuntu/.local/lib/python3.10/site-packages/pandas/_libs/lib.cpython-310-x86_64-linux-gnu.so
7efe5b705000-7efe5b707000 rw-p 00000000 00:00 0 
7efe5b707000-7efe5b713000 r--p 00000000 00:62 10229365                   /home/ubuntu/.local/lib/python3.10/site-packages/pandas/_libs/algos.cpython-310-x86_64-linux-gnu.so
7efe5b713000-7efe5b8f7000 r-xp 0000c000 00:62 10229365                   /home/ubuntu/.local/lib/python3.10/site-packages/pandas/_libs/algos.cpython-310-x86_64-linux-gnu.so
7efe5b8f7000-7efe5b914000 r--p 001f0000 00:62 10229365                   /home/ubuntu/.local/lib/python3.10/site-packages/pandas/_libs/algos.cpython-310-x86_64-linux-gnu.so
7efe5b914000-7efe5b917000 r--p 0020d000 00:62 10229365                   /home/ubuntu/.local/lib/python3.10/site-packages/pandas/_libs/algos.cpython-310-x86_64-linux-gnu.so
7efe5b917000-7efe5b91b000 rw-p 00210000 00:62 10229365                   /home/ubuntu/.local/lib/python3.10/site-packages/pandas/_libs/algos.cpython-310-x86_64-linux-gnu.so
7efe5b91b000-7efe5ba20000 rw-p 00000000 00:00 0 
7efe5ba20000-7efe5ba29000 r--p 00000000 00:62 10229434                   /home/ubuntu/.local/lib/python3.10/site-packages/pandas/_libs/tslibs/period.cpython-310-x86_64-linux-gnu.so
7efe5ba29000-7efe5ba7f000 r-xp 00009000 00:62 10229434                   /home/ubuntu/.local/lib/python3.10/site-packages/pandas/_libs/tslibs/period.cpython-310-x86_64-linux-gnu.so
7efe5ba7f000-7efe5ba98000 r--p 0005f000 00:62 10229434                   /home/ubuntu/.local/lib/python3.10/site-packages/pandas/_libs/tslibs/period.cpython-310-x86_64-linux-gnu.so
7efe5ba98000-7efe5ba9b000 r--p 00077000 00:62 10229434                   /home/ubuntu/.local/lib/python3.10/site-packages/pandas/_libs/tslibs/period.cpython-310-x86_64-linux-gnu.so
7efe5ba9b000-7efe5ba9e000 rw-p 0007a000 00:62 10229434                   /home/ubuntu/.local/lib/python3.10/site-packages/pandas/_libs/tslibs/period.cpython-310-x86_64-linux-gnu.so
7efe5ba9e000-7efe5ba9f000 rw-p 00000000 00:00 0 
7efe5ba9f000-7efe5baa7000 r--p 00000000 00:62 10229436                   /home/ubuntu/.local/lib/python3.10/site-packages/pandas/_libs/tslibs/strptime.cpython-310-x86_64-linux-gnu.so
7efe5baa7000-7efe5baef000 r-xp 00008000 00:62 10229436                   /home/ubuntu/.local/lib/python3.10/site-packages/pandas/_libs/tslibs/strptime.cpython-310-x86_64-linux-gnu.so
7efe5baef000-7efe5baf9000 r--p 00050000 00:62 10229436                   /home/ubuntu/.local/lib/python3.10/site-packages/pandas/_libs/tslibs/strptime.cpython-310-x86_64-linux-gnu.so
7efe5baf9000-7efe5bafb000 r--p 0005a000 00:62 10229436                   /home/ubuntu/.local/lib/python3.10/site-packages/pandas/_libs/tslibs/strptime.cpython-310-x86_64-linux-gnu.so
7efe5bafb000-7efe5bafd000 rw-p 0005c000 00:62 10229436                   /home/ubuntu/.local/lib/python3.10/site-packages/pandas/_libs/tslibs/strptime.cpython-310-x86_64-linux-gnu.so
7efe5bafd000-7efe5c000000 rw-p 00000000 00:00 0 
7efe5c000000-7efe5c021000 rw-p 00000000 00:00 0 
7efe5c021000-7efe60000000 ---p 00000000 00:00 0 
7efe60004000-7efe60006000 r--p 00000000 00:62 10236007                   /home/ubuntu/.local/lib/python3.10/site-packages/sklearn/utils/_sorting.cpython-310-x86_64-linux-gnu.so
7efe60006000-7efe60008000 r-xp 00002000 00:62 10236007                   /home/ubuntu/.local/lib/python3.10/site-packages/sklearn/utils/_sorting.cpython-310-x86_64-linux-gnu.so
7efe60008000-7efe60009000 r--p 00004000 00:62 10236007                   /home/ubuntu/.local/lib/python3.10/site-packages/sklearn/utils/_sorting.cpython-310-x86_64-linux-gnu.so
7efe60009000-7efe6000a000 r--p 00004000 00:62 10236007                   /home/ubuntu/.local/lib/python3.10/site-packages/sklearn/utils/_sorting.cpython-310-x86_64-linux-gnu.so
7efe6000a000-7efe6000b000 rw-p 00005000 00:62 10236007                   /home/ubuntu/.local/lib/python3.10/site-packages/sklearn/utils/_sorting.cpython-310-x86_64-linux-gnu.so
7efe6000b000-7efe6000f000 r--p 00000000 00:62 10229395                   /home/ubuntu/.local/lib/python3.10/site-packages/pandas/_libs/ops_dispatch.cpython-310-x86_64-linux-gnu.so
7efe6000f000-7efe60016000 r-xp 00004000 00:62 10229395                   /home/ubuntu/.local/lib/python3.10/site-packages/pandas/_libs/ops_dispatch.cpython-310-x86_64-linux-gnu.so
7efe60016000-7efe60018000 r--p 0000b000 00:62 10229395                   /home/ubuntu/.local/lib/python3.10/site-packages/pandas/_libs/ops_dispatch.cpython-310-x86_64-linux-gnu.so
7efe60018000-7efe60019000 r--p 0000d000 00:62 10229395                   /home/ubuntu/.local/lib/python3.10/site-packages/pandas/_libs/ops_dispatch.cpython-310-x86_64-linux-gnu.so
7efe60019000-7efe6001a000 rw-p 0000e000 00:62 10229395                   /home/ubuntu/.local/lib/python3.10/site-packages/pandas/_libs/ops_dispatch.cpython-310-x86_64-linux-gnu.so
7efe6001a000-7efe60020000 r--p 00000000 00:62 10229446                   /home/ubuntu/.local/lib/python3.10/site-packages/pandas/_libs/tslibs/vectorized.cpython-310-x86_64-linux-gnu.so
7efe60020000-7efe6004a000 r-xp 00006000 00:62 10229446                   /home/ubuntu/.local/lib/python3.10/site-packages/pandas/_libs/tslibs/vectorized.cpython-310-x86_64-linux-gnu.so
7efe6004a000-7efe60052000 r--p 00030000 00:62 10229446                   /home/ubuntu/.local/lib/python3.10/site-packages/pandas/_libs/tslibs/vectorized.cpython-310-x86_64-linux-gnu.so
7efe60052000-7efe60053000 r--p 00038000 00:62 10229446                   /home/ubuntu/.local/lib/python3.10/site-packages/pandas/_libs/tslibs/vectorized.cpython-310-x86_64-linux-gnu.so
7efe60053000-7efe60055000 rw-p 00039000 00:62 10229446                   /home/ubuntu/.local/lib/python3.10/site-packages/pandas/_libs/tslibs/vectorized.cpython-310-x86_64-linux-gnu.so
7efe60055000-7efe60056000 rw-p 00000000 00:00 0 
7efe60056000-7efe6005f000 r--p 00000000 00:62 10229432                   /home/ubuntu/.local/lib/python3.10/site-packages/pandas/_libs/tslibs/parsing.cpython-310-x86_64-linux-gnu.so
7efe6005f000-7efe600b0000 r-xp 00009000 00:62 10229432                   /home/ubuntu/.local/lib/python3.10/site-packages/pandas/_libs/tslibs/parsing.cpython-310-x86_64-linux-gnu.so
7efe600b0000-7efe600bd000 r--p 0005a000 00:62 10229432                   /home/ubuntu/.local/lib/python3.10/site-packages/pandas/_libs/tslibs/parsing.cpython-310-x86_64-linux-gnu.so
7efe600bd000-7efe600bf000 r--p 00067000 00:62 10229432                   /home/ubuntu/.local/lib/python3.10/site-packages/pandas/_libs/tslibs/parsing.cpython-310-x86_64-linux-gnu.so
7efe600bf000-7efe600c2000 rw-p 00069000 00:62 10229432                   /home/ubuntu/.local/lib/python3.10/site-packages/pandas/_libs/tslibs/parsing.cpython-310-x86_64-linux-gnu.so
7efe600c2000-7efe603c3000 rw-p 00000000 00:00 0 
7efe603c3000-7efe603d3000 r--p 00000000 00:62 10229430                   /home/ubuntu/.local/lib/python3.10/site-packages/pandas/_libs/tslibs/offsets.cpython-310-x86_64-linux-gnu.so
7efe603d3000-7efe60492000 r-xp 00010000 00:62 10229430                   /home/ubuntu/.local/lib/python3.10/site-packages/pandas/_libs/tslibs/offsets.cpython-310-x86_64-linux-gnu.so
7efe60492000-7efe604b7000 r--p 000cf000 00:62 10229430                   /home/ubuntu/.local/lib/python3.10/site-packages/pandas/_libs/tslibs/offsets.cpython-310-x86_64-linux-gnu.so
7efe604b7000-7efe604bb000 r--p 000f3000 00:62 10229430                   /home/ubuntu/.local/lib/python3.10/site-packages/pandas/_libs/tslibs/offsets.cpython-310-x86_64-linux-gnu.so
7efe604bb000-7efe604c5000 rw-p 000f7000 00:62 10229430                   /home/ubuntu/.local/lib/python3.10/site-packages/pandas/_libs/tslibs/offsets.cpython-310-x86_64-linux-gnu.so
7efe604c5000-7efe604c9000 rw-p 00000000 00:00 0 
7efe604c9000-7efe604d0000 r--p 00000000 00:62 10229420                   /home/ubuntu/.local/lib/python3.10/site-packages/pandas/_libs/tslibs/conversion.cpython-310-x86_64-linux-gnu.so
7efe604d0000-7efe60506000 r-xp 00007000 00:62 10229420                   /home/ubuntu/.local/lib/python3.10/site-packages/pandas/_libs/tslibs/conversion.cpython-310-x86_64-linux-gnu.so
7efe60506000-7efe60510000 r--p 0003d000 00:62 10229420                   /home/ubuntu/.local/lib/python3.10/site-packages/pandas/_libs/tslibs/conversion.cpython-310-x86_64-linux-gnu.so
7efe60510000-7efe60512000 r--p 00046000 00:62 10229420                   /home/ubuntu/.local/lib/python3.10/site-packages/pandas/_libs/tslibs/conversion.cpython-310-x86_64-linux-gnu.so
7efe60512000-7efe60514000 rw-p 00048000 00:62 10229420                   /home/ubuntu/.local/lib/python3.10/site-packages/pandas/_libs/tslibs/conversion.cpython-310-x86_64-linux-gnu.so
7efe60514000-7efe60515000 rw-p 00000000 00:00 0 
7efe60515000-7efe60519000 r--p 00000000 00:62 10229428                   /home/ubuntu/.local/lib/python3.10/site-packages/pandas/_libs/tslibs/np_datetime.cpython-310-x86_64-linux-gnu.so
7efe60519000-7efe60530000 r-xp 00004000 00:62 10229428                   /home/ubuntu/.local/lib/python3.10/site-packages/pandas/_libs/tslibs/np_datetime.cpython-310-x86_64-linux-gnu.so
7efe60530000-7efe60535000 r--p 0001b000 00:62 10229428                   /home/ubuntu/.local/lib/python3.10/site-packages/pandas/_libs/tslibs/np_datetime.cpython-310-x86_64-linux-gnu.so
7efe60535000-7efe60536000 r--p 00020000 00:62 10229428                   /home/ubuntu/.local/lib/python3.10/site-packages/pandas/_libs/tslibs/np_datetime.cpython-310-x86_64-linux-gnu.so
7efe60536000-7efe60537000 rw-p 00021000 00:62 10229428                   /home/ubuntu/.local/lib/python3.10/site-packages/pandas/_libs/tslibs/np_datetime.cpython-310-x86_64-linux-gnu.so
7efe60537000-7efe60538000 rw-p 00000000 00:00 0 
7efe60538000-7efe6054d000 r--p 00000000 00:62 10229375                   /home/ubuntu/.local/lib/python3.10/site-packages/pandas/_libs/hashtable.cpython-310-x86_64-linux-gnu.so
7efe6054d000-7efe60716000 r-xp 00015000 00:62 10229375                   /home/ubuntu/.local/lib/python3.10/site-packages/pandas/_libs/hashtable.cpython-310-x86_64-linux-gnu.so
7efe60716000-7efe6074d000 r--p 001de000 00:62 10229375                   /home/ubuntu/.local/lib/python3.10/site-packages/pandas/_libs/hashtable.cpython-310-x86_64-linux-gnu.so
7efe6074d000-7efe60752000 r--p 00215000 00:62 10229375                   /home/ubuntu/.local/lib/python3.10/site-packages/pandas/_libs/hashtable.cpython-310-x86_64-linux-gnu.so
7efe60752000-7efe6075f000 rw-p 0021a000 00:62 10229375                   /home/ubuntu/.local/lib/python3.10/site-packages/pandas/_libs/hashtable.cpython-310-x86_64-linux-gnu.so
7efe6075f000-7efe60867000 rw-p 00000000 00:00 0 
7efe60867000-7efe60874000 r--p 00000000 00:62 10229383                   /home/ubuntu/.local/lib/python3.10/site-packages/pandas/_libs/interval.cpython-310-x86_64-linux-gnu.so
7efe60874000-7efe60996000 r-xp 0000d000 00:62 10229383                   /home/ubuntu/.local/lib/python3.10/site-packages/pandas/_libs/interval.cpython-310-x86_64-linux-gnu.so
7efe60996000-7efe609b4000 r--p 0012f000 00:62 10229383                   /home/ubuntu/.local/lib/python3.10/site-packages/pandas/_libs/interval.cpython-310-x86_64-linux-gnu.so
7efe609b4000-7efe609b6000 r--p 0014d000 00:62 10229383                   /home/ubuntu/.local/lib/python3.10/site-packages/pandas/_libs/interval.cpython-310-x86_64-linux-gnu.so
7efe609b6000-7efe609bd000 rw-p 0014f000 00:62 10229383                   /home/ubuntu/.local/lib/python3.10/site-packages/pandas/_libs/interval.cpython-310-x86_64-linux-gnu.so
7efe609bd000-7efe609bf000 rw-p 00000000 00:00 0 
7efe609bf000-7efe60bff000 rw-p 00000000 00:00 0 
7efe60bff000-7efe60c00000 ---p 00000000 00:00 0 
7efe60c00000-7efe61400000 rw-p 00000000 00:00 0 
7efe61400000-7efe61c00000 rw-p 00000000 00:00 0 
7efe61c05000-7efe61c08000 r--p 00000000 00:62 10229417                   /home/ubuntu/.local/lib/python3.10/site-packages/pandas/_libs/tslibs/base.cpython-310-x86_64-linux-gnu.so
7efe61c08000-7efe61c0f000 r-xp 00003000 00:62 10229417                   /home/ubuntu/.local/lib/python3.10/site-packages/pandas/_libs/tslibs/base.cpython-310-x86_64-linux-gnu.so
7efe61c0f000-7efe61c11000 r--p 0000a000 00:62 10229417                   /home/ubuntu/.local/lib/python3.10/site-packages/pandas/_libs/tslibs/base.cpython-310-x86_64-linux-gnu.so
7efe61c11000-7efe61c12000 r--p 0000c000 00:62 10229417                   /home/ubuntu/.local/lib/python3.10/site-packages/pandas/_libs/tslibs/base.cpython-310-x86_64-linux-gnu.so
7efe61c12000-7efe61c13000 rw-p 0000d000 00:62 10229417                   /home/ubuntu/.local/lib/python3.10/site-packages/pandas/_libs/tslibs/base.cpython-310-x86_64-linux-gnu.so
7efe61c13000-7efe61c17000 r--p 00000000 00:62 10229418                   /home/ubuntu/.local/lib/python3.10/site-packages/pandas/_libs/tslibs/ccalendar.cpython-310-x86_64-linux-gnu.so
7efe61c17000-7efe61c25000 r-xp 00004000 00:62 10229418                   /home/ubuntu/.local/lib/python3.10/site-packages/pandas/_libs/tslibs/ccalendar.cpython-310-x86_64-linux-gnu.so
7efe61c25000-7efe61c28000 r--p 00012000 00:62 10229418                   /home/ubuntu/.local/lib/python3.10/site-packages/pandas/_libs/tslibs/ccalendar.cpython-310-x86_64-linux-gnu.so
7efe61c28000-7efe61c29000 r--p 00015000 00:62 10229418                   /home/ubuntu/.local/lib/python3.10/site-packages/pandas/_libs/tslibs/ccalendar.cpython-310-x86_64-linux-gnu.so
7efe61c29000-7efe61c2a000 rw-p 00016000 00:62 10229418                   /home/ubuntu/.local/lib/python3.10/site-packages/pandas/_libs/tslibs/ccalendar.cpython-310-x86_64-linux-gnu.so
7efe61c2a000-7efe61c31000 r--p 00000000 00:62 10229422                   /home/ubuntu/.local/lib/python3.10/site-packages/pandas/_libs/tslibs/dtypes.cpython-310-x86_64-linux-gnu.so
7efe61c31000-7efe61c4d000 r-xp 00007000 00:62 10229422                   /home/ubuntu/.local/lib/python3.10/site-packages/pandas/_libs/tslibs/dtypes.cpython-310-x86_64-linux-gnu.so
7efe61c4d000-7efe61c53000 r--p 00023000 00:62 10229422                   /home/ubuntu/.local/lib/python3.10/site-packages/pandas/_libs/tslibs/dtypes.cpython-310-x86_64-linux-gnu.so
7efe61c53000-7efe61c55000 r--p 00029000 00:62 10229422                   /home/ubuntu/.local/lib/python3.10/site-packages/pandas/_libs/tslibs/dtypes.cpython-310-x86_64-linux-gnu.so
7efe61c55000-7efe61c56000 rw-p 0002b000 00:62 10229422                   /home/ubuntu/.local/lib/python3.10/site-packages/pandas/_libs/tslibs/dtypes.cpython-310-x86_64-linux-gnu.so
7efe61c56000-7efe61c58000 rw-p 00000000 00:00 0 
7efe61c58000-7efe61c5e000 r--p 00000000 00:62 10229391                   /home/ubuntu/.local/lib/python3.10/site-packages/pandas/_libs/missing.cpython-310-x86_64-linux-gnu.so
7efe61c5e000-7efe61c7e000 r-xp 00006000 00:62 10229391                   /home/ubuntu/.local/lib/python3.10/site-packages/pandas/_libs/missing.cpython-310-x86_64-linux-gnu.so
7efe61c7e000-7efe61c85000 r--p 00026000 00:62 10229391                   /home/ubuntu/.local/lib/python3.10/site-packages/pandas/_libs/missing.cpython-310-x86_64-linux-gnu.so
7efe61c85000-7efe61c87000 r--p 0002c000 00:62 10229391                   /home/ubuntu/.local/lib/python3.10/site-packages/pandas/_libs/missing.cpython-310-x86_64-linux-gnu.so
7efe61c87000-7efe61c89000 rw-p 0002e000 00:62 10229391                   /home/ubuntu/.local/lib/python3.10/site-packages/pandas/_libs/missing.cpython-310-x86_64-linux-gnu.so
7efe61c89000-7efe61c8a000 rw-p 00000000 00:00 0 
7efe61c8a000-7efe61c8b000 r--p 00000000 00:62 10229397                   /home/ubuntu/.local/lib/python3.10/site-packages/pandas/_libs/pandas_datetime.cpython-310-x86_64-linux-gnu.so
7efe61c8b000-7efe61c91000 r-xp 00001000 00:62 10229397                   /home/ubuntu/.local/lib/python3.10/site-packages/pandas/_libs/pandas_datetime.cpython-310-x86_64-linux-gnu.so
7efe61c91000-7efe61c92000 r--p 00007000 00:62 10229397                   /home/ubuntu/.local/lib/python3.10/site-packages/pandas/_libs/pandas_datetime.cpython-310-x86_64-linux-gnu.so
7efe61c92000-7efe61c93000 r--p 00008000 00:62 10229397                   /home/ubuntu/.local/lib/python3.10/site-packages/pandas/_libs/pandas_datetime.cpython-310-x86_64-linux-gnu.so
7efe61c93000-7efe61c94000 rw-p 00009000 00:62 10229397                   /home/ubuntu/.local/lib/python3.10/site-packages/pandas/_libs/pandas_datetime.cpython-310-x86_64-linux-gnu.so
7efe61c94000-7efe61c96000 r--p 00000000 00:62 10229398                   /home/ubuntu/.local/lib/python3.10/site-packages/pandas/_libs/pandas_parser.cpython-310-x86_64-linux-gnu.so
7efe61c96000-7efe61c9c000 r-xp 00002000 00:62 10229398                   /home/ubuntu/.local/lib/python3.10/site-packages/pandas/_libs/pandas_parser.cpython-310-x86_64-linux-gnu.so
7efe61c9c000-7efe61c9e000 r--p 00008000 00:62 10229398                   /home/ubuntu/.local/lib/python3.10/site-packages/pandas/_libs/pandas_parser.cpython-310-x86_64-linux-gnu.so
7efe61c9e000-7efe61c9f000 r--p 00009000 00:62 10229398                   /home/ubuntu/.local/lib/python3.10/site-packages/pandas/_libs/pandas_parser.cpython-310-x86_64-linux-gnu.so
7efe61c9f000-7efe61ca0000 rw-p 0000a000 00:62 10229398                   /home/ubuntu/.local/lib/python3.10/site-packages/pandas/_libs/pandas_parser.cpython-310-x86_64-linux-gnu.so
7efe61ca0000-7efe61da0000 rw-p 00000000 00:00 0 
7efe61da0000-7efe621df000 r--p 00000000 00:62 10173817                   /home/ubuntu/.local/lib/python3.10/site-packages/pyarrow/libarrow.so.2200
7efe621df000-7efe63e19000 r-xp 0043f000 00:62 10173817                   /home/ubuntu/.local/lib/python3.10/site-packages/pyarrow/libarrow.so.2200
7efe63e19000-7efe64578000 r--p 02079000 00:62 10173817                   /home/ubuntu/.local/lib/python3.10/site-packages/pyarrow/libarrow.so.2200
7efe64578000-7efe64677000 r--p 027d8000 00:62 10173817                   /home/ubuntu/.local/lib/python3.10/site-packages/pyarrow/libarrow.so.2200
7efe64677000-7efe646b2000 rw-p 028d7000 00:62 10173817                   /home/ubuntu/.local/lib/python3.10/site-packages/pyarrow/libarrow.so.2200
7efe646b2000-7efe648dd000 rw-p 00000000 00:00 0 
7efe648dd000-7efe649e6000 r--p 00000000 00:62 10173819                   /home/ubuntu/.local/lib/python3.10/site-packages/pyarrow/libarrow_compute.so.2200
7efe649e6000-7efe654fc000 r-xp 00109000 00:62 10173819                   /home/ubuntu/.local/lib/python3.10/site-packages/pyarrow/libarrow_compute.so.2200
7efe654fc000-7efe65710000 r--p 00c1f000 00:62 10173819                   /home/ubuntu/.local/lib/python3.10/site-packages/pyarrow/libarrow_compute.so.2200
7efe65710000-7efe6572f000 r--p 00e33000 00:62 10173819                   /home/ubuntu/.local/lib/python3.10/site-packages/pyarrow/libarrow_compute.so.2200
7efe6572f000-7efe65734000 rw-p 00e52000 00:62 10173819                   /home/ubuntu/.local/lib/python3.10/site-packages/pyarrow/libarrow_compute.so.2200
7efe65734000-7efe65741000 rw-p 00000000 00:00 0 
7efe65741000-7efe65796000 r--p 00000000 00:62 10173818                   /home/ubuntu/.local/lib/python3.10/site-packages/pyarrow/libarrow_acero.so.2200
7efe65796000-7efe65888000 r-xp 00055000 00:62 10173818                   /home/ubuntu/.local/lib/python3.10/site-packages/pyarrow/libarrow_acero.so.2200
7efe65888000-7efe658c0000 r--p 00147000 00:62 10173818                   /home/ubuntu/.local/lib/python3.10/site-packages/pyarrow/libarrow_acero.so.2200
7efe658c0000-7efe658c6000 r--p 0017e000 00:62 10173818                   /home/ubuntu/.local/lib/python3.10/site-packages/pyarrow/libarrow_acero.so.2200
7efe658c6000-7efe658c9000 rw-p 00184000 00:62 10173818                   /home/ubuntu/.local/lib/python3.10/site-packages/pyarrow/libarrow_acero.so.2200
7efe658c9000-7efe65ac3000 r--p 00000000 00:62 10173832                   /home/ubuntu/.local/lib/python3.10/site-packages/pyarrow/libparquet.so.2200
7efe65ac3000-7efe66057000 r-xp 001fa000 00:62 10173832                   /home/ubuntu/.local/lib/python3.10/site-packages/pyarrow/libparquet.so.2200
7efe66057000-7efe6621a000 r--p 0078e000 00:62 10173832                   /home/ubuntu/.local/lib/python3.10/site-packages/pyarrow/libparquet.so.2200
7efe6621a000-7efe662b5000 r--p 00951000 00:62 10173832                   /home/ubuntu/.local/lib/python3.10/site-packages/pyarrow/libparquet.so.2200
7efe662b5000-7efe662c3000 rw-p 009ec000 00:62 10173832                   /home/ubuntu/.local/lib/python3.10/site-packages/pyarrow/libparquet.so.2200
7efe662c3000-7efe662c7000 rw-p 00000000 00:00 0 
7efe662c7000-7efe6636c000 r--p 00000000 00:62 10173820                   /home/ubuntu/.local/lib/python3.10/site-packages/pyarrow/libarrow_dataset.so.2200
7efe6636c000-7efe66449000 r-xp 000a5000 00:62 10173820                   /home/ubuntu/.local/lib/python3.10/site-packages/pyarrow/libarrow_dataset.so.2200
7efe66449000-7efe6648c000 r--p 00182000 00:62 10173820                   /home/ubuntu/.local/lib/python3.10/site-packages/pyarrow/libarrow_dataset.so.2200
7efe6648c000-7efe66495000 r--p 001c4000 00:62 10173820                   /home/ubuntu/.local/lib/python3.10/site-packages/pyarrow/libarrow_dataset.so.2200
7efe66495000-7efe66497000 rw-p 001cd000 00:62 10173820                   /home/ubuntu/.local/lib/python3.10/site-packages/pyarrow/libarrow_dataset.so.2200
7efe66497000-7efe6650a000 r--p 00000000 00:62 10173831                   /home/ubuntu/.local/lib/python3.10/site-packages/pyarrow/libarrow_substrait.so.2200
7efe6650a000-7efe667f3000 r-xp 00073000 00:62 10173831                   /home/ubuntu/.local/lib/python3.10/site-packages/pyarrow/libarrow_substrait.so.2200
7efe667f3000-7efe668aa000 r--p 0035c000 00:62 10173831                   /home/ubuntu/.local/lib/python3.10/site-packages/pyarrow/libarrow_substrait.so.2200
7efe668aa000-7efe668b7000 r--p 00413000 00:62 10173831                   /home/ubuntu/.local/lib/python3.10/site-packages/pyarrow/libarrow_substrait.so.2200
7efe668b7000-7efe668cd000 rw-p 00420000 00:62 10173831                   /home/ubuntu/.local/lib/python3.10/site-packages/pyarrow/libarrow_substrait.so.2200
7efe668cd000-7efe668cf000 rw-p 00000000 00:00 0 
7efe668cf000-7efe6695a000 r--p 00000000 00:62 10173823                   /home/ubuntu/.local/lib/python3.10/site-packages/pyarrow/libarrow_python.so.2200
7efe6695a000-7efe66a7c000 r-xp 0008b000 00:62 10173823                   /home/ubuntu/.local/lib/python3.10/site-packages/pyarrow/libarrow_python.so.2200
7efe66a7c000-7efe66abf000 r--p 001ad000 00:62 10173823                   /home/ubuntu/.local/lib/python3.10/site-packages/pyarrow/libarrow_python.so.2200
7efe66abf000-7efe66acb000 r--p 001f0000 00:62 10173823                   /home/ubuntu/.local/lib/python3.10/site-packages/pyarrow/libarrow_python.so.2200
7efe66acb000-7efe66ace000 rw-p 001fc000 00:62 10173823                   /home/ubuntu/.local/lib/python3.10/site-packages/pyarrow/libarrow_python.so.2200
7efe66ace000-7efe66b2c000 r--p 00000000 00:62 10173812                   /home/ubuntu/.local/lib/python3.10/site-packages/pyarrow/lib.cpython-310-x86_64-linux-gnu.so
7efe66b2c000-7efe66d7d000 r-xp 0005e000 00:62 10173812                   /home/ubuntu/.local/lib/python3.10/site-packages/pyarrow/lib.cpython-310-x86_64-linux-gnu.so
7efe66d7d000-7efe66e6a000 r--p 002af000 00:62 10173812                   /home/ubuntu/.local/lib/python3.10/site-packages/pyarrow/lib.cpython-310-x86_64-linux-gnu.so
7efe66e6a000-7efe66e79000 r--p 0039b000 00:62 10173812                   /home/ubuntu/.local/lib/python3.10/site-packages/pyarrow/lib.cpython-310-x86_64-linux-gnu.so
7efe66e79000-7efe66ea1000 rw-p 003aa000 00:62 10173812                   /home/ubuntu/.local/lib/python3.10/site-packages/pyarrow/lib.cpython-310-x86_64-linux-gnu.so
7efe66ea1000-7efe66eaf000 rw-p 00000000 00:00 0 
7efe66eaf000-7efe66eb4000 r--p 00000000 00:62 10226752                   /home/ubuntu/.local/lib/python3.10/site-packages/scipy/ndimage/_ni_label.cpython-310-x86_64-linux-gnu.so
7efe66eb4000-7efe66f00000 r-xp 00005000 00:62 10226752                   /home/ubuntu/.local/lib/python3.10/site-packages/scipy/ndimage/_ni_label.cpython-310-x86_64-linux-gnu.so
7efe66f00000-7efe66f09000 r--p 00051000 00:62 10226752                   /home/ubuntu/.local/lib/python3.10/site-packages/scipy/ndimage/_ni_label.cpython-310-x86_64-linux-gnu.so
7efe66f09000-7efe66f0a000 ---p 0005a000 00:62 10226752                   /home/ubuntu/.local/lib/python3.10/site-packages/scipy/ndimage/_ni_label.cpython-310-x86_64-linux-gnu.so
7efe66f0a000-7efe66f0b000 r--p 0005a000 00:62 10226752                   /home/ubuntu/.local/lib/python3.10/site-packages/scipy/ndimage/_ni_label.cpython-310-x86_64-linux-gnu.so
7efe66f0b000-7efe66f0e000 rw-p 0005b000 00:62 10226752                   /home/ubuntu/.local/lib/python3.10/site-packages/scipy/ndimage/_ni_label.cpython-310-x86_64-linux-gnu.so
7efe66f0e000-7efe66f10000 r--p 00000000 00:62 10226766                   /home/ubuntu/.local/lib/python3.10/site-packages/scipy/ndimage/_nd_image.cpython-310-x86_64-linux-gnu.so
7efe66f10000-7efe66f2b000 r-xp 00002000 00:62 10226766                   /home/ubuntu/.local/lib/python3.10/site-packages/scipy/ndimage/_nd_image.cpython-310-x86_64-linux-gnu.so
7efe66f2b000-7efe66f2f000 r--p 0001d000 00:62 10226766                   /home/ubuntu/.local/lib/python3.10/site-packages/scipy/ndimage/_nd_image.cpython-310-x86_64-linux-gnu.so
7efe66f2f000-7efe66f30000 r--p 00020000 00:62 10226766                   /home/ubuntu/.local/lib/python3.10/site-packages/scipy/ndimage/_nd_image.cpython-310-x86_64-linux-gnu.so
7efe66f30000-7efe66f31000 rw-p 00021000 00:62 10226766                   /home/ubuntu/.local/lib/python3.10/site-packages/scipy/ndimage/_nd_image.cpython-310-x86_64-linux-gnu.so
7efe66f31000-7efe67031000 rw-p 00000000 00:00 0 
7efe67031000-7efe67036000 r--p 00000000 00:62 10227388                   /home/ubuntu/.local/lib/python3.10/site-packages/scipy/stats/_rcont/rcont.cpython-310-x86_64-linux-gnu.so
7efe67036000-7efe6705e000 r-xp 00005000 00:62 10227388                   /home/ubuntu/.local/lib/python3.10/site-packages/scipy/stats/_rcont/rcont.cpython-310-x86_64-linux-gnu.so
7efe6705e000-7efe67067000 r--p 0002d000 00:62 10227388                   /home/ubuntu/.local/lib/python3.10/site-packages/scipy/stats/_rcont/rcont.cpython-310-x86_64-linux-gnu.so
7efe67067000-7efe67068000 ---p 00036000 00:62 10227388                   /home/ubuntu/.local/lib/python3.10/site-packages/scipy/stats/_rcont/rcont.cpython-310-x86_64-linux-gnu.so
7efe67068000-7efe67069000 r--p 00036000 00:62 10227388                   /home/ubuntu/.local/lib/python3.10/site-packages/scipy/stats/_rcont/rcont.cpython-310-x86_64-linux-gnu.so
7efe67069000-7efe6706b000 rw-p 00037000 00:62 10227388                   /home/ubuntu/.local/lib/python3.10/site-packages/scipy/stats/_rcont/rcont.cpython-310-x86_64-linux-gnu.so
7efe6706b000-7efe6706c000 rw-p 00000000 00:00 0 
7efe6706c000-7efe6706e000 r--p 00000000 00:62 10227269                   /home/ubuntu/.local/lib/python3.10/site-packages/scipy/stats/_mvn.cpython-310-x86_64-linux-gnu.so
7efe6706e000-7efe67077000 r-xp 00002000 00:62 10227269                   /home/ubuntu/.local/lib/python3.10/site-packages/scipy/stats/_mvn.cpython-310-x86_64-linux-gnu.so
7efe67077000-7efe6707d000 r--p 0000b000 00:62 10227269                   /home/ubuntu/.local/lib/python3.10/site-packages/scipy/stats/_mvn.cpython-310-x86_64-linux-gnu.so
7efe6707d000-7efe6707e000 r--p 00010000 00:62 10227269                   /home/ubuntu/.local/lib/python3.10/site-packages/scipy/stats/_mvn.cpython-310-x86_64-linux-gnu.so
7efe6707e000-7efe67080000 rw-p 00011000 00:62 10227269                   /home/ubuntu/.local/lib/python3.10/site-packages/scipy/stats/_mvn.cpython-310-x86_64-linux-gnu.so
7efe67080000-7efe67177000 rw-p 00000000 00:00 0 
7efe67177000-7efe6717c000 r--p 00000000 00:62 10227257                   /home/ubuntu/.local/lib/python3.10/site-packages/scipy/stats/_ansari_swilk_statistics.cpython-310-x86_64-linux-gnu.so
7efe6717c000-7efe671a9000 r-xp 00005000 00:62 10227257                   /home/ubuntu/.local/lib/python3.10/site-packages/scipy/stats/_ansari_swilk_statistics.cpython-310-x86_64-linux-gnu.so
7efe671a9000-7efe671b1000 r--p 00032000 00:62 10227257                   /home/ubuntu/.local/lib/python3.10/site-packages/scipy/stats/_ansari_swilk_statistics.cpython-310-x86_64-linux-gnu.so
7efe671b1000-7efe671b2000 r--p 00039000 00:62 10227257                   /home/ubuntu/.local/lib/python3.10/site-packages/scipy/stats/_ansari_swilk_statistics.cpython-310-x86_64-linux-gnu.so
7efe671b2000-7efe671b4000 rw-p 0003a000 00:62 10227257                   /home/ubuntu/.local/lib/python3.10/site-packages/scipy/stats/_ansari_swilk_statistics.cpython-310-x86_64-linux-gnu.so
7efe671b4000-7efe672b5000 rw-p 00000000 00:00 0 
7efe672b5000-7efe672b8000 r--p 00000000 00:62 10227390                   /home/ubuntu/.local/lib/python3.10/site-packages/scipy/stats/_levy_stable/levyst.cpython-310-x86_64-linux-gnu.so
7efe672b8000-7efe672bf000 r-xp 00003000 00:62 10227390                   /home/ubuntu/.local/lib/python3.10/site-packages/scipy/stats/_levy_stable/levyst.cpython-310-x86_64-linux-gnu.so
7efe672bf000-7efe672c1000 r--p 0000a000 00:62 10227390                   /home/ubuntu/.local/lib/python3.10/site-packages/scipy/stats/_levy_stable/levyst.cpython-310-x86_64-linux-gnu.so
7efe672c1000-7efe672c2000 r--p 0000b000 00:62 10227390                   /home/ubuntu/.local/lib/python3.10/site-packages/scipy/stats/_levy_stable/levyst.cpython-310-x86_64-linux-gnu.so
7efe672c2000-7efe672c3000 rw-p 0000c000 00:62 10227390                   /home/ubuntu/.local/lib/python3.10/site-packages/scipy/stats/_levy_stable/levyst.cpython-310-x86_64-linux-gnu.so
7efe672c3000-7efe672c7000 r--p 00000000 00:62 10227300                   /home/ubuntu/.local/lib/python3.10/site-packages/scipy/stats/_stats_pythran.cpython-310-x86_64-linux-gnu.so
7efe672c7000-7efe672e1000 r-xp 00004000 00:62 10227300                   /home/ubuntu/.local/lib/python3.10/site-packages/scipy/stats/_stats_pythran.cpython-310-x86_64-linux-gnu.so
7efe672e1000-7efe672e7000 r--p 0001e000 00:62 10227300                   /home/ubuntu/.local/lib/python3.10/site-packages/scipy/stats/_stats_pythran.cpython-310-x86_64-linux-gnu.so
7efe672e7000-7efe672e8000 r--p 00023000 00:62 10227300                   /home/ubuntu/.local/lib/python3.10/site-packages/scipy/stats/_stats_pythran.cpython-310-x86_64-linux-gnu.so
7efe672e8000-7efe672e9000 rw-p 00024000 00:62 10227300                   /home/ubuntu/.local/lib/python3.10/site-packages/scipy/stats/_stats_pythran.cpython-310-x86_64-linux-gnu.so
7efe672e9000-7efe672ee000 r--p 00000000 00:62 10227279                   /home/ubuntu/.local/lib/python3.10/site-packages/scipy/stats/_biasedurn.cpython-310-x86_64-linux-gnu.so
7efe672ee000-7efe67318000 r-xp 00005000 00:62 10227279                   /home/ubuntu/.local/lib/python3.10/site-packages/scipy/stats/_biasedurn.cpython-310-x86_64-linux-gnu.so
7efe67318000-7efe67324000 r--p 0002f000 00:62 10227279                   /home/ubuntu/.local/lib/python3.10/site-packages/scipy/stats/_biasedurn.cpython-310-x86_64-linux-gnu.so
7efe67324000-7efe67325000 r--p 0003a000 00:62 10227279                   /home/ubuntu/.local/lib/python3.10/site-packages/scipy/stats/_biasedurn.cpython-310-x86_64-linux-gnu.so
7efe67325000-7efe67328000 rw-p 0003b000 00:62 10227279                   /home/ubuntu/.local/lib/python3.10/site-packages/scipy/stats/_biasedurn.cpython-310-x86_64-linux-gnu.so
7efe67328000-7efe6742b000 rw-p 00000000 00:00 0 
7efe6742b000-7efe67431000 r--p 00000000 00:62 10227315                   /home/ubuntu/.local/lib/python3.10/site-packages/scipy/stats/_qmc_cy.cpython-310-x86_64-linux-gnu.so
7efe67431000-7efe6745c000 r-xp 00006000 00:62 10227315                   /home/ubuntu/.local/lib/python3.10/site-packages/scipy/stats/_qmc_cy.cpython-310-x86_64-linux-gnu.so
7efe6745c000-7efe67465000 r--p 00031000 00:62 10227315                   /home/ubuntu/.local/lib/python3.10/site-packages/scipy/stats/_qmc_cy.cpython-310-x86_64-linux-gnu.so
7efe67465000-7efe67466000 r--p 00039000 00:62 10227315                   /home/ubuntu/.local/lib/python3.10/site-packages/scipy/stats/_qmc_cy.cpython-310-x86_64-linux-gnu.so
7efe67466000-7efe67468000 rw-p 0003a000 00:62 10227315                   /home/ubuntu/.local/lib/python3.10/site-packages/scipy/stats/_qmc_cy.cpython-310-x86_64-linux-gnu.so
7efe67468000-7efe67469000 rw-p 00000000 00:00 0 
7efe67469000-7efe6746e000 r--p 00000000 00:62 10227297                   /home/ubuntu/.local/lib/python3.10/site-packages/scipy/stats/_sobol.cpython-310-x86_64-linux-gnu.so
7efe6746e000-7efe674b6000 r-xp 00005000 00:62 10227297                   /home/ubuntu/.local/lib/python3.10/site-packages/scipy/stats/_sobol.cpython-310-x86_64-linux-gnu.so
7efe674b6000-7efe674c0000 r--p 0004d000 00:62 10227297                   /home/ubuntu/.local/lib/python3.10/site-packages/scipy/stats/_sobol.cpython-310-x86_64-linux-gnu.so
7efe674c0000-7efe674c1000 r--p 00056000 00:62 10227297                   /home/ubuntu/.local/lib/python3.10/site-packages/scipy/stats/_sobol.cpython-310-x86_64-linux-gnu.so
7efe674c1000-7efe674c4000 rw-p 00057000 00:62 10227297                   /home/ubuntu/.local/lib/python3.10/site-packages/scipy/stats/_sobol.cpython-310-x86_64-linux-gnu.so
7efe674c4000-7efe675c4000 rw-p 00000000 00:00 0 
7efe675c4000-7efe675d2000 r--p 00000000 00:62 10226464                   /home/ubuntu/.local/lib/python3.10/site-packages/scipy/special/cython_special.cpython-310-x86_64-linux-gnu.so
7efe675d2000-7efe67897000 r-xp 0000e000 00:62 10226464                   /home/ubuntu/.local/lib/python3.10/site-packages/scipy/special/cython_special.cpython-310-x86_64-linux-gnu.so
7efe67897000-7efe678df000 r--p 002d3000 00:62 10226464                   /home/ubuntu/.local/lib/python3.10/site-packages/scipy/special/cython_special.cpython-310-x86_64-linux-gnu.so
7efe678df000-7efe678e0000 r--p 0031a000 00:62 10226464                   /home/ubuntu/.local/lib/python3.10/site-packages/scipy/special/cython_special.cpython-310-x86_64-linux-gnu.so
7efe678e0000-7efe678e5000 rw-p 0031b000 00:62 10226464                   /home/ubuntu/.local/lib/python3.10/site-packages/scipy/special/cython_special.cpython-310-x86_64-linux-gnu.so
7efe678e5000-7efe678e8000 rw-p 00000000 00:00 0 
7efe678e8000-7efe678ee000 r--p 00000000 00:62 10227263                   /home/ubuntu/.local/lib/python3.10/site-packages/scipy/stats/_stats.cpython-310-x86_64-linux-gnu.so
7efe678ee000-7efe67982000 r-xp 00006000 00:62 10227263                   /home/ubuntu/.local/lib/python3.10/site-packages/scipy/stats/_stats.cpython-310-x86_64-linux-gnu.so
7efe67982000-7efe67990000 r--p 0009a000 00:62 10227263                   /home/ubuntu/.local/lib/python3.10/site-packages/scipy/stats/_stats.cpython-310-x86_64-linux-gnu.so
7efe67990000-7efe67991000 r--p 000a7000 00:62 10227263                   /home/ubuntu/.local/lib/python3.10/site-packages/scipy/stats/_stats.cpython-310-x86_64-linux-gnu.so
7efe67991000-7efe67994000 rw-p 000a8000 00:62 10227263                   /home/ubuntu/.local/lib/python3.10/site-packages/scipy/stats/_stats.cpython-310-x86_64-linux-gnu.so
7efe67994000-7efe67996000 rw-p 00000000 00:00 0 
7efe67996000-7efe6799c000 r--p 00000000 00:62 10227514                   /home/ubuntu/.local/lib/python3.10/site-packages/scipy/interpolate/_bspl.cpython-310-x86_64-linux-gnu.so
7efe6799c000-7efe679d2000 r-xp 00006000 00:62 10227514                   /home/ubuntu/.local/lib/python3.10/site-packages/scipy/interpolate/_bspl.cpython-310-x86_64-linux-gnu.so
7efe679d2000-7efe679df000 r--p 0003c000 00:62 10227514                   /home/ubuntu/.local/lib/python3.10/site-packages/scipy/interpolate/_bspl.cpython-310-x86_64-linux-gnu.so
7efe679df000-7efe679e0000 r--p 00048000 00:62 10227514                   /home/ubuntu/.local/lib/python3.10/site-packages/scipy/interpolate/_bspl.cpython-310-x86_64-linux-gnu.so
7efe679e0000-7efe679e2000 rw-p 00049000 00:62 10227514                   /home/ubuntu/.local/lib/python3.10/site-packages/scipy/interpolate/_bspl.cpython-310-x86_64-linux-gnu.so
7efe679e2000-7efe679e3000 rw-p 00000000 00:00 0 
7efe679e3000-7efe679e6000 rw-p 0005f000 00:62 10227514                   /home/ubuntu/.local/lib/python3.10/site-packages/scipy/interpolate/_bspl.cpython-310-x86_64-linux-gnu.so
7efe679e6000-7efe679e8000 rw-p 00062000 00:62 10227514                   /home/ubuntu/.local/lib/python3.10/site-packages/scipy/interpolate/_bspl.cpython-310-x86_64-linux-gnu.so
7efe679e8000-7efe679ed000 r--p 00000000 00:62 10227517                   /home/ubuntu/.local/lib/python3.10/site-packages/scipy/interpolate/_rgi_cython.cpython-310-x86_64-linux-gnu.so
7efe679ed000-7efe67a1e000 r-xp 00005000 00:62 10227517                   /home/ubuntu/.local/lib/python3.10/site-packages/scipy/interpolate/_rgi_cython.cpython-310-x86_64-linux-gnu.so
7efe67a1e000-7efe67a26000 r--p 00036000 00:62 10227517                   /home/ubuntu/.local/lib/python3.10/site-packages/scipy/interpolate/_rgi_cython.cpython-310-x86_64-linux-gnu.so
7efe67a26000-7efe67a27000 r--p 0003d000 00:62 10227517                   /home/ubuntu/.local/lib/python3.10/site-packages/scipy/interpolate/_rgi_cython.cpython-310-x86_64-linux-gnu.so
7efe67a27000-7efe67a29000 rw-p 0003e000 00:62 10227517                   /home/ubuntu/.local/lib/python3.10/site-packages/scipy/interpolate/_rgi_cython.cpython-310-x86_64-linux-gnu.so
7efe67a29000-7efe67a2a000 rw-p 00000000 00:00 0 
7efe67a2a000-7efe67a2e000 r--p 00000000 00:62 10227507                   /home/ubuntu/.local/lib/python3.10/site-packages/scipy/interpolate/_rbfinterp_pythran.cpython-310-x86_64-linux-gnu.so
7efe67a2e000-7efe67a59000 r-xp 00004000 00:62 10227507                   /home/ubuntu/.local/lib/python3.10/site-packages/scipy/interpolate/_rbfinterp_pythran.cpython-310-x86_64-linux-gnu.so
7efe67a59000-7efe67a5f000 r--p 0002f000 00:62 10227507                   /home/ubuntu/.local/lib/python3.10/site-packages/scipy/interpolate/_rbfinterp_pythran.cpython-310-x86_64-linux-gnu.so
7efe67a5f000-7efe67a60000 r--p 00034000 00:62 10227507                   /home/ubuntu/.local/lib/python3.10/site-packages/scipy/interpolate/_rbfinterp_pythran.cpython-310-x86_64-linux-gnu.so
7efe67a60000-7efe67a61000 rw-p 00035000 00:62 10227507                   /home/ubuntu/.local/lib/python3.10/site-packages/scipy/interpolate/_rbfinterp_pythran.cpython-310-x86_64-linux-gnu.so
7efe67a61000-7efe67b61000 rw-p 00000000 00:00 0 
7efe67b61000-7efe67b67000 r--p 00000000 00:62 10227521                   /home/ubuntu/.local/lib/python3.10/site-packages/scipy/interpolate/_interpnd.cpython-310-x86_64-linux-gnu.so
7efe67b67000-7efe67bb7000 r-xp 00006000 00:62 10227521                   /home/ubuntu/.local/lib/python3.10/site-packages/scipy/interpolate/_interpnd.cpython-310-x86_64-linux-gnu.so
7efe67bb7000-7efe67bc3000 r--p 00056000 00:62 10227521                   /home/ubuntu/.local/lib/python3.10/site-packages/scipy/interpolate/_interpnd.cpython-310-x86_64-linux-gnu.so
7efe67bc3000-7efe67bc4000 r--p 00061000 00:62 10227521                   /home/ubuntu/.local/lib/python3.10/site-packages/scipy/interpolate/_interpnd.cpython-310-x86_64-linux-gnu.so
7efe67bc4000-7efe67bc7000 rw-p 00062000 00:62 10227521                   /home/ubuntu/.local/lib/python3.10/site-packages/scipy/interpolate/_interpnd.cpython-310-x86_64-linux-gnu.so
7efe67bc7000-7efe67bc8000 rw-p 00000000 00:00 0 
7efe67bc8000-7efe67bcd000 r--p 00000000 00:62 10227494                   /home/ubuntu/.local/lib/python3.10/site-packages/scipy/interpolate/_ppoly.cpython-310-x86_64-linux-gnu.so
7efe67bcd000-7efe67c23000 r-xp 00005000 00:62 10227494                   /home/ubuntu/.local/lib/python3.10/site-packages/scipy/interpolate/_ppoly.cpython-310-x86_64-linux-gnu.so
7efe67c23000-7efe67c2e000 r--p 0005b000 00:62 10227494                   /home/ubuntu/.local/lib/python3.10/site-packages/scipy/interpolate/_ppoly.cpython-310-x86_64-linux-gnu.so
7efe67c2e000-7efe67c2f000 r--p 00065000 00:62 10227494                   /home/ubuntu/.local/lib/python3.10/site-packages/scipy/interpolate/_ppoly.cpython-310-x86_64-linux-gnu.so
7efe67c2f000-7efe67c31000 rw-p 00066000 00:62 10227494                   /home/ubuntu/.local/lib/python3.10/site-packages/scipy/interpolate/_ppoly.cpython-310-x86_64-linux-gnu.so
7efe67c31000-7efe67c32000 rw-p 00000000 00:00 0 
7efe67c32000-7efe67c35000 r--p 00000000 00:62 10227515                   /home/ubuntu/.local/lib/python3.10/site-packages/scipy/interpolate/_dierckx.cpython-310-x86_64-linux-gnu.so
7efe67c35000-7efe67c41000 r-xp 00003000 00:62 10227515                   /home/ubuntu/.local/lib/python3.10/site-packages/scipy/interpolate/_dierckx.cpython-310-x86_64-linux-gnu.so
7efe67c41000-7efe67c46000 r--p 0000f000 00:62 10227515                   /home/ubuntu/.local/lib/python3.10/site-packages/scipy/interpolate/_dierckx.cpython-310-x86_64-linux-gnu.so
7efe67c46000-7efe67c47000 r--p 00013000 00:62 10227515                   /home/ubuntu/.local/lib/python3.10/site-packages/scipy/interpolate/_dierckx.cpython-310-x86_64-linux-gnu.so
7efe67c47000-7efe67c49000 rw-p 00014000 00:62 10227515                   /home/ubuntu/.local/lib/python3.10/site-packages/scipy/interpolate/_dierckx.cpython-310-x86_64-linux-gnu.so
7efe67c49000-7efe67c4b000 rw-p 00020000 00:62 10227515                   /home/ubuntu/.local/lib/python3.10/site-packages/scipy/interpolate/_dierckx.cpython-310-x86_64-linux-gnu.so
7efe67c4b000-7efe67c4c000 rw-p 00022000 00:62 10227515                   /home/ubuntu/.local/lib/python3.10/site-packages/scipy/interpolate/_dierckx.cpython-310-x86_64-linux-gnu.so
7efe67c4c000-7efe67c50000 r--p 00000000 00:62 10227502                   /home/ubuntu/.local/lib/python3.10/site-packages/scipy/interpolate/_dfitpack.cpython-310-x86_64-linux-gnu.so
7efe67c50000-7efe67c86000 r-xp 00004000 00:62 10227502                   /home/ubuntu/.local/lib/python3.10/site-packages/scipy/interpolate/_dfitpack.cpython-310-x86_64-linux-gnu.so
7efe67c86000-7efe67c92000 r--p 0003a000 00:62 10227502                   /home/ubuntu/.local/lib/python3.10/site-packages/scipy/interpolate/_dfitpack.cpython-310-x86_64-linux-gnu.so
7efe67c92000-7efe67c93000 ---p 00046000 00:62 10227502                   /home/ubuntu/.local/lib/python3.10/site-packages/scipy/interpolate/_dfitpack.cpython-310-x86_64-linux-gnu.so
7efe67c93000-7efe67c94000 r--p 00046000 00:62 10227502                   /home/ubuntu/.local/lib/python3.10/site-packages/scipy/interpolate/_dfitpack.cpython-310-x86_64-linux-gnu.so
7efe67c94000-7efe67c9c000 rw-p 00047000 00:62 10227502                   /home/ubuntu/.local/lib/python3.10/site-packages/scipy/interpolate/_dfitpack.cpython-310-x86_64-linux-gnu.so
7efe67c9c000-7efe67c9e000 rw-p 00052000 00:62 10227502                   /home/ubuntu/.local/lib/python3.10/site-packages/scipy/interpolate/_dfitpack.cpython-310-x86_64-linux-gnu.so
7efe67c9e000-7efe67c9f000 rw-p 00054000 00:62 10227502                   /home/ubuntu/.local/lib/python3.10/site-packages/scipy/interpolate/_dfitpack.cpython-310-x86_64-linux-gnu.so
7efe67c9f000-7efe67ca0000 r--p 00000000 00:62 10227498                   /home/ubuntu/.local/lib/python3.10/site-packages/scipy/interpolate/_fitpack.cpython-310-x86_64-linux-gnu.so
7efe67ca0000-7efe67cb0000 r-xp 00001000 00:62 10227498                   /home/ubuntu/.local/lib/python3.10/site-packages/scipy/interpolate/_fitpack.cpython-310-x86_64-linux-gnu.so
7efe67cb0000-7efe67cb2000 r--p 00011000 00:62 10227498                   /home/ubuntu/.local/lib/python3.10/site-packages/scipy/interpolate/_fitpack.cpython-310-x86_64-linux-gnu.so
7efe67cb2000-7efe67cb3000 r--p 00012000 00:62 10227498                   /home/ubuntu/.local/lib/python3.10/site-packages/scipy/interpolate/_fitpack.cpython-310-x86_64-linux-gnu.so
7efe67cb3000-7efe67cb4000 rw-p 00013000 00:62 10227498                   /home/ubuntu/.local/lib/python3.10/site-packages/scipy/interpolate/_fitpack.cpython-310-x86_64-linux-gnu.so
7efe67cb4000-7efe67cb5000 rw-p 00015000 00:62 10227498                   /home/ubuntu/.local/lib/python3.10/site-packages/scipy/interpolate/_fitpack.cpython-310-x86_64-linux-gnu.so
7efe67cb5000-7efe67cb6000 rw-p 00016000 00:62 10227498                   /home/ubuntu/.local/lib/python3.10/site-packages/scipy/interpolate/_fitpack.cpython-310-x86_64-linux-gnu.so
7efe67cb6000-7efe67db6000 rw-p 00000000 00:00 0 
7efe67db6000-7efe67dd2000 r--p 00000000 00:62 10226100                   /home/ubuntu/.local/lib/python3.10/site-packages/scipy/integrate/_lsoda.cpython-310-x86_64-linux-gnu.so
7efe67dd2000-7efe67ded000 r-xp 0001c000 00:62 10226100                   /home/ubuntu/.local/lib/python3.10/site-packages/scipy/integrate/_lsoda.cpython-310-x86_64-linux-gnu.so
7efe67ded000-7efe67dfc000 r--p 00037000 00:62 10226100                   /home/ubuntu/.local/lib/python3.10/site-packages/scipy/integrate/_lsoda.cpython-310-x86_64-linux-gnu.so
7efe67dfc000-7efe67dfd000 ---p 00046000 00:62 10226100                   /home/ubuntu/.local/lib/python3.10/site-packages/scipy/integrate/_lsoda.cpython-310-x86_64-linux-gnu.so
7efe67dfd000-7efe67dfe000 r--p 00046000 00:62 10226100                   /home/ubuntu/.local/lib/python3.10/site-packages/scipy/integrate/_lsoda.cpython-310-x86_64-linux-gnu.so
7efe67dfe000-7efe67e03000 rw-p 00047000 00:62 10226100                   /home/ubuntu/.local/lib/python3.10/site-packages/scipy/integrate/_lsoda.cpython-310-x86_64-linux-gnu.so
7efe67e03000-7efe67e14000 rw-p 00067000 00:62 10226100                   /home/ubuntu/.local/lib/python3.10/site-packages/scipy/integrate/_lsoda.cpython-310-x86_64-linux-gnu.so
7efe67e14000-7efe67e1b000 rw-p 00078000 00:62 10226100                   /home/ubuntu/.local/lib/python3.10/site-packages/scipy/integrate/_lsoda.cpython-310-x86_64-linux-gnu.so
7efe67e1b000-7efe67e1e000 r--p 00000000 00:62 10226101                   /home/ubuntu/.local/lib/python3.10/site-packages/scipy/integrate/_dop.cpython-310-x86_64-linux-gnu.so
7efe67e1e000-7efe67e2c000 r-xp 00003000 00:62 10226101                   /home/ubuntu/.local/lib/python3.10/site-packages/scipy/integrate/_dop.cpython-310-x86_64-linux-gnu.so
7efe67e2c000-7efe67e30000 r--p 00011000 00:62 10226101                   /home/ubuntu/.local/lib/python3.10/site-packages/scipy/integrate/_dop.cpython-310-x86_64-linux-gnu.so
7efe67e30000-7efe67e31000 r--p 00014000 00:62 10226101                   /home/ubuntu/.local/lib/python3.10/site-packages/scipy/integrate/_dop.cpython-310-x86_64-linux-gnu.so
7efe67e31000-7efe67e33000 rw-p 00015000 00:62 10226101                   /home/ubuntu/.local/lib/python3.10/site-packages/scipy/integrate/_dop.cpython-310-x86_64-linux-gnu.so
7efe67e33000-7efe67e35000 rw-p 0001a000 00:62 10226101                   /home/ubuntu/.local/lib/python3.10/site-packages/scipy/integrate/_dop.cpython-310-x86_64-linux-gnu.so
7efe67e35000-7efe67e36000 rw-p 0001c000 00:62 10226101                   /home/ubuntu/.local/lib/python3.10/site-packages/scipy/integrate/_dop.cpython-310-x86_64-linux-gnu.so
7efe67e36000-7efe67e52000 r--p 00000000 00:62 10226111                   /home/ubuntu/.local/lib/python3.10/site-packages/scipy/integrate/_vode.cpython-310-x86_64-linux-gnu.so
7efe67e52000-7efe67e77000 r-xp 0001c000 00:62 10226111                   /home/ubuntu/.local/lib/python3.10/site-packages/scipy/integrate/_vode.cpython-310-x86_64-linux-gnu.so
7efe67e77000-7efe67e88000 r--p 00041000 00:62 10226111                   /home/ubuntu/.local/lib/python3.10/site-packages/scipy/integrate/_vode.cpython-310-x86_64-linux-gnu.so
7efe67e88000-7efe67e89000 r--p 00051000 00:62 10226111                   /home/ubuntu/.local/lib/python3.10/site-packages/scipy/integrate/_vode.cpython-310-x86_64-linux-gnu.so
7efe67e89000-7efe67e8e000 rw-p 00052000 00:62 10226111                   /home/ubuntu/.local/lib/python3.10/site-packages/scipy/integrate/_vode.cpython-310-x86_64-linux-gnu.so
7efe67e8e000-7efe67e9f000 rw-p 00073000 00:62 10226111                   /home/ubuntu/.local/lib/python3.10/site-packages/scipy/integrate/_vode.cpython-310-x86_64-linux-gnu.so
7efe67e9f000-7efe67ea6000 rw-p 00084000 00:62 10226111                   /home/ubuntu/.local/lib/python3.10/site-packages/scipy/integrate/_vode.cpython-310-x86_64-linux-gnu.so
7efe67ea6000-7efe67ea8000 r--p 00000000 00:62 10226112                   /home/ubuntu/.local/lib/python3.10/site-packages/scipy/integrate/_quadpack.cpython-310-x86_64-linux-gnu.so
7efe67ea8000-7efe67ebc000 r-xp 00002000 00:62 10226112                   /home/ubuntu/.local/lib/python3.10/site-packages/scipy/integrate/_quadpack.cpython-310-x86_64-linux-gnu.so
7efe67ebc000-7efe67ebf000 r--p 00016000 00:62 10226112                   /home/ubuntu/.local/lib/python3.10/site-packages/scipy/integrate/_quadpack.cpython-310-x86_64-linux-gnu.so
7efe67ebf000-7efe67ec0000 r--p 00018000 00:62 10226112                   /home/ubuntu/.local/lib/python3.10/site-packages/scipy/integrate/_quadpack.cpython-310-x86_64-linux-gnu.so
7efe67ec0000-7efe67ec1000 rw-p 00019000 00:62 10226112                   /home/ubuntu/.local/lib/python3.10/site-packages/scipy/integrate/_quadpack.cpython-310-x86_64-linux-gnu.so
7efe67ec1000-7efe67edc000 r--p 00000000 00:62 10226108                   /home/ubuntu/.local/lib/python3.10/site-packages/scipy/integrate/_odepack.cpython-310-x86_64-linux-gnu.so
7efe67edc000-7efe67ef4000 r-xp 0001b000 00:62 10226108                   /home/ubuntu/.local/lib/python3.10/site-packages/scipy/integrate/_odepack.cpython-310-x86_64-linux-gnu.so
7efe67ef4000-7efe67f02000 r--p 00033000 00:62 10226108                   /home/ubuntu/.local/lib/python3.10/site-packages/scipy/integrate/_odepack.cpython-310-x86_64-linux-gnu.so
7efe67f02000-7efe67f03000 r--p 00040000 00:62 10226108                   /home/ubuntu/.local/lib/python3.10/site-packages/scipy/integrate/_odepack.cpython-310-x86_64-linux-gnu.so
7efe67f03000-7efe67f07000 rw-p 00041000 00:62 10226108                   /home/ubuntu/.local/lib/python3.10/site-packages/scipy/integrate/_odepack.cpython-310-x86_64-linux-gnu.so
7efe67f07000-7efe67f08000 rw-p 00000000 00:00 0 
7efe67f08000-7efe67f18000 rw-p 0005f000 00:62 10226108                   /home/ubuntu/.local/lib/python3.10/site-packages/scipy/integrate/_odepack.cpython-310-x86_64-linux-gnu.so
7efe67f18000-7efe67f1e000 rw-p 0006f000 00:62 10226108                   /home/ubuntu/.local/lib/python3.10/site-packages/scipy/integrate/_odepack.cpython-310-x86_64-linux-gnu.so
7efe67f1e000-7efe67f23000 r--p 00000000 00:62 10226218                   /home/ubuntu/.local/lib/python3.10/site-packages/scipy/optimize/_pava_pybind.cpython-310-x86_64-linux-gnu.so
7efe67f23000-7efe67f3c000 r-xp 00005000 00:62 10226218                   /home/ubuntu/.local/lib/python3.10/site-packages/scipy/optimize/_pava_pybind.cpython-310-x86_64-linux-gnu.so
7efe67f3c000-7efe67f45000 r--p 0001e000 00:62 10226218                   /home/ubuntu/.local/lib/python3.10/site-packages/scipy/optimize/_pava_pybind.cpython-310-x86_64-linux-gnu.so
7efe67f45000-7efe67f46000 r--p 00026000 00:62 10226218                   /home/ubuntu/.local/lib/python3.10/site-packages/scipy/optimize/_pava_pybind.cpython-310-x86_64-linux-gnu.so
7efe67f46000-7efe67f47000 rw-p 00027000 00:62 10226218                   /home/ubuntu/.local/lib/python3.10/site-packages/scipy/optimize/_pava_pybind.cpython-310-x86_64-linux-gnu.so
7efe67f47000-7efe68047000 rw-p 00000000 00:00 0 
7efe68047000-7efe6804d000 r--p 00000000 00:62 10226214                   /home/ubuntu/.local/lib/python3.10/site-packages/scipy/optimize/_bglu_dense.cpython-310-x86_64-linux-gnu.so
7efe6804d000-7efe68088000 r-xp 00006000 00:62 10226214                   /home/ubuntu/.local/lib/python3.10/site-packages/scipy/optimize/_bglu_dense.cpython-310-x86_64-linux-gnu.so
7efe68088000-7efe68092000 r--p 00041000 00:62 10226214                   /home/ubuntu/.local/lib/python3.10/site-packages/scipy/optimize/_bglu_dense.cpython-310-x86_64-linux-gnu.so
7efe68092000-7efe68093000 ---p 0004b000 00:62 10226214                   /home/ubuntu/.local/lib/python3.10/site-packages/scipy/optimize/_bglu_dense.cpython-310-x86_64-linux-gnu.so
7efe68093000-7efe68094000 r--p 0004b000 00:62 10226214                   /home/ubuntu/.local/lib/python3.10/site-packages/scipy/optimize/_bglu_dense.cpython-310-x86_64-linux-gnu.so
7efe68094000-7efe68097000 rw-p 0004c000 00:62 10226214                   /home/ubuntu/.local/lib/python3.10/site-packages/scipy/optimize/_bglu_dense.cpython-310-x86_64-linux-gnu.so
7efe68097000-7efe68098000 rw-p 00000000 00:00 0 
7efe68098000-7efe6809f000 r--p 00000000 00:62 10227483                   /home/ubuntu/.local/lib/python3.10/site-packages/scipy/fft/_pocketfft/pypocketfft.cpython-310-x86_64-linux-gnu.so
7efe6809f000-7efe68178000 r-xp 00007000 00:62 10227483                   /home/ubuntu/.local/lib/python3.10/site-packages/scipy/fft/_pocketfft/pypocketfft.cpython-310-x86_64-linux-gnu.so
7efe68178000-7efe68192000 r--p 000e0000 00:62 10227483                   /home/ubuntu/.local/lib/python3.10/site-packages/scipy/fft/_pocketfft/pypocketfft.cpython-310-x86_64-linux-gnu.so
7efe68192000-7efe68193000 ---p 000fa000 00:62 10227483                   /home/ubuntu/.local/lib/python3.10/site-packages/scipy/fft/_pocketfft/pypocketfft.cpython-310-x86_64-linux-gnu.so
7efe68193000-7efe68194000 r--p 000fa000 00:62 10227483                   /home/ubuntu/.local/lib/python3.10/site-packages/scipy/fft/_pocketfft/pypocketfft.cpython-310-x86_64-linux-gnu.so
7efe68194000-7efe68195000 rw-p 000fb000 00:62 10227483                   /home/ubuntu/.local/lib/python3.10/site-packages/scipy/fft/_pocketfft/pypocketfft.cpython-310-x86_64-linux-gnu.so
7efe68195000-7efe68197000 rw-p 00000000 00:00 0 
7efe68197000-7efe6819b000 r--p 00000000 00:62 10226661                   /home/ubuntu/.local/lib/python3.10/site-packages/scipy/_lib/_uarray/_uarray.cpython-310-x86_64-linux-gnu.so
7efe6819b000-7efe681ae000 r-xp 00004000 00:62 10226661                   /home/ubuntu/.local/lib/python3.10/site-packages/scipy/_lib/_uarray/_uarray.cpython-310-x86_64-linux-gnu.so
7efe681ae000-7efe681b4000 r--p 00017000 00:62 10226661                   /home/ubuntu/.local/lib/python3.10/site-packages/scipy/_lib/_uarray/_uarray.cpython-310-x86_64-linux-gnu.so
7efe681b4000-7efe681b5000 r--p 0001c000 00:62 10226661                   /home/ubuntu/.local/lib/python3.10/site-packages/scipy/_lib/_uarray/_uarray.cpython-310-x86_64-linux-gnu.so
7efe681b5000-7efe681b6000 rw-p 0001d000 00:62 10226661                   /home/ubuntu/.local/lib/python3.10/site-packages/scipy/_lib/_uarray/_uarray.cpython-310-x86_64-linux-gnu.so
7efe681b6000-7efe681bb000 r--p 00000000 00:62 10226387                   /home/ubuntu/.local/lib/python3.10/site-packages/scipy/linalg/_decomp_interpolative.cpython-310-x86_64-linux-gnu.so
7efe681bb000-7efe68298000 r-xp 00005000 00:62 10226387                   /home/ubuntu/.local/lib/python3.10/site-packages/scipy/linalg/_decomp_interpolative.cpython-310-x86_64-linux-gnu.so
7efe68298000-7efe682a5000 r--p 000e2000 00:62 10226387                   /home/ubuntu/.local/lib/python3.10/site-packages/scipy/linalg/_decomp_interpolative.cpython-310-x86_64-linux-gnu.so
7efe682a5000-7efe682a6000 r--p 000ee000 00:62 10226387                   /home/ubuntu/.local/lib/python3.10/site-packages/scipy/linalg/_decomp_interpolative.cpython-310-x86_64-linux-gnu.so
7efe682a6000-7efe682a8000 rw-p 000ef000 00:62 10226387                   /home/ubuntu/.local/lib/python3.10/site-packages/scipy/linalg/_decomp_interpolative.cpython-310-x86_64-linux-gnu.so
7efe682a8000-7efe682aa000 rw-p 00000000 00:00 0 
7efe682aa000-7efe682b0000 r--p 00000000 00:62 10226226                   /home/ubuntu/.local/lib/python3.10/site-packages/scipy/optimize/_highspy/_highs_options.cpython-310-x86_64-linux-gnu.so
7efe682b0000-7efe682e5000 r-xp 00006000 00:62 10226226                   /home/ubuntu/.local/lib/python3.10/site-packages/scipy/optimize/_highspy/_highs_options.cpython-310-x86_64-linux-gnu.so
7efe682e5000-7efe682f6000 r--p 0003b000 00:62 10226226                   /home/ubuntu/.local/lib/python3.10/site-packages/scipy/optimize/_highspy/_highs_options.cpython-310-x86_64-linux-gnu.so
7efe682f6000-7efe682f7000 r--p 0004b000 00:62 10226226                   /home/ubuntu/.local/lib/python3.10/site-packages/scipy/optimize/_highspy/_highs_options.cpython-310-x86_64-linux-gnu.so
7efe682f7000-7efe682f8000 rw-p 0004c000 00:62 10226226                   /home/ubuntu/.local/lib/python3.10/site-packages/scipy/optimize/_highspy/_highs_options.cpython-310-x86_64-linux-gnu.so
7efe682f8000-7efe6830a000 r--p 00000000 00:62 10226225                   /home/ubuntu/.local/lib/python3.10/site-packages/scipy/optimize/_highspy/_core.cpython-310-x86_64-linux-gnu.so
7efe6830a000-7efe686f7000 r-xp 00012000 00:62 10226225                   /home/ubuntu/.local/lib/python3.10/site-packages/scipy/optimize/_highspy/_core.cpython-310-x86_64-linux-gnu.so
7efe686f7000-7efe68798000 r--p 003ff000 00:62 10226225                   /home/ubuntu/.local/lib/python3.10/site-packages/scipy/optimize/_highspy/_core.cpython-310-x86_64-linux-gnu.so
7efe68798000-7efe6879d000 r--p 0049f000 00:62 10226225                   /home/ubuntu/.local/lib/python3.10/site-packages/scipy/optimize/_highspy/_core.cpython-310-x86_64-linux-gnu.so
7efe6879d000-7efe6879e000 rw-p 004a4000 00:62 10226225                   /home/ubuntu/.local/lib/python3.10/site-packages/scipy/optimize/_highspy/_core.cpython-310-x86_64-linux-gnu.so
7efe6879e000-7efe687a3000 rw-p 00000000 00:00 0 
7efe687a3000-7efe687a6000 r--p 00000000 00:62 10226186                   /home/ubuntu/.local/lib/python3.10/site-packages/scipy/optimize/_cython_nnls.cpython-310-x86_64-linux-gnu.so
7efe687a6000-7efe687b8000 r-xp 00003000 00:62 10226186                   /home/ubuntu/.local/lib/python3.10/site-packages/scipy/optimize/_cython_nnls.cpython-310-x86_64-linux-gnu.so
7efe687b8000-7efe687bc000 r--p 00015000 00:62 10226186                   /home/ubuntu/.local/lib/python3.10/site-packages/scipy/optimize/_cython_nnls.cpython-310-x86_64-linux-gnu.so
7efe687bc000-7efe687bd000 r--p 00018000 00:62 10226186                   /home/ubuntu/.local/lib/python3.10/site-packages/scipy/optimize/_cython_nnls.cpython-310-x86_64-linux-gnu.so
7efe687bd000-7efe687be000 rw-p 00019000 00:62 10226186                   /home/ubuntu/.local/lib/python3.10/site-packages/scipy/optimize/_cython_nnls.cpython-310-x86_64-linux-gnu.so
7efe687be000-7efe688be000 rw-p 00000000 00:00 0 
7efe688be000-7efe688c3000 r--p 00000000 00:62 10226229                   /home/ubuntu/.local/lib/python3.10/site-packages/scipy/optimize/_lsq/givens_elimination.cpython-310-x86_64-linux-gnu.so
7efe688c3000-7efe688e6000 r-xp 00005000 00:62 10226229                   /home/ubuntu/.local/lib/python3.10/site-packages/scipy/optimize/_lsq/givens_elimination.cpython-310-x86_64-linux-gnu.so
7efe688e6000-7efe688ed000 r--p 00028000 00:62 10226229                   /home/ubuntu/.local/lib/python3.10/site-packages/scipy/optimize/_lsq/givens_elimination.cpython-310-x86_64-linux-gnu.so
7efe688ed000-7efe688ee000 ---p 0002f000 00:62 10226229                   /home/ubuntu/.local/lib/python3.10/site-packages/scipy/optimize/_lsq/givens_elimination.cpython-310-x86_64-linux-gnu.so
7efe688ee000-7efe688ef000 r--p 0002f000 00:62 10226229                   /home/ubuntu/.local/lib/python3.10/site-packages/scipy/optimize/_lsq/givens_elimination.cpython-310-x86_64-linux-gnu.so
7efe688ef000-7efe688f1000 rw-p 00030000 00:62 10226229                   /home/ubuntu/.local/lib/python3.10/site-packages/scipy/optimize/_lsq/givens_elimination.cpython-310-x86_64-linux-gnu.so
7efe688f1000-7efe688f3000 r--p 00000000 00:62 10226217                   /home/ubuntu/.local/lib/python3.10/site-packages/scipy/optimize/_minpack.cpython-310-x86_64-linux-gnu.so
7efe688f3000-7efe68905000 r-xp 00002000 00:62 10226217                   /home/ubuntu/.local/lib/python3.10/site-packages/scipy/optimize/_minpack.cpython-310-x86_64-linux-gnu.so
7efe68905000-7efe68907000 r--p 00014000 00:62 10226217                   /home/ubuntu/.local/lib/python3.10/site-packages/scipy/optimize/_minpack.cpython-310-x86_64-linux-gnu.so
7efe68907000-7efe68908000 r--p 00015000 00:62 10226217                   /home/ubuntu/.local/lib/python3.10/site-packages/scipy/optimize/_minpack.cpython-310-x86_64-linux-gnu.so
7efe68908000-7efe68909000 rw-p 00016000 00:62 10226217                   /home/ubuntu/.local/lib/python3.10/site-packages/scipy/optimize/_minpack.cpython-310-x86_64-linux-gnu.so
7efe68909000-7efe6890b000 r--p 00000000 00:62 10226156                   /home/ubuntu/.local/lib/python3.10/site-packages/scipy/optimize/_slsqp.cpython-310-x86_64-linux-gnu.so
7efe6890b000-7efe68918000 r-xp 00002000 00:62 10226156                   /home/ubuntu/.local/lib/python3.10/site-packages/scipy/optimize/_slsqp.cpython-310-x86_64-linux-gnu.so
7efe68918000-7efe6891b000 r--p 0000f000 00:62 10226156                   /home/ubuntu/.local/lib/python3.10/site-packages/scipy/optimize/_slsqp.cpython-310-x86_64-linux-gnu.so
7efe6891b000-7efe6891c000 r--p 00011000 00:62 10226156                   /home/ubuntu/.local/lib/python3.10/site-packages/scipy/optimize/_slsqp.cpython-310-x86_64-linux-gnu.so
7efe6891c000-7efe6891d000 rw-p 00012000 00:62 10226156                   /home/ubuntu/.local/lib/python3.10/site-packages/scipy/optimize/_slsqp.cpython-310-x86_64-linux-gnu.so
7efe6891d000-7efe68920000 r--p 00000000 00:62 10226206                   /home/ubuntu/.local/lib/python3.10/site-packages/scipy/optimize/_moduleTNC.cpython-310-x86_64-linux-gnu.so
7efe68920000-7efe68939000 r-xp 00003000 00:62 10226206                   /home/ubuntu/.local/lib/python3.10/site-packages/scipy/optimize/_moduleTNC.cpython-310-x86_64-linux-gnu.so
7efe68939000-7efe6893d000 r--p 0001c000 00:62 10226206                   /home/ubuntu/.local/lib/python3.10/site-packages/scipy/optimize/_moduleTNC.cpython-310-x86_64-linux-gnu.so
7efe6893d000-7efe6893e000 r--p 0001f000 00:62 10226206                   /home/ubuntu/.local/lib/python3.10/site-packages/scipy/optimize/_moduleTNC.cpython-310-x86_64-linux-gnu.so
7efe6893e000-7efe6893f000 rw-p 00020000 00:62 10226206                   /home/ubuntu/.local/lib/python3.10/site-packages/scipy/optimize/_moduleTNC.cpython-310-x86_64-linux-gnu.so
7efe6893f000-7efe6895a000 r--p 00000000 00:62 10226211                   /home/ubuntu/.local/lib/python3.10/site-packages/scipy/optimize/_lbfgsb.cpython-310-x86_64-linux-gnu.so
7efe6895a000-7efe6896f000 r-xp 0001b000 00:62 10226211                   /home/ubuntu/.local/lib/python3.10/site-packages/scipy/optimize/_lbfgsb.cpython-310-x86_64-linux-gnu.so
7efe6896f000-7efe6897b000 r--p 00030000 00:62 10226211                   /home/ubuntu/.local/lib/python3.10/site-packages/scipy/optimize/_lbfgsb.cpython-310-x86_64-linux-gnu.so
7efe6897b000-7efe6897c000 ---p 0003c000 00:62 10226211                   /home/ubuntu/.local/lib/python3.10/site-packages/scipy/optimize/_lbfgsb.cpython-310-x86_64-linux-gnu.so
7efe6897c000-7efe6897d000 r--p 0003c000 00:62 10226211                   /home/ubuntu/.local/lib/python3.10/site-packages/scipy/optimize/_lbfgsb.cpython-310-x86_64-linux-gnu.so
7efe6897d000-7efe68981000 rw-p 0003d000 00:62 10226211                   /home/ubuntu/.local/lib/python3.10/site-packages/scipy/optimize/_lbfgsb.cpython-310-x86_64-linux-gnu.so
7efe68981000-7efe68991000 rw-p 0005b000 00:62 10226211                   /home/ubuntu/.local/lib/python3.10/site-packages/scipy/optimize/_lbfgsb.cpython-310-x86_64-linux-gnu.so
7efe68991000-7efe68997000 rw-p 0006b000 00:62 10226211                   /home/ubuntu/.local/lib/python3.10/site-packages/scipy/optimize/_lbfgsb.cpython-310-x86_64-linux-gnu.so
7efe68997000-7efe6899c000 r--p 00000000 00:62 10226308                   /home/ubuntu/.local/lib/python3.10/site-packages/scipy/optimize/_trlib/_trlib.cpython-310-x86_64-linux-gnu.so
7efe6899c000-7efe689db000 r-xp 00005000 00:62 10226308                   /home/ubuntu/.local/lib/python3.10/site-packages/scipy/optimize/_trlib/_trlib.cpython-310-x86_64-linux-gnu.so
7efe689db000-7efe689e5000 r--p 00044000 00:62 10226308                   /home/ubuntu/.local/lib/python3.10/site-packages/scipy/optimize/_trlib/_trlib.cpython-310-x86_64-linux-gnu.so
7efe689e5000-7efe689e6000 r--p 0004d000 00:62 10226308                   /home/ubuntu/.local/lib/python3.10/site-packages/scipy/optimize/_trlib/_trlib.cpython-310-x86_64-linux-gnu.so
7efe689e6000-7efe689e8000 rw-p 0004e000 00:62 10226308                   /home/ubuntu/.local/lib/python3.10/site-packages/scipy/optimize/_trlib/_trlib.cpython-310-x86_64-linux-gnu.so
7efe689e8000-7efe689e9000 rw-p 00000000 00:00 0 
7efe689e9000-7efe689ec000 rw-p 00059000 00:62 10226308                   /home/ubuntu/.local/lib/python3.10/site-packages/scipy/optimize/_trlib/_trlib.cpython-310-x86_64-linux-gnu.so
7efe689ec000-7efe689ee000 rw-p 0005c000 00:62 10226308                   /home/ubuntu/.local/lib/python3.10/site-packages/scipy/optimize/_trlib/_trlib.cpython-310-x86_64-linux-gnu.so
7efe689ee000-7efe68aee000 rw-p 00000000 00:00 0 
7efe68aee000-7efe68af5000 r--p 00000000 00:62 10227608                   /home/ubuntu/.local/lib/python3.10/site-packages/scipy/spatial/transform/_rotation.cpython-310-x86_64-linux-gnu.so
7efe68af5000-7efe68ba2000 r-xp 00007000 00:62 10227608                   /home/ubuntu/.local/lib/python3.10/site-packages/scipy/spatial/transform/_rotation.cpython-310-x86_64-linux-gnu.so
7efe68ba2000-7efe68bd5000 r--p 000b4000 00:62 10227608                   /home/ubuntu/.local/lib/python3.10/site-packages/scipy/spatial/transform/_rotation.cpython-310-x86_64-linux-gnu.so
7efe68bd5000-7efe68bd6000 r--p 000e6000 00:62 10227608                   /home/ubuntu/.local/lib/python3.10/site-packages/scipy/spatial/transform/_rotation.cpython-310-x86_64-linux-gnu.so
7efe68bd6000-7efe68bda000 rw-p 000e7000 00:62 10227608                   /home/ubuntu/.local/lib/python3.10/site-packages/scipy/spatial/transform/_rotation.cpython-310-x86_64-linux-gnu.so
7efe68bda000-7efe68bdc000 rw-p 00000000 00:00 0 
7efe68bdc000-7efe68be2000 r--p 00000000 00:62 10227543                   /home/ubuntu/.local/lib/python3.10/site-packages/scipy/spatial/_distance_pybind.cpython-310-x86_64-linux-gnu.so
7efe68be2000-7efe68c48000 r-xp 00006000 00:62 10227543                   /home/ubuntu/.local/lib/python3.10/site-packages/scipy/spatial/_distance_pybind.cpython-310-x86_64-linux-gnu.so
7efe68c48000-7efe68c59000 r--p 0006c000 00:62 10227543                   /home/ubuntu/.local/lib/python3.10/site-packages/scipy/spatial/_distance_pybind.cpython-310-x86_64-linux-gnu.so
7efe68c59000-7efe68c5a000 r--p 0007c000 00:62 10227543                   /home/ubuntu/.local/lib/python3.10/site-packages/scipy/spatial/_distance_pybind.cpython-310-x86_64-linux-gnu.so
7efe68c5a000-7efe68c5b000 rw-p 0007d000 00:62 10227543                   /home/ubuntu/.local/lib/python3.10/site-packages/scipy/spatial/_distance_pybind.cpython-310-x86_64-linux-gnu.so
7efe68c5b000-7efe68c60000 r--p 00000000 00:62 10227557                   /home/ubuntu/.local/lib/python3.10/site-packages/scipy/spatial/_hausdorff.cpython-310-x86_64-linux-gnu.so
7efe68c60000-7efe68c87000 r-xp 00005000 00:62 10227557                   /home/ubuntu/.local/lib/python3.10/site-packages/scipy/spatial/_hausdorff.cpython-310-x86_64-linux-gnu.so
7efe68c87000-7efe68c8e000 r--p 0002c000 00:62 10227557                   /home/ubuntu/.local/lib/python3.10/site-packages/scipy/spatial/_hausdorff.cpython-310-x86_64-linux-gnu.so
7efe68c8e000-7efe68c8f000 ---p 00033000 00:62 10227557                   /home/ubuntu/.local/lib/python3.10/site-packages/scipy/spatial/_hausdorff.cpython-310-x86_64-linux-gnu.so
7efe68c8f000-7efe68c90000 r--p 00033000 00:62 10227557                   /home/ubuntu/.local/lib/python3.10/site-packages/scipy/spatial/_hausdorff.cpython-310-x86_64-linux-gnu.so
7efe68c90000-7efe68c92000 rw-p 00034000 00:62 10227557                   /home/ubuntu/.local/lib/python3.10/site-packages/scipy/spatial/_hausdorff.cpython-310-x86_64-linux-gnu.so
7efe68c92000-7efe68c93000 rw-p 00000000 00:00 0 
7efe68c93000-7efe68c95000 r--p 00000000 00:62 10227561                   /home/ubuntu/.local/lib/python3.10/site-packages/scipy/spatial/_distance_wrap.cpython-310-x86_64-linux-gnu.so
7efe68c95000-7efe68ca9000 r-xp 00002000 00:62 10227561                   /home/ubuntu/.local/lib/python3.10/site-packages/scipy/spatial/_distance_wrap.cpython-310-x86_64-linux-gnu.so
7efe68ca9000-7efe68cab000 r--p 00016000 00:62 10227561                   /home/ubuntu/.local/lib/python3.10/site-packages/scipy/spatial/_distance_wrap.cpython-310-x86_64-linux-gnu.so
7efe68cab000-7efe68cac000 ---p 00018000 00:62 10227561                   /home/ubuntu/.local/lib/python3.10/site-packages/scipy/spatial/_distance_wrap.cpython-310-x86_64-linux-gnu.so
7efe68cac000-7efe68cad000 r--p 00018000 00:62 10227561                   /home/ubuntu/.local/lib/python3.10/site-packages/scipy/spatial/_distance_wrap.cpython-310-x86_64-linux-gnu.so
7efe68cad000-7efe68cae000 rw-p 00019000 00:62 10227561                   /home/ubuntu/.local/lib/python3.10/site-packages/scipy/spatial/_distance_wrap.cpython-310-x86_64-linux-gnu.so
7efe68cae000-7efe68cb3000 r--p 00000000 00:62 10227550                   /home/ubuntu/.local/lib/python3.10/site-packages/scipy/spatial/_voronoi.cpython-310-x86_64-linux-gnu.so
7efe68cb3000-7efe68cd8000 r-xp 00005000 00:62 10227550                   /home/ubuntu/.local/lib/python3.10/site-packages/scipy/spatial/_voronoi.cpython-310-x86_64-linux-gnu.so
7efe68cd8000-7efe68cdf000 r--p 0002a000 00:62 10227550                   /home/ubuntu/.local/lib/python3.10/site-packages/scipy/spatial/_voronoi.cpython-310-x86_64-linux-gnu.so
7efe68cdf000-7efe68ce0000 ---p 00031000 00:62 10227550                   /home/ubuntu/.local/lib/python3.10/site-packages/scipy/spatial/_voronoi.cpython-310-x86_64-linux-gnu.so
7efe68ce0000-7efe68ce1000 r--p 00031000 00:62 10227550                   /home/ubuntu/.local/lib/python3.10/site-packages/scipy/spatial/_voronoi.cpython-310-x86_64-linux-gnu.so
7efe68ce1000-7efe68ce3000 rw-p 00032000 00:62 10227550                   /home/ubuntu/.local/lib/python3.10/site-packages/scipy/spatial/_voronoi.cpython-310-x86_64-linux-gnu.so
7efe68ce3000-7efe68ce4000 rw-p 00000000 00:00 0 
7efe68ce4000-7efe68ceb000 r--p 00000000 00:62 10227552                   /home/ubuntu/.local/lib/python3.10/site-packages/scipy/spatial/_qhull.cpython-310-x86_64-linux-gnu.so
7efe68ceb000-7efe68db6000 r-xp 00007000 00:62 10227552                   /home/ubuntu/.local/lib/python3.10/site-packages/scipy/spatial/_qhull.cpython-310-x86_64-linux-gnu.so
7efe68db6000-7efe68dee000 r--p 000d2000 00:62 10227552                   /home/ubuntu/.local/lib/python3.10/site-packages/scipy/spatial/_qhull.cpython-310-x86_64-linux-gnu.so
7efe68dee000-7efe68def000 r--p 00109000 00:62 10227552                   /home/ubuntu/.local/lib/python3.10/site-packages/scipy/spatial/_qhull.cpython-310-x86_64-linux-gnu.so
7efe68def000-7efe68df2000 rw-p 0010a000 00:62 10227552                   /home/ubuntu/.local/lib/python3.10/site-packages/scipy/spatial/_qhull.cpython-310-x86_64-linux-gnu.so
7efe68df2000-7efe68df4000 rw-p 00000000 00:00 0 
7efe68df4000-7efe68dfc000 r--p 00000000 00:62 10227558                   /home/ubuntu/.local/lib/python3.10/site-packages/scipy/spatial/_ckdtree.cpython-310-x86_64-linux-gnu.so
7efe68dfc000-7efe68ea6000 r-xp 00008000 00:62 10227558                   /home/ubuntu/.local/lib/python3.10/site-packages/scipy/spatial/_ckdtree.cpython-310-x86_64-linux-gnu.so
7efe68ea6000-7efe68ec5000 r--p 000b2000 00:62 10227558                   /home/ubuntu/.local/lib/python3.10/site-packages/scipy/spatial/_ckdtree.cpython-310-x86_64-linux-gnu.so
7efe68ec5000-7efe68ec6000 ---p 000d1000 00:62 10227558                   /home/ubuntu/.local/lib/python3.10/site-packages/scipy/spatial/_ckdtree.cpython-310-x86_64-linux-gnu.so
7efe68ec6000-7efe68ec7000 r--p 000d1000 00:62 10227558                   /home/ubuntu/.local/lib/python3.10/site-packages/scipy/spatial/_ckdtree.cpython-310-x86_64-linux-gnu.so
7efe68ec7000-7efe68ecb000 rw-p 000d2000 00:62 10227558                   /home/ubuntu/.local/lib/python3.10/site-packages/scipy/spatial/_ckdtree.cpython-310-x86_64-linux-gnu.so
7efe68ecb000-7efe68fcc000 rw-p 00000000 00:00 0 
7efe68fcc000-7efe68fd1000 r--p 00000000 00:62 10226451                   /home/ubuntu/.local/lib/python3.10/site-packages/scipy/special/_specfun.cpython-310-x86_64-linux-gnu.so
7efe68fd1000-7efe69004000 r-xp 00005000 00:62 10226451                   /home/ubuntu/.local/lib/python3.10/site-packages/scipy/special/_specfun.cpython-310-x86_64-linux-gnu.so
7efe69004000-7efe6900b000 r--p 00038000 00:62 10226451                   /home/ubuntu/.local/lib/python3.10/site-packages/scipy/special/_specfun.cpython-310-x86_64-linux-gnu.so
7efe6900b000-7efe6900c000 r--p 0003e000 00:62 10226451                   /home/ubuntu/.local/lib/python3.10/site-packages/scipy/special/_specfun.cpython-310-x86_64-linux-gnu.so
7efe6900c000-7efe6900e000 rw-p 0003f000 00:62 10226451                   /home/ubuntu/.local/lib/python3.10/site-packages/scipy/special/_specfun.cpython-310-x86_64-linux-gnu.so
7efe6900e000-7efe69010000 r--p 00000000 00:62 10226444                   /home/ubuntu/.local/lib/python3.10/site-packages/scipy/special/_gufuncs.cpython-310-x86_64-linux-gnu.so
7efe69010000-7efe69096000 r-xp 00002000 00:62 10226444                   /home/ubuntu/.local/lib/python3.10/site-packages/scipy/special/_gufuncs.cpython-310-x86_64-linux-gnu.so
7efe69096000-7efe690a3000 r--p 00088000 00:62 10226444                   /home/ubuntu/.local/lib/python3.10/site-packages/scipy/special/_gufuncs.cpython-310-x86_64-linux-gnu.so
7efe690a3000-7efe690a4000 r--p 00094000 00:62 10226444                   /home/ubuntu/.local/lib/python3.10/site-packages/scipy/special/_gufuncs.cpython-310-x86_64-linux-gnu.so
7efe690a4000-7efe690a5000 rw-p 00095000 00:62 10226444                   /home/ubuntu/.local/lib/python3.10/site-packages/scipy/special/_gufuncs.cpython-310-x86_64-linux-gnu.so
7efe690a5000-7efe690a8000 r--p 00000000 00:62 10226480                   /home/ubuntu/.local/lib/python3.10/site-packages/scipy/special/_special_ufuncs.cpython-310-x86_64-linux-gnu.so
7efe690a8000-7efe691ab000 r-xp 00003000 00:62 10226480                   /home/ubuntu/.local/lib/python3.10/site-packages/scipy/special/_special_ufuncs.cpython-310-x86_64-linux-gnu.so
7efe691ab000-7efe691ee000 r--p 00106000 00:62 10226480                   /home/ubuntu/.local/lib/python3.10/site-packages/scipy/special/_special_ufuncs.cpython-310-x86_64-linux-gnu.so
7efe691ee000-7efe691ef000 r--p 00148000 00:62 10226480                   /home/ubuntu/.local/lib/python3.10/site-packages/scipy/special/_special_ufuncs.cpython-310-x86_64-linux-gnu.so
7efe691ef000-7efe691f0000 rw-p 00149000 00:62 10226480                   /home/ubuntu/.local/lib/python3.10/site-packages/scipy/special/_special_ufuncs.cpython-310-x86_64-linux-gnu.so
7efe691f0000-7efe692f0000 rw-p 00000000 00:00 0 
7efe692f0000-7efe692f5000 r--p 00000000 00:62 10226468                   /home/ubuntu/.local/lib/python3.10/site-packages/scipy/special/_ufuncs_cxx.cpython-310-x86_64-linux-gnu.so
7efe692f5000-7efe69444000 r-xp 00005000 00:62 10226468                   /home/ubuntu/.local/lib/python3.10/site-packages/scipy/special/_ufuncs_cxx.cpython-310-x86_64-linux-gnu.so
7efe69444000-7efe69477000 r--p 00154000 00:62 10226468                   /home/ubuntu/.local/lib/python3.10/site-packages/scipy/special/_ufuncs_cxx.cpython-310-x86_64-linux-gnu.so
7efe69477000-7efe69478000 r--p 00186000 00:62 10226468                   /home/ubuntu/.local/lib/python3.10/site-packages/scipy/special/_ufuncs_cxx.cpython-310-x86_64-linux-gnu.so
7efe69478000-7efe69479000 rw-p 00187000 00:62 10226468                   /home/ubuntu/.local/lib/python3.10/site-packages/scipy/special/_ufuncs_cxx.cpython-310-x86_64-linux-gnu.so
7efe69479000-7efe6947a000 rw-p 00000000 00:00 0 
7efe6947a000-7efe69480000 r--p 00000000 00:62 10226473                   /home/ubuntu/.local/lib/python3.10/site-packages/scipy/special/_ufuncs.cpython-310-x86_64-linux-gnu.so
7efe69480000-7efe69585000 r-xp 00006000 00:62 10226473                   /home/ubuntu/.local/lib/python3.10/site-packages/scipy/special/_ufuncs.cpython-310-x86_64-linux-gnu.so
7efe69585000-7efe695da000 r--p 0010b000 00:62 10226473                   /home/ubuntu/.local/lib/python3.10/site-packages/scipy/special/_ufuncs.cpython-310-x86_64-linux-gnu.so
7efe695da000-7efe695db000 r--p 0015f000 00:62 10226473                   /home/ubuntu/.local/lib/python3.10/site-packages/scipy/special/_ufuncs.cpython-310-x86_64-linux-gnu.so
7efe695db000-7efe695dc000 rw-p 00160000 00:62 10226473                   /home/ubuntu/.local/lib/python3.10/site-packages/scipy/special/_ufuncs.cpython-310-x86_64-linux-gnu.so
7efe695dc000-7efe695e4000 rw-p 00000000 00:00 0 
7efe695e4000-7efe695e7000 rw-p 00189000 00:62 10226473                   /home/ubuntu/.local/lib/python3.10/site-packages/scipy/special/_ufuncs.cpython-310-x86_64-linux-gnu.so
7efe695e7000-7efe695e9000 rw-p 0018c000 00:62 10226473                   /home/ubuntu/.local/lib/python3.10/site-packages/scipy/special/_ufuncs.cpython-310-x86_64-linux-gnu.so
7efe695e9000-7efe695ee000 r--p 00000000 00:62 42012583                   /usr/lib/x86_64-linux-gnu/libmpdec.so.2.5.1
7efe695ee000-7efe6960f000 r-xp 00005000 00:62 42012583                   /usr/lib/x86_64-linux-gnu/libmpdec.so.2.5.1
7efe6960f000-7efe69616000 r--p 00026000 00:62 42012583                   /usr/lib/x86_64-linux-gnu/libmpdec.so.2.5.1
7efe69616000-7efe69617000 r--p 0002c000 00:62 42012583                   /usr/lib/x86_64-linux-gnu/libmpdec.so.2.5.1
7efe69617000-7efe69618000 rw-p 0002d000 00:62 42012583                   /usr/lib/x86_64-linux-gnu/libmpdec.so.2.5.1
7efe69618000-7efe69718000 rw-p 00000000 00:00 0 
7efe69718000-7efe6971d000 r--p 00000000 00:62 10226848                   /home/ubuntu/.local/lib/python3.10/site-packages/scipy/sparse/csgraph/_reordering.cpython-310-x86_64-linux-gnu.so
7efe6971d000-7efe69754000 r-xp 00005000 00:62 10226848                   /home/ubuntu/.local/lib/python3.10/site-packages/scipy/sparse/csgraph/_reordering.cpython-310-x86_64-linux-gnu.so
7efe69754000-7efe6975e000 r--p 0003c000 00:62 10226848                   /home/ubuntu/.local/lib/python3.10/site-packages/scipy/sparse/csgraph/_reordering.cpython-310-x86_64-linux-gnu.so
7efe6975e000-7efe6975f000 r--p 00045000 00:62 10226848                   /home/ubuntu/.local/lib/python3.10/site-packages/scipy/sparse/csgraph/_reordering.cpython-310-x86_64-linux-gnu.so
7efe6975f000-7efe69761000 rw-p 00046000 00:62 10226848                   /home/ubuntu/.local/lib/python3.10/site-packages/scipy/sparse/csgraph/_reordering.cpython-310-x86_64-linux-gnu.so
7efe69761000-7efe69762000 rw-p 00000000 00:00 0 
7efe69762000-7efe69767000 r--p 00000000 00:62 10226851                   /home/ubuntu/.local/lib/python3.10/site-packages/scipy/sparse/csgraph/_matching.cpython-310-x86_64-linux-gnu.so
7efe69767000-7efe697a0000 r-xp 00005000 00:62 10226851                   /home/ubuntu/.local/lib/python3.10/site-packages/scipy/sparse/csgraph/_matching.cpython-310-x86_64-linux-gnu.so
7efe697a0000-7efe697ae000 r--p 0003e000 00:62 10226851                   /home/ubuntu/.local/lib/python3.10/site-packages/scipy/sparse/csgraph/_matching.cpython-310-x86_64-linux-gnu.so
7efe697ae000-7efe697af000 r--p 0004b000 00:62 10226851                   /home/ubuntu/.local/lib/python3.10/site-packages/scipy/sparse/csgraph/_matching.cpython-310-x86_64-linux-gnu.so
7efe697af000-7efe697b1000 rw-p 0004c000 00:62 10226851                   /home/ubuntu/.local/lib/python3.10/site-packages/scipy/sparse/csgraph/_matching.cpython-310-x86_64-linux-gnu.so
7efe697b1000-7efe697b2000 rw-p 00000000 00:00 0 
7efe697b2000-7efe697b7000 r--p 00000000 00:62 10226844                   /home/ubuntu/.local/lib/python3.10/site-packages/scipy/sparse/csgraph/_flow.cpython-310-x86_64-linux-gnu.so
7efe697b7000-7efe697f0000 r-xp 00005000 00:62 10226844                   /home/ubuntu/.local/lib/python3.10/site-packages/scipy/sparse/csgraph/_flow.cpython-310-x86_64-linux-gnu.so
7efe697f0000-7efe697fc000 r--p 0003e000 00:62 10226844                   /home/ubuntu/.local/lib/python3.10/site-packages/scipy/sparse/csgraph/_flow.cpython-310-x86_64-linux-gnu.so
7efe697fc000-7efe697fd000 ---p 0004a000 00:62 10226844                   /home/ubuntu/.local/lib/python3.10/site-packages/scipy/sparse/csgraph/_flow.cpython-310-x86_64-linux-gnu.so
7efe697fd000-7efe697fe000 r--p 0004a000 00:62 10226844                   /home/ubuntu/.local/lib/python3.10/site-packages/scipy/sparse/csgraph/_flow.cpython-310-x86_64-linux-gnu.so
7efe697fe000-7efe69800000 rw-p 0004b000 00:62 10226844                   /home/ubuntu/.local/lib/python3.10/site-packages/scipy/sparse/csgraph/_flow.cpython-310-x86_64-linux-gnu.so
7efe69800000-7efe69801000 rw-p 00000000 00:00 0 
7efe69801000-7efe69806000 r--p 00000000 00:62 10226846                   /home/ubuntu/.local/lib/python3.10/site-packages/scipy/sparse/csgraph/_min_spanning_tree.cpython-310-x86_64-linux-gnu.so
7efe69806000-7efe69830000 r-xp 00005000 00:62 10226846                   /home/ubuntu/.local/lib/python3.10/site-packages/scipy/sparse/csgraph/_min_spanning_tree.cpython-310-x86_64-linux-gnu.so
7efe69830000-7efe69839000 r--p 0002f000 00:62 10226846                   /home/ubuntu/.local/lib/python3.10/site-packages/scipy/sparse/csgraph/_min_spanning_tree.cpython-310-x86_64-linux-gnu.so
7efe69839000-7efe6983a000 r--p 00037000 00:62 10226846                   /home/ubuntu/.local/lib/python3.10/site-packages/scipy/sparse/csgraph/_min_spanning_tree.cpython-310-x86_64-linux-gnu.so
7efe6983a000-7efe6983c000 rw-p 00038000 00:62 10226846                   /home/ubuntu/.local/lib/python3.10/site-packages/scipy/sparse/csgraph/_min_spanning_tree.cpython-310-x86_64-linux-gnu.so
7efe6983c000-7efe6993d000 rw-p 00000000 00:00 0 
7efe6993d000-7efe69942000 r--p 00000000 00:62 10226853                   /home/ubuntu/.local/lib/python3.10/site-packages/scipy/sparse/csgraph/_traversal.cpython-310-x86_64-linux-gnu.so
7efe69942000-7efe699c0000 r-xp 00005000 00:62 10226853                   /home/ubuntu/.local/lib/python3.10/site-packages/scipy/sparse/csgraph/_traversal.cpython-310-x86_64-linux-gnu.so
7efe699c0000-7efe699d1000 r--p 00083000 00:62 10226853                   /home/ubuntu/.local/lib/python3.10/site-packages/scipy/sparse/csgraph/_traversal.cpython-310-x86_64-linux-gnu.so
7efe699d1000-7efe699d2000 r--p 00093000 00:62 10226853                   /home/ubuntu/.local/lib/python3.10/site-packages/scipy/sparse/csgraph/_traversal.cpython-310-x86_64-linux-gnu.so
7efe699d2000-7efe699d4000 rw-p 00094000 00:62 10226853                   /home/ubuntu/.local/lib/python3.10/site-packages/scipy/sparse/csgraph/_traversal.cpython-310-x86_64-linux-gnu.so
7efe699d4000-7efe699d5000 rw-p 00000000 00:00 0 
7efe699d5000-7efe699da000 r--p 00000000 00:62 10226849                   /home/ubuntu/.local/lib/python3.10/site-packages/scipy/sparse/csgraph/_shortest_path.cpython-310-x86_64-linux-gnu.so
7efe699da000-7efe69a3d000 r-xp 00005000 00:62 10226849                   /home/ubuntu/.local/lib/python3.10/site-packages/scipy/sparse/csgraph/_shortest_path.cpython-310-x86_64-linux-gnu.so
7efe69a3d000-7efe69a52000 r--p 00068000 00:62 10226849                   /home/ubuntu/.local/lib/python3.10/site-packages/scipy/sparse/csgraph/_shortest_path.cpython-310-x86_64-linux-gnu.so
7efe69a52000-7efe69a53000 ---p 0007d000 00:62 10226849                   /home/ubuntu/.local/lib/python3.10/site-packages/scipy/sparse/csgraph/_shortest_path.cpython-310-x86_64-linux-gnu.so
7efe69a53000-7efe69a54000 r--p 0007d000 00:62 10226849                   /home/ubuntu/.local/lib/python3.10/site-packages/scipy/sparse/csgraph/_shortest_path.cpython-310-x86_64-linux-gnu.so
7efe69a54000-7efe69a56000 rw-p 0007e000 00:62 10226849                   /home/ubuntu/.local/lib/python3.10/site-packages/scipy/sparse/csgraph/_shortest_path.cpython-310-x86_64-linux-gnu.so
7efe69a56000-7efe69a58000 rw-p 00000000 00:00 0 
7efe69a58000-7efe69a75000 r--p 00000000 00:62 10226963                   /home/ubuntu/.local/lib/python3.10/site-packages/scipy/sparse/linalg/_propack/_zpropack.cpython-310-x86_64-linux-gnu.so
7efe69a75000-7efe69a94000 r-xp 0001d000 00:62 10226963                   /home/ubuntu/.local/lib/python3.10/site-packages/scipy/sparse/linalg/_propack/_zpropack.cpython-310-x86_64-linux-gnu.so
7efe69a94000-7efe69aa4000 r--p 0003c000 00:62 10226963                   /home/ubuntu/.local/lib/python3.10/site-packages/scipy/sparse/linalg/_propack/_zpropack.cpython-310-x86_64-linux-gnu.so
7efe69aa4000-7efe69aa5000 ---p 0004c000 00:62 10226963                   /home/ubuntu/.local/lib/python3.10/site-packages/scipy/sparse/linalg/_propack/_zpropack.cpython-310-x86_64-linux-gnu.so
7efe69aa5000-7efe69aa6000 r--p 0004c000 00:62 10226963                   /home/ubuntu/.local/lib/python3.10/site-packages/scipy/sparse/linalg/_propack/_zpropack.cpython-310-x86_64-linux-gnu.so
7efe69aa6000-7efe69aae000 rw-p 0004d000 00:62 10226963                   /home/ubuntu/.local/lib/python3.10/site-packages/scipy/sparse/linalg/_propack/_zpropack.cpython-310-x86_64-linux-gnu.so
7efe69aae000-7efe69ae4000 rw-p 00000000 00:00 0 
7efe69ae4000-7efe69af5000 rw-p 00071000 00:62 10226963                   /home/ubuntu/.local/lib/python3.10/site-packages/scipy/sparse/linalg/_propack/_zpropack.cpython-310-x86_64-linux-gnu.so
7efe69af5000-7efe69afc000 rw-p 00082000 00:62 10226963                   /home/ubuntu/.local/lib/python3.10/site-packages/scipy/sparse/linalg/_propack/_zpropack.cpython-310-x86_64-linux-gnu.so
7efe69afc000-7efe69b19000 r--p 00000000 00:62 10226962                   /home/ubuntu/.local/lib/python3.10/site-packages/scipy/sparse/linalg/_propack/_cpropack.cpython-310-x86_64-linux-gnu.so
7efe69b19000-7efe69b3a000 r-xp 0001d000 00:62 10226962                   /home/ubuntu/.local/lib/python3.10/site-packages/scipy/sparse/linalg/_propack/_cpropack.cpython-310-x86_64-linux-gnu.so
7efe69b3a000-7efe69b4a000 r--p 0003e000 00:62 10226962                   /home/ubuntu/.local/lib/python3.10/site-packages/scipy/sparse/linalg/_propack/_cpropack.cpython-310-x86_64-linux-gnu.so
7efe69b4a000-7efe69b4b000 ---p 0004e000 00:62 10226962                   /home/ubuntu/.local/lib/python3.10/site-packages/scipy/sparse/linalg/_propack/_cpropack.cpython-310-x86_64-linux-gnu.so
7efe69b4b000-7efe69b4c000 r--p 0004e000 00:62 10226962                   /home/ubuntu/.local/lib/python3.10/site-packages/scipy/sparse/linalg/_propack/_cpropack.cpython-310-x86_64-linux-gnu.so
7efe69b4c000-7efe69b54000 rw-p 0004f000 00:62 10226962                   /home/ubuntu/.local/lib/python3.10/site-packages/scipy/sparse/linalg/_propack/_cpropack.cpython-310-x86_64-linux-gnu.so
7efe69b54000-7efe69b6f000 rw-p 00000000 00:00 0 
7efe69b6f000-7efe69b80000 rw-p 00073000 00:62 10226962                   /home/ubuntu/.local/lib/python3.10/site-packages/scipy/sparse/linalg/_propack/_cpropack.cpython-310-x86_64-linux-gnu.so
7efe69b80000-7efe69b87000 rw-p 00084000 00:62 10226962                   /home/ubuntu/.local/lib/python3.10/site-packages/scipy/sparse/linalg/_propack/_cpropack.cpython-310-x86_64-linux-gnu.so
7efe69b87000-7efe69ba4000 r--p 00000000 00:62 10226961                   /home/ubuntu/.local/lib/python3.10/site-packages/scipy/sparse/linalg/_propack/_dpropack.cpython-310-x86_64-linux-gnu.so
7efe69ba4000-7efe69bbf000 r-xp 0001d000 00:62 10226961                   /home/ubuntu/.local/lib/python3.10/site-packages/scipy/sparse/linalg/_propack/_dpropack.cpython-310-x86_64-linux-gnu.so
7efe69bbf000-7efe69bcf000 r--p 00038000 00:62 10226961                   /home/ubuntu/.local/lib/python3.10/site-packages/scipy/sparse/linalg/_propack/_dpropack.cpython-310-x86_64-linux-gnu.so
7efe69bcf000-7efe69bd0000 r--p 00047000 00:62 10226961                   /home/ubuntu/.local/lib/python3.10/site-packages/scipy/sparse/linalg/_propack/_dpropack.cpython-310-x86_64-linux-gnu.so
7efe69bd0000-7efe69bd8000 rw-p 00048000 00:62 10226961                   /home/ubuntu/.local/lib/python3.10/site-packages/scipy/sparse/linalg/_propack/_dpropack.cpython-310-x86_64-linux-gnu.so
7efe69bd8000-7efe69be9000 rw-p 0006b000 00:62 10226961                   /home/ubuntu/.local/lib/python3.10/site-packages/scipy/sparse/linalg/_propack/_dpropack.cpython-310-x86_64-linux-gnu.so
7efe69be9000-7efe69bf0000 rw-p 0007c000 00:62 10226961                   /home/ubuntu/.local/lib/python3.10/site-packages/scipy/sparse/linalg/_propack/_dpropack.cpython-310-x86_64-linux-gnu.so
7efe69bf0000-7efe69c0d000 r--p 00000000 00:62 10226964                   /home/ubuntu/.local/lib/python3.10/site-packages/scipy/sparse/linalg/_propack/_spropack.cpython-310-x86_64-linux-gnu.so
7efe69c0d000-7efe69c28000 r-xp 0001d000 00:62 10226964                   /home/ubuntu/.local/lib/python3.10/site-packages/scipy/sparse/linalg/_propack/_spropack.cpython-310-x86_64-linux-gnu.so
7efe69c28000-7efe69c38000 r--p 00038000 00:62 10226964                   /home/ubuntu/.local/lib/python3.10/site-packages/scipy/sparse/linalg/_propack/_spropack.cpython-310-x86_64-linux-gnu.so
7efe69c38000-7efe69c39000 r--p 00047000 00:62 10226964                   /home/ubuntu/.local/lib/python3.10/site-packages/scipy/sparse/linalg/_propack/_spropack.cpython-310-x86_64-linux-gnu.so
7efe69c39000-7efe69c41000 rw-p 00048000 00:62 10226964                   /home/ubuntu/.local/lib/python3.10/site-packages/scipy/sparse/linalg/_propack/_spropack.cpython-310-x86_64-linux-gnu.so
7efe69c41000-7efe69c52000 rw-p 0006b000 00:62 10226964                   /home/ubuntu/.local/lib/python3.10/site-packages/scipy/sparse/linalg/_propack/_spropack.cpython-310-x86_64-linux-gnu.so
7efe69c52000-7efe69c59000 rw-p 0007c000 00:62 10226964                   /home/ubuntu/.local/lib/python3.10/site-packages/scipy/sparse/linalg/_propack/_spropack.cpython-310-x86_64-linux-gnu.so
7efe69c59000-7efe69c77000 r--p 00000000 00:62 10226926                   /home/ubuntu/.local/lib/python3.10/site-packages/scipy/sparse/linalg/_eigen/arpack/_arpack.cpython-310-x86_64-linux-gnu.so
7efe69c77000-7efe69cce000 r-xp 0001e000 00:62 10226926                   /home/ubuntu/.local/lib/python3.10/site-packages/scipy/sparse/linalg/_eigen/arpack/_arpack.cpython-310-x86_64-linux-gnu.so
7efe69cce000-7efe69cea000 r--p 00075000 00:62 10226926                   /home/ubuntu/.local/lib/python3.10/site-packages/scipy/sparse/linalg/_eigen/arpack/_arpack.cpython-310-x86_64-linux-gnu.so
7efe69cea000-7efe69ceb000 r--p 00090000 00:62 10226926                   /home/ubuntu/.local/lib/python3.10/site-packages/scipy/sparse/linalg/_eigen/arpack/_arpack.cpython-310-x86_64-linux-gnu.so
7efe69ceb000-7efe69cf9000 rw-p 00091000 00:62 10226926                   /home/ubuntu/.local/lib/python3.10/site-packages/scipy/sparse/linalg/_eigen/arpack/_arpack.cpython-310-x86_64-linux-gnu.so
7efe69cf9000-7efe69cfa000 rw-p 00000000 00:00 0 
7efe69cfa000-7efe69d0b000 rw-p 000bf000 00:62 10226926                   /home/ubuntu/.local/lib/python3.10/site-packages/scipy/sparse/linalg/_eigen/arpack/_arpack.cpython-310-x86_64-linux-gnu.so
7efe69d0b000-7efe69d12000 rw-p 000d0000 00:62 10226926                   /home/ubuntu/.local/lib/python3.10/site-packages/scipy/sparse/linalg/_eigen/arpack/_arpack.cpython-310-x86_64-linux-gnu.so
7efe69d12000-7efe69d2e000 r--p 00000000 00:62 10226934                   /home/ubuntu/.local/lib/python3.10/site-packages/scipy/sparse/linalg/_dsolve/_superlu.cpython-310-x86_64-linux-gnu.so
7efe69d2e000-7efe69d87000 r-xp 0001c000 00:62 10226934                   /home/ubuntu/.local/lib/python3.10/site-packages/scipy/sparse/linalg/_dsolve/_superlu.cpython-310-x86_64-linux-gnu.so
7efe69d87000-7efe69d9d000 r--p 00075000 00:62 10226934                   /home/ubuntu/.local/lib/python3.10/site-packages/scipy/sparse/linalg/_dsolve/_superlu.cpython-310-x86_64-linux-gnu.so
7efe69d9d000-7efe69d9e000 r--p 0008a000 00:62 10226934                   /home/ubuntu/.local/lib/python3.10/site-packages/scipy/sparse/linalg/_dsolve/_superlu.cpython-310-x86_64-linux-gnu.so
7efe69d9e000-7efe69da3000 rw-p 0008b000 00:62 10226934                   /home/ubuntu/.local/lib/python3.10/site-packages/scipy/sparse/linalg/_dsolve/_superlu.cpython-310-x86_64-linux-gnu.so
7efe69da3000-7efe69db4000 rw-p 000af000 00:62 10226934                   /home/ubuntu/.local/lib/python3.10/site-packages/scipy/sparse/linalg/_dsolve/_superlu.cpython-310-x86_64-linux-gnu.so
7efe69db4000-7efe69dbb000 rw-p 000c0000 00:62 10226934                   /home/ubuntu/.local/lib/python3.10/site-packages/scipy/sparse/linalg/_dsolve/_superlu.cpython-310-x86_64-linux-gnu.so
7efe69dbb000-7efe69df8000 r--p 00000000 00:62 10226371                   /home/ubuntu/.local/lib/python3.10/site-packages/scipy/linalg/_flapack.cpython-310-x86_64-linux-gnu.so
7efe69df8000-7efe69ec5000 r-xp 0003d000 00:62 10226371                   /home/ubuntu/.local/lib/python3.10/site-packages/scipy/linalg/_flapack.cpython-310-x86_64-linux-gnu.so
7efe69ec5000-7efe69f45000 r--p 0010a000 00:62 10226371                   /home/ubuntu/.local/lib/python3.10/site-packages/scipy/linalg/_flapack.cpython-310-x86_64-linux-gnu.so
7efe69f45000-7efe69f46000 r--p 00189000 00:62 10226371                   /home/ubuntu/.local/lib/python3.10/site-packages/scipy/linalg/_flapack.cpython-310-x86_64-linux-gnu.so
7efe69f46000-7efe69fd5000 rw-p 0018a000 00:62 10226371                   /home/ubuntu/.local/lib/python3.10/site-packages/scipy/linalg/_flapack.cpython-310-x86_64-linux-gnu.so
7efe69fd5000-7efe69fe6000 rw-p 00246000 00:62 10226371                   /home/ubuntu/.local/lib/python3.10/site-packages/scipy/linalg/_flapack.cpython-310-x86_64-linux-gnu.so
7efe69fe6000-7efe69fed000 rw-p 00257000 00:62 10226371                   /home/ubuntu/.local/lib/python3.10/site-packages/scipy/linalg/_flapack.cpython-310-x86_64-linux-gnu.so
7efe69fed000-7efe69fee000 ---p 00000000 00:00 0 
7efe69fee000-7efe6a7ee000 rw-p 00000000 00:00 0 
7efe6a7ee000-7efe6a7ef000 ---p 00000000 00:00 0 
7efe6a7ef000-7efe6afef000 rw-p 00000000 00:00 0 
7efe6afef000-7efe6aff0000 ---p 00000000 00:00 0 
7efe6aff0000-7efe6b7f0000 rw-p 00000000 00:00 0 
7efe6b7f0000-7efe6b7f1000 ---p 00000000 00:00 0 
7efe6b7f1000-7efe6bff1000 rw-p 00000000 00:00 0 
7efe6bff1000-7efe6bff2000 ---p 00000000 00:00 0 
7efe6bff2000-7efe6c7f2000 rw-p 00000000 00:00 0 
7efe6c7f2000-7efe6c7f3000 ---p 00000000 00:00 0 
7efe6c7f3000-7efe6cff3000 rw-p 00000000 00:00 0 
7efe6cff3000-7efe6cff4000 ---p 00000000 00:00 0 
7efe6cff4000-7efe6d7f4000 rw-p 00000000 00:00 0 
7efe6d7f4000-7efe6d7f5000 ---p 00000000 00:00 0 
7efe6d7f5000-7efe6dff5000 rw-p 00000000 00:00 0 
7efe6dff5000-7efe6dff6000 ---p 00000000 00:00 0 
7efe6dff6000-7efe6e7f6000 rw-p 00000000 00:00 0 
7efe6e7f6000-7efe6e7f7000 ---p 00000000 00:00 0 
7efe6e7f7000-7efe6eff7000 rw-p 00000000 00:00 0 
7efe6eff7000-7efe6eff8000 ---p 00000000 00:00 0 
7efe6eff8000-7efe6f7f8000 rw-p 00000000 00:00 0 
7efe6f7f8000-7efe6f7f9000 ---p 00000000 00:00 0 
7efe6f7f9000-7efe6fff9000 rw-p 00000000 00:00 0 
7efe6fff9000-7efe6fffa000 ---p 00000000 00:00 0 
7efe6fffa000-7efe707fa000 rw-p 00000000 00:00 0 
7efe707fa000-7efe707fb000 ---p 00000000 00:00 0 
7efe707fb000-7efe70ffb000 rw-p 00000000 00:00 0 
7efe70ffb000-7efe70ffc000 ---p 00000000 00:00 0 
7efe70ffc000-7efe717fc000 rw-p 00000000 00:00 0 
7efe717fc000-7efe717fd000 ---p 00000000 00:00 0 
7efe717fd000-7efe71ffd000 rw-p 00000000 00:00 0 
7efe71ffd000-7efe71ffe000 ---p 00000000 00:00 0 
7efe71ffe000-7efe727fe000 rw-p 00000000 00:00 0 
7efe727fe000-7efe727ff000 ---p 00000000 00:00 0 
7efe727ff000-7efe72fff000 rw-p 00000000 00:00 0 
7efe72fff000-7efe73000000 ---p 00000000 00:00 0 
7efe73000000-7efe9b800000 rw-p 00000000 00:00 0 
7efe9b800000-7efe9b83b000 r-xp 00000000 00:62 10227622                   /home/ubuntu/.local/lib/python3.10/site-packages/scipy.libs/libquadmath-96973f99-934c22de.so.0.0.0
7efe9b83b000-7efe9ba3a000 ---p 0003b000 00:62 10227622                   /home/ubuntu/.local/lib/python3.10/site-packages/scipy.libs/libquadmath-96973f99-934c22de.so.0.0.0
7efe9ba3a000-7efe9ba3b000 r--p 0003a000 00:62 10227622                   /home/ubuntu/.local/lib/python3.10/site-packages/scipy.libs/libquadmath-96973f99-934c22de.so.0.0.0
7efe9ba3b000-7efe9ba3c000 rw-p 0003b000 00:62 10227622                   /home/ubuntu/.local/lib/python3.10/site-packages/scipy.libs/libquadmath-96973f99-934c22de.so.0.0.0
7efe9ba3c000-7efe9ba3d000 rw-p 0003c000 00:62 10227622                   /home/ubuntu/.local/lib/python3.10/site-packages/scipy.libs/libquadmath-96973f99-934c22de.so.0.0.0
7efe9ba3d000-7efe9ba3e000 rw-p 0003d000 00:62 10227622                   /home/ubuntu/.local/lib/python3.10/site-packages/scipy.libs/libquadmath-96973f99-934c22de.so.0.0.0
7efe9ba41000-7efe9ba42000 r--p 00000000 00:62 10226176                   /home/ubuntu/.local/lib/python3.10/site-packages/scipy/optimize/_direct.cpython-310-x86_64-linux-gnu.so
7efe9ba42000-7efe9ba48000 r-xp 00001000 00:62 10226176                   /home/ubuntu/.local/lib/python3.10/site-packages/scipy/optimize/_direct.cpython-310-x86_64-linux-gnu.so
7efe9ba48000-7efe9ba4a000 r--p 00007000 00:62 10226176                   /home/ubuntu/.local/lib/python3.10/site-packages/scipy/optimize/_direct.cpython-310-x86_64-linux-gnu.so
7efe9ba4a000-7efe9ba4b000 r--p 00008000 00:62 10226176                   /home/ubuntu/.local/lib/python3.10/site-packages/scipy/optimize/_direct.cpython-310-x86_64-linux-gnu.so
7efe9ba4b000-7efe9ba4c000 rw-p 00009000 00:62 10226176                   /home/ubuntu/.local/lib/python3.10/site-packages/scipy/optimize/_direct.cpython-310-x86_64-linux-gnu.so
7efe9ba4c000-7efe9ba54000 r--p 00000000 00:62 10045268                   /usr/lib/python3.10/lib-dynload/_decimal.cpython-310-x86_64-linux-gnu.so
7efe9ba54000-7efe9ba69000 r-xp 00008000 00:62 10045268                   /usr/lib/python3.10/lib-dynload/_decimal.cpython-310-x86_64-linux-gnu.so
7efe9ba69000-7efe9ba75000 r--p 0001d000 00:62 10045268                   /usr/lib/python3.10/lib-dynload/_decimal.cpython-310-x86_64-linux-gnu.so
7efe9ba75000-7efe9ba76000 r--p 00028000 00:62 10045268                   /usr/lib/python3.10/lib-dynload/_decimal.cpython-310-x86_64-linux-gnu.so
7efe9ba76000-7efe9ba79000 rw-p 00029000 00:62 10045268                   /usr/lib/python3.10/lib-dynload/_decimal.cpython-310-x86_64-linux-gnu.so
7efe9ba79000-7efe9ba80000 r--p 00000000 00:62 10226373                   /home/ubuntu/.local/lib/python3.10/site-packages/scipy/linalg/cython_blas.cpython-310-x86_64-linux-gnu.so
7efe9ba80000-7efe9baac000 r-xp 00007000 00:62 10226373                   /home/ubuntu/.local/lib/python3.10/site-packages/scipy/linalg/cython_blas.cpython-310-x86_64-linux-gnu.so
7efe9baac000-7efe9baba000 r--p 00033000 00:62 10226373                   /home/ubuntu/.local/lib/python3.10/site-packages/scipy/linalg/cython_blas.cpython-310-x86_64-linux-gnu.so
7efe9baba000-7efe9babb000 ---p 00041000 00:62 10226373                   /home/ubuntu/.local/lib/python3.10/site-packages/scipy/linalg/cython_blas.cpython-310-x86_64-linux-gnu.so
7efe9babb000-7efe9babc000 r--p 00041000 00:62 10226373                   /home/ubuntu/.local/lib/python3.10/site-packages/scipy/linalg/cython_blas.cpython-310-x86_64-linux-gnu.so
7efe9babc000-7efe9babe000 rw-p 00042000 00:62 10226373                   /home/ubuntu/.local/lib/python3.10/site-packages/scipy/linalg/cython_blas.cpython-310-x86_64-linux-gnu.so
7efe9babe000-7efe9babf000 rw-p 00000000 00:00 0 
7efe9babf000-7efe9bac3000 rw-p 00051000 00:62 10226373                   /home/ubuntu/.local/lib/python3.10/site-packages/scipy/linalg/cython_blas.cpython-310-x86_64-linux-gnu.so
7efe9bac3000-7efe9bac5000 rw-p 00055000 00:62 10226373                   /home/ubuntu/.local/lib/python3.10/site-packages/scipy/linalg/cython_blas.cpython-310-x86_64-linux-gnu.so
7efe9bac5000-7efe9badf000 r--p 00000000 00:62 10226353                   /home/ubuntu/.local/lib/python3.10/site-packages/scipy/linalg/cython_lapack.cpython-310-x86_64-linux-gnu.so
7efe9badf000-7efe9bafe000 r-xp 0001a000 00:62 10226353                   /home/ubuntu/.local/lib/python3.10/site-packages/scipy/linalg/cython_lapack.cpython-310-x86_64-linux-gnu.so
7efe9bafe000-7efe9bb56000 r--p 00039000 00:62 10226353                   /home/ubuntu/.local/lib/python3.10/site-packages/scipy/linalg/cython_lapack.cpython-310-x86_64-linux-gnu.so
7efe9bb56000-7efe9bb57000 ---p 00091000 00:62 10226353                   /home/ubuntu/.local/lib/python3.10/site-packages/scipy/linalg/cython_lapack.cpython-310-x86_64-linux-gnu.so
7efe9bb57000-7efe9bb58000 r--p 00091000 00:62 10226353                   /home/ubuntu/.local/lib/python3.10/site-packages/scipy/linalg/cython_lapack.cpython-310-x86_64-linux-gnu.so
7efe9bb58000-7efe9bb5c000 rw-p 00092000 00:62 10226353                   /home/ubuntu/.local/lib/python3.10/site-packages/scipy/linalg/cython_lapack.cpython-310-x86_64-linux-gnu.so
7efe9bb5c000-7efe9bb6c000 rw-p 000c1000 00:62 10226353                   /home/ubuntu/.local/lib/python3.10/site-packages/scipy/linalg/cython_lapack.cpython-310-x86_64-linux-gnu.so
7efe9bb6c000-7efe9bb72000 rw-p 000d1000 00:62 10226353                   /home/ubuntu/.local/lib/python3.10/site-packages/scipy/linalg/cython_lapack.cpython-310-x86_64-linux-gnu.so
7efe9bb72000-7efe9bb78000 r--p 00000000 00:62 10226385                   /home/ubuntu/.local/lib/python3.10/site-packages/scipy/linalg/_cythonized_array_utils.cpython-310-x86_64-linux-gnu.so
7efe9bb78000-7efe9bbec000 r-xp 00006000 00:62 10226385                   /home/ubuntu/.local/lib/python3.10/site-packages/scipy/linalg/_cythonized_array_utils.cpython-310-x86_64-linux-gnu.so
7efe9bbec000-7efe9bbfa000 r--p 0007a000 00:62 10226385                   /home/ubuntu/.local/lib/python3.10/site-packages/scipy/linalg/_cythonized_array_utils.cpython-310-x86_64-linux-gnu.so
7efe9bbfa000-7efe9bbfb000 ---p 00088000 00:62 10226385                   /home/ubuntu/.local/lib/python3.10/site-packages/scipy/linalg/_cythonized_array_utils.cpython-310-x86_64-linux-gnu.so
7efe9bbfb000-7efe9bbfc000 r--p 00088000 00:62 10226385                   /home/ubuntu/.local/lib/python3.10/site-packages/scipy/linalg/_cythonized_array_utils.cpython-310-x86_64-linux-gnu.so
7efe9bbfc000-7efe9bbff000 rw-p 00089000 00:62 10226385                   /home/ubuntu/.local/lib/python3.10/site-packages/scipy/linalg/_cythonized_array_utils.cpython-310-x86_64-linux-gnu.so
7efe9bbff000-7efe9bc00000 rw-p 00000000 00:00 0 
7efe9bc00000-7efe9be76000 r-xp 00000000 00:62 10227618                   /home/ubuntu/.local/lib/python3.10/site-packages/scipy.libs/libgfortran-040039e1-0352e75f.so.5.0.0
7efe9be76000-7efe9c075000 ---p 00276000 00:62 10227618                   /home/ubuntu/.local/lib/python3.10/site-packages/scipy.libs/libgfortran-040039e1-0352e75f.so.5.0.0
7efe9c075000-7efe9c076000 r--p 00275000 00:62 10227618                   /home/ubuntu/.local/lib/python3.10/site-packages/scipy.libs/libgfortran-040039e1-0352e75f.so.5.0.0
7efe9c076000-7efe9c078000 rw-p 00276000 00:62 10227618                   /home/ubuntu/.local/lib/python3.10/site-packages/scipy.libs/libgfortran-040039e1-0352e75f.so.5.0.0
7efe9c078000-7efe9c084000 rw-p 0027b000 00:62 10227618                   /home/ubuntu/.local/lib/python3.10/site-packages/scipy.libs/libgfortran-040039e1-0352e75f.so.5.0.0
7efe9c084000-7efe9c08d000 rw-p 00287000 00:62 10227618                   /home/ubuntu/.local/lib/python3.10/site-packages/scipy.libs/libgfortran-040039e1-0352e75f.so.5.0.0
7efe9c08d000-7efe9c096000 rw-p 00290000 00:62 10227618                   /home/ubuntu/.local/lib/python3.10/site-packages/scipy.libs/libgfortran-040039e1-0352e75f.so.5.0.0
7efe9c096000-7efe9c09f000 rw-p 00299000 00:62 10227618                   /home/ubuntu/.local/lib/python3.10/site-packages/scipy.libs/libgfortran-040039e1-0352e75f.so.5.0.0
7efe9c09f000-7efe9c0a8000 rw-p 002a2000 00:62 10227618                   /home/ubuntu/.local/lib/python3.10/site-packages/scipy.libs/libgfortran-040039e1-0352e75f.so.5.0.0
7efe9c0a8000-7efe9c0b1000 rw-p 002ab000 00:62 10227618                   /home/ubuntu/.local/lib/python3.10/site-packages/scipy.libs/libgfortran-040039e1-0352e75f.so.5.0.0
7efe9c0b5000-7efe9c0b9000 r--p 00000000 00:62 10226393                   /home/ubuntu/.local/lib/python3.10/site-packages/scipy/linalg/_decomp_update.cpython-310-x86_64-linux-gnu.so
7efe9c0b9000-7efe9c0f7000 r-xp 00004000 00:62 10226393                   /home/ubuntu/.local/lib/python3.10/site-packages/scipy/linalg/_decomp_update.cpython-310-x86_64-linux-gnu.so
7efe9c0f7000-7efe9c107000 r--p 00042000 00:62 10226393                   /home/ubuntu/.local/lib/python3.10/site-packages/scipy/linalg/_decomp_update.cpython-310-x86_64-linux-gnu.so
7efe9c107000-7efe9c108000 r--p 00051000 00:62 10226393                   /home/ubuntu/.local/lib/python3.10/site-packages/scipy/linalg/_decomp_update.cpython-310-x86_64-linux-gnu.so
7efe9c108000-7efe9c109000 rw-p 00052000 00:62 10226393                   /home/ubuntu/.local/lib/python3.10/site-packages/scipy/linalg/_decomp_update.cpython-310-x86_64-linux-gnu.so
7efe9c109000-7efe9c20a000 rw-p 00000000 00:00 0 
7efe9c20a000-7efe9c2b5000 r--p 00000000 00:62 10227621                   /home/ubuntu/.local/lib/python3.10/site-packages/scipy.libs/libscipy_openblas-68440149.so
7efe9c2b5000-7efe9d3c6000 r-xp 000ab000 00:62 10227621                   /home/ubuntu/.local/lib/python3.10/site-packages/scipy.libs/libscipy_openblas-68440149.so
7efe9d3c6000-7efe9d575000 r--p 011bc000 00:62 10227621                   /home/ubuntu/.local/lib/python3.10/site-packages/scipy.libs/libscipy_openblas-68440149.so
7efe9d575000-7efe9d57b000 r--p 0136a000 00:62 10227621                   /home/ubuntu/.local/lib/python3.10/site-packages/scipy.libs/libscipy_openblas-68440149.so
7efe9d57b000-7efe9d586000 rw-p 01370000 00:62 10227621                   /home/ubuntu/.local/lib/python3.10/site-packages/scipy.libs/libscipy_openblas-68440149.so
7efe9d586000-7efe9d58e000 rw-p 00000000 00:00 0 
7efe9d58e000-7efe9d5d0000 rw-p 01435000 00:62 10227621                   /home/ubuntu/.local/lib/python3.10/site-packages/scipy.libs/libscipy_openblas-68440149.so
7efe9d5d0000-7efe9d5fe000 rw-p 01477000 00:62 10227621                   /home/ubuntu/.local/lib/python3.10/site-packages/scipy.libs/libscipy_openblas-68440149.so
7efe9d5fe000-7efe9d62c000 rw-p 014a5000 00:62 10227621                   /home/ubuntu/.local/lib/python3.10/site-packages/scipy.libs/libscipy_openblas-68440149.so
7efe9d62c000-7efe9d65a000 rw-p 014d3000 00:62 10227621                   /home/ubuntu/.local/lib/python3.10/site-packages/scipy.libs/libscipy_openblas-68440149.so
7efe9d65a000-7efe9d688000 rw-p 01501000 00:62 10227621                   /home/ubuntu/.local/lib/python3.10/site-packages/scipy.libs/libscipy_openblas-68440149.so
7efe9d688000-7efe9d6af000 r--p 00000000 00:62 10226386                   /home/ubuntu/.local/lib/python3.10/site-packages/scipy/linalg/_fblas.cpython-310-x86_64-linux-gnu.so
7efe9d6af000-7efe9d6f7000 r-xp 00027000 00:62 10226386                   /home/ubuntu/.local/lib/python3.10/site-packages/scipy/linalg/_fblas.cpython-310-x86_64-linux-gnu.so
7efe9d6f7000-7efe9d724000 r--p 0006f000 00:62 10226386                   /home/ubuntu/.local/lib/python3.10/site-packages/scipy/linalg/_fblas.cpython-310-x86_64-linux-gnu.so
7efe9d724000-7efe9d725000 r--p 0009b000 00:62 10226386                   /home/ubuntu/.local/lib/python3.10/site-packages/scipy/linalg/_fblas.cpython-310-x86_64-linux-gnu.so
7efe9d725000-7efe9d74e000 rw-p 0009c000 00:62 10226386                   /home/ubuntu/.local/lib/python3.10/site-packages/scipy/linalg/_fblas.cpython-310-x86_64-linux-gnu.so
7efe9d74e000-7efe9d75f000 rw-p 000e5000 00:62 10226386                   /home/ubuntu/.local/lib/python3.10/site-packages/scipy/linalg/_fblas.cpython-310-x86_64-linux-gnu.so
7efe9d75f000-7efe9d766000 rw-p 000f6000 00:62 10226386                   /home/ubuntu/.local/lib/python3.10/site-packages/scipy/linalg/_fblas.cpython-310-x86_64-linux-gnu.so
7efe9d766000-7efe9d866000 rw-p 00000000 00:00 0 
7efe9d866000-7efe9d869000 r--p 00000000 00:62 10226810                   /home/ubuntu/.local/lib/python3.10/site-packages/scipy/sparse/_sparsetools.cpython-310-x86_64-linux-gnu.so
7efe9d869000-7efe9dc20000 r-xp 00003000 00:62 10226810                   /home/ubuntu/.local/lib/python3.10/site-packages/scipy/sparse/_sparsetools.cpython-310-x86_64-linux-gnu.so
7efe9dc20000-7efe9dc72000 r--p 003ba000 00:62 10226810                   /home/ubuntu/.local/lib/python3.10/site-packages/scipy/sparse/_sparsetools.cpython-310-x86_64-linux-gnu.so
7efe9dc72000-7efe9dc73000 r--p 0040b000 00:62 10226810                   /home/ubuntu/.local/lib/python3.10/site-packages/scipy/sparse/_sparsetools.cpython-310-x86_64-linux-gnu.so
7efe9dc73000-7efe9dc74000 rw-p 0040c000 00:62 10226810                   /home/ubuntu/.local/lib/python3.10/site-packages/scipy/sparse/_sparsetools.cpython-310-x86_64-linux-gnu.so
7efe9dc74000-7efe9dd74000 rw-p 00000000 00:00 0 
7efe9dd74000-7efe9ddc1000 r--p 00000000 00:62 10235024                   /home/ubuntu/.local/lib/python3.10/site-packages/tiktoken/_tiktoken.cpython-310-x86_64-linux-gnu.so
7efe9ddc1000-7efe9df20000 r-xp 0004d000 00:62 10235024                   /home/ubuntu/.local/lib/python3.10/site-packages/tiktoken/_tiktoken.cpython-310-x86_64-linux-gnu.so
7efe9df20000-7efe9dfa4000 r--p 001ac000 00:62 10235024                   /home/ubuntu/.local/lib/python3.10/site-packages/tiktoken/_tiktoken.cpython-310-x86_64-linux-gnu.so
7efe9dfa4000-7efe9dfa5000 ---p 00230000 00:62 10235024                   /home/ubuntu/.local/lib/python3.10/site-packages/tiktoken/_tiktoken.cpython-310-x86_64-linux-gnu.so
7efe9dfa5000-7efe9dfe4000 r--p 00230000 00:62 10235024                   /home/ubuntu/.local/lib/python3.10/site-packages/tiktoken/_tiktoken.cpython-310-x86_64-linux-gnu.so
7efe9dfe4000-7efe9dfe5000 rw-p 0026f000 00:62 10235024                   /home/ubuntu/.local/lib/python3.10/site-packages/tiktoken/_tiktoken.cpython-310-x86_64-linux-gnu.so
7efe9dfe5000-7efe9dff5000 r--p 00000000 00:62 10172787                   /home/ubuntu/.local/lib/python3.10/site-packages/regex/_regex.cpython-310-x86_64-linux-gnu.so
7efe9dff5000-7efe9e02f000 r-xp 00010000 00:62 10172787                   /home/ubuntu/.local/lib/python3.10/site-packages/regex/_regex.cpython-310-x86_64-linux-gnu.so
7efe9e02f000-7efe9e0ae000 r--p 0004a000 00:62 10172787                   /home/ubuntu/.local/lib/python3.10/site-packages/regex/_regex.cpython-310-x86_64-linux-gnu.so
7efe9e0ae000-7efe9e0af000 r--p 000c8000 00:62 10172787                   /home/ubuntu/.local/lib/python3.10/site-packages/regex/_regex.cpython-310-x86_64-linux-gnu.so
7efe9e0af000-7efe9e0b8000 rw-p 000c9000 00:62 10172787                   /home/ubuntu/.local/lib/python3.10/site-packages/regex/_regex.cpython-310-x86_64-linux-gnu.so
7efe9e0b8000-7efe9e5b8000 rw-p 00000000 00:00 0 
7efe9e5b8000-7efe9e64f000 r--p 00000000 00:62 10238461                   /home/ubuntu/.local/lib/python3.10/site-packages/tokenizers/tokenizers.cpython-310-x86_64-linux-gnu.so
7efe9e64f000-7efe9e9fb000 r-xp 00097000 00:62 10238461                   /home/ubuntu/.local/lib/python3.10/site-packages/tokenizers/tokenizers.cpython-310-x86_64-linux-gnu.so
7efe9e9fb000-7efe9eb7d000 r--p 00443000 00:62 10238461                   /home/ubuntu/.local/lib/python3.10/site-packages/tokenizers/tokenizers.cpython-310-x86_64-linux-gnu.so
7efe9eb7d000-7efe9ebf7000 r--p 005c4000 00:62 10238461                   /home/ubuntu/.local/lib/python3.10/site-packages/tokenizers/tokenizers.cpython-310-x86_64-linux-gnu.so
7efe9ebf7000-7efe9ebfe000 rw-p 0063e000 00:62 10238461                   /home/ubuntu/.local/lib/python3.10/site-packages/tokenizers/tokenizers.cpython-310-x86_64-linux-gnu.so
7efe9ebfe000-7efe9ec53000 r--p 00000000 00:62 10172736                   /home/ubuntu/.local/lib/python3.10/site-packages/sentencepiece/_sentencepiece.cpython-310-x86_64-linux-gnu.so
7efe9ec53000-7efe9ed91000 r-xp 00055000 00:62 10172736                   /home/ubuntu/.local/lib/python3.10/site-packages/sentencepiece/_sentencepiece.cpython-310-x86_64-linux-gnu.so
7efe9ed91000-7efe9ede1000 r--p 00193000 00:62 10172736                   /home/ubuntu/.local/lib/python3.10/site-packages/sentencepiece/_sentencepiece.cpython-310-x86_64-linux-gnu.so
7efe9ede1000-7efe9ede4000 r--p 001e3000 00:62 10172736                   /home/ubuntu/.local/lib/python3.10/site-packages/sentencepiece/_sentencepiece.cpython-310-x86_64-linux-gnu.so
7efe9ede4000-7efe9ede7000 rw-p 001e6000 00:62 10172736                   /home/ubuntu/.local/lib/python3.10/site-packages/sentencepiece/_sentencepiece.cpython-310-x86_64-linux-gnu.so
7efe9ede7000-7efe9fee7000 rw-p 00000000 00:00 0 
7efe9feea000-7efe9feec000 r--p 00000000 00:62 10235981                   /home/ubuntu/.local/lib/python3.10/site-packages/sklearn/utils/_heap.cpython-310-x86_64-linux-gnu.so
7efe9feec000-7efe9feed000 r-xp 00002000 00:62 10235981                   /home/ubuntu/.local/lib/python3.10/site-packages/sklearn/utils/_heap.cpython-310-x86_64-linux-gnu.so
7efe9feed000-7efe9feee000 r--p 00003000 00:62 10235981                   /home/ubuntu/.local/lib/python3.10/site-packages/sklearn/utils/_heap.cpython-310-x86_64-linux-gnu.so
7efe9feee000-7efe9feef000 r--p 00003000 00:62 10235981                   /home/ubuntu/.local/lib/python3.10/site-packages/sklearn/utils/_heap.cpython-310-x86_64-linux-gnu.so
7efe9feef000-7efe9fef0000 rw-p 00004000 00:62 10235981                   /home/ubuntu/.local/lib/python3.10/site-packages/sklearn/utils/_heap.cpython-310-x86_64-linux-gnu.so
7efe9fef0000-7efe9fef4000 r--p 00000000 00:62 10229401                   /home/ubuntu/.local/lib/python3.10/site-packages/pandas/_libs/properties.cpython-310-x86_64-linux-gnu.so
7efe9fef4000-7efe9ff00000 r-xp 00004000 00:62 10229401                   /home/ubuntu/.local/lib/python3.10/site-packages/pandas/_libs/properties.cpython-310-x86_64-linux-gnu.so
7efe9ff00000-7efe9ff03000 r--p 00010000 00:62 10229401                   /home/ubuntu/.local/lib/python3.10/site-packages/pandas/_libs/properties.cpython-310-x86_64-linux-gnu.so
7efe9ff03000-7efe9ff04000 r--p 00012000 00:62 10229401                   /home/ubuntu/.local/lib/python3.10/site-packages/pandas/_libs/properties.cpython-310-x86_64-linux-gnu.so
7efe9ff04000-7efe9ff05000 rw-p 00013000 00:62 10229401                   /home/ubuntu/.local/lib/python3.10/site-packages/pandas/_libs/properties.cpython-310-x86_64-linux-gnu.so
7efe9ff05000-7efe9ff06000 rw-p 00000000 00:00 0 
7efe9ff06000-7efe9ff0d000 r--p 00000000 00:62 10229444                   /home/ubuntu/.local/lib/python3.10/site-packages/pandas/_libs/tslibs/tzconversion.cpython-310-x86_64-linux-gnu.so
7efe9ff0d000-7efe9ff4a000 r-xp 00007000 00:62 10229444                   /home/ubuntu/.local/lib/python3.10/site-packages/pandas/_libs/tslibs/tzconversion.cpython-310-x86_64-linux-gnu.so
7efe9ff4a000-7efe9ff53000 r--p 00044000 00:62 10229444                   /home/ubuntu/.local/lib/python3.10/site-packages/pandas/_libs/tslibs/tzconversion.cpython-310-x86_64-linux-gnu.so
7efe9ff53000-7efe9ff55000 r--p 0004d000 00:62 10229444                   /home/ubuntu/.local/lib/python3.10/site-packages/pandas/_libs/tslibs/tzconversion.cpython-310-x86_64-linux-gnu.so
7efe9ff55000-7efe9ff57000 rw-p 0004f000 00:62 10229444                   /home/ubuntu/.local/lib/python3.10/site-packages/pandas/_libs/tslibs/tzconversion.cpython-310-x86_64-linux-gnu.so
7efe9ff57000-7efe9ff58000 rw-p 00000000 00:00 0 
7efe9ff58000-7efe9ff5f000 r--p 00000000 00:62 10229424                   /home/ubuntu/.local/lib/python3.10/site-packages/pandas/_libs/tslibs/fields.cpython-310-x86_64-linux-gnu.so
7efe9ff5f000-7efe9ff9d000 r-xp 00007000 00:62 10229424                   /home/ubuntu/.local/lib/python3.10/site-packages/pandas/_libs/tslibs/fields.cpython-310-x86_64-linux-gnu.so
7efe9ff9d000-7efe9ffa7000 r--p 00045000 00:62 10229424                   /home/ubuntu/.local/lib/python3.10/site-packages/pandas/_libs/tslibs/fields.cpython-310-x86_64-linux-gnu.so
7efe9ffa7000-7efe9ffa9000 r--p 0004e000 00:62 10229424                   /home/ubuntu/.local/lib/python3.10/site-packages/pandas/_libs/tslibs/fields.cpython-310-x86_64-linux-gnu.so
7efe9ffa9000-7efe9ffab000 rw-p 00050000 00:62 10229424                   /home/ubuntu/.local/lib/python3.10/site-packages/pandas/_libs/tslibs/fields.cpython-310-x86_64-linux-gnu.so
7efe9ffab000-7efe9ffac000 rw-p 00000000 00:00 0 
7efe9ffac000-7efe9ffae000 r--p 00000000 00:62 10045286                   /usr/lib/python3.10/lib-dynload/_zoneinfo.cpython-310-x86_64-linux-gnu.so
7efe9ffae000-7efe9ffb4000 r-xp 00002000 00:62 10045286                   /usr/lib/python3.10/lib-dynload/_zoneinfo.cpython-310-x86_64-linux-gnu.so
7efe9ffb4000-7efe9ffb6000 r--p 00008000 00:62 10045286                   /usr/lib/python3.10/lib-dynload/_zoneinfo.cpython-310-x86_64-linux-gnu.so
7efe9ffb6000-7efe9ffb7000 r--p 00009000 00:62 10045286                   /usr/lib/python3.10/lib-dynload/_zoneinfo.cpython-310-x86_64-linux-gnu.so
7efe9ffb7000-7efe9ffb8000 rw-p 0000a000 00:62 10045286                   /usr/lib/python3.10/lib-dynload/_zoneinfo.cpython-310-x86_64-linux-gnu.so
7efe9ffb8000-7efe9ffbe000 r--p 00000000 00:62 10229442                   /home/ubuntu/.local/lib/python3.10/site-packages/pandas/_libs/tslibs/timezones.cpython-310-x86_64-linux-gnu.so
7efe9ffbe000-7efe9fff0000 r-xp 00006000 00:62 10229442                   /home/ubuntu/.local/lib/python3.10/site-packages/pandas/_libs/tslibs/timezones.cpython-310-x86_64-linux-gnu.so
7efe9fff0000-7efe9fff9000 r--p 00038000 00:62 10229442                   /home/ubuntu/.local/lib/python3.10/site-packages/pandas/_libs/tslibs/timezones.cpython-310-x86_64-linux-gnu.so
7efe9fff9000-7efe9fffb000 r--p 00040000 00:62 10229442                   /home/ubuntu/.local/lib/python3.10/site-packages/pandas/_libs/tslibs/timezones.cpython-310-x86_64-linux-gnu.so
7efe9fffb000-7efe9fffd000 rw-p 00042000 00:62 10229442                   /home/ubuntu/.local/lib/python3.10/site-packages/pandas/_libs/tslibs/timezones.cpython-310-x86_64-linux-gnu.so
7efe9fffd000-7efe9fffe000 rw-p 00000000 00:00 0 
7efe9fffe000-7efea0008000 r--p 00000000 00:62 10229438                   /home/ubuntu/.local/lib/python3.10/site-packages/pandas/_libs/tslibs/timedeltas.cpython-310-x86_64-linux-gnu.so
7efea0008000-7efea0076000 r-xp 0000a000 00:62 10229438                   /home/ubuntu/.local/lib/python3.10/site-packages/pandas/_libs/tslibs/timedeltas.cpython-310-x86_64-linux-gnu.so
7efea0076000-7efea008b000 r--p 00078000 00:62 10229438                   /home/ubuntu/.local/lib/python3.10/site-packages/pandas/_libs/tslibs/timedeltas.cpython-310-x86_64-linux-gnu.so
7efea008b000-7efea008e000 r--p 0008c000 00:62 10229438                   /home/ubuntu/.local/lib/python3.10/site-packages/pandas/_libs/tslibs/timedeltas.cpython-310-x86_64-linux-gnu.so
7efea008e000-7efea0091000 rw-p 0008f000 00:62 10229438                   /home/ubuntu/.local/lib/python3.10/site-packages/pandas/_libs/tslibs/timedeltas.cpython-310-x86_64-linux-gnu.so
7efea0091000-7efea0093000 rw-p 00000000 00:00 0 
7efea0093000-7efea0099000 r--p 00000000 00:62 10229426                   /home/ubuntu/.local/lib/python3.10/site-packages/pandas/_libs/tslibs/nattype.cpython-310-x86_64-linux-gnu.so
7efea0099000-7efea00ba000 r-xp 00006000 00:62 10229426                   /home/ubuntu/.local/lib/python3.10/site-packages/pandas/_libs/tslibs/nattype.cpython-310-x86_64-linux-gnu.so
7efea00ba000-7efea00c8000 r--p 00027000 00:62 10229426                   /home/ubuntu/.local/lib/python3.10/site-packages/pandas/_libs/tslibs/nattype.cpython-310-x86_64-linux-gnu.so
7efea00c8000-7efea00ca000 r--p 00034000 00:62 10229426                   /home/ubuntu/.local/lib/python3.10/site-packages/pandas/_libs/tslibs/nattype.cpython-310-x86_64-linux-gnu.so
7efea00ca000-7efea00cc000 rw-p 00036000 00:62 10229426                   /home/ubuntu/.local/lib/python3.10/site-packages/pandas/_libs/tslibs/nattype.cpython-310-x86_64-linux-gnu.so
7efea00cc000-7efea00cd000 rw-p 00000000 00:00 0 
7efea00cd000-7efea00d8000 r--p 00000000 00:62 10229440                   /home/ubuntu/.local/lib/python3.10/site-packages/pandas/_libs/tslibs/timestamps.cpython-310-x86_64-linux-gnu.so
7efea00d8000-7efea013f000 r-xp 0000b000 00:62 10229440                   /home/ubuntu/.local/lib/python3.10/site-packages/pandas/_libs/tslibs/timestamps.cpython-310-x86_64-linux-gnu.so
7efea013f000-7efea0160000 r--p 00072000 00:62 10229440                   /home/ubuntu/.local/lib/python3.10/site-packages/pandas/_libs/tslibs/timestamps.cpython-310-x86_64-linux-gnu.so
7efea0160000-7efea0163000 r--p 00092000 00:62 10229440                   /home/ubuntu/.local/lib/python3.10/site-packages/pandas/_libs/tslibs/timestamps.cpython-310-x86_64-linux-gnu.so
7efea0163000-7efea0166000 rw-p 00095000 00:62 10229440                   /home/ubuntu/.local/lib/python3.10/site-packages/pandas/_libs/tslibs/timestamps.cpython-310-x86_64-linux-gnu.so
7efea0166000-7efea1568000 rw-p 00000000 00:00 0 
7efea156a000-7efea156b000 r--p 00000000 00:62 10226763                   /home/ubuntu/.local/lib/python3.10/site-packages/scipy/ndimage/_rank_filter_1d.cpython-310-x86_64-linux-gnu.so
7efea156b000-7efea156e000 r-xp 00001000 00:62 10226763                   /home/ubuntu/.local/lib/python3.10/site-packages/scipy/ndimage/_rank_filter_1d.cpython-310-x86_64-linux-gnu.so
7efea156e000-7efea156f000 r--p 00004000 00:62 10226763                   /home/ubuntu/.local/lib/python3.10/site-packages/scipy/ndimage/_rank_filter_1d.cpython-310-x86_64-linux-gnu.so
7efea156f000-7efea1570000 r--p 00004000 00:62 10226763                   /home/ubuntu/.local/lib/python3.10/site-packages/scipy/ndimage/_rank_filter_1d.cpython-310-x86_64-linux-gnu.so
7efea1570000-7efea1571000 rw-p 00005000 00:62 10226763                   /home/ubuntu/.local/lib/python3.10/site-packages/scipy/ndimage/_rank_filter_1d.cpython-310-x86_64-linux-gnu.so
7efea1571000-7efea1572000 r--p 00000000 00:62 10226175                   /home/ubuntu/.local/lib/python3.10/site-packages/scipy/optimize/_lsap.cpython-310-x86_64-linux-gnu.so
7efea1572000-7efea1574000 r-xp 00001000 00:62 10226175                   /home/ubuntu/.local/lib/python3.10/site-packages/scipy/optimize/_lsap.cpython-310-x86_64-linux-gnu.so
7efea1574000-7efea1576000 r--p 00003000 00:62 10226175                   /home/ubuntu/.local/lib/python3.10/site-packages/scipy/optimize/_lsap.cpython-310-x86_64-linux-gnu.so
7efea1576000-7efea1577000 r--p 00004000 00:62 10226175                   /home/ubuntu/.local/lib/python3.10/site-packages/scipy/optimize/_lsap.cpython-310-x86_64-linux-gnu.so
7efea1577000-7efea1578000 rw-p 00005000 00:62 10226175                   /home/ubuntu/.local/lib/python3.10/site-packages/scipy/optimize/_lsap.cpython-310-x86_64-linux-gnu.so
7efea1578000-7efea157b000 r--p 00000000 00:62 10226847                   /home/ubuntu/.local/lib/python3.10/site-packages/scipy/sparse/csgraph/_tools.cpython-310-x86_64-linux-gnu.so
7efea157b000-7efea159c000 r-xp 00003000 00:62 10226847                   /home/ubuntu/.local/lib/python3.10/site-packages/scipy/sparse/csgraph/_tools.cpython-310-x86_64-linux-gnu.so
7efea159c000-7efea15a6000 r--p 00024000 00:62 10226847                   /home/ubuntu/.local/lib/python3.10/site-packages/scipy/sparse/csgraph/_tools.cpython-310-x86_64-linux-gnu.so
7efea15a6000-7efea15a7000 r--p 0002d000 00:62 10226847                   /home/ubuntu/.local/lib/python3.10/site-packages/scipy/sparse/csgraph/_tools.cpython-310-x86_64-linux-gnu.so
7efea15a7000-7efea15a8000 rw-p 0002e000 00:62 10226847                   /home/ubuntu/.local/lib/python3.10/site-packages/scipy/sparse/csgraph/_tools.cpython-310-x86_64-linux-gnu.so
7efea15a8000-7efea19a9000 rw-p 00000000 00:00 0 
7efea19a9000-7efea1a5b000 r--p 00000000 00:62 25773368                   /usr/lib/x86_64-linux-gnu/libcrypto.so.3
7efea1a5b000-7efea1cba000 r-xp 000b2000 00:62 25773368                   /usr/lib/x86_64-linux-gnu/libcrypto.so.3
7efea1cba000-7efea1d8c000 r--p 00311000 00:62 25773368                   /usr/lib/x86_64-linux-gnu/libcrypto.so.3
7efea1d8c000-7efea1de7000 r--p 003e2000 00:62 25773368                   /usr/lib/x86_64-linux-gnu/libcrypto.so.3
7efea1de7000-7efea1dea000 rw-p 0043d000 00:62 25773368                   /usr/lib/x86_64-linux-gnu/libcrypto.so.3
7efea1dea000-7efeb3ded000 rw-p 00000000 00:00 0 
7efeb3ded000-7efeb3dee000 ---p 00000000 00:00 0 
7efeb3dee000-7efeb65ee000 rw-p 00000000 00:00 0 
7efeb65ee000-7efeb65ef000 ---p 00000000 00:00 0 
7efeb65ef000-7efeb6def000 rw-p 00000000 00:00 0 
7efeb6def000-7efeb6df0000 ---p 00000000 00:00 0 
7efeb6df0000-7efeb75f0000 rw-p 00000000 00:00 0 
7efeb75f0000-7efeb75f1000 ---p 00000000 00:00 0 
7efeb75f1000-7efeb7df1000 rw-p 00000000 00:00 0 
7efeb7df1000-7efeb7df2000 ---p 00000000 00:00 0 
7efeb7df2000-7efeb85f2000 rw-p 00000000 00:00 0 
7efeb85f2000-7efeb85f3000 ---p 00000000 00:00 0 
7efeb85f3000-7efeb8df3000 rw-p 00000000 00:00 0 
7efeb8df3000-7efeb8df4000 ---p 00000000 00:00 0 
7efeb8df4000-7efeb95f4000 rw-p 00000000 00:00 0 
7efeb95f4000-7efeb95f5000 ---p 00000000 00:00 0 
7efeb95f5000-7efeb9df5000 rw-p 00000000 00:00 0 
7efeb9df5000-7efeb9df6000 ---p 00000000 00:00 0 
7efeb9df6000-7efebc5f6000 rw-p 00000000 00:00 0 
7efebc5f6000-7efebc5f7000 ---p 00000000 00:00 0 
7efebc5f7000-7efebedf7000 rw-p 00000000 00:00 0 
7efebedf7000-7efebedf8000 ---p 00000000 00:00 0 
7efebedf8000-7efec15f8000 rw-p 00000000 00:00 0 
7efec15f8000-7efec15f9000 ---p 00000000 00:00 0 
7efec15f9000-7efec3df9000 rw-p 00000000 00:00 0 
7efec3df9000-7efec3dfa000 ---p 00000000 00:00 0 
7efec3dfa000-7efec65fa000 rw-p 00000000 00:00 0 
7efec65fa000-7efec65fb000 ---p 00000000 00:00 0 
7efec65fb000-7efec8dfb000 rw-p 00000000 00:00 0 
7efec8dfb000-7efec8dfc000 ---p 00000000 00:00 0 
7efec8dfc000-7efecb5fc000 rw-p 00000000 00:00 0 
7efecb5fc000-7efecb5fd000 ---p 00000000 00:00 0 
7efecb5fd000-7efecddfd000 rw-p 00000000 00:00 0 
7efecddfd000-7efecddfe000 ---p 00000000 00:00 0 
7efecddfe000-7efed05fe000 rw-p 00000000 00:00 0 
7efed05fe000-7efed05ff000 ---p 00000000 00:00 0 
7efed05ff000-7efed0dff000 rw-p 00000000 00:00 0 
7efed0dff000-7efed0e00000 ---p 00000000 00:00 0 
7efed0e00000-7efed1600000 rw-p 00000000 00:00 0 
7efed1600000-7efed163b000 r-xp 00000000 00:62 10175842                   /home/ubuntu/.local/lib/python3.10/site-packages/numpy.libs/libquadmath-96973f99.so.0.0.0
7efed163b000-7efed183a000 ---p 0003b000 00:62 10175842                   /home/ubuntu/.local/lib/python3.10/site-packages/numpy.libs/libquadmath-96973f99.so.0.0.0
7efed183a000-7efed183b000 r--p 0003a000 00:62 10175842                   /home/ubuntu/.local/lib/python3.10/site-packages/numpy.libs/libquadmath-96973f99.so.0.0.0
7efed183b000-7efed183c000 rw-p 0003b000 00:62 10175842                   /home/ubuntu/.local/lib/python3.10/site-packages/numpy.libs/libquadmath-96973f99.so.0.0.0
7efed183c000-7efed183d000 rw-p 0003c000 00:62 10175842                   /home/ubuntu/.local/lib/python3.10/site-packages/numpy.libs/libquadmath-96973f99.so.0.0.0
7efed183e000-7efed183f000 r--s 00000000 08:00 45646499                   /home/ubuntu/tbazzocchi/FRAG/MedRAG/corpus/wikipedia/index/bm25/_a.fdx
7efed183f000-7efed1840000 r--s 00000000 08:00 45646512                   /home/ubuntu/tbazzocchi/FRAG/MedRAG/corpus/wikipedia/index/bm25/_6.fdx
7efed1840000-7efed1841000 r--s 00000000 08:00 45646534                   /home/ubuntu/tbazzocchi/FRAG/MedRAG/corpus/wikipedia/index/bm25/_8.fdx
7efed1841000-7efed1847000 r--p 00000000 00:62 10226838                   /home/ubuntu/.local/lib/python3.10/site-packages/scipy/sparse/_csparsetools.cpython-310-x86_64-linux-gnu.so
7efed1847000-7efed18eb000 r-xp 00006000 00:62 10226838                   /home/ubuntu/.local/lib/python3.10/site-packages/scipy/sparse/_csparsetools.cpython-310-x86_64-linux-gnu.so
7efed18eb000-7efed18fa000 r--p 000aa000 00:62 10226838                   /home/ubuntu/.local/lib/python3.10/site-packages/scipy/sparse/_csparsetools.cpython-310-x86_64-linux-gnu.so
7efed18fa000-7efed18fb000 r--p 000b8000 00:62 10226838                   /home/ubuntu/.local/lib/python3.10/site-packages/scipy/sparse/_csparsetools.cpython-310-x86_64-linux-gnu.so
7efed18fb000-7efed18fe000 rw-p 000b9000 00:62 10226838                   /home/ubuntu/.local/lib/python3.10/site-packages/scipy/sparse/_csparsetools.cpython-310-x86_64-linux-gnu.so
7efed18fe000-7efed1a00000 rw-p 00000000 00:00 0 
7efed1a00000-7efed1c76000 r-xp 00000000 00:62 10175843                   /home/ubuntu/.local/lib/python3.10/site-packages/numpy.libs/libgfortran-040039e1.so.5.0.0
7efed1c76000-7efed1e75000 ---p 00276000 00:62 10175843                   /home/ubuntu/.local/lib/python3.10/site-packages/numpy.libs/libgfortran-040039e1.so.5.0.0
7efed1e75000-7efed1e76000 r--p 00275000 00:62 10175843                   /home/ubuntu/.local/lib/python3.10/site-packages/numpy.libs/libgfortran-040039e1.so.5.0.0
7efed1e76000-7efed1e78000 rw-p 00276000 00:62 10175843                   /home/ubuntu/.local/lib/python3.10/site-packages/numpy.libs/libgfortran-040039e1.so.5.0.0
7efed1e78000-7efed1e84000 rw-p 0027b000 00:62 10175843                   /home/ubuntu/.local/lib/python3.10/site-packages/numpy.libs/libgfortran-040039e1.so.5.0.0
7efed1e84000-7efed1e8d000 rw-p 00287000 00:62 10175843                   /home/ubuntu/.local/lib/python3.10/site-packages/numpy.libs/libgfortran-040039e1.so.5.0.0
7efed1e8d000-7efed1e8e000 r--s 00000000 08:00 45646547                   /home/ubuntu/tbazzocchi/FRAG/MedRAG/corpus/wikipedia/index/bm25/_2.fdx
7efed1e8e000-7efed1e8f000 r--s 00000000 08:00 45646660                   /home/ubuntu/tbazzocchi/FRAG/MedRAG/corpus/wikipedia/index/bm25/_o.fdx
7efed1e8f000-7efed1e91000 r--p 00000000 00:62 10226204                   /home/ubuntu/.local/lib/python3.10/site-packages/scipy/optimize/_cobyla.cpython-310-x86_64-linux-gnu.so
7efed1e91000-7efed1e9f000 r-xp 00002000 00:62 10226204                   /home/ubuntu/.local/lib/python3.10/site-packages/scipy/optimize/_cobyla.cpython-310-x86_64-linux-gnu.so
7efed1e9f000-7efed1ea2000 r--p 00010000 00:62 10226204                   /home/ubuntu/.local/lib/python3.10/site-packages/scipy/optimize/_cobyla.cpython-310-x86_64-linux-gnu.so
7efed1ea2000-7efed1ea3000 r--p 00012000 00:62 10226204                   /home/ubuntu/.local/lib/python3.10/site-packages/scipy/optimize/_cobyla.cpython-310-x86_64-linux-gnu.so
7efed1ea3000-7efed1ea4000 rw-p 00013000 00:62 10226204                   /home/ubuntu/.local/lib/python3.10/site-packages/scipy/optimize/_cobyla.cpython-310-x86_64-linux-gnu.so
7efed1ea4000-7efed1ea5000 rw-p 00017000 00:62 10226204                   /home/ubuntu/.local/lib/python3.10/site-packages/scipy/optimize/_cobyla.cpython-310-x86_64-linux-gnu.so
7efed1ea5000-7efed1ea6000 rw-p 00019000 00:62 10226204                   /home/ubuntu/.local/lib/python3.10/site-packages/scipy/optimize/_cobyla.cpython-310-x86_64-linux-gnu.so
7efed1ea6000-7efed1eb4000 r--p 00000000 00:62 10172773                   /home/ubuntu/.local/lib/python3.10/site-packages/safetensors/_safetensors_rust.abi3.so
7efed1eb4000-7efed1f4a000 r-xp 0000e000 00:62 10172773                   /home/ubuntu/.local/lib/python3.10/site-packages/safetensors/_safetensors_rust.abi3.so
7efed1f4a000-7efed1f75000 r--p 000a4000 00:62 10172773                   /home/ubuntu/.local/lib/python3.10/site-packages/safetensors/_safetensors_rust.abi3.so
7efed1f75000-7efed1f7e000 r--p 000ce000 00:62 10172773                   /home/ubuntu/.local/lib/python3.10/site-packages/safetensors/_safetensors_rust.abi3.so
7efed1f7e000-7efed1f80000 rw-p 000d7000 00:62 10172773                   /home/ubuntu/.local/lib/python3.10/site-packages/safetensors/_safetensors_rust.abi3.so
7efed1f80000-7efed208a000 r--p 00000000 00:62 10175841                   /home/ubuntu/.local/lib/python3.10/site-packages/numpy.libs/libopenblas64_p-r0-0cf96a72.3.23.dev.so
7efed208a000-7efed2092000 r-xp 0010a000 00:62 10175841                   /home/ubuntu/.local/lib/python3.10/site-packages/numpy.libs/libopenblas64_p-r0-0cf96a72.3.23.dev.so
7efed2092000-7efed2098000 ---p 00112000 00:62 10175841                   /home/ubuntu/.local/lib/python3.10/site-packages/numpy.libs/libopenblas64_p-r0-0cf96a72.3.23.dev.so
7efed2098000-7efed3d19000 r-xp 00118000 00:62 10175841                   /home/ubuntu/.local/lib/python3.10/site-packages/numpy.libs/libopenblas64_p-r0-0cf96a72.3.23.dev.so
7efed3d19000-7efed3f29000 r--p 01d99000 00:62 10175841                   /home/ubuntu/.local/lib/python3.10/site-packages/numpy.libs/libopenblas64_p-r0-0cf96a72.3.23.dev.so
7efed3f29000-7efed3f2a000 ---p 01fa9000 00:62 10175841                   /home/ubuntu/.local/lib/python3.10/site-packages/numpy.libs/libopenblas64_p-r0-0cf96a72.3.23.dev.so
7efed3f2a000-7efed3f30000 r--p 01fa9000 00:62 10175841                   /home/ubuntu/.local/lib/python3.10/site-packages/numpy.libs/libopenblas64_p-r0-0cf96a72.3.23.dev.so
7efed3f30000-7efed3f47000 rw-p 01faf000 00:62 10175841                   /home/ubuntu/.local/lib/python3.10/site-packages/numpy.libs/libopenblas64_p-r0-0cf96a72.3.23.dev.so
7efed3f47000-7efed3f53000 rw-p 00000000 00:00 0 
7efed3f53000-7efed3fb6000 rw-p 020d4000 00:62 10175841                   /home/ubuntu/.local/lib/python3.10/site-packages/numpy.libs/libopenblas64_p-r0-0cf96a72.3.23.dev.so
7efed3fb6000-7efed3fff000 rw-p 02137000 00:62 10175841                   /home/ubuntu/.local/lib/python3.10/site-packages/numpy.libs/libopenblas64_p-r0-0cf96a72.3.23.dev.so
7efed3fff000-7efed402a000 r--p 00000000 00:62 10175524                   /home/ubuntu/.local/lib/python3.10/site-packages/numpy/core/_multiarray_umath.cpython-310-x86_64-linux-gnu.so
7efed402a000-7efed4508000 r-xp 0002b000 00:62 10175524                   /home/ubuntu/.local/lib/python3.10/site-packages/numpy/core/_multiarray_umath.cpython-310-x86_64-linux-gnu.so
7efed4508000-7efed467c000 r--p 00509000 00:62 10175524                   /home/ubuntu/.local/lib/python3.10/site-packages/numpy/core/_multiarray_umath.cpython-310-x86_64-linux-gnu.so
7efed467c000-7efed467d000 ---p 0067d000 00:62 10175524                   /home/ubuntu/.local/lib/python3.10/site-packages/numpy/core/_multiarray_umath.cpython-310-x86_64-linux-gnu.so
7efed467d000-7efed467f000 r--p 0067d000 00:62 10175524                   /home/ubuntu/.local/lib/python3.10/site-packages/numpy/core/_multiarray_umath.cpython-310-x86_64-linux-gnu.so
7efed467f000-7efed46a2000 rw-p 0067f000 00:62 10175524                   /home/ubuntu/.local/lib/python3.10/site-packages/numpy/core/_multiarray_umath.cpython-310-x86_64-linux-gnu.so
7efed46a2000-7efed46c2000 rw-p 00000000 00:00 0 
7efed46c2000-7efed46c8000 rw-p 0070b000 00:62 10175524                   /home/ubuntu/.local/lib/python3.10/site-packages/numpy/core/_multiarray_umath.cpython-310-x86_64-linux-gnu.so
7efed46c8000-7efed46cd000 rw-p 00711000 00:62 10175524                   /home/ubuntu/.local/lib/python3.10/site-packages/numpy/core/_multiarray_umath.cpython-310-x86_64-linux-gnu.so
7efed46cd000-7efed477c000 r--p 00000000 103:03 106299464                 /usr/lib/x86_64-linux-gnu/libcuda.so.555.42.02
7efed477c000-7efed4c06000 r-xp 000af000 103:03 106299464                 /usr/lib/x86_64-linux-gnu/libcuda.so.555.42.02
7efed4c06000-7efed60dd000 r--p 00539000 103:03 106299464                 /usr/lib/x86_64-linux-gnu/libcuda.so.555.42.02
7efed60dd000-7efed60de000 ---p 01a10000 103:03 106299464                 /usr/lib/x86_64-linux-gnu/libcuda.so.555.42.02
7efed60de000-7efed60f5000 r--p 01a10000 103:03 106299464                 /usr/lib/x86_64-linux-gnu/libcuda.so.555.42.02
7efed60f5000-7efed6199000 rw-p 01a27000 103:03 106299464                 /usr/lib/x86_64-linux-gnu/libcuda.so.555.42.02
7efed6199000-7efed6200000 rw-p 00000000 00:00 0 
7efed6200000-7efedea43000 r-xp 00000000 00:62 10100322                   /home/ubuntu/.local/lib/python3.10/site-packages/nvidia/nvshmem/lib/libnvshmem_host.so.3
7efedea43000-7efedec43000 ---p 08843000 00:62 10100322                   /home/ubuntu/.local/lib/python3.10/site-packages/nvidia/nvshmem/lib/libnvshmem_host.so.3
7efedec43000-7efedec48000 r--p 08843000 00:62 10100322                   /home/ubuntu/.local/lib/python3.10/site-packages/nvidia/nvshmem/lib/libnvshmem_host.so.3
7efedec48000-7efedec4f000 rw-p 08848000 00:62 10100322                   /home/ubuntu/.local/lib/python3.10/site-packages/nvidia/nvshmem/lib/libnvshmem_host.so.3
7efedec4f000-7efedec75000 rw-p 00000000 00:00 0 
7efedec75000-7efedec78000 r--p 00000000 00:62 10226192                   /home/ubuntu/.local/lib/python3.10/site-packages/scipy/optimize/_group_columns.cpython-310-x86_64-linux-gnu.so
7efedec78000-7efedec85000 r-xp 00003000 00:62 10226192                   /home/ubuntu/.local/lib/python3.10/site-packages/scipy/optimize/_group_columns.cpython-310-x86_64-linux-gnu.so
7efedec85000-7efedec88000 r--p 00010000 00:62 10226192                   /home/ubuntu/.local/lib/python3.10/site-packages/scipy/optimize/_group_columns.cpython-310-x86_64-linux-gnu.so
7efedec88000-7efedec89000 r--p 00012000 00:62 10226192                   /home/ubuntu/.local/lib/python3.10/site-packages/scipy/optimize/_group_columns.cpython-310-x86_64-linux-gnu.so
7efedec89000-7efedec8a000 rw-p 00013000 00:62 10226192                   /home/ubuntu/.local/lib/python3.10/site-packages/scipy/optimize/_group_columns.cpython-310-x86_64-linux-gnu.so
7efedec8a000-7efedec8d000 r--p 00000000 00:62 10226654                   /home/ubuntu/.local/lib/python3.10/site-packages/scipy/_lib/messagestream.cpython-310-x86_64-linux-gnu.so
7efedec8d000-7efedec97000 r-xp 00003000 00:62 10226654                   /home/ubuntu/.local/lib/python3.10/site-packages/scipy/_lib/messagestream.cpython-310-x86_64-linux-gnu.so
7efedec97000-7efedec9a000 r--p 0000d000 00:62 10226654                   /home/ubuntu/.local/lib/python3.10/site-packages/scipy/_lib/messagestream.cpython-310-x86_64-linux-gnu.so
7efedec9a000-7efedec9b000 r--p 0000f000 00:62 10226654                   /home/ubuntu/.local/lib/python3.10/site-packages/scipy/_lib/messagestream.cpython-310-x86_64-linux-gnu.so
7efedec9b000-7efedec9c000 rw-p 00010000 00:62 10226654                   /home/ubuntu/.local/lib/python3.10/site-packages/scipy/_lib/messagestream.cpython-310-x86_64-linux-gnu.so
7efedec9c000-7efedecb7000 r--p 00000000 00:62 10226363                   /home/ubuntu/.local/lib/python3.10/site-packages/scipy/linalg/_matfuncs_expm.cpython-310-x86_64-linux-gnu.so
7efedecb7000-7efedecd7000 r-xp 0001b000 00:62 10226363                   /home/ubuntu/.local/lib/python3.10/site-packages/scipy/linalg/_matfuncs_expm.cpython-310-x86_64-linux-gnu.so
7efedecd7000-7efedece5000 r--p 0003b000 00:62 10226363                   /home/ubuntu/.local/lib/python3.10/site-packages/scipy/linalg/_matfuncs_expm.cpython-310-x86_64-linux-gnu.so
7efedece5000-7efedece6000 r--p 00048000 00:62 10226363                   /home/ubuntu/.local/lib/python3.10/site-packages/scipy/linalg/_matfuncs_expm.cpython-310-x86_64-linux-gnu.so
7efedece6000-7efedecea000 rw-p 00049000 00:62 10226363                   /home/ubuntu/.local/lib/python3.10/site-packages/scipy/linalg/_matfuncs_expm.cpython-310-x86_64-linux-gnu.so
7efedecea000-7efedecfa000 rw-p 00067000 00:62 10226363                   /home/ubuntu/.local/lib/python3.10/site-packages/scipy/linalg/_matfuncs_expm.cpython-310-x86_64-linux-gnu.so
7efedecfa000-7efeded00000 rw-p 00077000 00:62 10226363                   /home/ubuntu/.local/lib/python3.10/site-packages/scipy/linalg/_matfuncs_expm.cpython-310-x86_64-linux-gnu.so
7efeded00000-7efedee00000 rw-p 00000000 00:00 0 
7efedee00000-7efef8669000 r-xp 00000000 00:62 10100646                   /home/ubuntu/.local/lib/python3.10/site-packages/nvidia/cublas/lib/libcublasLt.so.12
7efef8669000-7efef8869000 ---p 19869000 00:62 10100646                   /home/ubuntu/.local/lib/python3.10/site-packages/nvidia/cublas/lib/libcublasLt.so.12
7efef8869000-7efef8aa7000 r--p 19869000 00:62 10100646                   /home/ubuntu/.local/lib/python3.10/site-packages/nvidia/cublas/lib/libcublasLt.so.12
7efef8aa7000-7efefc45b000 rw-p 19aa7000 00:62 10100646                   /home/ubuntu/.local/lib/python3.10/site-packages/nvidia/cublas/lib/libcublasLt.so.12
7efefc45b000-7eff0062c000 rw-p 00000000 00:00 0 
7eff0062c000-7eff0062d000 r--p 00000000 00:62 10237028                   /home/ubuntu/.local/lib/python3.10/site-packages/onnxruntime/capi/libonnxruntime_providers_shared.so
7eff0062d000-7eff0062e000 r-xp 00001000 00:62 10237028                   /home/ubuntu/.local/lib/python3.10/site-packages/onnxruntime/capi/libonnxruntime_providers_shared.so
7eff0062e000-7eff0062f000 r--p 00002000 00:62 10237028                   /home/ubuntu/.local/lib/python3.10/site-packages/onnxruntime/capi/libonnxruntime_providers_shared.so
7eff0062f000-7eff00630000 r--p 00002000 00:62 10237028                   /home/ubuntu/.local/lib/python3.10/site-packages/onnxruntime/capi/libonnxruntime_providers_shared.so
7eff00630000-7eff00631000 rw-p 00000000 00:00 0 
7eff00631000-7eff00632000 r--p 00000000 00:62 10226173                   /home/ubuntu/.local/lib/python3.10/site-packages/scipy/optimize/_zeros.cpython-310-x86_64-linux-gnu.so
7eff00632000-7eff00634000 r-xp 00001000 00:62 10226173                   /home/ubuntu/.local/lib/python3.10/site-packages/scipy/optimize/_zeros.cpython-310-x86_64-linux-gnu.so
7eff00634000-7eff00635000 r--p 00003000 00:62 10226173                   /home/ubuntu/.local/lib/python3.10/site-packages/scipy/optimize/_zeros.cpython-310-x86_64-linux-gnu.so
7eff00635000-7eff00636000 r--p 00003000 00:62 10226173                   /home/ubuntu/.local/lib/python3.10/site-packages/scipy/optimize/_zeros.cpython-310-x86_64-linux-gnu.so
7eff00636000-7eff00637000 rw-p 00004000 00:62 10226173                   /home/ubuntu/.local/lib/python3.10/site-packages/scipy/optimize/_zeros.cpython-310-x86_64-linux-gnu.so
7eff00637000-7eff0063a000 r--p 00000000 00:62 10226463                   /home/ubuntu/.local/lib/python3.10/site-packages/scipy/special/_ellip_harm_2.cpython-310-x86_64-linux-gnu.so
7eff0063a000-7eff0064e000 r-xp 00003000 00:62 10226463                   /home/ubuntu/.local/lib/python3.10/site-packages/scipy/special/_ellip_harm_2.cpython-310-x86_64-linux-gnu.so
7eff0064e000-7eff00651000 r--p 00017000 00:62 10226463                   /home/ubuntu/.local/lib/python3.10/site-packages/scipy/special/_ellip_harm_2.cpython-310-x86_64-linux-gnu.so
7eff00651000-7eff00652000 r--p 00019000 00:62 10226463                   /home/ubuntu/.local/lib/python3.10/site-packages/scipy/special/_ellip_harm_2.cpython-310-x86_64-linux-gnu.so
7eff00652000-7eff00653000 rw-p 0001a000 00:62 10226463                   /home/ubuntu/.local/lib/python3.10/site-packages/scipy/special/_ellip_harm_2.cpython-310-x86_64-linux-gnu.so
7eff00653000-7eff00655000 rw-p 0001f000 00:62 10226463                   /home/ubuntu/.local/lib/python3.10/site-packages/scipy/special/_ellip_harm_2.cpython-310-x86_64-linux-gnu.so
7eff00655000-7eff00656000 rw-p 00021000 00:62 10226463                   /home/ubuntu/.local/lib/python3.10/site-packages/scipy/special/_ellip_harm_2.cpython-310-x86_64-linux-gnu.so
7eff00656000-7eff0065b000 r--p 00000000 00:62 10226359                   /home/ubuntu/.local/lib/python3.10/site-packages/scipy/linalg/_matfuncs_sqrtm_triu.cpython-310-x86_64-linux-gnu.so
7eff0065b000-7eff00689000 r-xp 00005000 00:62 10226359                   /home/ubuntu/.local/lib/python3.10/site-packages/scipy/linalg/_matfuncs_sqrtm_triu.cpython-310-x86_64-linux-gnu.so
7eff00689000-7eff00691000 r--p 00033000 00:62 10226359                   /home/ubuntu/.local/lib/python3.10/site-packages/scipy/linalg/_matfuncs_sqrtm_triu.cpython-310-x86_64-linux-gnu.so
7eff00691000-7eff00692000 r--p 0003a000 00:62 10226359                   /home/ubuntu/.local/lib/python3.10/site-packages/scipy/linalg/_matfuncs_sqrtm_triu.cpython-310-x86_64-linux-gnu.so
7eff00692000-7eff00694000 rw-p 0003b000 00:62 10226359                   /home/ubuntu/.local/lib/python3.10/site-packages/scipy/linalg/_matfuncs_sqrtm_triu.cpython-310-x86_64-linux-gnu.so
7eff00694000-7eff00695000 rw-p 00000000 00:00 0 
7eff00695000-7eff0069f000 r--p 00000000 00:62 10238240                   /home/ubuntu/.local/lib/python3.10/site-packages/aiohttp/_http_parser.cpython-310-x86_64-linux-gnu.so
7eff0069f000-7eff006ed000 r-xp 0000a000 00:62 10238240                   /home/ubuntu/.local/lib/python3.10/site-packages/aiohttp/_http_parser.cpython-310-x86_64-linux-gnu.so
7eff006ed000-7eff006f9000 r--p 00058000 00:62 10238240                   /home/ubuntu/.local/lib/python3.10/site-packages/aiohttp/_http_parser.cpython-310-x86_64-linux-gnu.so
7eff006f9000-7eff006fb000 r--p 00063000 00:62 10238240                   /home/ubuntu/.local/lib/python3.10/site-packages/aiohttp/_http_parser.cpython-310-x86_64-linux-gnu.so
7eff006fb000-7eff006fe000 rw-p 00065000 00:62 10238240                   /home/ubuntu/.local/lib/python3.10/site-packages/aiohttp/_http_parser.cpython-310-x86_64-linux-gnu.so
7eff006fe000-7eff00800000 rw-p 00000000 00:00 0 
7eff00800000-7eff06f28000 r-xp 00000000 00:62 10100645                   /home/ubuntu/.local/lib/python3.10/site-packages/nvidia/cublas/lib/libcublas.so.12
7eff06f28000-7eff07128000 ---p 06728000 00:62 10100645                   /home/ubuntu/.local/lib/python3.10/site-packages/nvidia/cublas/lib/libcublas.so.12
7eff07128000-7eff07134000 r--p 06728000 00:62 10100645                   /home/ubuntu/.local/lib/python3.10/site-packages/nvidia/cublas/lib/libcublas.so.12
7eff07134000-7eff0713b000 rw-p 06734000 00:62 10100645                   /home/ubuntu/.local/lib/python3.10/site-packages/nvidia/cublas/lib/libcublas.so.12
7eff0713b000-7eff07147000 rw-p 00000000 00:00 0 
7eff07147000-7eff07148000 r--s 00000000 08:00 45646683                   /home/ubuntu/tbazzocchi/FRAG/MedRAG/corpus/wikipedia/index/bm25/_q.fdx
7eff07148000-7eff07149000 r--s 00000000 08:00 45646304                   /home/ubuntu/tbazzocchi/FRAG/MedRAG/corpus/wikipedia/index/bm25/_r.fdx
7eff07149000-7eff0714a000 r--s 00000000 08:00 45646321                   /home/ubuntu/tbazzocchi/FRAG/MedRAG/corpus/wikipedia/index/bm25/_x.fdx
7eff0714a000-7eff0714b000 r--s 00000000 08:00 45646338                   /home/ubuntu/tbazzocchi/FRAG/MedRAG/corpus/wikipedia/index/bm25/_12.fdx
7eff0714b000-7eff0714e000 r--p 00000000 00:62 10226400                   /home/ubuntu/.local/lib/python3.10/site-packages/scipy/linalg/_linalg_pythran.cpython-310-x86_64-linux-gnu.so
7eff0714e000-7eff07162000 r-xp 00003000 00:62 10226400                   /home/ubuntu/.local/lib/python3.10/site-packages/scipy/linalg/_linalg_pythran.cpython-310-x86_64-linux-gnu.so
7eff07162000-7eff07166000 r--p 00017000 00:62 10226400                   /home/ubuntu/.local/lib/python3.10/site-packages/scipy/linalg/_linalg_pythran.cpython-310-x86_64-linux-gnu.so
7eff07166000-7eff07167000 r--p 0001a000 00:62 10226400                   /home/ubuntu/.local/lib/python3.10/site-packages/scipy/linalg/_linalg_pythran.cpython-310-x86_64-linux-gnu.so
7eff07167000-7eff07168000 rw-p 0001b000 00:62 10226400                   /home/ubuntu/.local/lib/python3.10/site-packages/scipy/linalg/_linalg_pythran.cpython-310-x86_64-linux-gnu.so
7eff07168000-7eff0716d000 r--p 00000000 00:62 10226354                   /home/ubuntu/.local/lib/python3.10/site-packages/scipy/linalg/_decomp_lu_cython.cpython-310-x86_64-linux-gnu.so
7eff0716d000-7eff07199000 r-xp 00005000 00:62 10226354                   /home/ubuntu/.local/lib/python3.10/site-packages/scipy/linalg/_decomp_lu_cython.cpython-310-x86_64-linux-gnu.so
7eff07199000-7eff071a1000 r--p 00031000 00:62 10226354                   /home/ubuntu/.local/lib/python3.10/site-packages/scipy/linalg/_decomp_lu_cython.cpython-310-x86_64-linux-gnu.so
7eff071a1000-7eff071a2000 r--p 00038000 00:62 10226354                   /home/ubuntu/.local/lib/python3.10/site-packages/scipy/linalg/_decomp_lu_cython.cpython-310-x86_64-linux-gnu.so
7eff071a2000-7eff071a4000 rw-p 00039000 00:62 10226354                   /home/ubuntu/.local/lib/python3.10/site-packages/scipy/linalg/_decomp_lu_cython.cpython-310-x86_64-linux-gnu.so
7eff071a4000-7eff071a5000 rw-p 00000000 00:00 0 
7eff071a5000-7eff071ac000 r--p 00000000 00:62 10172809                   /home/ubuntu/.local/lib/python3.10/site-packages/yaml/_yaml.cpython-310-x86_64-linux-gnu.so
7eff071ac000-7eff071f2000 r-xp 00007000 00:62 10172809                   /home/ubuntu/.local/lib/python3.10/site-packages/yaml/_yaml.cpython-310-x86_64-linux-gnu.so
7eff071f2000-7eff071fb000 r--p 0004d000 00:62 10172809                   /home/ubuntu/.local/lib/python3.10/site-packages/yaml/_yaml.cpython-310-x86_64-linux-gnu.so
7eff071fb000-7eff071fd000 r--p 00055000 00:62 10172809                   /home/ubuntu/.local/lib/python3.10/site-packages/yaml/_yaml.cpython-310-x86_64-linux-gnu.so
7eff071fd000-7eff071ff000 rw-p 00057000 00:62 10172809                   /home/ubuntu/.local/lib/python3.10/site-packages/yaml/_yaml.cpython-310-x86_64-linux-gnu.so
7eff071ff000-7eff07200000 rw-p 00000000 00:00 0 
7eff07200000-7eff0b9cf000 r-xp 00000000 00:62 10100399                   /home/ubuntu/.local/lib/python3.10/site-packages/nvidia/curand/lib/libcurand.so.10
7eff0b9cf000-7eff0bbcf000 ---p 047cf000 00:62 10100399                   /home/ubuntu/.local/lib/python3.10/site-packages/nvidia/curand/lib/libcurand.so.10
7eff0bbcf000-7eff0bbd5000 r--p 047cf000 00:62 10100399                   /home/ubuntu/.local/lib/python3.10/site-packages/nvidia/curand/lib/libcurand.so.10
7eff0bbd5000-7eff0d001000 rw-p 047d5000 00:62 10100399                   /home/ubuntu/.local/lib/python3.10/site-packages/nvidia/curand/lib/libcurand.so.10
7eff0d001000-7eff0d639000 rw-p 00000000 00:00 0 
7eff0d639000-7eff0d63e000 r--p 00000000 00:62 10226382                   /home/ubuntu/.local/lib/python3.10/site-packages/scipy/linalg/_solve_toeplitz.cpython-310-x86_64-linux-gnu.so
7eff0d63e000-7eff0d66f000 r-xp 00005000 00:62 10226382                   /home/ubuntu/.local/lib/python3.10/site-packages/scipy/linalg/_solve_toeplitz.cpython-310-x86_64-linux-gnu.so
7eff0d66f000-7eff0d677000 r--p 00036000 00:62 10226382                   /home/ubuntu/.local/lib/python3.10/site-packages/scipy/linalg/_solve_toeplitz.cpython-310-x86_64-linux-gnu.so
7eff0d677000-7eff0d678000 ---p 0003e000 00:62 10226382                   /home/ubuntu/.local/lib/python3.10/site-packages/scipy/linalg/_solve_toeplitz.cpython-310-x86_64-linux-gnu.so
7eff0d678000-7eff0d679000 r--p 0003e000 00:62 10226382                   /home/ubuntu/.local/lib/python3.10/site-packages/scipy/linalg/_solve_toeplitz.cpython-310-x86_64-linux-gnu.so
7eff0d679000-7eff0d67b000 rw-p 0003f000 00:62 10226382                   /home/ubuntu/.local/lib/python3.10/site-packages/scipy/linalg/_solve_toeplitz.cpython-310-x86_64-linux-gnu.so
7eff0d67b000-7eff0d67c000 rw-p 00000000 00:00 0 
7eff0d67c000-7eff0d69a000 r--p 00000000 00:62 25773465                   /usr/lib/x86_64-linux-gnu/libssl.so.3
7eff0d69a000-7eff0d6f5000 r-xp 0001e000 00:62 25773465                   /usr/lib/x86_64-linux-gnu/libssl.so.3
7eff0d6f5000-7eff0d712000 r--p 00079000 00:62 25773465                   /usr/lib/x86_64-linux-gnu/libssl.so.3
7eff0d712000-7eff0d71c000 r--p 00095000 00:62 25773465                   /usr/lib/x86_64-linux-gnu/libssl.so.3
7eff0d71c000-7eff0d720000 rw-p 0009f000 00:62 25773465                   /usr/lib/x86_64-linux-gnu/libssl.so.3
7eff0d720000-7eff0d727000 r--p 00000000 00:62 10175431                   /home/ubuntu/.local/lib/python3.10/site-packages/numpy/random/_generator.cpython-310-x86_64-linux-gnu.so
7eff0d727000-7eff0d7a7000 r-xp 00007000 00:62 10175431                   /home/ubuntu/.local/lib/python3.10/site-packages/numpy/random/_generator.cpython-310-x86_64-linux-gnu.so
7eff0d7a7000-7eff0d7fb000 r--p 00087000 00:62 10175431                   /home/ubuntu/.local/lib/python3.10/site-packages/numpy/random/_generator.cpython-310-x86_64-linux-gnu.so
7eff0d7fb000-7eff0d7fc000 r--p 000da000 00:62 10175431                   /home/ubuntu/.local/lib/python3.10/site-packages/numpy/random/_generator.cpython-310-x86_64-linux-gnu.so
7eff0d7fc000-7eff0d7fe000 rw-p 000db000 00:62 10175431                   /home/ubuntu/.local/lib/python3.10/site-packages/numpy/random/_generator.cpython-310-x86_64-linux-gnu.so
7eff0d7fe000-7eff0d800000 rw-p 00000000 00:00 0 
7eff0d800000-7eff26050000 r-xp 00000000 00:62 10100367                   /home/ubuntu/.local/lib/python3.10/site-packages/nvidia/nccl/lib/libnccl.so.2
7eff26050000-7eff26250000 ---p 18850000 00:62 10100367                   /home/ubuntu/.local/lib/python3.10/site-packages/nvidia/nccl/lib/libnccl.so.2
7eff26250000-7eff26259000 r--p 18850000 00:62 10100367                   /home/ubuntu/.local/lib/python3.10/site-packages/nvidia/nccl/lib/libnccl.so.2
7eff26259000-7eff2626e000 rw-p 18859000 00:62 10100367                   /home/ubuntu/.local/lib/python3.10/site-packages/nvidia/nccl/lib/libnccl.so.2
7eff2626e000-7eff262a6000 rw-p 00000000 00:00 0 
7eff262a6000-7eff262a7000 r--p 00000000 00:62 10103491                   /home/ubuntu/.local/lib/python3.10/site-packages/markupsafe/_speedups.cpython-310-x86_64-linux-gnu.so
7eff262a7000-7eff262a8000 r-xp 00001000 00:62 10103491                   /home/ubuntu/.local/lib/python3.10/site-packages/markupsafe/_speedups.cpython-310-x86_64-linux-gnu.so
7eff262a8000-7eff262a9000 r--p 00002000 00:62 10103491                   /home/ubuntu/.local/lib/python3.10/site-packages/markupsafe/_speedups.cpython-310-x86_64-linux-gnu.so
7eff262a9000-7eff262aa000 r--p 00002000 00:62 10103491                   /home/ubuntu/.local/lib/python3.10/site-packages/markupsafe/_speedups.cpython-310-x86_64-linux-gnu.so
7eff262aa000-7eff262ab000 rw-p 00003000 00:62 10103491                   /home/ubuntu/.local/lib/python3.10/site-packages/markupsafe/_speedups.cpython-310-x86_64-linux-gnu.so
7eff262ab000-7eff262af000 r--p 00000000 00:62 10175416                   /home/ubuntu/.local/lib/python3.10/site-packages/numpy/random/_bounded_integers.cpython-310-x86_64-linux-gnu.so
7eff262af000-7eff262f4000 r-xp 00004000 00:62 10175416                   /home/ubuntu/.local/lib/python3.10/site-packages/numpy/random/_bounded_integers.cpython-310-x86_64-linux-gnu.so
7eff262f4000-7eff262fd000 r--p 00049000 00:62 10175416                   /home/ubuntu/.local/lib/python3.10/site-packages/numpy/random/_bounded_integers.cpython-310-x86_64-linux-gnu.so
7eff262fd000-7eff262fe000 r--p 00051000 00:62 10175416                   /home/ubuntu/.local/lib/python3.10/site-packages/numpy/random/_bounded_integers.cpython-310-x86_64-linux-gnu.so
7eff262fe000-7eff262ff000 rw-p 00052000 00:62 10175416                   /home/ubuntu/.local/lib/python3.10/site-packages/numpy/random/_bounded_integers.cpython-310-x86_64-linux-gnu.so
7eff262ff000-7eff26400000 rw-p 00000000 00:00 0 
7eff26400000-7eff2697a000 r-xp 00000000 00:62 10103692                   /home/ubuntu/.local/lib/python3.10/site-packages/nvidia/cufft/lib/libcufft.so.11
7eff2697a000-7eff26b79000 ---p 0057a000 00:62 10103692                   /home/ubuntu/.local/lib/python3.10/site-packages/nvidia/cufft/lib/libcufft.so.11
7eff26b79000-7eff26b86000 r--p 00579000 00:62 10103692                   /home/ubuntu/.local/lib/python3.10/site-packages/nvidia/cufft/lib/libcufft.so.11
7eff26b86000-7eff36f63000 rw-p 00586000 00:62 10103692                   /home/ubuntu/.local/lib/python3.10/site-packages/nvidia/cufft/lib/libcufft.so.11
7eff36f63000-7eff372aa000 rw-p 00000000 00:00 0 
7eff372aa000-7eff37400000 ---p 10eaa000 00:62 10103692                   /home/ubuntu/.local/lib/python3.10/site-packages/nvidia/cufft/lib/libcufft.so.11
7eff37400000-7eff37401000 rw-p 10a00000 00:62 10103692                   /home/ubuntu/.local/lib/python3.10/site-packages/nvidia/cufft/lib/libcufft.so.11
7eff37401000-7eff37404000 r--p 00000000 00:62 10226445                   /home/ubuntu/.local/lib/python3.10/site-packages/scipy/special/_comb.cpython-310-x86_64-linux-gnu.so
7eff37404000-7eff3740b000 r-xp 00003000 00:62 10226445                   /home/ubuntu/.local/lib/python3.10/site-packages/scipy/special/_comb.cpython-310-x86_64-linux-gnu.so
7eff3740b000-7eff3740d000 r--p 0000a000 00:62 10226445                   /home/ubuntu/.local/lib/python3.10/site-packages/scipy/special/_comb.cpython-310-x86_64-linux-gnu.so
7eff3740d000-7eff3740e000 r--p 0000b000 00:62 10226445                   /home/ubuntu/.local/lib/python3.10/site-packages/scipy/special/_comb.cpython-310-x86_64-linux-gnu.so
7eff3740e000-7eff3740f000 rw-p 0000c000 00:62 10226445                   /home/ubuntu/.local/lib/python3.10/site-packages/scipy/special/_comb.cpython-310-x86_64-linux-gnu.so
7eff3740f000-7eff37412000 r--p 00000000 00:62 10554495                   /home/ubuntu/.local/lib/python3.10/site-packages/psutil/_psutil_linux.abi3.so
7eff37412000-7eff37415000 r-xp 00003000 00:62 10554495                   /home/ubuntu/.local/lib/python3.10/site-packages/psutil/_psutil_linux.abi3.so
7eff37415000-7eff37416000 r--p 00006000 00:62 10554495                   /home/ubuntu/.local/lib/python3.10/site-packages/psutil/_psutil_linux.abi3.so
7eff37416000-7eff37417000 r--p 00007000 00:62 10554495                   /home/ubuntu/.local/lib/python3.10/site-packages/psutil/_psutil_linux.abi3.so
7eff37417000-7eff37418000 rw-p 00008000 00:62 10554495                   /home/ubuntu/.local/lib/python3.10/site-packages/psutil/_psutil_linux.abi3.so
7eff37418000-7eff3741e000 r--p 00000000 00:62 10238305                   /home/ubuntu/.local/lib/python3.10/site-packages/aiohttp/_websocket/reader_c.cpython-310-x86_64-linux-gnu.so
7eff3741e000-7eff37442000 r-xp 00006000 00:62 10238305                   /home/ubuntu/.local/lib/python3.10/site-packages/aiohttp/_websocket/reader_c.cpython-310-x86_64-linux-gnu.so
7eff37442000-7eff37448000 r--p 0002a000 00:62 10238305                   /home/ubuntu/.local/lib/python3.10/site-packages/aiohttp/_websocket/reader_c.cpython-310-x86_64-linux-gnu.so
7eff37448000-7eff3744a000 r--p 0002f000 00:62 10238305                   /home/ubuntu/.local/lib/python3.10/site-packages/aiohttp/_websocket/reader_c.cpython-310-x86_64-linux-gnu.so
7eff3744a000-7eff3744c000 rw-p 00031000 00:62 10238305                   /home/ubuntu/.local/lib/python3.10/site-packages/aiohttp/_websocket/reader_c.cpython-310-x86_64-linux-gnu.so
7eff3744c000-7eff3744d000 rw-p 00000000 00:00 0 
7eff3744d000-7eff37452000 r--p 00000000 00:62 10175422                   /home/ubuntu/.local/lib/python3.10/site-packages/numpy/random/mtrand.cpython-310-x86_64-linux-gnu.so
7eff37452000-7eff374ab000 r-xp 00005000 00:62 10175422                   /home/ubuntu/.local/lib/python3.10/site-packages/numpy/random/mtrand.cpython-310-x86_64-linux-gnu.so
7eff374ab000-7eff374fb000 r--p 0005e000 00:62 10175422                   /home/ubuntu/.local/lib/python3.10/site-packages/numpy/random/mtrand.cpython-310-x86_64-linux-gnu.so
7eff374fb000-7eff374fc000 ---p 000ae000 00:62 10175422                   /home/ubuntu/.local/lib/python3.10/site-packages/numpy/random/mtrand.cpython-310-x86_64-linux-gnu.so
7eff374fc000-7eff374fd000 r--p 000ae000 00:62 10175422                   /home/ubuntu/.local/lib/python3.10/site-packages/numpy/random/mtrand.cpython-310-x86_64-linux-gnu.so
7eff374fd000-7eff374fe000 rw-p 000af000 00:62 10175422                   /home/ubuntu/.local/lib/python3.10/site-packages/numpy/random/mtrand.cpython-310-x86_64-linux-gnu.so
7eff374fe000-7eff37600000 rw-p 00000000 00:00 0 
7eff37600000-7eff48dba000 r-xp 00000000 00:62 10103668                   /home/ubuntu/.local/lib/python3.10/site-packages/nvidia/cusparse/lib/libcusparse.so.12
7eff48dba000-7eff48fba000 ---p 117ba000 00:62 10103668                   /home/ubuntu/.local/lib/python3.10/site-packages/nvidia/cusparse/lib/libcusparse.so.12
7eff48fba000-7eff48fc9000 r--p 117ba000 00:62 10103668                   /home/ubuntu/.local/lib/python3.10/site-packages/nvidia/cusparse/lib/libcusparse.so.12
7eff48fc9000-7eff48fe5000 rw-p 117c9000 00:62 10103668                   /home/ubuntu/.local/lib/python3.10/site-packages/nvidia/cusparse/lib/libcusparse.so.12
7eff48fe5000-7eff48fea000 rw-p 00000000 00:00 0 
7eff48fea000-7eff49000000 ---p 119ea000 00:62 10103668                   /home/ubuntu/.local/lib/python3.10/site-packages/nvidia/cusparse/lib/libcusparse.so.12
7eff49000000-7eff49005000 rw-p 11800000 00:62 10103668                   /home/ubuntu/.local/lib/python3.10/site-packages/nvidia/cusparse/lib/libcusparse.so.12
7eff49005000-7eff49006000 r--s 00000000 08:00 45646352                   /home/ubuntu/tbazzocchi/FRAG/MedRAG/corpus/wikipedia/index/bm25/_10.fdx
7eff49006000-7eff49007000 r--s 00000000 08:00 45646363                   /home/ubuntu/tbazzocchi/FRAG/MedRAG/corpus/wikipedia/index/bm25/_u.fdx
7eff49007000-7eff49008000 r--s 00000000 08:00 45646378                   /home/ubuntu/tbazzocchi/FRAG/MedRAG/corpus/wikipedia/index/bm25/_11.fdx
7eff49008000-7eff4900c000 r--p 00000000 00:62 10226637                   /home/ubuntu/.local/lib/python3.10/site-packages/scipy/_lib/_ccallback_c.cpython-310-x86_64-linux-gnu.so
7eff4900c000-7eff4901a000 r-xp 00004000 00:62 10226637                   /home/ubuntu/.local/lib/python3.10/site-packages/scipy/_lib/_ccallback_c.cpython-310-x86_64-linux-gnu.so
7eff4901a000-7eff4901d000 r--p 00012000 00:62 10226637                   /home/ubuntu/.local/lib/python3.10/site-packages/scipy/_lib/_ccallback_c.cpython-310-x86_64-linux-gnu.so
7eff4901d000-7eff4901e000 r--p 00014000 00:62 10226637                   /home/ubuntu/.local/lib/python3.10/site-packages/scipy/_lib/_ccallback_c.cpython-310-x86_64-linux-gnu.so
7eff4901e000-7eff4901f000 rw-p 00015000 00:62 10226637                   /home/ubuntu/.local/lib/python3.10/site-packages/scipy/_lib/_ccallback_c.cpython-310-x86_64-linux-gnu.so
7eff4901f000-7eff49020000 rw-p 00000000 00:00 0 
7eff49020000-7eff49025000 r--p 00000000 00:62 10224197                   /home/ubuntu/.local/lib/python3.10/site-packages/frozenlist/_frozenlist.cpython-310-x86_64-linux-gnu.so
7eff49025000-7eff49031000 r-xp 00005000 00:62 10224197                   /home/ubuntu/.local/lib/python3.10/site-packages/frozenlist/_frozenlist.cpython-310-x86_64-linux-gnu.so
7eff49031000-7eff49035000 r--p 00011000 00:62 10224197                   /home/ubuntu/.local/lib/python3.10/site-packages/frozenlist/_frozenlist.cpython-310-x86_64-linux-gnu.so
7eff49035000-7eff49036000 r--p 00014000 00:62 10224197                   /home/ubuntu/.local/lib/python3.10/site-packages/frozenlist/_frozenlist.cpython-310-x86_64-linux-gnu.so
7eff49036000-7eff49038000 rw-p 00015000 00:62 10224197                   /home/ubuntu/.local/lib/python3.10/site-packages/frozenlist/_frozenlist.cpython-310-x86_64-linux-gnu.so
7eff49038000-7eff4903d000 r--p 00000000 00:62 10225146                   /home/ubuntu/.local/lib/python3.10/site-packages/yarl/_quoting_c.cpython-310-x86_64-linux-gnu.so
7eff4903d000-7eff49052000 r-xp 00005000 00:62 10225146                   /home/ubuntu/.local/lib/python3.10/site-packages/yarl/_quoting_c.cpython-310-x86_64-linux-gnu.so
7eff49052000-7eff49056000 r--p 0001a000 00:62 10225146                   /home/ubuntu/.local/lib/python3.10/site-packages/yarl/_quoting_c.cpython-310-x86_64-linux-gnu.so
7eff49056000-7eff49057000 r--p 0001d000 00:62 10225146                   /home/ubuntu/.local/lib/python3.10/site-packages/yarl/_quoting_c.cpython-310-x86_64-linux-gnu.so
7eff49057000-7eff49058000 rw-p 0001e000 00:62 10225146                   /home/ubuntu/.local/lib/python3.10/site-packages/yarl/_quoting_c.cpython-310-x86_64-linux-gnu.so
7eff49058000-7eff49159000 rw-p 00000000 00:00 0 
7eff49159000-7eff49174000 r--p 00000000 00:62 10159921                   /home/ubuntu/.local/lib/python3.10/site-packages/torch/lib/libtorch_nvshmem.so
7eff49174000-7eff49210000 r-xp 0001b000 00:62 10159921                   /home/ubuntu/.local/lib/python3.10/site-packages/torch/lib/libtorch_nvshmem.so
7eff49210000-7eff499ad000 r--p 000b7000 00:62 10159921                   /home/ubuntu/.local/lib/python3.10/site-packages/torch/lib/libtorch_nvshmem.so
7eff499ad000-7eff499b3000 r--p 00854000 00:62 10159921                   /home/ubuntu/.local/lib/python3.10/site-packages/torch/lib/libtorch_nvshmem.so
7eff499b3000-7eff499b5000 rw-p 0085a000 00:62 10159921                   /home/ubuntu/.local/lib/python3.10/site-packages/torch/lib/libtorch_nvshmem.so
7eff499b5000-7eff499b9000 rw-p 00000000 00:00 0 
7eff499b9000-7eff499c4000 rw-p 008b1000 00:62 10159921                   /home/ubuntu/.local/lib/python3.10/site-packages/torch/lib/libtorch_nvshmem.so
7eff499c4000-7eff49a7f000 r--p 00000000 00:62 10100616                   /home/ubuntu/.local/lib/python3.10/site-packages/nvidia/cuda_cupti/lib/libcupti.so.12
7eff49a7f000-7eff49f1c000 r-xp 000bb000 00:62 10100616                   /home/ubuntu/.local/lib/python3.10/site-packages/nvidia/cuda_cupti/lib/libcupti.so.12
7eff49f1c000-7eff4a073000 r--p 00558000 00:62 10100616                   /home/ubuntu/.local/lib/python3.10/site-packages/nvidia/cuda_cupti/lib/libcupti.so.12
7eff4a073000-7eff4a0c0000 r--p 006ae000 00:62 10100616                   /home/ubuntu/.local/lib/python3.10/site-packages/nvidia/cuda_cupti/lib/libcupti.so.12
7eff4a0c0000-7eff4a177000 rw-p 006fb000 00:62 10100616                   /home/ubuntu/.local/lib/python3.10/site-packages/nvidia/cuda_cupti/lib/libcupti.so.12
7eff4a177000-7eff4a1b8000 rw-p 00000000 00:00 0 
7eff4a1b8000-7eff4a1e6000 r--p 00000000 00:62 10100420                   /home/ubuntu/.local/lib/python3.10/site-packages/nvidia/cufile/lib/libcufile.so.0
7eff4a1e6000-7eff4a3c9000 r-xp 0002e000 00:62 10100420                   /home/ubuntu/.local/lib/python3.10/site-packages/nvidia/cufile/lib/libcufile.so.0
7eff4a3c9000-7eff4a46b000 r--p 00211000 00:62 10100420                   /home/ubuntu/.local/lib/python3.10/site-packages/nvidia/cufile/lib/libcufile.so.0
7eff4a46b000-7eff4a46c000 ---p 002b3000 00:62 10100420                   /home/ubuntu/.local/lib/python3.10/site-packages/nvidia/cufile/lib/libcufile.so.0
7eff4a46c000-7eff4a471000 r--p 002b3000 00:62 10100420                   /home/ubuntu/.local/lib/python3.10/site-packages/nvidia/cufile/lib/libcufile.so.0
7eff4a471000-7eff4a479000 rw-p 002b8000 00:62 10100420                   /home/ubuntu/.local/lib/python3.10/site-packages/nvidia/cufile/lib/libcufile.so.0
7eff4a479000-7eff4a484000 rw-p 00000000 00:00 0 
7eff4a484000-7eff4a490000 rw-p 002db000 00:62 10100420                   /home/ubuntu/.local/lib/python3.10/site-packages/nvidia/cufile/lib/libcufile.so.0
7eff4a490000-7eff4c437000 r--p 00000000 00:62 10095764                   /home/ubuntu/.local/lib/python3.10/site-packages/nvidia/cusparselt/lib/libcusparseLt.so.0
7eff4c437000-7eff4f445000 r-xp 01fa7000 00:62 10095764                   /home/ubuntu/.local/lib/python3.10/site-packages/nvidia/cusparselt/lib/libcusparseLt.so.0
7eff4f445000-7eff63881000 r--p 04fb5000 00:62 10095764                   /home/ubuntu/.local/lib/python3.10/site-packages/nvidia/cusparselt/lib/libcusparseLt.so.0
7eff63881000-7eff63882000 ---p 193f1000 00:62 10095764                   /home/ubuntu/.local/lib/python3.10/site-packages/nvidia/cusparselt/lib/libcusparseLt.so.0
7eff63882000-7eff639a5000 r--p 193f1000 00:62 10095764                   /home/ubuntu/.local/lib/python3.10/site-packages/nvidia/cusparselt/lib/libcusparseLt.so.0
7eff639a5000-7eff639d2000 rw-p 19514000 00:62 10095764                   /home/ubuntu/.local/lib/python3.10/site-packages/nvidia/cusparselt/lib/libcusparseLt.so.0
7eff639d2000-7eff63c37000 rw-p 00000000 00:00 0 
7eff63c37000-7eff65600000 rw-p 19542000 00:62 10095764                   /home/ubuntu/.local/lib/python3.10/site-packages/nvidia/cusparselt/lib/libcusparseLt.so.0
7eff65600000-7eff6561e000 r-xp 00000000 00:62 10103724                   /home/ubuntu/.local/lib/python3.10/site-packages/nvidia/cudnn/lib/libcudnn.so.9
7eff6561e000-7eff6581d000 ---p 0001e000 00:62 10103724                   /home/ubuntu/.local/lib/python3.10/site-packages/nvidia/cudnn/lib/libcudnn.so.9
7eff6581d000-7eff6581e000 r--p 0001d000 00:62 10103724                   /home/ubuntu/.local/lib/python3.10/site-packages/nvidia/cudnn/lib/libcudnn.so.9
7eff6581e000-7eff6581f000 rw-p 0001e000 00:62 10103724                   /home/ubuntu/.local/lib/python3.10/site-packages/nvidia/cudnn/lib/libcudnn.so.9
7eff6581f000-7eff65820000 r--p 00000000 00:62 10226471                   /home/ubuntu/.local/lib/python3.10/site-packages/scipy/special/libsf_error_state.so
7eff65820000-7eff65821000 r-xp 00001000 00:62 10226471                   /home/ubuntu/.local/lib/python3.10/site-packages/scipy/special/libsf_error_state.so
7eff65821000-7eff65822000 r--p 00002000 00:62 10226471                   /home/ubuntu/.local/lib/python3.10/site-packages/scipy/special/libsf_error_state.so
7eff65822000-7eff65823000 r--p 00002000 00:62 10226471                   /home/ubuntu/.local/lib/python3.10/site-packages/scipy/special/libsf_error_state.so
7eff65823000-7eff65824000 rw-p 00003000 00:62 10226471                   /home/ubuntu/.local/lib/python3.10/site-packages/scipy/special/libsf_error_state.so
7eff65824000-7eff65826000 r--p 00000000 00:62 10235070                   /home/ubuntu/.local/lib/python3.10/site-packages/sklearn/__check_build/_check_build.cpython-310-x86_64-linux-gnu.so
7eff65826000-7eff65829000 r-xp 00002000 00:62 10235070                   /home/ubuntu/.local/lib/python3.10/site-packages/sklearn/__check_build/_check_build.cpython-310-x86_64-linux-gnu.so
7eff65829000-7eff6582a000 r--p 00005000 00:62 10235070                   /home/ubuntu/.local/lib/python3.10/site-packages/sklearn/__check_build/_check_build.cpython-310-x86_64-linux-gnu.so
7eff6582a000-7eff6582b000 ---p 00006000 00:62 10235070                   /home/ubuntu/.local/lib/python3.10/site-packages/sklearn/__check_build/_check_build.cpython-310-x86_64-linux-gnu.so
7eff6582b000-7eff6582c000 r--p 00006000 00:62 10235070                   /home/ubuntu/.local/lib/python3.10/site-packages/sklearn/__check_build/_check_build.cpython-310-x86_64-linux-gnu.so
7eff6582c000-7eff6582d000 rw-p 00007000 00:62 10235070                   /home/ubuntu/.local/lib/python3.10/site-packages/sklearn/__check_build/_check_build.cpython-310-x86_64-linux-gnu.so
7eff6582d000-7eff65830000 r--p 00000000 00:62 10238300                   /home/ubuntu/.local/lib/python3.10/site-packages/aiohttp/_websocket/mask.cpython-310-x86_64-linux-gnu.so
7eff65830000-7eff65834000 r-xp 00003000 00:62 10238300                   /home/ubuntu/.local/lib/python3.10/site-packages/aiohttp/_websocket/mask.cpython-310-x86_64-linux-gnu.so
7eff65834000-7eff65836000 r--p 00007000 00:62 10238300                   /home/ubuntu/.local/lib/python3.10/site-packages/aiohttp/_websocket/mask.cpython-310-x86_64-linux-gnu.so
7eff65836000-7eff65837000 r--p 00008000 00:62 10238300                   /home/ubuntu/.local/lib/python3.10/site-packages/aiohttp/_websocket/mask.cpython-310-x86_64-linux-gnu.so
7eff65837000-7eff65838000 rw-p 00009000 00:62 10238300                   /home/ubuntu/.local/lib/python3.10/site-packages/aiohttp/_websocket/mask.cpython-310-x86_64-linux-gnu.so
7eff65838000-7eff6583c000 r--p 00000000 00:62 10045253                   /usr/lib/python3.10/lib-dynload/_asyncio.cpython-310-x86_64-linux-gnu.so
7eff6583c000-7eff65844000 r-xp 00004000 00:62 10045253                   /usr/lib/python3.10/lib-dynload/_asyncio.cpython-310-x86_64-linux-gnu.so
7eff65844000-7eff65848000 r--p 0000c000 00:62 10045253                   /usr/lib/python3.10/lib-dynload/_asyncio.cpython-310-x86_64-linux-gnu.so
7eff65848000-7eff65849000 ---p 00010000 00:62 10045253                   /usr/lib/python3.10/lib-dynload/_asyncio.cpython-310-x86_64-linux-gnu.so
7eff65849000-7eff6584a000 r--p 00010000 00:62 10045253                   /usr/lib/python3.10/lib-dynload/_asyncio.cpython-310-x86_64-linux-gnu.so
7eff6584a000-7eff6584c000 rw-p 00011000 00:62 10045253                   /usr/lib/python3.10/lib-dynload/_asyncio.cpython-310-x86_64-linux-gnu.so
7eff6584c000-7eff66658000 r--p 00000000 00:62 10159918                   /home/ubuntu/.local/lib/python3.10/site-packages/torch/lib/libtorch_cuda.so
7eff66658000-7eff69628000 r-xp 00e0c000 00:62 10159918                   /home/ubuntu/.local/lib/python3.10/site-packages/torch/lib/libtorch_cuda.so
7eff69628000-7eff9dab5000 r--p 03ddc000 00:62 10159918                   /home/ubuntu/.local/lib/python3.10/site-packages/torch/lib/libtorch_cuda.so
7eff9dab5000-7eff9db2f000 r--p 38268000 00:62 10159918                   /home/ubuntu/.local/lib/python3.10/site-packages/torch/lib/libtorch_cuda.so
7eff9db2f000-7eff9db55000 rw-p 382e2000 00:62 10159918                   /home/ubuntu/.local/lib/python3.10/site-packages/torch/lib/libtorch_cuda.so
7eff9db55000-7eff9e89f000 rw-p 00000000 00:00 0 
7eff9e89f000-7eff9f3b3000 rw-p 39cdf000 00:62 10159918                   /home/ubuntu/.local/lib/python3.10/site-packages/torch/lib/libtorch_cuda.so
7eff9f3b3000-7effa02e3000 r--p 00000000 00:62 10159917                   /home/ubuntu/.local/lib/python3.10/site-packages/torch/lib/libtorch_cpu.so
7effa02e3000-7effb088f000 r-xp 00f30000 00:62 10159917                   /home/ubuntu/.local/lib/python3.10/site-packages/torch/lib/libtorch_cpu.so
7effb088f000-7effb3358000 r--p 114dc000 00:62 10159917                   /home/ubuntu/.local/lib/python3.10/site-packages/torch/lib/libtorch_cpu.so
7effb3358000-7effb35c0000 r--p 13fa4000 00:62 10159917                   /home/ubuntu/.local/lib/python3.10/site-packages/torch/lib/libtorch_cpu.so
7effb35c0000-7effb3633000 rw-p 1420c000 00:62 10159917                   /home/ubuntu/.local/lib/python3.10/site-packages/torch/lib/libtorch_cpu.so
7effb3633000-7effb3743000 rw-p 00000000 00:00 0 
7effb3743000-7effb3d0a000 rw-p 19aed000 00:62 10159917                   /home/ubuntu/.local/lib/python3.10/site-packages/torch/lib/libtorch_cpu.so
7effb3d0a000-7effb3eb4000 r--p 00000000 00:62 10159922                   /home/ubuntu/.local/lib/python3.10/site-packages/torch/lib/libtorch_python.so
7effb3eb4000-7effb4bb3000 r-xp 001aa000 00:62 10159922                   /home/ubuntu/.local/lib/python3.10/site-packages/torch/lib/libtorch_python.so
7effb4bb3000-7effb5060000 r--p 00ea9000 00:62 10159922                   /home/ubuntu/.local/lib/python3.10/site-packages/torch/lib/libtorch_python.so
7effb5060000-7effb5089000 r--p 01355000 00:62 10159922                   /home/ubuntu/.local/lib/python3.10/site-packages/torch/lib/libtorch_python.so
7effb5089000-7effb50f1000 rw-p 0137e000 00:62 10159922                   /home/ubuntu/.local/lib/python3.10/site-packages/torch/lib/libtorch_python.so
7effb50f1000-7effb5165000 rw-p 00000000 00:00 0 
7effb5165000-7effb5200000 rw-p 01da9000 00:62 10159922                   /home/ubuntu/.local/lib/python3.10/site-packages/torch/lib/libtorch_python.so
7effb5200000-7effb7c77000 r-xp 00000000 00:62 10100349                   /home/ubuntu/.local/lib/python3.10/site-packages/nvidia/nvjitlink/lib/libnvJitLink.so.12
7effb7c77000-7effb7e77000 ---p 02a77000 00:62 10100349                   /home/ubuntu/.local/lib/python3.10/site-packages/nvidia/nvjitlink/lib/libnvJitLink.so.12
7effb7e77000-7effb83a2000 r--p 02a77000 00:62 10100349                   /home/ubuntu/.local/lib/python3.10/site-packages/nvidia/nvjitlink/lib/libnvJitLink.so.12
7effb83a2000-7effb8415000 rw-p 02fa2000 00:62 10100349                   /home/ubuntu/.local/lib/python3.10/site-packages/nvidia/nvjitlink/lib/libnvJitLink.so.12
7effb8415000-7effb8489000 rw-p 00000000 00:00 0 
7effb8489000-7effb848a000 r--s 00000000 08:00 45646397                   /home/ubuntu/tbazzocchi/FRAG/MedRAG/corpus/wikipedia/index/bm25/_w.fdx
7effb848a000-7effb848b000 r--s 00000000 08:00 45646408                   /home/ubuntu/tbazzocchi/FRAG/MedRAG/corpus/wikipedia/index/bm25/_p.fdx
7effb848b000-7effb848e000 r--p 00000000 00:62 10238242                   /home/ubuntu/.local/lib/python3.10/site-packages/aiohttp/_http_writer.cpython-310-x86_64-linux-gnu.so
7effb848e000-7effb8498000 r-xp 00003000 00:62 10238242                   /home/ubuntu/.local/lib/python3.10/site-packages/aiohttp/_http_writer.cpython-310-x86_64-linux-gnu.so
7effb8498000-7effb849a000 r--p 0000d000 00:62 10238242                   /home/ubuntu/.local/lib/python3.10/site-packages/aiohttp/_http_writer.cpython-310-x86_64-linux-gnu.so
7effb849a000-7effb849b000 r--p 0000e000 00:62 10238242                   /home/ubuntu/.local/lib/python3.10/site-packages/aiohttp/_http_writer.cpython-310-x86_64-linux-gnu.so
7effb849b000-7effb849c000 rw-p 0000f000 00:62 10238242                   /home/ubuntu/.local/lib/python3.10/site-packages/aiohttp/_http_writer.cpython-310-x86_64-linux-gnu.so
7effb849c000-7effb84ae000 r--p 00000000 00:62 10045508                   /usr/lib/python3.10/lib-dynload/_ssl.cpython-310-x86_64-linux-gnu.so
7effb84ae000-7effb84bb000 r-xp 00012000 00:62 10045508                   /usr/lib/python3.10/lib-dynload/_ssl.cpython-310-x86_64-linux-gnu.so
7effb84bb000-7effb84c9000 r--p 0001f000 00:62 10045508                   /usr/lib/python3.10/lib-dynload/_ssl.cpython-310-x86_64-linux-gnu.so
7effb84c9000-7effb84ca000 ---p 0002d000 00:62 10045508                   /usr/lib/python3.10/lib-dynload/_ssl.cpython-310-x86_64-linux-gnu.so
7effb84ca000-7effb84cb000 r--p 0002d000 00:62 10045508                   /usr/lib/python3.10/lib-dynload/_ssl.cpython-310-x86_64-linux-gnu.so
7effb84cb000-7effb84d4000 rw-p 0002e000 00:62 10045508                   /usr/lib/python3.10/lib-dynload/_ssl.cpython-310-x86_64-linux-gnu.so
7effb84d4000-7effb85d4000 rw-p 00000000 00:00 0 
7effb85d4000-7effb866e000 r--p 00000000 00:62 25773467                   /usr/lib/x86_64-linux-gnu/libstdc++.so.6.0.30
7effb866e000-7effb877f000 r-xp 0009a000 00:62 25773467                   /usr/lib/x86_64-linux-gnu/libstdc++.so.6.0.30
7effb877f000-7effb87ee000 r--p 001ab000 00:62 25773467                   /usr/lib/x86_64-linux-gnu/libstdc++.so.6.0.30
7effb87ee000-7effb87ef000 ---p 0021a000 00:62 25773467                   /usr/lib/x86_64-linux-gnu/libstdc++.so.6.0.30
7effb87ef000-7effb87fa000 r--p 0021a000 00:62 25773467                   /usr/lib/x86_64-linux-gnu/libstdc++.so.6.0.30
7effb87fa000-7effb87fd000 rw-p 00225000 00:62 25773467                   /usr/lib/x86_64-linux-gnu/libstdc++.so.6.0.30
7effb87fd000-7effb8800000 rw-p 00000000 00:00 0 
7effb8800000-7effb8d13000 r-xp 00000000 00:62 10100555                   /home/ubuntu/.local/lib/python3.10/site-packages/nvidia/cuda_nvrtc/lib/libnvrtc-builtins.so.12.6
7effb8d13000-7effb8f12000 ---p 00513000 00:62 10100555                   /home/ubuntu/.local/lib/python3.10/site-packages/nvidia/cuda_nvrtc/lib/libnvrtc-builtins.so.12.6
7effb8f12000-7effb8f13000 r--p 00512000 00:62 10100555                   /home/ubuntu/.local/lib/python3.10/site-packages/nvidia/cuda_nvrtc/lib/libnvrtc-builtins.so.12.6
7effb8f13000-7effb8f14000 rw-p 00513000 00:62 10100555                   /home/ubuntu/.local/lib/python3.10/site-packages/nvidia/cuda_nvrtc/lib/libnvrtc-builtins.so.12.6
7effb8f14000-7effb8f15000 r--s 00000000 08:00 45646427                   /home/ubuntu/tbazzocchi/FRAG/MedRAG/corpus/wikipedia/index/bm25/_z.fdx
7effb8f15000-7effb8f17000 r--p 00000000 00:62 10045292                   /usr/lib/python3.10/lib-dynload/resource.cpython-310-x86_64-linux-gnu.so
7effb8f17000-7effb8f18000 r-xp 00002000 00:62 10045292                   /usr/lib/python3.10/lib-dynload/resource.cpython-310-x86_64-linux-gnu.so
7effb8f18000-7effb8f19000 r--p 00003000 00:62 10045292                   /usr/lib/python3.10/lib-dynload/resource.cpython-310-x86_64-linux-gnu.so
7effb8f19000-7effb8f1a000 r--p 00003000 00:62 10045292                   /usr/lib/python3.10/lib-dynload/resource.cpython-310-x86_64-linux-gnu.so
7effb8f1a000-7effb8f1b000 rw-p 00004000 00:62 10045292                   /usr/lib/python3.10/lib-dynload/resource.cpython-310-x86_64-linux-gnu.so
7effb8f1b000-7effb8f1e000 r--p 00000000 00:62 10175411                   /home/ubuntu/.local/lib/python3.10/site-packages/numpy/random/_pcg64.cpython-310-x86_64-linux-gnu.so
7effb8f1e000-7effb8f30000 r-xp 00003000 00:62 10175411                   /home/ubuntu/.local/lib/python3.10/site-packages/numpy/random/_pcg64.cpython-310-x86_64-linux-gnu.so
7effb8f30000-7effb8f35000 r--p 00015000 00:62 10175411                   /home/ubuntu/.local/lib/python3.10/site-packages/numpy/random/_pcg64.cpython-310-x86_64-linux-gnu.so
7effb8f35000-7effb8f36000 r--p 00019000 00:62 10175411                   /home/ubuntu/.local/lib/python3.10/site-packages/numpy/random/_pcg64.cpython-310-x86_64-linux-gnu.so
7effb8f36000-7effb8f37000 rw-p 0001a000 00:62 10175411                   /home/ubuntu/.local/lib/python3.10/site-packages/numpy/random/_pcg64.cpython-310-x86_64-linux-gnu.so
7effb8f37000-7effb8f3a000 r--p 00000000 00:62 10175418                   /home/ubuntu/.local/lib/python3.10/site-packages/numpy/random/_philox.cpython-310-x86_64-linux-gnu.so
7effb8f3a000-7effb8f49000 r-xp 00003000 00:62 10175418                   /home/ubuntu/.local/lib/python3.10/site-packages/numpy/random/_philox.cpython-310-x86_64-linux-gnu.so
7effb8f49000-7effb8f4d000 r--p 00012000 00:62 10175418                   /home/ubuntu/.local/lib/python3.10/site-packages/numpy/random/_philox.cpython-310-x86_64-linux-gnu.so
7effb8f4d000-7effb8f4e000 r--p 00015000 00:62 10175418                   /home/ubuntu/.local/lib/python3.10/site-packages/numpy/random/_philox.cpython-310-x86_64-linux-gnu.so
7effb8f4e000-7effb8f4f000 rw-p 00016000 00:62 10175418                   /home/ubuntu/.local/lib/python3.10/site-packages/numpy/random/_philox.cpython-310-x86_64-linux-gnu.so
7effb8f4f000-7effb9000000 rw-p 00000000 00:00 0 
7effb9000000-7effbc0ef000 r-xp 00000000 00:62 10100556                   /home/ubuntu/.local/lib/python3.10/site-packages/nvidia/cuda_nvrtc/lib/libnvrtc.so.12
7effbc0ef000-7effbc2ee000 ---p 030ef000 00:62 10100556                   /home/ubuntu/.local/lib/python3.10/site-packages/nvidia/cuda_nvrtc/lib/libnvrtc.so.12
7effbc2ee000-7effbc877000 r--p 030ee000 00:62 10100556                   /home/ubuntu/.local/lib/python3.10/site-packages/nvidia/cuda_nvrtc/lib/libnvrtc.so.12
7effbc877000-7effbc95e000 rw-p 03677000 00:62 10100556                   /home/ubuntu/.local/lib/python3.10/site-packages/nvidia/cuda_nvrtc/lib/libnvrtc.so.12
7effbc95e000-7effbcc3a000 rw-p 00000000 00:00 0 
7effbcc3a000-7effbce00000 ---p 03c3a000 00:62 10100556                   /home/ubuntu/.local/lib/python3.10/site-packages/nvidia/cuda_nvrtc/lib/libnvrtc.so.12
7effbce00000-7effbce02000 rw-p 03800000 00:62 10100556                   /home/ubuntu/.local/lib/python3.10/site-packages/nvidia/cuda_nvrtc/lib/libnvrtc.so.12
7effbce02000-7effbce03000 r--s 00000000 08:00 45646444                   /home/ubuntu/tbazzocchi/FRAG/MedRAG/corpus/wikipedia/index/bm25/_t.fdx
7effbce03000-7effbce07000 r--p 00000000 00:62 10174777                   /home/ubuntu/.local/lib/python3.10/site-packages/propcache/_helpers_c.cpython-310-x86_64-linux-gnu.so
7effbce07000-7effbce13000 r-xp 00004000 00:62 10174777                   /home/ubuntu/.local/lib/python3.10/site-packages/propcache/_helpers_c.cpython-310-x86_64-linux-gnu.so
7effbce13000-7effbce17000 r--p 00010000 00:62 10174777                   /home/ubuntu/.local/lib/python3.10/site-packages/propcache/_helpers_c.cpython-310-x86_64-linux-gnu.so
7effbce17000-7effbce18000 r--p 00013000 00:62 10174777                   /home/ubuntu/.local/lib/python3.10/site-packages/propcache/_helpers_c.cpython-310-x86_64-linux-gnu.so
7effbce18000-7effbce19000 rw-p 00014000 00:62 10174777                   /home/ubuntu/.local/lib/python3.10/site-packages/propcache/_helpers_c.cpython-310-x86_64-linux-gnu.so
7effbce19000-7effbce1a000 rw-p 00000000 00:00 0 
7effbce1a000-7effbce1e000 r--p 00000000 00:62 10176417                   /home/ubuntu/.local/lib/python3.10/site-packages/multidict/_multidict.cpython-310-x86_64-linux-gnu.so
7effbce1e000-7effbce2f000 r-xp 00004000 00:62 10176417                   /home/ubuntu/.local/lib/python3.10/site-packages/multidict/_multidict.cpython-310-x86_64-linux-gnu.so
7effbce2f000-7effbce33000 r--p 00015000 00:62 10176417                   /home/ubuntu/.local/lib/python3.10/site-packages/multidict/_multidict.cpython-310-x86_64-linux-gnu.so
7effbce33000-7effbce34000 r--p 00018000 00:62 10176417                   /home/ubuntu/.local/lib/python3.10/site-packages/multidict/_multidict.cpython-310-x86_64-linux-gnu.so
7effbce34000-7effbce36000 rw-p 00019000 00:62 10176417                   /home/ubuntu/.local/lib/python3.10/site-packages/multidict/_multidict.cpython-310-x86_64-linux-gnu.so
7effbce36000-7effbce39000 r--p 00000000 00:62 10045272                   /usr/lib/python3.10/lib-dynload/_multibytecodec.cpython-310-x86_64-linux-gnu.so
7effbce39000-7effbce3f000 r-xp 00003000 00:62 10045272                   /usr/lib/python3.10/lib-dynload/_multibytecodec.cpython-310-x86_64-linux-gnu.so
7effbce3f000-7effbce41000 r--p 00009000 00:62 10045272                   /usr/lib/python3.10/lib-dynload/_multibytecodec.cpython-310-x86_64-linux-gnu.so
7effbce41000-7effbce42000 r--p 0000a000 00:62 10045272                   /usr/lib/python3.10/lib-dynload/_multibytecodec.cpython-310-x86_64-linux-gnu.so
7effbce42000-7effbce43000 rw-p 0000b000 00:62 10045272                   /usr/lib/python3.10/lib-dynload/_multibytecodec.cpython-310-x86_64-linux-gnu.so
7effbce43000-7effbce51000 r--p 00000000 00:62 10224959                   /home/ubuntu/.local/lib/python3.10/site-packages/charset_normalizer/md__mypyc.cpython-310-x86_64-linux-gnu.so
7effbce51000-7effbce70000 r-xp 0000e000 00:62 10224959                   /home/ubuntu/.local/lib/python3.10/site-packages/charset_normalizer/md__mypyc.cpython-310-x86_64-linux-gnu.so
7effbce70000-7effbce7a000 r--p 0002d000 00:62 10224959                   /home/ubuntu/.local/lib/python3.10/site-packages/charset_normalizer/md__mypyc.cpython-310-x86_64-linux-gnu.so
7effbce7a000-7effbce7b000 r--p 00036000 00:62 10224959                   /home/ubuntu/.local/lib/python3.10/site-packages/charset_normalizer/md__mypyc.cpython-310-x86_64-linux-gnu.so
7effbce7b000-7effbce7f000 rw-p 00037000 00:62 10224959                   /home/ubuntu/.local/lib/python3.10/site-packages/charset_normalizer/md__mypyc.cpython-310-x86_64-linux-gnu.so
7effbce7f000-7effbce80000 rw-p 00000000 00:00 0 
7effbce80000-7effbce81000 r--p 00000000 00:62 10224957                   /home/ubuntu/.local/lib/python3.10/site-packages/charset_normalizer/md.cpython-310-x86_64-linux-gnu.so
7effbce81000-7effbce82000 r-xp 00001000 00:62 10224957                   /home/ubuntu/.local/lib/python3.10/site-packages/charset_normalizer/md.cpython-310-x86_64-linux-gnu.so
7effbce82000-7effbce83000 r--p 00002000 00:62 10224957                   /home/ubuntu/.local/lib/python3.10/site-packages/charset_normalizer/md.cpython-310-x86_64-linux-gnu.so
7effbce83000-7effbce84000 r--p 00002000 00:62 10224957                   /home/ubuntu/.local/lib/python3.10/site-packages/charset_normalizer/md.cpython-310-x86_64-linux-gnu.so
7effbce84000-7effbce85000 rw-p 00003000 00:62 10224957                   /home/ubuntu/.local/lib/python3.10/site-packages/charset_normalizer/md.cpython-310-x86_64-linux-gnu.so
7effbce85000-7effbce87000 r--p 00000000 00:62 10045273                   /usr/lib/python3.10/lib-dynload/_multiprocessing.cpython-310-x86_64-linux-gnu.so
7effbce87000-7effbce89000 r-xp 00002000 00:62 10045273                   /usr/lib/python3.10/lib-dynload/_multiprocessing.cpython-310-x86_64-linux-gnu.so
7effbce89000-7effbce8a000 r--p 00004000 00:62 10045273                   /usr/lib/python3.10/lib-dynload/_multiprocessing.cpython-310-x86_64-linux-gnu.so
7effbce8a000-7effbce8b000 r--p 00004000 00:62 10045273                   /usr/lib/python3.10/lib-dynload/_multiprocessing.cpython-310-x86_64-linux-gnu.so
7effbce8b000-7effbce8c000 rw-p 00005000 00:62 10045273                   /usr/lib/python3.10/lib-dynload/_multiprocessing.cpython-310-x86_64-linux-gnu.so
7effbce8c000-7effbce8e000 r--p 00000000 00:62 25773485                   /usr/lib/x86_64-linux-gnu/libuuid.so.1.3.0
7effbce8e000-7effbce92000 r-xp 00002000 00:62 25773485                   /usr/lib/x86_64-linux-gnu/libuuid.so.1.3.0
7effbce92000-7effbce93000 r--p 00006000 00:62 25773485                   /usr/lib/x86_64-linux-gnu/libuuid.so.1.3.0
7effbce93000-7effbce94000 r--p 00006000 00:62 25773485                   /usr/lib/x86_64-linux-gnu/libuuid.so.1.3.0
7effbce94000-7effbce95000 rw-p 00007000 00:62 25773485                   /usr/lib/x86_64-linux-gnu/libuuid.so.1.3.0
7effbce95000-7effbce96000 r--p 00000000 00:62 10045274                   /usr/lib/python3.10/lib-dynload/_posixshmem.cpython-310-x86_64-linux-gnu.so
7effbce96000-7effbce97000 r-xp 00001000 00:62 10045274                   /usr/lib/python3.10/lib-dynload/_posixshmem.cpython-310-x86_64-linux-gnu.so
7effbce97000-7effbce98000 r--p 00002000 00:62 10045274                   /usr/lib/python3.10/lib-dynload/_posixshmem.cpython-310-x86_64-linux-gnu.so
7effbce98000-7effbce99000 r--p 00002000 00:62 10045274                   /usr/lib/python3.10/lib-dynload/_posixshmem.cpython-310-x86_64-linux-gnu.so
7effbce99000-7effbce9a000 rw-p 00003000 00:62 10045274                   /usr/lib/python3.10/lib-dynload/_posixshmem.cpython-310-x86_64-linux-gnu.so
7effbce9a000-7effbcfa7000 rw-p 00000000 00:00 0 
7effbcfa7000-7effbcfaa000 r--p 00000000 00:62 10175421                   /home/ubuntu/.local/lib/python3.10/site-packages/numpy/random/_mt19937.cpython-310-x86_64-linux-gnu.so
7effbcfaa000-7effbcfbb000 r-xp 00003000 00:62 10175421                   /home/ubuntu/.local/lib/python3.10/site-packages/numpy/random/_mt19937.cpython-310-x86_64-linux-gnu.so
7effbcfbb000-7effbcfc0000 r--p 00014000 00:62 10175421                   /home/ubuntu/.local/lib/python3.10/site-packages/numpy/random/_mt19937.cpython-310-x86_64-linux-gnu.so
7effbcfc0000-7effbcfc1000 r--p 00018000 00:62 10175421                   /home/ubuntu/.local/lib/python3.10/site-packages/numpy/random/_mt19937.cpython-310-x86_64-linux-gnu.so
7effbcfc1000-7effbcfc2000 rw-p 00019000 00:62 10175421                   /home/ubuntu/.local/lib/python3.10/site-packages/numpy/random/_mt19937.cpython-310-x86_64-linux-gnu.so
7effbcfc2000-7effbcfc6000 r--p 00000000 00:62 10175412                   /home/ubuntu/.local/lib/python3.10/site-packages/numpy/random/_common.cpython-310-x86_64-linux-gnu.so
7effbcfc6000-7effbcff8000 r-xp 00004000 00:62 10175412                   /home/ubuntu/.local/lib/python3.10/site-packages/numpy/random/_common.cpython-310-x86_64-linux-gnu.so
7effbcff8000-7effbcffc000 r--p 00036000 00:62 10175412                   /home/ubuntu/.local/lib/python3.10/site-packages/numpy/random/_common.cpython-310-x86_64-linux-gnu.so
7effbcffc000-7effbcffd000 ---p 0003a000 00:62 10175412                   /home/ubuntu/.local/lib/python3.10/site-packages/numpy/random/_common.cpython-310-x86_64-linux-gnu.so
7effbcffd000-7effbcffe000 r--p 0003a000 00:62 10175412                   /home/ubuntu/.local/lib/python3.10/site-packages/numpy/random/_common.cpython-310-x86_64-linux-gnu.so
7effbcffe000-7effbcfff000 rw-p 0003b000 00:62 10175412                   /home/ubuntu/.local/lib/python3.10/site-packages/numpy/random/_common.cpython-310-x86_64-linux-gnu.so
7effbcfff000-7effbd000000 rw-p 00000000 00:00 0 
7effbd000000-7effbd037000 r-xp 00000000 00:62 10159930                   /home/ubuntu/.local/lib/python3.10/site-packages/torch/lib/libgomp.so.1
7effbd037000-7effbd236000 ---p 00037000 00:62 10159930                   /home/ubuntu/.local/lib/python3.10/site-packages/torch/lib/libgomp.so.1
7effbd236000-7effbd237000 r--p 00036000 00:62 10159930                   /home/ubuntu/.local/lib/python3.10/site-packages/torch/lib/libgomp.so.1
7effbd237000-7effbd238000 rw-p 00037000 00:62 10159930                   /home/ubuntu/.local/lib/python3.10/site-packages/torch/lib/libgomp.so.1
7effbd238000-7effbd23d000 rw-p 0003a000 00:62 10159930                   /home/ubuntu/.local/lib/python3.10/site-packages/torch/lib/libgomp.so.1
7effbd23d000-7effbd240000 r--p 00000000 00:62 10175414                   /home/ubuntu/.local/lib/python3.10/site-packages/numpy/random/_sfc64.cpython-310-x86_64-linux-gnu.so
7effbd240000-7effbd249000 r-xp 00003000 00:62 10175414                   /home/ubuntu/.local/lib/python3.10/site-packages/numpy/random/_sfc64.cpython-310-x86_64-linux-gnu.so
7effbd249000-7effbd24c000 r--p 0000c000 00:62 10175414                   /home/ubuntu/.local/lib/python3.10/site-packages/numpy/random/_sfc64.cpython-310-x86_64-linux-gnu.so
7effbd24c000-7effbd24d000 r--p 0000e000 00:62 10175414                   /home/ubuntu/.local/lib/python3.10/site-packages/numpy/random/_sfc64.cpython-310-x86_64-linux-gnu.so
7effbd24d000-7effbd24e000 rw-p 0000f000 00:62 10175414                   /home/ubuntu/.local/lib/python3.10/site-packages/numpy/random/_sfc64.cpython-310-x86_64-linux-gnu.so
7effbd24e000-7effbd252000 r--p 00000000 00:62 10045506                   /usr/lib/python3.10/lib-dynload/_hashlib.cpython-310-x86_64-linux-gnu.so
7effbd252000-7effbd258000 r-xp 00004000 00:62 10045506                   /usr/lib/python3.10/lib-dynload/_hashlib.cpython-310-x86_64-linux-gnu.so
7effbd258000-7effbd25c000 r--p 0000a000 00:62 10045506                   /usr/lib/python3.10/lib-dynload/_hashlib.cpython-310-x86_64-linux-gnu.so
7effbd25c000-7effbd25d000 r--p 0000d000 00:62 10045506                   /usr/lib/python3.10/lib-dynload/_hashlib.cpython-310-x86_64-linux-gnu.so
7effbd25d000-7effbd25f000 rw-p 0000e000 00:62 10045506                   /usr/lib/python3.10/lib-dynload/_hashlib.cpython-310-x86_64-linux-gnu.so
7effbd25f000-7effbd2df000 rw-p 00000000 00:00 0 
7effbd2df000-7effbd308000 r--p 00000000 00:62 10159912                   /home/ubuntu/.local/lib/python3.10/site-packages/torch/lib/libc10.so
7effbd308000-7effbd3aa000 r-xp 00029000 00:62 10159912                   /home/ubuntu/.local/lib/python3.10/site-packages/torch/lib/libc10.so
7effbd3aa000-7effbd3df000 r--p 000cb000 00:62 10159912                   /home/ubuntu/.local/lib/python3.10/site-packages/torch/lib/libc10.so
7effbd3df000-7effbd3e2000 r--p 000ff000 00:62 10159912                   /home/ubuntu/.local/lib/python3.10/site-packages/torch/lib/libc10.so
7effbd3e2000-7effbd3e9000 rw-p 00102000 00:62 10159912                   /home/ubuntu/.local/lib/python3.10/site-packages/torch/lib/libc10.so
7effbd3e9000-7effbd3eb000 rw-p 00000000 00:00 0 
7effbd3eb000-7effbd400000 rw-p 0014f000 00:62 10159912                   /home/ubuntu/.local/lib/python3.10/site-packages/torch/lib/libc10.so
7effbd400000-7effbd4a9000 r-xp 00000000 00:62 10100534                   /home/ubuntu/.local/lib/python3.10/site-packages/nvidia/cuda_runtime/lib/libcudart.so.12
7effbd4a9000-7effbd6a9000 ---p 000a9000 00:62 10100534                   /home/ubuntu/.local/lib/python3.10/site-packages/nvidia/cuda_runtime/lib/libcudart.so.12
7effbd6a9000-7effbd6ae000 r--p 000a9000 00:62 10100534                   /home/ubuntu/.local/lib/python3.10/site-packages/nvidia/cuda_runtime/lib/libcudart.so.12
7effbd6ae000-7effbd6af000 rw-p 000ae000 00:62 10100534                   /home/ubuntu/.local/lib/python3.10/site-packages/nvidia/cuda_runtime/lib/libcudart.so.12
7effbd6af000-7effbd6b1000 rw-p 00000000 00:00 0 
7effbd6b1000-7effbd6b2000 r--p 00000000 00:62 10045283                   /usr/lib/python3.10/lib-dynload/_uuid.cpython-310-x86_64-linux-gnu.so
7effbd6b2000-7effbd6b3000 r-xp 00001000 00:62 10045283                   /usr/lib/python3.10/lib-dynload/_uuid.cpython-310-x86_64-linux-gnu.so
7effbd6b3000-7effbd6b4000 r--p 00002000 00:62 10045283                   /usr/lib/python3.10/lib-dynload/_uuid.cpython-310-x86_64-linux-gnu.so
7effbd6b4000-7effbd6b5000 r--p 00002000 00:62 10045283                   /usr/lib/python3.10/lib-dynload/_uuid.cpython-310-x86_64-linux-gnu.so
7effbd6b5000-7effbd6b6000 rw-p 00003000 00:62 10045283                   /usr/lib/python3.10/lib-dynload/_uuid.cpython-310-x86_64-linux-gnu.so
7effbd6b6000-7effbd6b8000 r--p 00000000 00:62 10045275                   /usr/lib/python3.10/lib-dynload/_queue.cpython-310-x86_64-linux-gnu.so
7effbd6b8000-7effbd6ba000 r-xp 00002000 00:62 10045275                   /usr/lib/python3.10/lib-dynload/_queue.cpython-310-x86_64-linux-gnu.so
7effbd6ba000-7effbd6bb000 r--p 00004000 00:62 10045275                   /usr/lib/python3.10/lib-dynload/_queue.cpython-310-x86_64-linux-gnu.so
7effbd6bb000-7effbd6bc000 r--p 00004000 00:62 10045275                   /usr/lib/python3.10/lib-dynload/_queue.cpython-310-x86_64-linux-gnu.so
7effbd6bc000-7effbd6bd000 rw-p 00005000 00:62 10045275                   /usr/lib/python3.10/lib-dynload/_queue.cpython-310-x86_64-linux-gnu.so
7effbd6bd000-7effbd6c2000 r--p 00000000 00:62 10175433                   /home/ubuntu/.local/lib/python3.10/site-packages/numpy/random/bit_generator.cpython-310-x86_64-linux-gnu.so
7effbd6c2000-7effbd6e5000 r-xp 00005000 00:62 10175433                   /home/ubuntu/.local/lib/python3.10/site-packages/numpy/random/bit_generator.cpython-310-x86_64-linux-gnu.so
7effbd6e5000-7effbd6ef000 r--p 00028000 00:62 10175433                   /home/ubuntu/.local/lib/python3.10/site-packages/numpy/random/bit_generator.cpython-310-x86_64-linux-gnu.so
7effbd6ef000-7effbd6f0000 r--p 00031000 00:62 10175433                   /home/ubuntu/.local/lib/python3.10/site-packages/numpy/random/bit_generator.cpython-310-x86_64-linux-gnu.so
7effbd6f0000-7effbd6f2000 rw-p 00032000 00:62 10175433                   /home/ubuntu/.local/lib/python3.10/site-packages/numpy/random/bit_generator.cpython-310-x86_64-linux-gnu.so
7effbd6f2000-7effbd6f3000 rw-p 00000000 00:00 0 
7effbd6f3000-7effbd6f9000 r--p 00000000 00:62 10175371                   /home/ubuntu/.local/lib/python3.10/site-packages/numpy/linalg/_umath_linalg.cpython-310-x86_64-linux-gnu.so
7effbd6f9000-7effbd719000 r-xp 00006000 00:62 10175371                   /home/ubuntu/.local/lib/python3.10/site-packages/numpy/linalg/_umath_linalg.cpython-310-x86_64-linux-gnu.so
7effbd719000-7effbd71e000 r--p 00026000 00:62 10175371                   /home/ubuntu/.local/lib/python3.10/site-packages/numpy/linalg/_umath_linalg.cpython-310-x86_64-linux-gnu.so
7effbd71e000-7effbd71f000 r--p 0002a000 00:62 10175371                   /home/ubuntu/.local/lib/python3.10/site-packages/numpy/linalg/_umath_linalg.cpython-310-x86_64-linux-gnu.so
7effbd71f000-7effbd720000 rw-p 0002b000 00:62 10175371                   /home/ubuntu/.local/lib/python3.10/site-packages/numpy/linalg/_umath_linalg.cpython-310-x86_64-linux-gnu.so
7effbd720000-7effbd721000 rw-p 00000000 00:00 0 
7effbd721000-7effbd723000 rw-p 00032000 00:62 10175371                   /home/ubuntu/.local/lib/python3.10/site-packages/numpy/linalg/_umath_linalg.cpython-310-x86_64-linux-gnu.so
7effbd723000-7effbd724000 rw-p 00034000 00:62 10175371                   /home/ubuntu/.local/lib/python3.10/site-packages/numpy/linalg/_umath_linalg.cpython-310-x86_64-linux-gnu.so
7effbd724000-7effbd725000 r--p 00000000 00:62 42020368                   /usr/lib/x86_64-linux-gnu/libutil.so.1
7effbd725000-7effbd726000 r-xp 00001000 00:62 42020368                   /usr/lib/x86_64-linux-gnu/libutil.so.1
7effbd726000-7effbd727000 r--p 00002000 00:62 42020368                   /usr/lib/x86_64-linux-gnu/libutil.so.1
7effbd727000-7effbd728000 r--p 00002000 00:62 42020368                   /usr/lib/x86_64-linux-gnu/libutil.so.1
7effbd728000-7effbd729000 rw-p 00003000 00:62 42020368                   /usr/lib/x86_64-linux-gnu/libutil.so.1
7effbd729000-7effbd739000 r--p 00000000 00:62 10159913                   /home/ubuntu/.local/lib/python3.10/site-packages/torch/lib/libc10_cuda.so
7effbd739000-7effbd78c000 r-xp 00010000 00:62 10159913                   /home/ubuntu/.local/lib/python3.10/site-packages/torch/lib/libc10_cuda.so
7effbd78c000-7effbd7a3000 r--p 00063000 00:62 10159913                   /home/ubuntu/.local/lib/python3.10/site-packages/torch/lib/libc10_cuda.so
7effbd7a3000-7effbd7a5000 r--p 00079000 00:62 10159913                   /home/ubuntu/.local/lib/python3.10/site-packages/torch/lib/libc10_cuda.so
7effbd7a5000-7effbd7a6000 rw-p 0007b000 00:62 10159913                   /home/ubuntu/.local/lib/python3.10/site-packages/torch/lib/libc10_cuda.so
7effbd7a6000-7effbd7cc000 rw-p 00000000 00:00 0 
7effbd7cc000-7effbd7d4000 rw-p 000a3000 00:62 10159913                   /home/ubuntu/.local/lib/python3.10/site-packages/torch/lib/libc10_cuda.so
7effbd7d4000-7effbd7d7000 r--p 00000000 00:62 10159915                   /home/ubuntu/.local/lib/python3.10/site-packages/torch/lib/libshm.so
7effbd7d7000-7effbd7da000 r-xp 00003000 00:62 10159915                   /home/ubuntu/.local/lib/python3.10/site-packages/torch/lib/libshm.so
7effbd7da000-7effbd7db000 r--p 00006000 00:62 10159915                   /home/ubuntu/.local/lib/python3.10/site-packages/torch/lib/libshm.so
7effbd7db000-7effbd7dc000 r--p 00006000 00:62 10159915                   /home/ubuntu/.local/lib/python3.10/site-packages/torch/lib/libshm.so
7effbd7dc000-7effbd7dd000 rw-p 00007000 00:62 10159915                   /home/ubuntu/.local/lib/python3.10/site-packages/torch/lib/libshm.so
7effbd7dd000-7effbd7df000 rw-p 0000b000 00:62 10159915                   /home/ubuntu/.local/lib/python3.10/site-packages/torch/lib/libshm.so
7effbd7df000-7effbd7ea000 r--p 00000000 00:62 10159916                   /home/ubuntu/.local/lib/python3.10/site-packages/torch/lib/libtorch.so
7effbd7ea000-7effbd812000 r-xp 0000b000 00:62 10159916                   /home/ubuntu/.local/lib/python3.10/site-packages/torch/lib/libtorch.so
7effbd812000-7effbd81c000 r--p 00033000 00:62 10159916                   /home/ubuntu/.local/lib/python3.10/site-packages/torch/lib/libtorch.so
7effbd81c000-7effbd81d000 r--p 0003c000 00:62 10159916                   /home/ubuntu/.local/lib/python3.10/site-packages/torch/lib/libtorch.so
7effbd81d000-7effbd81e000 rw-p 0003d000 00:62 10159916                   /home/ubuntu/.local/lib/python3.10/site-packages/torch/lib/libtorch.so
7effbd81e000-7effbd824000 rw-p 0004e000 00:62 10159916                   /home/ubuntu/.local/lib/python3.10/site-packages/torch/lib/libtorch.so
7effbd824000-7effbd825000 r--p 00000000 00:62 10103858                   /home/ubuntu/.local/lib/python3.10/site-packages/torch/_C.cpython-310-x86_64-linux-gnu.so
7effbd825000-7effbd826000 r-xp 00001000 00:62 10103858                   /home/ubuntu/.local/lib/python3.10/site-packages/torch/_C.cpython-310-x86_64-linux-gnu.so
7effbd826000-7effbd827000 r--p 00002000 00:62 10103858                   /home/ubuntu/.local/lib/python3.10/site-packages/torch/_C.cpython-310-x86_64-linux-gnu.so
7effbd827000-7effbd828000 r--p 00002000 00:62 10103858                   /home/ubuntu/.local/lib/python3.10/site-packages/torch/_C.cpython-310-x86_64-linux-gnu.so
7effbd828000-7effbd829000 rw-p 00003000 00:62 10103858                   /home/ubuntu/.local/lib/python3.10/site-packages/torch/_C.cpython-310-x86_64-linux-gnu.so
7effbd829000-7effbd82a000 rw-p 00006000 00:62 10103858                   /home/ubuntu/.local/lib/python3.10/site-packages/torch/_C.cpython-310-x86_64-linux-gnu.so
7effbd82a000-7effbd82d000 r--p 00000000 00:62 25773383                   /usr/lib/x86_64-linux-gnu/libgcc_s.so.1
7effbd82d000-7effbd844000 r-xp 00003000 00:62 25773383                   /usr/lib/x86_64-linux-gnu/libgcc_s.so.1
7effbd844000-7effbd848000 r--p 0001a000 00:62 25773383                   /usr/lib/x86_64-linux-gnu/libgcc_s.so.1
7effbd848000-7effbd849000 r--p 0001d000 00:62 25773383                   /usr/lib/x86_64-linux-gnu/libgcc_s.so.1
7effbd849000-7effbd84a000 rw-p 0001e000 00:62 25773383                   /usr/lib/x86_64-linux-gnu/libgcc_s.so.1
7effbd84a000-7effbd84b000 r--p 00000000 00:62 42020364                   /usr/lib/x86_64-linux-gnu/librt.so.1
7effbd84b000-7effbd84c000 r-xp 00001000 00:62 42020364                   /usr/lib/x86_64-linux-gnu/librt.so.1
7effbd84c000-7effbd84d000 r--p 00002000 00:62 42020364                   /usr/lib/x86_64-linux-gnu/librt.so.1
7effbd84d000-7effbd84e000 r--p 00002000 00:62 42020364                   /usr/lib/x86_64-linux-gnu/librt.so.1
7effbd84e000-7effbd84f000 rw-p 00003000 00:62 42020364                   /usr/lib/x86_64-linux-gnu/librt.so.1
7effbd84f000-7effbd850000 r--p 00000000 00:62 42020340                   /usr/lib/x86_64-linux-gnu/libdl.so.2
7effbd850000-7effbd851000 r-xp 00001000 00:62 42020340                   /usr/lib/x86_64-linux-gnu/libdl.so.2
7effbd851000-7effbd852000 r--p 00002000 00:62 42020340                   /usr/lib/x86_64-linux-gnu/libdl.so.2
7effbd852000-7effbd853000 r--p 00002000 00:62 42020340                   /usr/lib/x86_64-linux-gnu/libdl.so.2
7effbd853000-7effbd854000 rw-p 00003000 00:62 42020340                   /usr/lib/x86_64-linux-gnu/libdl.so.2
7effbd854000-7effbd855000 r--p 00000000 00:62 42020360                   /usr/lib/x86_64-linux-gnu/libpthread.so.0
7effbd855000-7effbd856000 r-xp 00001000 00:62 42020360                   /usr/lib/x86_64-linux-gnu/libpthread.so.0
7effbd856000-7effbd857000 r--p 00002000 00:62 42020360                   /usr/lib/x86_64-linux-gnu/libpthread.so.0
7effbd857000-7effbd858000 r--p 00002000 00:62 42020360                   /usr/lib/x86_64-linux-gnu/libpthread.so.0
7effbd858000-7effbd859000 rw-p 00003000 00:62 42020360                   /usr/lib/x86_64-linux-gnu/libpthread.so.0
7effbd859000-7effbd85a000 r--p 00000000 00:62 10159920                   /home/ubuntu/.local/lib/python3.10/site-packages/torch/lib/libtorch_global_deps.so
7effbd85a000-7effbd85b000 r-xp 00001000 00:62 10159920                   /home/ubuntu/.local/lib/python3.10/site-packages/torch/lib/libtorch_global_deps.so
7effbd85b000-7effbd85c000 r--p 00002000 00:62 10159920                   /home/ubuntu/.local/lib/python3.10/site-packages/torch/lib/libtorch_global_deps.so
7effbd85c000-7effbd85d000 r--p 00002000 00:62 10159920                   /home/ubuntu/.local/lib/python3.10/site-packages/torch/lib/libtorch_global_deps.so
7effbd85d000-7effbd85e000 rw-p 00003000 00:62 10159920                   /home/ubuntu/.local/lib/python3.10/site-packages/torch/lib/libtorch_global_deps.so
7effbd85e000-7effbd85f000 rw-p 00004000 00:62 10159920                   /home/ubuntu/.local/lib/python3.10/site-packages/torch/lib/libtorch_global_deps.so
7effbd85f000-7effbd862000 r--p 00000000 00:62 25773409                   /usr/lib/x86_64-linux-gnu/liblzma.so.5.2.5
7effbd862000-7effbd87d000 r-xp 00003000 00:62 25773409                   /usr/lib/x86_64-linux-gnu/liblzma.so.5.2.5
7effbd87d000-7effbd888000 r--p 0001e000 00:62 25773409                   /usr/lib/x86_64-linux-gnu/liblzma.so.5.2.5
7effbd888000-7effbd889000 r--p 00028000 00:62 25773409                   /usr/lib/x86_64-linux-gnu/liblzma.so.5.2.5
7effbd889000-7effbd88a000 rw-p 00029000 00:62 25773409                   /usr/lib/x86_64-linux-gnu/liblzma.so.5.2.5
7effbd88a000-7effbd88d000 r--p 00000000 00:62 10045271                   /usr/lib/python3.10/lib-dynload/_lzma.cpython-310-x86_64-linux-gnu.so
7effbd88d000-7effbd891000 r-xp 00003000 00:62 10045271                   /usr/lib/python3.10/lib-dynload/_lzma.cpython-310-x86_64-linux-gnu.so
7effbd891000-7effbd894000 r--p 00007000 00:62 10045271                   /usr/lib/python3.10/lib-dynload/_lzma.cpython-310-x86_64-linux-gnu.so
7effbd894000-7effbd895000 r--p 00009000 00:62 10045271                   /usr/lib/python3.10/lib-dynload/_lzma.cpython-310-x86_64-linux-gnu.so
7effbd895000-7effbd896000 rw-p 0000a000 00:62 10045271                   /usr/lib/python3.10/lib-dynload/_lzma.cpython-310-x86_64-linux-gnu.so
7effbd896000-7effbd898000 r--p 00000000 00:62 25773357                   /usr/lib/x86_64-linux-gnu/libbz2.so.1.0.4
7effbd898000-7effbd8a5000 r-xp 00002000 00:62 25773357                   /usr/lib/x86_64-linux-gnu/libbz2.so.1.0.4
7effbd8a5000-7effbd8a7000 r--p 0000f000 00:62 25773357                   /usr/lib/x86_64-linux-gnu/libbz2.so.1.0.4
7effbd8a7000-7effbd8a8000 r--p 00010000 00:62 25773357                   /usr/lib/x86_64-linux-gnu/libbz2.so.1.0.4
7effbd8a8000-7effbd8a9000 rw-p 00011000 00:62 25773357                   /usr/lib/x86_64-linux-gnu/libbz2.so.1.0.4
7effbd8a9000-7effbd8ab000 r--p 00000000 00:62 10045254                   /usr/lib/python3.10/lib-dynload/_bz2.cpython-310-x86_64-linux-gnu.so
7effbd8ab000-7effbd8ae000 r-xp 00002000 00:62 10045254                   /usr/lib/python3.10/lib-dynload/_bz2.cpython-310-x86_64-linux-gnu.so
7effbd8ae000-7effbd8b0000 r--p 00005000 00:62 10045254                   /usr/lib/python3.10/lib-dynload/_bz2.cpython-310-x86_64-linux-gnu.so
7effbd8b0000-7effbd8b1000 r--p 00006000 00:62 10045254                   /usr/lib/python3.10/lib-dynload/_bz2.cpython-310-x86_64-linux-gnu.so
7effbd8b1000-7effbd8b2000 rw-p 00007000 00:62 10045254                   /usr/lib/python3.10/lib-dynload/_bz2.cpython-310-x86_64-linux-gnu.so
7effbd8b2000-7effbdab2000 rw-p 00000000 00:00 0 
7effbdab2000-7effbdab4000 r--p 00000000 00:62 25773378                   /usr/lib/x86_64-linux-gnu/libffi.so.8.1.0
7effbdab4000-7effbdabb000 r-xp 00002000 00:62 25773378                   /usr/lib/x86_64-linux-gnu/libffi.so.8.1.0
7effbdabb000-7effbdabc000 r--p 00009000 00:62 25773378                   /usr/lib/x86_64-linux-gnu/libffi.so.8.1.0
7effbdabc000-7effbdabd000 ---p 0000a000 00:62 25773378                   /usr/lib/x86_64-linux-gnu/libffi.so.8.1.0
7effbdabd000-7effbdabe000 r--p 0000a000 00:62 25773378                   /usr/lib/x86_64-linux-gnu/libffi.so.8.1.0
7effbdabe000-7effbdabf000 rw-p 0000b000 00:62 25773378                   /usr/lib/x86_64-linux-gnu/libffi.so.8.1.0
7effbdabf000-7effbdac0000 r--s 00000000 08:00 45646459                   /home/ubuntu/tbazzocchi/FRAG/MedRAG/corpus/wikipedia/index/bm25/_v.fdx
7effbdac0000-7effbdac2000 r--p 00000000 00:62 10045288                   /usr/lib/python3.10/lib-dynload/mmap.cpython-310-x86_64-linux-gnu.so
7effbdac2000-7effbdac5000 r-xp 00002000 00:62 10045288                   /usr/lib/python3.10/lib-dynload/mmap.cpython-310-x86_64-linux-gnu.so
7effbdac5000-7effbdac7000 r--p 00005000 00:62 10045288                   /usr/lib/python3.10/lib-dynload/mmap.cpython-310-x86_64-linux-gnu.so
7effbdac7000-7effbdac8000 r--p 00006000 00:62 10045288                   /usr/lib/python3.10/lib-dynload/mmap.cpython-310-x86_64-linux-gnu.so
7effbdac8000-7effbdac9000 rw-p 00007000 00:62 10045288                   /usr/lib/python3.10/lib-dynload/mmap.cpython-310-x86_64-linux-gnu.so
7effbdac9000-7effbdaca000 r--p 00000000 00:62 10174975                   /home/ubuntu/.local/lib/python3.10/site-packages/numpy/fft/_pocketfft_internal.cpython-310-x86_64-linux-gnu.so
7effbdaca000-7effbdadd000 r-xp 00001000 00:62 10174975                   /home/ubuntu/.local/lib/python3.10/site-packages/numpy/fft/_pocketfft_internal.cpython-310-x86_64-linux-gnu.so
7effbdadd000-7effbdadf000 r--p 00014000 00:62 10174975                   /home/ubuntu/.local/lib/python3.10/site-packages/numpy/fft/_pocketfft_internal.cpython-310-x86_64-linux-gnu.so
7effbdadf000-7effbdae0000 r--p 00015000 00:62 10174975                   /home/ubuntu/.local/lib/python3.10/site-packages/numpy/fft/_pocketfft_internal.cpython-310-x86_64-linux-gnu.so
7effbdae0000-7effbdae1000 rw-p 00016000 00:62 10174975                   /home/ubuntu/.local/lib/python3.10/site-packages/numpy/fft/_pocketfft_internal.cpython-310-x86_64-linux-gnu.so
7effbdae1000-7effbdae8000 r--p 00000000 00:62 10175495                   /home/ubuntu/.local/lib/python3.10/site-packages/numpy/core/_multiarray_tests.cpython-310-x86_64-linux-gnu.so
7effbdae8000-7effbdaff000 r-xp 00007000 00:62 10175495                   /home/ubuntu/.local/lib/python3.10/site-packages/numpy/core/_multiarray_tests.cpython-310-x86_64-linux-gnu.so
7effbdaff000-7effbdb05000 r--p 0001e000 00:62 10175495                   /home/ubuntu/.local/lib/python3.10/site-packages/numpy/core/_multiarray_tests.cpython-310-x86_64-linux-gnu.so
7effbdb05000-7effbdb06000 r--p 00023000 00:62 10175495                   /home/ubuntu/.local/lib/python3.10/site-packages/numpy/core/_multiarray_tests.cpython-310-x86_64-linux-gnu.so
7effbdb06000-7effbdb08000 rw-p 00024000 00:62 10175495                   /home/ubuntu/.local/lib/python3.10/site-packages/numpy/core/_multiarray_tests.cpython-310-x86_64-linux-gnu.so
7effbdb08000-7effbdb09000 r--p 00000000 00:62 10045261                   /usr/lib/python3.10/lib-dynload/_contextvars.cpython-310-x86_64-linux-gnu.so
7effbdb09000-7effbdb0a000 r-xp 00001000 00:62 10045261                   /usr/lib/python3.10/lib-dynload/_contextvars.cpython-310-x86_64-linux-gnu.so
7effbdb0a000-7effbdb0b000 r--p 00002000 00:62 10045261                   /usr/lib/python3.10/lib-dynload/_contextvars.cpython-310-x86_64-linux-gnu.so
7effbdb0b000-7effbdb0c000 r--p 00002000 00:62 10045261                   /usr/lib/python3.10/lib-dynload/_contextvars.cpython-310-x86_64-linux-gnu.so
7effbdb0c000-7effbdb0d000 rw-p 00003000 00:62 10045261                   /usr/lib/python3.10/lib-dynload/_contextvars.cpython-310-x86_64-linux-gnu.so
7effbdb0d000-7effbdc0d000 rw-p 00000000 00:00 0 
7effbdc0d000-7effbdc0f000 r--p 00000000 00:62 10045269                   /usr/lib/python3.10/lib-dynload/_json.cpython-310-x86_64-linux-gnu.so
7effbdc0f000-7effbdc16000 r-xp 00002000 00:62 10045269                   /usr/lib/python3.10/lib-dynload/_json.cpython-310-x86_64-linux-gnu.so
7effbdc16000-7effbdc18000 r--p 00009000 00:62 10045269                   /usr/lib/python3.10/lib-dynload/_json.cpython-310-x86_64-linux-gnu.so
7effbdc18000-7effbdc19000 r--p 0000a000 00:62 10045269                   /usr/lib/python3.10/lib-dynload/_json.cpython-310-x86_64-linux-gnu.so
7effbdc19000-7effbdc1a000 rw-p 0000b000 00:62 10045269                   /usr/lib/python3.10/lib-dynload/_json.cpython-310-x86_64-linux-gnu.so
7effbdc1a000-7effbdd1a000 rw-p 00000000 00:00 0 
7effbdd1a000-7effbdd1b000 r--s 00000000 08:00 45646370                   /home/ubuntu/tbazzocchi/FRAG/MedRAG/corpus/wikipedia/index/bm25/_y.fdx
7effbdd1b000-7effbdd1c000 rw-s 00000000 00:69 29                         /dev/shm/sem.yJVLTh (deleted)
7effbdd1c000-7effbdd1d000 ---p 00000000 00:00 0 
7effbdd1d000-7effbdd1e000 r--p 00000000 00:00 0 
7effbdd1e000-7effbdd24000 r--p 00000000 00:62 10045263                   /usr/lib/python3.10/lib-dynload/_ctypes.cpython-310-x86_64-linux-gnu.so
7effbdd24000-7effbdd34000 r-xp 00006000 00:62 10045263                   /usr/lib/python3.10/lib-dynload/_ctypes.cpython-310-x86_64-linux-gnu.so
7effbdd34000-7effbdd3a000 r--p 00016000 00:62 10045263                   /usr/lib/python3.10/lib-dynload/_ctypes.cpython-310-x86_64-linux-gnu.so
7effbdd3a000-7effbdd3b000 r--p 0001b000 00:62 10045263                   /usr/lib/python3.10/lib-dynload/_ctypes.cpython-310-x86_64-linux-gnu.so
7effbdd3b000-7effbdd3f000 rw-p 0001c000 00:62 10045263                   /usr/lib/python3.10/lib-dynload/_ctypes.cpython-310-x86_64-linux-gnu.so
7effbdd3f000-7effbdfa1000 rw-p 00000000 00:00 0 
7effbdfa1000-7effbdfa8000 r--s 00000000 00:62 42020870                   /usr/lib/x86_64-linux-gnu/gconv/gconv-modules.cache
7effbdfa8000-7effbdfff000 r--p 00000000 00:62 25642035                   /usr/lib/locale/C.utf8/LC_CTYPE
7effbdfff000-7effbe001000 rw-p 00000000 00:00 0 
7effbe001000-7effbe029000 r--p 00000000 00:62 42020336                   /usr/lib/x86_64-linux-gnu/libc.so.6
7effbe029000-7effbe1be000 r-xp 00028000 00:62 42020336                   /usr/lib/x86_64-linux-gnu/libc.so.6
7effbe1be000-7effbe216000 r--p 001bd000 00:62 42020336                   /usr/lib/x86_64-linux-gnu/libc.so.6
7effbe216000-7effbe217000 ---p 00215000 00:62 42020336                   /usr/lib/x86_64-linux-gnu/libc.so.6
7effbe217000-7effbe21b000 r--p 00215000 00:62 42020336                   /usr/lib/x86_64-linux-gnu/libc.so.6
7effbe21b000-7effbe21d000 rw-p 00219000 00:62 42020336                   /usr/lib/x86_64-linux-gnu/libc.so.6
7effbe21d000-7effbe22a000 rw-p 00000000 00:00 0 
7effbe22a000-7effbe22c000 r--p 00000000 00:62 25773489                   /usr/lib/x86_64-linux-gnu/libz.so.1.2.11
7effbe22c000-7effbe23d000 r-xp 00002000 00:62 25773489                   /usr/lib/x86_64-linux-gnu/libz.so.1.2.11
7effbe23d000-7effbe243000 r--p 00013000 00:62 25773489                   /usr/lib/x86_64-linux-gnu/libz.so.1.2.11
7effbe243000-7effbe244000 ---p 00019000 00:62 25773489                   /usr/lib/x86_64-linux-gnu/libz.so.1.2.11
7effbe244000-7effbe245000 r--p 00019000 00:62 25773489                   /usr/lib/x86_64-linux-gnu/libz.so.1.2.11
7effbe245000-7effbe246000 rw-p 0001a000 00:62 25773489                   /usr/lib/x86_64-linux-gnu/libz.so.1.2.11
7effbe246000-7effbe24a000 r--p 00000000 00:62 9914585                    /usr/lib/x86_64-linux-gnu/libexpat.so.1.8.7
7effbe24a000-7effbe269000 r-xp 00004000 00:62 9914585                    /usr/lib/x86_64-linux-gnu/libexpat.so.1.8.7
7effbe269000-7effbe273000 r--p 00023000 00:62 9914585                    /usr/lib/x86_64-linux-gnu/libexpat.so.1.8.7
7effbe273000-7effbe274000 ---p 0002d000 00:62 9914585                    /usr/lib/x86_64-linux-gnu/libexpat.so.1.8.7
7effbe274000-7effbe276000 r--p 0002d000 00:62 9914585                    /usr/lib/x86_64-linux-gnu/libexpat.so.1.8.7
7effbe276000-7effbe277000 rw-p 0002f000 00:62 9914585                    /usr/lib/x86_64-linux-gnu/libexpat.so.1.8.7
7effbe277000-7effbe285000 r--p 00000000 00:62 42020342                   /usr/lib/x86_64-linux-gnu/libm.so.6
7effbe285000-7effbe301000 r-xp 0000e000 00:62 42020342                   /usr/lib/x86_64-linux-gnu/libm.so.6
7effbe301000-7effbe35c000 r--p 0008a000 00:62 42020342                   /usr/lib/x86_64-linux-gnu/libm.so.6
7effbe35c000-7effbe35d000 r--p 000e4000 00:62 42020342                   /usr/lib/x86_64-linux-gnu/libm.so.6
7effbe35d000-7effbe35e000 rw-p 000e5000 00:62 42020342                   /usr/lib/x86_64-linux-gnu/libm.so.6
7effbe35e000-7effbe35f000 r--p 00000000 00:62 10045507                   /usr/lib/python3.10/lib-dynload/_opcode.cpython-310-x86_64-linux-gnu.so
7effbe35f000-7effbe360000 r-xp 00001000 00:62 10045507                   /usr/lib/python3.10/lib-dynload/_opcode.cpython-310-x86_64-linux-gnu.so
7effbe360000-7effbe361000 r--p 00002000 00:62 10045507                   /usr/lib/python3.10/lib-dynload/_opcode.cpython-310-x86_64-linux-gnu.so
7effbe361000-7effbe362000 r--p 00002000 00:62 10045507                   /usr/lib/python3.10/lib-dynload/_opcode.cpython-310-x86_64-linux-gnu.so
7effbe362000-7effbe363000 rw-p 00003000 00:62 10045507                   /usr/lib/python3.10/lib-dynload/_opcode.cpython-310-x86_64-linux-gnu.so
7effbe363000-7effbe365000 rw-p 00000000 00:00 0 
7effbe365000-7effbe367000 r--p 00000000 00:62 42020330                   /usr/lib/x86_64-linux-gnu/ld-linux-x86-64.so.2
7effbe367000-7effbe391000 r-xp 00002000 00:62 42020330                   /usr/lib/x86_64-linux-gnu/ld-linux-x86-64.so.2
7effbe391000-7effbe39c000 r--p 0002c000 00:62 42020330                   /usr/lib/x86_64-linux-gnu/ld-linux-x86-64.so.2
7effbe39c000-7effbe39d000 ---p 00000000 00:00 0 
7effbe39d000-7effbe39f000 r--p 00037000 00:62 42020330                   /usr/lib/x86_64-linux-gnu/ld-linux-x86-64.so.2
7effbe39f000-7effbe3a1000 rw-p 00039000 00:62 42020330                   /usr/lib/x86_64-linux-gnu/ld-linux-x86-64.so.2
7ffea1c71000-7ffea1c75000 ---p 00000000 00:00 0 
7ffea1c75000-7ffea1d71000 rw-p 00000000 00:00 0                          [stack]
7ffea1d9f000-7ffea1da3000 r--p 00000000 00:00 0                          [vvar]
7ffea1da3000-7ffea1da5000 r-xp 00000000 00:00 0                          [vdso]
ffffffffff600000-ffffffffff601000 --xp 00000000 00:00 0                  [vsyscall]


VM Arguments:
java_command: <unknown>
java_class_path (initial): /home/ubuntu/.local/lib/python3.10/site-packages/pyserini/resources/jars/anserini-0.22.1-fatjar.jar:/home/ubuntu/.local/lib/python3.10/site-packages/jnius/src
Launcher Type: generic

[Global flags]
     intx CICompilerCount                          = 12                                        {product} {ergonomic}
     uint ConcGCThreads                            = 4                                         {product} {ergonomic}
     uint G1ConcRefinementThreads                  = 15                                        {product} {ergonomic}
   size_t G1HeapRegionSize                         = 16777216                                  {product} {ergonomic}
    uintx GCDrainStackTargetSize                   = 64                                        {product} {ergonomic}
   size_t InitialHeapSize                          = 2147483648                                {product} {ergonomic}
   size_t MarkStackSize                            = 4194304                                   {product} {ergonomic}
   size_t MaxHeapSize                              = 32178700288                               {product} {ergonomic}
   size_t MaxNewSize                               = 19293798400                               {product} {ergonomic}
   size_t MinHeapDeltaBytes                        = 16777216                                  {product} {ergonomic}
   size_t MinHeapSize                              = 16777216                                  {product} {ergonomic}
    uintx NonNMethodCodeHeapSize                   = 7602480                                {pd product} {ergonomic}
    uintx NonProfiledCodeHeapSize                  = 122027880                              {pd product} {ergonomic}
    uintx ProfiledCodeHeapSize                     = 122027880                              {pd product} {ergonomic}
    uintx ReservedCodeCacheSize                    = 251658240                              {pd product} {ergonomic}
     bool SegmentedCodeCache                       = true                                      {product} {ergonomic}
   size_t SoftMaxHeapSize                          = 32178700288                            {manageable} {ergonomic}
     bool UseCompressedClassPointers               = true                           {product lp64_product} {ergonomic}
     bool UseCompressedOops                        = true                           {product lp64_product} {ergonomic}
     bool UseG1GC                                  = true                                      {product} {ergonomic}

Logging:
Log output configuration:
 #0: stdout all=off uptime,level,tags
 #1: stderr all=off uptime,level,tags

Environment Variables:
PATH=/home/ubuntu/.local/bin:/usr/local/sbin:/usr/local/bin:/usr/sbin:/usr/bin:/sbin:/bin:/usr/games:/usr/local/games:/snap/bin
SHELL=/bin/bash
LC_CTYPE=C.UTF-8
TERM=xterm-256color

Active Locale:
LC_ALL=LC_CTYPE=C.UTF-8;LC_NUMERIC=C;LC_TIME=C;LC_COLLATE=C;LC_MONETARY=C;LC_MESSAGES=C;LC_PAPER=C;LC_NAME=C;LC_ADDRESS=C;LC_TELEPHONE=C;LC_MEASUREMENT=C;LC_IDENTIFICATION=C
LC_COLLATE=C
LC_CTYPE=C.UTF-8
LC_MESSAGES=C
LC_MONETARY=C
LC_NUMERIC=C
LC_TIME=C

Signal Handlers:
   SIGSEGV: crash_handler in libjvm.so, mask=11100100010111111101111111111110, flags=SA_RESTART|SA_SIGINFO, unblocked
    SIGBUS: crash_handler in libjvm.so, mask=11100100010111111101111111111110, flags=SA_RESTART|SA_SIGINFO, unblocked
    SIGFPE: crash_handler in libjvm.so, mask=11100100010111111101111111111110, flags=SA_RESTART|SA_SIGINFO, unblocked
   SIGPIPE: javaSignalHandler in libjvm.so, mask=11100100010111111101111111111110, flags=SA_RESTART|SA_SIGINFO, blocked
  *** Handler was modified!
  *** Expected: 0x0000563bdb94e5e0, mask=00000101111100001010000000111011, flags=SA_RESTART|SA_SIGINFO
   SIGXFSZ: javaSignalHandler in libjvm.so, mask=11100100010111111101111111111110, flags=SA_RESTART|SA_SIGINFO, blocked
  *** Handler was modified!
  *** Expected: 0x0000563bdb924090, mask=00000000001101101000110011111011, flags=SA_RESTART|SA_SIGINFO
    SIGILL: crash_handler in libjvm.so, mask=11100100010111111101111111111110, flags=SA_RESTART|SA_SIGINFO, unblocked
   SIGUSR2: SR_handler in libjvm.so, mask=00100000000000000000000000000000, flags=SA_RESTART|SA_SIGINFO, blocked
  *** Handler was modified!
  *** Expected: 0x0000563bdb925200, mask=00001001000000100100100111011011, flags=SA_RESTART|SA_SIGINFO
    SIGHUP: UserHandler in libjvm.so, mask=11100100010111111101111111111110, flags=SA_RESTART|SA_SIGINFO, blocked
    SIGINT: UserHandler in libjvm.so, mask=11100100010111111101111111111110, flags=SA_RESTART|SA_SIGINFO, blocked
   SIGTERM: UserHandler in libjvm.so, mask=11100100010111111101111111111110, flags=SA_RESTART|SA_SIGINFO, blocked
   SIGQUIT: UserHandler in libjvm.so, mask=11100100010111111101111111111110, flags=SA_RESTART|SA_SIGINFO, blocked
   SIGTRAP: crash_handler in libjvm.so, mask=11100100010111111101111111111110, flags=SA_RESTART|SA_SIGINFO, unblocked


Periodic native trim disabled


---------------  S Y S T E M  ---------------

OS:
DISTRIB_ID=Ubuntu
DISTRIB_RELEASE=22.04
DISTRIB_CODENAME=jammy
DISTRIB_DESCRIPTION="Ubuntu 22.04.4 LTS"
uname: Linux 5.15.0-141-generic #151-Ubuntu SMP Sun May 18 21:35:19 UTC 2025 x86_64
OS uptime: 14 days 0:12 hours
libc: glibc 2.35 NPTL 2.35 
rlimit (soft/hard): STACK 8192k/infinity , CORE infinity/infinity , NPROC infinity/infinity , NOFILE 1048576/1048576 , AS infinity/infinity , CPU infinity/infinity , DATA infinity/infinity , FSIZE infinity/infinity , MEMLOCK 64k/64k
load average: 4.75 6.36 4.23

/proc/meminfo:
MemTotal:       395722488 kB
MemFree:        96628348 kB
MemAvailable:   285700692 kB
Buffers:         6675996 kB
Cached:         171733880 kB
SwapCached:         2220 kB
Active:         123768220 kB
Inactive:       159206436 kB
Active(anon):      17760 kB
Inactive(anon): 104568256 kB
Active(file):   123750460 kB
Inactive(file): 54638180 kB
Unevictable:           0 kB
Mlocked:               0 kB
SwapTotal:      268435452 kB
SwapFree:       268395004 kB
Dirty:               136 kB
Writeback:             0 kB
AnonPages:      104561848 kB
Mapped:          2931168 kB
Shmem:             21276 kB
KReclaimable:   13683344 kB
Slab:           15031916 kB
SReclaimable:   13683344 kB
SUnreclaim:      1348572 kB
KernelStack:       23504 kB
PageTables:       281012 kB
NFS_Unstable:          0 kB
Bounce:                0 kB
WritebackTmp:          0 kB
CommitLimit:    466296696 kB
Committed_AS:   136535468 kB
VmallocTotal:   34359738367 kB
VmallocUsed:      235260 kB
VmallocChunk:          0 kB
Percpu:            36960 kB
HardwareCorrupted:     0 kB
AnonHugePages:         0 kB
ShmemHugePages:        0 kB
ShmemPmdMapped:        0 kB
FileHugePages:         0 kB
FilePmdMapped:         0 kB
HugePages_Total:       0
HugePages_Free:        0
HugePages_Rsvd:        0
HugePages_Surp:        0
Hugepagesize:       2048 kB
Hugetlb:               0 kB
DirectMap4k:     4348848 kB
DirectMap2M:    145272832 kB
DirectMap1G:    252706816 kB

/sys/kernel/mm/transparent_hugepage/enabled: always [madvise] never
/sys/kernel/mm/transparent_hugepage/hpage_pmd_size: 2097152
/sys/kernel/mm/transparent_hugepage/defrag (defrag/compaction efforts parameter): always defer defer+madvise [madvise] never

Process Memory:
Virtual Size: 135476796K (peak: 155299796K)
Resident Set Size: 48436492K (peak: 71984764K) (anon: 47175768K, file: 1244076K, shmem: 16648K)
Swapped out: 0K
C-Heap outstanding allocations: 28690644K, retained: 460383K
glibc malloc tunables: (default)

/proc/sys/kernel/threads-max (system-wide limit on the number of threads): 3089982
/proc/sys/vm/max_map_count (maximum number of memory map areas a process may have): 65530
/proc/sys/vm/swappiness (control to define how aggressively the kernel swaps out anonymous memory): 60
/proc/sys/kernel/pid_max (system-wide limit on number of process identifiers): 4194304

container (cgroup) information:
container_type: cgroupv2
cpu_cpuset_cpus: not supported
cpu_memory_nodes: not supported
active_processor_count: 20
cpu_quota: no quota
cpu_period: 100000
cpu_shares: no shares
memory_limit_in_bytes: unlimited
memory_and_swap_limit_in_bytes: unlimited
memory_soft_limit_in_bytes: 0
memory_usage_in_bytes: 50841752 k
memory_max_usage_in_bytes: not supported
memory_swap_current_in_bytes: 4 k
memory_swap_max_limit_in_bytes: unlimited
maximum number of tasks: 463497
current number of tasks: 214

Steal ticks since vm start: 0
Steal ticks percentage since vm start:  0.000

CPU: total 20 (initial active 20) (10 cores per cpu, 2 threads per core) family 6 model 85 stepping 7 microcode 0x5003901, cx8, cmov, fxsr, ht, mmx, 3dnowpref, sse, sse2, sse3, ssse3, sse4.1, sse4.2, popcnt, lzcnt, tsc, tscinvbit, avx, avx2, aes, erms, clmul, bmi1, bmi2, adx, avx512f, avx512dq, avx512cd, avx512bw, avx512vl, fma, vzeroupper, avx512_vnni, clflush, clflushopt, clwb
CPU Model and flags from /proc/cpuinfo:
model name	: Intel(R) Xeon(R) W-2255 CPU @ 3.70GHz
flags		: fpu vme de pse tsc msr pae mce cx8 apic sep mtrr pge mca cmov pat pse36 clflush dts acpi mmx fxsr sse sse2 ss ht tm pbe syscall nx pdpe1gb rdtscp lm constant_tsc art arch_perfmon pebs bts rep_good nopl xtopology nonstop_tsc cpuid aperfmperf pni pclmulqdq dtes64 monitor ds_cpl vmx smx est tm2 ssse3 sdbg fma cx16 xtpr pdcm pcid dca sse4_1 sse4_2 x2apic movbe popcnt tsc_deadline_timer aes xsave avx f16c rdrand lahf_lm abm 3dnowprefetch cpuid_fault epb cat_l3 cdp_l3 invpcid_single intel_ppin ssbd mba ibrs ibpb stibp ibrs_enhanced tpr_shadow vnmi flexpriority ept vpid ept_ad fsgsbase tsc_adjust bmi1 avx2 smep bmi2 erms invpcid cqm mpx rdt_a avx512f avx512dq rdseed adx smap clflushopt clwb intel_pt avx512cd avx512bw avx512vl xsaveopt xsavec xgetbv1 xsaves cqm_llc cqm_occup_llc cqm_mbm_total cqm_mbm_local dtherm ida arat pln pts hwp hwp_act_window hwp_epp hwp_pkg_req avx512_vnni md_clear flush_l1d arch_capabilities

Online cpus: 0-19
Offline cpus: 
BIOS frequency limitation: <Not Available>
Frequency switch latency (ns): 0
Available cpu frequencies: <Not Available>
Current governor: powersave
Core performance/turbo boost: <Not Available>

Memory: 4k page, physical 395722488k(103344904k free), swap 268435452k(268395004k free)
Page Sizes: 4k

vm_info: OpenJDK 64-Bit Server VM (17.0.16+8-Ubuntu-0ubuntu122.04.1) for linux-amd64 JRE (17.0.16+8-Ubuntu-0ubuntu122.04.1), built on Jul 17 2025 00:00:46 by "buildd" with gcc 11.4.0

END.
