#
# A fatal error has been detected by the Java Runtime Environment:
#
#  SIGSEGV (0xb) at pc=0x000073b437c9e22e, pid=25175, tid=26129
#
# JRE version: OpenJDK Runtime Environment (17.0.16+8) (build 17.0.16+8-Ubuntu-0ubuntu122.04.1)
# Java VM: OpenJDK 64-Bit Server VM (17.0.16+8-Ubuntu-0ubuntu122.04.1, mixed mode, sharing, tiered, compressed oops, compressed class ptrs, g1 gc, linux-amd64)
# Problematic frame:
# C  0x0989a7cb72097300
#
# Core dump will be written. Default location: Core dumps may be processed with "/usr/share/apport/apport -p%p -s%s -c%c -d%d -P%P -u%u -g%g -F%F -- %E" (or dumping to /home/ubuntu/tbazzocchi/FRAG/MedRAG/core.25175)
#
# If you would like to submit a bug report, please visit:
#   https://bugs.launchpad.net/ubuntu/+source/openjdk-17
#

---------------  S U M M A R Y ------------

Command Line: 

Host: Intel(R) Xeon(R) W-2255 CPU @ 3.70GHz, 20 cores, 377G, Ubuntu 22.04.4 LTS
Time: Fri Dec 19 15:59:16 2025 UTC elapsed time: 1672.197115 seconds (0d 0h 27m 52s)

---------------  T H R E A D  ---------------

Current thread is native thread

Stack: [0x000073a192fff000,0x000073a1937ff000],  sp=0x000073a1937fd3a0,  free space=8184k
Native frames: (J=compiled Java code, j=interpreted, Vv=VM code, C=native code)
C  0x0989a7cb72097300


siginfo: si_signo: 11 (SIGSEGV), si_code: 2 (SEGV_ACCERR), si_addr: 0x000073b437c9e22e

Registers:
RAX=0x0000000000000001, RBX=0x0000595b72bfa500, RCX=0x000073a0a6035700, RDX=0x0000000000000300
RSP=0x000073a1937fd398, RBP=0x0000595b72bfa53c, RSI=0x000000000000010b, RDI=0x0000000000000030
R8 =0x000073a0a6019200, R9 =0x000073a0a6475200, R10=0x0000595b72b3a5c0, R11=0x0000000000004000
R12=0x00000000000000db, R13=0x0000000000000030, R14=0x000073a0a6027f00, R15=0x000073a0a6489980
RIP=0x000073b437c9e22e, EFLAGS=0x0000000000010202, CSGSFS=0x002b000000000033, ERR=0x0000000000000015
  TRAPNO=0x000000000000000e

XMM[0]=0xbc05bbb3baaf3b55 0xba073c523c623922
XMM[1]=0xbc1eba80bc0f3a9c 0x3b8dbc3d3c1cbb4f
XMM[2]=0x3c93bb8e3bec3c94 0xbb8f3bb5bc8fbb37
XMM[3]=0xbbb300003b550000 0x3c52000039220000
XMM[4]=0x3b25bb1f3b25bb1f 0x3b25bb1f3b25bb1f
XMM[5]=0x3b4a3be33b4a3be3 0x3b4a3be33b4a3be3
XMM[6]=0x3be300003be30000 0x3be300003be30000
XMM[7]=0x0000000000000000 0x0000000000000000
XMM[8]=0x3b0b1416bb7ee5b5 0x3af72926b9bad837
XMM[9]=0x36a60080ba046bee 0xba15723ab9b83ba8
XMM[10]=0xb9138964ba51584e 0x3a6cf8be3a2dbb9c
XMM[11]=0x3a417c7438b0573c 0x39cdb50aba047a58
XMM[12]=0xba490cc2b9bc508c 0x38dc36c9b9acdd3b
XMM[13]=0xba6be5caba03a8e7 0x3a8dae6e3aa2e7dc
XMM[14]=0xbb09502639cbc9dc 0x3b3438293b2914a2
XMM[15]=0xba79cd123a4c91f7 0xba7b56233a4e13d9
  MXCSR=0x00001fa3


Top of Stack: (sp=0x000073a1937fd398)
0x000073a1937fd398:   0989a7cb72097300 00000000000f3476
0x000073a1937fd3a8:   ffffffffffffff80 0000000000000000
0x000073a1937fd3b8:   000073a0f4094b20 000073a0f4094b00
0x000073a1937fd3c8:   000073a0a6506000 000073a0a6505000
0x000073a1937fd3d8:   0000000000000004 000073a1937fd4e0
0x000073a1937fd3e8:   000073b7095fb64e 0000595b72b3a500
0x000073a1937fd3f8:   0000000000001000 000073a0a6505000
0x000073a1937fd408:   000073a0a6506000 0000000000003503
0x000073a1937fd418:   00000000000006a0 0000000000000004
0x000073a1937fd428:   000073a1937fd860 0000595b72b3a500
0x000073a1937fd438:   000073a0a6475000 000073a0a6019000
0x000073a1937fd448:   0000000000000004 3f8000003f800000
0x000073a1937fd458:   0000000000000300 000000000000010b
0x000073a1937fd468:   0000000000000030 000073a0f4094b00
0x000073a1937fd478:   000073a0f4094b04 000073a0f4094b04
0x000073a1937fd488:   0000000000000080 000073a0f4094b20
0x000073a1937fd498:   000073a0f4094b24 000073a0f4094b24
0x000073a1937fd4a8:   0989a7cb72097300 000073a1937fd860
0x000073a1937fd4b8:   0000000000000000 0000000000000480
0x000073a1937fd4c8:   0000595b72b3a500 0000000000000480
0x000073a1937fd4d8:   0000000000000000 000073a1937fd6a0
0x000073a1937fd4e8:   000073b7095fc3b2 0000000000001000
0x000073a1937fd4f8:   000073a0a6506000 000073a0a6505000
0x000073a1937fd508:   000073a1937fd860 000073a1937fd530
0x000073a1937fd518:   0000000000000300 0000000000001000
0x000073a1937fd528:   0000000000001020 000073a0a5e68f80
0x000073a1937fd538:   000073a0b0697040 0000000000001800
0x000073a1937fd548:   0000000000000001 0000000000000001
0x000073a1937fd558:   0000000000003800 0000000000004000
0x000073a1937fd568:   0000739f95d48530 0000000000001800
0x000073a1937fd578:   0000000000003800 0000000000003800
0x000073a1937fd588:   0000000000004840 0000739f3f800000 

Instructions: (pc=0x0989a7cb72097300)
0x0989a7cb72097200:   ?? ?? ?? ?? ?? ?? ?? ?? ?? ?? ?? ?? ?? ?? ?? ??
0x0989a7cb72097210:   ?? ?? ?? ?? ?? ?? ?? ?? ?? ?? ?? ?? ?? ?? ?? ??
0x0989a7cb72097220:   ?? ?? ?? ?? ?? ?? ?? ?? ?? ?? ?? ?? ?? ?? ?? ??
0x0989a7cb72097230:   ?? ?? ?? ?? ?? ?? ?? ?? ?? ?? ?? ?? ?? ?? ?? ??
0x0989a7cb72097240:   ?? ?? ?? ?? ?? ?? ?? ?? ?? ?? ?? ?? ?? ?? ?? ??
0x0989a7cb72097250:   ?? ?? ?? ?? ?? ?? ?? ?? ?? ?? ?? ?? ?? ?? ?? ??
0x0989a7cb72097260:   ?? ?? ?? ?? ?? ?? ?? ?? ?? ?? ?? ?? ?? ?? ?? ??
0x0989a7cb72097270:   ?? ?? ?? ?? ?? ?? ?? ?? ?? ?? ?? ?? ?? ?? ?? ??
0x0989a7cb72097280:   ?? ?? ?? ?? ?? ?? ?? ?? ?? ?? ?? ?? ?? ?? ?? ??
0x0989a7cb72097290:   ?? ?? ?? ?? ?? ?? ?? ?? ?? ?? ?? ?? ?? ?? ?? ??
0x0989a7cb720972a0:   ?? ?? ?? ?? ?? ?? ?? ?? ?? ?? ?? ?? ?? ?? ?? ??
0x0989a7cb720972b0:   ?? ?? ?? ?? ?? ?? ?? ?? ?? ?? ?? ?? ?? ?? ?? ??
0x0989a7cb720972c0:   ?? ?? ?? ?? ?? ?? ?? ?? ?? ?? ?? ?? ?? ?? ?? ??
0x0989a7cb720972d0:   ?? ?? ?? ?? ?? ?? ?? ?? ?? ?? ?? ?? ?? ?? ?? ??
0x0989a7cb720972e0:   ?? ?? ?? ?? ?? ?? ?? ?? ?? ?? ?? ?? ?? ?? ?? ??
0x0989a7cb720972f0:   ?? ?? ?? ?? ?? ?? ?? ?? ?? ?? ?? ?? ?? ?? ?? ??
0x0989a7cb72097300:   ?? ?? ?? ?? ?? ?? ?? ?? ?? ?? ?? ?? ?? ?? ?? ??
0x0989a7cb72097310:   ?? ?? ?? ?? ?? ?? ?? ?? ?? ?? ?? ?? ?? ?? ?? ??
0x0989a7cb72097320:   ?? ?? ?? ?? ?? ?? ?? ?? ?? ?? ?? ?? ?? ?? ?? ??
0x0989a7cb72097330:   ?? ?? ?? ?? ?? ?? ?? ?? ?? ?? ?? ?? ?? ?? ?? ??
0x0989a7cb72097340:   ?? ?? ?? ?? ?? ?? ?? ?? ?? ?? ?? ?? ?? ?? ?? ??
0x0989a7cb72097350:   ?? ?? ?? ?? ?? ?? ?? ?? ?? ?? ?? ?? ?? ?? ?? ??
0x0989a7cb72097360:   ?? ?? ?? ?? ?? ?? ?? ?? ?? ?? ?? ?? ?? ?? ?? ??
0x0989a7cb72097370:   ?? ?? ?? ?? ?? ?? ?? ?? ?? ?? ?? ?? ?? ?? ?? ??
0x0989a7cb72097380:   ?? ?? ?? ?? ?? ?? ?? ?? ?? ?? ?? ?? ?? ?? ?? ??
0x0989a7cb72097390:   ?? ?? ?? ?? ?? ?? ?? ?? ?? ?? ?? ?? ?? ?? ?? ??
0x0989a7cb720973a0:   ?? ?? ?? ?? ?? ?? ?? ?? ?? ?? ?? ?? ?? ?? ?? ??
0x0989a7cb720973b0:   ?? ?? ?? ?? ?? ?? ?? ?? ?? ?? ?? ?? ?? ?? ?? ??
0x0989a7cb720973c0:   ?? ?? ?? ?? ?? ?? ?? ?? ?? ?? ?? ?? ?? ?? ?? ??
0x0989a7cb720973d0:   ?? ?? ?? ?? ?? ?? ?? ?? ?? ?? ?? ?? ?? ?? ?? ??
0x0989a7cb720973e0:   ?? ?? ?? ?? ?? ?? ?? ?? ?? ?? ?? ?? ?? ?? ?? ??
0x0989a7cb720973f0:   ?? ?? ?? ?? ?? ?? ?? ?? ?? ?? ?? ?? ?? ?? ?? ?? 



---------------  P R O C E S S  ---------------

VM state: at safepoint (shutting down)

VM Mutex/Monitor currently owned by a thread:  ([mutex/lock_event])
[0x00005954c540be90] Threads_lock - owner thread: 0x00005954c5cf4b70
[0x00005954c5561700] Heap_lock - owner thread: 0x000073b4900019f0

Heap address: 0x0000000082000000, size: 30688 MB, Compressed Oops mode: Zero based, Oop shift amount: 3

CDS archive(s) mapped at: [0x000073b4ab000000-0x000073b4abbca000-0x000073b4abbca000), size 12361728, SharedBaseAddress: 0x000073b4ab000000, ArchiveRelocationMode: 1.
Compressed class space mapped at: 0x000073b4ac000000-0x000073b4ec000000, reserved size: 1073741824
Narrow klass base: 0x000073b4ab000000, Narrow klass shift: 0, Narrow klass range: 0x100000000

GC Precious Log:
<Skipped>

Heap:
 garbage-first heap   total 2129920K, used 107949K [0x0000000082000000, 0x0000000800000000)
  region size 16384K, 7 young (114688K), 1 survivors (16384K)
 Metaspace       used 18713K, committed 18880K, reserved 1114112K
  class space    used 2168K, committed 2240K, reserved 1048576K

Heap Regions: E=young(eden), S=young(survivor), O=old, HS=humongous(starts), HC=humongous(continues), CS=collection set, F=free, OA=open archive, CA=closed archive, TAMS=top-at-mark-start (previous, next)
|   0|0x0000000082000000, 0x0000000082831c00, 0x0000000083000000| 51%| O|  |TAMS 0x0000000082000000, 0x0000000082000000| Untracked 
|   1|0x0000000083000000, 0x0000000083000000, 0x0000000084000000|  0%| F|  |TAMS 0x0000000083000000, 0x0000000083000000| Untracked 
|   2|0x0000000084000000, 0x0000000084000000, 0x0000000085000000|  0%| F|  |TAMS 0x0000000084000000, 0x0000000084000000| Untracked 
|   3|0x0000000085000000, 0x0000000085000000, 0x0000000086000000|  0%| F|  |TAMS 0x0000000085000000, 0x0000000085000000| Untracked 
|   4|0x0000000086000000, 0x0000000086000000, 0x0000000087000000|  0%| F|  |TAMS 0x0000000086000000, 0x0000000086000000| Untracked 
|   5|0x0000000087000000, 0x0000000087000000, 0x0000000088000000|  0%| F|  |TAMS 0x0000000087000000, 0x0000000087000000| Untracked 
|   6|0x0000000088000000, 0x0000000088000000, 0x0000000089000000|  0%| F|  |TAMS 0x0000000088000000, 0x0000000088000000| Untracked 
|   7|0x0000000089000000, 0x0000000089000000, 0x000000008a000000|  0%| F|  |TAMS 0x0000000089000000, 0x0000000089000000| Untracked 
|   8|0x000000008a000000, 0x000000008a000000, 0x000000008b000000|  0%| F|  |TAMS 0x000000008a000000, 0x000000008a000000| Untracked 
|   9|0x000000008b000000, 0x000000008b000000, 0x000000008c000000|  0%| F|  |TAMS 0x000000008b000000, 0x000000008b000000| Untracked 
|  10|0x000000008c000000, 0x000000008c000000, 0x000000008d000000|  0%| F|  |TAMS 0x000000008c000000, 0x000000008c000000| Untracked 
|  11|0x000000008d000000, 0x000000008d000000, 0x000000008e000000|  0%| F|  |TAMS 0x000000008d000000, 0x000000008d000000| Untracked 
|  12|0x000000008e000000, 0x000000008e000000, 0x000000008f000000|  0%| F|  |TAMS 0x000000008e000000, 0x000000008e000000| Untracked 
|  13|0x000000008f000000, 0x000000008f000000, 0x0000000090000000|  0%| F|  |TAMS 0x000000008f000000, 0x000000008f000000| Untracked 
|  14|0x0000000090000000, 0x0000000090000000, 0x0000000091000000|  0%| F|  |TAMS 0x0000000090000000, 0x0000000090000000| Untracked 
|  15|0x0000000091000000, 0x0000000091000000, 0x0000000092000000|  0%| F|  |TAMS 0x0000000091000000, 0x0000000091000000| Untracked 
|  16|0x0000000092000000, 0x0000000092000000, 0x0000000093000000|  0%| F|  |TAMS 0x0000000092000000, 0x0000000092000000| Untracked 
|  17|0x0000000093000000, 0x0000000093000000, 0x0000000094000000|  0%| F|  |TAMS 0x0000000093000000, 0x0000000093000000| Untracked 
|  18|0x0000000094000000, 0x0000000094000000, 0x0000000095000000|  0%| F|  |TAMS 0x0000000094000000, 0x0000000094000000| Untracked 
|  19|0x0000000095000000, 0x0000000095000000, 0x0000000096000000|  0%| F|  |TAMS 0x0000000095000000, 0x0000000095000000| Untracked 
|  20|0x0000000096000000, 0x0000000096000000, 0x0000000097000000|  0%| F|  |TAMS 0x0000000096000000, 0x0000000096000000| Untracked 
|  21|0x0000000097000000, 0x0000000097000000, 0x0000000098000000|  0%| F|  |TAMS 0x0000000097000000, 0x0000000097000000| Untracked 
|  22|0x0000000098000000, 0x0000000098000000, 0x0000000099000000|  0%| F|  |TAMS 0x0000000098000000, 0x0000000098000000| Untracked 
|  23|0x0000000099000000, 0x0000000099000000, 0x000000009a000000|  0%| F|  |TAMS 0x0000000099000000, 0x0000000099000000| Untracked 
|  24|0x000000009a000000, 0x000000009a000000, 0x000000009b000000|  0%| F|  |TAMS 0x000000009a000000, 0x000000009a000000| Untracked 
|  25|0x000000009b000000, 0x000000009b000000, 0x000000009c000000|  0%| F|  |TAMS 0x000000009b000000, 0x000000009b000000| Untracked 
|  26|0x000000009c000000, 0x000000009c000000, 0x000000009d000000|  0%| F|  |TAMS 0x000000009c000000, 0x000000009c000000| Untracked 
|  27|0x000000009d000000, 0x000000009d000000, 0x000000009e000000|  0%| F|  |TAMS 0x000000009d000000, 0x000000009d000000| Untracked 
|  28|0x000000009e000000, 0x000000009e000000, 0x000000009f000000|  0%| F|  |TAMS 0x000000009e000000, 0x000000009e000000| Untracked 
|  29|0x000000009f000000, 0x000000009f000000, 0x00000000a0000000|  0%| F|  |TAMS 0x000000009f000000, 0x000000009f000000| Untracked 
|  30|0x00000000a0000000, 0x00000000a0000000, 0x00000000a1000000|  0%| F|  |TAMS 0x00000000a0000000, 0x00000000a0000000| Untracked 
|  31|0x00000000a1000000, 0x00000000a1000000, 0x00000000a2000000|  0%| F|  |TAMS 0x00000000a1000000, 0x00000000a1000000| Untracked 
|  32|0x00000000a2000000, 0x00000000a2000000, 0x00000000a3000000|  0%| F|  |TAMS 0x00000000a2000000, 0x00000000a2000000| Untracked 
|  33|0x00000000a3000000, 0x00000000a3000000, 0x00000000a4000000|  0%| F|  |TAMS 0x00000000a3000000, 0x00000000a3000000| Untracked 
|  34|0x00000000a4000000, 0x00000000a4000000, 0x00000000a5000000|  0%| F|  |TAMS 0x00000000a4000000, 0x00000000a4000000| Untracked 
|  35|0x00000000a5000000, 0x00000000a5000000, 0x00000000a6000000|  0%| F|  |TAMS 0x00000000a5000000, 0x00000000a5000000| Untracked 
|  36|0x00000000a6000000, 0x00000000a6000000, 0x00000000a7000000|  0%| F|  |TAMS 0x00000000a6000000, 0x00000000a6000000| Untracked 
|  37|0x00000000a7000000, 0x00000000a7000000, 0x00000000a8000000|  0%| F|  |TAMS 0x00000000a7000000, 0x00000000a7000000| Untracked 
|  38|0x00000000a8000000, 0x00000000a8000000, 0x00000000a9000000|  0%| F|  |TAMS 0x00000000a8000000, 0x00000000a8000000| Untracked 
|  39|0x00000000a9000000, 0x00000000a9000000, 0x00000000aa000000|  0%| F|  |TAMS 0x00000000a9000000, 0x00000000a9000000| Untracked 
|  40|0x00000000aa000000, 0x00000000aa000000, 0x00000000ab000000|  0%| F|  |TAMS 0x00000000aa000000, 0x00000000aa000000| Untracked 
|  41|0x00000000ab000000, 0x00000000ab000000, 0x00000000ac000000|  0%| F|  |TAMS 0x00000000ab000000, 0x00000000ab000000| Untracked 
|  42|0x00000000ac000000, 0x00000000ac000000, 0x00000000ad000000|  0%| F|  |TAMS 0x00000000ac000000, 0x00000000ac000000| Untracked 
|  43|0x00000000ad000000, 0x00000000ad000000, 0x00000000ae000000|  0%| F|  |TAMS 0x00000000ad000000, 0x00000000ad000000| Untracked 
|  44|0x00000000ae000000, 0x00000000ae000000, 0x00000000af000000|  0%| F|  |TAMS 0x00000000ae000000, 0x00000000ae000000| Untracked 
|  45|0x00000000af000000, 0x00000000af000000, 0x00000000b0000000|  0%| F|  |TAMS 0x00000000af000000, 0x00000000af000000| Untracked 
|  46|0x00000000b0000000, 0x00000000b0000000, 0x00000000b1000000|  0%| F|  |TAMS 0x00000000b0000000, 0x00000000b0000000| Untracked 
|  47|0x00000000b1000000, 0x00000000b1000000, 0x00000000b2000000|  0%| F|  |TAMS 0x00000000b1000000, 0x00000000b1000000| Untracked 
|  48|0x00000000b2000000, 0x00000000b2000000, 0x00000000b3000000|  0%| F|  |TAMS 0x00000000b2000000, 0x00000000b2000000| Untracked 
|  49|0x00000000b3000000, 0x00000000b3000000, 0x00000000b4000000|  0%| F|  |TAMS 0x00000000b3000000, 0x00000000b3000000| Untracked 
|  50|0x00000000b4000000, 0x00000000b4000000, 0x00000000b5000000|  0%| F|  |TAMS 0x00000000b4000000, 0x00000000b4000000| Untracked 
|  51|0x00000000b5000000, 0x00000000b5000000, 0x00000000b6000000|  0%| F|  |TAMS 0x00000000b5000000, 0x00000000b5000000| Untracked 
|  52|0x00000000b6000000, 0x00000000b6000000, 0x00000000b7000000|  0%| F|  |TAMS 0x00000000b6000000, 0x00000000b6000000| Untracked 
|  53|0x00000000b7000000, 0x00000000b7000000, 0x00000000b8000000|  0%| F|  |TAMS 0x00000000b7000000, 0x00000000b7000000| Untracked 
|  54|0x00000000b8000000, 0x00000000b8000000, 0x00000000b9000000|  0%| F|  |TAMS 0x00000000b8000000, 0x00000000b8000000| Untracked 
|  55|0x00000000b9000000, 0x00000000b9000000, 0x00000000ba000000|  0%| F|  |TAMS 0x00000000b9000000, 0x00000000b9000000| Untracked 
|  56|0x00000000ba000000, 0x00000000ba000000, 0x00000000bb000000|  0%| F|  |TAMS 0x00000000ba000000, 0x00000000ba000000| Untracked 
|  57|0x00000000bb000000, 0x00000000bb000000, 0x00000000bc000000|  0%| F|  |TAMS 0x00000000bb000000, 0x00000000bb000000| Untracked 
|  58|0x00000000bc000000, 0x00000000bc000000, 0x00000000bd000000|  0%| F|  |TAMS 0x00000000bc000000, 0x00000000bc000000| Untracked 
|  59|0x00000000bd000000, 0x00000000bd000000, 0x00000000be000000|  0%| F|  |TAMS 0x00000000bd000000, 0x00000000bd000000| Untracked 
|  60|0x00000000be000000, 0x00000000be000000, 0x00000000bf000000|  0%| F|  |TAMS 0x00000000be000000, 0x00000000be000000| Untracked 
|  61|0x00000000bf000000, 0x00000000bf000000, 0x00000000c0000000|  0%| F|  |TAMS 0x00000000bf000000, 0x00000000bf000000| Untracked 
|  62|0x00000000c0000000, 0x00000000c0000000, 0x00000000c1000000|  0%| F|  |TAMS 0x00000000c0000000, 0x00000000c0000000| Untracked 
|  63|0x00000000c1000000, 0x00000000c1000000, 0x00000000c2000000|  0%| F|  |TAMS 0x00000000c1000000, 0x00000000c1000000| Untracked 
|  64|0x00000000c2000000, 0x00000000c2000000, 0x00000000c3000000|  0%| F|  |TAMS 0x00000000c2000000, 0x00000000c2000000| Untracked 
|  65|0x00000000c3000000, 0x00000000c3000000, 0x00000000c4000000|  0%| F|  |TAMS 0x00000000c3000000, 0x00000000c3000000| Untracked 
|  66|0x00000000c4000000, 0x00000000c4000000, 0x00000000c5000000|  0%| F|  |TAMS 0x00000000c4000000, 0x00000000c4000000| Untracked 
|  67|0x00000000c5000000, 0x00000000c5000000, 0x00000000c6000000|  0%| F|  |TAMS 0x00000000c5000000, 0x00000000c5000000| Untracked 
|  68|0x00000000c6000000, 0x00000000c6000000, 0x00000000c7000000|  0%| F|  |TAMS 0x00000000c6000000, 0x00000000c6000000| Untracked 
|  69|0x00000000c7000000, 0x00000000c7000000, 0x00000000c8000000|  0%| F|  |TAMS 0x00000000c7000000, 0x00000000c7000000| Untracked 
|  70|0x00000000c8000000, 0x00000000c8000000, 0x00000000c9000000|  0%| F|  |TAMS 0x00000000c8000000, 0x00000000c8000000| Untracked 
|  71|0x00000000c9000000, 0x00000000c9000000, 0x00000000ca000000|  0%| F|  |TAMS 0x00000000c9000000, 0x00000000c9000000| Untracked 
|  72|0x00000000ca000000, 0x00000000ca000000, 0x00000000cb000000|  0%| F|  |TAMS 0x00000000ca000000, 0x00000000ca000000| Untracked 
|  73|0x00000000cb000000, 0x00000000cb000000, 0x00000000cc000000|  0%| F|  |TAMS 0x00000000cb000000, 0x00000000cb000000| Untracked 
|  74|0x00000000cc000000, 0x00000000cc000000, 0x00000000cd000000|  0%| F|  |TAMS 0x00000000cc000000, 0x00000000cc000000| Untracked 
|  75|0x00000000cd000000, 0x00000000cd000000, 0x00000000ce000000|  0%| F|  |TAMS 0x00000000cd000000, 0x00000000cd000000| Untracked 
|  76|0x00000000ce000000, 0x00000000ce000000, 0x00000000cf000000|  0%| F|  |TAMS 0x00000000ce000000, 0x00000000ce000000| Untracked 
|  77|0x00000000cf000000, 0x00000000cf000000, 0x00000000d0000000|  0%| F|  |TAMS 0x00000000cf000000, 0x00000000cf000000| Untracked 
|  78|0x00000000d0000000, 0x00000000d0000000, 0x00000000d1000000|  0%| F|  |TAMS 0x00000000d0000000, 0x00000000d0000000| Untracked 
|  79|0x00000000d1000000, 0x00000000d1000000, 0x00000000d2000000|  0%| F|  |TAMS 0x00000000d1000000, 0x00000000d1000000| Untracked 
|  80|0x00000000d2000000, 0x00000000d2000000, 0x00000000d3000000|  0%| F|  |TAMS 0x00000000d2000000, 0x00000000d2000000| Untracked 
|  81|0x00000000d3000000, 0x00000000d3000000, 0x00000000d4000000|  0%| F|  |TAMS 0x00000000d3000000, 0x00000000d3000000| Untracked 
|  82|0x00000000d4000000, 0x00000000d4000000, 0x00000000d5000000|  0%| F|  |TAMS 0x00000000d4000000, 0x00000000d4000000| Untracked 
|  83|0x00000000d5000000, 0x00000000d5000000, 0x00000000d6000000|  0%| F|  |TAMS 0x00000000d5000000, 0x00000000d5000000| Untracked 
|  84|0x00000000d6000000, 0x00000000d6000000, 0x00000000d7000000|  0%| F|  |TAMS 0x00000000d6000000, 0x00000000d6000000| Untracked 
|  85|0x00000000d7000000, 0x00000000d7000000, 0x00000000d8000000|  0%| F|  |TAMS 0x00000000d7000000, 0x00000000d7000000| Untracked 
|  86|0x00000000d8000000, 0x00000000d8000000, 0x00000000d9000000|  0%| F|  |TAMS 0x00000000d8000000, 0x00000000d8000000| Untracked 
|  87|0x00000000d9000000, 0x00000000d9000000, 0x00000000da000000|  0%| F|  |TAMS 0x00000000d9000000, 0x00000000d9000000| Untracked 
|  88|0x00000000da000000, 0x00000000da000000, 0x00000000db000000|  0%| F|  |TAMS 0x00000000da000000, 0x00000000da000000| Untracked 
|  89|0x00000000db000000, 0x00000000db000000, 0x00000000dc000000|  0%| F|  |TAMS 0x00000000db000000, 0x00000000db000000| Untracked 
|  90|0x00000000dc000000, 0x00000000dc000000, 0x00000000dd000000|  0%| F|  |TAMS 0x00000000dc000000, 0x00000000dc000000| Untracked 
|  91|0x00000000dd000000, 0x00000000dd000000, 0x00000000de000000|  0%| F|  |TAMS 0x00000000dd000000, 0x00000000dd000000| Untracked 
|  92|0x00000000de000000, 0x00000000de000000, 0x00000000df000000|  0%| F|  |TAMS 0x00000000de000000, 0x00000000de000000| Untracked 
|  93|0x00000000df000000, 0x00000000df000000, 0x00000000e0000000|  0%| F|  |TAMS 0x00000000df000000, 0x00000000df000000| Untracked 
|  94|0x00000000e0000000, 0x00000000e0000000, 0x00000000e1000000|  0%| F|  |TAMS 0x00000000e0000000, 0x00000000e0000000| Untracked 
|  95|0x00000000e1000000, 0x00000000e1000000, 0x00000000e2000000|  0%| F|  |TAMS 0x00000000e1000000, 0x00000000e1000000| Untracked 
|  96|0x00000000e2000000, 0x00000000e2000000, 0x00000000e3000000|  0%| F|  |TAMS 0x00000000e2000000, 0x00000000e2000000| Untracked 
|  97|0x00000000e3000000, 0x00000000e3000000, 0x00000000e4000000|  0%| F|  |TAMS 0x00000000e3000000, 0x00000000e3000000| Untracked 
|  98|0x00000000e4000000, 0x00000000e4000000, 0x00000000e5000000|  0%| F|  |TAMS 0x00000000e4000000, 0x00000000e4000000| Untracked 
|  99|0x00000000e5000000, 0x00000000e5000000, 0x00000000e6000000|  0%| F|  |TAMS 0x00000000e5000000, 0x00000000e5000000| Untracked 
| 100|0x00000000e6000000, 0x00000000e6000000, 0x00000000e7000000|  0%| F|  |TAMS 0x00000000e6000000, 0x00000000e6000000| Untracked 
| 101|0x00000000e7000000, 0x00000000e7000000, 0x00000000e8000000|  0%| F|  |TAMS 0x00000000e7000000, 0x00000000e7000000| Untracked 
| 102|0x00000000e8000000, 0x00000000e8000000, 0x00000000e9000000|  0%| F|  |TAMS 0x00000000e8000000, 0x00000000e8000000| Untracked 
| 103|0x00000000e9000000, 0x00000000e9000000, 0x00000000ea000000|  0%| F|  |TAMS 0x00000000e9000000, 0x00000000e9000000| Untracked 
| 104|0x00000000ea000000, 0x00000000ea000000, 0x00000000eb000000|  0%| F|  |TAMS 0x00000000ea000000, 0x00000000ea000000| Untracked 
| 105|0x00000000eb000000, 0x00000000eb000000, 0x00000000ec000000|  0%| F|  |TAMS 0x00000000eb000000, 0x00000000eb000000| Untracked 
| 106|0x00000000ec000000, 0x00000000ec000000, 0x00000000ed000000|  0%| F|  |TAMS 0x00000000ec000000, 0x00000000ec000000| Untracked 
| 107|0x00000000ed000000, 0x00000000ed000000, 0x00000000ee000000|  0%| F|  |TAMS 0x00000000ed000000, 0x00000000ed000000| Untracked 
| 108|0x00000000ee000000, 0x00000000ee000000, 0x00000000ef000000|  0%| F|  |TAMS 0x00000000ee000000, 0x00000000ee000000| Untracked 
| 109|0x00000000ef000000, 0x00000000ef000000, 0x00000000f0000000|  0%| F|  |TAMS 0x00000000ef000000, 0x00000000ef000000| Untracked 
| 110|0x00000000f0000000, 0x00000000f0000000, 0x00000000f1000000|  0%| F|  |TAMS 0x00000000f0000000, 0x00000000f0000000| Untracked 
| 111|0x00000000f1000000, 0x00000000f1000000, 0x00000000f2000000|  0%| F|  |TAMS 0x00000000f1000000, 0x00000000f1000000| Untracked 
| 112|0x00000000f2000000, 0x00000000f2000000, 0x00000000f3000000|  0%| F|  |TAMS 0x00000000f2000000, 0x00000000f2000000| Untracked 
| 113|0x00000000f3000000, 0x00000000f3000000, 0x00000000f4000000|  0%| F|  |TAMS 0x00000000f3000000, 0x00000000f3000000| Untracked 
| 114|0x00000000f4000000, 0x00000000f4000000, 0x00000000f5000000|  0%| F|  |TAMS 0x00000000f4000000, 0x00000000f4000000| Untracked 
| 115|0x00000000f5000000, 0x00000000f5000000, 0x00000000f6000000|  0%| F|  |TAMS 0x00000000f5000000, 0x00000000f5000000| Untracked 
| 116|0x00000000f6000000, 0x00000000f6000000, 0x00000000f7000000|  0%| F|  |TAMS 0x00000000f6000000, 0x00000000f6000000| Untracked 
| 117|0x00000000f7000000, 0x00000000f7000000, 0x00000000f8000000|  0%| F|  |TAMS 0x00000000f7000000, 0x00000000f7000000| Untracked 
| 118|0x00000000f8000000, 0x00000000f8000000, 0x00000000f9000000|  0%| F|  |TAMS 0x00000000f8000000, 0x00000000f8000000| Untracked 
| 119|0x00000000f9000000, 0x00000000f9000000, 0x00000000fa000000|  0%| F|  |TAMS 0x00000000f9000000, 0x00000000f9000000| Untracked 
| 120|0x00000000fa000000, 0x00000000fa000000, 0x00000000fb000000|  0%| F|  |TAMS 0x00000000fa000000, 0x00000000fa000000| Untracked 
| 121|0x00000000fb000000, 0x00000000fb11eb98, 0x00000000fc000000|  7%| E|  |TAMS 0x00000000fb000000, 0x00000000fb000000| Complete 
| 122|0x00000000fc000000, 0x00000000fc14ca60, 0x00000000fd000000|  8%| S|CS|TAMS 0x00000000fc000000, 0x00000000fc000000| Complete 
| 123|0x00000000fd000000, 0x00000000fe000000, 0x00000000fe000000|100%| E|CS|TAMS 0x00000000fd000000, 0x00000000fd000000| Complete 
| 124|0x00000000fe000000, 0x00000000ff000000, 0x00000000ff000000|100%| E|CS|TAMS 0x00000000fe000000, 0x00000000fe000000| Complete 
| 125|0x00000000ff000000, 0x0000000100000000, 0x0000000100000000|100%| E|CS|TAMS 0x00000000ff000000, 0x00000000ff000000| Complete 
| 126|0x0000000100000000, 0x0000000101000000, 0x0000000101000000|100%| E|CS|TAMS 0x0000000100000000, 0x0000000100000000| Complete 
| 127|0x0000000101000000, 0x0000000102000000, 0x0000000102000000|100%| E|CS|TAMS 0x0000000101000000, 0x0000000101000000| Complete 
|1916|0x00000007fe000000, 0x00000007fef75000, 0x00000007ff000000| 96%|OA|  |TAMS 0x00000007fe000000, 0x00000007fe000000| Untracked 
|1917|0x00000007ff000000, 0x00000007ff078000, 0x0000000800000000|  2%|CA|  |TAMS 0x00000007ff000000, 0x00000007ff000000| Untracked 

Card table byte_map: [0x000073b542c20000,0x000073b546810000] _byte_map_base: 0x000073b542810000

Marking Bits (Prev, Next): (CMBitMap*) 0x00005954c6e329a0, (CMBitMap*) 0x00005954c6e329e0
 Prev Bits: [0x000073b5210b0000, 0x000073b53f030000)
 Next Bits: [0x000073b503130000, 0x000073b5210b0000)

Polling page: 0x000073b718286000

Metaspace:

Usage:
  Non-class:     16.16 MB used.
      Class:      2.12 MB used.
       Both:     18.27 MB used.

Virtual space:
  Non-class space:       64.00 MB reserved,      16.25 MB ( 25%) committed,  1 nodes.
      Class space:        1.00 GB reserved,       2.19 MB ( <1%) committed,  1 nodes.
             Both:        1.06 GB reserved,      18.44 MB (  2%) committed. 

Chunk freelists:
   Non-Class:  15.19 MB
       Class:  13.82 MB
        Both:  29.01 MB

MaxMetaspaceSize: unlimited
CompressedClassSpaceSize: 1.00 GB
Initial GC threshold: 21.00 MB
Current GC threshold: 21.00 MB
CDS: on
MetaspaceReclaimPolicy: balanced
 - commit_granule_bytes: 65536.
 - commit_granule_words: 8192.
 - virtual_space_node_default_size: 8388608.
 - enlarge_chunks_in_place: 1.
 - new_chunks_are_fully_committed: 0.
 - uncommit_free_chunks: 1.
 - use_allocation_guard: 0.
 - handle_deallocations: 1.


Internal statistics:

num_allocs_failed_limit: 0.
num_arena_births: 200.
num_arena_deaths: 0.
num_vsnodes_births: 2.
num_vsnodes_deaths: 0.
num_space_committed: 295.
num_space_uncommitted: 0.
num_chunks_returned_to_freelist: 0.
num_chunks_taken_from_freelist: 717.
num_chunk_merges: 0.
num_chunk_splits: 513.
num_chunks_enlarged: 409.
num_inconsistent_stats: 0.

CodeHeap 'non-profiled nmethods': size=119168Kb used=2574Kb max_used=2574Kb free=116593Kb
 bounds [0x000073b551fa0000, 0x000073b552230000, 0x000073b559400000]
CodeHeap 'profiled nmethods': size=119164Kb used=4602Kb max_used=4602Kb free=114561Kb
 bounds [0x000073b54a400000, 0x000073b54a880000, 0x000073b55185f000]
CodeHeap 'non-nmethods': size=7428Kb used=1233Kb max_used=3023Kb free=6195Kb
 bounds [0x000073b55185f000, 0x000073b551b5f000, 0x000073b551fa0000]
 total_blobs=3435 nmethods=2905 adapters=443
 compilation: enabled
              stopped_count=0, restarted_count=0
 full_count=0

Compilation events (20 events):
Event: 1663.542 Thread 0x00005954c7fd5910 2897       1       org.apache.lucene.index.FieldInfo::omitsNorms (5 bytes)
Event: 1663.542 Thread 0x000073b480052940 nmethod 2895 0x000073b552221c10 code [0x000073b552221da0, 0x000073b552221e70]
Event: 1663.542 Thread 0x000073b480053480 nmethod 2894 0x000073b552221f10 code [0x000073b5522220a0, 0x000073b552222170]
Event: 1663.542 Thread 0x000073b480052940 2898       1       org.apache.lucene.document.DocumentStoredFieldVisitor::getDocument (5 bytes)
Event: 1663.542 Thread 0x00005954c7fd5910 nmethod 2897 0x000073b552222210 code [0x000073b5522223a0, 0x000073b552222470]
Event: 1663.542 Thread 0x000073b48003ec40 nmethod 2896 0x000073b552222510 code [0x000073b5522226a0, 0x000073b552222770]
Event: 1663.542 Thread 0x000073b480052940 nmethod 2898 0x000073b552222810 code [0x000073b5522229a0, 0x000073b552222a70]
Event: 1671.879 Thread 0x00005954c7fd5910 2899       1       java.util.concurrent.locks.AbstractQueuedSynchronizer::setState (6 bytes)
Event: 1671.879 Thread 0x00005954c7fd5910 nmethod 2899 0x000073b552222b10 code [0x000073b552222ca0, 0x000073b552222d70]
Event: 1671.879 Thread 0x00005954c7fd5910 2900       1       java.util.Formatter$Flags::valueOf (5 bytes)
Event: 1671.879 Thread 0x00005954c7fd5910 nmethod 2900 0x000073b552222e10 code [0x000073b552222fa0, 0x000073b552223070]
Event: 1671.879 Thread 0x00005954c7fd5910 2901       1       java.util.concurrent.locks.AbstractOwnableSynchronizer::getExclusiveOwnerThread (5 bytes)
Event: 1671.880 Thread 0x00005954c7fd5910 nmethod 2901 0x000073b552223110 code [0x000073b5522232a0, 0x000073b552223370]
Event: 1671.880 Thread 0x00005954c7fd5910 2903       3       javax.management.ObjectName::getDomainLength (9 bytes)
Event: 1671.880 Thread 0x00005954c7fd5910 nmethod 2903 0x000073b54a87e490 code [0x000073b54a87e620, 0x000073b54a87e730]
Event: 1671.880 Thread 0x00005954c7fd5910 2902       1       javax.management.ObjectName$Property::setKeyIndex (6 bytes)
Event: 1671.880 Thread 0x00005954c7fd5910 nmethod 2902 0x000073b552223410 code [0x000073b5522235a0, 0x000073b552223670]
Event: 1671.881 Thread 0x00005954c7fd5910 2907       3       org.apache.logging.log4j.util.PropertiesUtil::getProperties (4 bytes)
Event: 1671.882 Thread 0x00005954c7fd5910 nmethod 2907 0x000073b54a87e790 code [0x000073b54a87e920, 0x000073b54a87ea10]
Event: 1671.882 Thread 0x00005954c7fd5910 2904   !   3       java.lang.invoke.MethodHandleNatives::linkMethodHandleConstant (50 bytes)

GC Heap History (4 events):
Event: 117.022 GC heap before
{Heap before GC invocations=0 (full 0):
 garbage-first heap   total 2129920K, used 114612K [0x0000000082000000, 0x0000000800000000)
  region size 16384K, 6 young (98304K), 0 survivors (0K)
 Metaspace       used 18464K, committed 18624K, reserved 1114112K
  class space    used 2147K, committed 2240K, reserved 1048576K
}
Event: 117.027 GC heap after
{Heap after GC invocations=1 (full 0):
 garbage-first heap   total 2129920K, used 25891K [0x0000000082000000, 0x0000000800000000)
  region size 16384K, 1 young (16384K), 1 survivors (16384K)
 Metaspace       used 18464K, committed 18624K, reserved 1114112K
  class space    used 2147K, committed 2240K, reserved 1048576K
}
Event: 692.931 GC heap before
{Heap before GC invocations=1 (full 0):
 garbage-first heap   total 2129920K, used 107811K [0x0000000082000000, 0x0000000800000000)
  region size 16384K, 6 young (98304K), 1 survivors (16384K)
 Metaspace       used 18658K, committed 18880K, reserved 1114112K
  class space    used 2166K, committed 2240K, reserved 1048576K
}
Event: 692.937 GC heap after
{Heap after GC invocations=2 (full 0):
 garbage-first heap   total 2129920K, used 26029K [0x0000000082000000, 0x0000000800000000)
  region size 16384K, 1 young (16384K), 1 survivors (16384K)
 Metaspace       used 18658K, committed 18880K, reserved 1114112K
  class space    used 2166K, committed 2240K, reserved 1048576K
}

Dll operation events (8 events):
Event: 0.008 Loaded shared library /usr/lib/jvm/java-17-openjdk-amd64/lib/libjava.so
Event: 0.022 Loaded shared library /usr/lib/jvm/java-17-openjdk-amd64/lib/libjsvml.so
Event: 0.076 Loaded shared library /usr/lib/jvm/java-17-openjdk-amd64/lib/libnio.so
Event: 0.090 Loaded shared library /usr/lib/jvm/java-17-openjdk-amd64/lib/libzip.so
Event: 0.199 Loaded shared library /usr/lib/jvm/java-17-openjdk-amd64/lib/libjimage.so
Event: 0.242 Loaded shared library /usr/lib/jvm/java-17-openjdk-amd64/lib/libmanagement.so
Event: 0.244 Loaded shared library /usr/lib/jvm/java-17-openjdk-amd64/lib/libmanagement_ext.so
Event: 0.444 Loaded shared library /usr/lib/jvm/java-17-openjdk-amd64/lib/libnet.so

Deoptimization events (20 events):
Event: 692.929 Thread 0x00005954c5d9ff10 Uncommon trap: trap_request=0xffffffc6 fr.pc=0x000073b5521d3d94 relative=0x0000000000002e94
Event: 692.929 Thread 0x00005954c5d9ff10 Uncommon trap: reason=bimorphic_or_optimized_type_check action=maybe_recompile pc=0x000073b5521d3d94 method=org.apache.lucene.codecs.lucene90.blocktree.SegmentTermsEnumFrame.loadBlock()V @ 268 c2
Event: 692.929 Thread 0x00005954c5d9ff10 DEOPT PACKING pc=0x000073b5521d3d94 sp=0x00007ffe5cd53340
Event: 692.929 Thread 0x00005954c5d9ff10 DEOPT UNPACKING pc=0x000073b5518b8b19 sp=0x00007ffe5cd532e8 mode 2
Event: 693.234 Thread 0x00005954c5d9ff10 DEOPT PACKING pc=0x000073b54a85d991 sp=0x00007ffe5cd53550
Event: 693.234 Thread 0x00005954c5d9ff10 DEOPT UNPACKING pc=0x000073b5518b964f sp=0x00007ffe5cd52a78 mode 0
Event: 693.264 Thread 0x00005954c5d9ff10 DEOPT PACKING pc=0x000073b54a85d991 sp=0x00007ffe5cd53550
Event: 693.264 Thread 0x00005954c5d9ff10 DEOPT UNPACKING pc=0x000073b5518b964f sp=0x00007ffe5cd52a78 mode 0
Event: 1115.394 Thread 0x00005954c5d9ff10 Uncommon trap: trap_request=0xffffff45 fr.pc=0x000073b55219cec4 relative=0x0000000000000ea4
Event: 1115.394 Thread 0x00005954c5d9ff10 Uncommon trap: reason=unstable_if action=reinterpret pc=0x000073b55219cec4 method=org.apache.lucene.codecs.lucene90.blocktree.SegmentTermsEnumFrame.scanToTermLeaf(Lorg/apache/lucene/util/BytesRef;Z)Lorg/apache/lucene/index/TermsEnum$SeekStatus; @ 226 c2
Event: 1115.394 Thread 0x00005954c5d9ff10 DEOPT PACKING pc=0x000073b55219cec4 sp=0x00007ffe5cd53390
Event: 1115.394 Thread 0x00005954c5d9ff10 DEOPT UNPACKING pc=0x000073b5518b8b19 sp=0x00007ffe5cd53368 mode 2
Event: 1661.331 Thread 0x00005954c5d9ff10 Uncommon trap: trap_request=0xffffff45 fr.pc=0x000073b5521e05f8 relative=0x0000000000000138
Event: 1661.331 Thread 0x00005954c5d9ff10 Uncommon trap: reason=unstable_if action=reinterpret pc=0x000073b5521e05f8 method=java.lang.Float.compare(FF)I @ 11 c2
Event: 1661.331 Thread 0x00005954c5d9ff10 DEOPT PACKING pc=0x000073b5521e05f8 sp=0x00007ffe5cd532b0
Event: 1661.331 Thread 0x00005954c5d9ff10 DEOPT UNPACKING pc=0x000073b5518b8b19 sp=0x00007ffe5cd53100 mode 2
Event: 1661.331 Thread 0x00005954c5d9ff10 Uncommon trap: trap_request=0xffffff45 fr.pc=0x000073b55213eb6c relative=0x000000000000006c
Event: 1661.331 Thread 0x00005954c5d9ff10 Uncommon trap: reason=unstable_if action=reinterpret pc=0x000073b55213eb6c method=java.lang.Float.compare(FF)I @ 11 c2
Event: 1661.331 Thread 0x00005954c5d9ff10 DEOPT PACKING pc=0x000073b55213eb6c sp=0x00007ffe5cd532d0
Event: 1661.331 Thread 0x00005954c5d9ff10 DEOPT UNPACKING pc=0x000073b5518b8b19 sp=0x00007ffe5cd53270 mode 2

Classes loaded (20 events):
Event: 114.182 Loading class java/util/stream/ReduceOps$8ReducingSink
Event: 114.182 Loading class java/util/stream/ReduceOps$8ReducingSink done
Event: 114.187 Loading class java/nio/DirectLongBufferRU
Event: 114.187 Loading class java/nio/DirectLongBufferRU done
Event: 114.191 Loading class java/util/AbstractList$RandomAccessSubList
Event: 114.191 Loading class java/util/AbstractList$SubList
Event: 114.192 Loading class java/util/AbstractList$SubList done
Event: 114.192 Loading class java/util/AbstractList$RandomAccessSubList done
Event: 114.192 Loading class java/util/AbstractList$SubList$1
Event: 114.192 Loading class java/util/AbstractList$SubList$1 done
Event: 114.192 Loading class java/util/AbstractList$ListItr
Event: 114.192 Loading class java/util/AbstractList$Itr
Event: 114.192 Loading class java/util/AbstractList$Itr done
Event: 114.192 Loading class java/util/AbstractList$ListItr done
Event: 1121.037 Loading class java/util/WeakHashMap$KeyIterator
Event: 1121.037 Loading class java/util/WeakHashMap$HashIterator
Event: 1121.037 Loading class java/util/WeakHashMap$HashIterator done
Event: 1121.037 Loading class java/util/WeakHashMap$KeyIterator done
Event: 1671.878 Loading class jdk/internal/misc/Signal$1
Event: 1671.878 Loading class jdk/internal/misc/Signal$1 done

Classes unloaded (0 events):
No events

Classes redefined (0 events):
No events

Internal exceptions (20 events):
Event: 0.931 Thread 0x00005954c5d9ff10 Exception <a 'java/lang/NoSuchMethodError'{0x00000000fffa8360}: 'java.lang.Object java.lang.invoke.Invokers$Holder.invoke_MT(java.lang.Object, java.lang.Object, java.lang.Object)'> (0x00000000fffa8360) 
thrown [./src/hotspot/share/interpreter/linkResolver.cpp, line 758]
Event: 0.954 Thread 0x00005954c5d9ff10 Exception <a 'java/lang/NoSuchMethodError'{0x00000000fe1c7de8}: 'void java.lang.invoke.DirectMethodHandle$Holder.invokeInterface(java.lang.Object, java.lang.Object, int)'> (0x00000000fe1c7de8) 
thrown [./src/hotspot/share/interpreter/linkResolver.cpp, line 758]
Event: 0.954 Thread 0x00005954c5d9ff10 Exception <a 'java/lang/IncompatibleClassChangeError'{0x00000000fe1cb6e0}: Found class java.lang.Object, but interface was expected> (0x00000000fe1cb6e0) 
thrown [./src/hotspot/share/interpreter/linkResolver.cpp, line 826]
Event: 0.974 Thread 0x00005954c5d9ff10 Exception <a 'java/lang/NoSuchMethodError'{0x00000000fe3de9b8}: 'void java.lang.invoke.Invokers$Holder.invokeExact_MT(java.lang.Object, java.lang.Object, java.lang.Object)'> (0x00000000fe3de9b8) 
thrown [./src/hotspot/share/interpreter/linkResolver.cpp, line 758]
Event: 0.986 Thread 0x00005954c5d9ff10 Exception <a 'java/lang/NoSuchMethodError'{0x00000000fe475850}: 'long java.lang.invoke.DirectMethodHandle$Holder.invokeStatic(java.lang.Object)'> (0x00000000fe475850) 
thrown [./src/hotspot/share/interpreter/linkResolver.cpp, line 758]
Event: 0.986 Thread 0x00005954c5d9ff10 Exception <a 'java/lang/NoSuchMethodError'{0x00000000fe478c50}: 'long java.lang.invoke.DirectMethodHandle$Holder.invokeStaticInit(java.lang.Object)'> (0x00000000fe478c50) 
thrown [./src/hotspot/share/interpreter/linkResolver.cpp, line 758]
Event: 0.989 Thread 0x00005954c5d9ff10 Exception <a 'java/lang/NoSuchMethodError'{0x00000000fe4a39c8}: 'java.lang.Object java.lang.invoke.DirectMethodHandle$Holder.invokeStatic(java.lang.Object, java.lang.Object, int)'> (0x00000000fe4a39c8) 
thrown [./src/hotspot/share/interpreter/linkResolver.cpp, line 758]
Event: 0.989 Thread 0x00005954c5d9ff10 Exception <a 'java/lang/NoSuchMethodError'{0x00000000fe4af680}: 'void java.lang.invoke.DelegatingMethodHandle$Holder.delegate(java.lang.Object, java.lang.Object, int, java.lang.Object)'> (0x00000000fe4af680) 
thrown [./src/hotspot/share/interpreter/linkResolver.cpp, line 758]
Event: 0.991 Thread 0x00005954c5d9ff10 Exception <a 'java/lang/NoSuchMethodError'{0x00000000fe4d2ef8}: 'void java.lang.invoke.DirectMethodHandle$Holder.invokeStaticInit(java.lang.Object, java.lang.Object)'> (0x00000000fe4d2ef8) 
thrown [./src/hotspot/share/interpreter/linkResolver.cpp, line 758]
Event: 114.094 Thread 0x00005954c5d9ff10 Exception <a 'java/lang/NoSuchMethodError'{0x00000000feb30bb8}: 'long java.lang.invoke.DirectMethodHandle$Holder.invokeStatic(java.lang.Object, java.lang.Object)'> (0x00000000feb30bb8) 
thrown [./src/hotspot/share/interpreter/linkResolver.cpp, line 758]
Event: 114.105 Thread 0x00005954c5d9ff10 Exception <a 'java/lang/NoSuchMethodError'{0x00000000febd2750}: 'int java.lang.invoke.DirectMethodHandle$Holder.invokeStaticInit(java.lang.Object, java.lang.Object)'> (0x00000000febd2750) 
thrown [./src/hotspot/share/interpreter/linkResolver.cpp, line 758]
Event: 114.106 Thread 0x00005954c5d9ff10 Exception <a 'java/lang/NoSuchMethodError'{0x00000000febe1d40}: 'int java.lang.invoke.DirectMethodHandle$Holder.invokeSpecialIFC(java.lang.Object, java.lang.Object, java.lang.Object, java.lang.Object, java.lang.Object)'> (0x00000000febe1d40) 
thrown [./src/hotspot/share/interpreter/linkResolver.cpp, line 758]
Event: 114.177 Thread 0x00005954c5d9ff10 Exception <a 'java/lang/NoSuchMethodError'{0x00000000fc17fe18}: 'long java.lang.invoke.DirectMethodHandle$Holder.invokeVirtual(java.lang.Object, java.lang.Object)'> (0x00000000fc17fe18) 
thrown [./src/hotspot/share/interpreter/linkResolver.cpp, line 758]
Event: 114.180 Thread 0x00005954c5d9ff10 Exception <a 'java/lang/NoSuchMethodError'{0x00000000fc18ee20}: 'java.lang.Object java.lang.invoke.DirectMethodHandle$Holder.invokeVirtual(java.lang.Object, java.lang.Object, java.lang.Object)'> (0x00000000fc18ee20) 
thrown [./src/hotspot/share/interpreter/linkResolver.cpp, line 758]
Event: 115.121 Thread 0x00005954c5d9ff10 Implicit null exception at 0x000073b55207566f to 0x000073b5520756d0
Event: 115.121 Thread 0x00005954c5d9ff10 Implicit null exception at 0x000073b55209c500 to 0x000073b55209cbb0
Event: 115.121 Thread 0x00005954c5d9ff10 Implicit null exception at 0x000073b5521050f4 to 0x000073b5521071d0
Event: 115.122 Thread 0x00005954c5d9ff10 Implicit null exception at 0x000073b5520c3371 to 0x000073b5520c3aa0
Event: 115.122 Thread 0x00005954c5d9ff10 Implicit null exception at 0x000073b5520ee1f1 to 0x000073b5520ee9c8
Event: 115.123 Thread 0x00005954c5d9ff10 Implicit null exception at 0x000073b5520db571 to 0x000073b5520dbbc4

VM Operations (20 events):
Event: 684.616 Executing VM operation: Cleanup done
Event: 690.616 Executing VM operation: Cleanup
Event: 690.617 Executing VM operation: Cleanup done
Event: 692.618 Executing VM operation: Cleanup
Event: 692.626 Executing VM operation: Cleanup done
Event: 692.931 Executing VM operation: G1CollectForAllocation
Event: 692.937 Executing VM operation: G1CollectForAllocation done
Event: 693.937 Executing VM operation: Cleanup
Event: 693.937 Executing VM operation: Cleanup done
Event: 1114.967 Executing VM operation: Cleanup
Event: 1114.979 Executing VM operation: Cleanup done
Event: 1115.979 Executing VM operation: Cleanup
Event: 1115.979 Executing VM operation: Cleanup done
Event: 1119.979 Executing VM operation: Cleanup
Event: 1119.984 Executing VM operation: Cleanup done
Event: 1120.984 Executing VM operation: Cleanup
Event: 1120.999 Executing VM operation: Cleanup done
Event: 1662.041 Executing VM operation: Cleanup
Event: 1662.046 Executing VM operation: Cleanup done
Event: 1671.882 Executing VM operation: Exit

Memory protections (20 events):
Event: 117.505 Protecting memory [0x000073b4a6bff000,0x000073b4a6c03000] with protection modes 0
Event: 117.505 Protecting memory [0x000073a304300000,0x000073a304304000] with protection modes 0
Event: 117.505 Protecting memory [0x000073b4a69ff000,0x000073b4a6a03000] with protection modes 0
Event: 117.518 Protecting memory [0x000073a304100000,0x000073a304104000] with protection modes 0
Event: 683.156 Protecting memory [0x000073b4a6aff000,0x000073b4a6b03000] with protection modes 0
Event: 683.156 Protecting memory [0x000073b4a66ff000,0x000073b4a6703000] with protection modes 0
Event: 683.156 Protecting memory [0x000073b4a6bff000,0x000073b4a6c03000] with protection modes 0
Event: 683.157 Protecting memory [0x000073a304300000,0x000073a304304000] with protection modes 0
Event: 683.157 Protecting memory [0x000073b4a69ff000,0x000073b4a6a03000] with protection modes 0
Event: 683.157 Protecting memory [0x000073b4a68ff000,0x000073b4a6903000] with protection modes 0
Event: 684.358 Protecting memory [0x000073b4a6bff000,0x000073b4a6c03000] with protection modes 0
Event: 1114.964 Protecting memory [0x000073b4a6bff000,0x000073b4a6c03000] with protection modes 0
Event: 1114.964 Protecting memory [0x000073b4a6aff000,0x000073b4a6b03000] with protection modes 0
Event: 1120.956 Protecting memory [0x000073b4a6bff000,0x000073b4a6c03000] with protection modes 0
Event: 1663.541 Protecting memory [0x000073b4a6bff000,0x000073b4a6c03000] with protection modes 0
Event: 1663.541 Protecting memory [0x000073b4a6aff000,0x000073b4a6b03000] with protection modes 0
Event: 1663.541 Protecting memory [0x000073b4a66ff000,0x000073b4a6703000] with protection modes 0
Event: 1671.878 Protecting memory [0x000073b4a6aff000,0x000073b4a6b03000] with protection modes 0
Event: 1671.879 Protecting memory [0x000073b4a66ff000,0x000073b4a6703000] with protection modes 0
Event: 1671.879 Protecting memory [0x000073a304300000,0x000073a304304000] with protection modes 0

Nmethod flushes (0 events):
No events

Events (20 events):
Event: 687.342 Thread 0x000073b48c1597a0 Thread exited: 0x000073b48c1597a0
Event: 1114.964 Thread 0x00005954c7fd4070 Thread added: 0x000073b48c1d4610
Event: 1114.964 Thread 0x00005954c7fd4070 Thread added: 0x000073b48c20e850
Event: 1115.482 Thread 0x000073b48c20e850 Thread exited: 0x000073b48c20e850
Event: 1116.339 Thread 0x000073b48c1d4610 Thread exited: 0x000073b48c1d4610
Event: 1120.956 Thread 0x00005954c7fd5910 Thread added: 0x000073b480013780
Event: 1121.065 Thread 0x000073b480013780 Thread exited: 0x000073b480013780
Event: 1663.541 Thread 0x00005954c7fd5910 Thread added: 0x000073b48003ec40
Event: 1663.541 Thread 0x00005954c7fd5910 Thread added: 0x000073b480052940
Event: 1663.541 Thread 0x00005954c7fd5910 Thread added: 0x000073b480053480
Event: 1668.542 Thread 0x000073b480053480 Thread exited: 0x000073b480053480
Event: 1668.542 Thread 0x000073b480052940 Thread exited: 0x000073b480052940
Event: 1671.878 Thread 0x00005954c7fcf810 Thread added: 0x000073b4900019f0
Event: 1671.879 Thread 0x000073b4900019f0 Thread added: 0x000073a2c8032a30
Event: 1671.879 Thread 0x000073b4900019f0 Thread added: 0x000073a2c8033450
Event: 1671.879 Thread 0x000073a2c8032a30 Thread exited: 0x000073a2c8032a30
Event: 1671.879 Thread 0x000073b48003ec40 Thread exited: 0x000073b48003ec40
Event: 1671.881 Thread 0x000073a2c8033450 Thread exited: 0x000073a2c8033450
Event: 1671.882 Thread 0x000073b4900019f0 Before exit entered
Event: 1671.882 Thread 0x00005954c7fcf810 Thread exited: 0x00005954c7fcf810


Dynamic libraries:
82000000-102000000 rw-p 00000000 00:00 0 
102000000-7fe000000 ---p 00000000 00:00 0 
7fe000000-7fef00000 rw-p 00000000 00:00 0 
7fef00000-7fef75000 rw-p 00c7a000 00:6a 10553192                         /usr/lib/jvm/java-17-openjdk-amd64/lib/server/classes.jsa
7fef75000-7ff000000 rw-p 00000000 00:00 0 
7ff000000-7ff078000 rw-p 00c02000 00:6a 10553192                         /usr/lib/jvm/java-17-openjdk-amd64/lib/server/classes.jsa
7ff078000-800000000 rw-p 00000000 00:00 0 
800000000-800200000 ---p 00000000 00:00 0 
800200000-800400000 rw-s 00000000 00:05 1199                             /dev/nvidia0
800400000-803c00000 rw-s 00000000 00:05 1197                             /dev/nvidiactl
803c00000-804a00000 ---p 00000000 00:00 0 
804a00000-804c00000 rw-s 00000000 00:05 1197                             /dev/nvidiactl
804c00000-804e00000 rw-s 00000000 00:05 1197                             /dev/nvidiactl
804e00000-805000000 rw-s 804e00000 00:05 1223                            /dev/nvidia-uvm
805000000-805600000 ---p 00000000 00:00 0 
805600000-805800000 rw-s 00000000 00:01 5776                             /dev/zero (deleted)
805800000-900200000 ---p 00000000 00:00 0 
10000000000-10004000000 ---p 00000000 00:00 0 
5954b8340000-5954b83ad000 r--p 00000000 00:6a 9914583                    /usr/bin/python3.10
5954b83ad000-5954b8662000 r-xp 0006d000 00:6a 9914583                    /usr/bin/python3.10
5954b8662000-5954b88a4000 r--p 00322000 00:6a 9914583                    /usr/bin/python3.10
5954b88a4000-5954b88ab000 r--p 00563000 00:6a 9914583                    /usr/bin/python3.10
5954b88ab000-5954b88ea000 rw-p 0056a000 00:6a 9914583                    /usr/bin/python3.10
5954b88ea000-5954b8930000 rw-p 00000000 00:00 0 
5954b9a4c000-5954d3ae1000 rw-p 00000000 00:00 0                          [heap]
5954d3ae1000-5954d43e1000 rw-p 00000000 00:00 0                          [heap]
5954d43e1000-595b7716b000 rw-p 00000000 00:00 0                          [heap]
739ccc000000-739ccfcd2000 rw-p 00000000 00:00 0 
739ccfcd2000-739cd0000000 ---p 00000000 00:00 0 
739cd0000000-739cd3cd2000 rw-p 00000000 00:00 0 
739cd3cd2000-739cd4000000 ---p 00000000 00:00 0 
739cd4000000-739cd7cd2000 rw-p 00000000 00:00 0 
739cd7cd2000-739cd8000000 ---p 00000000 00:00 0 
739cd8000000-739cdbcd2000 rw-p 00000000 00:00 0 
739cdbcd2000-739cdc000000 ---p 00000000 00:00 0 
739cdc000000-739cdfcd2000 rw-p 00000000 00:00 0 
739cdfcd2000-739ce0000000 ---p 00000000 00:00 0 
739ce0000000-739ce3cd2000 rw-p 00000000 00:00 0 
739ce3cd2000-739ce4000000 ---p 00000000 00:00 0 
739ce4000000-739ce7cd2000 rw-p 00000000 00:00 0 
739ce7cd2000-739ce8000000 ---p 00000000 00:00 0 
739d032e6000-739e2d315000 rw-p 00000000 00:6a 10554823                   /home/ubuntu/.cache/huggingface/hub/models--meta-llama--Meta-Llama-3-8B-Instruct/blobs/8d4782b4a69ef03845159ce1a15e272aadaaf134dc138d68f616098e8531729c
739e32315000-739f57344000 rw-p 00000000 00:6a 10554836                   /home/ubuntu/.cache/huggingface/hub/models--meta-llama--Meta-Llama-3-8B-Instruct/blobs/3acdd690e65c24f42a24581b8467af98bd3ca357444580f8012aacd2bd607921
739f57344000-73a07fd6b000 rw-p 00000000 00:6a 10554808                   /home/ubuntu/.cache/huggingface/hub/models--meta-llama--Meta-Llama-3-8B-Instruct/blobs/d8cf9c4d0dd972e1a2131bfe656235ee98221679711a3beef6d46dadf0f20b5c
73a084000000-73a087cd2000 rw-p 00000000 00:00 0 
73a087cd2000-73a088000000 ---p 00000000 00:00 0 
73a088000000-73a08bcd2000 rw-p 00000000 00:00 0 
73a08bcd2000-73a08c000000 ---p 00000000 00:00 0 
73a08c000000-73a08fcd2000 rw-p 00000000 00:00 0 
73a08fcd2000-73a090000000 ---p 00000000 00:00 0 
73a098000000-73a09bcd2000 rw-p 00000000 00:00 0 
73a09bcd2000-73a09c000000 ---p 00000000 00:00 0 
73a0a4000000-73a0a7cd2000 rw-p 00000000 00:00 0 
73a0a7cd2000-73a0a8000000 ---p 00000000 00:00 0 
73a0a9bb4000-73a0b4dda000 rw-p 00000000 00:00 0 
73a0c0000000-73a0c3f4b000 rw-p 00000000 00:00 0 
73a0c3f4b000-73a0c4000000 ---p 00000000 00:00 0 
73a0c8000000-73a0cbf4b000 rw-p 00000000 00:00 0 
73a0cbf4b000-73a0cc000000 ---p 00000000 00:00 0 
73a0cc000000-73a0cc021000 rw-p 00000000 00:00 0 
73a0cc021000-73a0d0000000 ---p 00000000 00:00 0 
73a0d0000000-73a0d00ed000 rw-p 00000000 00:00 0 
73a0d00ed000-73a0d4000000 ---p 00000000 00:00 0 
73a0d4000000-73a0d4021000 rw-p 00000000 00:00 0 
73a0d4021000-73a0d8000000 ---p 00000000 00:00 0 
73a0d8000000-73a0dbf4b000 rw-p 00000000 00:00 0 
73a0dbf4b000-73a0dc000000 ---p 00000000 00:00 0 
73a0dc000000-73a0dff4b000 rw-p 00000000 00:00 0 
73a0dff4b000-73a0e0000000 ---p 00000000 00:00 0 
73a0e0000000-73a0e015b000 rw-p 00000000 00:00 0 
73a0e015b000-73a0e4000000 ---p 00000000 00:00 0 
73a0e4000000-73a0e7ff0000 rw-p 00000000 00:00 0 
73a0e7ff0000-73a0e8000000 ---p 00000000 00:00 0 
73a0e8000000-73a0ebf63000 rw-p 00000000 00:00 0 
73a0ebf63000-73a0ec000000 ---p 00000000 00:00 0 
73a0ec000000-73a0ef0ec000 rw-p 00000000 00:00 0 
73a0ef0ec000-73a0f0000000 ---p 00000000 00:00 0 
73a0f0000000-73a0f3f4c000 rw-p 00000000 00:00 0 
73a0f3f4c000-73a0f4000000 ---p 00000000 00:00 0 
73a0f4000000-73a0f70e5000 rw-p 00000000 00:00 0 
73a0f70e5000-73a0f8000000 ---p 00000000 00:00 0 
73a0f8000000-73a0f80a1000 rw-p 00000000 00:00 0 
73a0f80a1000-73a0fc000000 ---p 00000000 00:00 0 
73a0fc000000-73a0fc0c6000 rw-p 00000000 00:00 0 
73a0fc0c6000-73a100000000 ---p 00000000 00:00 0 
73a100000000-73a100021000 rw-p 00000000 00:00 0 
73a100021000-73a104000000 ---p 00000000 00:00 0 
73a104000000-73a10409a000 rw-p 00000000 00:00 0 
73a10409a000-73a108000000 ---p 00000000 00:00 0 
73a108000000-73a108076000 rw-p 00000000 00:00 0 
73a108076000-73a10c000000 ---p 00000000 00:00 0 
73a10c000000-73a10c0a2000 rw-p 00000000 00:00 0 
73a10c0a2000-73a110000000 ---p 00000000 00:00 0 
73a110000000-73a110087000 rw-p 00000000 00:00 0 
73a110087000-73a114000000 ---p 00000000 00:00 0 
73a114000000-73a1140a3000 rw-p 00000000 00:00 0 
73a1140a3000-73a118000000 ---p 00000000 00:00 0 
73a118000000-73a118021000 rw-p 00000000 00:00 0 
73a118021000-73a11c000000 ---p 00000000 00:00 0 
73a11d384000-73a162d8b000 rw-p 00000000 00:6a 10554867                   /home/ubuntu/.cache/huggingface/hub/models--meta-llama--Meta-Llama-3-8B-Instruct/blobs/67e9ad31c8c32abf3a55ee7fc7217b3ecb35fd3c74d98a5bd233e0e4d6964f46
73a164000000-73a164021000 rw-p 00000000 00:00 0 
73a164021000-73a168000000 ---p 00000000 00:00 0 
73a168000000-73a168021000 rw-p 00000000 00:00 0 
73a168021000-73a16c000000 ---p 00000000 00:00 0 
73a16c000000-73a16c0a7000 rw-p 00000000 00:00 0 
73a16c0a7000-73a170000000 ---p 00000000 00:00 0 
73a170000000-73a1700a0000 rw-p 00000000 00:00 0 
73a1700a0000-73a174000000 ---p 00000000 00:00 0 
73a174000000-73a17404c000 rw-p 00000000 00:00 0 
73a17404c000-73a178000000 ---p 00000000 00:00 0 
73a178000000-73a178076000 rw-p 00000000 00:00 0 
73a178076000-73a17c000000 ---p 00000000 00:00 0 
73a17c000000-73a17c0b4000 rw-p 00000000 00:00 0 
73a17c0b4000-73a180000000 ---p 00000000 00:00 0 
73a180000000-73a18006b000 rw-p 00000000 00:00 0 
73a18006b000-73a184000000 ---p 00000000 00:00 0 
73a184000000-73a1840dd000 rw-p 00000000 00:00 0 
73a1840dd000-73a188000000 ---p 00000000 00:00 0 
73a188000000-73a1880b7000 rw-p 00000000 00:00 0 
73a1880b7000-73a18c000000 ---p 00000000 00:00 0 
73a18c000000-73a18c076000 rw-p 00000000 00:00 0 
73a18c076000-73a190000000 ---p 00000000 00:00 0 
73a190ffa000-73a190ffb000 ---p 00000000 00:00 0 
73a190ffb000-73a1917fb000 rw-p 00000000 00:00 0 
73a1917fb000-73a1917fc000 ---p 00000000 00:00 0 
73a1917fc000-73a191ffc000 rw-p 00000000 00:00 0 
73a191ffc000-73a191ffd000 ---p 00000000 00:00 0 
73a191ffd000-73a1927fd000 rw-p 00000000 00:00 0 
73a1927fd000-73a1927fe000 ---p 00000000 00:00 0 
73a1927fe000-73a192ffe000 rw-p 00000000 00:00 0 
73a192ffe000-73a192fff000 ---p 00000000 00:00 0 
73a192fff000-73a1937ff000 rw-p 00000000 00:00 0 
73a1937ff000-73a193800000 ---p 00000000 00:00 0 
73a193800000-73a194000000 rw-p 00000000 00:00 0 
73a194000000-73a1945c0000 rw-p 00000000 00:00 0 
73a1945c0000-73a198000000 ---p 00000000 00:00 0 
73a198000000-73a1980e0000 rw-p 00000000 00:00 0 
73a1980e0000-73a19c000000 ---p 00000000 00:00 0 
73a19c000000-73a19c383000 rw-p 00000000 00:00 0 
73a19c383000-73a1a0000000 ---p 00000000 00:00 0 
73a1a0000000-73a1a0355000 rw-p 00000000 00:00 0 
73a1a0355000-73a1a4000000 ---p 00000000 00:00 0 
73a1a4000000-73a1a42bf000 rw-p 00000000 00:00 0 
73a1a42bf000-73a1a8000000 ---p 00000000 00:00 0 
73a1a8492000-73a2c2693000 rw-p 00000000 00:00 0 
73a2c26fd000-73a2c27fd000 rw-p 00000000 00:00 0 
73a2c27fd000-73a2c27fe000 ---p 00000000 00:00 0 
73a2c27fe000-73a2c2ffe000 rw-p 00000000 00:00 0 
73a2c2ffe000-73a2c2fff000 ---p 00000000 00:00 0 
73a2c2fff000-73a2c37ff000 rw-p 00000000 00:00 0 
73a2c37ff000-73a2c3800000 ---p 00000000 00:00 0 
73a2c3800000-73a2c4000000 rw-p 00000000 00:00 0 
73a2c4000000-73a2c4021000 rw-p 00000000 00:00 0 
73a2c4021000-73a2c8000000 ---p 00000000 00:00 0 
73a2c8000000-73a2c830d000 rw-p 00000000 00:00 0 
73a2c830d000-73a2cc000000 ---p 00000000 00:00 0 
73a2cc000000-73a2cc021000 rw-p 00000000 00:00 0 
73a2cc021000-73a2d0000000 ---p 00000000 00:00 0 
73a2d0000000-73a2d0021000 rw-p 00000000 00:00 0 
73a2d0021000-73a2d4000000 ---p 00000000 00:00 0 
73a2d4000000-73a2d4021000 rw-p 00000000 00:00 0 
73a2d4021000-73a2d8000000 ---p 00000000 00:00 0 
73a2d8000000-73a2d8021000 rw-p 00000000 00:00 0 
73a2d8021000-73a2dc000000 ---p 00000000 00:00 0 
73a2dc000000-73a2dc021000 rw-p 00000000 00:00 0 
73a2dc021000-73a2e0000000 ---p 00000000 00:00 0 
73a2e0000000-73a2e0021000 rw-p 00000000 00:00 0 
73a2e0021000-73a2e4000000 ---p 00000000 00:00 0 
73a2e4000000-73a2e4dea000 rw-p 00000000 00:00 0 
73a2e4dea000-73a2e8000000 ---p 00000000 00:00 0 
73a2e8000000-73a2e8f22000 rw-p 00000000 00:00 0 
73a2e8f22000-73a2ec000000 ---p 00000000 00:00 0 
73a2ec000000-73a2ed0ae000 rw-p 00000000 00:00 0 
73a2ed0ae000-73a2f0000000 ---p 00000000 00:00 0 
73a2f0000000-73a2f0e87000 rw-p 00000000 00:00 0 
73a2f0e87000-73a2f4000000 ---p 00000000 00:00 0 
73a2f4000000-73a2f53a3000 rw-p 00000000 00:00 0 
73a2f53a3000-73a2f8000000 ---p 00000000 00:00 0 
73a2f8000000-73a2f91b0000 rw-p 00000000 00:00 0 
73a2f91b0000-73a2fc000000 ---p 00000000 00:00 0 
73a2fc000000-73a2fc07e000 rw-p 00000000 00:00 0 
73a2fc07e000-73a300000000 ---p 00000000 00:00 0 
73a3000dd000-73a3000de000 ---p 00000000 00:00 0 
73a3000de000-73a3002de000 rw-p 00000000 00:00 0 
73a3002de000-73a3002df000 ---p 00000000 00:00 0 
73a3002df000-73a3004df000 rw-p 00000000 00:00 0 
73a3004df000-73a3004e0000 ---p 00000000 00:00 0 
73a3004e0000-73a3006e0000 rw-p 00000000 00:00 0 
73a3006e0000-73a3006e1000 ---p 00000000 00:00 0 
73a3006e1000-73a3008e1000 rw-p 00000000 00:00 0 
73a3008e1000-73a3008e2000 ---p 00000000 00:00 0 
73a3008e2000-73a300ae2000 rw-p 00000000 00:00 0 
73a300ae2000-73a300ae3000 ---p 00000000 00:00 0 
73a300ae3000-73a300ce3000 rw-p 00000000 00:00 0 
73a300ce3000-73a300ce4000 ---p 00000000 00:00 0 
73a300ce4000-73a300ee4000 rw-p 00000000 00:00 0 
73a300ee4000-73a300ee5000 ---p 00000000 00:00 0 
73a300ee5000-73a3010e5000 rw-p 00000000 00:00 0 
73a3010e5000-73a3010e6000 ---p 00000000 00:00 0 
73a3010e6000-73a3012e6000 rw-p 00000000 00:00 0 
73a3012e6000-73a3012e7000 ---p 00000000 00:00 0 
73a3012e7000-73a3014e7000 rw-p 00000000 00:00 0 
73a3014e7000-73a3014e8000 ---p 00000000 00:00 0 
73a3014e8000-73a3016e8000 rw-p 00000000 00:00 0 
73a3016e8000-73a3016e9000 ---p 00000000 00:00 0 
73a3016e9000-73a3018e9000 rw-p 00000000 00:00 0 
73a3018e9000-73a3018ea000 ---p 00000000 00:00 0 
73a3018ea000-73a301aea000 rw-p 00000000 00:00 0 
73a301aea000-73a301aeb000 ---p 00000000 00:00 0 
73a301aeb000-73a301ceb000 rw-p 00000000 00:00 0 
73a301ceb000-73a301cec000 ---p 00000000 00:00 0 
73a301cec000-73a301eec000 rw-p 00000000 00:00 0 
73a301eec000-73a301eed000 ---p 00000000 00:00 0 
73a301eed000-73a3020ed000 rw-p 00000000 00:00 0 
73a3020ed000-73a3020ee000 ---p 00000000 00:00 0 
73a3020ee000-73a3022ee000 rw-p 00000000 00:00 0 
73a3022ee000-73a3022ef000 ---p 00000000 00:00 0 
73a3022ef000-73a3024ef000 rw-p 00000000 00:00 0 
73a3024ef000-73a3024f0000 ---p 00000000 00:00 0 
73a3024f0000-73a3026f0000 rw-p 00000000 00:00 0 
73a3026f0000-73a3026f1000 ---p 00000000 00:00 0 
73a3026f1000-73a3028f1000 rw-p 00000000 00:00 0 
73a3028f1000-73a3028f2000 ---p 00000000 00:00 0 
73a3028f2000-73a3029f2000 rw-p 00000000 00:00 0 
73a3029f2000-73a3029f3000 ---p 00000000 00:00 0 
73a3029f3000-73a302af3000 rw-p 00000000 00:00 0 
73a302af3000-73a302af4000 ---p 00000000 00:00 0 
73a302af4000-73a302bf4000 rw-p 00000000 00:00 0 
73a302bf4000-73a302bf5000 ---p 00000000 00:00 0 
73a302bf5000-73a302cf5000 rw-p 00000000 00:00 0 
73a302cf5000-73a302cf6000 ---p 00000000 00:00 0 
73a302cf6000-73a302df6000 rw-p 00000000 00:00 0 
73a302df6000-73a302df7000 ---p 00000000 00:00 0 
73a302df7000-73a302ef7000 rw-p 00000000 00:00 0 
73a302ef7000-73a302ef8000 ---p 00000000 00:00 0 
73a302ef8000-73a302ff8000 rw-p 00000000 00:00 0 
73a302ff8000-73a302ff9000 ---p 00000000 00:00 0 
73a302ff9000-73a3030f9000 rw-p 00000000 00:00 0 
73a3030f9000-73a3030fa000 ---p 00000000 00:00 0 
73a3030fa000-73a3031fa000 rw-p 00000000 00:00 0 
73a3031fa000-73a3031fb000 ---p 00000000 00:00 0 
73a3031fb000-73a3032fb000 rw-p 00000000 00:00 0 
73a3032fb000-73a3032fc000 ---p 00000000 00:00 0 
73a3032fc000-73a3033fc000 rw-p 00000000 00:00 0 
73a3033fc000-73a3033fd000 ---p 00000000 00:00 0 
73a3033fd000-73a3034fd000 rw-p 00000000 00:00 0 
73a3034fd000-73a3034fe000 ---p 00000000 00:00 0 
73a3034fe000-73a3035fe000 rw-p 00000000 00:00 0 
73a3035fe000-73a3035ff000 ---p 00000000 00:00 0 
73a3035ff000-73a3036ff000 rw-p 00000000 00:00 0 
73a3036ff000-73a303700000 ---p 00000000 00:00 0 
73a303700000-73a303f00000 rw-p 00000000 00:00 0 
73a303f00000-73a304100000 rw-p 00000000 00:00 0 
73a304100000-73a304104000 ---p 00000000 00:00 0 
73a304104000-73a304200000 rw-p 00000000 00:00 0 
73a304200000-73a304300000 rw-p 00000000 00:00 0 
73a304300000-73a304304000 ---p 00000000 00:00 0 
73a304304000-73a304400000 rw-p 00000000 00:00 0 
73a304400000-73a304404000 ---p 00000000 00:00 0 
73a304404000-73a304500000 rw-p 00000000 00:00 0 
73a304500000-73a304600000 rw-p 00000000 00:00 0 
73a304600000-73a30461b000 r--p 00000000 103:03 106299485                 /usr/lib/x86_64-linux-gnu/libnvidia-ml.so.580.95.05
73a30461b000-73a304797000 r-xp 0001b000 103:03 106299485                 /usr/lib/x86_64-linux-gnu/libnvidia-ml.so.580.95.05
73a304797000-73a3047fb000 r--p 00197000 103:03 106299485                 /usr/lib/x86_64-linux-gnu/libnvidia-ml.so.580.95.05
73a3047fb000-73a3047fc000 ---p 001fb000 103:03 106299485                 /usr/lib/x86_64-linux-gnu/libnvidia-ml.so.580.95.05
73a3047fc000-73a30482c000 r--p 001fb000 103:03 106299485                 /usr/lib/x86_64-linux-gnu/libnvidia-ml.so.580.95.05
73a30482c000-73a30482f000 rw-p 0022b000 103:03 106299485                 /usr/lib/x86_64-linux-gnu/libnvidia-ml.so.580.95.05
73a30482f000-73a305585000 rw-p 00000000 00:00 0 
73a3055f7000-73a3057f7000 rw-p 00000000 00:00 0 
73a3057f7000-73a3057f8000 ---p 00000000 00:00 0 
73a3057f8000-73a305ff8000 rw-p 00000000 00:00 0 
73a305ff8000-73a306ff8000 rw-p 00000000 00:00 0 
73a306ff8000-73a30a577000 r--p 00000000 00:6a 10095985                   /home/ubuntu/.local/lib/python3.10/site-packages/triton/_C/libtriton.so
73a30a577000-73a30f61c000 r-xp 0357e000 00:6a 10095985                   /home/ubuntu/.local/lib/python3.10/site-packages/triton/_C/libtriton.so
73a30f61c000-73a30f74c000 r--p 08622000 00:6a 10095985                   /home/ubuntu/.local/lib/python3.10/site-packages/triton/_C/libtriton.so
73a30f74c000-73a30f76f000 rw-p 08751000 00:6a 10095985                   /home/ubuntu/.local/lib/python3.10/site-packages/triton/_C/libtriton.so
73a30f76f000-73a310e00000 rw-p 00000000 00:00 0 
73a310e00000-73a310ea9000 r-xp 00000000 00:6a 10163489                   /home/ubuntu/.local/lib/python3.10/site-packages/torchvision.libs/libcudart.45e7f3ed.so.12
73a310ea9000-73a3110a9000 ---p 000a9000 00:6a 10163489                   /home/ubuntu/.local/lib/python3.10/site-packages/torchvision.libs/libcudart.45e7f3ed.so.12
73a3110a9000-73a3110ae000 r--p 000a9000 00:6a 10163489                   /home/ubuntu/.local/lib/python3.10/site-packages/torchvision.libs/libcudart.45e7f3ed.so.12
73a3110ae000-73a3110af000 rw-p 000ae000 00:6a 10163489                   /home/ubuntu/.local/lib/python3.10/site-packages/torchvision.libs/libcudart.45e7f3ed.so.12
73a3110af000-73a3110b1000 rw-p 00000000 00:00 0 
73a311100000-73a311200000 rw-p 00000000 00:00 0 
73a311200000-73a31185a000 r-xp 00000000 00:6a 10163488                   /home/ubuntu/.local/lib/python3.10/site-packages/torchvision.libs/libnvjpeg.e5f20359.so.12
73a31185a000-73a311a5a000 ---p 0065a000 00:6a 10163488                   /home/ubuntu/.local/lib/python3.10/site-packages/torchvision.libs/libnvjpeg.e5f20359.so.12
73a311a5a000-73a311a67000 r--p 0065a000 00:6a 10163488                   /home/ubuntu/.local/lib/python3.10/site-packages/torchvision.libs/libnvjpeg.e5f20359.so.12
73a311a67000-73a311a68000 rw-p 00667000 00:6a 10163488                   /home/ubuntu/.local/lib/python3.10/site-packages/torchvision.libs/libnvjpeg.e5f20359.so.12
73a311a68000-73a311a6d000 rw-p 00000000 00:00 0 
73a311b43000-73a311c43000 rw-p 00000000 00:00 0 
73a311c43000-73a311c50000 r--p 00000000 00:6a 10100093                   /home/ubuntu/.local/lib/python3.10/site-packages/pillow.libs/libfreetype-083ff72c.so.6.20.2
73a311c50000-73a311d17000 r-xp 0000d000 00:6a 10100093                   /home/ubuntu/.local/lib/python3.10/site-packages/pillow.libs/libfreetype-083ff72c.so.6.20.2
73a311d17000-73a311d43000 r--p 000d4000 00:6a 10100093                   /home/ubuntu/.local/lib/python3.10/site-packages/pillow.libs/libfreetype-083ff72c.so.6.20.2
73a311d43000-73a311d4a000 r--p 00100000 00:6a 10100093                   /home/ubuntu/.local/lib/python3.10/site-packages/pillow.libs/libfreetype-083ff72c.so.6.20.2
73a311d4a000-73a311d4c000 rw-p 00107000 00:6a 10100093                   /home/ubuntu/.local/lib/python3.10/site-packages/pillow.libs/libfreetype-083ff72c.so.6.20.2
73a311d4c000-73a311d4e000 rw-p 0015a000 00:6a 10100093                   /home/ubuntu/.local/lib/python3.10/site-packages/pillow.libs/libfreetype-083ff72c.so.6.20.2
73a311d4e000-73a311d50000 rw-p 0015c000 00:6a 10100093                   /home/ubuntu/.local/lib/python3.10/site-packages/pillow.libs/libfreetype-083ff72c.so.6.20.2
73a311d50000-73a311e50000 rw-p 00000000 00:00 0 
73a311e50000-73a311ef4000 r--p 00000000 00:6a 10163275                   /home/ubuntu/.local/lib/python3.10/site-packages/torchvision/_C.so
73a311ef4000-73a31200a000 r-xp 000a4000 00:6a 10163275                   /home/ubuntu/.local/lib/python3.10/site-packages/torchvision/_C.so
73a31200a000-73a31258a000 r--p 001ba000 00:6a 10163275                   /home/ubuntu/.local/lib/python3.10/site-packages/torchvision/_C.so
73a31258a000-73a31258d000 r--p 00739000 00:6a 10163275                   /home/ubuntu/.local/lib/python3.10/site-packages/torchvision/_C.so
73a31258d000-73a312592000 rw-p 0073c000 00:6a 10163275                   /home/ubuntu/.local/lib/python3.10/site-packages/torchvision/_C.so
73a312592000-73a480f94000 rw-p 00000000 00:00 0 
73a480f96000-73a586c96000 rw-p 00000000 00:00 0 
73a586c98000-73a607498000 rw-p 00000000 00:00 0 
73a60749a000-73a647f9a000 rw-p 00000000 00:00 0 
73a647f9c000-73a665b9c000 rw-p 00000000 00:00 0 
73a665b9e000-73a672b9f000 rw-p 00000000 00:00 0 
73a672c7c000-73a67f57c000 rw-p 00000000 00:00 0 
73a67f57e000-73a6de000000 rw-p 00000000 00:00 0 
73a6de000000-73b263200000 ---p 00000000 00:00 0 
73b263200000-73b263400000 rw-s 00000000 00:01 19585                      /dev/zero (deleted)
73b263400000-73b264000000 ---p 00000000 00:00 0 
73b264000000-73b264021000 rw-p 00000000 00:00 0 
73b264021000-73b268000000 ---p 00000000 00:00 0 
73b268000000-73b26c000000 rw-p 00000000 00:00 0 
73b26c000000-73b26c021000 rw-p 00000000 00:00 0 
73b26c021000-73b270000000 ---p 00000000 00:00 0 
73b2700fe000-73b272bfe000 rw-p 00000000 00:00 0 
73b272c00000-73b274000000 rw-p 00000000 00:00 0 
73b274000000-73b274021000 rw-p 00000000 00:00 0 
73b274021000-73b278000000 ---p 00000000 00:00 0 
73b278000000-73b278021000 rw-p 00000000 00:00 0 
73b278021000-73b27c000000 ---p 00000000 00:00 0 
73b27c000000-73b27c021000 rw-p 00000000 00:00 0 
73b27c021000-73b280000000 ---p 00000000 00:00 0 
73b2800fc000-73b281ffc000 rw-p 00000000 00:00 0 
73b281ffc000-73b281ffd000 ---p 00000000 00:00 0 
73b281ffd000-73b2827fd000 rw-p 00000000 00:00 0 
73b2827fd000-73b2827fe000 ---p 00000000 00:00 0 
73b2827fe000-73b282ffe000 rw-p 00000000 00:00 0 
73b282ffe000-73b282fff000 ---p 00000000 00:00 0 
73b282fff000-73b2837ff000 rw-p 00000000 00:00 0 
73b2837ff000-73b283800000 ---p 00000000 00:00 0 
73b283800000-73b284000000 rw-p 00000000 00:00 0 
73b284000000-73b284021000 rw-p 00000000 00:00 0 
73b284021000-73b288000000 ---p 00000000 00:00 0 
73b288000000-73b288021000 rw-p 00000000 00:00 0 
73b288021000-73b28c000000 ---p 00000000 00:00 0 
73b28c000000-73b28c021000 rw-p 00000000 00:00 0 
73b28c021000-73b290000000 ---p 00000000 00:00 0 
73b290000000-73b290021000 rw-p 00000000 00:00 0 
73b290021000-73b294000000 ---p 00000000 00:00 0 
73b294000000-73b294021000 rw-p 00000000 00:00 0 
73b294021000-73b298000000 ---p 00000000 00:00 0 
73b298000000-73b298021000 rw-p 00000000 00:00 0 
73b298021000-73b29c000000 ---p 00000000 00:00 0 
73b29c000000-73b29c021000 rw-p 00000000 00:00 0 
73b29c021000-73b2a0000000 ---p 00000000 00:00 0 
73b2a0000000-73b2a0021000 rw-p 00000000 00:00 0 
73b2a0021000-73b2a4000000 ---p 00000000 00:00 0 
73b2a4000000-73b2a4021000 rw-p 00000000 00:00 0 
73b2a4021000-73b2a8000000 ---p 00000000 00:00 0 
73b2a8000000-73b2a8021000 rw-p 00000000 00:00 0 
73b2a8021000-73b2ac000000 ---p 00000000 00:00 0 
73b2ac000000-73b2ac021000 rw-p 00000000 00:00 0 
73b2ac021000-73b2b0000000 ---p 00000000 00:00 0 
73b2b0000000-73b2b0021000 rw-p 00000000 00:00 0 
73b2b0021000-73b2b4000000 ---p 00000000 00:00 0 
73b2b4000000-73b2b4021000 rw-p 00000000 00:00 0 
73b2b4021000-73b2b8000000 ---p 00000000 00:00 0 
73b2b8000000-73b2b8021000 rw-p 00000000 00:00 0 
73b2b8021000-73b2bc000000 ---p 00000000 00:00 0 
73b2bc0f9000-73b2bc7f9000 rw-p 00000000 00:00 0 
73b2bc7f9000-73b2bc7fa000 ---p 00000000 00:00 0 
73b2bc7fa000-73b2bcffa000 rw-p 00000000 00:00 0 
73b2bcffa000-73b2bcffb000 ---p 00000000 00:00 0 
73b2bcffb000-73b2bd7fb000 rw-p 00000000 00:00 0 
73b2bd7fb000-73b2bd7fc000 ---p 00000000 00:00 0 
73b2bd7fc000-73b2bdffc000 rw-p 00000000 00:00 0 
73b2bdffc000-73b2bdffd000 ---p 00000000 00:00 0 
73b2bdffd000-73b2be7fd000 rw-p 00000000 00:00 0 
73b2be7fd000-73b2be7fe000 ---p 00000000 00:00 0 
73b2be7fe000-73b2beffe000 rw-p 00000000 00:00 0 
73b2beffe000-73b2befff000 ---p 00000000 00:00 0 
73b2befff000-73b2bf7ff000 rw-p 00000000 00:00 0 
73b2bf7ff000-73b2bf800000 ---p 00000000 00:00 0 
73b2bf800000-73b2c0000000 rw-p 00000000 00:00 0 
73b2c0000000-73b2c0021000 rw-p 00000000 00:00 0 
73b2c0021000-73b2c4000000 ---p 00000000 00:00 0 
73b2c4000000-73b2c4021000 rw-p 00000000 00:00 0 
73b2c4021000-73b2c8000000 ---p 00000000 00:00 0 
73b2c8000000-73b2c8021000 rw-p 00000000 00:00 0 
73b2c8021000-73b2cc000000 ---p 00000000 00:00 0 
73b2cc0f9000-73b2cc7f9000 rw-p 00000000 00:00 0 
73b2cc7f9000-73b2cc7fa000 ---p 00000000 00:00 0 
73b2cc7fa000-73b2ccffa000 rw-p 00000000 00:00 0 
73b2ccffa000-73b2ccffb000 ---p 00000000 00:00 0 
73b2ccffb000-73b2cd7fb000 rw-p 00000000 00:00 0 
73b2cd7fb000-73b2cd7fc000 ---p 00000000 00:00 0 
73b2cd7fc000-73b2cdffc000 rw-p 00000000 00:00 0 
73b2cdffc000-73b2cdffd000 ---p 00000000 00:00 0 
73b2cdffd000-73b2ce7fd000 rw-p 00000000 00:00 0 
73b2ce7fd000-73b2ce7fe000 ---p 00000000 00:00 0 
73b2ce7fe000-73b2ceffe000 rw-p 00000000 00:00 0 
73b2ceffe000-73b2cefff000 ---p 00000000 00:00 0 
73b2cefff000-73b2cf7ff000 rw-p 00000000 00:00 0 
73b2cf7ff000-73b2cf800000 ---p 00000000 00:00 0 
73b2cf800000-73b2d0000000 rw-p 00000000 00:00 0 
73b2d0000000-73b2da400000 ---p 00000000 00:00 0 
73b2da400000-73b2da600000 rw-s 00000000 00:05 1197                       /dev/nvidiactl
73b2da600000-73b2da800000 rw-s 00000000 00:01 5773                       /dev/zero (deleted)
73b2da800000-73b2daa00000 rw-s 00000000 00:01 5774                       /dev/zero (deleted)
73b2daa00000-73b2db000000 ---p 00000000 00:00 0 
73b2db000000-73b2db200000 rw-s 00000000 00:05 1197                       /dev/nvidiactl
73b2db200000-73b2db400000 ---p 00000000 00:00 0 
73b2db400000-73b2db600000 rw-s 00000000 00:01 5777                       /dev/zero (deleted)
73b2db600000-73b2db777000 rw-s 00000000 00:05 1197                       /dev/nvidiactl
73b2db777000-73b2dc000000 ---p 00000000 00:00 0 
73b2dc000000-73b2dc021000 rw-p 00000000 00:00 0 
73b2dc021000-73b2e0000000 ---p 00000000 00:00 0 
73b2e00da000-73b2e05da000 rw-p 00000000 00:00 0 
73b2e05da000-73b2e05db000 ---p 00000000 00:00 0 
73b2e05db000-73b2e0ddb000 rw-p 00000000 00:00 0 
73b2e0ddb000-73b2e0ddc000 ---p 00000000 00:00 0 
73b2e0ddc000-73b2e15dc000 rw-p 00000000 00:00 0 
73b2e15dc000-73b2e15dd000 ---p 00000000 00:00 0 
73b2e15dd000-73b2e1ddd000 rw-p 00000000 00:00 0 
73b2e1ddd000-73b2e1dde000 ---p 00000000 00:00 0 
73b2e1dde000-73b2e25de000 rw-p 00000000 00:00 0 
73b2e25de000-73b2e25df000 rw-s 00000000 00:05 1197                       /dev/nvidiactl
73b2e25df000-73b2e25e0000 rw-s 00000000 00:05 1197                       /dev/nvidiactl
73b2e25e0000-73b2e25e1000 rw-s 00000000 00:05 1197                       /dev/nvidiactl
73b2e25e1000-73b2e25e2000 rw-s 00000000 00:05 1197                       /dev/nvidiactl
73b2e25e2000-73b2e25e3000 rw-s 00000000 00:05 1197                       /dev/nvidiactl
73b2e25e3000-73b2e25e4000 rw-s 00000000 00:05 1197                       /dev/nvidiactl
73b2e25e4000-73b2e25e5000 rw-s 00000000 00:05 1197                       /dev/nvidiactl
73b2e25e5000-73b2e25e6000 rw-s 00000000 00:05 1197                       /dev/nvidiactl
73b2e25e6000-73b2e25e7000 rw-s 00000000 00:05 1197                       /dev/nvidiactl
73b2e25e7000-73b2e25e8000 rw-s 00000000 00:05 1197                       /dev/nvidiactl
73b2e25e8000-73b2e25e9000 rw-s 00000000 00:05 1197                       /dev/nvidiactl
73b2e25e9000-73b2e25ea000 rw-s 00000000 00:05 1197                       /dev/nvidiactl
73b2e25ea000-73b2e25eb000 rw-s 00000000 00:05 1197                       /dev/nvidiactl
73b2e25eb000-73b2e25ec000 rw-s 00000000 00:05 1197                       /dev/nvidiactl
73b2e25ec000-73b2e25ed000 rw-s 00000000 00:05 1197                       /dev/nvidiactl
73b2e25ed000-73b2e25ee000 rw-s 00000000 00:05 1197                       /dev/nvidiactl
73b2e25ee000-73b2e25ef000 rw-s 00000000 00:05 1197                       /dev/nvidiactl
73b2e25ef000-73b2e25f0000 rw-s 00000000 00:05 1197                       /dev/nvidiactl
73b2e25f0000-73b2e25f1000 rw-s 00000000 00:05 1197                       /dev/nvidiactl
73b2e25f1000-73b2e25f2000 rw-s 00000000 00:05 1197                       /dev/nvidiactl
73b2e25f2000-73b2e37ff000 ---p 00000000 00:00 0 
73b2e37ff000-73b2e3800000 ---p 00000000 00:00 0 
73b2e3800000-73b2e4000000 rw-p 00000000 00:00 0 
73b2e4000000-73b2e4021000 rw-p 00000000 00:00 0 
73b2e4021000-73b2e8000000 ---p 00000000 00:00 0 
73b2e8000000-73b2e8021000 rw-p 00000000 00:00 0 
73b2e8021000-73b2ec000000 ---p 00000000 00:00 0 
73b2ec000000-73b2ec021000 rw-p 00000000 00:00 0 
73b2ec021000-73b2f0000000 ---p 00000000 00:00 0 
73b2f0000000-73b2f0021000 rw-p 00000000 00:00 0 
73b2f0021000-73b2f4000000 ---p 00000000 00:00 0 
73b2f4000000-73b2f4021000 rw-p 00000000 00:00 0 
73b2f4021000-73b2f8000000 ---p 00000000 00:00 0 
73b2f8000000-73b2f8021000 rw-p 00000000 00:00 0 
73b2f8021000-73b2fc000000 ---p 00000000 00:00 0 
73b2fc000000-73b2fc021000 rw-p 00000000 00:00 0 
73b2fc021000-73b300000000 ---p 00000000 00:00 0 
73b3000f9000-73b3007f9000 rw-p 00000000 00:00 0 
73b3007f9000-73b3007fa000 ---p 00000000 00:00 0 
73b3007fa000-73b300ffa000 rw-p 00000000 00:00 0 
73b300ffa000-73b300ffb000 ---p 00000000 00:00 0 
73b300ffb000-73b3017fb000 rw-p 00000000 00:00 0 
73b3017fb000-73b3017fc000 ---p 00000000 00:00 0 
73b3017fc000-73b301ffc000 rw-p 00000000 00:00 0 
73b301ffc000-73b301ffd000 ---p 00000000 00:00 0 
73b301ffd000-73b3027fd000 rw-p 00000000 00:00 0 
73b3027fd000-73b3027fe000 ---p 00000000 00:00 0 
73b3027fe000-73b302ffe000 rw-p 00000000 00:00 0 
73b302ffe000-73b302fff000 ---p 00000000 00:00 0 
73b302fff000-73b3037ff000 rw-p 00000000 00:00 0 
73b3037ff000-73b303800000 ---p 00000000 00:00 0 
73b303800000-73b304000000 rw-p 00000000 00:00 0 
73b304000000-73b304021000 rw-p 00000000 00:00 0 
73b304021000-73b308000000 ---p 00000000 00:00 0 
73b308000000-73b308021000 rw-p 00000000 00:00 0 
73b308021000-73b30c000000 ---p 00000000 00:00 0 
73b30c000000-73b30c021000 rw-p 00000000 00:00 0 
73b30c021000-73b310000000 ---p 00000000 00:00 0 
73b310000000-73b310021000 rw-p 00000000 00:00 0 
73b310021000-73b314000000 ---p 00000000 00:00 0 
73b314000000-73b314021000 rw-p 00000000 00:00 0 
73b314021000-73b318000000 ---p 00000000 00:00 0 
73b318000000-73b318021000 rw-p 00000000 00:00 0 
73b318021000-73b31c000000 ---p 00000000 00:00 0 
73b31c000000-73b31c021000 rw-p 00000000 00:00 0 
73b31c021000-73b320000000 ---p 00000000 00:00 0 
73b320000000-73b320021000 rw-p 00000000 00:00 0 
73b320021000-73b324000000 ---p 00000000 00:00 0 
73b324000000-73b324021000 rw-p 00000000 00:00 0 
73b324021000-73b328000000 ---p 00000000 00:00 0 
73b328000000-73b328021000 rw-p 00000000 00:00 0 
73b328021000-73b32c000000 ---p 00000000 00:00 0 
73b32c000000-73b32c021000 rw-p 00000000 00:00 0 
73b32c021000-73b330000000 ---p 00000000 00:00 0 
73b330000000-73b330021000 rw-p 00000000 00:00 0 
73b330021000-73b334000000 ---p 00000000 00:00 0 
73b3340f9000-73b3347f9000 rw-p 00000000 00:00 0 
73b3347f9000-73b3347fa000 ---p 00000000 00:00 0 
73b3347fa000-73b334ffa000 rw-p 00000000 00:00 0 
73b334ffa000-73b334ffb000 ---p 00000000 00:00 0 
73b334ffb000-73b3357fb000 rw-p 00000000 00:00 0 
73b3357fb000-73b3357fc000 ---p 00000000 00:00 0 
73b3357fc000-73b335ffc000 rw-p 00000000 00:00 0 
73b335ffc000-73b335ffd000 ---p 00000000 00:00 0 
73b335ffd000-73b3367fd000 rw-p 00000000 00:00 0 
73b3367fd000-73b3367fe000 ---p 00000000 00:00 0 
73b3367fe000-73b336ffe000 rw-p 00000000 00:00 0 
73b336ffe000-73b336fff000 ---p 00000000 00:00 0 
73b336fff000-73b3377ff000 rw-p 00000000 00:00 0 
73b3377ff000-73b337800000 ---p 00000000 00:00 0 
73b337800000-73b338000000 rw-p 00000000 00:00 0 
73b338000000-73b338021000 rw-p 00000000 00:00 0 
73b338021000-73b33c000000 ---p 00000000 00:00 0 
73b33c0fb000-73b33c1fb000 rw-p 00000000 00:00 0 
73b33c1fb000-73b33c1fc000 ---p 00000000 00:00 0 
73b33c1fc000-73b33c9fc000 rw-p 00000000 00:00 0 
73b33c9fc000-73b33c9fd000 ---p 00000000 00:00 0 
73b33c9fd000-73b33d1fd000 rw-p 00000000 00:00 0 
73b33d1fd000-73b33d1fe000 ---p 00000000 00:00 0 
73b33d1fe000-73b33d9fe000 rw-p 00000000 00:00 0 
73b33d9fe000-73b33d9ff000 ---p 00000000 00:00 0 
73b33d9ff000-73b33e1ff000 rw-p 00000000 00:00 0 
73b33e1ff000-73b33e200000 ---p 00000000 00:00 0 
73b33e200000-73b33ea00000 rw-p 00000000 00:00 0 
73b33ea00000-73b347ae6000 r-xp 00000000 00:6a 10103813                   /home/ubuntu/.local/lib/python3.10/site-packages/nvidia/cusolver/lib/libcusolver.so.11
73b347ae6000-73b347ce6000 ---p 090e6000 00:6a 10103813                   /home/ubuntu/.local/lib/python3.10/site-packages/nvidia/cusolver/lib/libcusolver.so.11
73b347ce6000-73b347cf3000 r--p 090e6000 00:6a 10103813                   /home/ubuntu/.local/lib/python3.10/site-packages/nvidia/cusolver/lib/libcusolver.so.11
73b347cf3000-73b347d05000 rw-p 090f3000 00:6a 10103813                   /home/ubuntu/.local/lib/python3.10/site-packages/nvidia/cusolver/lib/libcusolver.so.11
73b347d05000-73b347d0f000 rw-p 00000000 00:00 0 
73b347d0f000-73b347e00000 ---p 0930f000 00:6a 10103813                   /home/ubuntu/.local/lib/python3.10/site-packages/nvidia/cusolver/lib/libcusolver.so.11
73b347e00000-73b347e09000 rw-p 09200000 00:6a 10103813                   /home/ubuntu/.local/lib/python3.10/site-packages/nvidia/cusolver/lib/libcusolver.so.11
73b347f00000-73b348000000 rw-p 00000000 00:00 0 
73b348000000-73b348021000 rw-p 00000000 00:00 0 
73b348021000-73b34c000000 ---p 00000000 00:00 0 
73b34c0fd000-73b34c3fd000 rw-p 00000000 00:00 0 
73b34c3fd000-73b34c5fd000 rw-s 00000000 00:01 5775                       /dev/zero (deleted)
73b34c5fd000-73b34c5fe000 ---p 00000000 00:00 0 
73b34c5fe000-73b34cdfe000 rw-p 00000000 00:00 0 
73b34cdfe000-73b34cdff000 ---p 00000000 00:00 0 
73b34cdff000-73b34d5ff000 rw-p 00000000 00:00 0 
73b34d5ff000-73b34d600000 ---p 00000000 00:00 0 
73b34d600000-73b34de00000 rw-p 00000000 00:00 0 
73b34de00000-73b357398000 r--s 00000000 08:00 45646671                   /home/ubuntu/tbazzocchi/FRAG/MedRAG/corpus/wikipedia/index/bm25/_s_Lucene90_0.dvd
73b357400000-73b35a51c000 r--s 00000000 08:00 45646518                   /home/ubuntu/tbazzocchi/FRAG/MedRAG/corpus/wikipedia/index/bm25/_s.fdt
73b35a600000-73b35ac28000 r--s 00000000 08:00 45646519                   /home/ubuntu/tbazzocchi/FRAG/MedRAG/corpus/wikipedia/index/bm25/_s.nvd
73b35ad00000-73b35ae00000 rw-p 00000000 00:00 0 
73b35ae00000-73b35b058000 r--s 00000000 08:00 45646528                   /home/ubuntu/tbazzocchi/FRAG/MedRAG/corpus/wikipedia/index/bm25/_s_Lucene90_0.tip
73b35b100000-73b35b200000 rw-p 00000000 00:00 0 
73b35b200000-73b35ffc9000 r--s 00000000 08:00 45646527                   /home/ubuntu/tbazzocchi/FRAG/MedRAG/corpus/wikipedia/index/bm25/_s_Lucene90_0.tim
73b360000000-73b3858b2000 r--s 00000000 08:00 45646526                   /home/ubuntu/tbazzocchi/FRAG/MedRAG/corpus/wikipedia/index/bm25/_s_Lucene90_0.doc
73b385900000-73b385a00000 rw-p 00000000 00:00 0 
73b385a00000-73b393e60000 r--s 00000000 08:00 45646432                   /home/ubuntu/tbazzocchi/FRAG/MedRAG/corpus/wikipedia/index/bm25/_13_Lucene90_0.dvd
73b393f00000-73b394000000 rw-p 00000000 00:00 0 
73b394000000-73b398a6a000 r--s 00000000 08:00 45646676                   /home/ubuntu/tbazzocchi/FRAG/MedRAG/corpus/wikipedia/index/bm25/_13.fdt
73b398b00000-73b398c00000 rw-p 00000000 00:00 0 
73b398c00000-73b399565000 r--s 00000000 08:00 45646503                   /home/ubuntu/tbazzocchi/FRAG/MedRAG/corpus/wikipedia/index/bm25/_13.nvd
73b399600000-73b39995f000 r--s 00000000 08:00 45646685                   /home/ubuntu/tbazzocchi/FRAG/MedRAG/corpus/wikipedia/index/bm25/_13_Lucene90_0.tip
73b399a00000-73b3a069f000 r--s 00000000 08:00 45646684                   /home/ubuntu/tbazzocchi/FRAG/MedRAG/corpus/wikipedia/index/bm25/_13_Lucene90_0.tim
73b3a0700000-73b3a0800000 rw-p 00000000 00:00 0 
73b3a0800000-73b3da3d9000 r--s 00000000 08:00 45646678                   /home/ubuntu/tbazzocchi/FRAG/MedRAG/corpus/wikipedia/index/bm25/_13_Lucene90_0.doc
73b3da400000-73b3dbd6c000 r--s 00000000 08:00 45646497                   /home/ubuntu/tbazzocchi/FRAG/MedRAG/corpus/wikipedia/index/bm25/_a_Lucene90_0.dvd
73b3dbe00000-73b3dc64f000 r--s 00000000 08:00 45646313                   /home/ubuntu/tbazzocchi/FRAG/MedRAG/corpus/wikipedia/index/bm25/_a.fdt
73b3dc700000-73b3dc800000 rw-p 00000000 00:00 0 
73b3dc800000-73b3dd991000 r--s 00000000 08:00 45646505                   /home/ubuntu/tbazzocchi/FRAG/MedRAG/corpus/wikipedia/index/bm25/_a_Lucene90_0.tim
73b3dda00000-73b3e3e60000 r--s 00000000 08:00 45646504                   /home/ubuntu/tbazzocchi/FRAG/MedRAG/corpus/wikipedia/index/bm25/_a_Lucene90_0.doc
73b3e3f00000-73b3e4000000 rw-p 00000000 00:00 0 
73b3e4000000-73b3e5b8a000 r--s 00000000 08:00 45646510                   /home/ubuntu/tbazzocchi/FRAG/MedRAG/corpus/wikipedia/index/bm25/_6_Lucene90_0.dvd
73b3e5c00000-73b3e64ff000 r--s 00000000 08:00 45646303                   /home/ubuntu/tbazzocchi/FRAG/MedRAG/corpus/wikipedia/index/bm25/_6.fdt
73b3e6500000-73b3e6600000 rw-p 00000000 00:00 0 
73b3e6600000-73b3e78a6000 r--s 00000000 08:00 45646523                   /home/ubuntu/tbazzocchi/FRAG/MedRAG/corpus/wikipedia/index/bm25/_6_Lucene90_0.tim
73b3e7900000-73b3e7a00000 rw-p 00000000 00:00 0 
73b3e7a00000-73b3ee6ae000 r--s 00000000 08:00 45646522                   /home/ubuntu/tbazzocchi/FRAG/MedRAG/corpus/wikipedia/index/bm25/_6_Lucene90_0.doc
73b3ee700000-73b3ee800000 rw-p 00000000 00:00 0 
73b3ee800000-73b3f0599000 r--s 00000000 08:00 45646532                   /home/ubuntu/tbazzocchi/FRAG/MedRAG/corpus/wikipedia/index/bm25/_8_Lucene90_0.dvd
73b3f0600000-73b3f0faa000 r--s 00000000 08:00 45646317                   /home/ubuntu/tbazzocchi/FRAG/MedRAG/corpus/wikipedia/index/bm25/_8.fdt
73b3f1000000-73b3f23b7000 r--s 00000000 08:00 45646540                   /home/ubuntu/tbazzocchi/FRAG/MedRAG/corpus/wikipedia/index/bm25/_8_Lucene90_0.tim
73b3f2400000-73b3f98e6000 r--s 00000000 08:00 45646539                   /home/ubuntu/tbazzocchi/FRAG/MedRAG/corpus/wikipedia/index/bm25/_8_Lucene90_0.doc
73b3f9900000-73b3f9a00000 rw-p 00000000 00:00 0 
73b3f9a00000-73b3fb9ed000 r--s 00000000 08:00 45646545                   /home/ubuntu/tbazzocchi/FRAG/MedRAG/corpus/wikipedia/index/bm25/_2_Lucene90_0.dvd
73b3fba00000-73b3fc469000 r--s 00000000 08:00 45646308                   /home/ubuntu/tbazzocchi/FRAG/MedRAG/corpus/wikipedia/index/bm25/_2.fdt
73b3fc500000-73b3fc600000 rw-p 00000000 00:00 0 
73b3fc600000-73b3fdad6000 r--s 00000000 08:00 45646553                   /home/ubuntu/tbazzocchi/FRAG/MedRAG/corpus/wikipedia/index/bm25/_2_Lucene90_0.tim
73b3fdb00000-73b3fdc00000 rw-p 00000000 00:00 0 
73b3fdc00000-73b4059f4000 r--s 00000000 08:00 45646552                   /home/ubuntu/tbazzocchi/FRAG/MedRAG/corpus/wikipedia/index/bm25/_2_Lucene90_0.doc
73b405a00000-73b4072e9000 r--s 00000000 08:00 45646658                   /home/ubuntu/tbazzocchi/FRAG/MedRAG/corpus/wikipedia/index/bm25/_o_Lucene90_0.dvd
73b407300000-73b407400000 rw-p 00000000 00:00 0 
73b407400000-73b407c1d000 r--s 00000000 08:00 45646468                   /home/ubuntu/tbazzocchi/FRAG/MedRAG/corpus/wikipedia/index/bm25/_o.fdt
73b407d00000-73b407e00000 rw-p 00000000 00:00 0 
73b407e00000-73b408f16000 r--s 00000000 08:00 45646666                   /home/ubuntu/tbazzocchi/FRAG/MedRAG/corpus/wikipedia/index/bm25/_o_Lucene90_0.tim
73b409000000-73b40f29e000 r--s 00000000 08:00 45646665                   /home/ubuntu/tbazzocchi/FRAG/MedRAG/corpus/wikipedia/index/bm25/_o_Lucene90_0.doc
73b40f300000-73b40f400000 rw-p 00000000 00:00 0 
73b40f400000-73b410eff000 r--s 00000000 08:00 45646681                   /home/ubuntu/tbazzocchi/FRAG/MedRAG/corpus/wikipedia/index/bm25/_q_Lucene90_0.dvd
73b410f00000-73b411000000 rw-p 00000000 00:00 0 
73b411000000-73b411872000 r--s 00000000 08:00 45646501                   /home/ubuntu/tbazzocchi/FRAG/MedRAG/corpus/wikipedia/index/bm25/_q.fdt
73b411900000-73b411a00000 rw-p 00000000 00:00 0 
73b411a00000-73b412b68000 r--s 00000000 08:00 45646290                   /home/ubuntu/tbazzocchi/FRAG/MedRAG/corpus/wikipedia/index/bm25/_q_Lucene90_0.tim
73b412c00000-73b4196ff000 r--s 00000000 08:00 45646289                   /home/ubuntu/tbazzocchi/FRAG/MedRAG/corpus/wikipedia/index/bm25/_q_Lucene90_0.doc
73b419700000-73b419800000 rw-p 00000000 00:00 0 
73b419800000-73b41ac16000 r--s 00000000 08:00 45646299                   /home/ubuntu/tbazzocchi/FRAG/MedRAG/corpus/wikipedia/index/bm25/_r_Lucene90_0.dvd
73b41ad00000-73b41ae00000 rw-p 00000000 00:00 0 
73b41ae00000-73b41b488000 r--s 00000000 08:00 45646514                   /home/ubuntu/tbazzocchi/FRAG/MedRAG/corpus/wikipedia/index/bm25/_r.fdt
73b41b4c0000-73b41b500000 rwxp 00000000 00:00 0 
73b41b500000-73b41b600000 rw-p 00000000 00:00 0 
73b41b600000-73b41c46c000 r--s 00000000 08:00 45646306                   /home/ubuntu/tbazzocchi/FRAG/MedRAG/corpus/wikipedia/index/bm25/_r_Lucene90_0.tim
73b41c4c0000-73b41c500000 rwxp 00000000 00:00 0 
73b41c500000-73b41c600000 rw-p 00000000 00:00 0 
73b41c600000-73b42158e000 r--s 00000000 08:00 45646305                   /home/ubuntu/tbazzocchi/FRAG/MedRAG/corpus/wikipedia/index/bm25/_r_Lucene90_0.doc
73b421600000-73b422000000 r--s 00000000 08:00 45646318                   /home/ubuntu/tbazzocchi/FRAG/MedRAG/corpus/wikipedia/index/bm25/_x_Lucene90_0.dvd
73b422000000-73b422342000 r--s 00000000 08:00 45646592                   /home/ubuntu/tbazzocchi/FRAG/MedRAG/corpus/wikipedia/index/bm25/_x.fdt
73b422400000-73b422c69000 r--s 00000000 08:00 45646325                   /home/ubuntu/tbazzocchi/FRAG/MedRAG/corpus/wikipedia/index/bm25/_x_Lucene90_0.tim
73b422c80000-73b422cc0000 rwxp 00000000 00:00 0 
73b422d00000-73b422e00000 rw-p 00000000 00:00 0 
73b422e00000-73b425572000 r--s 00000000 08:00 45646324                   /home/ubuntu/tbazzocchi/FRAG/MedRAG/corpus/wikipedia/index/bm25/_x_Lucene90_0.doc
73b425580000-73b4255c0000 rwxp 00000000 00:00 0 
73b425600000-73b425869000 r--s 00000000 08:00 45646341                   /home/ubuntu/tbazzocchi/FRAG/MedRAG/corpus/wikipedia/index/bm25/_12_Lucene90_0.tim
73b425900000-73b425a00000 rw-p 00000000 00:00 0 
73b425a00000-73b4260f8000 r--s 00000000 08:00 45646340                   /home/ubuntu/tbazzocchi/FRAG/MedRAG/corpus/wikipedia/index/bm25/_12_Lucene90_0.doc
73b426100000-73b426200000 rw-p 00000000 00:00 0 
73b426200000-73b426a4d000 r--s 00000000 08:00 45646350                   /home/ubuntu/tbazzocchi/FRAG/MedRAG/corpus/wikipedia/index/bm25/_10_Lucene90_0.dvd
73b426ac0000-73b426b00000 rwxp 00000000 00:00 0 
73b426b00000-73b426c00000 rw-p 00000000 00:00 0 
73b426c00000-73b426e93000 r--s 00000000 08:00 45646627                   /home/ubuntu/tbazzocchi/FRAG/MedRAG/corpus/wikipedia/index/bm25/_10.fdt
73b426f00000-73b427000000 rw-p 00000000 00:00 0 
73b427000000-73b4276e5000 r--s 00000000 08:00 45646354                   /home/ubuntu/tbazzocchi/FRAG/MedRAG/corpus/wikipedia/index/bm25/_10_Lucene90_0.tim
73b427700000-73b427800000 rw-p 00000000 00:00 0 
73b427800000-73b429857000 r--s 00000000 08:00 45646353                   /home/ubuntu/tbazzocchi/FRAG/MedRAG/corpus/wikipedia/index/bm25/_10_Lucene90_0.doc
73b42985c000-73b42985f000 r--p 00000000 00:6a 10163487                   /home/ubuntu/.local/lib/python3.10/site-packages/torchvision.libs/libwebp.32d871e4.so.7
73b42985f000-73b4298e9000 r-xp 00003000 00:6a 10163487                   /home/ubuntu/.local/lib/python3.10/site-packages/torchvision.libs/libwebp.32d871e4.so.7
73b4298e9000-73b4298fc000 r--p 0008d000 00:6a 10163487                   /home/ubuntu/.local/lib/python3.10/site-packages/torchvision.libs/libwebp.32d871e4.so.7
73b4298fc000-73b4298fd000 r--p 000a0000 00:6a 10163487                   /home/ubuntu/.local/lib/python3.10/site-packages/torchvision.libs/libwebp.32d871e4.so.7
73b4298fd000-73b4298fe000 rw-p 000a1000 00:6a 10163487                   /home/ubuntu/.local/lib/python3.10/site-packages/torchvision.libs/libwebp.32d871e4.so.7
73b4298fe000-73b4298ff000 rw-p 00000000 00:00 0 
73b4298ff000-73b429900000 rw-p 000ad000 00:6a 10163487                   /home/ubuntu/.local/lib/python3.10/site-packages/torchvision.libs/libwebp.32d871e4.so.7
73b429900000-73b429a00000 rw-p 00000000 00:00 0 
73b429a00000-73b42a9c4000 r--s 00000000 08:00 45646361                   /home/ubuntu/tbazzocchi/FRAG/MedRAG/corpus/wikipedia/index/bm25/_u_Lucene90_0.dvd
73b42aa00000-73b42af20000 r--s 00000000 08:00 45646549                   /home/ubuntu/tbazzocchi/FRAG/MedRAG/corpus/wikipedia/index/bm25/_u.fdt
73b42af69000-73b42af6e000 r--p 00000000 00:6a 10163486                   /home/ubuntu/.local/lib/python3.10/site-packages/torchvision.libs/libjpeg.37781fad.so.8
73b42af6e000-73b42afc3000 r-xp 00005000 00:6a 10163486                   /home/ubuntu/.local/lib/python3.10/site-packages/torchvision.libs/libjpeg.37781fad.so.8
73b42afc3000-73b42affe000 r--p 0005a000 00:6a 10163486                   /home/ubuntu/.local/lib/python3.10/site-packages/torchvision.libs/libjpeg.37781fad.so.8
73b42affe000-73b42afff000 r--p 00094000 00:6a 10163486                   /home/ubuntu/.local/lib/python3.10/site-packages/torchvision.libs/libjpeg.37781fad.so.8
73b42afff000-73b42b000000 rw-p 00095000 00:6a 10163486                   /home/ubuntu/.local/lib/python3.10/site-packages/torchvision.libs/libjpeg.37781fad.so.8
73b42b000000-73b42bc00000 r--s 00000000 08:00 45646365                   /home/ubuntu/tbazzocchi/FRAG/MedRAG/corpus/wikipedia/index/bm25/_u_Lucene90_0.tim
73b42bc00000-73b42fa6b000 r--s 00000000 08:00 45646364                   /home/ubuntu/tbazzocchi/FRAG/MedRAG/corpus/wikipedia/index/bm25/_u_Lucene90_0.doc
73b42fb00000-73b42fc00000 rw-p 00000000 00:00 0 
73b42fc00000-73b4300e9000 r--s 00000000 08:00 45646376                   /home/ubuntu/tbazzocchi/FRAG/MedRAG/corpus/wikipedia/index/bm25/_11_Lucene90_0.dvd
73b430100000-73b430200000 rw-p 00000000 00:00 0 
73b430200000-73b4306d6000 r--s 00000000 08:00 45646384                   /home/ubuntu/tbazzocchi/FRAG/MedRAG/corpus/wikipedia/index/bm25/_11_Lucene90_0.tim
73b430700000-73b430800000 rw-p 00000000 00:00 0 
73b430800000-73b431b12000 r--s 00000000 08:00 45646379                   /home/ubuntu/tbazzocchi/FRAG/MedRAG/corpus/wikipedia/index/bm25/_11_Lucene90_0.doc
73b431b22000-73b431b2e000 r--p 00000000 00:6a 10100094                   /home/ubuntu/.local/lib/python3.10/site-packages/pillow.libs/libharfbuzz-fe5b8f8d.so.0.61121.0
73b431b2e000-73b431bab000 r-xp 0000c000 00:6a 10100094                   /home/ubuntu/.local/lib/python3.10/site-packages/pillow.libs/libharfbuzz-fe5b8f8d.so.0.61121.0
73b431bab000-73b431bf4000 r--p 00089000 00:6a 10100094                   /home/ubuntu/.local/lib/python3.10/site-packages/pillow.libs/libharfbuzz-fe5b8f8d.so.0.61121.0
73b431bf4000-73b431bf5000 r--p 000d1000 00:6a 10100094                   /home/ubuntu/.local/lib/python3.10/site-packages/pillow.libs/libharfbuzz-fe5b8f8d.so.0.61121.0
73b431bf5000-73b431bf7000 rw-p 000d2000 00:6a 10100094                   /home/ubuntu/.local/lib/python3.10/site-packages/pillow.libs/libharfbuzz-fe5b8f8d.so.0.61121.0
73b431bf7000-73b431bfc000 rw-p 000d5000 00:6a 10100094                   /home/ubuntu/.local/lib/python3.10/site-packages/pillow.libs/libharfbuzz-fe5b8f8d.so.0.61121.0
73b431bfc000-73b431c00000 rw-p 000da000 00:6a 10100094                   /home/ubuntu/.local/lib/python3.10/site-packages/pillow.libs/libharfbuzz-fe5b8f8d.so.0.61121.0
73b431c00000-73b43267f000 r--s 00000000 08:00 45646391                   /home/ubuntu/tbazzocchi/FRAG/MedRAG/corpus/wikipedia/index/bm25/_w_Lucene90_0.dvd
73b432700000-73b432800000 rw-p 00000000 00:00 0 
73b432800000-73b432b6a000 r--s 00000000 08:00 45646582                   /home/ubuntu/tbazzocchi/FRAG/MedRAG/corpus/wikipedia/index/bm25/_w.fdt
73b432c00000-73b4334d2000 r--s 00000000 08:00 45646399                   /home/ubuntu/tbazzocchi/FRAG/MedRAG/corpus/wikipedia/index/bm25/_w_Lucene90_0.tim
73b4334f4000-73b433600000 r--s 00000000 08:00 45646495                   /home/ubuntu/tbazzocchi/FRAG/MedRAG/corpus/wikipedia/index/bm25/_a.nvd
73b433600000-73b435f58000 r--s 00000000 08:00 45646398                   /home/ubuntu/tbazzocchi/FRAG/MedRAG/corpus/wikipedia/index/bm25/_w_Lucene90_0.doc
73b435f61000-73b435f78000 r--p 00000000 00:6a 10163281                   /home/ubuntu/.local/lib/python3.10/site-packages/torchvision/image.so
73b435f78000-73b435fab000 r-xp 00017000 00:6a 10163281                   /home/ubuntu/.local/lib/python3.10/site-packages/torchvision/image.so
73b435fab000-73b435fc1000 r--p 0004a000 00:6a 10163281                   /home/ubuntu/.local/lib/python3.10/site-packages/torchvision/image.so
73b435fc1000-73b435fc2000 r--p 0005f000 00:6a 10163281                   /home/ubuntu/.local/lib/python3.10/site-packages/torchvision/image.so
73b435fc2000-73b435fc4000 rw-p 00060000 00:6a 10163281                   /home/ubuntu/.local/lib/python3.10/site-packages/torchvision/image.so
73b435fc4000-73b435fd0000 rw-p 0007a000 00:6a 10163281                   /home/ubuntu/.local/lib/python3.10/site-packages/torchvision/image.so
73b435fd0000-73b435fdc000 rw-p 00086000 00:6a 10163281                   /home/ubuntu/.local/lib/python3.10/site-packages/torchvision/image.so
73b435fdc000-73b435fe8000 rw-p 00092000 00:6a 10163281                   /home/ubuntu/.local/lib/python3.10/site-packages/torchvision/image.so
73b435fe8000-73b435ff4000 rw-p 0009e000 00:6a 10163281                   /home/ubuntu/.local/lib/python3.10/site-packages/torchvision/image.so
73b435ff4000-73b436000000 rw-p 000aa000 00:6a 10163281                   /home/ubuntu/.local/lib/python3.10/site-packages/torchvision/image.so
73b436000000-73b437c7f000 r--s 00000000 08:00 45646406                   /home/ubuntu/tbazzocchi/FRAG/MedRAG/corpus/wikipedia/index/bm25/_p_Lucene90_0.dvd
73b437cde000-73b437e00000 r--s 00000000 08:00 45646508                   /home/ubuntu/tbazzocchi/FRAG/MedRAG/corpus/wikipedia/index/bm25/_6.nvd
73b437e00000-73b4386ee000 r--s 00000000 08:00 45646488                   /home/ubuntu/tbazzocchi/FRAG/MedRAG/corpus/wikipedia/index/bm25/_p.fdt
73b43876b000-73b438800000 r--s 00000000 08:00 45646506                   /home/ubuntu/tbazzocchi/FRAG/MedRAG/corpus/wikipedia/index/bm25/_a_Lucene90_0.tip
73b438800000-73b439a29000 r--s 00000000 08:00 45646414                   /home/ubuntu/tbazzocchi/FRAG/MedRAG/corpus/wikipedia/index/bm25/_p_Lucene90_0.tim
73b439a2a000-73b439ac8000 r--s 00000000 08:00 45646524                   /home/ubuntu/tbazzocchi/FRAG/MedRAG/corpus/wikipedia/index/bm25/_6_Lucene90_0.tip
73b439ac8000-73b439c00000 r--s 00000000 08:00 45646530                   /home/ubuntu/tbazzocchi/FRAG/MedRAG/corpus/wikipedia/index/bm25/_8.nvd
73b439c00000-73b440c9b000 r--s 00000000 08:00 45646413                   /home/ubuntu/tbazzocchi/FRAG/MedRAG/corpus/wikipedia/index/bm25/_p_Lucene90_0.doc
73b440cb0000-73b440e00000 r--s 00000000 08:00 45646543                   /home/ubuntu/tbazzocchi/FRAG/MedRAG/corpus/wikipedia/index/bm25/_2.nvd
73b440e00000-73b44162f000 r--s 00000000 08:00 45646421                   /home/ubuntu/tbazzocchi/FRAG/MedRAG/corpus/wikipedia/index/bm25/_z_Lucene90_0.dvd
73b441652000-73b4416f9000 r--s 00000000 08:00 45646541                   /home/ubuntu/tbazzocchi/FRAG/MedRAG/corpus/wikipedia/index/bm25/_8_Lucene90_0.tip
73b4416f9000-73b441800000 r--s 00000000 08:00 45646656                   /home/ubuntu/tbazzocchi/FRAG/MedRAG/corpus/wikipedia/index/bm25/_o.nvd
73b441800000-73b441aa2000 r--s 00000000 08:00 45646614                   /home/ubuntu/tbazzocchi/FRAG/MedRAG/corpus/wikipedia/index/bm25/_z.fdt
73b441ae4000-73b441c00000 r--s 00000000 08:00 45646679                   /home/ubuntu/tbazzocchi/FRAG/MedRAG/corpus/wikipedia/index/bm25/_q.nvd
73b441c00000-73b442329000 r--s 00000000 08:00 45646429                   /home/ubuntu/tbazzocchi/FRAG/MedRAG/corpus/wikipedia/index/bm25/_z_Lucene90_0.tim
73b442350000-73b442400000 r--s 00000000 08:00 45646554                   /home/ubuntu/tbazzocchi/FRAG/MedRAG/corpus/wikipedia/index/bm25/_2_Lucene90_0.tip
73b442400000-73b444402000 r--s 00000000 08:00 45646428                   /home/ubuntu/tbazzocchi/FRAG/MedRAG/corpus/wikipedia/index/bm25/_z_Lucene90_0.doc
73b444432000-73b444600000 r--s 00000000 08:00 45646334                   /home/ubuntu/tbazzocchi/FRAG/MedRAG/corpus/wikipedia/index/bm25/_12_Lucene90_0.dvd
73b444600000-73b445805000 r--s 00000000 08:00 45646442                   /home/ubuntu/tbazzocchi/FRAG/MedRAG/corpus/wikipedia/index/bm25/_t_Lucene90_0.dvd
73b445871000-73b445a00000 r--s 00000000 08:00 45646640                   /home/ubuntu/tbazzocchi/FRAG/MedRAG/corpus/wikipedia/index/bm25/_11.fdt
73b445a00000-73b445fdc000 r--s 00000000 08:00 45646536                   /home/ubuntu/tbazzocchi/FRAG/MedRAG/corpus/wikipedia/index/bm25/_t.fdt
73b446000000-73b446d55000 r--s 00000000 08:00 45646446                   /home/ubuntu/tbazzocchi/FRAG/MedRAG/corpus/wikipedia/index/bm25/_t_Lucene90_0.tim
73b446d6f000-73b446e00000 r--s 00000000 08:00 45646667                   /home/ubuntu/tbazzocchi/FRAG/MedRAG/corpus/wikipedia/index/bm25/_o_Lucene90_0.tip
73b446e00000-73b44b559000 r--s 00000000 08:00 45646445                   /home/ubuntu/tbazzocchi/FRAG/MedRAG/corpus/wikipedia/index/bm25/_t_Lucene90_0.doc
73b44b56b000-73b44b600000 r--s 00000000 08:00 45646291                   /home/ubuntu/tbazzocchi/FRAG/MedRAG/corpus/wikipedia/index/bm25/_q_Lucene90_0.tip
73b44b600000-73b44c4a5000 r--s 00000000 08:00 45646457                   /home/ubuntu/tbazzocchi/FRAG/MedRAG/corpus/wikipedia/index/bm25/_v_Lucene90_0.dvd
73b44c52c000-73b44c600000 r--s 00000000 08:00 45646295                   /home/ubuntu/tbazzocchi/FRAG/MedRAG/corpus/wikipedia/index/bm25/_r.nvd
73b44c600000-73b44cab9000 r--s 00000000 08:00 45646562                   /home/ubuntu/tbazzocchi/FRAG/MedRAG/corpus/wikipedia/index/bm25/_v.fdt
73b44cadc000-73b44cb1c000 rwxp 00000000 00:00 0 
73b44cb1c000-73b44cb97000 r--s 00000000 08:00 45646309                   /home/ubuntu/tbazzocchi/FRAG/MedRAG/corpus/wikipedia/index/bm25/_r_Lucene90_0.tip
73b44cb97000-73b44cc00000 r--s 00000000 08:00 45646315                   /home/ubuntu/tbazzocchi/FRAG/MedRAG/corpus/wikipedia/index/bm25/_x.nvd
73b44cc00000-73b44d713000 r--s 00000000 08:00 45646301                   /home/ubuntu/tbazzocchi/FRAG/MedRAG/corpus/wikipedia/index/bm25/_v_Lucene90_0.tim
73b44d72b000-73b44d731000 r--p 00000000 00:6a 10163485                   /home/ubuntu/.local/lib/python3.10/site-packages/torchvision.libs/libpng16.e328d493.so.16
73b44d731000-73b44d75a000 r-xp 00006000 00:6a 10163485                   /home/ubuntu/.local/lib/python3.10/site-packages/torchvision.libs/libpng16.e328d493.so.16
73b44d75a000-73b44d765000 r--p 0002f000 00:6a 10163485                   /home/ubuntu/.local/lib/python3.10/site-packages/torchvision.libs/libpng16.e328d493.so.16
73b44d765000-73b44d766000 ---p 0003a000 00:6a 10163485                   /home/ubuntu/.local/lib/python3.10/site-packages/torchvision.libs/libpng16.e328d493.so.16
73b44d766000-73b44d767000 r--p 0003a000 00:6a 10163485                   /home/ubuntu/.local/lib/python3.10/site-packages/torchvision.libs/libpng16.e328d493.so.16
73b44d767000-73b44d768000 rw-p 0003b000 00:6a 10163485                   /home/ubuntu/.local/lib/python3.10/site-packages/torchvision.libs/libpng16.e328d493.so.16
73b44d768000-73b44d76b000 rw-p 00042000 00:6a 10163485                   /home/ubuntu/.local/lib/python3.10/site-packages/torchvision.libs/libpng16.e328d493.so.16
73b44d76b000-73b44d800000 r--s 00000000 08:00 45646649                   /home/ubuntu/tbazzocchi/FRAG/MedRAG/corpus/wikipedia/index/bm25/_12.fdt
73b44d800000-73b4511b7000 r--s 00000000 08:00 45646296                   /home/ubuntu/tbazzocchi/FRAG/MedRAG/corpus/wikipedia/index/bm25/_v_Lucene90_0.doc
73b4511b7000-73b451200000 r--s 00000000 08:00 45646326                   /home/ubuntu/tbazzocchi/FRAG/MedRAG/corpus/wikipedia/index/bm25/_x_Lucene90_0.tip
73b451200000-73b451b72000 r--s 00000000 08:00 45646337                   /home/ubuntu/tbazzocchi/FRAG/MedRAG/corpus/wikipedia/index/bm25/_y_Lucene90_0.dvd
73b451b74000-73b451b77000 r--p 00000000 00:6a 10163490                   /home/ubuntu/.local/lib/python3.10/site-packages/torchvision.libs/libz.81d90590.so.1
73b451b77000-73b451b85000 r-xp 00003000 00:6a 10163490                   /home/ubuntu/.local/lib/python3.10/site-packages/torchvision.libs/libz.81d90590.so.1
73b451b85000-73b451b8c000 r--p 00011000 00:6a 10163490                   /home/ubuntu/.local/lib/python3.10/site-packages/torchvision.libs/libz.81d90590.so.1
73b451b8c000-73b451b8d000 r--p 00017000 00:6a 10163490                   /home/ubuntu/.local/lib/python3.10/site-packages/torchvision.libs/libz.81d90590.so.1
73b451b8d000-73b451b8e000 rw-p 00018000 00:6a 10163490                   /home/ubuntu/.local/lib/python3.10/site-packages/torchvision.libs/libz.81d90590.so.1
73b451b8e000-73b451b90000 r--p 00000000 00:6a 9914557                    /usr/lib/x86_64-linux-gnu/libfribidi.so.0.4.0
73b451b90000-73b451b93000 r-xp 00002000 00:6a 9914557                    /usr/lib/x86_64-linux-gnu/libfribidi.so.0.4.0
73b451b93000-73b451ba8000 r--p 00005000 00:6a 9914557                    /usr/lib/x86_64-linux-gnu/libfribidi.so.0.4.0
73b451ba8000-73b451ba9000 r--p 00019000 00:6a 9914557                    /usr/lib/x86_64-linux-gnu/libfribidi.so.0.4.0
73b451ba9000-73b451baa000 rw-p 0001a000 00:6a 9914557                    /usr/lib/x86_64-linux-gnu/libfribidi.so.0.4.0
73b451baa000-73b451c00000 r--s 00000000 08:00 45646348                   /home/ubuntu/tbazzocchi/FRAG/MedRAG/corpus/wikipedia/index/bm25/_10.nvd
73b451c00000-73b451f15000 r--s 00000000 08:00 45646598                   /home/ubuntu/tbazzocchi/FRAG/MedRAG/corpus/wikipedia/index/bm25/_y.fdt
73b451f15000-73b451f1a000 r--p 00000000 00:6a 10100099                   /home/ubuntu/.local/lib/python3.10/site-packages/pillow.libs/libpng16-d00bd151.so.16.49.0
73b451f1a000-73b451f4c000 r-xp 00005000 00:6a 10100099                   /home/ubuntu/.local/lib/python3.10/site-packages/pillow.libs/libpng16-d00bd151.so.16.49.0
73b451f4c000-73b451f56000 r--p 00037000 00:6a 10100099                   /home/ubuntu/.local/lib/python3.10/site-packages/pillow.libs/libpng16-d00bd151.so.16.49.0
73b451f56000-73b451f57000 r--p 00040000 00:6a 10100099                   /home/ubuntu/.local/lib/python3.10/site-packages/pillow.libs/libpng16-d00bd151.so.16.49.0
73b451f57000-73b451f58000 rw-p 00041000 00:6a 10100099                   /home/ubuntu/.local/lib/python3.10/site-packages/pillow.libs/libpng16-d00bd151.so.16.49.0
73b451f58000-73b451f5a000 rw-p 00042000 00:6a 10100099                   /home/ubuntu/.local/lib/python3.10/site-packages/pillow.libs/libpng16-d00bd151.so.16.49.0
73b451f5a000-73b452000000 r--s 00000000 08:00 45646359                   /home/ubuntu/tbazzocchi/FRAG/MedRAG/corpus/wikipedia/index/bm25/_u.nvd
73b452000000-73b458000000 ---p 00000000 00:00 0 
73b458000000-73b458021000 rw-p 00000000 00:00 0 
73b458021000-73b45c000000 ---p 00000000 00:00 0 
73b45c012000-73b45c013000 r--p 00000000 00:6a 10100091                   /home/ubuntu/.local/lib/python3.10/site-packages/pillow.libs/libbrotlicommon-c55a5f7a.so.1.1.0
73b45c013000-73b45c014000 r-xp 00001000 00:6a 10100091                   /home/ubuntu/.local/lib/python3.10/site-packages/pillow.libs/libbrotlicommon-c55a5f7a.so.1.1.0
73b45c014000-73b45c033000 r--p 00002000 00:6a 10100091                   /home/ubuntu/.local/lib/python3.10/site-packages/pillow.libs/libbrotlicommon-c55a5f7a.so.1.1.0
73b45c033000-73b45c034000 r--p 00021000 00:6a 10100091                   /home/ubuntu/.local/lib/python3.10/site-packages/pillow.libs/libbrotlicommon-c55a5f7a.so.1.1.0
73b45c034000-73b45c035000 rw-p 00022000 00:6a 10100091                   /home/ubuntu/.local/lib/python3.10/site-packages/pillow.libs/libbrotlicommon-c55a5f7a.so.1.1.0
73b45c035000-73b45c036000 rw-p 00023000 00:6a 10100091                   /home/ubuntu/.local/lib/python3.10/site-packages/pillow.libs/libbrotlicommon-c55a5f7a.so.1.1.0
73b45c036000-73b45c073000 r--s 00000000 08:00 45646355                   /home/ubuntu/tbazzocchi/FRAG/MedRAG/corpus/wikipedia/index/bm25/_10_Lucene90_0.tip
73b45c073000-73b45c0da000 r--s 00000000 08:00 45646366                   /home/ubuntu/tbazzocchi/FRAG/MedRAG/corpus/wikipedia/index/bm25/_u_Lucene90_0.tip
73b45c0da000-73b45c10d000 r--s 00000000 08:00 45646374                   /home/ubuntu/tbazzocchi/FRAG/MedRAG/corpus/wikipedia/index/bm25/_11.nvd
73b45c10d000-73b45c17b000 r--s 00000000 08:00 45646389                   /home/ubuntu/tbazzocchi/FRAG/MedRAG/corpus/wikipedia/index/bm25/_w.nvd
73b45c17b000-73b45c2a6000 r--s 00000000 08:00 45646404                   /home/ubuntu/tbazzocchi/FRAG/MedRAG/corpus/wikipedia/index/bm25/_p.nvd
73b45c2a6000-73b45c342000 r--s 00000000 08:00 45646415                   /home/ubuntu/tbazzocchi/FRAG/MedRAG/corpus/wikipedia/index/bm25/_p_Lucene90_0.tip
73b45c342000-73b45c400000 r--s 00000000 08:00 45646440                   /home/ubuntu/tbazzocchi/FRAG/MedRAG/corpus/wikipedia/index/bm25/_t.nvd
73b45c400000-73b45e94d000 r--s 00000000 08:00 45646371                   /home/ubuntu/tbazzocchi/FRAG/MedRAG/corpus/wikipedia/index/bm25/_y_Lucene90_0.doc
73b45e952000-73b45e953000 r--p 00000000 00:6a 10100092                   /home/ubuntu/.local/lib/python3.10/site-packages/pillow.libs/libbrotlidec-2ced2f3a.so.1.1.0
73b45e953000-73b45e95c000 r-xp 00001000 00:6a 10100092                   /home/ubuntu/.local/lib/python3.10/site-packages/pillow.libs/libbrotlidec-2ced2f3a.so.1.1.0
73b45e95c000-73b45e95f000 r--p 0000a000 00:6a 10100092                   /home/ubuntu/.local/lib/python3.10/site-packages/pillow.libs/libbrotlidec-2ced2f3a.so.1.1.0
73b45e95f000-73b45e960000 r--p 0000c000 00:6a 10100092                   /home/ubuntu/.local/lib/python3.10/site-packages/pillow.libs/libbrotlidec-2ced2f3a.so.1.1.0
73b45e960000-73b45e961000 rw-p 0000d000 00:6a 10100092                   /home/ubuntu/.local/lib/python3.10/site-packages/pillow.libs/libbrotlidec-2ced2f3a.so.1.1.0
73b45e961000-73b45e962000 rw-p 0000e000 00:6a 10100092                   /home/ubuntu/.local/lib/python3.10/site-packages/pillow.libs/libbrotlidec-2ced2f3a.so.1.1.0
73b45e962000-73b45e963000 rw-p 0000f000 00:6a 10100092                   /home/ubuntu/.local/lib/python3.10/site-packages/pillow.libs/libbrotlidec-2ced2f3a.so.1.1.0
73b45e963000-73b45e967000 r--p 00000000 00:6a 10100071                   /home/ubuntu/.local/lib/python3.10/site-packages/PIL/_imagingft.cpython-310-x86_64-linux-gnu.so
73b45e967000-73b45e970000 r-xp 00004000 00:6a 10100071                   /home/ubuntu/.local/lib/python3.10/site-packages/PIL/_imagingft.cpython-310-x86_64-linux-gnu.so
73b45e970000-73b45e972000 r--p 0000d000 00:6a 10100071                   /home/ubuntu/.local/lib/python3.10/site-packages/PIL/_imagingft.cpython-310-x86_64-linux-gnu.so
73b45e972000-73b45e973000 r--p 0000f000 00:6a 10100071                   /home/ubuntu/.local/lib/python3.10/site-packages/PIL/_imagingft.cpython-310-x86_64-linux-gnu.so
73b45e973000-73b45e974000 rw-p 00010000 00:6a 10100071                   /home/ubuntu/.local/lib/python3.10/site-packages/PIL/_imagingft.cpython-310-x86_64-linux-gnu.so
73b45e974000-73b45e975000 rw-p 00047000 00:6a 10100071                   /home/ubuntu/.local/lib/python3.10/site-packages/PIL/_imagingft.cpython-310-x86_64-linux-gnu.so
73b45e975000-73b45e976000 rw-p 00048000 00:6a 10100071                   /home/ubuntu/.local/lib/python3.10/site-packages/PIL/_imagingft.cpython-310-x86_64-linux-gnu.so
73b45e976000-73b45e9cc000 r--s 00000000 08:00 45646419                   /home/ubuntu/tbazzocchi/FRAG/MedRAG/corpus/wikipedia/index/bm25/_z.nvd
73b45e9cc000-73b45ea7d000 r--p 00000000 00:6a 10237031                   /home/ubuntu/.local/lib/python3.10/site-packages/onnxruntime/capi/onnxruntime_pybind11_state.cpython-310-x86_64-linux-gnu.so
73b45ea7d000-73b45fbb8000 r-xp 000b1000 00:6a 10237031                   /home/ubuntu/.local/lib/python3.10/site-packages/onnxruntime/capi/onnxruntime_pybind11_state.cpython-310-x86_64-linux-gnu.so
73b45fbb8000-73b45ffb6000 r--p 011ec000 00:6a 10237031                   /home/ubuntu/.local/lib/python3.10/site-packages/onnxruntime/capi/onnxruntime_pybind11_state.cpython-310-x86_64-linux-gnu.so
73b45ffb6000-73b45fff6000 r--p 015ea000 00:6a 10237031                   /home/ubuntu/.local/lib/python3.10/site-packages/onnxruntime/capi/onnxruntime_pybind11_state.cpython-310-x86_64-linux-gnu.so
73b45fff6000-73b45fff9000 rw-p 0162a000 00:6a 10237031                   /home/ubuntu/.local/lib/python3.10/site-packages/onnxruntime/capi/onnxruntime_pybind11_state.cpython-310-x86_64-linux-gnu.so
73b45fff9000-73b460000000 rw-p 00000000 00:00 0 
73b460000000-73b4600cd000 rw-p 00000000 00:00 0 
73b4600cd000-73b464000000 ---p 00000000 00:00 0 
73b464000000-73b465142000 rw-p 00000000 00:00 0 
73b465142000-73b468000000 ---p 00000000 00:00 0 
73b468000000-73b468223000 rw-p 00000000 00:00 0 
73b468223000-73b46c000000 ---p 00000000 00:00 0 
73b46c000000-73b46c110000 rw-p 00000000 00:00 0 
73b46c110000-73b470000000 ---p 00000000 00:00 0 
73b470000000-73b470021000 rw-p 00000000 00:00 0 
73b470021000-73b474000000 ---p 00000000 00:00 0 
73b474000000-73b4741c3000 rw-p 00000000 00:00 0 
73b4741c3000-73b478000000 ---p 00000000 00:00 0 
73b478000000-73b478021000 rw-p 00000000 00:00 0 
73b478021000-73b47c000000 ---p 00000000 00:00 0 
73b47c000000-73b47c021000 rw-p 00000000 00:00 0 
73b47c021000-73b480000000 ---p 00000000 00:00 0 
73b480000000-73b48014f000 rw-p 00000000 00:00 0 
73b48014f000-73b484000000 ---p 00000000 00:00 0 
73b484000000-73b484021000 rw-p 00000000 00:00 0 
73b484021000-73b488000000 ---p 00000000 00:00 0 
73b488000000-73b488021000 rw-p 00000000 00:00 0 
73b488021000-73b48c000000 ---p 00000000 00:00 0 
73b48c000000-73b48d7d5000 rw-p 00000000 00:00 0 
73b48d7d5000-73b490000000 ---p 00000000 00:00 0 
73b490000000-73b490021000 rw-p 00000000 00:00 0 
73b490021000-73b494000000 ---p 00000000 00:00 0 
73b494000000-73b494021000 rw-p 00000000 00:00 0 
73b494021000-73b498000000 ---p 00000000 00:00 0 
73b498000000-73b498021000 rw-p 00000000 00:00 0 
73b498021000-73b49c000000 ---p 00000000 00:00 0 
73b49c000000-73b49c021000 rw-p 00000000 00:00 0 
73b49c021000-73b4a0000000 ---p 00000000 00:00 0 
73b4a0000000-73b4a0021000 rw-p 00000000 00:00 0 
73b4a0021000-73b4a4000000 ---p 00000000 00:00 0 
73b4a4000000-73b4a4009000 r--p 00000000 00:00 0 
73b4a4009000-73b4a4055000 r--s 00000000 08:00 45646400                   /home/ubuntu/tbazzocchi/FRAG/MedRAG/corpus/wikipedia/index/bm25/_w_Lucene90_0.tip
73b4a4055000-73b4a4093000 r--s 00000000 08:00 45646430                   /home/ubuntu/tbazzocchi/FRAG/MedRAG/corpus/wikipedia/index/bm25/_z_Lucene90_0.tip
73b4a4093000-73b4a4106000 r--s 00000000 08:00 45646447                   /home/ubuntu/tbazzocchi/FRAG/MedRAG/corpus/wikipedia/index/bm25/_t_Lucene90_0.tip
73b4a4106000-73b4a41a0000 r--s 00000000 08:00 45646455                   /home/ubuntu/tbazzocchi/FRAG/MedRAG/corpus/wikipedia/index/bm25/_v.nvd
73b4a41a0000-73b4a4200000 r--s 00000000 08:00 45646307                   /home/ubuntu/tbazzocchi/FRAG/MedRAG/corpus/wikipedia/index/bm25/_v_Lucene90_0.tip
73b4a4200000-73b4a4a1a000 r--s 00000000 08:00 45646380                   /home/ubuntu/tbazzocchi/FRAG/MedRAG/corpus/wikipedia/index/bm25/_y_Lucene90_0.tim
73b4a4a1a000-73b4a4a1c000 r--p 00000000 00:6a 10045270                   /usr/lib/python3.10/lib-dynload/_lsprof.cpython-310-x86_64-linux-gnu.so
73b4a4a1c000-73b4a4a1f000 r-xp 00002000 00:6a 10045270                   /usr/lib/python3.10/lib-dynload/_lsprof.cpython-310-x86_64-linux-gnu.so
73b4a4a1f000-73b4a4a21000 r--p 00005000 00:6a 10045270                   /usr/lib/python3.10/lib-dynload/_lsprof.cpython-310-x86_64-linux-gnu.so
73b4a4a21000-73b4a4a22000 r--p 00006000 00:6a 10045270                   /usr/lib/python3.10/lib-dynload/_lsprof.cpython-310-x86_64-linux-gnu.so
73b4a4a22000-73b4a4a23000 rw-p 00007000 00:6a 10045270                   /usr/lib/python3.10/lib-dynload/_lsprof.cpython-310-x86_64-linux-gnu.so
73b4a4a23000-73b4a4a33000 rw-p 00000000 00:00 0 
73b4a4a33000-73b4a4a97000 r--s 00000000 08:00 45646327                   /home/ubuntu/tbazzocchi/FRAG/MedRAG/corpus/wikipedia/index/bm25/_y.nvd
73b4a4a97000-73b4a4add000 r--s 00000000 08:00 45646381                   /home/ubuntu/tbazzocchi/FRAG/MedRAG/corpus/wikipedia/index/bm25/_y_Lucene90_0.tip
73b4a4add000-73b4a4bdd000 rw-p 00000000 00:00 0 
73b4a4bdd000-73b4a5dfe000 ---p 00000000 00:00 0 
73b4a5dfe000-73b4a5dff000 ---p 00000000 00:00 0 
73b4a5dff000-73b4a65ff000 rw-p 00000000 00:00 0 
73b4a65ff000-73b4a66ff000 rw-p 00000000 00:00 0 
73b4a66ff000-73b4a6703000 ---p 00000000 00:00 0 
73b4a6703000-73b4a67ff000 rw-p 00000000 00:00 0 
73b4a67ff000-73b4a6803000 ---p 00000000 00:00 0 
73b4a6803000-73b4a68ff000 rw-p 00000000 00:00 0 
73b4a68ff000-73b4a6903000 ---p 00000000 00:00 0 
73b4a6903000-73b4a69ff000 rw-p 00000000 00:00 0 
73b4a69ff000-73b4a6a03000 ---p 00000000 00:00 0 
73b4a6a03000-73b4a6aff000 rw-p 00000000 00:00 0 
73b4a6aff000-73b4a6b03000 ---p 00000000 00:00 0 
73b4a6b03000-73b4a6bff000 rw-p 00000000 00:00 0 
73b4a6bff000-73b4a6c03000 ---p 00000000 00:00 0 
73b4a6c03000-73b4a6cff000 rw-p 00000000 00:00 0 
73b4a6cff000-73b4a6d03000 ---p 00000000 00:00 0 
73b4a6d03000-73b4a6dff000 rw-p 00000000 00:00 0 
73b4a6dff000-73b4a6eff000 rw-p 00000000 00:00 0 
73b4a6eff000-73b4a6f00000 ---p 00000000 00:00 0 
73b4a6f00000-73b4a7000000 rw-p 00000000 00:00 0 
73b4a7000000-73b4a73f0000 rw-p 00000000 00:00 0 
73b4a73f0000-73b4a78f0000 rw-p 00000000 00:00 0 
73b4a78f0000-73b4a7ef0000 rw-p 00000000 00:00 0 
73b4a7ef0000-73b4a7f70000 rw-p 00000000 00:00 0 
73b4a7f70000-73b4a8000000 ---p 00000000 00:00 0 
73b4a8000000-73b4a80d0000 rw-p 00000000 00:00 0 
73b4a80d0000-73b4ab000000 ---p 00000000 00:00 0 
73b4ab000000-73b4ab455000 rw-p 00001000 00:6a 10553192                   /usr/lib/jvm/java-17-openjdk-amd64/lib/server/classes.jsa
73b4ab455000-73b4abbca000 rw-p 00456000 00:6a 10553192                   /usr/lib/jvm/java-17-openjdk-amd64/lib/server/classes.jsa
73b4abbca000-73b4ac000000 ---p 00000000 00:00 0 
73b4ac000000-73b4ac030000 rw-p 00000000 00:00 0 
73b4ac030000-73b4ac070000 rw-p 00000000 00:00 0 
73b4ac070000-73b4ac0d0000 rw-p 00000000 00:00 0 
73b4ac0d0000-73b4ac130000 rw-p 00000000 00:00 0 
73b4ac130000-73b4ac230000 rw-p 00000000 00:00 0 
73b4ac230000-73b4ec000000 ---p 00000000 00:00 0 
73b4ec000000-73b4ec021000 rw-p 00000000 00:00 0 
73b4ec021000-73b4f0000000 ---p 00000000 00:00 0 
73b4f0000000-73b4f0021000 rw-p 00000000 00:00 0 
73b4f0021000-73b4f4000000 ---p 00000000 00:00 0 
73b4f4000000-73b4f4021000 rw-p 00000000 00:00 0 
73b4f4021000-73b4f8000000 ---p 00000000 00:00 0 
73b4f8000000-73b4f8021000 rw-p 00000000 00:00 0 
73b4f8021000-73b4fc000000 ---p 00000000 00:00 0 
73b4fc000000-73b4fc021000 rw-p 00000000 00:00 0 
73b4fc021000-73b500000000 ---p 00000000 00:00 0 
73b500005000-73b500018000 r--s 00000000 08:00 45646332                   /home/ubuntu/tbazzocchi/FRAG/MedRAG/corpus/wikipedia/index/bm25/_12.nvd
73b500018000-73b50002d000 r--s 00000000 08:00 45646342                   /home/ubuntu/tbazzocchi/FRAG/MedRAG/corpus/wikipedia/index/bm25/_12_Lucene90_0.tip
73b50002d000-73b500031000 ---p 00000000 00:00 0 
73b500031000-73b50012d000 rw-p 00000000 00:00 0 
73b50012d000-73b500131000 ---p 00000000 00:00 0 
73b500131000-73b50022d000 rw-p 00000000 00:00 0 
73b50022d000-73b500231000 ---p 00000000 00:00 0 
73b500231000-73b50032d000 rw-p 00000000 00:00 0 
73b50032d000-73b500331000 ---p 00000000 00:00 0 
73b500331000-73b50042d000 rw-p 00000000 00:00 0 
73b50042d000-73b500431000 ---p 00000000 00:00 0 
73b500431000-73b50052d000 rw-p 00000000 00:00 0 
73b50052d000-73b500531000 ---p 00000000 00:00 0 
73b500531000-73b50062d000 rw-p 00000000 00:00 0 
73b50062d000-73b500631000 ---p 00000000 00:00 0 
73b500631000-73b50072d000 rw-p 00000000 00:00 0 
73b50072d000-73b500731000 ---p 00000000 00:00 0 
73b500731000-73b50082d000 rw-p 00000000 00:00 0 
73b50082d000-73b500831000 ---p 00000000 00:00 0 
73b500831000-73b50092d000 rw-p 00000000 00:00 0 
73b50092d000-73b50092e000 ---p 00000000 00:00 0 
73b50092e000-73b500a2e000 rw-p 00000000 00:00 0 
73b500a2e000-73b500a33000 r--p 00000000 00:6a 10553174                   /usr/lib/jvm/java-17-openjdk-amd64/lib/libjsvml.so
73b500a33000-73b500a74000 r-xp 00005000 00:6a 10553174                   /usr/lib/jvm/java-17-openjdk-amd64/lib/libjsvml.so
73b500a74000-73b500afd000 r--p 00046000 00:6a 10553174                   /usr/lib/jvm/java-17-openjdk-amd64/lib/libjsvml.so
73b500afd000-73b500afe000 r--p 000ce000 00:6a 10553174                   /usr/lib/jvm/java-17-openjdk-amd64/lib/libjsvml.so
73b500afe000-73b500aff000 rw-p 000cf000 00:6a 10553174                   /usr/lib/jvm/java-17-openjdk-amd64/lib/libjsvml.so
73b500aff000-73b500b00000 ---p 00000000 00:00 0 
73b500b00000-73b500c00000 rw-p 00000000 00:00 0 
73b500c00000-73b502c00000 rw-p 00000000 00:00 0 
73b502c04000-73b502c05000 r--p 00000000 00:6a 10163491                   /home/ubuntu/.local/lib/python3.10/site-packages/torchvision.libs/libsharpyuv.0032f495.so.0
73b502c05000-73b502c0a000 r-xp 00001000 00:6a 10163491                   /home/ubuntu/.local/lib/python3.10/site-packages/torchvision.libs/libsharpyuv.0032f495.so.0
73b502c0a000-73b502c0b000 r--p 00006000 00:6a 10163491                   /home/ubuntu/.local/lib/python3.10/site-packages/torchvision.libs/libsharpyuv.0032f495.so.0
73b502c0b000-73b502c0c000 r--p 00006000 00:6a 10163491                   /home/ubuntu/.local/lib/python3.10/site-packages/torchvision.libs/libsharpyuv.0032f495.so.0
73b502c0c000-73b502c0d000 rw-p 00007000 00:6a 10163491                   /home/ubuntu/.local/lib/python3.10/site-packages/torchvision.libs/libsharpyuv.0032f495.so.0
73b502c0d000-73b502c0e000 rw-p 00000000 00:00 0 
73b502c0e000-73b502c38000 r--s 00000000 08:00 45646385                   /home/ubuntu/tbazzocchi/FRAG/MedRAG/corpus/wikipedia/index/bm25/_11_Lucene90_0.tip
73b502c38000-73b502c39000 ---p 00000000 00:00 0 
73b502c39000-73b502d39000 rw-p 00000000 00:00 0 
73b502d39000-73b502d3a000 ---p 00000000 00:00 0 
73b502d3a000-73b502e3a000 rw-p 00000000 00:00 0 
73b502e3a000-73b502e3b000 ---p 00000000 00:00 0 
73b502e3b000-73b502f3b000 rw-p 00000000 00:00 0 
73b502f3b000-73b502f3c000 ---p 00000000 00:00 0 
73b502f3c000-73b50303c000 rw-p 00000000 00:00 0 
73b50303c000-73b505130000 rw-p 00000000 00:00 0 
73b505130000-73b521030000 ---p 00000000 00:00 0 
73b521030000-73b5230b0000 rw-p 00000000 00:00 0 
73b5230b0000-73b53efb0000 ---p 00000000 00:00 0 
73b53efb0000-73b53f430000 rw-p 00000000 00:00 0 
73b53f430000-73b542c10000 ---p 00000000 00:00 0 
73b542c10000-73b543020000 rw-p 00000000 00:00 0 
73b543020000-73b546800000 ---p 00000000 00:00 0 
73b546800000-73b546c10000 rw-p 00000000 00:00 0 
73b546c10000-73b54a3f0000 ---p 00000000 00:00 0 
73b54a3f0000-73b54a400000 rw-p 00000000 00:00 0 
73b54a400000-73b54a880000 rwxp 00000000 00:00 0 
73b54a880000-73b55185f000 ---p 00000000 00:00 0 
73b55185f000-73b551b5f000 rwxp 00000000 00:00 0 
73b551b5f000-73b551fa0000 ---p 00000000 00:00 0 
73b551fa0000-73b552230000 rwxp 00000000 00:00 0 
73b552230000-73b559400000 ---p 00000000 00:00 0 
73b559400000-73b559410000 -w-s 00000000 00:05 1199                       /dev/nvidia0
73b559410000-73b559416000 rw-p 00000000 00:00 0 
73b559416000-73b5594f9000 ---p 00000000 00:00 0 
73b5594f9000-73b559502000 rw-p 00000000 00:00 0 
73b559502000-73b5595e2000 ---p 00000000 00:00 0 
73b5595e2000-73b561097000 r--s 00000000 00:6a 10553189                   /usr/lib/jvm/java-17-openjdk-amd64/lib/modules
73b561097000-73b5612e8000 r--p 00000000 00:6a 10553195                   /usr/lib/jvm/java-17-openjdk-amd64/lib/server/libjvm.so
73b5612e8000-73b56205d000 r-xp 00251000 00:6a 10553195                   /usr/lib/jvm/java-17-openjdk-amd64/lib/server/libjvm.so
73b56205d000-73b5622e0000 r--p 00fc6000 00:6a 10553195                   /usr/lib/jvm/java-17-openjdk-amd64/lib/server/libjvm.so
73b5622e0000-73b5622e1000 ---p 01249000 00:6a 10553195                   /usr/lib/jvm/java-17-openjdk-amd64/lib/server/libjvm.so
73b5622e1000-73b562399000 r--p 01249000 00:6a 10553195                   /usr/lib/jvm/java-17-openjdk-amd64/lib/server/libjvm.so
73b562399000-73b5623ce000 rw-p 01301000 00:6a 10553195                   /usr/lib/jvm/java-17-openjdk-amd64/lib/server/libjvm.so
73b5623ce000-73b562728000 rw-p 00000000 00:00 0 
73b562728000-73b562856000 r--p 00000000 00:6a 10171480                   /home/ubuntu/.local/lib/python3.10/site-packages/faiss/_swigfaiss_avx2.cpython-310-x86_64-linux-gnu.so
73b562856000-73b56285a000 r-xp 0012e000 00:6a 10171480                   /home/ubuntu/.local/lib/python3.10/site-packages/faiss/_swigfaiss_avx2.cpython-310-x86_64-linux-gnu.so
73b56285a000-73b562860000 ---p 00132000 00:6a 10171480                   /home/ubuntu/.local/lib/python3.10/site-packages/faiss/_swigfaiss_avx2.cpython-310-x86_64-linux-gnu.so
73b562860000-73b56458d000 r-xp 00138000 00:6a 10171480                   /home/ubuntu/.local/lib/python3.10/site-packages/faiss/_swigfaiss_avx2.cpython-310-x86_64-linux-gnu.so
73b56458d000-73b564814000 r--p 01e65000 00:6a 10171480                   /home/ubuntu/.local/lib/python3.10/site-packages/faiss/_swigfaiss_avx2.cpython-310-x86_64-linux-gnu.so
73b564814000-73b564823000 r--p 020eb000 00:6a 10171480                   /home/ubuntu/.local/lib/python3.10/site-packages/faiss/_swigfaiss_avx2.cpython-310-x86_64-linux-gnu.so
73b564823000-73b564864000 rw-p 020fa000 00:6a 10171480                   /home/ubuntu/.local/lib/python3.10/site-packages/faiss/_swigfaiss_avx2.cpython-310-x86_64-linux-gnu.so
73b564864000-73b564870000 rw-p 00000000 00:00 0 
73b564870000-73b5648c1000 rw-p 0213c000 00:6a 10171480                   /home/ubuntu/.local/lib/python3.10/site-packages/faiss/_swigfaiss_avx2.cpython-310-x86_64-linux-gnu.so
73b5648c1000-73b5648ff000 rw-p 0218d000 00:6a 10171480                   /home/ubuntu/.local/lib/python3.10/site-packages/faiss/_swigfaiss_avx2.cpython-310-x86_64-linux-gnu.so
73b5648ff000-73b566200000 rw-p 00000000 00:00 0 
73b566200000-73b566239000 r-xp 00000000 00:6a 11013269                   /home/ubuntu/.local/lib/python3.10/site-packages/kiwisolver/_cext.cpython-310-x86_64-linux-gnu.so
73b566239000-73b566438000 ---p 00039000 00:6a 11013269                   /home/ubuntu/.local/lib/python3.10/site-packages/kiwisolver/_cext.cpython-310-x86_64-linux-gnu.so
73b566438000-73b566439000 r--p 00038000 00:6a 11013269                   /home/ubuntu/.local/lib/python3.10/site-packages/kiwisolver/_cext.cpython-310-x86_64-linux-gnu.so
73b566439000-73b56643a000 rw-p 00039000 00:6a 11013269                   /home/ubuntu/.local/lib/python3.10/site-packages/kiwisolver/_cext.cpython-310-x86_64-linux-gnu.so
73b56643a000-73b56643b000 rw-p 00000000 00:00 0 
73b56643e000-73b566440000 r--p 00000000 00:6a 10553188                   /usr/lib/jvm/java-17-openjdk-amd64/lib/libzip.so
73b566440000-73b566445000 r-xp 00002000 00:6a 10553188                   /usr/lib/jvm/java-17-openjdk-amd64/lib/libzip.so
73b566445000-73b566447000 r--p 00007000 00:6a 10553188                   /usr/lib/jvm/java-17-openjdk-amd64/lib/libzip.so
73b566447000-73b566448000 r--p 00008000 00:6a 10553188                   /usr/lib/jvm/java-17-openjdk-amd64/lib/libzip.so
73b566448000-73b566449000 rw-p 00009000 00:6a 10553188                   /usr/lib/jvm/java-17-openjdk-amd64/lib/libzip.so
73b566449000-73b56644d000 r--p 00000000 00:6a 10553180                   /usr/lib/jvm/java-17-openjdk-amd64/lib/libnet.so
73b56644d000-73b56645b000 r-xp 00004000 00:6a 10553180                   /usr/lib/jvm/java-17-openjdk-amd64/lib/libnet.so
73b56645b000-73b56645f000 r--p 00012000 00:6a 10553180                   /usr/lib/jvm/java-17-openjdk-amd64/lib/libnet.so
73b56645f000-73b566460000 r--p 00015000 00:6a 10553180                   /usr/lib/jvm/java-17-openjdk-amd64/lib/libnet.so
73b566460000-73b566461000 rw-p 00016000 00:6a 10553180                   /usr/lib/jvm/java-17-openjdk-amd64/lib/libnet.so
73b566461000-73b56646b000 r--p 00000000 00:6a 10171408                   /home/ubuntu/.local/lib/python3.10/site-packages/jnius/jnius.cpython-310-x86_64-linux-gnu.so
73b56646b000-73b5664e6000 r-xp 0000a000 00:6a 10171408                   /home/ubuntu/.local/lib/python3.10/site-packages/jnius/jnius.cpython-310-x86_64-linux-gnu.so
73b5664e6000-73b5664f5000 r--p 00085000 00:6a 10171408                   /home/ubuntu/.local/lib/python3.10/site-packages/jnius/jnius.cpython-310-x86_64-linux-gnu.so
73b5664f5000-73b5664f8000 r--p 00093000 00:6a 10171408                   /home/ubuntu/.local/lib/python3.10/site-packages/jnius/jnius.cpython-310-x86_64-linux-gnu.so
73b5664f8000-73b5664fc000 rw-p 00096000 00:6a 10171408                   /home/ubuntu/.local/lib/python3.10/site-packages/jnius/jnius.cpython-310-x86_64-linux-gnu.so
73b5664fc000-73b5664fd000 rw-p 00000000 00:00 0 
73b5664fd000-73b566516000 r--p 00000000 00:6a 11014157                   /home/ubuntu/.local/lib/python3.10/site-packages/matplotlib/ft2font.cpython-310-x86_64-linux-gnu.so
73b566516000-73b5665e3000 r-xp 00019000 00:6a 11014157                   /home/ubuntu/.local/lib/python3.10/site-packages/matplotlib/ft2font.cpython-310-x86_64-linux-gnu.so
73b5665e3000-73b566620000 r--p 000e6000 00:6a 11014157                   /home/ubuntu/.local/lib/python3.10/site-packages/matplotlib/ft2font.cpython-310-x86_64-linux-gnu.so
73b566620000-73b566627000 r--p 00122000 00:6a 11014157                   /home/ubuntu/.local/lib/python3.10/site-packages/matplotlib/ft2font.cpython-310-x86_64-linux-gnu.so
73b566627000-73b566628000 rw-p 00129000 00:6a 11014157                   /home/ubuntu/.local/lib/python3.10/site-packages/matplotlib/ft2font.cpython-310-x86_64-linux-gnu.so
73b566628000-73b566929000 rw-p 00000000 00:00 0 
73b566929000-73b566938000 r--p 00000000 00:6a 11014100                   /home/ubuntu/.local/lib/python3.10/site-packages/matplotlib/_image.cpython-310-x86_64-linux-gnu.so
73b566938000-73b566989000 r-xp 0000f000 00:6a 11014100                   /home/ubuntu/.local/lib/python3.10/site-packages/matplotlib/_image.cpython-310-x86_64-linux-gnu.so
73b566989000-73b56699a000 r--p 00060000 00:6a 11014100                   /home/ubuntu/.local/lib/python3.10/site-packages/matplotlib/_image.cpython-310-x86_64-linux-gnu.so
73b56699a000-73b56699b000 r--p 00070000 00:6a 11014100                   /home/ubuntu/.local/lib/python3.10/site-packages/matplotlib/_image.cpython-310-x86_64-linux-gnu.so
73b56699b000-73b56699c000 rw-p 00071000 00:6a 11014100                   /home/ubuntu/.local/lib/python3.10/site-packages/matplotlib/_image.cpython-310-x86_64-linux-gnu.so
73b56699c000-73b56699d000 rw-p 00000000 00:00 0 
73b56699d000-73b5669ac000 r--p 00000000 00:6a 11014106                   /home/ubuntu/.local/lib/python3.10/site-packages/matplotlib/_path.cpython-310-x86_64-linux-gnu.so
73b5669ac000-73b5669ec000 r-xp 0000f000 00:6a 11014106                   /home/ubuntu/.local/lib/python3.10/site-packages/matplotlib/_path.cpython-310-x86_64-linux-gnu.so
73b5669ec000-73b5669fc000 r--p 0004f000 00:6a 11014106                   /home/ubuntu/.local/lib/python3.10/site-packages/matplotlib/_path.cpython-310-x86_64-linux-gnu.so
73b5669fc000-73b5669fd000 ---p 0005f000 00:6a 11014106                   /home/ubuntu/.local/lib/python3.10/site-packages/matplotlib/_path.cpython-310-x86_64-linux-gnu.so
73b5669fd000-73b5669fe000 r--p 0005f000 00:6a 11014106                   /home/ubuntu/.local/lib/python3.10/site-packages/matplotlib/_path.cpython-310-x86_64-linux-gnu.so
73b5669fe000-73b5669ff000 rw-p 00060000 00:6a 11014106                   /home/ubuntu/.local/lib/python3.10/site-packages/matplotlib/_path.cpython-310-x86_64-linux-gnu.so
73b5669ff000-73b567200000 rw-p 00000000 00:00 0 
73b567200000-73b567203000 r-xp 00000000 00:6a 10100089                   /home/ubuntu/.local/lib/python3.10/site-packages/pillow.libs/libXau-154567c4.so.6.0.0
73b567203000-73b567402000 ---p 00003000 00:6a 10100089                   /home/ubuntu/.local/lib/python3.10/site-packages/pillow.libs/libXau-154567c4.so.6.0.0
73b567402000-73b567403000 r--p 00002000 00:6a 10100089                   /home/ubuntu/.local/lib/python3.10/site-packages/pillow.libs/libXau-154567c4.so.6.0.0
73b567403000-73b567404000 rw-p 00000000 00:00 0 
73b567404000-73b567405000 rw-p 00005000 00:6a 10100089                   /home/ubuntu/.local/lib/python3.10/site-packages/pillow.libs/libXau-154567c4.so.6.0.0
73b567405000-73b56740b000 r--s 00000000 08:00 45646521                   /home/ubuntu/tbazzocchi/FRAG/MedRAG/corpus/wikipedia/index/bm25/_s.fdx
73b56740b000-73b567412000 r--p 00000000 00:6a 10553181                   /usr/lib/jvm/java-17-openjdk-amd64/lib/libnio.so
73b567412000-73b56741b000 r-xp 00007000 00:6a 10553181                   /usr/lib/jvm/java-17-openjdk-amd64/lib/libnio.so
73b56741b000-73b56741f000 r--p 00010000 00:6a 10553181                   /usr/lib/jvm/java-17-openjdk-amd64/lib/libnio.so
73b56741f000-73b567420000 ---p 00014000 00:6a 10553181                   /usr/lib/jvm/java-17-openjdk-amd64/lib/libnio.so
73b567420000-73b567421000 r--p 00014000 00:6a 10553181                   /usr/lib/jvm/java-17-openjdk-amd64/lib/libnio.so
73b567421000-73b567422000 rw-p 00015000 00:6a 10553181                   /usr/lib/jvm/java-17-openjdk-amd64/lib/libnio.so
73b567422000-73b567428000 rw-p 00000000 00:00 0 
73b567428000-73b567431000 ---p 00000000 00:00 0 
73b567431000-73b56743d000 r--p 00000000 00:6a 10553167                   /usr/lib/jvm/java-17-openjdk-amd64/lib/libjava.so
73b56743d000-73b567450000 r-xp 0000c000 00:6a 10553167                   /usr/lib/jvm/java-17-openjdk-amd64/lib/libjava.so
73b567450000-73b567456000 r--p 0001f000 00:6a 10553167                   /usr/lib/jvm/java-17-openjdk-amd64/lib/libjava.so
73b567456000-73b567457000 r--p 00024000 00:6a 10553167                   /usr/lib/jvm/java-17-openjdk-amd64/lib/libjava.so
73b567457000-73b567458000 rw-p 00025000 00:6a 10553167                   /usr/lib/jvm/java-17-openjdk-amd64/lib/libjava.so
73b567458000-73b567459000 rw-p 00000000 00:00 0 
73b567459000-73b567466000 r--p 00000000 00:6a 11014086                   /home/ubuntu/.local/lib/python3.10/site-packages/matplotlib/_c_internal_utils.cpython-310-x86_64-linux-gnu.so
73b567466000-73b567480000 r-xp 0000d000 00:6a 11014086                   /home/ubuntu/.local/lib/python3.10/site-packages/matplotlib/_c_internal_utils.cpython-310-x86_64-linux-gnu.so
73b567480000-73b567489000 r--p 00027000 00:6a 11014086                   /home/ubuntu/.local/lib/python3.10/site-packages/matplotlib/_c_internal_utils.cpython-310-x86_64-linux-gnu.so
73b567489000-73b56748a000 r--p 0002f000 00:6a 11014086                   /home/ubuntu/.local/lib/python3.10/site-packages/matplotlib/_c_internal_utils.cpython-310-x86_64-linux-gnu.so
73b56748a000-73b56748b000 rw-p 00030000 00:6a 11014086                   /home/ubuntu/.local/lib/python3.10/site-packages/matplotlib/_c_internal_utils.cpython-310-x86_64-linux-gnu.so
73b56748b000-73b56758b000 rw-p 00000000 00:00 0 
73b56758b000-73b56758f000 r--p 00000000 00:6a 10100097                   /home/ubuntu/.local/lib/python3.10/site-packages/pillow.libs/liblzma-64b7ab39.so.5.8.1
73b56758f000-73b5675bc000 r-xp 00004000 00:6a 10100097                   /home/ubuntu/.local/lib/python3.10/site-packages/pillow.libs/liblzma-64b7ab39.so.5.8.1
73b5675bc000-73b5675c9000 r--p 00031000 00:6a 10100097                   /home/ubuntu/.local/lib/python3.10/site-packages/pillow.libs/liblzma-64b7ab39.so.5.8.1
73b5675c9000-73b5675ca000 r--p 0003e000 00:6a 10100097                   /home/ubuntu/.local/lib/python3.10/site-packages/pillow.libs/liblzma-64b7ab39.so.5.8.1
73b5675ca000-73b5675cb000 rw-p 0003f000 00:6a 10100097                   /home/ubuntu/.local/lib/python3.10/site-packages/pillow.libs/liblzma-64b7ab39.so.5.8.1
73b5675cb000-73b5675cd000 rw-p 00040000 00:6a 10100097                   /home/ubuntu/.local/lib/python3.10/site-packages/pillow.libs/liblzma-64b7ab39.so.5.8.1
73b5675cd000-73b5675d9000 r--p 00000000 00:6a 10100105                   /home/ubuntu/.local/lib/python3.10/site-packages/pillow.libs/libxcb-64009ff3.so.1.1.0
73b5675d9000-73b5675f4000 r-xp 0000c000 00:6a 10100105                   /home/ubuntu/.local/lib/python3.10/site-packages/pillow.libs/libxcb-64009ff3.so.1.1.0
73b5675f4000-73b5675fe000 r--p 00027000 00:6a 10100105                   /home/ubuntu/.local/lib/python3.10/site-packages/pillow.libs/libxcb-64009ff3.so.1.1.0
73b5675fe000-73b5675ff000 r--p 00030000 00:6a 10100105                   /home/ubuntu/.local/lib/python3.10/site-packages/pillow.libs/libxcb-64009ff3.so.1.1.0
73b5675ff000-73b567600000 rw-p 00031000 00:6a 10100105                   /home/ubuntu/.local/lib/python3.10/site-packages/pillow.libs/libxcb-64009ff3.so.1.1.0
73b567600000-73b567606000 rw-p 00033000 00:6a 10100105                   /home/ubuntu/.local/lib/python3.10/site-packages/pillow.libs/libxcb-64009ff3.so.1.1.0
73b567606000-73b56760b000 rw-p 00039000 00:6a 10100105                   /home/ubuntu/.local/lib/python3.10/site-packages/pillow.libs/libxcb-64009ff3.so.1.1.0
73b56760b000-73b567613000 r--p 00000000 00:6a 10100098                   /home/ubuntu/.local/lib/python3.10/site-packages/pillow.libs/libopenjp2-56811f71.so.2.5.3
73b567613000-73b567682000 r-xp 00008000 00:6a 10100098                   /home/ubuntu/.local/lib/python3.10/site-packages/pillow.libs/libopenjp2-56811f71.so.2.5.3
73b567682000-73b567695000 r--p 00077000 00:6a 10100098                   /home/ubuntu/.local/lib/python3.10/site-packages/pillow.libs/libopenjp2-56811f71.so.2.5.3
73b567695000-73b567696000 r--p 0008a000 00:6a 10100098                   /home/ubuntu/.local/lib/python3.10/site-packages/pillow.libs/libopenjp2-56811f71.so.2.5.3
73b567696000-73b567697000 rw-p 0008b000 00:6a 10100098                   /home/ubuntu/.local/lib/python3.10/site-packages/pillow.libs/libopenjp2-56811f71.so.2.5.3
73b567697000-73b56769a000 rw-p 0008d000 00:6a 10100098                   /home/ubuntu/.local/lib/python3.10/site-packages/pillow.libs/libopenjp2-56811f71.so.2.5.3
73b56769a000-73b5676a0000 r--p 00000000 00:6a 10100095                   /home/ubuntu/.local/lib/python3.10/site-packages/pillow.libs/libjpeg-8a13c6e0.so.62.4.0
73b5676a0000-73b567737000 r-xp 00006000 00:6a 10100095                   /home/ubuntu/.local/lib/python3.10/site-packages/pillow.libs/libjpeg-8a13c6e0.so.62.4.0
73b567737000-73b567760000 r--p 0009d000 00:6a 10100095                   /home/ubuntu/.local/lib/python3.10/site-packages/pillow.libs/libjpeg-8a13c6e0.so.62.4.0
73b567760000-73b567761000 r--p 000c6000 00:6a 10100095                   /home/ubuntu/.local/lib/python3.10/site-packages/pillow.libs/libjpeg-8a13c6e0.so.62.4.0
73b567761000-73b567762000 rw-p 000c7000 00:6a 10100095                   /home/ubuntu/.local/lib/python3.10/site-packages/pillow.libs/libjpeg-8a13c6e0.so.62.4.0
73b567762000-73b567764000 rw-p 000c8000 00:6a 10100095                   /home/ubuntu/.local/lib/python3.10/site-packages/pillow.libs/libjpeg-8a13c6e0.so.62.4.0
73b567764000-73b567766000 rw-p 000ca000 00:6a 10100095                   /home/ubuntu/.local/lib/python3.10/site-packages/pillow.libs/libjpeg-8a13c6e0.so.62.4.0
73b567766000-73b56776e000 r--p 00000000 00:6a 10100101                   /home/ubuntu/.local/lib/python3.10/site-packages/pillow.libs/libtiff-13a02c81.so.6.1.0
73b56776e000-73b5677e1000 r-xp 00008000 00:6a 10100101                   /home/ubuntu/.local/lib/python3.10/site-packages/pillow.libs/libtiff-13a02c81.so.6.1.0
73b5677e1000-73b567813000 r--p 0007b000 00:6a 10100101                   /home/ubuntu/.local/lib/python3.10/site-packages/pillow.libs/libtiff-13a02c81.so.6.1.0
73b567813000-73b567817000 r--p 000ad000 00:6a 10100101                   /home/ubuntu/.local/lib/python3.10/site-packages/pillow.libs/libtiff-13a02c81.so.6.1.0
73b567817000-73b567818000 rw-p 000b1000 00:6a 10100101                   /home/ubuntu/.local/lib/python3.10/site-packages/pillow.libs/libtiff-13a02c81.so.6.1.0
73b567818000-73b56781a000 rw-p 000b3000 00:6a 10100101                   /home/ubuntu/.local/lib/python3.10/site-packages/pillow.libs/libtiff-13a02c81.so.6.1.0
73b56781a000-73b56781c000 rw-p 000b5000 00:6a 10100101                   /home/ubuntu/.local/lib/python3.10/site-packages/pillow.libs/libtiff-13a02c81.so.6.1.0
73b56781c000-73b567830000 r--p 00000000 00:6a 10100067                   /home/ubuntu/.local/lib/python3.10/site-packages/PIL/_imaging.cpython-310-x86_64-linux-gnu.so
73b567830000-73b5678b6000 r-xp 00014000 00:6a 10100067                   /home/ubuntu/.local/lib/python3.10/site-packages/PIL/_imaging.cpython-310-x86_64-linux-gnu.so
73b5678b6000-73b5678c7000 r--p 0009a000 00:6a 10100067                   /home/ubuntu/.local/lib/python3.10/site-packages/PIL/_imaging.cpython-310-x86_64-linux-gnu.so
73b5678c7000-73b5678cb000 r--p 000ab000 00:6a 10100067                   /home/ubuntu/.local/lib/python3.10/site-packages/PIL/_imaging.cpython-310-x86_64-linux-gnu.so
73b5678cb000-73b5678cf000 rw-p 000af000 00:6a 10100067                   /home/ubuntu/.local/lib/python3.10/site-packages/PIL/_imaging.cpython-310-x86_64-linux-gnu.so
73b5678cf000-73b5678d3000 rw-p 0032a000 00:6a 10100067                   /home/ubuntu/.local/lib/python3.10/site-packages/PIL/_imaging.cpython-310-x86_64-linux-gnu.so
73b5678d3000-73b5678d6000 rw-p 0032e000 00:6a 10100067                   /home/ubuntu/.local/lib/python3.10/site-packages/PIL/_imaging.cpython-310-x86_64-linux-gnu.so
73b5678d6000-73b5678e2000 r--p 00000000 00:6a 10892898                   /home/ubuntu/.local/lib/python3.10/site-packages/optree/_C.cpython-310-x86_64-linux-gnu.so
73b5678e2000-73b567966000 r-xp 0000c000 00:6a 10892898                   /home/ubuntu/.local/lib/python3.10/site-packages/optree/_C.cpython-310-x86_64-linux-gnu.so
73b567966000-73b567988000 r--p 00090000 00:6a 10892898                   /home/ubuntu/.local/lib/python3.10/site-packages/optree/_C.cpython-310-x86_64-linux-gnu.so
73b567988000-73b56798a000 r--p 000b1000 00:6a 10892898                   /home/ubuntu/.local/lib/python3.10/site-packages/optree/_C.cpython-310-x86_64-linux-gnu.so
73b56798a000-73b56798b000 rw-p 000b3000 00:6a 10892898                   /home/ubuntu/.local/lib/python3.10/site-packages/optree/_C.cpython-310-x86_64-linux-gnu.so
73b56798b000-73b567a8c000 rw-p 00000000 00:00 0 
73b567a8c000-73b56af6a000 r--p 00000000 00:6a 11010071                   /home/ubuntu/.local/lib/python3.10/site-packages/tensorflow/python/profiler/internal/_pywrap_profiler_plugin.so
73b56af6a000-73b56bf83000 r-xp 034dd000 00:6a 11010071                   /home/ubuntu/.local/lib/python3.10/site-packages/tensorflow/python/profiler/internal/_pywrap_profiler_plugin.so
73b56bf83000-73b56bff2000 r--p 044f5000 00:6a 11010071                   /home/ubuntu/.local/lib/python3.10/site-packages/tensorflow/python/profiler/internal/_pywrap_profiler_plugin.so
73b56bff2000-73b56c061000 rw-p 04563000 00:6a 11010071                   /home/ubuntu/.local/lib/python3.10/site-packages/tensorflow/python/profiler/internal/_pywrap_profiler_plugin.so
73b56c061000-73b56c273000 rw-p 00000000 00:00 0 
73b56c273000-73b56c27d000 r--p 00000000 00:6a 10962211                   /home/ubuntu/.local/lib/python3.10/site-packages/tensorflow/python/_pywrap_quantize_training.so
73b56c27d000-73b56c28f000 r-xp 00009000 00:6a 10962211                   /home/ubuntu/.local/lib/python3.10/site-packages/tensorflow/python/_pywrap_quantize_training.so
73b56c28f000-73b56c291000 r--p 0001a000 00:6a 10962211                   /home/ubuntu/.local/lib/python3.10/site-packages/tensorflow/python/_pywrap_quantize_training.so
73b56c291000-73b56c292000 rw-p 0001b000 00:6a 10962211                   /home/ubuntu/.local/lib/python3.10/site-packages/tensorflow/python/_pywrap_quantize_training.so
73b56c292000-73b56c2a0000 r--p 00000000 00:6a 10962853                   /home/ubuntu/.local/lib/python3.10/site-packages/tensorflow/python/tpu/_pywrap_sparse_core_layout.so
73b56c2a0000-73b56c2b7000 r-xp 0000d000 00:6a 10962853                   /home/ubuntu/.local/lib/python3.10/site-packages/tensorflow/python/tpu/_pywrap_sparse_core_layout.so
73b56c2b7000-73b56c2b9000 r--p 00023000 00:6a 10962853                   /home/ubuntu/.local/lib/python3.10/site-packages/tensorflow/python/tpu/_pywrap_sparse_core_layout.so
73b56c2b9000-73b56c2ba000 rw-p 00024000 00:6a 10962853                   /home/ubuntu/.local/lib/python3.10/site-packages/tensorflow/python/tpu/_pywrap_sparse_core_layout.so
73b56c2ba000-73b56c4ba000 rw-p 00000000 00:00 0 
73b56c4ba000-73b56c4ca000 r--p 00000000 00:6a 10895905                   /home/ubuntu/.local/lib/python3.10/site-packages/tensorflow/compiler/mlir/quantization/tensorflow/python/pywrap_quantize_model.so
73b56c4ca000-73b56c4e2000 r-xp 0000f000 00:6a 10895905                   /home/ubuntu/.local/lib/python3.10/site-packages/tensorflow/compiler/mlir/quantization/tensorflow/python/pywrap_quantize_model.so
73b56c4e2000-73b56c4e4000 r--p 00026000 00:6a 10895905                   /home/ubuntu/.local/lib/python3.10/site-packages/tensorflow/compiler/mlir/quantization/tensorflow/python/pywrap_quantize_model.so
73b56c4e4000-73b56c4e5000 rw-p 00027000 00:6a 10895905                   /home/ubuntu/.local/lib/python3.10/site-packages/tensorflow/compiler/mlir/quantization/tensorflow/python/pywrap_quantize_model.so
73b56c4e5000-73b56c4f1000 r--p 00000000 00:6a 10962952                   /home/ubuntu/.local/lib/python3.10/site-packages/tensorflow/python/util/_pywrap_tfprof.so
73b56c4f1000-73b56c503000 r-xp 0000b000 00:6a 10962952                   /home/ubuntu/.local/lib/python3.10/site-packages/tensorflow/python/util/_pywrap_tfprof.so
73b56c503000-73b56c505000 r--p 0001c000 00:6a 10962952                   /home/ubuntu/.local/lib/python3.10/site-packages/tensorflow/python/util/_pywrap_tfprof.so
73b56c505000-73b56c506000 rw-p 0001d000 00:6a 10962952                   /home/ubuntu/.local/lib/python3.10/site-packages/tensorflow/python/util/_pywrap_tfprof.so
73b56c506000-73b56c512000 r--p 00000000 00:6a 10962227                   /home/ubuntu/.local/lib/python3.10/site-packages/tensorflow/python/_pywrap_mlir.so
73b56c512000-73b56c527000 r-xp 0000b000 00:6a 10962227                   /home/ubuntu/.local/lib/python3.10/site-packages/tensorflow/python/_pywrap_mlir.so
73b56c527000-73b56c529000 r--p 0001f000 00:6a 10962227                   /home/ubuntu/.local/lib/python3.10/site-packages/tensorflow/python/_pywrap_mlir.so
73b56c529000-73b56c52a000 rw-p 00020000 00:6a 10962227                   /home/ubuntu/.local/lib/python3.10/site-packages/tensorflow/python/_pywrap_mlir.so
73b56c52a000-73b56c62a000 rw-p 00000000 00:00 0 
73b56c62a000-73b56c66f000 r--p 00000000 00:6a 11010662                   /home/ubuntu/.local/lib/python3.10/site-packages/tensorflow/lite/experimental/microfrontend/python/ops/_audio_microfrontend_op.so
73b56c66f000-73b56c704000 r-xp 00044000 00:6a 11010662                   /home/ubuntu/.local/lib/python3.10/site-packages/tensorflow/lite/experimental/microfrontend/python/ops/_audio_microfrontend_op.so
73b56c704000-73b56c70a000 r--p 000d9000 00:6a 11010662                   /home/ubuntu/.local/lib/python3.10/site-packages/tensorflow/lite/experimental/microfrontend/python/ops/_audio_microfrontend_op.so
73b56c70a000-73b56c70b000 rw-p 000de000 00:6a 11010662                   /home/ubuntu/.local/lib/python3.10/site-packages/tensorflow/lite/experimental/microfrontend/python/ops/_audio_microfrontend_op.so
73b56c70b000-73b56ca0d000 rw-p 00000000 00:00 0 
73b56ca0d000-73b56ca1f000 r--p 00000000 00:6a 10895909                   /home/ubuntu/.local/lib/python3.10/site-packages/tensorflow/compiler/mlir/quantization/tensorflow/python/pywrap_function_lib.so
73b56ca1f000-73b56ca3d000 r-xp 00011000 00:6a 10895909                   /home/ubuntu/.local/lib/python3.10/site-packages/tensorflow/compiler/mlir/quantization/tensorflow/python/pywrap_function_lib.so
73b56ca3d000-73b56ca3f000 r--p 0002e000 00:6a 10895909                   /home/ubuntu/.local/lib/python3.10/site-packages/tensorflow/compiler/mlir/quantization/tensorflow/python/pywrap_function_lib.so
73b56ca3f000-73b56ca40000 rw-p 0002f000 00:6a 10895909                   /home/ubuntu/.local/lib/python3.10/site-packages/tensorflow/compiler/mlir/quantization/tensorflow/python/pywrap_function_lib.so
73b56ca40000-73b56ca4c000 r--p 00000000 00:6a 10895886                   /home/ubuntu/.local/lib/python3.10/site-packages/tensorflow/compiler/mlir/lite/python/_pywrap_converter_api.so
73b56ca4c000-73b56ca61000 r-xp 0000b000 00:6a 10895886                   /home/ubuntu/.local/lib/python3.10/site-packages/tensorflow/compiler/mlir/lite/python/_pywrap_converter_api.so
73b56ca61000-73b56ca63000 r--p 0001f000 00:6a 10895886                   /home/ubuntu/.local/lib/python3.10/site-packages/tensorflow/compiler/mlir/lite/python/_pywrap_converter_api.so
73b56ca63000-73b56ca64000 rw-p 00020000 00:6a 10895886                   /home/ubuntu/.local/lib/python3.10/site-packages/tensorflow/compiler/mlir/lite/python/_pywrap_converter_api.so
73b56ca64000-73b56cb64000 rw-p 00000000 00:00 0 
73b56cb64000-73b56cb6e000 r--p 00000000 00:6a 10963266                   /home/ubuntu/.local/lib/python3.10/site-packages/tensorflow/python/framework/_pywrap_python_op_gen.so
73b56cb6e000-73b56cb7f000 r-xp 00009000 00:6a 10963266                   /home/ubuntu/.local/lib/python3.10/site-packages/tensorflow/python/framework/_pywrap_python_op_gen.so
73b56cb7f000-73b56cb81000 r--p 00019000 00:6a 10963266                   /home/ubuntu/.local/lib/python3.10/site-packages/tensorflow/python/framework/_pywrap_python_op_gen.so
73b56cb81000-73b56cb82000 rw-p 0001a000 00:6a 10963266                   /home/ubuntu/.local/lib/python3.10/site-packages/tensorflow/python/framework/_pywrap_python_op_gen.so
73b56cb82000-73b56cb8e000 r--p 00000000 00:6a 10962883                   /home/ubuntu/.local/lib/python3.10/site-packages/tensorflow/python/client/_pywrap_debug_events_writer.so
73b56cb8e000-73b56cba3000 r-xp 0000b000 00:6a 10962883                   /home/ubuntu/.local/lib/python3.10/site-packages/tensorflow/python/client/_pywrap_debug_events_writer.so
73b56cba3000-73b56cba4000 r--p 0001f000 00:6a 10962883                   /home/ubuntu/.local/lib/python3.10/site-packages/tensorflow/python/client/_pywrap_debug_events_writer.so
73b56cba4000-73b56cba6000 rw-p 0001f000 00:6a 10962883                   /home/ubuntu/.local/lib/python3.10/site-packages/tensorflow/python/client/_pywrap_debug_events_writer.so
73b56cba6000-73b56cca6000 rw-p 00000000 00:00 0 
73b56cca6000-73b56ccb2000 r--p 00000000 00:6a 10962956                   /home/ubuntu/.local/lib/python3.10/site-packages/tensorflow/python/util/fast_module_type.so
73b56ccb2000-73b56ccc4000 r-xp 0000b000 00:6a 10962956                   /home/ubuntu/.local/lib/python3.10/site-packages/tensorflow/python/util/fast_module_type.so
73b56ccc4000-73b56ccc6000 r--p 0001c000 00:6a 10962956                   /home/ubuntu/.local/lib/python3.10/site-packages/tensorflow/python/util/fast_module_type.so
73b56ccc6000-73b56ccc7000 rw-p 0001d000 00:6a 10962956                   /home/ubuntu/.local/lib/python3.10/site-packages/tensorflow/python/util/fast_module_type.so
73b56ccc7000-73b56cfc7000 rw-p 00000000 00:00 0 
73b56cfc7000-73b56cfde000 r--p 00000000 00:6a 10963189                   /home/ubuntu/.local/lib/python3.10/site-packages/tensorflow/python/grappler/_pywrap_tf_cluster.so
73b56cfde000-73b56d000000 r-xp 00016000 00:6a 10963189                   /home/ubuntu/.local/lib/python3.10/site-packages/tensorflow/python/grappler/_pywrap_tf_cluster.so
73b56d000000-73b56d002000 r--p 00037000 00:6a 10963189                   /home/ubuntu/.local/lib/python3.10/site-packages/tensorflow/python/grappler/_pywrap_tf_cluster.so
73b56d002000-73b56d003000 rw-p 00038000 00:6a 10963189                   /home/ubuntu/.local/lib/python3.10/site-packages/tensorflow/python/grappler/_pywrap_tf_cluster.so
73b56d003000-73b56d013000 r--p 00000000 00:6a 10963186                   /home/ubuntu/.local/lib/python3.10/site-packages/tensorflow/python/grappler/_pywrap_tf_optimizer.so
73b56d013000-73b56d029000 r-xp 0000f000 00:6a 10963186                   /home/ubuntu/.local/lib/python3.10/site-packages/tensorflow/python/grappler/_pywrap_tf_optimizer.so
73b56d029000-73b56d02b000 r--p 00024000 00:6a 10963186                   /home/ubuntu/.local/lib/python3.10/site-packages/tensorflow/python/grappler/_pywrap_tf_optimizer.so
73b56d02b000-73b56d02c000 rw-p 00025000 00:6a 10963186                   /home/ubuntu/.local/lib/python3.10/site-packages/tensorflow/python/grappler/_pywrap_tf_optimizer.so
73b56d02c000-73b56d037000 r--p 00000000 00:6a 10895864                   /home/ubuntu/.local/lib/python3.10/site-packages/tensorflow/compiler/tf2tensorrt/_pywrap_py_utils.so
73b56d037000-73b56d049000 r-xp 0000a000 00:6a 10895864                   /home/ubuntu/.local/lib/python3.10/site-packages/tensorflow/compiler/tf2tensorrt/_pywrap_py_utils.so
73b56d049000-73b56d04b000 r--p 0001b000 00:6a 10895864                   /home/ubuntu/.local/lib/python3.10/site-packages/tensorflow/compiler/tf2tensorrt/_pywrap_py_utils.so
73b56d04b000-73b56d04c000 rw-p 0001c000 00:6a 10895864                   /home/ubuntu/.local/lib/python3.10/site-packages/tensorflow/compiler/tf2tensorrt/_pywrap_py_utils.so
73b56d04c000-73b56d64c000 rw-p 00000000 00:00 0 
73b56d64c000-73b56d659000 r--p 00000000 00:6a 10962881                   /home/ubuntu/.local/lib/python3.10/site-packages/tensorflow/python/client/_pywrap_events_writer.so
73b56d659000-73b56d671000 r-xp 0000c000 00:6a 10962881                   /home/ubuntu/.local/lib/python3.10/site-packages/tensorflow/python/client/_pywrap_events_writer.so
73b56d671000-73b56d673000 r--p 00023000 00:6a 10962881                   /home/ubuntu/.local/lib/python3.10/site-packages/tensorflow/python/client/_pywrap_events_writer.so
73b56d673000-73b56d674000 rw-p 00024000 00:6a 10962881                   /home/ubuntu/.local/lib/python3.10/site-packages/tensorflow/python/client/_pywrap_events_writer.so
73b56d674000-73b56d774000 rw-p 00000000 00:00 0 
73b56d774000-73b56d77e000 r--p 00000000 00:6a 10962946                   /home/ubuntu/.local/lib/python3.10/site-packages/tensorflow/python/util/_pywrap_util_port.so
73b56d77e000-73b56d790000 r-xp 00009000 00:6a 10962946                   /home/ubuntu/.local/lib/python3.10/site-packages/tensorflow/python/util/_pywrap_util_port.so
73b56d790000-73b56d791000 r--p 0001a000 00:6a 10962946                   /home/ubuntu/.local/lib/python3.10/site-packages/tensorflow/python/util/_pywrap_util_port.so
73b56d791000-73b56d792000 rw-p 0001a000 00:6a 10962946                   /home/ubuntu/.local/lib/python3.10/site-packages/tensorflow/python/util/_pywrap_util_port.so
73b56d792000-73b56d79c000 r--p 00000000 00:6a 10962601                   /home/ubuntu/.local/lib/python3.10/site-packages/tensorflow/python/platform/_pywrap_stacktrace_handler.so
73b56d79c000-73b56d7ad000 r-xp 00009000 00:6a 10962601                   /home/ubuntu/.local/lib/python3.10/site-packages/tensorflow/python/platform/_pywrap_stacktrace_handler.so
73b56d7ad000-73b56d7af000 r--p 00019000 00:6a 10962601                   /home/ubuntu/.local/lib/python3.10/site-packages/tensorflow/python/platform/_pywrap_stacktrace_handler.so
73b56d7af000-73b56d7b0000 rw-p 0001a000 00:6a 10962601                   /home/ubuntu/.local/lib/python3.10/site-packages/tensorflow/python/platform/_pywrap_stacktrace_handler.so
73b56d7b0000-73b56d7ba000 r--p 00000000 00:6a 10963247                   /home/ubuntu/.local/lib/python3.10/site-packages/tensorflow/python/framework/_test_metrics_util.so
73b56d7ba000-73b56d7cc000 r-xp 00009000 00:6a 10963247                   /home/ubuntu/.local/lib/python3.10/site-packages/tensorflow/python/framework/_test_metrics_util.so
73b56d7cc000-73b56d7cd000 r--p 0001a000 00:6a 10963247                   /home/ubuntu/.local/lib/python3.10/site-packages/tensorflow/python/framework/_test_metrics_util.so
73b56d7cd000-73b56d7ce000 rw-p 0001a000 00:6a 10963247                   /home/ubuntu/.local/lib/python3.10/site-packages/tensorflow/python/framework/_test_metrics_util.so
73b56d7ce000-73b56d7d8000 r--p 00000000 00:6a 10962234                   /home/ubuntu/.local/lib/python3.10/site-packages/tensorflow/python/_pywrap_sanitizers.so
73b56d7d8000-73b56d7e9000 r-xp 00009000 00:6a 10962234                   /home/ubuntu/.local/lib/python3.10/site-packages/tensorflow/python/_pywrap_sanitizers.so
73b56d7e9000-73b56d7eb000 r--p 00019000 00:6a 10962234                   /home/ubuntu/.local/lib/python3.10/site-packages/tensorflow/python/_pywrap_sanitizers.so
73b56d7eb000-73b56d7ec000 rw-p 0001a000 00:6a 10962234                   /home/ubuntu/.local/lib/python3.10/site-packages/tensorflow/python/_pywrap_sanitizers.so
73b56d7ec000-73b56daec000 rw-p 00000000 00:00 0 
73b56daec000-73b56daff000 r--p 00000000 00:6a 11010069                   /home/ubuntu/.local/lib/python3.10/site-packages/tensorflow/python/profiler/internal/_pywrap_profiler.so
73b56daff000-73b56db1a000 r-xp 00012000 00:6a 11010069                   /home/ubuntu/.local/lib/python3.10/site-packages/tensorflow/python/profiler/internal/_pywrap_profiler.so
73b56db1a000-73b56db1c000 r--p 0002c000 00:6a 11010069                   /home/ubuntu/.local/lib/python3.10/site-packages/tensorflow/python/profiler/internal/_pywrap_profiler.so
73b56db1c000-73b56db1d000 rw-p 0002d000 00:6a 11010069                   /home/ubuntu/.local/lib/python3.10/site-packages/tensorflow/python/profiler/internal/_pywrap_profiler.so
73b56db1d000-73b56de1d000 rw-p 00000000 00:00 0 
73b56de1d000-73b56de27000 r--p 00000000 00:6a 10962252                   /home/ubuntu/.local/lib/python3.10/site-packages/tensorflow/python/lib/core/_pywrap_py_func.so
73b56de27000-73b56de38000 r-xp 00009000 00:6a 10962252                   /home/ubuntu/.local/lib/python3.10/site-packages/tensorflow/python/lib/core/_pywrap_py_func.so
73b56de38000-73b56de3a000 r--p 00019000 00:6a 10962252                   /home/ubuntu/.local/lib/python3.10/site-packages/tensorflow/python/lib/core/_pywrap_py_func.so
73b56de3a000-73b56de3b000 rw-p 0001a000 00:6a 10962252                   /home/ubuntu/.local/lib/python3.10/site-packages/tensorflow/python/lib/core/_pywrap_py_func.so
73b56de3b000-73b56de49000 r--p 00000000 00:6a 10962905                   /home/ubuntu/.local/lib/python3.10/site-packages/tensorflow/python/util/_pywrap_checkpoint_reader.so
73b56de49000-73b56de61000 r-xp 0000d000 00:6a 10962905                   /home/ubuntu/.local/lib/python3.10/site-packages/tensorflow/python/util/_pywrap_checkpoint_reader.so
73b56de61000-73b56de63000 r--p 00024000 00:6a 10962905                   /home/ubuntu/.local/lib/python3.10/site-packages/tensorflow/python/util/_pywrap_checkpoint_reader.so
73b56de63000-73b56de64000 rw-p 00025000 00:6a 10962905                   /home/ubuntu/.local/lib/python3.10/site-packages/tensorflow/python/util/_pywrap_checkpoint_reader.so
73b56de64000-73b56de77000 r--p 00000000 00:6a 10963031                   /home/ubuntu/.local/lib/python3.10/site-packages/tensorflow/python/saved_model/pywrap_saved_model.so
73b56de77000-73b56de97000 r-xp 00012000 00:6a 10963031                   /home/ubuntu/.local/lib/python3.10/site-packages/tensorflow/python/saved_model/pywrap_saved_model.so
73b56de97000-73b56de98000 r--p 00031000 00:6a 10963031                   /home/ubuntu/.local/lib/python3.10/site-packages/tensorflow/python/saved_model/pywrap_saved_model.so
73b56de98000-73b56de99000 rw-p 00031000 00:6a 10963031                   /home/ubuntu/.local/lib/python3.10/site-packages/tensorflow/python/saved_model/pywrap_saved_model.so
73b56de99000-73b56de9a000 rw-p 00000000 00:00 0 
73b56de9a000-73b56deac000 r--p 00000000 00:6a 10962250                   /home/ubuntu/.local/lib/python3.10/site-packages/tensorflow/python/lib/io/_pywrap_file_io.so
73b56deac000-73b56decc000 r-xp 00011000 00:6a 10962250                   /home/ubuntu/.local/lib/python3.10/site-packages/tensorflow/python/lib/io/_pywrap_file_io.so
73b56decc000-73b56dece000 r--p 00030000 00:6a 10962250                   /home/ubuntu/.local/lib/python3.10/site-packages/tensorflow/python/lib/io/_pywrap_file_io.so
73b56dece000-73b56decf000 rw-p 00031000 00:6a 10962250                   /home/ubuntu/.local/lib/python3.10/site-packages/tensorflow/python/lib/io/_pywrap_file_io.so
73b56decf000-73b56e0cf000 rw-p 00000000 00:00 0 
73b56e0cf000-73b56e0d9000 r--p 00000000 00:6a 11010235                   /home/ubuntu/.local/lib/python3.10/site-packages/tensorflow/python/data/experimental/service/_pywrap_utils_exp.so
73b56e0d9000-73b56e0ea000 r-xp 00009000 00:6a 11010235                   /home/ubuntu/.local/lib/python3.10/site-packages/tensorflow/python/data/experimental/service/_pywrap_utils_exp.so
73b56e0ea000-73b56e0ec000 r--p 00019000 00:6a 11010235                   /home/ubuntu/.local/lib/python3.10/site-packages/tensorflow/python/data/experimental/service/_pywrap_utils_exp.so
73b56e0ec000-73b56e0ed000 rw-p 0001a000 00:6a 11010235                   /home/ubuntu/.local/lib/python3.10/site-packages/tensorflow/python/data/experimental/service/_pywrap_utils_exp.so
73b56e0ed000-73b56e0fd000 r--p 00000000 00:6a 11010231                   /home/ubuntu/.local/lib/python3.10/site-packages/tensorflow/python/data/experimental/service/_pywrap_server_lib.so
73b56e0fd000-73b56e11a000 r-xp 0000f000 00:6a 11010231                   /home/ubuntu/.local/lib/python3.10/site-packages/tensorflow/python/data/experimental/service/_pywrap_server_lib.so
73b56e11a000-73b56e11c000 r--p 0002b000 00:6a 11010231                   /home/ubuntu/.local/lib/python3.10/site-packages/tensorflow/python/data/experimental/service/_pywrap_server_lib.so
73b56e11c000-73b56e11d000 rw-p 0002c000 00:6a 11010231                   /home/ubuntu/.local/lib/python3.10/site-packages/tensorflow/python/data/experimental/service/_pywrap_server_lib.so
73b56e11d000-73b56e81d000 rw-p 00000000 00:00 0 
73b56e81d000-73b56e82f000 r--p 00000000 00:6a 10962216                   /home/ubuntu/.local/lib/python3.10/site-packages/tensorflow/python/_pywrap_parallel_device.so
73b56e82f000-73b56e84b000 r-xp 00011000 00:6a 10962216                   /home/ubuntu/.local/lib/python3.10/site-packages/tensorflow/python/_pywrap_parallel_device.so
73b56e84b000-73b56e84d000 r--p 0002c000 00:6a 10962216                   /home/ubuntu/.local/lib/python3.10/site-packages/tensorflow/python/_pywrap_parallel_device.so
73b56e84d000-73b56e84e000 rw-p 0002d000 00:6a 10962216                   /home/ubuntu/.local/lib/python3.10/site-packages/tensorflow/python/_pywrap_parallel_device.so
73b56e84e000-73b56ed4e000 rw-p 00000000 00:00 0 
73b56ed4e000-73b56ed5b000 r--p 00000000 00:6a 10963265                   /home/ubuntu/.local/lib/python3.10/site-packages/tensorflow/python/framework/_proto_comparators.so
73b56ed5b000-73b56ed72000 r-xp 0000c000 00:6a 10963265                   /home/ubuntu/.local/lib/python3.10/site-packages/tensorflow/python/framework/_proto_comparators.so
73b56ed72000-73b56ed73000 r--p 00022000 00:6a 10963265                   /home/ubuntu/.local/lib/python3.10/site-packages/tensorflow/python/framework/_proto_comparators.so
73b56ed73000-73b56ed74000 rw-p 00022000 00:6a 10963265                   /home/ubuntu/.local/lib/python3.10/site-packages/tensorflow/python/framework/_proto_comparators.so
73b56ed74000-73b56ed75000 rw-p 00000000 00:00 0 
73b56ed75000-73b56ed86000 r--p 00000000 00:6a 10962243                   /home/ubuntu/.local/lib/python3.10/site-packages/tensorflow/python/lib/io/_pywrap_record_io.so
73b56ed86000-73b56eda4000 r-xp 00010000 00:6a 10962243                   /home/ubuntu/.local/lib/python3.10/site-packages/tensorflow/python/lib/io/_pywrap_record_io.so
73b56eda4000-73b56eda6000 r--p 0002d000 00:6a 10962243                   /home/ubuntu/.local/lib/python3.10/site-packages/tensorflow/python/lib/io/_pywrap_record_io.so
73b56eda6000-73b56eda7000 rw-p 0002e000 00:6a 10962243                   /home/ubuntu/.local/lib/python3.10/site-packages/tensorflow/python/lib/io/_pywrap_record_io.so
73b56eda7000-73b56efa7000 rw-p 00000000 00:00 0 
73b56efa7000-73b56efb2000 r--p 00000000 00:6a 10962873                   /home/ubuntu/.local/lib/python3.10/site-packages/tensorflow/python/client/_pywrap_device_lib.so
73b56efb2000-73b56efc4000 r-xp 0000a000 00:6a 10962873                   /home/ubuntu/.local/lib/python3.10/site-packages/tensorflow/python/client/_pywrap_device_lib.so
73b56efc4000-73b56efc5000 r--p 0001b000 00:6a 10962873                   /home/ubuntu/.local/lib/python3.10/site-packages/tensorflow/python/client/_pywrap_device_lib.so
73b56efc5000-73b56efc6000 rw-p 0001b000 00:6a 10962873                   /home/ubuntu/.local/lib/python3.10/site-packages/tensorflow/python/client/_pywrap_device_lib.so
73b56efc6000-73b5701c6000 rw-p 00000000 00:00 0 
73b5701c6000-73b5701dc000 r--p 00000000 00:6a 10963267                   /home/ubuntu/.local/lib/python3.10/site-packages/tensorflow/python/framework/_pywrap_python_api_dispatcher.so
73b5701dc000-73b570205000 r-xp 00015000 00:6a 10963267                   /home/ubuntu/.local/lib/python3.10/site-packages/tensorflow/python/framework/_pywrap_python_api_dispatcher.so
73b570205000-73b570207000 r--p 0003d000 00:6a 10963267                   /home/ubuntu/.local/lib/python3.10/site-packages/tensorflow/python/framework/_pywrap_python_api_dispatcher.so
73b570207000-73b570208000 rw-p 0003e000 00:6a 10963267                   /home/ubuntu/.local/lib/python3.10/site-packages/tensorflow/python/framework/_pywrap_python_api_dispatcher.so
73b570208000-73b57021c000 r--p 00000000 00:6a 10963208                   /home/ubuntu/.local/lib/python3.10/site-packages/tensorflow/python/framework/_op_def_library_pybind.so
73b57021c000-73b57023a000 r-xp 00013000 00:6a 10963208                   /home/ubuntu/.local/lib/python3.10/site-packages/tensorflow/python/framework/_op_def_library_pybind.so
73b57023a000-73b57023c000 r--p 00030000 00:6a 10963208                   /home/ubuntu/.local/lib/python3.10/site-packages/tensorflow/python/framework/_op_def_library_pybind.so
73b57023c000-73b57023d000 rw-p 00031000 00:6a 10963208                   /home/ubuntu/.local/lib/python3.10/site-packages/tensorflow/python/framework/_op_def_library_pybind.so
73b57023d000-73b570247000 r--p 00000000 00:6a 10963259                   /home/ubuntu/.local/lib/python3.10/site-packages/tensorflow/python/framework/_op_def_registry.so
73b570247000-73b570259000 r-xp 00009000 00:6a 10963259                   /home/ubuntu/.local/lib/python3.10/site-packages/tensorflow/python/framework/_op_def_registry.so
73b570259000-73b57025a000 r--p 0001a000 00:6a 10963259                   /home/ubuntu/.local/lib/python3.10/site-packages/tensorflow/python/framework/_op_def_registry.so
73b57025a000-73b57025b000 rw-p 0001a000 00:6a 10963259                   /home/ubuntu/.local/lib/python3.10/site-packages/tensorflow/python/framework/_op_def_registry.so
73b57025b000-73b57035b000 rw-p 00000000 00:00 0 
73b57035b000-73b570379000 r--p 00000000 00:6a 10962232                   /home/ubuntu/.local/lib/python3.10/site-packages/tensorflow/python/_pywrap_dtensor_device.so
73b570379000-73b5703ae000 r-xp 0001d000 00:6a 10962232                   /home/ubuntu/.local/lib/python3.10/site-packages/tensorflow/python/_pywrap_dtensor_device.so
73b5703ae000-73b5703b0000 r--p 00051000 00:6a 10962232                   /home/ubuntu/.local/lib/python3.10/site-packages/tensorflow/python/_pywrap_dtensor_device.so
73b5703b0000-73b5703b1000 rw-p 00052000 00:6a 10962232                   /home/ubuntu/.local/lib/python3.10/site-packages/tensorflow/python/_pywrap_dtensor_device.so
73b5703b1000-73b5703bb000 r--p 00000000 00:6a 10962927                   /home/ubuntu/.local/lib/python3.10/site-packages/tensorflow/python/util/_pywrap_tensor_float_32_execution.so
73b5703bb000-73b5703cd000 r-xp 00009000 00:6a 10962927                   /home/ubuntu/.local/lib/python3.10/site-packages/tensorflow/python/util/_pywrap_tensor_float_32_execution.so
73b5703cd000-73b5703ce000 r--p 0001a000 00:6a 10962927                   /home/ubuntu/.local/lib/python3.10/site-packages/tensorflow/python/util/_pywrap_tensor_float_32_execution.so
73b5703ce000-73b5703cf000 rw-p 0001a000 00:6a 10962927                   /home/ubuntu/.local/lib/python3.10/site-packages/tensorflow/python/util/_pywrap_tensor_float_32_execution.so
73b5703cf000-73b5703d9000 r--p 00000000 00:6a 10962921                   /home/ubuntu/.local/lib/python3.10/site-packages/tensorflow/python/util/_pywrap_determinism.so
73b5703d9000-73b5703eb000 r-xp 00009000 00:6a 10962921                   /home/ubuntu/.local/lib/python3.10/site-packages/tensorflow/python/util/_pywrap_determinism.so
73b5703eb000-73b5703ec000 r--p 0001a000 00:6a 10962921                   /home/ubuntu/.local/lib/python3.10/site-packages/tensorflow/python/util/_pywrap_determinism.so
73b5703ec000-73b5703ed000 rw-p 0001a000 00:6a 10962921                   /home/ubuntu/.local/lib/python3.10/site-packages/tensorflow/python/util/_pywrap_determinism.so
73b5703ed000-73b5703fa000 r--p 00000000 00:6a 10962231                   /home/ubuntu/.local/lib/python3.10/site-packages/tensorflow/python/flags_pybind.so
73b5703fa000-73b570412000 r-xp 0000c000 00:6a 10962231                   /home/ubuntu/.local/lib/python3.10/site-packages/tensorflow/python/flags_pybind.so
73b570412000-73b570414000 r--p 00023000 00:6a 10962231                   /home/ubuntu/.local/lib/python3.10/site-packages/tensorflow/python/flags_pybind.so
73b570414000-73b570415000 rw-p 00024000 00:6a 10962231                   /home/ubuntu/.local/lib/python3.10/site-packages/tensorflow/python/flags_pybind.so
73b570415000-73b570422000 r--p 00000000 00:6a 11010072                   /home/ubuntu/.local/lib/python3.10/site-packages/tensorflow/python/profiler/internal/_pywrap_traceme.so
73b570422000-73b570439000 r-xp 0000c000 00:6a 11010072                   /home/ubuntu/.local/lib/python3.10/site-packages/tensorflow/python/profiler/internal/_pywrap_traceme.so
73b570439000-73b57043a000 r--p 00022000 00:6a 11010072                   /home/ubuntu/.local/lib/python3.10/site-packages/tensorflow/python/profiler/internal/_pywrap_traceme.so
73b57043a000-73b57043b000 rw-p 00022000 00:6a 11010072                   /home/ubuntu/.local/lib/python3.10/site-packages/tensorflow/python/profiler/internal/_pywrap_traceme.so
73b57043b000-73b57053b000 rw-p 00000000 00:00 0 
73b57053b000-73b570548000 r--p 00000000 00:6a 10962941                   /home/ubuntu/.local/lib/python3.10/site-packages/tensorflow/python/util/_pywrap_utils.so
73b570548000-73b57055d000 r-xp 0000c000 00:6a 10962941                   /home/ubuntu/.local/lib/python3.10/site-packages/tensorflow/python/util/_pywrap_utils.so
73b57055d000-73b57055e000 r--p 00020000 00:6a 10962941                   /home/ubuntu/.local/lib/python3.10/site-packages/tensorflow/python/util/_pywrap_utils.so
73b57055e000-73b57055f000 rw-p 00020000 00:6a 10962941                   /home/ubuntu/.local/lib/python3.10/site-packages/tensorflow/python/util/_pywrap_utils.so
73b57055f000-73b570569000 r--p 00000000 00:6a 10962908                   /home/ubuntu/.local/lib/python3.10/site-packages/tensorflow/python/util/_pywrap_nest.so
73b570569000-73b57057a000 r-xp 00009000 00:6a 10962908                   /home/ubuntu/.local/lib/python3.10/site-packages/tensorflow/python/util/_pywrap_nest.so
73b57057a000-73b57057c000 r--p 00019000 00:6a 10962908                   /home/ubuntu/.local/lib/python3.10/site-packages/tensorflow/python/util/_pywrap_nest.so
73b57057c000-73b57057d000 rw-p 0001a000 00:6a 10962908                   /home/ubuntu/.local/lib/python3.10/site-packages/tensorflow/python/util/_pywrap_nest.so
73b57057d000-73b57067d000 rw-p 00000000 00:00 0 
73b57067d000-73b57068b000 r--p 00000000 00:6a 10963243                   /home/ubuntu/.local/lib/python3.10/site-packages/tensorflow/python/framework/_dtypes.so
73b57068b000-73b5706a5000 r-xp 0000d000 00:6a 10963243                   /home/ubuntu/.local/lib/python3.10/site-packages/tensorflow/python/framework/_dtypes.so
73b5706a5000-73b5706a6000 r--p 00026000 00:6a 10963243                   /home/ubuntu/.local/lib/python3.10/site-packages/tensorflow/python/framework/_dtypes.so
73b5706a6000-73b5706a7000 rw-p 00026000 00:6a 10963243                   /home/ubuntu/.local/lib/python3.10/site-packages/tensorflow/python/framework/_dtypes.so
73b5706a7000-73b5706a8000 rw-p 00000000 00:00 0 
73b5706a8000-73b5706ad000 r--p 00000000 00:6a 10893015                   /home/ubuntu/.local/lib/python3.10/site-packages/ml_dtypes/_ml_dtypes_ext.cpython-310-x86_64-linux-gnu.so
73b5706ad000-73b5707e3000 r-xp 00005000 00:6a 10893015                   /home/ubuntu/.local/lib/python3.10/site-packages/ml_dtypes/_ml_dtypes_ext.cpython-310-x86_64-linux-gnu.so
73b5707e3000-73b570819000 r--p 0013b000 00:6a 10893015                   /home/ubuntu/.local/lib/python3.10/site-packages/ml_dtypes/_ml_dtypes_ext.cpython-310-x86_64-linux-gnu.so
73b570819000-73b57081a000 r--p 00170000 00:6a 10893015                   /home/ubuntu/.local/lib/python3.10/site-packages/ml_dtypes/_ml_dtypes_ext.cpython-310-x86_64-linux-gnu.so
73b57081a000-73b57081c000 rw-p 00171000 00:6a 10893015                   /home/ubuntu/.local/lib/python3.10/site-packages/ml_dtypes/_ml_dtypes_ext.cpython-310-x86_64-linux-gnu.so
73b57081c000-73b57081e000 rw-p 00000000 00:00 0 
73b57081e000-73b57082f000 r--p 00000000 00:6a 10962226                   /home/ubuntu/.local/lib/python3.10/site-packages/tensorflow/python/_pywrap_py_exception_registry.so
73b57082f000-73b570850000 r-xp 00010000 00:6a 10962226                   /home/ubuntu/.local/lib/python3.10/site-packages/tensorflow/python/_pywrap_py_exception_registry.so
73b570850000-73b570852000 r--p 00030000 00:6a 10962226                   /home/ubuntu/.local/lib/python3.10/site-packages/tensorflow/python/_pywrap_py_exception_registry.so
73b570852000-73b570853000 rw-p 00031000 00:6a 10962226                   /home/ubuntu/.local/lib/python3.10/site-packages/tensorflow/python/_pywrap_py_exception_registry.so
73b570853000-73b570953000 rw-p 00000000 00:00 0 
73b570953000-73b570969000 r--p 00000000 00:6a 10962919                   /home/ubuntu/.local/lib/python3.10/site-packages/tensorflow/python/util/_tf_stack.so
73b570969000-73b57098d000 r-xp 00015000 00:6a 10962919                   /home/ubuntu/.local/lib/python3.10/site-packages/tensorflow/python/util/_tf_stack.so
73b57098d000-73b570990000 r--p 00038000 00:6a 10962919                   /home/ubuntu/.local/lib/python3.10/site-packages/tensorflow/python/util/_tf_stack.so
73b570990000-73b570991000 rw-p 0003a000 00:6a 10962919                   /home/ubuntu/.local/lib/python3.10/site-packages/tensorflow/python/util/_tf_stack.so
73b570991000-73b5709cf000 r--p 00000000 00:6a 10962874                   /home/ubuntu/.local/lib/python3.10/site-packages/tensorflow/python/client/_pywrap_tf_session.so
73b5709cf000-73b570a38000 r-xp 0003d000 00:6a 10962874                   /home/ubuntu/.local/lib/python3.10/site-packages/tensorflow/python/client/_pywrap_tf_session.so
73b570a38000-73b570a3c000 r--p 000a5000 00:6a 10962874                   /home/ubuntu/.local/lib/python3.10/site-packages/tensorflow/python/client/_pywrap_tf_session.so
73b570a3c000-73b570a3d000 rw-p 000a8000 00:6a 10962874                   /home/ubuntu/.local/lib/python3.10/site-packages/tensorflow/python/client/_pywrap_tf_session.so
73b570a3d000-73b570a7c000 r--p 00000000 00:6a 10962220                   /home/ubuntu/.local/lib/python3.10/site-packages/tensorflow/python/_pywrap_tfe.so
73b570a7c000-73b570ad8000 r-xp 0003e000 00:6a 10962220                   /home/ubuntu/.local/lib/python3.10/site-packages/tensorflow/python/_pywrap_tfe.so
73b570ad8000-73b570add000 r--p 00099000 00:6a 10962220                   /home/ubuntu/.local/lib/python3.10/site-packages/tensorflow/python/_pywrap_tfe.so
73b570add000-73b570ade000 rw-p 0009d000 00:6a 10962220                   /home/ubuntu/.local/lib/python3.10/site-packages/tensorflow/python/_pywrap_tfe.so
73b570ade000-73b570bde000 rw-p 00000000 00:00 0 
73b570bde000-73b570be8000 r--p 00000000 00:6a 10174647                   /home/ubuntu/.local/lib/python3.10/site-packages/google/_upb/_message.abi3.so
73b570be8000-73b570c14000 r-xp 0000a000 00:6a 10174647                   /home/ubuntu/.local/lib/python3.10/site-packages/google/_upb/_message.abi3.so
73b570c14000-73b570c29000 r--p 00036000 00:6a 10174647                   /home/ubuntu/.local/lib/python3.10/site-packages/google/_upb/_message.abi3.so
73b570c29000-73b570c2a000 r--p 0004a000 00:6a 10174647                   /home/ubuntu/.local/lib/python3.10/site-packages/google/_upb/_message.abi3.so
73b570c2a000-73b570c2e000 rw-p 0004b000 00:6a 10174647                   /home/ubuntu/.local/lib/python3.10/site-packages/google/_upb/_message.abi3.so
73b570c2e000-73b570d2e000 rw-p 00000000 00:00 0 
73b570d2e000-73b570d38000 r--p 00000000 00:6a 10962598                   /home/ubuntu/.local/lib/python3.10/site-packages/tensorflow/python/platform/_pywrap_tf2.so
73b570d38000-73b570d4a000 r-xp 00009000 00:6a 10962598                   /home/ubuntu/.local/lib/python3.10/site-packages/tensorflow/python/platform/_pywrap_tf2.so
73b570d4a000-73b570d4b000 r--p 0001a000 00:6a 10962598                   /home/ubuntu/.local/lib/python3.10/site-packages/tensorflow/python/platform/_pywrap_tf2.so
73b570d4b000-73b570d4c000 rw-p 0001a000 00:6a 10962598                   /home/ubuntu/.local/lib/python3.10/site-packages/tensorflow/python/platform/_pywrap_tf2.so
73b570d4c000-73b570fdb000 r--p 00000000 00:6a 10962214                   /home/ubuntu/.local/lib/python3.10/site-packages/tensorflow/python/lib_pywrap_tensorflow_common.so
73b570fdb000-73b5712ac000 r-xp 0028e000 00:6a 10962214                   /home/ubuntu/.local/lib/python3.10/site-packages/tensorflow/python/lib_pywrap_tensorflow_common.so
73b5712ac000-73b5712c7000 r--p 0055e000 00:6a 10962214                   /home/ubuntu/.local/lib/python3.10/site-packages/tensorflow/python/lib_pywrap_tensorflow_common.so
73b5712c7000-73b5712e6000 rw-p 00578000 00:6a 10962214                   /home/ubuntu/.local/lib/python3.10/site-packages/tensorflow/python/lib_pywrap_tensorflow_common.so
73b5712e6000-73b5712e7000 rw-p 00000000 00:00 0 
73b5712e7000-73b58c394000 r--p 00000000 00:6a 10895824                   /home/ubuntu/.local/lib/python3.10/site-packages/tensorflow/libtensorflow_cc.so.2
73b58c394000-73b5a0f2d000 r-xp 1b0ac000 00:6a 10895824                   /home/ubuntu/.local/lib/python3.10/site-packages/tensorflow/libtensorflow_cc.so.2
73b5a0f2d000-73b5a16cb000 r--p 2fc44000 00:6a 10895824                   /home/ubuntu/.local/lib/python3.10/site-packages/tensorflow/libtensorflow_cc.so.2
73b5a16cb000-73b5a1745000 rw-p 303e1000 00:6a 10895824                   /home/ubuntu/.local/lib/python3.10/site-packages/tensorflow/libtensorflow_cc.so.2
73b5a1745000-73b5a181f000 rw-p 00000000 00:00 0 
73b5a181f000-73b5ac9cd000 r--p 00000000 00:6a 10895821                   /home/ubuntu/.local/lib/python3.10/site-packages/tensorflow/libtensorflow_framework.so.2
73b5ac9cd000-73b5af232000 r-xp 0b1ad000 00:6a 10895821                   /home/ubuntu/.local/lib/python3.10/site-packages/tensorflow/libtensorflow_framework.so.2
73b5af232000-73b5af33a000 r--p 0da11000 00:6a 10895821                   /home/ubuntu/.local/lib/python3.10/site-packages/tensorflow/libtensorflow_framework.so.2
73b5af33a000-73b5af3d8000 rw-p 0db18000 00:6a 10895821                   /home/ubuntu/.local/lib/python3.10/site-packages/tensorflow/libtensorflow_framework.so.2
73b5af3d8000-73b5af41f000 rw-p 00000000 00:00 0 
73b5af41f000-73b5af425000 r--p 00000000 00:6a 10893116                   /home/ubuntu/.local/lib/python3.10/site-packages/h5py/_selector.cpython-310-x86_64-linux-gnu.so
73b5af425000-73b5af44d000 r-xp 00006000 00:6a 10893116                   /home/ubuntu/.local/lib/python3.10/site-packages/h5py/_selector.cpython-310-x86_64-linux-gnu.so
73b5af44d000-73b5af456000 r--p 0002e000 00:6a 10893116                   /home/ubuntu/.local/lib/python3.10/site-packages/h5py/_selector.cpython-310-x86_64-linux-gnu.so
73b5af456000-73b5af457000 r--p 00037000 00:6a 10893116                   /home/ubuntu/.local/lib/python3.10/site-packages/h5py/_selector.cpython-310-x86_64-linux-gnu.so
73b5af457000-73b5af459000 rw-p 00038000 00:6a 10893116                   /home/ubuntu/.local/lib/python3.10/site-packages/h5py/_selector.cpython-310-x86_64-linux-gnu.so
73b5af459000-73b5af45a000 rw-p 00000000 00:00 0 
73b5af45a000-73b5af45d000 rw-p 00059000 00:6a 10893116                   /home/ubuntu/.local/lib/python3.10/site-packages/h5py/_selector.cpython-310-x86_64-linux-gnu.so
73b5af45d000-73b5af45f000 rw-p 0005c000 00:6a 10893116                   /home/ubuntu/.local/lib/python3.10/site-packages/h5py/_selector.cpython-310-x86_64-linux-gnu.so
73b5af45f000-73b5af55f000 rw-p 00000000 00:00 0 
73b5af55f000-73b5af5b0000 r--p 00000000 00:6a 10893203                   /home/ubuntu/.local/lib/python3.10/site-packages/h5py.libs/libhdf5-7d060e2f.so.310.5.1
73b5af5b0000-73b5af8c4000 r-xp 00051000 00:6a 10893203                   /home/ubuntu/.local/lib/python3.10/site-packages/h5py.libs/libhdf5-7d060e2f.so.310.5.1
73b5af8c4000-73b5af97c000 r--p 00365000 00:6a 10893203                   /home/ubuntu/.local/lib/python3.10/site-packages/h5py.libs/libhdf5-7d060e2f.so.310.5.1
73b5af97c000-73b5af989000 r--p 0041d000 00:6a 10893203                   /home/ubuntu/.local/lib/python3.10/site-packages/h5py.libs/libhdf5-7d060e2f.so.310.5.1
73b5af989000-73b5af992000 rw-p 0042a000 00:6a 10893203                   /home/ubuntu/.local/lib/python3.10/site-packages/h5py.libs/libhdf5-7d060e2f.so.310.5.1
73b5af992000-73b5af995000 rw-p 00000000 00:00 0 
73b5af995000-73b5af9ae000 rw-p 00494000 00:6a 10893203                   /home/ubuntu/.local/lib/python3.10/site-packages/h5py.libs/libhdf5-7d060e2f.so.310.5.1
73b5af9ae000-73b5af9c0000 rw-p 004ad000 00:6a 10893203                   /home/ubuntu/.local/lib/python3.10/site-packages/h5py.libs/libhdf5-7d060e2f.so.310.5.1
73b5af9c0000-73b5afc00000 rw-p 00000000 00:00 0 
73b5afc00000-73b5afc0a000 r--p 00000000 00:6a 10962235                   /home/ubuntu/.local/lib/python3.10/site-packages/tensorflow/python/_pywrap_tensorflow_internal.so
73b5afc0a000-73b5afc1b000 r-xp 00009000 00:6a 10962235                   /home/ubuntu/.local/lib/python3.10/site-packages/tensorflow/python/_pywrap_tensorflow_internal.so
73b5afc1b000-73b5afc1d000 r--p 00019000 00:6a 10962235                   /home/ubuntu/.local/lib/python3.10/site-packages/tensorflow/python/_pywrap_tensorflow_internal.so
73b5afc1d000-73b5afc1e000 rw-p 0001a000 00:6a 10962235                   /home/ubuntu/.local/lib/python3.10/site-packages/tensorflow/python/_pywrap_tensorflow_internal.so
73b5afc1e000-73b5afc28000 r--p 00000000 00:6a 10962599                   /home/ubuntu/.local/lib/python3.10/site-packages/tensorflow/python/platform/_pywrap_cpu_feature_guard.so
73b5afc28000-73b5afc39000 r-xp 00009000 00:6a 10962599                   /home/ubuntu/.local/lib/python3.10/site-packages/tensorflow/python/platform/_pywrap_cpu_feature_guard.so
73b5afc39000-73b5afc3b000 r--p 00019000 00:6a 10962599                   /home/ubuntu/.local/lib/python3.10/site-packages/tensorflow/python/platform/_pywrap_cpu_feature_guard.so
73b5afc3b000-73b5afc3c000 rw-p 0001a000 00:6a 10962599                   /home/ubuntu/.local/lib/python3.10/site-packages/tensorflow/python/platform/_pywrap_cpu_feature_guard.so
73b5afc3c000-73b5afc41000 r--p 00000000 00:6a 10893127                   /home/ubuntu/.local/lib/python3.10/site-packages/h5py/h5l.cpython-310-x86_64-linux-gnu.so
73b5afc41000-73b5afc5e000 r-xp 00005000 00:6a 10893127                   /home/ubuntu/.local/lib/python3.10/site-packages/h5py/h5l.cpython-310-x86_64-linux-gnu.so
73b5afc5e000-73b5afc66000 r--p 00022000 00:6a 10893127                   /home/ubuntu/.local/lib/python3.10/site-packages/h5py/h5l.cpython-310-x86_64-linux-gnu.so
73b5afc66000-73b5afc67000 r--p 0002a000 00:6a 10893127                   /home/ubuntu/.local/lib/python3.10/site-packages/h5py/h5l.cpython-310-x86_64-linux-gnu.so
73b5afc67000-73b5afc69000 rw-p 0002b000 00:6a 10893127                   /home/ubuntu/.local/lib/python3.10/site-packages/h5py/h5l.cpython-310-x86_64-linux-gnu.so
73b5afc69000-73b5afc6b000 rw-p 00046000 00:6a 10893127                   /home/ubuntu/.local/lib/python3.10/site-packages/h5py/h5l.cpython-310-x86_64-linux-gnu.so
73b5afc6b000-73b5afc6c000 rw-p 00048000 00:6a 10893127                   /home/ubuntu/.local/lib/python3.10/site-packages/h5py/h5l.cpython-310-x86_64-linux-gnu.so
73b5afc6c000-73b5afc70000 r--p 00000000 00:6a 10893130                   /home/ubuntu/.local/lib/python3.10/site-packages/h5py/h5pl.cpython-310-x86_64-linux-gnu.so
73b5afc70000-73b5afc7d000 r-xp 00004000 00:6a 10893130                   /home/ubuntu/.local/lib/python3.10/site-packages/h5py/h5pl.cpython-310-x86_64-linux-gnu.so
73b5afc7d000-73b5afc81000 r--p 00011000 00:6a 10893130                   /home/ubuntu/.local/lib/python3.10/site-packages/h5py/h5pl.cpython-310-x86_64-linux-gnu.so
73b5afc81000-73b5afc82000 r--p 00015000 00:6a 10893130                   /home/ubuntu/.local/lib/python3.10/site-packages/h5py/h5pl.cpython-310-x86_64-linux-gnu.so
73b5afc82000-73b5afc83000 rw-p 00016000 00:6a 10893130                   /home/ubuntu/.local/lib/python3.10/site-packages/h5py/h5pl.cpython-310-x86_64-linux-gnu.so
73b5afc83000-73b5afc85000 rw-p 00025000 00:6a 10893130                   /home/ubuntu/.local/lib/python3.10/site-packages/h5py/h5pl.cpython-310-x86_64-linux-gnu.so
73b5afc85000-73b5afc86000 rw-p 00027000 00:6a 10893130                   /home/ubuntu/.local/lib/python3.10/site-packages/h5py/h5pl.cpython-310-x86_64-linux-gnu.so
73b5afc86000-73b5afc8c000 r--p 00000000 00:6a 10893124                   /home/ubuntu/.local/lib/python3.10/site-packages/h5py/h5fd.cpython-310-x86_64-linux-gnu.so
73b5afc8c000-73b5afcb6000 r-xp 00006000 00:6a 10893124                   /home/ubuntu/.local/lib/python3.10/site-packages/h5py/h5fd.cpython-310-x86_64-linux-gnu.so
73b5afcb6000-73b5afcbf000 r--p 00030000 00:6a 10893124                   /home/ubuntu/.local/lib/python3.10/site-packages/h5py/h5fd.cpython-310-x86_64-linux-gnu.so
73b5afcbf000-73b5afcc0000 r--p 00039000 00:6a 10893124                   /home/ubuntu/.local/lib/python3.10/site-packages/h5py/h5fd.cpython-310-x86_64-linux-gnu.so
73b5afcc0000-73b5afcc2000 rw-p 0003a000 00:6a 10893124                   /home/ubuntu/.local/lib/python3.10/site-packages/h5py/h5fd.cpython-310-x86_64-linux-gnu.so
73b5afcc2000-73b5afcc5000 rw-p 0005d000 00:6a 10893124                   /home/ubuntu/.local/lib/python3.10/site-packages/h5py/h5fd.cpython-310-x86_64-linux-gnu.so
73b5afcc5000-73b5afcc7000 rw-p 00060000 00:6a 10893124                   /home/ubuntu/.local/lib/python3.10/site-packages/h5py/h5fd.cpython-310-x86_64-linux-gnu.so
73b5afcc7000-73b5afccd000 r--p 00000000 00:6a 10893128                   /home/ubuntu/.local/lib/python3.10/site-packages/h5py/h5o.cpython-310-x86_64-linux-gnu.so
73b5afccd000-73b5afcf0000 r-xp 00006000 00:6a 10893128                   /home/ubuntu/.local/lib/python3.10/site-packages/h5py/h5o.cpython-310-x86_64-linux-gnu.so
73b5afcf0000-73b5afcfa000 r--p 00029000 00:6a 10893128                   /home/ubuntu/.local/lib/python3.10/site-packages/h5py/h5o.cpython-310-x86_64-linux-gnu.so
73b5afcfa000-73b5afcfb000 r--p 00033000 00:6a 10893128                   /home/ubuntu/.local/lib/python3.10/site-packages/h5py/h5o.cpython-310-x86_64-linux-gnu.so
73b5afcfb000-73b5afcfe000 rw-p 00034000 00:6a 10893128                   /home/ubuntu/.local/lib/python3.10/site-packages/h5py/h5o.cpython-310-x86_64-linux-gnu.so
73b5afcfe000-73b5afcff000 rw-p 00000000 00:00 0 
73b5afcff000-73b5afd01000 rw-p 00058000 00:6a 10893128                   /home/ubuntu/.local/lib/python3.10/site-packages/h5py/h5o.cpython-310-x86_64-linux-gnu.so
73b5afd01000-73b5afd02000 rw-p 0005a000 00:6a 10893128                   /home/ubuntu/.local/lib/python3.10/site-packages/h5py/h5o.cpython-310-x86_64-linux-gnu.so
73b5afd02000-73b5afd06000 r--p 00000000 00:6a 10893126                   /home/ubuntu/.local/lib/python3.10/site-packages/h5py/h5i.cpython-310-x86_64-linux-gnu.so
73b5afd06000-73b5afd15000 r-xp 00004000 00:6a 10893126                   /home/ubuntu/.local/lib/python3.10/site-packages/h5py/h5i.cpython-310-x86_64-linux-gnu.so
73b5afd15000-73b5afd1a000 r--p 00013000 00:6a 10893126                   /home/ubuntu/.local/lib/python3.10/site-packages/h5py/h5i.cpython-310-x86_64-linux-gnu.so
73b5afd1a000-73b5afd1b000 r--p 00017000 00:6a 10893126                   /home/ubuntu/.local/lib/python3.10/site-packages/h5py/h5i.cpython-310-x86_64-linux-gnu.so
73b5afd1b000-73b5afd1c000 rw-p 00018000 00:6a 10893126                   /home/ubuntu/.local/lib/python3.10/site-packages/h5py/h5i.cpython-310-x86_64-linux-gnu.so
73b5afd1c000-73b5afd1e000 rw-p 00028000 00:6a 10893126                   /home/ubuntu/.local/lib/python3.10/site-packages/h5py/h5i.cpython-310-x86_64-linux-gnu.so
73b5afd1e000-73b5afd1f000 rw-p 0002a000 00:6a 10893126                   /home/ubuntu/.local/lib/python3.10/site-packages/h5py/h5i.cpython-310-x86_64-linux-gnu.so
73b5afd1f000-73b5afd25000 r--p 00000000 00:6a 10893125                   /home/ubuntu/.local/lib/python3.10/site-packages/h5py/h5g.cpython-310-x86_64-linux-gnu.so
73b5afd25000-73b5afd52000 r-xp 00006000 00:6a 10893125                   /home/ubuntu/.local/lib/python3.10/site-packages/h5py/h5g.cpython-310-x86_64-linux-gnu.so
73b5afd52000-73b5afd5c000 r--p 00033000 00:6a 10893125                   /home/ubuntu/.local/lib/python3.10/site-packages/h5py/h5g.cpython-310-x86_64-linux-gnu.so
73b5afd5c000-73b5afd5e000 r--p 0003c000 00:6a 10893125                   /home/ubuntu/.local/lib/python3.10/site-packages/h5py/h5g.cpython-310-x86_64-linux-gnu.so
73b5afd5e000-73b5afd60000 rw-p 0003e000 00:6a 10893125                   /home/ubuntu/.local/lib/python3.10/site-packages/h5py/h5g.cpython-310-x86_64-linux-gnu.so
73b5afd60000-73b5afd61000 rw-p 00000000 00:00 0 
73b5afd61000-73b5afd63000 rw-p 00063000 00:6a 10893125                   /home/ubuntu/.local/lib/python3.10/site-packages/h5py/h5g.cpython-310-x86_64-linux-gnu.so
73b5afd63000-73b5afd64000 rw-p 00065000 00:6a 10893125                   /home/ubuntu/.local/lib/python3.10/site-packages/h5py/h5g.cpython-310-x86_64-linux-gnu.so
73b5afd64000-73b5afd6a000 r--p 00000000 00:6a 10893123                   /home/ubuntu/.local/lib/python3.10/site-packages/h5py/h5f.cpython-310-x86_64-linux-gnu.so
73b5afd6a000-73b5afd91000 r-xp 00006000 00:6a 10893123                   /home/ubuntu/.local/lib/python3.10/site-packages/h5py/h5f.cpython-310-x86_64-linux-gnu.so
73b5afd91000-73b5afd9b000 r--p 0002d000 00:6a 10893123                   /home/ubuntu/.local/lib/python3.10/site-packages/h5py/h5f.cpython-310-x86_64-linux-gnu.so
73b5afd9b000-73b5afd9c000 r--p 00037000 00:6a 10893123                   /home/ubuntu/.local/lib/python3.10/site-packages/h5py/h5f.cpython-310-x86_64-linux-gnu.so
73b5afd9c000-73b5afd9e000 rw-p 00038000 00:6a 10893123                   /home/ubuntu/.local/lib/python3.10/site-packages/h5py/h5f.cpython-310-x86_64-linux-gnu.so
73b5afd9e000-73b5afd9f000 rw-p 00000000 00:00 0 
73b5afd9f000-73b5afda1000 rw-p 0005b000 00:6a 10893123                   /home/ubuntu/.local/lib/python3.10/site-packages/h5py/h5f.cpython-310-x86_64-linux-gnu.so
73b5afda1000-73b5afda2000 rw-p 0005d000 00:6a 10893123                   /home/ubuntu/.local/lib/python3.10/site-packages/h5py/h5f.cpython-310-x86_64-linux-gnu.so
73b5afda2000-73b5afda7000 r--p 00000000 00:6a 10893122                   /home/ubuntu/.local/lib/python3.10/site-packages/h5py/h5ds.cpython-310-x86_64-linux-gnu.so
73b5afda7000-73b5afdbd000 r-xp 00005000 00:6a 10893122                   /home/ubuntu/.local/lib/python3.10/site-packages/h5py/h5ds.cpython-310-x86_64-linux-gnu.so
73b5afdbd000-73b5afdc3000 r--p 0001b000 00:6a 10893122                   /home/ubuntu/.local/lib/python3.10/site-packages/h5py/h5ds.cpython-310-x86_64-linux-gnu.so
73b5afdc3000-73b5afdc4000 r--p 00021000 00:6a 10893122                   /home/ubuntu/.local/lib/python3.10/site-packages/h5py/h5ds.cpython-310-x86_64-linux-gnu.so
73b5afdc4000-73b5afdc5000 rw-p 00022000 00:6a 10893122                   /home/ubuntu/.local/lib/python3.10/site-packages/h5py/h5ds.cpython-310-x86_64-linux-gnu.so
73b5afdc5000-73b5afdc6000 rw-p 00000000 00:00 0 
73b5afdc6000-73b5afdc8000 rw-p 00037000 00:6a 10893122                   /home/ubuntu/.local/lib/python3.10/site-packages/h5py/h5ds.cpython-310-x86_64-linux-gnu.so
73b5afdc8000-73b5afdc9000 rw-p 00039000 00:6a 10893122                   /home/ubuntu/.local/lib/python3.10/site-packages/h5py/h5ds.cpython-310-x86_64-linux-gnu.so
73b5afdc9000-73b5afdd1000 r--p 00000000 00:6a 10893121                   /home/ubuntu/.local/lib/python3.10/site-packages/h5py/h5d.cpython-310-x86_64-linux-gnu.so
73b5afdd1000-73b5afe19000 r-xp 00008000 00:6a 10893121                   /home/ubuntu/.local/lib/python3.10/site-packages/h5py/h5d.cpython-310-x86_64-linux-gnu.so
73b5afe19000-73b5afe29000 r--p 00050000 00:6a 10893121                   /home/ubuntu/.local/lib/python3.10/site-packages/h5py/h5d.cpython-310-x86_64-linux-gnu.so
73b5afe29000-73b5afe2b000 r--p 00060000 00:6a 10893121                   /home/ubuntu/.local/lib/python3.10/site-packages/h5py/h5d.cpython-310-x86_64-linux-gnu.so
73b5afe2b000-73b5afe2e000 rw-p 00062000 00:6a 10893121                   /home/ubuntu/.local/lib/python3.10/site-packages/h5py/h5d.cpython-310-x86_64-linux-gnu.so
73b5afe2e000-73b5afe2f000 rw-p 00000000 00:00 0 
73b5afe2f000-73b5afe32000 rw-p 0009a000 00:6a 10893121                   /home/ubuntu/.local/lib/python3.10/site-packages/h5py/h5d.cpython-310-x86_64-linux-gnu.so
73b5afe32000-73b5afe34000 rw-p 0009d000 00:6a 10893121                   /home/ubuntu/.local/lib/python3.10/site-packages/h5py/h5d.cpython-310-x86_64-linux-gnu.so
73b5afe34000-73b5afe39000 r--p 00000000 00:6a 10893119                   /home/ubuntu/.local/lib/python3.10/site-packages/h5py/h5a.cpython-310-x86_64-linux-gnu.so
73b5afe39000-73b5afe5c000 r-xp 00005000 00:6a 10893119                   /home/ubuntu/.local/lib/python3.10/site-packages/h5py/h5a.cpython-310-x86_64-linux-gnu.so
73b5afe5c000-73b5afe65000 r--p 00028000 00:6a 10893119                   /home/ubuntu/.local/lib/python3.10/site-packages/h5py/h5a.cpython-310-x86_64-linux-gnu.so
73b5afe65000-73b5afe66000 r--p 00030000 00:6a 10893119                   /home/ubuntu/.local/lib/python3.10/site-packages/h5py/h5a.cpython-310-x86_64-linux-gnu.so
73b5afe66000-73b5afe68000 rw-p 00031000 00:6a 10893119                   /home/ubuntu/.local/lib/python3.10/site-packages/h5py/h5a.cpython-310-x86_64-linux-gnu.so
73b5afe68000-73b5afe69000 rw-p 00000000 00:00 0 
73b5afe69000-73b5afe6b000 rw-p 0004f000 00:6a 10893119                   /home/ubuntu/.local/lib/python3.10/site-packages/h5py/h5a.cpython-310-x86_64-linux-gnu.so
73b5afe6b000-73b5afe6c000 rw-p 00051000 00:6a 10893119                   /home/ubuntu/.local/lib/python3.10/site-packages/h5py/h5a.cpython-310-x86_64-linux-gnu.so
73b5afe6c000-73b5afe70000 r--p 00000000 00:6a 10893135                   /home/ubuntu/.local/lib/python3.10/site-packages/h5py/h5z.cpython-310-x86_64-linux-gnu.so
73b5afe70000-73b5afe7d000 r-xp 00004000 00:6a 10893135                   /home/ubuntu/.local/lib/python3.10/site-packages/h5py/h5z.cpython-310-x86_64-linux-gnu.so
73b5afe7d000-73b5afe81000 r--p 00011000 00:6a 10893135                   /home/ubuntu/.local/lib/python3.10/site-packages/h5py/h5z.cpython-310-x86_64-linux-gnu.so
73b5afe81000-73b5afe82000 r--p 00015000 00:6a 10893135                   /home/ubuntu/.local/lib/python3.10/site-packages/h5py/h5z.cpython-310-x86_64-linux-gnu.so
73b5afe82000-73b5afe83000 rw-p 00016000 00:6a 10893135                   /home/ubuntu/.local/lib/python3.10/site-packages/h5py/h5z.cpython-310-x86_64-linux-gnu.so
73b5afe83000-73b5afe85000 rw-p 00025000 00:6a 10893135                   /home/ubuntu/.local/lib/python3.10/site-packages/h5py/h5z.cpython-310-x86_64-linux-gnu.so
73b5afe85000-73b5afe86000 rw-p 00027000 00:6a 10893135                   /home/ubuntu/.local/lib/python3.10/site-packages/h5py/h5z.cpython-310-x86_64-linux-gnu.so
73b5afe86000-73b5afe89000 r--p 00000000 00:6a 10893115                   /home/ubuntu/.local/lib/python3.10/site-packages/h5py/_proxy.cpython-310-x86_64-linux-gnu.so
73b5afe89000-73b5afe96000 r-xp 00003000 00:6a 10893115                   /home/ubuntu/.local/lib/python3.10/site-packages/h5py/_proxy.cpython-310-x86_64-linux-gnu.so
73b5afe96000-73b5afe99000 r--p 00010000 00:6a 10893115                   /home/ubuntu/.local/lib/python3.10/site-packages/h5py/_proxy.cpython-310-x86_64-linux-gnu.so
73b5afe99000-73b5afe9a000 r--p 00012000 00:6a 10893115                   /home/ubuntu/.local/lib/python3.10/site-packages/h5py/_proxy.cpython-310-x86_64-linux-gnu.so
73b5afe9a000-73b5afe9b000 rw-p 00013000 00:6a 10893115                   /home/ubuntu/.local/lib/python3.10/site-packages/h5py/_proxy.cpython-310-x86_64-linux-gnu.so
73b5afe9b000-73b5afe9d000 rw-p 0001f000 00:6a 10893115                   /home/ubuntu/.local/lib/python3.10/site-packages/h5py/_proxy.cpython-310-x86_64-linux-gnu.so
73b5afe9d000-73b5afe9e000 rw-p 00021000 00:6a 10893115                   /home/ubuntu/.local/lib/python3.10/site-packages/h5py/_proxy.cpython-310-x86_64-linux-gnu.so
73b5afe9e000-73b5afea2000 r--p 00000000 00:6a 10893120                   /home/ubuntu/.local/lib/python3.10/site-packages/h5py/h5ac.cpython-310-x86_64-linux-gnu.so
73b5afea2000-73b5afeb2000 r-xp 00004000 00:6a 10893120                   /home/ubuntu/.local/lib/python3.10/site-packages/h5py/h5ac.cpython-310-x86_64-linux-gnu.so
73b5afeb2000-73b5afeb9000 r--p 00014000 00:6a 10893120                   /home/ubuntu/.local/lib/python3.10/site-packages/h5py/h5ac.cpython-310-x86_64-linux-gnu.so
73b5afeb9000-73b5afeba000 r--p 0001a000 00:6a 10893120                   /home/ubuntu/.local/lib/python3.10/site-packages/h5py/h5ac.cpython-310-x86_64-linux-gnu.so
73b5afeba000-73b5afebc000 rw-p 0001b000 00:6a 10893120                   /home/ubuntu/.local/lib/python3.10/site-packages/h5py/h5ac.cpython-310-x86_64-linux-gnu.so
73b5afebc000-73b5afebe000 rw-p 00032000 00:6a 10893120                   /home/ubuntu/.local/lib/python3.10/site-packages/h5py/h5ac.cpython-310-x86_64-linux-gnu.so
73b5afebe000-73b5afebf000 rw-p 00034000 00:6a 10893120                   /home/ubuntu/.local/lib/python3.10/site-packages/h5py/h5ac.cpython-310-x86_64-linux-gnu.so
73b5afebf000-73b5afecb000 r--p 00000000 00:6a 10893134                   /home/ubuntu/.local/lib/python3.10/site-packages/h5py/h5t.cpython-310-x86_64-linux-gnu.so
73b5afecb000-73b5aff38000 r-xp 0000c000 00:6a 10893134                   /home/ubuntu/.local/lib/python3.10/site-packages/h5py/h5t.cpython-310-x86_64-linux-gnu.so
73b5aff38000-73b5aff4b000 r--p 00079000 00:6a 10893134                   /home/ubuntu/.local/lib/python3.10/site-packages/h5py/h5t.cpython-310-x86_64-linux-gnu.so
73b5aff4b000-73b5aff4e000 r--p 0008b000 00:6a 10893134                   /home/ubuntu/.local/lib/python3.10/site-packages/h5py/h5t.cpython-310-x86_64-linux-gnu.so
73b5aff4e000-73b5aff52000 rw-p 0008e000 00:6a 10893134                   /home/ubuntu/.local/lib/python3.10/site-packages/h5py/h5t.cpython-310-x86_64-linux-gnu.so
73b5aff52000-73b5aff55000 rw-p 00000000 00:00 0 
73b5aff55000-73b5aff58000 rw-p 000e1000 00:6a 10893134                   /home/ubuntu/.local/lib/python3.10/site-packages/h5py/h5t.cpython-310-x86_64-linux-gnu.so
73b5aff58000-73b5aff5a000 rw-p 000e4000 00:6a 10893134                   /home/ubuntu/.local/lib/python3.10/site-packages/h5py/h5t.cpython-310-x86_64-linux-gnu.so
73b5aff5a000-73b5aff66000 r--p 00000000 00:6a 10893129                   /home/ubuntu/.local/lib/python3.10/site-packages/h5py/h5p.cpython-310-x86_64-linux-gnu.so
73b5aff66000-73b5affd8000 r-xp 0000c000 00:6a 10893129                   /home/ubuntu/.local/lib/python3.10/site-packages/h5py/h5p.cpython-310-x86_64-linux-gnu.so
73b5affd8000-73b5afff1000 r--p 0007e000 00:6a 10893129                   /home/ubuntu/.local/lib/python3.10/site-packages/h5py/h5p.cpython-310-x86_64-linux-gnu.so
73b5afff1000-73b5afff4000 r--p 00097000 00:6a 10893129                   /home/ubuntu/.local/lib/python3.10/site-packages/h5py/h5p.cpython-310-x86_64-linux-gnu.so
73b5afff4000-73b5afff9000 rw-p 0009a000 00:6a 10893129                   /home/ubuntu/.local/lib/python3.10/site-packages/h5py/h5p.cpython-310-x86_64-linux-gnu.so
73b5afff9000-73b5afffb000 rw-p 00000000 00:00 0 
73b5afffb000-73b5afffe000 rw-p 000f4000 00:6a 10893129                   /home/ubuntu/.local/lib/python3.10/site-packages/h5py/h5p.cpython-310-x86_64-linux-gnu.so
73b5afffe000-73b5b0000000 rw-p 000f7000 00:6a 10893129                   /home/ubuntu/.local/lib/python3.10/site-packages/h5py/h5p.cpython-310-x86_64-linux-gnu.so
73b5b0000000-73b5b0021000 rw-p 00000000 00:00 0 
73b5b0021000-73b5b4000000 ---p 00000000 00:00 0 
73b5b4004000-73b5b4008000 r--p 00000000 00:6a 10171567                   /home/ubuntu/.local/lib/python3.10/site-packages/wrapt/_wrappers.cpython-310-x86_64-linux-gnu.so
73b5b4008000-73b5b400e000 r-xp 00004000 00:6a 10171567                   /home/ubuntu/.local/lib/python3.10/site-packages/wrapt/_wrappers.cpython-310-x86_64-linux-gnu.so
73b5b400e000-73b5b4011000 r--p 0000a000 00:6a 10171567                   /home/ubuntu/.local/lib/python3.10/site-packages/wrapt/_wrappers.cpython-310-x86_64-linux-gnu.so
73b5b4011000-73b5b4012000 r--p 0000c000 00:6a 10171567                   /home/ubuntu/.local/lib/python3.10/site-packages/wrapt/_wrappers.cpython-310-x86_64-linux-gnu.so
73b5b4012000-73b5b4014000 rw-p 0000d000 00:6a 10171567                   /home/ubuntu/.local/lib/python3.10/site-packages/wrapt/_wrappers.cpython-310-x86_64-linux-gnu.so
73b5b4014000-73b5b401a000 r--p 00000000 00:6a 10893133                   /home/ubuntu/.local/lib/python3.10/site-packages/h5py/h5s.cpython-310-x86_64-linux-gnu.so
73b5b401a000-73b5b403a000 r-xp 00006000 00:6a 10893133                   /home/ubuntu/.local/lib/python3.10/site-packages/h5py/h5s.cpython-310-x86_64-linux-gnu.so
73b5b403a000-73b5b4043000 r--p 00026000 00:6a 10893133                   /home/ubuntu/.local/lib/python3.10/site-packages/h5py/h5s.cpython-310-x86_64-linux-gnu.so
73b5b4043000-73b5b4044000 r--p 0002f000 00:6a 10893133                   /home/ubuntu/.local/lib/python3.10/site-packages/h5py/h5s.cpython-310-x86_64-linux-gnu.so
73b5b4044000-73b5b4046000 rw-p 00030000 00:6a 10893133                   /home/ubuntu/.local/lib/python3.10/site-packages/h5py/h5s.cpython-310-x86_64-linux-gnu.so
73b5b4046000-73b5b4048000 rw-p 0004e000 00:6a 10893133                   /home/ubuntu/.local/lib/python3.10/site-packages/h5py/h5s.cpython-310-x86_64-linux-gnu.so
73b5b4048000-73b5b4049000 rw-p 00050000 00:6a 10893133                   /home/ubuntu/.local/lib/python3.10/site-packages/h5py/h5s.cpython-310-x86_64-linux-gnu.so
73b5b4049000-73b5b404d000 r--p 00000000 00:6a 10893137                   /home/ubuntu/.local/lib/python3.10/site-packages/h5py/utils.cpython-310-x86_64-linux-gnu.so
73b5b404d000-73b5b405d000 r-xp 00004000 00:6a 10893137                   /home/ubuntu/.local/lib/python3.10/site-packages/h5py/utils.cpython-310-x86_64-linux-gnu.so
73b5b405d000-73b5b4062000 r--p 00014000 00:6a 10893137                   /home/ubuntu/.local/lib/python3.10/site-packages/h5py/utils.cpython-310-x86_64-linux-gnu.so
73b5b4062000-73b5b4063000 r--p 00018000 00:6a 10893137                   /home/ubuntu/.local/lib/python3.10/site-packages/h5py/utils.cpython-310-x86_64-linux-gnu.so
73b5b4063000-73b5b4064000 rw-p 00019000 00:6a 10893137                   /home/ubuntu/.local/lib/python3.10/site-packages/h5py/utils.cpython-310-x86_64-linux-gnu.so
73b5b4064000-73b5b4066000 rw-p 00029000 00:6a 10893137                   /home/ubuntu/.local/lib/python3.10/site-packages/h5py/utils.cpython-310-x86_64-linux-gnu.so
73b5b4066000-73b5b4067000 rw-p 0002b000 00:6a 10893137                   /home/ubuntu/.local/lib/python3.10/site-packages/h5py/utils.cpython-310-x86_64-linux-gnu.so
73b5b4067000-73b5b406b000 r--p 00000000 00:6a 10893132                   /home/ubuntu/.local/lib/python3.10/site-packages/h5py/h5r.cpython-310-x86_64-linux-gnu.so
73b5b406b000-73b5b407c000 r-xp 00004000 00:6a 10893132                   /home/ubuntu/.local/lib/python3.10/site-packages/h5py/h5r.cpython-310-x86_64-linux-gnu.so
73b5b407c000-73b5b4082000 r--p 00015000 00:6a 10893132                   /home/ubuntu/.local/lib/python3.10/site-packages/h5py/h5r.cpython-310-x86_64-linux-gnu.so
73b5b4082000-73b5b4083000 r--p 0001a000 00:6a 10893132                   /home/ubuntu/.local/lib/python3.10/site-packages/h5py/h5r.cpython-310-x86_64-linux-gnu.so
73b5b4083000-73b5b4085000 rw-p 0001b000 00:6a 10893132                   /home/ubuntu/.local/lib/python3.10/site-packages/h5py/h5r.cpython-310-x86_64-linux-gnu.so
73b5b4085000-73b5b4087000 rw-p 0002e000 00:6a 10893132                   /home/ubuntu/.local/lib/python3.10/site-packages/h5py/h5r.cpython-310-x86_64-linux-gnu.so
73b5b4087000-73b5b4088000 rw-p 00030000 00:6a 10893132                   /home/ubuntu/.local/lib/python3.10/site-packages/h5py/h5r.cpython-310-x86_64-linux-gnu.so
73b5b4088000-73b5b408f000 r--p 00000000 00:6a 10893111                   /home/ubuntu/.local/lib/python3.10/site-packages/h5py/_conv.cpython-310-x86_64-linux-gnu.so
73b5b408f000-73b5b40c4000 r-xp 00007000 00:6a 10893111                   /home/ubuntu/.local/lib/python3.10/site-packages/h5py/_conv.cpython-310-x86_64-linux-gnu.so
73b5b40c4000-73b5b40cf000 r--p 0003c000 00:6a 10893111                   /home/ubuntu/.local/lib/python3.10/site-packages/h5py/_conv.cpython-310-x86_64-linux-gnu.so
73b5b40cf000-73b5b40d0000 r--p 00047000 00:6a 10893111                   /home/ubuntu/.local/lib/python3.10/site-packages/h5py/_conv.cpython-310-x86_64-linux-gnu.so
73b5b40d0000-73b5b40d2000 rw-p 00048000 00:6a 10893111                   /home/ubuntu/.local/lib/python3.10/site-packages/h5py/_conv.cpython-310-x86_64-linux-gnu.so
73b5b40d2000-73b5b40d3000 rw-p 00000000 00:00 0 
73b5b40d3000-73b5b40d6000 rw-p 00073000 00:6a 10893111                   /home/ubuntu/.local/lib/python3.10/site-packages/h5py/_conv.cpython-310-x86_64-linux-gnu.so
73b5b40d6000-73b5b40d8000 rw-p 00076000 00:6a 10893111                   /home/ubuntu/.local/lib/python3.10/site-packages/h5py/_conv.cpython-310-x86_64-linux-gnu.so
73b5b40d8000-73b5b40de000 r--p 00000000 00:6a 10893114                   /home/ubuntu/.local/lib/python3.10/site-packages/h5py/_objects.cpython-310-x86_64-linux-gnu.so
73b5b40de000-73b5b4100000 r-xp 00006000 00:6a 10893114                   /home/ubuntu/.local/lib/python3.10/site-packages/h5py/_objects.cpython-310-x86_64-linux-gnu.so
73b5b4100000-73b5b4108000 r--p 00028000 00:6a 10893114                   /home/ubuntu/.local/lib/python3.10/site-packages/h5py/_objects.cpython-310-x86_64-linux-gnu.so
73b5b4108000-73b5b4109000 r--p 00030000 00:6a 10893114                   /home/ubuntu/.local/lib/python3.10/site-packages/h5py/_objects.cpython-310-x86_64-linux-gnu.so
73b5b4109000-73b5b410b000 rw-p 00031000 00:6a 10893114                   /home/ubuntu/.local/lib/python3.10/site-packages/h5py/_objects.cpython-310-x86_64-linux-gnu.so
73b5b410b000-73b5b410c000 rw-p 00000000 00:00 0 
73b5b410c000-73b5b410f000 rw-p 00050000 00:6a 10893114                   /home/ubuntu/.local/lib/python3.10/site-packages/h5py/_objects.cpython-310-x86_64-linux-gnu.so
73b5b410f000-73b5b4111000 rw-p 00053000 00:6a 10893114                   /home/ubuntu/.local/lib/python3.10/site-packages/h5py/_objects.cpython-310-x86_64-linux-gnu.so
73b5b4111000-73b5b411c000 r--p 00000000 00:6a 10893117                   /home/ubuntu/.local/lib/python3.10/site-packages/h5py/defs.cpython-310-x86_64-linux-gnu.so
73b5b411c000-73b5b415e000 r-xp 0000b000 00:6a 10893117                   /home/ubuntu/.local/lib/python3.10/site-packages/h5py/defs.cpython-310-x86_64-linux-gnu.so
73b5b415e000-73b5b4171000 r--p 0004d000 00:6a 10893117                   /home/ubuntu/.local/lib/python3.10/site-packages/h5py/defs.cpython-310-x86_64-linux-gnu.so
73b5b4171000-73b5b4173000 r--p 0005f000 00:6a 10893117                   /home/ubuntu/.local/lib/python3.10/site-packages/h5py/defs.cpython-310-x86_64-linux-gnu.so
73b5b4173000-73b5b4174000 rw-p 00061000 00:6a 10893117                   /home/ubuntu/.local/lib/python3.10/site-packages/h5py/defs.cpython-310-x86_64-linux-gnu.so
73b5b4174000-73b5b4175000 rw-p 00000000 00:00 0 
73b5b4175000-73b5b417a000 rw-p 00094000 00:6a 10893117                   /home/ubuntu/.local/lib/python3.10/site-packages/h5py/defs.cpython-310-x86_64-linux-gnu.so
73b5b417a000-73b5b417d000 rw-p 00099000 00:6a 10893117                   /home/ubuntu/.local/lib/python3.10/site-packages/h5py/defs.cpython-310-x86_64-linux-gnu.so
73b5b417d000-73b5b4182000 r--p 00000000 00:6a 10893118                   /home/ubuntu/.local/lib/python3.10/site-packages/h5py/h5.cpython-310-x86_64-linux-gnu.so
73b5b4182000-73b5b419b000 r-xp 00005000 00:6a 10893118                   /home/ubuntu/.local/lib/python3.10/site-packages/h5py/h5.cpython-310-x86_64-linux-gnu.so
73b5b419b000-73b5b41a2000 r--p 0001e000 00:6a 10893118                   /home/ubuntu/.local/lib/python3.10/site-packages/h5py/h5.cpython-310-x86_64-linux-gnu.so
73b5b41a2000-73b5b41a3000 r--p 00025000 00:6a 10893118                   /home/ubuntu/.local/lib/python3.10/site-packages/h5py/h5.cpython-310-x86_64-linux-gnu.so
73b5b41a3000-73b5b41a5000 rw-p 00026000 00:6a 10893118                   /home/ubuntu/.local/lib/python3.10/site-packages/h5py/h5.cpython-310-x86_64-linux-gnu.so
73b5b41a5000-73b5b41a7000 rw-p 0003f000 00:6a 10893118                   /home/ubuntu/.local/lib/python3.10/site-packages/h5py/h5.cpython-310-x86_64-linux-gnu.so
73b5b41a7000-73b5b41a8000 rw-p 00041000 00:6a 10893118                   /home/ubuntu/.local/lib/python3.10/site-packages/h5py/h5.cpython-310-x86_64-linux-gnu.so
73b5b41a8000-73b5b41ae000 r--p 00000000 00:6a 10893204                   /home/ubuntu/.local/lib/python3.10/site-packages/h5py.libs/libhdf5_hl-0ce065ed.so.310.0.6
73b5b41ae000-73b5b41c5000 r-xp 00006000 00:6a 10893204                   /home/ubuntu/.local/lib/python3.10/site-packages/h5py.libs/libhdf5_hl-0ce065ed.so.310.0.6
73b5b41c5000-73b5b41ca000 r--p 0001d000 00:6a 10893204                   /home/ubuntu/.local/lib/python3.10/site-packages/h5py.libs/libhdf5_hl-0ce065ed.so.310.0.6
73b5b41ca000-73b5b41cb000 r--p 00022000 00:6a 10893204                   /home/ubuntu/.local/lib/python3.10/site-packages/h5py.libs/libhdf5_hl-0ce065ed.so.310.0.6
73b5b41cb000-73b5b41cc000 rw-p 00023000 00:6a 10893204                   /home/ubuntu/.local/lib/python3.10/site-packages/h5py.libs/libhdf5_hl-0ce065ed.so.310.0.6
73b5b41cc000-73b5b41cd000 rw-p 00000000 00:00 0 
73b5b41cd000-73b5b41cf000 rw-p 00029000 00:6a 10893204                   /home/ubuntu/.local/lib/python3.10/site-packages/h5py.libs/libhdf5_hl-0ce065ed.so.310.0.6
73b5b41cf000-73b5b41d1000 rw-p 0002b000 00:6a 10893204                   /home/ubuntu/.local/lib/python3.10/site-packages/h5py.libs/libhdf5_hl-0ce065ed.so.310.0.6
73b5b41d1000-73b5b41d5000 r--p 00000000 00:6a 10893112                   /home/ubuntu/.local/lib/python3.10/site-packages/h5py/_errors.cpython-310-x86_64-linux-gnu.so
73b5b41d5000-73b5b41e1000 r-xp 00004000 00:6a 10893112                   /home/ubuntu/.local/lib/python3.10/site-packages/h5py/_errors.cpython-310-x86_64-linux-gnu.so
73b5b41e1000-73b5b41e4000 r--p 00010000 00:6a 10893112                   /home/ubuntu/.local/lib/python3.10/site-packages/h5py/_errors.cpython-310-x86_64-linux-gnu.so
73b5b41e4000-73b5b41e5000 r--p 00013000 00:6a 10893112                   /home/ubuntu/.local/lib/python3.10/site-packages/h5py/_errors.cpython-310-x86_64-linux-gnu.so
73b5b41e5000-73b5b41e6000 rw-p 00014000 00:6a 10893112                   /home/ubuntu/.local/lib/python3.10/site-packages/h5py/_errors.cpython-310-x86_64-linux-gnu.so
73b5b41e6000-73b5b41e8000 rw-p 00022000 00:6a 10893112                   /home/ubuntu/.local/lib/python3.10/site-packages/h5py/_errors.cpython-310-x86_64-linux-gnu.so
73b5b41e8000-73b5b41e9000 rw-p 00024000 00:6a 10893112                   /home/ubuntu/.local/lib/python3.10/site-packages/h5py/_errors.cpython-310-x86_64-linux-gnu.so
73b5b41e9000-73b5b42e9000 rw-p 00000000 00:00 0 
73b5b42e9000-73b5b42ee000 r--p 00000000 00:6a 10173769                   /home/ubuntu/.local/lib/python3.10/site-packages/pyarrow/_json.cpython-310-x86_64-linux-gnu.so
73b5b42ee000-73b5b42fc000 r-xp 00005000 00:6a 10173769                   /home/ubuntu/.local/lib/python3.10/site-packages/pyarrow/_json.cpython-310-x86_64-linux-gnu.so
73b5b42fc000-73b5b4301000 r--p 00013000 00:6a 10173769                   /home/ubuntu/.local/lib/python3.10/site-packages/pyarrow/_json.cpython-310-x86_64-linux-gnu.so
73b5b4301000-73b5b4302000 r--p 00018000 00:6a 10173769                   /home/ubuntu/.local/lib/python3.10/site-packages/pyarrow/_json.cpython-310-x86_64-linux-gnu.so
73b5b4302000-73b5b4304000 rw-p 00019000 00:6a 10173769                   /home/ubuntu/.local/lib/python3.10/site-packages/pyarrow/_json.cpython-310-x86_64-linux-gnu.so
73b5b4304000-73b5b4404000 rw-p 00000000 00:00 0 
73b5b4404000-73b5b4407000 r--p 00000000 00:6a 10171548                   /home/ubuntu/.local/lib/python3.10/site-packages/xxhash/_xxhash.cpython-310-x86_64-linux-gnu.so
73b5b4407000-73b5b4412000 r-xp 00003000 00:6a 10171548                   /home/ubuntu/.local/lib/python3.10/site-packages/xxhash/_xxhash.cpython-310-x86_64-linux-gnu.so
73b5b4412000-73b5b4415000 r--p 0000e000 00:6a 10171548                   /home/ubuntu/.local/lib/python3.10/site-packages/xxhash/_xxhash.cpython-310-x86_64-linux-gnu.so
73b5b4415000-73b5b4416000 r--p 00010000 00:6a 10171548                   /home/ubuntu/.local/lib/python3.10/site-packages/xxhash/_xxhash.cpython-310-x86_64-linux-gnu.so
73b5b4416000-73b5b4418000 rw-p 00011000 00:6a 10171548                   /home/ubuntu/.local/lib/python3.10/site-packages/xxhash/_xxhash.cpython-310-x86_64-linux-gnu.so
73b5b4418000-73b5b4718000 rw-p 00000000 00:00 0 
73b5b4718000-73b5b471f000 r--p 00000000 00:6a 10173784                   /home/ubuntu/.local/lib/python3.10/site-packages/pyarrow/_s3fs.cpython-310-x86_64-linux-gnu.so
73b5b471f000-73b5b473a000 r-xp 00007000 00:6a 10173784                   /home/ubuntu/.local/lib/python3.10/site-packages/pyarrow/_s3fs.cpython-310-x86_64-linux-gnu.so
73b5b473a000-73b5b4741000 r--p 00022000 00:6a 10173784                   /home/ubuntu/.local/lib/python3.10/site-packages/pyarrow/_s3fs.cpython-310-x86_64-linux-gnu.so
73b5b4741000-73b5b4742000 r--p 00029000 00:6a 10173784                   /home/ubuntu/.local/lib/python3.10/site-packages/pyarrow/_s3fs.cpython-310-x86_64-linux-gnu.so
73b5b4742000-73b5b4744000 rw-p 0002a000 00:6a 10173784                   /home/ubuntu/.local/lib/python3.10/site-packages/pyarrow/_s3fs.cpython-310-x86_64-linux-gnu.so
73b5b4744000-73b5b474a000 r--p 00000000 00:6a 10173764                   /home/ubuntu/.local/lib/python3.10/site-packages/pyarrow/_gcsfs.cpython-310-x86_64-linux-gnu.so
73b5b474a000-73b5b475a000 r-xp 00006000 00:6a 10173764                   /home/ubuntu/.local/lib/python3.10/site-packages/pyarrow/_gcsfs.cpython-310-x86_64-linux-gnu.so
73b5b475a000-73b5b475e000 r--p 00016000 00:6a 10173764                   /home/ubuntu/.local/lib/python3.10/site-packages/pyarrow/_gcsfs.cpython-310-x86_64-linux-gnu.so
73b5b475e000-73b5b475f000 r--p 0001a000 00:6a 10173764                   /home/ubuntu/.local/lib/python3.10/site-packages/pyarrow/_gcsfs.cpython-310-x86_64-linux-gnu.so
73b5b475f000-73b5b4760000 rw-p 0001b000 00:6a 10173764                   /home/ubuntu/.local/lib/python3.10/site-packages/pyarrow/_gcsfs.cpython-310-x86_64-linux-gnu.so
73b5b4760000-73b5b4761000 rw-p 00000000 00:00 0 
73b5b4761000-73b5b4767000 r--p 00000000 00:6a 10173767                   /home/ubuntu/.local/lib/python3.10/site-packages/pyarrow/_hdfs.cpython-310-x86_64-linux-gnu.so
73b5b4767000-73b5b4777000 r-xp 00006000 00:6a 10173767                   /home/ubuntu/.local/lib/python3.10/site-packages/pyarrow/_hdfs.cpython-310-x86_64-linux-gnu.so
73b5b4777000-73b5b477b000 r--p 00016000 00:6a 10173767                   /home/ubuntu/.local/lib/python3.10/site-packages/pyarrow/_hdfs.cpython-310-x86_64-linux-gnu.so
73b5b477b000-73b5b477c000 r--p 0001a000 00:6a 10173767                   /home/ubuntu/.local/lib/python3.10/site-packages/pyarrow/_hdfs.cpython-310-x86_64-linux-gnu.so
73b5b477c000-73b5b477d000 rw-p 0001b000 00:6a 10173767                   /home/ubuntu/.local/lib/python3.10/site-packages/pyarrow/_hdfs.cpython-310-x86_64-linux-gnu.so
73b5b477d000-73b5b477e000 rw-p 00000000 00:00 0 
73b5b477e000-73b5b478c000 r--p 00000000 00:6a 10173761                   /home/ubuntu/.local/lib/python3.10/site-packages/pyarrow/_fs.cpython-310-x86_64-linux-gnu.so
73b5b478c000-73b5b47c1000 r-xp 0000e000 00:6a 10173761                   /home/ubuntu/.local/lib/python3.10/site-packages/pyarrow/_fs.cpython-310-x86_64-linux-gnu.so
73b5b47c1000-73b5b47d4000 r--p 00043000 00:6a 10173761                   /home/ubuntu/.local/lib/python3.10/site-packages/pyarrow/_fs.cpython-310-x86_64-linux-gnu.so
73b5b47d4000-73b5b47d6000 r--p 00056000 00:6a 10173761                   /home/ubuntu/.local/lib/python3.10/site-packages/pyarrow/_fs.cpython-310-x86_64-linux-gnu.so
73b5b47d6000-73b5b47d9000 rw-p 00058000 00:6a 10173761                   /home/ubuntu/.local/lib/python3.10/site-packages/pyarrow/_fs.cpython-310-x86_64-linux-gnu.so
73b5b47d9000-73b5b47da000 rw-p 00000000 00:00 0 
73b5b47da000-73b5b47ed000 r--p 00000000 00:6a 10173775                   /home/ubuntu/.local/lib/python3.10/site-packages/pyarrow/_parquet.cpython-310-x86_64-linux-gnu.so
73b5b47ed000-73b5b4841000 r-xp 00013000 00:6a 10173775                   /home/ubuntu/.local/lib/python3.10/site-packages/pyarrow/_parquet.cpython-310-x86_64-linux-gnu.so
73b5b4841000-73b5b4856000 r--p 00067000 00:6a 10173775                   /home/ubuntu/.local/lib/python3.10/site-packages/pyarrow/_parquet.cpython-310-x86_64-linux-gnu.so
73b5b4856000-73b5b4859000 r--p 0007b000 00:6a 10173775                   /home/ubuntu/.local/lib/python3.10/site-packages/pyarrow/_parquet.cpython-310-x86_64-linux-gnu.so
73b5b4859000-73b5b485e000 rw-p 0007e000 00:6a 10173775                   /home/ubuntu/.local/lib/python3.10/site-packages/pyarrow/_parquet.cpython-310-x86_64-linux-gnu.so
73b5b485e000-73b5b4d60000 rw-p 00000000 00:00 0 
73b5b4d60000-73b5b4d64000 r--p 00000000 00:6a 10235694                   /home/ubuntu/.local/lib/python3.10/site-packages/sklearn/metrics/_pairwise_fast.cpython-310-x86_64-linux-gnu.so
73b5b4d64000-73b5b4d7c000 r-xp 00004000 00:6a 10235694                   /home/ubuntu/.local/lib/python3.10/site-packages/sklearn/metrics/_pairwise_fast.cpython-310-x86_64-linux-gnu.so
73b5b4d7c000-73b5b4d81000 r--p 0001c000 00:6a 10235694                   /home/ubuntu/.local/lib/python3.10/site-packages/sklearn/metrics/_pairwise_fast.cpython-310-x86_64-linux-gnu.so
73b5b4d81000-73b5b4d82000 ---p 00021000 00:6a 10235694                   /home/ubuntu/.local/lib/python3.10/site-packages/sklearn/metrics/_pairwise_fast.cpython-310-x86_64-linux-gnu.so
73b5b4d82000-73b5b4d83000 r--p 00021000 00:6a 10235694                   /home/ubuntu/.local/lib/python3.10/site-packages/sklearn/metrics/_pairwise_fast.cpython-310-x86_64-linux-gnu.so
73b5b4d83000-73b5b4d84000 rw-p 00022000 00:6a 10235694                   /home/ubuntu/.local/lib/python3.10/site-packages/sklearn/metrics/_pairwise_fast.cpython-310-x86_64-linux-gnu.so
73b5b4d84000-73b5b4d85000 rw-p 00000000 00:00 0 
73b5b4d85000-73b5b4d87000 rw-p 00029000 00:6a 10235694                   /home/ubuntu/.local/lib/python3.10/site-packages/sklearn/metrics/_pairwise_fast.cpython-310-x86_64-linux-gnu.so
73b5b4d87000-73b5b4d88000 rw-p 0002b000 00:6a 10235694                   /home/ubuntu/.local/lib/python3.10/site-packages/sklearn/metrics/_pairwise_fast.cpython-310-x86_64-linux-gnu.so
73b5b4d88000-73b5b4d8d000 r--p 00000000 00:6a 10235722                   /home/ubuntu/.local/lib/python3.10/site-packages/sklearn/metrics/_pairwise_distances_reduction/_radius_neighbors_classmode.cpython-310-x86_64-linux-gnu.so
73b5b4d8d000-73b5b4da4000 r-xp 00005000 00:6a 10235722                   /home/ubuntu/.local/lib/python3.10/site-packages/sklearn/metrics/_pairwise_distances_reduction/_radius_neighbors_classmode.cpython-310-x86_64-linux-gnu.so
73b5b4da4000-73b5b4daa000 r--p 0001c000 00:6a 10235722                   /home/ubuntu/.local/lib/python3.10/site-packages/sklearn/metrics/_pairwise_distances_reduction/_radius_neighbors_classmode.cpython-310-x86_64-linux-gnu.so
73b5b4daa000-73b5b4dab000 ---p 00022000 00:6a 10235722                   /home/ubuntu/.local/lib/python3.10/site-packages/sklearn/metrics/_pairwise_distances_reduction/_radius_neighbors_classmode.cpython-310-x86_64-linux-gnu.so
73b5b4dab000-73b5b4dac000 r--p 00022000 00:6a 10235722                   /home/ubuntu/.local/lib/python3.10/site-packages/sklearn/metrics/_pairwise_distances_reduction/_radius_neighbors_classmode.cpython-310-x86_64-linux-gnu.so
73b5b4dac000-73b5b4dad000 rw-p 00023000 00:6a 10235722                   /home/ubuntu/.local/lib/python3.10/site-packages/sklearn/metrics/_pairwise_distances_reduction/_radius_neighbors_classmode.cpython-310-x86_64-linux-gnu.so
73b5b4dad000-73b5b4dae000 rw-p 00000000 00:00 0 
73b5b4dae000-73b5b4db0000 rw-p 0002f000 00:6a 10235722                   /home/ubuntu/.local/lib/python3.10/site-packages/sklearn/metrics/_pairwise_distances_reduction/_radius_neighbors_classmode.cpython-310-x86_64-linux-gnu.so
73b5b4db0000-73b5b4db1000 rw-p 00031000 00:6a 10235722                   /home/ubuntu/.local/lib/python3.10/site-packages/sklearn/metrics/_pairwise_distances_reduction/_radius_neighbors_classmode.cpython-310-x86_64-linux-gnu.so
73b5b4db1000-73b5b4db6000 r--p 00000000 00:6a 10236017                   /home/ubuntu/.local/lib/python3.10/site-packages/sklearn/utils/_vector_sentinel.cpython-310-x86_64-linux-gnu.so
73b5b4db6000-73b5b4dc9000 r-xp 00005000 00:6a 10236017                   /home/ubuntu/.local/lib/python3.10/site-packages/sklearn/utils/_vector_sentinel.cpython-310-x86_64-linux-gnu.so
73b5b4dc9000-73b5b4dce000 r--p 00018000 00:6a 10236017                   /home/ubuntu/.local/lib/python3.10/site-packages/sklearn/utils/_vector_sentinel.cpython-310-x86_64-linux-gnu.so
73b5b4dce000-73b5b4dcf000 ---p 0001d000 00:6a 10236017                   /home/ubuntu/.local/lib/python3.10/site-packages/sklearn/utils/_vector_sentinel.cpython-310-x86_64-linux-gnu.so
73b5b4dcf000-73b5b4dd0000 r--p 0001d000 00:6a 10236017                   /home/ubuntu/.local/lib/python3.10/site-packages/sklearn/utils/_vector_sentinel.cpython-310-x86_64-linux-gnu.so
73b5b4dd0000-73b5b4dd2000 rw-p 0001e000 00:6a 10236017                   /home/ubuntu/.local/lib/python3.10/site-packages/sklearn/utils/_vector_sentinel.cpython-310-x86_64-linux-gnu.so
73b5b4dd2000-73b5b4dd8000 r--p 00000000 00:6a 10235719                   /home/ubuntu/.local/lib/python3.10/site-packages/sklearn/metrics/_pairwise_distances_reduction/_radius_neighbors.cpython-310-x86_64-linux-gnu.so
73b5b4dd8000-73b5b4dfa000 r-xp 00006000 00:6a 10235719                   /home/ubuntu/.local/lib/python3.10/site-packages/sklearn/metrics/_pairwise_distances_reduction/_radius_neighbors.cpython-310-x86_64-linux-gnu.so
73b5b4dfa000-73b5b4e03000 r--p 00028000 00:6a 10235719                   /home/ubuntu/.local/lib/python3.10/site-packages/sklearn/metrics/_pairwise_distances_reduction/_radius_neighbors.cpython-310-x86_64-linux-gnu.so
73b5b4e03000-73b5b4e04000 ---p 00031000 00:6a 10235719                   /home/ubuntu/.local/lib/python3.10/site-packages/sklearn/metrics/_pairwise_distances_reduction/_radius_neighbors.cpython-310-x86_64-linux-gnu.so
73b5b4e04000-73b5b4e05000 r--p 00031000 00:6a 10235719                   /home/ubuntu/.local/lib/python3.10/site-packages/sklearn/metrics/_pairwise_distances_reduction/_radius_neighbors.cpython-310-x86_64-linux-gnu.so
73b5b4e05000-73b5b4e07000 rw-p 00032000 00:6a 10235719                   /home/ubuntu/.local/lib/python3.10/site-packages/sklearn/metrics/_pairwise_distances_reduction/_radius_neighbors.cpython-310-x86_64-linux-gnu.so
73b5b4e07000-73b5b4e08000 rw-p 00000000 00:00 0 
73b5b4e08000-73b5b4e0a000 rw-p 00045000 00:6a 10235719                   /home/ubuntu/.local/lib/python3.10/site-packages/sklearn/metrics/_pairwise_distances_reduction/_radius_neighbors.cpython-310-x86_64-linux-gnu.so
73b5b4e0a000-73b5b4e0c000 rw-p 00047000 00:6a 10235719                   /home/ubuntu/.local/lib/python3.10/site-packages/sklearn/metrics/_pairwise_distances_reduction/_radius_neighbors.cpython-310-x86_64-linux-gnu.so
73b5b4e0c000-73b5b4e10000 r--p 00000000 00:6a 10235706                   /home/ubuntu/.local/lib/python3.10/site-packages/sklearn/metrics/_pairwise_distances_reduction/_argkmin_classmode.cpython-310-x86_64-linux-gnu.so
73b5b4e10000-73b5b4e23000 r-xp 00004000 00:6a 10235706                   /home/ubuntu/.local/lib/python3.10/site-packages/sklearn/metrics/_pairwise_distances_reduction/_argkmin_classmode.cpython-310-x86_64-linux-gnu.so
73b5b4e23000-73b5b4e29000 r--p 00017000 00:6a 10235706                   /home/ubuntu/.local/lib/python3.10/site-packages/sklearn/metrics/_pairwise_distances_reduction/_argkmin_classmode.cpython-310-x86_64-linux-gnu.so
73b5b4e29000-73b5b4e2a000 r--p 0001c000 00:6a 10235706                   /home/ubuntu/.local/lib/python3.10/site-packages/sklearn/metrics/_pairwise_distances_reduction/_argkmin_classmode.cpython-310-x86_64-linux-gnu.so
73b5b4e2a000-73b5b4e2b000 rw-p 0001d000 00:6a 10235706                   /home/ubuntu/.local/lib/python3.10/site-packages/sklearn/metrics/_pairwise_distances_reduction/_argkmin_classmode.cpython-310-x86_64-linux-gnu.so
73b5b4e2b000-73b5b4e2c000 rw-p 00000000 00:00 0 
73b5b4e2c000-73b5b4e2e000 rw-p 00027000 00:6a 10235706                   /home/ubuntu/.local/lib/python3.10/site-packages/sklearn/metrics/_pairwise_distances_reduction/_argkmin_classmode.cpython-310-x86_64-linux-gnu.so
73b5b4e2e000-73b5b4e2f000 rw-p 00029000 00:6a 10235706                   /home/ubuntu/.local/lib/python3.10/site-packages/sklearn/metrics/_pairwise_distances_reduction/_argkmin_classmode.cpython-310-x86_64-linux-gnu.so
73b5b4e2f000-73b5b4e35000 r--p 00000000 00:6a 10235716                   /home/ubuntu/.local/lib/python3.10/site-packages/sklearn/metrics/_pairwise_distances_reduction/_middle_term_computer.cpython-310-x86_64-linux-gnu.so
73b5b4e35000-73b5b4e6b000 r-xp 00006000 00:6a 10235716                   /home/ubuntu/.local/lib/python3.10/site-packages/sklearn/metrics/_pairwise_distances_reduction/_middle_term_computer.cpython-310-x86_64-linux-gnu.so
73b5b4e6b000-73b5b4e77000 r--p 0003c000 00:6a 10235716                   /home/ubuntu/.local/lib/python3.10/site-packages/sklearn/metrics/_pairwise_distances_reduction/_middle_term_computer.cpython-310-x86_64-linux-gnu.so
73b5b4e77000-73b5b4e78000 r--p 00047000 00:6a 10235716                   /home/ubuntu/.local/lib/python3.10/site-packages/sklearn/metrics/_pairwise_distances_reduction/_middle_term_computer.cpython-310-x86_64-linux-gnu.so
73b5b4e78000-73b5b4e7a000 rw-p 00048000 00:6a 10235716                   /home/ubuntu/.local/lib/python3.10/site-packages/sklearn/metrics/_pairwise_distances_reduction/_middle_term_computer.cpython-310-x86_64-linux-gnu.so
73b5b4e7a000-73b5b4e7b000 rw-p 00000000 00:00 0 
73b5b4e7b000-73b5b4e80000 r--p 00000000 00:6a 10235973                   /home/ubuntu/.local/lib/python3.10/site-packages/sklearn/utils/_cython_blas.cpython-310-x86_64-linux-gnu.so
73b5b4e80000-73b5b4ebf000 r-xp 00005000 00:6a 10235973                   /home/ubuntu/.local/lib/python3.10/site-packages/sklearn/utils/_cython_blas.cpython-310-x86_64-linux-gnu.so
73b5b4ebf000-73b5b4ec8000 r--p 00044000 00:6a 10235973                   /home/ubuntu/.local/lib/python3.10/site-packages/sklearn/utils/_cython_blas.cpython-310-x86_64-linux-gnu.so
73b5b4ec8000-73b5b4ec9000 r--p 0004c000 00:6a 10235973                   /home/ubuntu/.local/lib/python3.10/site-packages/sklearn/utils/_cython_blas.cpython-310-x86_64-linux-gnu.so
73b5b4ec9000-73b5b4ecb000 rw-p 0004d000 00:6a 10235973                   /home/ubuntu/.local/lib/python3.10/site-packages/sklearn/utils/_cython_blas.cpython-310-x86_64-linux-gnu.so
73b5b4ecb000-73b5b4ed1000 r--p 00000000 00:6a 10235712                   /home/ubuntu/.local/lib/python3.10/site-packages/sklearn/metrics/_pairwise_distances_reduction/_datasets_pair.cpython-310-x86_64-linux-gnu.so
73b5b4ed1000-73b5b4f05000 r-xp 00006000 00:6a 10235712                   /home/ubuntu/.local/lib/python3.10/site-packages/sklearn/metrics/_pairwise_distances_reduction/_datasets_pair.cpython-310-x86_64-linux-gnu.so
73b5b4f05000-73b5b4f11000 r--p 0003a000 00:6a 10235712                   /home/ubuntu/.local/lib/python3.10/site-packages/sklearn/metrics/_pairwise_distances_reduction/_datasets_pair.cpython-310-x86_64-linux-gnu.so
73b5b4f11000-73b5b4f12000 ---p 00046000 00:6a 10235712                   /home/ubuntu/.local/lib/python3.10/site-packages/sklearn/metrics/_pairwise_distances_reduction/_datasets_pair.cpython-310-x86_64-linux-gnu.so
73b5b4f12000-73b5b4f13000 r--p 00046000 00:6a 10235712                   /home/ubuntu/.local/lib/python3.10/site-packages/sklearn/metrics/_pairwise_distances_reduction/_datasets_pair.cpython-310-x86_64-linux-gnu.so
73b5b4f13000-73b5b4f16000 rw-p 00047000 00:6a 10235712                   /home/ubuntu/.local/lib/python3.10/site-packages/sklearn/metrics/_pairwise_distances_reduction/_datasets_pair.cpython-310-x86_64-linux-gnu.so
73b5b4f16000-73b5b4f1b000 r--p 00000000 00:6a 10235708                   /home/ubuntu/.local/lib/python3.10/site-packages/sklearn/metrics/_pairwise_distances_reduction/_base.cpython-310-x86_64-linux-gnu.so
73b5b4f1b000-73b5b4f37000 r-xp 00005000 00:6a 10235708                   /home/ubuntu/.local/lib/python3.10/site-packages/sklearn/metrics/_pairwise_distances_reduction/_base.cpython-310-x86_64-linux-gnu.so
73b5b4f37000-73b5b4f3e000 r--p 00021000 00:6a 10235708                   /home/ubuntu/.local/lib/python3.10/site-packages/sklearn/metrics/_pairwise_distances_reduction/_base.cpython-310-x86_64-linux-gnu.so
73b5b4f3e000-73b5b4f3f000 r--p 00027000 00:6a 10235708                   /home/ubuntu/.local/lib/python3.10/site-packages/sklearn/metrics/_pairwise_distances_reduction/_base.cpython-310-x86_64-linux-gnu.so
73b5b4f3f000-73b5b4f41000 rw-p 00028000 00:6a 10235708                   /home/ubuntu/.local/lib/python3.10/site-packages/sklearn/metrics/_pairwise_distances_reduction/_base.cpython-310-x86_64-linux-gnu.so
73b5b4f41000-73b5b4f43000 rw-p 00037000 00:6a 10235708                   /home/ubuntu/.local/lib/python3.10/site-packages/sklearn/metrics/_pairwise_distances_reduction/_base.cpython-310-x86_64-linux-gnu.so
73b5b4f43000-73b5b4f44000 rw-p 00039000 00:6a 10235708                   /home/ubuntu/.local/lib/python3.10/site-packages/sklearn/metrics/_pairwise_distances_reduction/_base.cpython-310-x86_64-linux-gnu.so
73b5b4f44000-73b5b4f49000 r--p 00000000 00:6a 10235703                   /home/ubuntu/.local/lib/python3.10/site-packages/sklearn/metrics/_pairwise_distances_reduction/_argkmin.cpython-310-x86_64-linux-gnu.so
73b5b4f49000-73b5b4f6a000 r-xp 00005000 00:6a 10235703                   /home/ubuntu/.local/lib/python3.10/site-packages/sklearn/metrics/_pairwise_distances_reduction/_argkmin.cpython-310-x86_64-linux-gnu.so
73b5b4f6a000-73b5b4f72000 r--p 00026000 00:6a 10235703                   /home/ubuntu/.local/lib/python3.10/site-packages/sklearn/metrics/_pairwise_distances_reduction/_argkmin.cpython-310-x86_64-linux-gnu.so
73b5b4f72000-73b5b4f73000 r--p 0002d000 00:6a 10235703                   /home/ubuntu/.local/lib/python3.10/site-packages/sklearn/metrics/_pairwise_distances_reduction/_argkmin.cpython-310-x86_64-linux-gnu.so
73b5b4f73000-73b5b4f75000 rw-p 0002e000 00:6a 10235703                   /home/ubuntu/.local/lib/python3.10/site-packages/sklearn/metrics/_pairwise_distances_reduction/_argkmin.cpython-310-x86_64-linux-gnu.so
73b5b4f75000-73b5b4f76000 rw-p 00000000 00:00 0 
73b5b4f76000-73b5b4f78000 rw-p 0003f000 00:6a 10235703                   /home/ubuntu/.local/lib/python3.10/site-packages/sklearn/metrics/_pairwise_distances_reduction/_argkmin.cpython-310-x86_64-linux-gnu.so
73b5b4f78000-73b5b4f79000 rw-p 00041000 00:6a 10235703                   /home/ubuntu/.local/lib/python3.10/site-packages/sklearn/metrics/_pairwise_distances_reduction/_argkmin.cpython-310-x86_64-linux-gnu.so
73b5b4f79000-73b5b4f82000 r--p 00000000 00:6a 10235690                   /home/ubuntu/.local/lib/python3.10/site-packages/sklearn/metrics/_dist_metrics.cpython-310-x86_64-linux-gnu.so
73b5b4f82000-73b5b4fe0000 r-xp 00009000 00:6a 10235690                   /home/ubuntu/.local/lib/python3.10/site-packages/sklearn/metrics/_dist_metrics.cpython-310-x86_64-linux-gnu.so
73b5b4fe0000-73b5b4ff5000 r--p 00067000 00:6a 10235690                   /home/ubuntu/.local/lib/python3.10/site-packages/sklearn/metrics/_dist_metrics.cpython-310-x86_64-linux-gnu.so
73b5b4ff5000-73b5b4ff7000 r--p 0007b000 00:6a 10235690                   /home/ubuntu/.local/lib/python3.10/site-packages/sklearn/metrics/_dist_metrics.cpython-310-x86_64-linux-gnu.so
73b5b4ff7000-73b5b4ffd000 rw-p 0007d000 00:6a 10235690                   /home/ubuntu/.local/lib/python3.10/site-packages/sklearn/metrics/_dist_metrics.cpython-310-x86_64-linux-gnu.so
73b5b4ffd000-73b5b5000000 rw-p 00000000 00:00 0 
73b5b5000000-73b5b5025000 r-xp 00000000 00:6a 10235043                   /home/ubuntu/.local/lib/python3.10/site-packages/scikit_learn.libs/libgomp-a34b3233.so.1.0.0
73b5b5025000-73b5b5224000 ---p 00025000 00:6a 10235043                   /home/ubuntu/.local/lib/python3.10/site-packages/scikit_learn.libs/libgomp-a34b3233.so.1.0.0
73b5b5224000-73b5b5225000 r--p 00024000 00:6a 10235043                   /home/ubuntu/.local/lib/python3.10/site-packages/scikit_learn.libs/libgomp-a34b3233.so.1.0.0
73b5b5225000-73b5b5226000 rw-p 00025000 00:6a 10235043                   /home/ubuntu/.local/lib/python3.10/site-packages/scikit_learn.libs/libgomp-a34b3233.so.1.0.0
73b5b5226000-73b5b522a000 rw-p 00026000 00:6a 10235043                   /home/ubuntu/.local/lib/python3.10/site-packages/scikit_learn.libs/libgomp-a34b3233.so.1.0.0
73b5b522b000-73b5b5230000 r--p 00000000 00:6a 10173735                   /home/ubuntu/.local/lib/python3.10/site-packages/pyarrow/_azurefs.cpython-310-x86_64-linux-gnu.so
73b5b5230000-73b5b5240000 r-xp 00005000 00:6a 10173735                   /home/ubuntu/.local/lib/python3.10/site-packages/pyarrow/_azurefs.cpython-310-x86_64-linux-gnu.so
73b5b5240000-73b5b5244000 r--p 00015000 00:6a 10173735                   /home/ubuntu/.local/lib/python3.10/site-packages/pyarrow/_azurefs.cpython-310-x86_64-linux-gnu.so
73b5b5244000-73b5b5245000 r--p 00019000 00:6a 10173735                   /home/ubuntu/.local/lib/python3.10/site-packages/pyarrow/_azurefs.cpython-310-x86_64-linux-gnu.so
73b5b5245000-73b5b5246000 rw-p 0001a000 00:6a 10173735                   /home/ubuntu/.local/lib/python3.10/site-packages/pyarrow/_azurefs.cpython-310-x86_64-linux-gnu.so
73b5b5246000-73b5b5247000 rw-p 00000000 00:00 0 
73b5b5247000-73b5b524c000 r--p 00000000 00:6a 10235850                   /home/ubuntu/.local/lib/python3.10/site-packages/sklearn/preprocessing/_target_encoder_fast.cpython-310-x86_64-linux-gnu.so
73b5b524c000-73b5b5298000 r-xp 00005000 00:6a 10235850                   /home/ubuntu/.local/lib/python3.10/site-packages/sklearn/preprocessing/_target_encoder_fast.cpython-310-x86_64-linux-gnu.so
73b5b5298000-73b5b529f000 r--p 00051000 00:6a 10235850                   /home/ubuntu/.local/lib/python3.10/site-packages/sklearn/preprocessing/_target_encoder_fast.cpython-310-x86_64-linux-gnu.so
73b5b529f000-73b5b52a0000 ---p 00058000 00:6a 10235850                   /home/ubuntu/.local/lib/python3.10/site-packages/sklearn/preprocessing/_target_encoder_fast.cpython-310-x86_64-linux-gnu.so
73b5b52a0000-73b5b52a1000 r--p 00058000 00:6a 10235850                   /home/ubuntu/.local/lib/python3.10/site-packages/sklearn/preprocessing/_target_encoder_fast.cpython-310-x86_64-linux-gnu.so
73b5b52a1000-73b5b52a3000 rw-p 00059000 00:6a 10235850                   /home/ubuntu/.local/lib/python3.10/site-packages/sklearn/preprocessing/_target_encoder_fast.cpython-310-x86_64-linux-gnu.so
73b5b52a3000-73b5b53a3000 rw-p 00000000 00:00 0 
73b5b53a3000-73b5b53a8000 r--p 00000000 00:6a 10235841                   /home/ubuntu/.local/lib/python3.10/site-packages/sklearn/preprocessing/_csr_polynomial_expansion.cpython-310-x86_64-linux-gnu.so
73b5b53a8000-73b5b53ea000 r-xp 00005000 00:6a 10235841                   /home/ubuntu/.local/lib/python3.10/site-packages/sklearn/preprocessing/_csr_polynomial_expansion.cpython-310-x86_64-linux-gnu.so
73b5b53ea000-73b5b53f1000 r--p 00047000 00:6a 10235841                   /home/ubuntu/.local/lib/python3.10/site-packages/sklearn/preprocessing/_csr_polynomial_expansion.cpython-310-x86_64-linux-gnu.so
73b5b53f1000-73b5b53f2000 ---p 0004e000 00:6a 10235841                   /home/ubuntu/.local/lib/python3.10/site-packages/sklearn/preprocessing/_csr_polynomial_expansion.cpython-310-x86_64-linux-gnu.so
73b5b53f2000-73b5b53f3000 r--p 0004e000 00:6a 10235841                   /home/ubuntu/.local/lib/python3.10/site-packages/sklearn/preprocessing/_csr_polynomial_expansion.cpython-310-x86_64-linux-gnu.so
73b5b53f3000-73b5b53f5000 rw-p 0004f000 00:6a 10235841                   /home/ubuntu/.local/lib/python3.10/site-packages/sklearn/preprocessing/_csr_polynomial_expansion.cpython-310-x86_64-linux-gnu.so
73b5b53f5000-73b5b53f9000 r--p 00000000 00:6a 10235743                   /home/ubuntu/.local/lib/python3.10/site-packages/sklearn/metrics/cluster/_expected_mutual_info_fast.cpython-310-x86_64-linux-gnu.so
73b5b53f9000-73b5b5406000 r-xp 00004000 00:6a 10235743                   /home/ubuntu/.local/lib/python3.10/site-packages/sklearn/metrics/cluster/_expected_mutual_info_fast.cpython-310-x86_64-linux-gnu.so
73b5b5406000-73b5b540a000 r--p 00011000 00:6a 10235743                   /home/ubuntu/.local/lib/python3.10/site-packages/sklearn/metrics/cluster/_expected_mutual_info_fast.cpython-310-x86_64-linux-gnu.so
73b5b540a000-73b5b540b000 r--p 00014000 00:6a 10235743                   /home/ubuntu/.local/lib/python3.10/site-packages/sklearn/metrics/cluster/_expected_mutual_info_fast.cpython-310-x86_64-linux-gnu.so
73b5b540b000-73b5b540c000 rw-p 00015000 00:6a 10235743                   /home/ubuntu/.local/lib/python3.10/site-packages/sklearn/metrics/cluster/_expected_mutual_info_fast.cpython-310-x86_64-linux-gnu.so
73b5b540c000-73b5b5410000 r--p 00000000 00:6a 10236036                   /home/ubuntu/.local/lib/python3.10/site-packages/sklearn/utils/murmurhash.cpython-310-x86_64-linux-gnu.so
73b5b5410000-73b5b5422000 r-xp 00004000 00:6a 10236036                   /home/ubuntu/.local/lib/python3.10/site-packages/sklearn/utils/murmurhash.cpython-310-x86_64-linux-gnu.so
73b5b5422000-73b5b5427000 r--p 00016000 00:6a 10236036                   /home/ubuntu/.local/lib/python3.10/site-packages/sklearn/utils/murmurhash.cpython-310-x86_64-linux-gnu.so
73b5b5427000-73b5b5428000 ---p 0001b000 00:6a 10236036                   /home/ubuntu/.local/lib/python3.10/site-packages/sklearn/utils/murmurhash.cpython-310-x86_64-linux-gnu.so
73b5b5428000-73b5b5429000 r--p 0001b000 00:6a 10236036                   /home/ubuntu/.local/lib/python3.10/site-packages/sklearn/utils/murmurhash.cpython-310-x86_64-linux-gnu.so
73b5b5429000-73b5b542a000 rw-p 0001c000 00:6a 10236036                   /home/ubuntu/.local/lib/python3.10/site-packages/sklearn/utils/murmurhash.cpython-310-x86_64-linux-gnu.so
73b5b542a000-73b5b542f000 r--p 00000000 00:6a 10236043                   /home/ubuntu/.local/lib/python3.10/site-packages/sklearn/utils/sparsefuncs_fast.cpython-310-x86_64-linux-gnu.so
73b5b542f000-73b5b54c8000 r-xp 00005000 00:6a 10236043                   /home/ubuntu/.local/lib/python3.10/site-packages/sklearn/utils/sparsefuncs_fast.cpython-310-x86_64-linux-gnu.so
73b5b54c8000-73b5b54d4000 r--p 0009e000 00:6a 10236043                   /home/ubuntu/.local/lib/python3.10/site-packages/sklearn/utils/sparsefuncs_fast.cpython-310-x86_64-linux-gnu.so
73b5b54d4000-73b5b54d6000 r--p 000a9000 00:6a 10236043                   /home/ubuntu/.local/lib/python3.10/site-packages/sklearn/utils/sparsefuncs_fast.cpython-310-x86_64-linux-gnu.so
73b5b54d6000-73b5b54d8000 rw-p 000ab000 00:6a 10236043                   /home/ubuntu/.local/lib/python3.10/site-packages/sklearn/utils/sparsefuncs_fast.cpython-310-x86_64-linux-gnu.so
73b5b54d8000-73b5b55d9000 rw-p 00000000 00:00 0 
73b5b55d9000-73b5b55de000 r--p 00000000 00:6a 10235048                   /home/ubuntu/.local/lib/python3.10/site-packages/sklearn/_cyutility.cpython-310-x86_64-linux-gnu.so
73b5b55de000-73b5b55fb000 r-xp 00005000 00:6a 10235048                   /home/ubuntu/.local/lib/python3.10/site-packages/sklearn/_cyutility.cpython-310-x86_64-linux-gnu.so
73b5b55fb000-73b5b5601000 r--p 00022000 00:6a 10235048                   /home/ubuntu/.local/lib/python3.10/site-packages/sklearn/_cyutility.cpython-310-x86_64-linux-gnu.so
73b5b5601000-73b5b5602000 ---p 00028000 00:6a 10235048                   /home/ubuntu/.local/lib/python3.10/site-packages/sklearn/_cyutility.cpython-310-x86_64-linux-gnu.so
73b5b5602000-73b5b5603000 r--p 00028000 00:6a 10235048                   /home/ubuntu/.local/lib/python3.10/site-packages/sklearn/_cyutility.cpython-310-x86_64-linux-gnu.so
73b5b5603000-73b5b5605000 rw-p 00029000 00:6a 10235048                   /home/ubuntu/.local/lib/python3.10/site-packages/sklearn/_cyutility.cpython-310-x86_64-linux-gnu.so
73b5b5605000-73b5b5609000 r--p 00000000 00:6a 10235985                   /home/ubuntu/.local/lib/python3.10/site-packages/sklearn/utils/_isfinite.cpython-310-x86_64-linux-gnu.so
73b5b5609000-73b5b5617000 r-xp 00004000 00:6a 10235985                   /home/ubuntu/.local/lib/python3.10/site-packages/sklearn/utils/_isfinite.cpython-310-x86_64-linux-gnu.so
73b5b5617000-73b5b561b000 r--p 00012000 00:6a 10235985                   /home/ubuntu/.local/lib/python3.10/site-packages/sklearn/utils/_isfinite.cpython-310-x86_64-linux-gnu.so
73b5b561b000-73b5b561c000 ---p 00016000 00:6a 10235985                   /home/ubuntu/.local/lib/python3.10/site-packages/sklearn/utils/_isfinite.cpython-310-x86_64-linux-gnu.so
73b5b561c000-73b5b561d000 r--p 00016000 00:6a 10235985                   /home/ubuntu/.local/lib/python3.10/site-packages/sklearn/utils/_isfinite.cpython-310-x86_64-linux-gnu.so
73b5b561d000-73b5b561e000 rw-p 00017000 00:6a 10235985                   /home/ubuntu/.local/lib/python3.10/site-packages/sklearn/utils/_isfinite.cpython-310-x86_64-linux-gnu.so
73b5b561e000-73b5b571f000 rw-p 00000000 00:00 0 
73b5b571f000-73b5b5723000 r--p 00000000 00:6a 10229409                   /home/ubuntu/.local/lib/python3.10/site-packages/pandas/_libs/testing.cpython-310-x86_64-linux-gnu.so
73b5b5723000-73b5b5737000 r-xp 00004000 00:6a 10229409                   /home/ubuntu/.local/lib/python3.10/site-packages/pandas/_libs/testing.cpython-310-x86_64-linux-gnu.so
73b5b5737000-73b5b573a000 r--p 00018000 00:6a 10229409                   /home/ubuntu/.local/lib/python3.10/site-packages/pandas/_libs/testing.cpython-310-x86_64-linux-gnu.so
73b5b573a000-73b5b573b000 r--p 0001b000 00:6a 10229409                   /home/ubuntu/.local/lib/python3.10/site-packages/pandas/_libs/testing.cpython-310-x86_64-linux-gnu.so
73b5b573b000-73b5b573c000 rw-p 0001c000 00:6a 10229409                   /home/ubuntu/.local/lib/python3.10/site-packages/pandas/_libs/testing.cpython-310-x86_64-linux-gnu.so
73b5b573c000-73b5b5746000 r--p 00000000 00:6a 10229399                   /home/ubuntu/.local/lib/python3.10/site-packages/pandas/_libs/parsers.cpython-310-x86_64-linux-gnu.so
73b5b5746000-73b5b57b4000 r-xp 0000a000 00:6a 10229399                   /home/ubuntu/.local/lib/python3.10/site-packages/pandas/_libs/parsers.cpython-310-x86_64-linux-gnu.so
73b5b57b4000-73b5b57c1000 r--p 00078000 00:6a 10229399                   /home/ubuntu/.local/lib/python3.10/site-packages/pandas/_libs/parsers.cpython-310-x86_64-linux-gnu.so
73b5b57c1000-73b5b57c4000 r--p 00084000 00:6a 10229399                   /home/ubuntu/.local/lib/python3.10/site-packages/pandas/_libs/parsers.cpython-310-x86_64-linux-gnu.so
73b5b57c4000-73b5b57c7000 rw-p 00087000 00:6a 10229399                   /home/ubuntu/.local/lib/python3.10/site-packages/pandas/_libs/parsers.cpython-310-x86_64-linux-gnu.so
73b5b57c7000-73b5b58c9000 rw-p 00000000 00:00 0 
73b5b58c9000-73b5b58d5000 r--p 00000000 00:6a 10229371                   /home/ubuntu/.local/lib/python3.10/site-packages/pandas/_libs/groupby.cpython-310-x86_64-linux-gnu.so
73b5b58d5000-73b5b5b25000 r-xp 0000c000 00:6a 10229371                   /home/ubuntu/.local/lib/python3.10/site-packages/pandas/_libs/groupby.cpython-310-x86_64-linux-gnu.so
73b5b5b25000-73b5b5b42000 r--p 0025c000 00:6a 10229371                   /home/ubuntu/.local/lib/python3.10/site-packages/pandas/_libs/groupby.cpython-310-x86_64-linux-gnu.so
73b5b5b42000-73b5b5b45000 r--p 00279000 00:6a 10229371                   /home/ubuntu/.local/lib/python3.10/site-packages/pandas/_libs/groupby.cpython-310-x86_64-linux-gnu.so
73b5b5b45000-73b5b5b4b000 rw-p 0027c000 00:6a 10229371                   /home/ubuntu/.local/lib/python3.10/site-packages/pandas/_libs/groupby.cpython-310-x86_64-linux-gnu.so
73b5b5b4b000-73b5b5c4f000 rw-p 00000000 00:00 0 
73b5b5c4f000-73b5b5c56000 r--p 00000000 00:6a 10229403                   /home/ubuntu/.local/lib/python3.10/site-packages/pandas/_libs/reshape.cpython-310-x86_64-linux-gnu.so
73b5b5c56000-73b5b5c8f000 r-xp 00007000 00:6a 10229403                   /home/ubuntu/.local/lib/python3.10/site-packages/pandas/_libs/reshape.cpython-310-x86_64-linux-gnu.so
73b5b5c8f000-73b5b5c98000 r--p 00040000 00:6a 10229403                   /home/ubuntu/.local/lib/python3.10/site-packages/pandas/_libs/reshape.cpython-310-x86_64-linux-gnu.so
73b5b5c98000-73b5b5c9a000 r--p 00048000 00:6a 10229403                   /home/ubuntu/.local/lib/python3.10/site-packages/pandas/_libs/reshape.cpython-310-x86_64-linux-gnu.so
73b5b5c9a000-73b5b5c9c000 rw-p 0004a000 00:6a 10229403                   /home/ubuntu/.local/lib/python3.10/site-packages/pandas/_libs/reshape.cpython-310-x86_64-linux-gnu.so
73b5b5c9c000-73b5b5c9d000 rw-p 00000000 00:00 0 
73b5b5c9d000-73b5b5ca3000 r--p 00000000 00:6a 10229452                   /home/ubuntu/.local/lib/python3.10/site-packages/pandas/_libs/window/indexers.cpython-310-x86_64-linux-gnu.so
73b5b5ca3000-73b5b5cc6000 r-xp 00006000 00:6a 10229452                   /home/ubuntu/.local/lib/python3.10/site-packages/pandas/_libs/window/indexers.cpython-310-x86_64-linux-gnu.so
73b5b5cc6000-73b5b5ccd000 r--p 00029000 00:6a 10229452                   /home/ubuntu/.local/lib/python3.10/site-packages/pandas/_libs/window/indexers.cpython-310-x86_64-linux-gnu.so
73b5b5ccd000-73b5b5cce000 r--p 00030000 00:6a 10229452                   /home/ubuntu/.local/lib/python3.10/site-packages/pandas/_libs/window/indexers.cpython-310-x86_64-linux-gnu.so
73b5b5cce000-73b5b5cd0000 rw-p 00031000 00:6a 10229452                   /home/ubuntu/.local/lib/python3.10/site-packages/pandas/_libs/window/indexers.cpython-310-x86_64-linux-gnu.so
73b5b5cd0000-73b5b5cd1000 rw-p 00000000 00:00 0 
73b5b5cd1000-73b5b5cd9000 r--p 00000000 00:6a 10229450                   /home/ubuntu/.local/lib/python3.10/site-packages/pandas/_libs/window/aggregations.cpython-310-x86_64-linux-gnu.so
73b5b5cd9000-73b5b5d28000 r-xp 00008000 00:6a 10229450                   /home/ubuntu/.local/lib/python3.10/site-packages/pandas/_libs/window/aggregations.cpython-310-x86_64-linux-gnu.so
73b5b5d28000-73b5b5d32000 r--p 00057000 00:6a 10229450                   /home/ubuntu/.local/lib/python3.10/site-packages/pandas/_libs/window/aggregations.cpython-310-x86_64-linux-gnu.so
73b5b5d32000-73b5b5d34000 r--p 00061000 00:6a 10229450                   /home/ubuntu/.local/lib/python3.10/site-packages/pandas/_libs/window/aggregations.cpython-310-x86_64-linux-gnu.so
73b5b5d34000-73b5b5d36000 rw-p 00063000 00:6a 10229450                   /home/ubuntu/.local/lib/python3.10/site-packages/pandas/_libs/window/aggregations.cpython-310-x86_64-linux-gnu.so
73b5b5d36000-73b5b5f37000 rw-p 00000000 00:00 0 
73b5b5f37000-73b5b5f3f000 r--p 00000000 00:6a 10229385                   /home/ubuntu/.local/lib/python3.10/site-packages/pandas/_libs/join.cpython-310-x86_64-linux-gnu.so
73b5b5f3f000-73b5b6081000 r-xp 00008000 00:6a 10229385                   /home/ubuntu/.local/lib/python3.10/site-packages/pandas/_libs/join.cpython-310-x86_64-linux-gnu.so
73b5b6081000-73b5b608f000 r--p 0014a000 00:6a 10229385                   /home/ubuntu/.local/lib/python3.10/site-packages/pandas/_libs/join.cpython-310-x86_64-linux-gnu.so
73b5b608f000-73b5b6091000 r--p 00157000 00:6a 10229385                   /home/ubuntu/.local/lib/python3.10/site-packages/pandas/_libs/join.cpython-310-x86_64-linux-gnu.so
73b5b6091000-73b5b6094000 rw-p 00159000 00:6a 10229385                   /home/ubuntu/.local/lib/python3.10/site-packages/pandas/_libs/join.cpython-310-x86_64-linux-gnu.so
73b5b6094000-73b5b6096000 rw-p 00000000 00:00 0 
73b5b6096000-73b5b609c000 r--p 00000000 00:6a 10229413                   /home/ubuntu/.local/lib/python3.10/site-packages/pandas/_libs/writers.cpython-310-x86_64-linux-gnu.so
73b5b609c000-73b5b60c7000 r-xp 00006000 00:6a 10229413                   /home/ubuntu/.local/lib/python3.10/site-packages/pandas/_libs/writers.cpython-310-x86_64-linux-gnu.so
73b5b60c7000-73b5b60cf000 r--p 00031000 00:6a 10229413                   /home/ubuntu/.local/lib/python3.10/site-packages/pandas/_libs/writers.cpython-310-x86_64-linux-gnu.so
73b5b60cf000-73b5b60d1000 r--p 00038000 00:6a 10229413                   /home/ubuntu/.local/lib/python3.10/site-packages/pandas/_libs/writers.cpython-310-x86_64-linux-gnu.so
73b5b60d1000-73b5b60d3000 rw-p 0003a000 00:6a 10229413                   /home/ubuntu/.local/lib/python3.10/site-packages/pandas/_libs/writers.cpython-310-x86_64-linux-gnu.so
73b5b60d3000-73b5b60d4000 rw-p 00000000 00:00 0 
73b5b60d4000-73b5b60e1000 r--p 00000000 00:6a 10229377                   /home/ubuntu/.local/lib/python3.10/site-packages/pandas/_libs/index.cpython-310-x86_64-linux-gnu.so
73b5b60e1000-73b5b618b000 r-xp 0000d000 00:6a 10229377                   /home/ubuntu/.local/lib/python3.10/site-packages/pandas/_libs/index.cpython-310-x86_64-linux-gnu.so
73b5b618b000-73b5b61a3000 r--p 000b7000 00:6a 10229377                   /home/ubuntu/.local/lib/python3.10/site-packages/pandas/_libs/index.cpython-310-x86_64-linux-gnu.so
73b5b61a3000-73b5b61a6000 r--p 000ce000 00:6a 10229377                   /home/ubuntu/.local/lib/python3.10/site-packages/pandas/_libs/index.cpython-310-x86_64-linux-gnu.so
73b5b61a6000-73b5b61ae000 rw-p 000d1000 00:6a 10229377                   /home/ubuntu/.local/lib/python3.10/site-packages/pandas/_libs/index.cpython-310-x86_64-linux-gnu.so
73b5b61ae000-73b5b62b2000 rw-p 00000000 00:00 0 
73b5b62b2000-73b5b62ba000 r--p 00000000 00:6a 10229381                   /home/ubuntu/.local/lib/python3.10/site-packages/pandas/_libs/internals.cpython-310-x86_64-linux-gnu.so
73b5b62ba000-73b5b6304000 r-xp 00008000 00:6a 10229381                   /home/ubuntu/.local/lib/python3.10/site-packages/pandas/_libs/internals.cpython-310-x86_64-linux-gnu.so
73b5b6304000-73b5b6310000 r--p 00052000 00:6a 10229381                   /home/ubuntu/.local/lib/python3.10/site-packages/pandas/_libs/internals.cpython-310-x86_64-linux-gnu.so
73b5b6310000-73b5b6312000 r--p 0005d000 00:6a 10229381                   /home/ubuntu/.local/lib/python3.10/site-packages/pandas/_libs/internals.cpython-310-x86_64-linux-gnu.so
73b5b6312000-73b5b6315000 rw-p 0005f000 00:6a 10229381                   /home/ubuntu/.local/lib/python3.10/site-packages/pandas/_libs/internals.cpython-310-x86_64-linux-gnu.so
73b5b6315000-73b5b6317000 rw-p 00000000 00:00 0 
73b5b6317000-73b5b631f000 r--p 00000000 00:6a 10229407                   /home/ubuntu/.local/lib/python3.10/site-packages/pandas/_libs/sparse.cpython-310-x86_64-linux-gnu.so
73b5b631f000-73b5b63f9000 r-xp 00008000 00:6a 10229407                   /home/ubuntu/.local/lib/python3.10/site-packages/pandas/_libs/sparse.cpython-310-x86_64-linux-gnu.so
73b5b63f9000-73b5b6406000 r--p 000e2000 00:6a 10229407                   /home/ubuntu/.local/lib/python3.10/site-packages/pandas/_libs/sparse.cpython-310-x86_64-linux-gnu.so
73b5b6406000-73b5b6408000 r--p 000ef000 00:6a 10229407                   /home/ubuntu/.local/lib/python3.10/site-packages/pandas/_libs/sparse.cpython-310-x86_64-linux-gnu.so
73b5b6408000-73b5b640b000 rw-p 000f1000 00:6a 10229407                   /home/ubuntu/.local/lib/python3.10/site-packages/pandas/_libs/sparse.cpython-310-x86_64-linux-gnu.so
73b5b640b000-73b5b650d000 rw-p 00000000 00:00 0 
73b5b650d000-73b5b6514000 r--p 00000000 00:6a 10229411                   /home/ubuntu/.local/lib/python3.10/site-packages/pandas/_libs/tslib.cpython-310-x86_64-linux-gnu.so
73b5b6514000-73b5b6552000 r-xp 00007000 00:6a 10229411                   /home/ubuntu/.local/lib/python3.10/site-packages/pandas/_libs/tslib.cpython-310-x86_64-linux-gnu.so
73b5b6552000-73b5b655c000 r--p 00045000 00:6a 10229411                   /home/ubuntu/.local/lib/python3.10/site-packages/pandas/_libs/tslib.cpython-310-x86_64-linux-gnu.so
73b5b655c000-73b5b655e000 r--p 0004e000 00:6a 10229411                   /home/ubuntu/.local/lib/python3.10/site-packages/pandas/_libs/tslib.cpython-310-x86_64-linux-gnu.so
73b5b655e000-73b5b6560000 rw-p 00050000 00:6a 10229411                   /home/ubuntu/.local/lib/python3.10/site-packages/pandas/_libs/tslib.cpython-310-x86_64-linux-gnu.so
73b5b6560000-73b5b6661000 rw-p 00000000 00:00 0 
73b5b6661000-73b5b6666000 r--p 00000000 00:6a 10229367                   /home/ubuntu/.local/lib/python3.10/site-packages/pandas/_libs/arrays.cpython-310-x86_64-linux-gnu.so
73b5b6666000-73b5b6679000 r-xp 00005000 00:6a 10229367                   /home/ubuntu/.local/lib/python3.10/site-packages/pandas/_libs/arrays.cpython-310-x86_64-linux-gnu.so
73b5b6679000-73b5b667d000 r--p 00018000 00:6a 10229367                   /home/ubuntu/.local/lib/python3.10/site-packages/pandas/_libs/arrays.cpython-310-x86_64-linux-gnu.so
73b5b667d000-73b5b667e000 r--p 0001c000 00:6a 10229367                   /home/ubuntu/.local/lib/python3.10/site-packages/pandas/_libs/arrays.cpython-310-x86_64-linux-gnu.so
73b5b667e000-73b5b6680000 rw-p 0001d000 00:6a 10229367                   /home/ubuntu/.local/lib/python3.10/site-packages/pandas/_libs/arrays.cpython-310-x86_64-linux-gnu.so
73b5b6680000-73b5b6686000 r--p 00000000 00:6a 10229373                   /home/ubuntu/.local/lib/python3.10/site-packages/pandas/_libs/hashing.cpython-310-x86_64-linux-gnu.so
73b5b6686000-73b5b66aa000 r-xp 00006000 00:6a 10229373                   /home/ubuntu/.local/lib/python3.10/site-packages/pandas/_libs/hashing.cpython-310-x86_64-linux-gnu.so
73b5b66aa000-73b5b66b1000 r--p 0002a000 00:6a 10229373                   /home/ubuntu/.local/lib/python3.10/site-packages/pandas/_libs/hashing.cpython-310-x86_64-linux-gnu.so
73b5b66b1000-73b5b66b2000 r--p 00031000 00:6a 10229373                   /home/ubuntu/.local/lib/python3.10/site-packages/pandas/_libs/hashing.cpython-310-x86_64-linux-gnu.so
73b5b66b2000-73b5b66b4000 rw-p 00032000 00:6a 10229373                   /home/ubuntu/.local/lib/python3.10/site-packages/pandas/_libs/hashing.cpython-310-x86_64-linux-gnu.so
73b5b66b4000-73b5b66b5000 rw-p 00000000 00:00 0 
73b5b66b5000-73b5b66bb000 r--p 00000000 00:6a 10229393                   /home/ubuntu/.local/lib/python3.10/site-packages/pandas/_libs/ops.cpython-310-x86_64-linux-gnu.so
73b5b66bb000-73b5b66e9000 r-xp 00006000 00:6a 10229393                   /home/ubuntu/.local/lib/python3.10/site-packages/pandas/_libs/ops.cpython-310-x86_64-linux-gnu.so
73b5b66e9000-73b5b66f1000 r--p 00034000 00:6a 10229393                   /home/ubuntu/.local/lib/python3.10/site-packages/pandas/_libs/ops.cpython-310-x86_64-linux-gnu.so
73b5b66f1000-73b5b66f3000 r--p 0003b000 00:6a 10229393                   /home/ubuntu/.local/lib/python3.10/site-packages/pandas/_libs/ops.cpython-310-x86_64-linux-gnu.so
73b5b66f3000-73b5b66f5000 rw-p 0003d000 00:6a 10229393                   /home/ubuntu/.local/lib/python3.10/site-packages/pandas/_libs/ops.cpython-310-x86_64-linux-gnu.so
73b5b66f5000-73b5b68f6000 rw-p 00000000 00:00 0 
73b5b68f6000-73b5b692a000 r--p 00000000 00:6a 10173737                   /home/ubuntu/.local/lib/python3.10/site-packages/pyarrow/_compute.cpython-310-x86_64-linux-gnu.so
73b5b692a000-73b5b69ba000 r-xp 00034000 00:6a 10173737                   /home/ubuntu/.local/lib/python3.10/site-packages/pyarrow/_compute.cpython-310-x86_64-linux-gnu.so
73b5b69ba000-73b5b69e9000 r--p 000c4000 00:6a 10173737                   /home/ubuntu/.local/lib/python3.10/site-packages/pyarrow/_compute.cpython-310-x86_64-linux-gnu.so
73b5b69e9000-73b5b69ef000 r--p 000f3000 00:6a 10173737                   /home/ubuntu/.local/lib/python3.10/site-packages/pyarrow/_compute.cpython-310-x86_64-linux-gnu.so
73b5b69ef000-73b5b69fc000 rw-p 000f9000 00:6a 10173737                   /home/ubuntu/.local/lib/python3.10/site-packages/pyarrow/_compute.cpython-310-x86_64-linux-gnu.so
73b5b69fc000-73b5b6a00000 rw-p 00000000 00:00 0 
73b5b6a00000-73b5b6a0c000 r--p 00000000 00:6a 10229389                   /home/ubuntu/.local/lib/python3.10/site-packages/pandas/_libs/lib.cpython-310-x86_64-linux-gnu.so
73b5b6a0c000-73b5b6ab2000 r-xp 0000c000 00:6a 10229389                   /home/ubuntu/.local/lib/python3.10/site-packages/pandas/_libs/lib.cpython-310-x86_64-linux-gnu.so
73b5b6ab2000-73b5b6acb000 r--p 000b2000 00:6a 10229389                   /home/ubuntu/.local/lib/python3.10/site-packages/pandas/_libs/lib.cpython-310-x86_64-linux-gnu.so
73b5b6acb000-73b5b6acf000 r--p 000ca000 00:6a 10229389                   /home/ubuntu/.local/lib/python3.10/site-packages/pandas/_libs/lib.cpython-310-x86_64-linux-gnu.so
73b5b6acf000-73b5b6ad5000 rw-p 000ce000 00:6a 10229389                   /home/ubuntu/.local/lib/python3.10/site-packages/pandas/_libs/lib.cpython-310-x86_64-linux-gnu.so
73b5b6ad5000-73b5b6ad7000 rw-p 00000000 00:00 0 
73b5b6ad7000-73b5b6ae3000 r--p 00000000 00:6a 10229365                   /home/ubuntu/.local/lib/python3.10/site-packages/pandas/_libs/algos.cpython-310-x86_64-linux-gnu.so
73b5b6ae3000-73b5b6cc7000 r-xp 0000c000 00:6a 10229365                   /home/ubuntu/.local/lib/python3.10/site-packages/pandas/_libs/algos.cpython-310-x86_64-linux-gnu.so
73b5b6cc7000-73b5b6ce4000 r--p 001f0000 00:6a 10229365                   /home/ubuntu/.local/lib/python3.10/site-packages/pandas/_libs/algos.cpython-310-x86_64-linux-gnu.so
73b5b6ce4000-73b5b6ce7000 r--p 0020d000 00:6a 10229365                   /home/ubuntu/.local/lib/python3.10/site-packages/pandas/_libs/algos.cpython-310-x86_64-linux-gnu.so
73b5b6ce7000-73b5b6ceb000 rw-p 00210000 00:6a 10229365                   /home/ubuntu/.local/lib/python3.10/site-packages/pandas/_libs/algos.cpython-310-x86_64-linux-gnu.so
73b5b6ceb000-73b5b6df0000 rw-p 00000000 00:00 0 
73b5b6df0000-73b5b6df9000 r--p 00000000 00:6a 10229434                   /home/ubuntu/.local/lib/python3.10/site-packages/pandas/_libs/tslibs/period.cpython-310-x86_64-linux-gnu.so
73b5b6df9000-73b5b6e4f000 r-xp 00009000 00:6a 10229434                   /home/ubuntu/.local/lib/python3.10/site-packages/pandas/_libs/tslibs/period.cpython-310-x86_64-linux-gnu.so
73b5b6e4f000-73b5b6e68000 r--p 0005f000 00:6a 10229434                   /home/ubuntu/.local/lib/python3.10/site-packages/pandas/_libs/tslibs/period.cpython-310-x86_64-linux-gnu.so
73b5b6e68000-73b5b6e6b000 r--p 00077000 00:6a 10229434                   /home/ubuntu/.local/lib/python3.10/site-packages/pandas/_libs/tslibs/period.cpython-310-x86_64-linux-gnu.so
73b5b6e6b000-73b5b6e6e000 rw-p 0007a000 00:6a 10229434                   /home/ubuntu/.local/lib/python3.10/site-packages/pandas/_libs/tslibs/period.cpython-310-x86_64-linux-gnu.so
73b5b6e6e000-73b5b6e6f000 rw-p 00000000 00:00 0 
73b5b6e6f000-73b5b6e77000 r--p 00000000 00:6a 10229436                   /home/ubuntu/.local/lib/python3.10/site-packages/pandas/_libs/tslibs/strptime.cpython-310-x86_64-linux-gnu.so
73b5b6e77000-73b5b6ebf000 r-xp 00008000 00:6a 10229436                   /home/ubuntu/.local/lib/python3.10/site-packages/pandas/_libs/tslibs/strptime.cpython-310-x86_64-linux-gnu.so
73b5b6ebf000-73b5b6ec9000 r--p 00050000 00:6a 10229436                   /home/ubuntu/.local/lib/python3.10/site-packages/pandas/_libs/tslibs/strptime.cpython-310-x86_64-linux-gnu.so
73b5b6ec9000-73b5b6ecb000 r--p 0005a000 00:6a 10229436                   /home/ubuntu/.local/lib/python3.10/site-packages/pandas/_libs/tslibs/strptime.cpython-310-x86_64-linux-gnu.so
73b5b6ecb000-73b5b6ecd000 rw-p 0005c000 00:6a 10229436                   /home/ubuntu/.local/lib/python3.10/site-packages/pandas/_libs/tslibs/strptime.cpython-310-x86_64-linux-gnu.so
73b5b6ecd000-73b5b6ecf000 rw-p 00000000 00:00 0 
73b5b6ecf000-73b5b6ed8000 r--p 00000000 00:6a 10229432                   /home/ubuntu/.local/lib/python3.10/site-packages/pandas/_libs/tslibs/parsing.cpython-310-x86_64-linux-gnu.so
73b5b6ed8000-73b5b6f29000 r-xp 00009000 00:6a 10229432                   /home/ubuntu/.local/lib/python3.10/site-packages/pandas/_libs/tslibs/parsing.cpython-310-x86_64-linux-gnu.so
73b5b6f29000-73b5b6f36000 r--p 0005a000 00:6a 10229432                   /home/ubuntu/.local/lib/python3.10/site-packages/pandas/_libs/tslibs/parsing.cpython-310-x86_64-linux-gnu.so
73b5b6f36000-73b5b6f38000 r--p 00067000 00:6a 10229432                   /home/ubuntu/.local/lib/python3.10/site-packages/pandas/_libs/tslibs/parsing.cpython-310-x86_64-linux-gnu.so
73b5b6f38000-73b5b6f3b000 rw-p 00069000 00:6a 10229432                   /home/ubuntu/.local/lib/python3.10/site-packages/pandas/_libs/tslibs/parsing.cpython-310-x86_64-linux-gnu.so
73b5b6f3b000-73b5b6f3c000 rw-p 00000000 00:00 0 
73b5b6f3c000-73b5b6f43000 r--p 00000000 00:6a 10229444                   /home/ubuntu/.local/lib/python3.10/site-packages/pandas/_libs/tslibs/tzconversion.cpython-310-x86_64-linux-gnu.so
73b5b6f43000-73b5b6f80000 r-xp 00007000 00:6a 10229444                   /home/ubuntu/.local/lib/python3.10/site-packages/pandas/_libs/tslibs/tzconversion.cpython-310-x86_64-linux-gnu.so
73b5b6f80000-73b5b6f89000 r--p 00044000 00:6a 10229444                   /home/ubuntu/.local/lib/python3.10/site-packages/pandas/_libs/tslibs/tzconversion.cpython-310-x86_64-linux-gnu.so
73b5b6f89000-73b5b6f8b000 r--p 0004d000 00:6a 10229444                   /home/ubuntu/.local/lib/python3.10/site-packages/pandas/_libs/tslibs/tzconversion.cpython-310-x86_64-linux-gnu.so
73b5b6f8b000-73b5b6f8d000 rw-p 0004f000 00:6a 10229444                   /home/ubuntu/.local/lib/python3.10/site-packages/pandas/_libs/tslibs/tzconversion.cpython-310-x86_64-linux-gnu.so
73b5b6f8d000-73b5b6f8e000 rw-p 00000000 00:00 0 
73b5b6f8e000-73b5b6f95000 r--p 00000000 00:6a 10229424                   /home/ubuntu/.local/lib/python3.10/site-packages/pandas/_libs/tslibs/fields.cpython-310-x86_64-linux-gnu.so
73b5b6f95000-73b5b6fd3000 r-xp 00007000 00:6a 10229424                   /home/ubuntu/.local/lib/python3.10/site-packages/pandas/_libs/tslibs/fields.cpython-310-x86_64-linux-gnu.so
73b5b6fd3000-73b5b6fdd000 r--p 00045000 00:6a 10229424                   /home/ubuntu/.local/lib/python3.10/site-packages/pandas/_libs/tslibs/fields.cpython-310-x86_64-linux-gnu.so
73b5b6fdd000-73b5b6fdf000 r--p 0004e000 00:6a 10229424                   /home/ubuntu/.local/lib/python3.10/site-packages/pandas/_libs/tslibs/fields.cpython-310-x86_64-linux-gnu.so
73b5b6fdf000-73b5b6fe1000 rw-p 00050000 00:6a 10229424                   /home/ubuntu/.local/lib/python3.10/site-packages/pandas/_libs/tslibs/fields.cpython-310-x86_64-linux-gnu.so
73b5b6fe1000-73b5b72e2000 rw-p 00000000 00:00 0 
73b5b72e2000-73b5b72ec000 r--p 00000000 00:6a 10229438                   /home/ubuntu/.local/lib/python3.10/site-packages/pandas/_libs/tslibs/timedeltas.cpython-310-x86_64-linux-gnu.so
73b5b72ec000-73b5b735a000 r-xp 0000a000 00:6a 10229438                   /home/ubuntu/.local/lib/python3.10/site-packages/pandas/_libs/tslibs/timedeltas.cpython-310-x86_64-linux-gnu.so
73b5b735a000-73b5b736f000 r--p 00078000 00:6a 10229438                   /home/ubuntu/.local/lib/python3.10/site-packages/pandas/_libs/tslibs/timedeltas.cpython-310-x86_64-linux-gnu.so
73b5b736f000-73b5b7372000 r--p 0008c000 00:6a 10229438                   /home/ubuntu/.local/lib/python3.10/site-packages/pandas/_libs/tslibs/timedeltas.cpython-310-x86_64-linux-gnu.so
73b5b7372000-73b5b7375000 rw-p 0008f000 00:6a 10229438                   /home/ubuntu/.local/lib/python3.10/site-packages/pandas/_libs/tslibs/timedeltas.cpython-310-x86_64-linux-gnu.so
73b5b7375000-73b5b7377000 rw-p 00000000 00:00 0 
73b5b7378000-73b5b7878000 rw-p 00000000 00:00 0 
73b5b7878000-73b5b788d000 r--p 00000000 00:6a 10229375                   /home/ubuntu/.local/lib/python3.10/site-packages/pandas/_libs/hashtable.cpython-310-x86_64-linux-gnu.so
73b5b788d000-73b5b7a56000 r-xp 00015000 00:6a 10229375                   /home/ubuntu/.local/lib/python3.10/site-packages/pandas/_libs/hashtable.cpython-310-x86_64-linux-gnu.so
73b5b7a56000-73b5b7a8d000 r--p 001de000 00:6a 10229375                   /home/ubuntu/.local/lib/python3.10/site-packages/pandas/_libs/hashtable.cpython-310-x86_64-linux-gnu.so
73b5b7a8d000-73b5b7a92000 r--p 00215000 00:6a 10229375                   /home/ubuntu/.local/lib/python3.10/site-packages/pandas/_libs/hashtable.cpython-310-x86_64-linux-gnu.so
73b5b7a92000-73b5b7a9f000 rw-p 0021a000 00:6a 10229375                   /home/ubuntu/.local/lib/python3.10/site-packages/pandas/_libs/hashtable.cpython-310-x86_64-linux-gnu.so
73b5b7a9f000-73b5b7aa7000 rw-p 00000000 00:00 0 
73b5b7aa7000-73b5b7ab4000 r--p 00000000 00:6a 10229383                   /home/ubuntu/.local/lib/python3.10/site-packages/pandas/_libs/interval.cpython-310-x86_64-linux-gnu.so
73b5b7ab4000-73b5b7bd6000 r-xp 0000d000 00:6a 10229383                   /home/ubuntu/.local/lib/python3.10/site-packages/pandas/_libs/interval.cpython-310-x86_64-linux-gnu.so
73b5b7bd6000-73b5b7bf4000 r--p 0012f000 00:6a 10229383                   /home/ubuntu/.local/lib/python3.10/site-packages/pandas/_libs/interval.cpython-310-x86_64-linux-gnu.so
73b5b7bf4000-73b5b7bf6000 r--p 0014d000 00:6a 10229383                   /home/ubuntu/.local/lib/python3.10/site-packages/pandas/_libs/interval.cpython-310-x86_64-linux-gnu.so
73b5b7bf6000-73b5b7bfd000 rw-p 0014f000 00:6a 10229383                   /home/ubuntu/.local/lib/python3.10/site-packages/pandas/_libs/interval.cpython-310-x86_64-linux-gnu.so
73b5b7bfd000-73b5b7dff000 rw-p 00000000 00:00 0 
73b5b7dff000-73b5b7e00000 ---p 00000000 00:00 0 
73b5b7e00000-73b5b8600000 rw-p 00000000 00:00 0 
73b5b8600000-73b5b8e00000 rw-p 00000000 00:00 0 
73b5b8e02000-73b5b8e0a000 r--s 00000000 08:00 45646502                   /home/ubuntu/tbazzocchi/FRAG/MedRAG/corpus/wikipedia/index/bm25/_13.fdx
73b5b8e0a000-73b5b8e10000 r--p 00000000 00:6a 10229446                   /home/ubuntu/.local/lib/python3.10/site-packages/pandas/_libs/tslibs/vectorized.cpython-310-x86_64-linux-gnu.so
73b5b8e10000-73b5b8e3a000 r-xp 00006000 00:6a 10229446                   /home/ubuntu/.local/lib/python3.10/site-packages/pandas/_libs/tslibs/vectorized.cpython-310-x86_64-linux-gnu.so
73b5b8e3a000-73b5b8e42000 r--p 00030000 00:6a 10229446                   /home/ubuntu/.local/lib/python3.10/site-packages/pandas/_libs/tslibs/vectorized.cpython-310-x86_64-linux-gnu.so
73b5b8e42000-73b5b8e43000 r--p 00038000 00:6a 10229446                   /home/ubuntu/.local/lib/python3.10/site-packages/pandas/_libs/tslibs/vectorized.cpython-310-x86_64-linux-gnu.so
73b5b8e43000-73b5b8e45000 rw-p 00039000 00:6a 10229446                   /home/ubuntu/.local/lib/python3.10/site-packages/pandas/_libs/tslibs/vectorized.cpython-310-x86_64-linux-gnu.so
73b5b8e45000-73b5b8e46000 rw-p 00000000 00:00 0 
73b5b8e46000-73b5b8e4c000 r--p 00000000 00:6a 10229442                   /home/ubuntu/.local/lib/python3.10/site-packages/pandas/_libs/tslibs/timezones.cpython-310-x86_64-linux-gnu.so
73b5b8e4c000-73b5b8e7e000 r-xp 00006000 00:6a 10229442                   /home/ubuntu/.local/lib/python3.10/site-packages/pandas/_libs/tslibs/timezones.cpython-310-x86_64-linux-gnu.so
73b5b8e7e000-73b5b8e87000 r--p 00038000 00:6a 10229442                   /home/ubuntu/.local/lib/python3.10/site-packages/pandas/_libs/tslibs/timezones.cpython-310-x86_64-linux-gnu.so
73b5b8e87000-73b5b8e89000 r--p 00040000 00:6a 10229442                   /home/ubuntu/.local/lib/python3.10/site-packages/pandas/_libs/tslibs/timezones.cpython-310-x86_64-linux-gnu.so
73b5b8e89000-73b5b8e8b000 rw-p 00042000 00:6a 10229442                   /home/ubuntu/.local/lib/python3.10/site-packages/pandas/_libs/tslibs/timezones.cpython-310-x86_64-linux-gnu.so
73b5b8e8b000-73b5b8e8c000 rw-p 00000000 00:00 0 
73b5b8e8c000-73b5b8e93000 r--p 00000000 00:6a 10229422                   /home/ubuntu/.local/lib/python3.10/site-packages/pandas/_libs/tslibs/dtypes.cpython-310-x86_64-linux-gnu.so
73b5b8e93000-73b5b8eaf000 r-xp 00007000 00:6a 10229422                   /home/ubuntu/.local/lib/python3.10/site-packages/pandas/_libs/tslibs/dtypes.cpython-310-x86_64-linux-gnu.so
73b5b8eaf000-73b5b8eb5000 r--p 00023000 00:6a 10229422                   /home/ubuntu/.local/lib/python3.10/site-packages/pandas/_libs/tslibs/dtypes.cpython-310-x86_64-linux-gnu.so
73b5b8eb5000-73b5b8eb7000 r--p 00029000 00:6a 10229422                   /home/ubuntu/.local/lib/python3.10/site-packages/pandas/_libs/tslibs/dtypes.cpython-310-x86_64-linux-gnu.so
73b5b8eb7000-73b5b8eb8000 rw-p 0002b000 00:6a 10229422                   /home/ubuntu/.local/lib/python3.10/site-packages/pandas/_libs/tslibs/dtypes.cpython-310-x86_64-linux-gnu.so
73b5b8eb8000-73b5b8eba000 rw-p 00000000 00:00 0 
73b5b8eba000-73b5b8ec0000 r--p 00000000 00:6a 10229391                   /home/ubuntu/.local/lib/python3.10/site-packages/pandas/_libs/missing.cpython-310-x86_64-linux-gnu.so
73b5b8ec0000-73b5b8ee0000 r-xp 00006000 00:6a 10229391                   /home/ubuntu/.local/lib/python3.10/site-packages/pandas/_libs/missing.cpython-310-x86_64-linux-gnu.so
73b5b8ee0000-73b5b8ee7000 r--p 00026000 00:6a 10229391                   /home/ubuntu/.local/lib/python3.10/site-packages/pandas/_libs/missing.cpython-310-x86_64-linux-gnu.so
73b5b8ee7000-73b5b8ee9000 r--p 0002c000 00:6a 10229391                   /home/ubuntu/.local/lib/python3.10/site-packages/pandas/_libs/missing.cpython-310-x86_64-linux-gnu.so
73b5b8ee9000-73b5b8eeb000 rw-p 0002e000 00:6a 10229391                   /home/ubuntu/.local/lib/python3.10/site-packages/pandas/_libs/missing.cpython-310-x86_64-linux-gnu.so
73b5b8eeb000-73b5b8eec000 rw-p 00000000 00:00 0 
73b5b8eec000-73b5b932b000 r--p 00000000 00:6a 10173817                   /home/ubuntu/.local/lib/python3.10/site-packages/pyarrow/libarrow.so.2200
73b5b932b000-73b5baf65000 r-xp 0043f000 00:6a 10173817                   /home/ubuntu/.local/lib/python3.10/site-packages/pyarrow/libarrow.so.2200
73b5baf65000-73b5bb6c4000 r--p 02079000 00:6a 10173817                   /home/ubuntu/.local/lib/python3.10/site-packages/pyarrow/libarrow.so.2200
73b5bb6c4000-73b5bb7c3000 r--p 027d8000 00:6a 10173817                   /home/ubuntu/.local/lib/python3.10/site-packages/pyarrow/libarrow.so.2200
73b5bb7c3000-73b5bb7fe000 rw-p 028d7000 00:6a 10173817                   /home/ubuntu/.local/lib/python3.10/site-packages/pyarrow/libarrow.so.2200
73b5bb7fe000-73b5bba29000 rw-p 00000000 00:00 0 
73b5bba29000-73b5bbb32000 r--p 00000000 00:6a 10173819                   /home/ubuntu/.local/lib/python3.10/site-packages/pyarrow/libarrow_compute.so.2200
73b5bbb32000-73b5bc648000 r-xp 00109000 00:6a 10173819                   /home/ubuntu/.local/lib/python3.10/site-packages/pyarrow/libarrow_compute.so.2200
73b5bc648000-73b5bc85c000 r--p 00c1f000 00:6a 10173819                   /home/ubuntu/.local/lib/python3.10/site-packages/pyarrow/libarrow_compute.so.2200
73b5bc85c000-73b5bc87b000 r--p 00e33000 00:6a 10173819                   /home/ubuntu/.local/lib/python3.10/site-packages/pyarrow/libarrow_compute.so.2200
73b5bc87b000-73b5bc880000 rw-p 00e52000 00:6a 10173819                   /home/ubuntu/.local/lib/python3.10/site-packages/pyarrow/libarrow_compute.so.2200
73b5bc880000-73b5bc88d000 rw-p 00000000 00:00 0 
73b5bc88d000-73b5bc8e2000 r--p 00000000 00:6a 10173818                   /home/ubuntu/.local/lib/python3.10/site-packages/pyarrow/libarrow_acero.so.2200
73b5bc8e2000-73b5bc9d4000 r-xp 00055000 00:6a 10173818                   /home/ubuntu/.local/lib/python3.10/site-packages/pyarrow/libarrow_acero.so.2200
73b5bc9d4000-73b5bca0c000 r--p 00147000 00:6a 10173818                   /home/ubuntu/.local/lib/python3.10/site-packages/pyarrow/libarrow_acero.so.2200
73b5bca0c000-73b5bca12000 r--p 0017e000 00:6a 10173818                   /home/ubuntu/.local/lib/python3.10/site-packages/pyarrow/libarrow_acero.so.2200
73b5bca12000-73b5bca15000 rw-p 00184000 00:6a 10173818                   /home/ubuntu/.local/lib/python3.10/site-packages/pyarrow/libarrow_acero.so.2200
73b5bca15000-73b5bcc0f000 r--p 00000000 00:6a 10173832                   /home/ubuntu/.local/lib/python3.10/site-packages/pyarrow/libparquet.so.2200
73b5bcc0f000-73b5bd1a3000 r-xp 001fa000 00:6a 10173832                   /home/ubuntu/.local/lib/python3.10/site-packages/pyarrow/libparquet.so.2200
73b5bd1a3000-73b5bd366000 r--p 0078e000 00:6a 10173832                   /home/ubuntu/.local/lib/python3.10/site-packages/pyarrow/libparquet.so.2200
73b5bd366000-73b5bd401000 r--p 00951000 00:6a 10173832                   /home/ubuntu/.local/lib/python3.10/site-packages/pyarrow/libparquet.so.2200
73b5bd401000-73b5bd40f000 rw-p 009ec000 00:6a 10173832                   /home/ubuntu/.local/lib/python3.10/site-packages/pyarrow/libparquet.so.2200
73b5bd40f000-73b5bd413000 rw-p 00000000 00:00 0 
73b5bd413000-73b5bd4b8000 r--p 00000000 00:6a 10173820                   /home/ubuntu/.local/lib/python3.10/site-packages/pyarrow/libarrow_dataset.so.2200
73b5bd4b8000-73b5bd595000 r-xp 000a5000 00:6a 10173820                   /home/ubuntu/.local/lib/python3.10/site-packages/pyarrow/libarrow_dataset.so.2200
73b5bd595000-73b5bd5d8000 r--p 00182000 00:6a 10173820                   /home/ubuntu/.local/lib/python3.10/site-packages/pyarrow/libarrow_dataset.so.2200
73b5bd5d8000-73b5bd5e1000 r--p 001c4000 00:6a 10173820                   /home/ubuntu/.local/lib/python3.10/site-packages/pyarrow/libarrow_dataset.so.2200
73b5bd5e1000-73b5bd5e3000 rw-p 001cd000 00:6a 10173820                   /home/ubuntu/.local/lib/python3.10/site-packages/pyarrow/libarrow_dataset.so.2200
73b5bd5e3000-73b5bd656000 r--p 00000000 00:6a 10173831                   /home/ubuntu/.local/lib/python3.10/site-packages/pyarrow/libarrow_substrait.so.2200
73b5bd656000-73b5bd93f000 r-xp 00073000 00:6a 10173831                   /home/ubuntu/.local/lib/python3.10/site-packages/pyarrow/libarrow_substrait.so.2200
73b5bd93f000-73b5bd9f6000 r--p 0035c000 00:6a 10173831                   /home/ubuntu/.local/lib/python3.10/site-packages/pyarrow/libarrow_substrait.so.2200
73b5bd9f6000-73b5bda03000 r--p 00413000 00:6a 10173831                   /home/ubuntu/.local/lib/python3.10/site-packages/pyarrow/libarrow_substrait.so.2200
73b5bda03000-73b5bda19000 rw-p 00420000 00:6a 10173831                   /home/ubuntu/.local/lib/python3.10/site-packages/pyarrow/libarrow_substrait.so.2200
73b5bda19000-73b5bda1b000 rw-p 00000000 00:00 0 
73b5bda1b000-73b5bdaa6000 r--p 00000000 00:6a 10173823                   /home/ubuntu/.local/lib/python3.10/site-packages/pyarrow/libarrow_python.so.2200
73b5bdaa6000-73b5bdbc8000 r-xp 0008b000 00:6a 10173823                   /home/ubuntu/.local/lib/python3.10/site-packages/pyarrow/libarrow_python.so.2200
73b5bdbc8000-73b5bdc0b000 r--p 001ad000 00:6a 10173823                   /home/ubuntu/.local/lib/python3.10/site-packages/pyarrow/libarrow_python.so.2200
73b5bdc0b000-73b5bdc17000 r--p 001f0000 00:6a 10173823                   /home/ubuntu/.local/lib/python3.10/site-packages/pyarrow/libarrow_python.so.2200
73b5bdc17000-73b5bdc1a000 rw-p 001fc000 00:6a 10173823                   /home/ubuntu/.local/lib/python3.10/site-packages/pyarrow/libarrow_python.so.2200
73b5bdc1a000-73b5bdc78000 r--p 00000000 00:6a 10173812                   /home/ubuntu/.local/lib/python3.10/site-packages/pyarrow/lib.cpython-310-x86_64-linux-gnu.so
73b5bdc78000-73b5bdec9000 r-xp 0005e000 00:6a 10173812                   /home/ubuntu/.local/lib/python3.10/site-packages/pyarrow/lib.cpython-310-x86_64-linux-gnu.so
73b5bdec9000-73b5bdfb6000 r--p 002af000 00:6a 10173812                   /home/ubuntu/.local/lib/python3.10/site-packages/pyarrow/lib.cpython-310-x86_64-linux-gnu.so
73b5bdfb6000-73b5bdfc5000 r--p 0039b000 00:6a 10173812                   /home/ubuntu/.local/lib/python3.10/site-packages/pyarrow/lib.cpython-310-x86_64-linux-gnu.so
73b5bdfc5000-73b5bdfed000 rw-p 003aa000 00:6a 10173812                   /home/ubuntu/.local/lib/python3.10/site-packages/pyarrow/lib.cpython-310-x86_64-linux-gnu.so
73b5bdfed000-73b5bdffb000 rw-p 00000000 00:00 0 
73b5bdffb000-73b5be000000 r--p 00000000 00:6a 10226752                   /home/ubuntu/.local/lib/python3.10/site-packages/scipy/ndimage/_ni_label.cpython-310-x86_64-linux-gnu.so
73b5be000000-73b5be04c000 r-xp 00005000 00:6a 10226752                   /home/ubuntu/.local/lib/python3.10/site-packages/scipy/ndimage/_ni_label.cpython-310-x86_64-linux-gnu.so
73b5be04c000-73b5be055000 r--p 00051000 00:6a 10226752                   /home/ubuntu/.local/lib/python3.10/site-packages/scipy/ndimage/_ni_label.cpython-310-x86_64-linux-gnu.so
73b5be055000-73b5be056000 ---p 0005a000 00:6a 10226752                   /home/ubuntu/.local/lib/python3.10/site-packages/scipy/ndimage/_ni_label.cpython-310-x86_64-linux-gnu.so
73b5be056000-73b5be057000 r--p 0005a000 00:6a 10226752                   /home/ubuntu/.local/lib/python3.10/site-packages/scipy/ndimage/_ni_label.cpython-310-x86_64-linux-gnu.so
73b5be057000-73b5be05a000 rw-p 0005b000 00:6a 10226752                   /home/ubuntu/.local/lib/python3.10/site-packages/scipy/ndimage/_ni_label.cpython-310-x86_64-linux-gnu.so
73b5be05a000-73b5be05c000 r--p 00000000 00:6a 10226766                   /home/ubuntu/.local/lib/python3.10/site-packages/scipy/ndimage/_nd_image.cpython-310-x86_64-linux-gnu.so
73b5be05c000-73b5be077000 r-xp 00002000 00:6a 10226766                   /home/ubuntu/.local/lib/python3.10/site-packages/scipy/ndimage/_nd_image.cpython-310-x86_64-linux-gnu.so
73b5be077000-73b5be07b000 r--p 0001d000 00:6a 10226766                   /home/ubuntu/.local/lib/python3.10/site-packages/scipy/ndimage/_nd_image.cpython-310-x86_64-linux-gnu.so
73b5be07b000-73b5be07c000 r--p 00020000 00:6a 10226766                   /home/ubuntu/.local/lib/python3.10/site-packages/scipy/ndimage/_nd_image.cpython-310-x86_64-linux-gnu.so
73b5be07c000-73b5be07d000 rw-p 00021000 00:6a 10226766                   /home/ubuntu/.local/lib/python3.10/site-packages/scipy/ndimage/_nd_image.cpython-310-x86_64-linux-gnu.so
73b5be07d000-73b5be17d000 rw-p 00000000 00:00 0 
73b5be17d000-73b5be182000 r--p 00000000 00:6a 10227388                   /home/ubuntu/.local/lib/python3.10/site-packages/scipy/stats/_rcont/rcont.cpython-310-x86_64-linux-gnu.so
73b5be182000-73b5be1aa000 r-xp 00005000 00:6a 10227388                   /home/ubuntu/.local/lib/python3.10/site-packages/scipy/stats/_rcont/rcont.cpython-310-x86_64-linux-gnu.so
73b5be1aa000-73b5be1b3000 r--p 0002d000 00:6a 10227388                   /home/ubuntu/.local/lib/python3.10/site-packages/scipy/stats/_rcont/rcont.cpython-310-x86_64-linux-gnu.so
73b5be1b3000-73b5be1b4000 ---p 00036000 00:6a 10227388                   /home/ubuntu/.local/lib/python3.10/site-packages/scipy/stats/_rcont/rcont.cpython-310-x86_64-linux-gnu.so
73b5be1b4000-73b5be1b5000 r--p 00036000 00:6a 10227388                   /home/ubuntu/.local/lib/python3.10/site-packages/scipy/stats/_rcont/rcont.cpython-310-x86_64-linux-gnu.so
73b5be1b5000-73b5be1b7000 rw-p 00037000 00:6a 10227388                   /home/ubuntu/.local/lib/python3.10/site-packages/scipy/stats/_rcont/rcont.cpython-310-x86_64-linux-gnu.so
73b5be1b7000-73b5be1b8000 rw-p 00000000 00:00 0 
73b5be1b8000-73b5be1ba000 r--p 00000000 00:6a 10227269                   /home/ubuntu/.local/lib/python3.10/site-packages/scipy/stats/_mvn.cpython-310-x86_64-linux-gnu.so
73b5be1ba000-73b5be1c3000 r-xp 00002000 00:6a 10227269                   /home/ubuntu/.local/lib/python3.10/site-packages/scipy/stats/_mvn.cpython-310-x86_64-linux-gnu.so
73b5be1c3000-73b5be1c9000 r--p 0000b000 00:6a 10227269                   /home/ubuntu/.local/lib/python3.10/site-packages/scipy/stats/_mvn.cpython-310-x86_64-linux-gnu.so
73b5be1c9000-73b5be1ca000 r--p 00010000 00:6a 10227269                   /home/ubuntu/.local/lib/python3.10/site-packages/scipy/stats/_mvn.cpython-310-x86_64-linux-gnu.so
73b5be1ca000-73b5be1cc000 rw-p 00011000 00:6a 10227269                   /home/ubuntu/.local/lib/python3.10/site-packages/scipy/stats/_mvn.cpython-310-x86_64-linux-gnu.so
73b5be1cc000-73b5be2c3000 rw-p 00000000 00:00 0 
73b5be2c3000-73b5be2c8000 r--p 00000000 00:6a 10227257                   /home/ubuntu/.local/lib/python3.10/site-packages/scipy/stats/_ansari_swilk_statistics.cpython-310-x86_64-linux-gnu.so
73b5be2c8000-73b5be2f5000 r-xp 00005000 00:6a 10227257                   /home/ubuntu/.local/lib/python3.10/site-packages/scipy/stats/_ansari_swilk_statistics.cpython-310-x86_64-linux-gnu.so
73b5be2f5000-73b5be2fd000 r--p 00032000 00:6a 10227257                   /home/ubuntu/.local/lib/python3.10/site-packages/scipy/stats/_ansari_swilk_statistics.cpython-310-x86_64-linux-gnu.so
73b5be2fd000-73b5be2fe000 r--p 00039000 00:6a 10227257                   /home/ubuntu/.local/lib/python3.10/site-packages/scipy/stats/_ansari_swilk_statistics.cpython-310-x86_64-linux-gnu.so
73b5be2fe000-73b5be300000 rw-p 0003a000 00:6a 10227257                   /home/ubuntu/.local/lib/python3.10/site-packages/scipy/stats/_ansari_swilk_statistics.cpython-310-x86_64-linux-gnu.so
73b5be300000-73b5be401000 rw-p 00000000 00:00 0 
73b5be401000-73b5be405000 r--p 00000000 00:6a 10227300                   /home/ubuntu/.local/lib/python3.10/site-packages/scipy/stats/_stats_pythran.cpython-310-x86_64-linux-gnu.so
73b5be405000-73b5be41f000 r-xp 00004000 00:6a 10227300                   /home/ubuntu/.local/lib/python3.10/site-packages/scipy/stats/_stats_pythran.cpython-310-x86_64-linux-gnu.so
73b5be41f000-73b5be425000 r--p 0001e000 00:6a 10227300                   /home/ubuntu/.local/lib/python3.10/site-packages/scipy/stats/_stats_pythran.cpython-310-x86_64-linux-gnu.so
73b5be425000-73b5be426000 r--p 00023000 00:6a 10227300                   /home/ubuntu/.local/lib/python3.10/site-packages/scipy/stats/_stats_pythran.cpython-310-x86_64-linux-gnu.so
73b5be426000-73b5be427000 rw-p 00024000 00:6a 10227300                   /home/ubuntu/.local/lib/python3.10/site-packages/scipy/stats/_stats_pythran.cpython-310-x86_64-linux-gnu.so
73b5be427000-73b5be42c000 r--p 00000000 00:6a 10227279                   /home/ubuntu/.local/lib/python3.10/site-packages/scipy/stats/_biasedurn.cpython-310-x86_64-linux-gnu.so
73b5be42c000-73b5be456000 r-xp 00005000 00:6a 10227279                   /home/ubuntu/.local/lib/python3.10/site-packages/scipy/stats/_biasedurn.cpython-310-x86_64-linux-gnu.so
73b5be456000-73b5be462000 r--p 0002f000 00:6a 10227279                   /home/ubuntu/.local/lib/python3.10/site-packages/scipy/stats/_biasedurn.cpython-310-x86_64-linux-gnu.so
73b5be462000-73b5be463000 r--p 0003a000 00:6a 10227279                   /home/ubuntu/.local/lib/python3.10/site-packages/scipy/stats/_biasedurn.cpython-310-x86_64-linux-gnu.so
73b5be463000-73b5be466000 rw-p 0003b000 00:6a 10227279                   /home/ubuntu/.local/lib/python3.10/site-packages/scipy/stats/_biasedurn.cpython-310-x86_64-linux-gnu.so
73b5be466000-73b5be569000 rw-p 00000000 00:00 0 
73b5be569000-73b5be56f000 r--p 00000000 00:6a 10227315                   /home/ubuntu/.local/lib/python3.10/site-packages/scipy/stats/_qmc_cy.cpython-310-x86_64-linux-gnu.so
73b5be56f000-73b5be59a000 r-xp 00006000 00:6a 10227315                   /home/ubuntu/.local/lib/python3.10/site-packages/scipy/stats/_qmc_cy.cpython-310-x86_64-linux-gnu.so
73b5be59a000-73b5be5a3000 r--p 00031000 00:6a 10227315                   /home/ubuntu/.local/lib/python3.10/site-packages/scipy/stats/_qmc_cy.cpython-310-x86_64-linux-gnu.so
73b5be5a3000-73b5be5a4000 r--p 00039000 00:6a 10227315                   /home/ubuntu/.local/lib/python3.10/site-packages/scipy/stats/_qmc_cy.cpython-310-x86_64-linux-gnu.so
73b5be5a4000-73b5be5a6000 rw-p 0003a000 00:6a 10227315                   /home/ubuntu/.local/lib/python3.10/site-packages/scipy/stats/_qmc_cy.cpython-310-x86_64-linux-gnu.so
73b5be5a6000-73b5be5a7000 rw-p 00000000 00:00 0 
73b5be5a7000-73b5be5ac000 r--p 00000000 00:6a 10227297                   /home/ubuntu/.local/lib/python3.10/site-packages/scipy/stats/_sobol.cpython-310-x86_64-linux-gnu.so
73b5be5ac000-73b5be5f4000 r-xp 00005000 00:6a 10227297                   /home/ubuntu/.local/lib/python3.10/site-packages/scipy/stats/_sobol.cpython-310-x86_64-linux-gnu.so
73b5be5f4000-73b5be5fe000 r--p 0004d000 00:6a 10227297                   /home/ubuntu/.local/lib/python3.10/site-packages/scipy/stats/_sobol.cpython-310-x86_64-linux-gnu.so
73b5be5fe000-73b5be5ff000 r--p 00056000 00:6a 10227297                   /home/ubuntu/.local/lib/python3.10/site-packages/scipy/stats/_sobol.cpython-310-x86_64-linux-gnu.so
73b5be5ff000-73b5be602000 rw-p 00057000 00:6a 10227297                   /home/ubuntu/.local/lib/python3.10/site-packages/scipy/stats/_sobol.cpython-310-x86_64-linux-gnu.so
73b5be602000-73b5be702000 rw-p 00000000 00:00 0 
73b5be702000-73b5be710000 r--p 00000000 00:6a 10226464                   /home/ubuntu/.local/lib/python3.10/site-packages/scipy/special/cython_special.cpython-310-x86_64-linux-gnu.so
73b5be710000-73b5be9d5000 r-xp 0000e000 00:6a 10226464                   /home/ubuntu/.local/lib/python3.10/site-packages/scipy/special/cython_special.cpython-310-x86_64-linux-gnu.so
73b5be9d5000-73b5bea1d000 r--p 002d3000 00:6a 10226464                   /home/ubuntu/.local/lib/python3.10/site-packages/scipy/special/cython_special.cpython-310-x86_64-linux-gnu.so
73b5bea1d000-73b5bea1e000 r--p 0031a000 00:6a 10226464                   /home/ubuntu/.local/lib/python3.10/site-packages/scipy/special/cython_special.cpython-310-x86_64-linux-gnu.so
73b5bea1e000-73b5bea23000 rw-p 0031b000 00:6a 10226464                   /home/ubuntu/.local/lib/python3.10/site-packages/scipy/special/cython_special.cpython-310-x86_64-linux-gnu.so
73b5bea23000-73b5bea26000 rw-p 00000000 00:00 0 
73b5bea26000-73b5bea2c000 r--p 00000000 00:6a 10227263                   /home/ubuntu/.local/lib/python3.10/site-packages/scipy/stats/_stats.cpython-310-x86_64-linux-gnu.so
73b5bea2c000-73b5beac0000 r-xp 00006000 00:6a 10227263                   /home/ubuntu/.local/lib/python3.10/site-packages/scipy/stats/_stats.cpython-310-x86_64-linux-gnu.so
73b5beac0000-73b5beace000 r--p 0009a000 00:6a 10227263                   /home/ubuntu/.local/lib/python3.10/site-packages/scipy/stats/_stats.cpython-310-x86_64-linux-gnu.so
73b5beace000-73b5beacf000 r--p 000a7000 00:6a 10227263                   /home/ubuntu/.local/lib/python3.10/site-packages/scipy/stats/_stats.cpython-310-x86_64-linux-gnu.so
73b5beacf000-73b5bead2000 rw-p 000a8000 00:6a 10227263                   /home/ubuntu/.local/lib/python3.10/site-packages/scipy/stats/_stats.cpython-310-x86_64-linux-gnu.so
73b5bead2000-73b5bead4000 rw-p 00000000 00:00 0 
73b5bead4000-73b5beada000 r--p 00000000 00:6a 10227514                   /home/ubuntu/.local/lib/python3.10/site-packages/scipy/interpolate/_bspl.cpython-310-x86_64-linux-gnu.so
73b5beada000-73b5beb10000 r-xp 00006000 00:6a 10227514                   /home/ubuntu/.local/lib/python3.10/site-packages/scipy/interpolate/_bspl.cpython-310-x86_64-linux-gnu.so
73b5beb10000-73b5beb1d000 r--p 0003c000 00:6a 10227514                   /home/ubuntu/.local/lib/python3.10/site-packages/scipy/interpolate/_bspl.cpython-310-x86_64-linux-gnu.so
73b5beb1d000-73b5beb1e000 r--p 00048000 00:6a 10227514                   /home/ubuntu/.local/lib/python3.10/site-packages/scipy/interpolate/_bspl.cpython-310-x86_64-linux-gnu.so
73b5beb1e000-73b5beb20000 rw-p 00049000 00:6a 10227514                   /home/ubuntu/.local/lib/python3.10/site-packages/scipy/interpolate/_bspl.cpython-310-x86_64-linux-gnu.so
73b5beb20000-73b5beb21000 rw-p 00000000 00:00 0 
73b5beb21000-73b5beb24000 rw-p 0005f000 00:6a 10227514                   /home/ubuntu/.local/lib/python3.10/site-packages/scipy/interpolate/_bspl.cpython-310-x86_64-linux-gnu.so
73b5beb24000-73b5beb26000 rw-p 00062000 00:6a 10227514                   /home/ubuntu/.local/lib/python3.10/site-packages/scipy/interpolate/_bspl.cpython-310-x86_64-linux-gnu.so
73b5beb26000-73b5beb2b000 r--p 00000000 00:6a 10227517                   /home/ubuntu/.local/lib/python3.10/site-packages/scipy/interpolate/_rgi_cython.cpython-310-x86_64-linux-gnu.so
73b5beb2b000-73b5beb5c000 r-xp 00005000 00:6a 10227517                   /home/ubuntu/.local/lib/python3.10/site-packages/scipy/interpolate/_rgi_cython.cpython-310-x86_64-linux-gnu.so
73b5beb5c000-73b5beb64000 r--p 00036000 00:6a 10227517                   /home/ubuntu/.local/lib/python3.10/site-packages/scipy/interpolate/_rgi_cython.cpython-310-x86_64-linux-gnu.so
73b5beb64000-73b5beb65000 r--p 0003d000 00:6a 10227517                   /home/ubuntu/.local/lib/python3.10/site-packages/scipy/interpolate/_rgi_cython.cpython-310-x86_64-linux-gnu.so
73b5beb65000-73b5beb67000 rw-p 0003e000 00:6a 10227517                   /home/ubuntu/.local/lib/python3.10/site-packages/scipy/interpolate/_rgi_cython.cpython-310-x86_64-linux-gnu.so
73b5beb67000-73b5beb68000 rw-p 00000000 00:00 0 
73b5beb68000-73b5beb6c000 r--p 00000000 00:6a 10227507                   /home/ubuntu/.local/lib/python3.10/site-packages/scipy/interpolate/_rbfinterp_pythran.cpython-310-x86_64-linux-gnu.so
73b5beb6c000-73b5beb97000 r-xp 00004000 00:6a 10227507                   /home/ubuntu/.local/lib/python3.10/site-packages/scipy/interpolate/_rbfinterp_pythran.cpython-310-x86_64-linux-gnu.so
73b5beb97000-73b5beb9d000 r--p 0002f000 00:6a 10227507                   /home/ubuntu/.local/lib/python3.10/site-packages/scipy/interpolate/_rbfinterp_pythran.cpython-310-x86_64-linux-gnu.so
73b5beb9d000-73b5beb9e000 r--p 00034000 00:6a 10227507                   /home/ubuntu/.local/lib/python3.10/site-packages/scipy/interpolate/_rbfinterp_pythran.cpython-310-x86_64-linux-gnu.so
73b5beb9e000-73b5beb9f000 rw-p 00035000 00:6a 10227507                   /home/ubuntu/.local/lib/python3.10/site-packages/scipy/interpolate/_rbfinterp_pythran.cpython-310-x86_64-linux-gnu.so
73b5beb9f000-73b5beba5000 r--p 00000000 00:6a 10227521                   /home/ubuntu/.local/lib/python3.10/site-packages/scipy/interpolate/_interpnd.cpython-310-x86_64-linux-gnu.so
73b5beba5000-73b5bebf5000 r-xp 00006000 00:6a 10227521                   /home/ubuntu/.local/lib/python3.10/site-packages/scipy/interpolate/_interpnd.cpython-310-x86_64-linux-gnu.so
73b5bebf5000-73b5bec01000 r--p 00056000 00:6a 10227521                   /home/ubuntu/.local/lib/python3.10/site-packages/scipy/interpolate/_interpnd.cpython-310-x86_64-linux-gnu.so
73b5bec01000-73b5bec02000 r--p 00061000 00:6a 10227521                   /home/ubuntu/.local/lib/python3.10/site-packages/scipy/interpolate/_interpnd.cpython-310-x86_64-linux-gnu.so
73b5bec02000-73b5bec05000 rw-p 00062000 00:6a 10227521                   /home/ubuntu/.local/lib/python3.10/site-packages/scipy/interpolate/_interpnd.cpython-310-x86_64-linux-gnu.so
73b5bec05000-73b5bec06000 rw-p 00000000 00:00 0 
73b5bec06000-73b5bec0b000 r--p 00000000 00:6a 10227494                   /home/ubuntu/.local/lib/python3.10/site-packages/scipy/interpolate/_ppoly.cpython-310-x86_64-linux-gnu.so
73b5bec0b000-73b5bec61000 r-xp 00005000 00:6a 10227494                   /home/ubuntu/.local/lib/python3.10/site-packages/scipy/interpolate/_ppoly.cpython-310-x86_64-linux-gnu.so
73b5bec61000-73b5bec6c000 r--p 0005b000 00:6a 10227494                   /home/ubuntu/.local/lib/python3.10/site-packages/scipy/interpolate/_ppoly.cpython-310-x86_64-linux-gnu.so
73b5bec6c000-73b5bec6d000 r--p 00065000 00:6a 10227494                   /home/ubuntu/.local/lib/python3.10/site-packages/scipy/interpolate/_ppoly.cpython-310-x86_64-linux-gnu.so
73b5bec6d000-73b5bec6f000 rw-p 00066000 00:6a 10227494                   /home/ubuntu/.local/lib/python3.10/site-packages/scipy/interpolate/_ppoly.cpython-310-x86_64-linux-gnu.so
73b5bec6f000-73b5bec70000 rw-p 00000000 00:00 0 
73b5bec70000-73b5bec73000 r--p 00000000 00:6a 10227515                   /home/ubuntu/.local/lib/python3.10/site-packages/scipy/interpolate/_dierckx.cpython-310-x86_64-linux-gnu.so
73b5bec73000-73b5bec7f000 r-xp 00003000 00:6a 10227515                   /home/ubuntu/.local/lib/python3.10/site-packages/scipy/interpolate/_dierckx.cpython-310-x86_64-linux-gnu.so
73b5bec7f000-73b5bec84000 r--p 0000f000 00:6a 10227515                   /home/ubuntu/.local/lib/python3.10/site-packages/scipy/interpolate/_dierckx.cpython-310-x86_64-linux-gnu.so
73b5bec84000-73b5bec85000 r--p 00013000 00:6a 10227515                   /home/ubuntu/.local/lib/python3.10/site-packages/scipy/interpolate/_dierckx.cpython-310-x86_64-linux-gnu.so
73b5bec85000-73b5bec87000 rw-p 00014000 00:6a 10227515                   /home/ubuntu/.local/lib/python3.10/site-packages/scipy/interpolate/_dierckx.cpython-310-x86_64-linux-gnu.so
73b5bec87000-73b5bec89000 rw-p 00020000 00:6a 10227515                   /home/ubuntu/.local/lib/python3.10/site-packages/scipy/interpolate/_dierckx.cpython-310-x86_64-linux-gnu.so
73b5bec89000-73b5bec8a000 rw-p 00022000 00:6a 10227515                   /home/ubuntu/.local/lib/python3.10/site-packages/scipy/interpolate/_dierckx.cpython-310-x86_64-linux-gnu.so
73b5bec8a000-73b5bed8a000 rw-p 00000000 00:00 0 
73b5bed8a000-73b5bed8e000 r--p 00000000 00:6a 10227502                   /home/ubuntu/.local/lib/python3.10/site-packages/scipy/interpolate/_dfitpack.cpython-310-x86_64-linux-gnu.so
73b5bed8e000-73b5bedc4000 r-xp 00004000 00:6a 10227502                   /home/ubuntu/.local/lib/python3.10/site-packages/scipy/interpolate/_dfitpack.cpython-310-x86_64-linux-gnu.so
73b5bedc4000-73b5bedd0000 r--p 0003a000 00:6a 10227502                   /home/ubuntu/.local/lib/python3.10/site-packages/scipy/interpolate/_dfitpack.cpython-310-x86_64-linux-gnu.so
73b5bedd0000-73b5bedd1000 ---p 00046000 00:6a 10227502                   /home/ubuntu/.local/lib/python3.10/site-packages/scipy/interpolate/_dfitpack.cpython-310-x86_64-linux-gnu.so
73b5bedd1000-73b5bedd2000 r--p 00046000 00:6a 10227502                   /home/ubuntu/.local/lib/python3.10/site-packages/scipy/interpolate/_dfitpack.cpython-310-x86_64-linux-gnu.so
73b5bedd2000-73b5bedda000 rw-p 00047000 00:6a 10227502                   /home/ubuntu/.local/lib/python3.10/site-packages/scipy/interpolate/_dfitpack.cpython-310-x86_64-linux-gnu.so
73b5bedda000-73b5beddc000 rw-p 00052000 00:6a 10227502                   /home/ubuntu/.local/lib/python3.10/site-packages/scipy/interpolate/_dfitpack.cpython-310-x86_64-linux-gnu.so
73b5beddc000-73b5beddd000 rw-p 00054000 00:6a 10227502                   /home/ubuntu/.local/lib/python3.10/site-packages/scipy/interpolate/_dfitpack.cpython-310-x86_64-linux-gnu.so
73b5beddd000-73b5bedde000 r--p 00000000 00:6a 10227498                   /home/ubuntu/.local/lib/python3.10/site-packages/scipy/interpolate/_fitpack.cpython-310-x86_64-linux-gnu.so
73b5bedde000-73b5bedee000 r-xp 00001000 00:6a 10227498                   /home/ubuntu/.local/lib/python3.10/site-packages/scipy/interpolate/_fitpack.cpython-310-x86_64-linux-gnu.so
73b5bedee000-73b5bedf0000 r--p 00011000 00:6a 10227498                   /home/ubuntu/.local/lib/python3.10/site-packages/scipy/interpolate/_fitpack.cpython-310-x86_64-linux-gnu.so
73b5bedf0000-73b5bedf1000 r--p 00012000 00:6a 10227498                   /home/ubuntu/.local/lib/python3.10/site-packages/scipy/interpolate/_fitpack.cpython-310-x86_64-linux-gnu.so
73b5bedf1000-73b5bedf2000 rw-p 00013000 00:6a 10227498                   /home/ubuntu/.local/lib/python3.10/site-packages/scipy/interpolate/_fitpack.cpython-310-x86_64-linux-gnu.so
73b5bedf2000-73b5bedf3000 rw-p 00015000 00:6a 10227498                   /home/ubuntu/.local/lib/python3.10/site-packages/scipy/interpolate/_fitpack.cpython-310-x86_64-linux-gnu.so
73b5bedf3000-73b5bedf4000 rw-p 00016000 00:6a 10227498                   /home/ubuntu/.local/lib/python3.10/site-packages/scipy/interpolate/_fitpack.cpython-310-x86_64-linux-gnu.so
73b5bedf4000-73b5beef4000 rw-p 00000000 00:00 0 
73b5beef4000-73b5bef10000 r--p 00000000 00:6a 10226100                   /home/ubuntu/.local/lib/python3.10/site-packages/scipy/integrate/_lsoda.cpython-310-x86_64-linux-gnu.so
73b5bef10000-73b5bef2b000 r-xp 0001c000 00:6a 10226100                   /home/ubuntu/.local/lib/python3.10/site-packages/scipy/integrate/_lsoda.cpython-310-x86_64-linux-gnu.so
73b5bef2b000-73b5bef3a000 r--p 00037000 00:6a 10226100                   /home/ubuntu/.local/lib/python3.10/site-packages/scipy/integrate/_lsoda.cpython-310-x86_64-linux-gnu.so
73b5bef3a000-73b5bef3b000 ---p 00046000 00:6a 10226100                   /home/ubuntu/.local/lib/python3.10/site-packages/scipy/integrate/_lsoda.cpython-310-x86_64-linux-gnu.so
73b5bef3b000-73b5bef3c000 r--p 00046000 00:6a 10226100                   /home/ubuntu/.local/lib/python3.10/site-packages/scipy/integrate/_lsoda.cpython-310-x86_64-linux-gnu.so
73b5bef3c000-73b5bef41000 rw-p 00047000 00:6a 10226100                   /home/ubuntu/.local/lib/python3.10/site-packages/scipy/integrate/_lsoda.cpython-310-x86_64-linux-gnu.so
73b5bef41000-73b5bef52000 rw-p 00067000 00:6a 10226100                   /home/ubuntu/.local/lib/python3.10/site-packages/scipy/integrate/_lsoda.cpython-310-x86_64-linux-gnu.so
73b5bef52000-73b5bef59000 rw-p 00078000 00:6a 10226100                   /home/ubuntu/.local/lib/python3.10/site-packages/scipy/integrate/_lsoda.cpython-310-x86_64-linux-gnu.so
73b5bef59000-73b5bef75000 r--p 00000000 00:6a 10226111                   /home/ubuntu/.local/lib/python3.10/site-packages/scipy/integrate/_vode.cpython-310-x86_64-linux-gnu.so
73b5bef75000-73b5bef9a000 r-xp 0001c000 00:6a 10226111                   /home/ubuntu/.local/lib/python3.10/site-packages/scipy/integrate/_vode.cpython-310-x86_64-linux-gnu.so
73b5bef9a000-73b5befab000 r--p 00041000 00:6a 10226111                   /home/ubuntu/.local/lib/python3.10/site-packages/scipy/integrate/_vode.cpython-310-x86_64-linux-gnu.so
73b5befab000-73b5befac000 r--p 00051000 00:6a 10226111                   /home/ubuntu/.local/lib/python3.10/site-packages/scipy/integrate/_vode.cpython-310-x86_64-linux-gnu.so
73b5befac000-73b5befb1000 rw-p 00052000 00:6a 10226111                   /home/ubuntu/.local/lib/python3.10/site-packages/scipy/integrate/_vode.cpython-310-x86_64-linux-gnu.so
73b5befb1000-73b5befc2000 rw-p 00073000 00:6a 10226111                   /home/ubuntu/.local/lib/python3.10/site-packages/scipy/integrate/_vode.cpython-310-x86_64-linux-gnu.so
73b5befc2000-73b5befc9000 rw-p 00084000 00:6a 10226111                   /home/ubuntu/.local/lib/python3.10/site-packages/scipy/integrate/_vode.cpython-310-x86_64-linux-gnu.so
73b5befc9000-73b5bf0c9000 rw-p 00000000 00:00 0 
73b5bf0c9000-73b5bf0d0000 r--p 00000000 00:6a 10227483                   /home/ubuntu/.local/lib/python3.10/site-packages/scipy/fft/_pocketfft/pypocketfft.cpython-310-x86_64-linux-gnu.so
73b5bf0d0000-73b5bf1a9000 r-xp 00007000 00:6a 10227483                   /home/ubuntu/.local/lib/python3.10/site-packages/scipy/fft/_pocketfft/pypocketfft.cpython-310-x86_64-linux-gnu.so
73b5bf1a9000-73b5bf1c3000 r--p 000e0000 00:6a 10227483                   /home/ubuntu/.local/lib/python3.10/site-packages/scipy/fft/_pocketfft/pypocketfft.cpython-310-x86_64-linux-gnu.so
73b5bf1c3000-73b5bf1c4000 ---p 000fa000 00:6a 10227483                   /home/ubuntu/.local/lib/python3.10/site-packages/scipy/fft/_pocketfft/pypocketfft.cpython-310-x86_64-linux-gnu.so
73b5bf1c4000-73b5bf1c5000 r--p 000fa000 00:6a 10227483                   /home/ubuntu/.local/lib/python3.10/site-packages/scipy/fft/_pocketfft/pypocketfft.cpython-310-x86_64-linux-gnu.so
73b5bf1c5000-73b5bf1c6000 rw-p 000fb000 00:6a 10227483                   /home/ubuntu/.local/lib/python3.10/site-packages/scipy/fft/_pocketfft/pypocketfft.cpython-310-x86_64-linux-gnu.so
73b5bf1c6000-73b5bf1c8000 rw-p 00000000 00:00 0 
73b5bf1c8000-73b5bf1cd000 r--p 00000000 00:6a 10226387                   /home/ubuntu/.local/lib/python3.10/site-packages/scipy/linalg/_decomp_interpolative.cpython-310-x86_64-linux-gnu.so
73b5bf1cd000-73b5bf2aa000 r-xp 00005000 00:6a 10226387                   /home/ubuntu/.local/lib/python3.10/site-packages/scipy/linalg/_decomp_interpolative.cpython-310-x86_64-linux-gnu.so
73b5bf2aa000-73b5bf2b7000 r--p 000e2000 00:6a 10226387                   /home/ubuntu/.local/lib/python3.10/site-packages/scipy/linalg/_decomp_interpolative.cpython-310-x86_64-linux-gnu.so
73b5bf2b7000-73b5bf2b8000 r--p 000ee000 00:6a 10226387                   /home/ubuntu/.local/lib/python3.10/site-packages/scipy/linalg/_decomp_interpolative.cpython-310-x86_64-linux-gnu.so
73b5bf2b8000-73b5bf2ba000 rw-p 000ef000 00:6a 10226387                   /home/ubuntu/.local/lib/python3.10/site-packages/scipy/linalg/_decomp_interpolative.cpython-310-x86_64-linux-gnu.so
73b5bf2ba000-73b5bf2bc000 rw-p 00000000 00:00 0 
73b5bf2bc000-73b5bf2ce000 r--p 00000000 00:6a 10226225                   /home/ubuntu/.local/lib/python3.10/site-packages/scipy/optimize/_highspy/_core.cpython-310-x86_64-linux-gnu.so
73b5bf2ce000-73b5bf6bb000 r-xp 00012000 00:6a 10226225                   /home/ubuntu/.local/lib/python3.10/site-packages/scipy/optimize/_highspy/_core.cpython-310-x86_64-linux-gnu.so
73b5bf6bb000-73b5bf75c000 r--p 003ff000 00:6a 10226225                   /home/ubuntu/.local/lib/python3.10/site-packages/scipy/optimize/_highspy/_core.cpython-310-x86_64-linux-gnu.so
73b5bf75c000-73b5bf761000 r--p 0049f000 00:6a 10226225                   /home/ubuntu/.local/lib/python3.10/site-packages/scipy/optimize/_highspy/_core.cpython-310-x86_64-linux-gnu.so
73b5bf761000-73b5bf762000 rw-p 004a4000 00:6a 10226225                   /home/ubuntu/.local/lib/python3.10/site-packages/scipy/optimize/_highspy/_core.cpython-310-x86_64-linux-gnu.so
73b5bf762000-73b5bf967000 rw-p 00000000 00:00 0 
73b5bf967000-73b5bf96e000 r--p 00000000 00:6a 10227552                   /home/ubuntu/.local/lib/python3.10/site-packages/scipy/spatial/_qhull.cpython-310-x86_64-linux-gnu.so
73b5bf96e000-73b5bfa39000 r-xp 00007000 00:6a 10227552                   /home/ubuntu/.local/lib/python3.10/site-packages/scipy/spatial/_qhull.cpython-310-x86_64-linux-gnu.so
73b5bfa39000-73b5bfa71000 r--p 000d2000 00:6a 10227552                   /home/ubuntu/.local/lib/python3.10/site-packages/scipy/spatial/_qhull.cpython-310-x86_64-linux-gnu.so
73b5bfa71000-73b5bfa72000 r--p 00109000 00:6a 10227552                   /home/ubuntu/.local/lib/python3.10/site-packages/scipy/spatial/_qhull.cpython-310-x86_64-linux-gnu.so
73b5bfa72000-73b5bfa75000 rw-p 0010a000 00:6a 10227552                   /home/ubuntu/.local/lib/python3.10/site-packages/scipy/spatial/_qhull.cpython-310-x86_64-linux-gnu.so
73b5bfa75000-73b5bfb77000 rw-p 00000000 00:00 0 
73b5bfb77000-73b5bfb7a000 r--p 00000000 00:6a 10226480                   /home/ubuntu/.local/lib/python3.10/site-packages/scipy/special/_special_ufuncs.cpython-310-x86_64-linux-gnu.so
73b5bfb7a000-73b5bfc7d000 r-xp 00003000 00:6a 10226480                   /home/ubuntu/.local/lib/python3.10/site-packages/scipy/special/_special_ufuncs.cpython-310-x86_64-linux-gnu.so
73b5bfc7d000-73b5bfcc0000 r--p 00106000 00:6a 10226480                   /home/ubuntu/.local/lib/python3.10/site-packages/scipy/special/_special_ufuncs.cpython-310-x86_64-linux-gnu.so
73b5bfcc0000-73b5bfcc1000 r--p 00148000 00:6a 10226480                   /home/ubuntu/.local/lib/python3.10/site-packages/scipy/special/_special_ufuncs.cpython-310-x86_64-linux-gnu.so
73b5bfcc1000-73b5bfcc2000 rw-p 00149000 00:6a 10226480                   /home/ubuntu/.local/lib/python3.10/site-packages/scipy/special/_special_ufuncs.cpython-310-x86_64-linux-gnu.so
73b5bfcc2000-73b5bfdc2000 rw-p 00000000 00:00 0 
73b5bfdc2000-73b5bfdc7000 r--p 00000000 00:6a 10226468                   /home/ubuntu/.local/lib/python3.10/site-packages/scipy/special/_ufuncs_cxx.cpython-310-x86_64-linux-gnu.so
73b5bfdc7000-73b5bff16000 r-xp 00005000 00:6a 10226468                   /home/ubuntu/.local/lib/python3.10/site-packages/scipy/special/_ufuncs_cxx.cpython-310-x86_64-linux-gnu.so
73b5bff16000-73b5bff49000 r--p 00154000 00:6a 10226468                   /home/ubuntu/.local/lib/python3.10/site-packages/scipy/special/_ufuncs_cxx.cpython-310-x86_64-linux-gnu.so
73b5bff49000-73b5bff4a000 r--p 00186000 00:6a 10226468                   /home/ubuntu/.local/lib/python3.10/site-packages/scipy/special/_ufuncs_cxx.cpython-310-x86_64-linux-gnu.so
73b5bff4a000-73b5bff4b000 rw-p 00187000 00:6a 10226468                   /home/ubuntu/.local/lib/python3.10/site-packages/scipy/special/_ufuncs_cxx.cpython-310-x86_64-linux-gnu.so
73b5bff4b000-73b5bff4c000 rw-p 00000000 00:00 0 
73b5bff4c000-73b5bff52000 r--p 00000000 00:6a 10226473                   /home/ubuntu/.local/lib/python3.10/site-packages/scipy/special/_ufuncs.cpython-310-x86_64-linux-gnu.so
73b5bff52000-73b5c0057000 r-xp 00006000 00:6a 10226473                   /home/ubuntu/.local/lib/python3.10/site-packages/scipy/special/_ufuncs.cpython-310-x86_64-linux-gnu.so
73b5c0057000-73b5c00ac000 r--p 0010b000 00:6a 10226473                   /home/ubuntu/.local/lib/python3.10/site-packages/scipy/special/_ufuncs.cpython-310-x86_64-linux-gnu.so
73b5c00ac000-73b5c00ad000 r--p 0015f000 00:6a 10226473                   /home/ubuntu/.local/lib/python3.10/site-packages/scipy/special/_ufuncs.cpython-310-x86_64-linux-gnu.so
73b5c00ad000-73b5c00ae000 rw-p 00160000 00:6a 10226473                   /home/ubuntu/.local/lib/python3.10/site-packages/scipy/special/_ufuncs.cpython-310-x86_64-linux-gnu.so
73b5c00ae000-73b5c00b6000 rw-p 00000000 00:00 0 
73b5c00b6000-73b5c00b9000 rw-p 00189000 00:6a 10226473                   /home/ubuntu/.local/lib/python3.10/site-packages/scipy/special/_ufuncs.cpython-310-x86_64-linux-gnu.so
73b5c00b9000-73b5c00bb000 rw-p 0018c000 00:6a 10226473                   /home/ubuntu/.local/lib/python3.10/site-packages/scipy/special/_ufuncs.cpython-310-x86_64-linux-gnu.so
73b5c00bb000-73b5c01bb000 rw-p 00000000 00:00 0 
73b5c01bb000-73b5c01f8000 r--p 00000000 00:6a 10226371                   /home/ubuntu/.local/lib/python3.10/site-packages/scipy/linalg/_flapack.cpython-310-x86_64-linux-gnu.so
73b5c01f8000-73b5c02c5000 r-xp 0003d000 00:6a 10226371                   /home/ubuntu/.local/lib/python3.10/site-packages/scipy/linalg/_flapack.cpython-310-x86_64-linux-gnu.so
73b5c02c5000-73b5c0345000 r--p 0010a000 00:6a 10226371                   /home/ubuntu/.local/lib/python3.10/site-packages/scipy/linalg/_flapack.cpython-310-x86_64-linux-gnu.so
73b5c0345000-73b5c0346000 r--p 00189000 00:6a 10226371                   /home/ubuntu/.local/lib/python3.10/site-packages/scipy/linalg/_flapack.cpython-310-x86_64-linux-gnu.so
73b5c0346000-73b5c03d5000 rw-p 0018a000 00:6a 10226371                   /home/ubuntu/.local/lib/python3.10/site-packages/scipy/linalg/_flapack.cpython-310-x86_64-linux-gnu.so
73b5c03d5000-73b5c03e6000 rw-p 00246000 00:6a 10226371                   /home/ubuntu/.local/lib/python3.10/site-packages/scipy/linalg/_flapack.cpython-310-x86_64-linux-gnu.so
73b5c03e6000-73b5c03ed000 rw-p 00257000 00:6a 10226371                   /home/ubuntu/.local/lib/python3.10/site-packages/scipy/linalg/_flapack.cpython-310-x86_64-linux-gnu.so
73b5c03ed000-73b5c03ee000 ---p 00000000 00:00 0 
73b5c03ee000-73b5c0bee000 rw-p 00000000 00:00 0 
73b5c0bee000-73b5c0bef000 ---p 00000000 00:00 0 
73b5c0bef000-73b5c13ef000 rw-p 00000000 00:00 0 
73b5c13ef000-73b5c13f0000 ---p 00000000 00:00 0 
73b5c13f0000-73b5c1bf0000 rw-p 00000000 00:00 0 
73b5c1bf0000-73b5c1bf1000 ---p 00000000 00:00 0 
73b5c1bf1000-73b5c23f1000 rw-p 00000000 00:00 0 
73b5c23f1000-73b5c23f2000 ---p 00000000 00:00 0 
73b5c23f2000-73b5c2bf2000 rw-p 00000000 00:00 0 
73b5c2bf2000-73b5c2bf3000 ---p 00000000 00:00 0 
73b5c2bf3000-73b5c33f3000 rw-p 00000000 00:00 0 
73b5c33f3000-73b5c33f4000 ---p 00000000 00:00 0 
73b5c33f4000-73b5c3bf4000 rw-p 00000000 00:00 0 
73b5c3bf4000-73b5c3bf5000 ---p 00000000 00:00 0 
73b5c3bf5000-73b5c43f5000 rw-p 00000000 00:00 0 
73b5c43f5000-73b5c43f6000 ---p 00000000 00:00 0 
73b5c43f6000-73b5c4bf6000 rw-p 00000000 00:00 0 
73b5c4bf6000-73b5c4bf7000 ---p 00000000 00:00 0 
73b5c4bf7000-73b5c53f7000 rw-p 00000000 00:00 0 
73b5c53f7000-73b5c53f8000 ---p 00000000 00:00 0 
73b5c53f8000-73b5c5bf8000 rw-p 00000000 00:00 0 
73b5c5bf8000-73b5c5bf9000 ---p 00000000 00:00 0 
73b5c5bf9000-73b5c63f9000 rw-p 00000000 00:00 0 
73b5c63f9000-73b5c63fa000 ---p 00000000 00:00 0 
73b5c63fa000-73b5c6bfa000 rw-p 00000000 00:00 0 
73b5c6bfa000-73b5c6bfb000 ---p 00000000 00:00 0 
73b5c6bfb000-73b5c73fb000 rw-p 00000000 00:00 0 
73b5c73fb000-73b5c73fc000 ---p 00000000 00:00 0 
73b5c73fc000-73b5c7bfc000 rw-p 00000000 00:00 0 
73b5c7bfc000-73b5c7bfd000 ---p 00000000 00:00 0 
73b5c7bfd000-73b5c83fd000 rw-p 00000000 00:00 0 
73b5c83fd000-73b5c83fe000 ---p 00000000 00:00 0 
73b5c83fe000-73b5c8bfe000 rw-p 00000000 00:00 0 
73b5c8bfe000-73b5c8bff000 ---p 00000000 00:00 0 
73b5c8bff000-73b5c93ff000 rw-p 00000000 00:00 0 
73b5c93ff000-73b5c9400000 ---p 00000000 00:00 0 
73b5c9400000-73b5c9c00000 rw-p 00000000 00:00 0 
73b5c9c00000-73b5f1c00000 rw-p 00000000 00:00 0 
73b5f1c00000-73b5f1c3b000 r-xp 00000000 00:6a 10227622                   /home/ubuntu/.local/lib/python3.10/site-packages/scipy.libs/libquadmath-96973f99-934c22de.so.0.0.0
73b5f1c3b000-73b5f1e3a000 ---p 0003b000 00:6a 10227622                   /home/ubuntu/.local/lib/python3.10/site-packages/scipy.libs/libquadmath-96973f99-934c22de.so.0.0.0
73b5f1e3a000-73b5f1e3b000 r--p 0003a000 00:6a 10227622                   /home/ubuntu/.local/lib/python3.10/site-packages/scipy.libs/libquadmath-96973f99-934c22de.so.0.0.0
73b5f1e3b000-73b5f1e3c000 rw-p 0003b000 00:6a 10227622                   /home/ubuntu/.local/lib/python3.10/site-packages/scipy.libs/libquadmath-96973f99-934c22de.so.0.0.0
73b5f1e3c000-73b5f1e3d000 rw-p 0003c000 00:6a 10227622                   /home/ubuntu/.local/lib/python3.10/site-packages/scipy.libs/libquadmath-96973f99-934c22de.so.0.0.0
73b5f1e3d000-73b5f1e3e000 rw-p 0003d000 00:6a 10227622                   /home/ubuntu/.local/lib/python3.10/site-packages/scipy.libs/libquadmath-96973f99-934c22de.so.0.0.0
73b5f1e40000-73b5f1e43000 r--p 00000000 00:6a 10235991                   /home/ubuntu/.local/lib/python3.10/site-packages/sklearn/utils/_openmp_helpers.cpython-310-x86_64-linux-gnu.so
73b5f1e43000-73b5f1e4a000 r-xp 00003000 00:6a 10235991                   /home/ubuntu/.local/lib/python3.10/site-packages/sklearn/utils/_openmp_helpers.cpython-310-x86_64-linux-gnu.so
73b5f1e4a000-73b5f1e4c000 r--p 0000a000 00:6a 10235991                   /home/ubuntu/.local/lib/python3.10/site-packages/sklearn/utils/_openmp_helpers.cpython-310-x86_64-linux-gnu.so
73b5f1e4c000-73b5f1e4d000 ---p 0000c000 00:6a 10235991                   /home/ubuntu/.local/lib/python3.10/site-packages/sklearn/utils/_openmp_helpers.cpython-310-x86_64-linux-gnu.so
73b5f1e4d000-73b5f1e4e000 r--p 0000c000 00:6a 10235991                   /home/ubuntu/.local/lib/python3.10/site-packages/sklearn/utils/_openmp_helpers.cpython-310-x86_64-linux-gnu.so
73b5f1e4e000-73b5f1e4f000 rw-p 0000d000 00:6a 10235991                   /home/ubuntu/.local/lib/python3.10/site-packages/sklearn/utils/_openmp_helpers.cpython-310-x86_64-linux-gnu.so
73b5f1e4f000-73b5f1e51000 rw-p 00012000 00:6a 10235991                   /home/ubuntu/.local/lib/python3.10/site-packages/sklearn/utils/_openmp_helpers.cpython-310-x86_64-linux-gnu.so
73b5f1e51000-73b5f1e52000 rw-p 00014000 00:6a 10235991                   /home/ubuntu/.local/lib/python3.10/site-packages/sklearn/utils/_openmp_helpers.cpython-310-x86_64-linux-gnu.so
73b5f1e52000-73b5f1e6d000 r--p 00000000 00:6a 10226108                   /home/ubuntu/.local/lib/python3.10/site-packages/scipy/integrate/_odepack.cpython-310-x86_64-linux-gnu.so
73b5f1e6d000-73b5f1e85000 r-xp 0001b000 00:6a 10226108                   /home/ubuntu/.local/lib/python3.10/site-packages/scipy/integrate/_odepack.cpython-310-x86_64-linux-gnu.so
73b5f1e85000-73b5f1e93000 r--p 00033000 00:6a 10226108                   /home/ubuntu/.local/lib/python3.10/site-packages/scipy/integrate/_odepack.cpython-310-x86_64-linux-gnu.so
73b5f1e93000-73b5f1e94000 r--p 00040000 00:6a 10226108                   /home/ubuntu/.local/lib/python3.10/site-packages/scipy/integrate/_odepack.cpython-310-x86_64-linux-gnu.so
73b5f1e94000-73b5f1e98000 rw-p 00041000 00:6a 10226108                   /home/ubuntu/.local/lib/python3.10/site-packages/scipy/integrate/_odepack.cpython-310-x86_64-linux-gnu.so
73b5f1e98000-73b5f1e99000 rw-p 00000000 00:00 0 
73b5f1e99000-73b5f1ea9000 rw-p 0005f000 00:6a 10226108                   /home/ubuntu/.local/lib/python3.10/site-packages/scipy/integrate/_odepack.cpython-310-x86_64-linux-gnu.so
73b5f1ea9000-73b5f1eaf000 rw-p 0006f000 00:6a 10226108                   /home/ubuntu/.local/lib/python3.10/site-packages/scipy/integrate/_odepack.cpython-310-x86_64-linux-gnu.so
73b5f1eaf000-73b5f1eb5000 r--p 00000000 00:6a 10226214                   /home/ubuntu/.local/lib/python3.10/site-packages/scipy/optimize/_bglu_dense.cpython-310-x86_64-linux-gnu.so
73b5f1eb5000-73b5f1ef0000 r-xp 00006000 00:6a 10226214                   /home/ubuntu/.local/lib/python3.10/site-packages/scipy/optimize/_bglu_dense.cpython-310-x86_64-linux-gnu.so
73b5f1ef0000-73b5f1efa000 r--p 00041000 00:6a 10226214                   /home/ubuntu/.local/lib/python3.10/site-packages/scipy/optimize/_bglu_dense.cpython-310-x86_64-linux-gnu.so
73b5f1efa000-73b5f1efb000 ---p 0004b000 00:6a 10226214                   /home/ubuntu/.local/lib/python3.10/site-packages/scipy/optimize/_bglu_dense.cpython-310-x86_64-linux-gnu.so
73b5f1efb000-73b5f1efc000 r--p 0004b000 00:6a 10226214                   /home/ubuntu/.local/lib/python3.10/site-packages/scipy/optimize/_bglu_dense.cpython-310-x86_64-linux-gnu.so
73b5f1efc000-73b5f1eff000 rw-p 0004c000 00:6a 10226214                   /home/ubuntu/.local/lib/python3.10/site-packages/scipy/optimize/_bglu_dense.cpython-310-x86_64-linux-gnu.so
73b5f1eff000-73b5f2000000 rw-p 00000000 00:00 0 
73b5f2000000-73b5f2276000 r-xp 00000000 00:6a 10227618                   /home/ubuntu/.local/lib/python3.10/site-packages/scipy.libs/libgfortran-040039e1-0352e75f.so.5.0.0
73b5f2276000-73b5f2475000 ---p 00276000 00:6a 10227618                   /home/ubuntu/.local/lib/python3.10/site-packages/scipy.libs/libgfortran-040039e1-0352e75f.so.5.0.0
73b5f2475000-73b5f2476000 r--p 00275000 00:6a 10227618                   /home/ubuntu/.local/lib/python3.10/site-packages/scipy.libs/libgfortran-040039e1-0352e75f.so.5.0.0
73b5f2476000-73b5f2478000 rw-p 00276000 00:6a 10227618                   /home/ubuntu/.local/lib/python3.10/site-packages/scipy.libs/libgfortran-040039e1-0352e75f.so.5.0.0
73b5f2478000-73b5f2484000 rw-p 0027b000 00:6a 10227618                   /home/ubuntu/.local/lib/python3.10/site-packages/scipy.libs/libgfortran-040039e1-0352e75f.so.5.0.0
73b5f2484000-73b5f248d000 rw-p 00287000 00:6a 10227618                   /home/ubuntu/.local/lib/python3.10/site-packages/scipy.libs/libgfortran-040039e1-0352e75f.so.5.0.0
73b5f248d000-73b5f2496000 rw-p 00290000 00:6a 10227618                   /home/ubuntu/.local/lib/python3.10/site-packages/scipy.libs/libgfortran-040039e1-0352e75f.so.5.0.0
73b5f2496000-73b5f249f000 rw-p 00299000 00:6a 10227618                   /home/ubuntu/.local/lib/python3.10/site-packages/scipy.libs/libgfortran-040039e1-0352e75f.so.5.0.0
73b5f249f000-73b5f24a8000 rw-p 002a2000 00:6a 10227618                   /home/ubuntu/.local/lib/python3.10/site-packages/scipy.libs/libgfortran-040039e1-0352e75f.so.5.0.0
73b5f24a8000-73b5f24b1000 rw-p 002ab000 00:6a 10227618                   /home/ubuntu/.local/lib/python3.10/site-packages/scipy.libs/libgfortran-040039e1-0352e75f.so.5.0.0
73b5f24b1000-73b5f24b3000 r--p 00000000 00:6a 10229387                   /home/ubuntu/.local/lib/python3.10/site-packages/pandas/_libs/json.cpython-310-x86_64-linux-gnu.so
73b5f24b3000-73b5f24bc000 r-xp 00002000 00:6a 10229387                   /home/ubuntu/.local/lib/python3.10/site-packages/pandas/_libs/json.cpython-310-x86_64-linux-gnu.so
73b5f24bc000-73b5f24bf000 r--p 0000b000 00:6a 10229387                   /home/ubuntu/.local/lib/python3.10/site-packages/pandas/_libs/json.cpython-310-x86_64-linux-gnu.so
73b5f24bf000-73b5f24c0000 r--p 0000e000 00:6a 10229387                   /home/ubuntu/.local/lib/python3.10/site-packages/pandas/_libs/json.cpython-310-x86_64-linux-gnu.so
73b5f24c0000-73b5f24c1000 rw-p 0000f000 00:6a 10229387                   /home/ubuntu/.local/lib/python3.10/site-packages/pandas/_libs/json.cpython-310-x86_64-linux-gnu.so
73b5f24c1000-73b5f24c7000 r--p 00000000 00:6a 10226226                   /home/ubuntu/.local/lib/python3.10/site-packages/scipy/optimize/_highspy/_highs_options.cpython-310-x86_64-linux-gnu.so
73b5f24c7000-73b5f24fc000 r-xp 00006000 00:6a 10226226                   /home/ubuntu/.local/lib/python3.10/site-packages/scipy/optimize/_highspy/_highs_options.cpython-310-x86_64-linux-gnu.so
73b5f24fc000-73b5f250d000 r--p 0003b000 00:6a 10226226                   /home/ubuntu/.local/lib/python3.10/site-packages/scipy/optimize/_highspy/_highs_options.cpython-310-x86_64-linux-gnu.so
73b5f250d000-73b5f250e000 r--p 0004b000 00:6a 10226226                   /home/ubuntu/.local/lib/python3.10/site-packages/scipy/optimize/_highspy/_highs_options.cpython-310-x86_64-linux-gnu.so
73b5f250e000-73b5f250f000 rw-p 0004c000 00:6a 10226226                   /home/ubuntu/.local/lib/python3.10/site-packages/scipy/optimize/_highspy/_highs_options.cpython-310-x86_64-linux-gnu.so
73b5f250f000-73b5f260f000 rw-p 00000000 00:00 0 
73b5f260f000-73b5f26ba000 r--p 00000000 00:6a 10227621                   /home/ubuntu/.local/lib/python3.10/site-packages/scipy.libs/libscipy_openblas-68440149.so
73b5f26ba000-73b5f37cb000 r-xp 000ab000 00:6a 10227621                   /home/ubuntu/.local/lib/python3.10/site-packages/scipy.libs/libscipy_openblas-68440149.so
73b5f37cb000-73b5f397a000 r--p 011bc000 00:6a 10227621                   /home/ubuntu/.local/lib/python3.10/site-packages/scipy.libs/libscipy_openblas-68440149.so
73b5f397a000-73b5f3980000 r--p 0136a000 00:6a 10227621                   /home/ubuntu/.local/lib/python3.10/site-packages/scipy.libs/libscipy_openblas-68440149.so
73b5f3980000-73b5f398b000 rw-p 01370000 00:6a 10227621                   /home/ubuntu/.local/lib/python3.10/site-packages/scipy.libs/libscipy_openblas-68440149.so
73b5f398b000-73b5f3993000 rw-p 00000000 00:00 0 
73b5f3993000-73b5f39d5000 rw-p 01435000 00:6a 10227621                   /home/ubuntu/.local/lib/python3.10/site-packages/scipy.libs/libscipy_openblas-68440149.so
73b5f39d5000-73b5f3a03000 rw-p 01477000 00:6a 10227621                   /home/ubuntu/.local/lib/python3.10/site-packages/scipy.libs/libscipy_openblas-68440149.so
73b5f3a03000-73b5f3a31000 rw-p 014a5000 00:6a 10227621                   /home/ubuntu/.local/lib/python3.10/site-packages/scipy.libs/libscipy_openblas-68440149.so
73b5f3a31000-73b5f3a5f000 rw-p 014d3000 00:6a 10227621                   /home/ubuntu/.local/lib/python3.10/site-packages/scipy.libs/libscipy_openblas-68440149.so
73b5f3a5f000-73b5f3a8d000 rw-p 01501000 00:6a 10227621                   /home/ubuntu/.local/lib/python3.10/site-packages/scipy.libs/libscipy_openblas-68440149.so
73b5f3a8d000-73b5f3b8d000 rw-p 00000000 00:00 0 
73b5f3b8d000-73b5f3b90000 r--p 00000000 00:6a 10226810                   /home/ubuntu/.local/lib/python3.10/site-packages/scipy/sparse/_sparsetools.cpython-310-x86_64-linux-gnu.so
73b5f3b90000-73b5f3f47000 r-xp 00003000 00:6a 10226810                   /home/ubuntu/.local/lib/python3.10/site-packages/scipy/sparse/_sparsetools.cpython-310-x86_64-linux-gnu.so
73b5f3f47000-73b5f3f99000 r--p 003ba000 00:6a 10226810                   /home/ubuntu/.local/lib/python3.10/site-packages/scipy/sparse/_sparsetools.cpython-310-x86_64-linux-gnu.so
73b5f3f99000-73b5f3f9a000 r--p 0040b000 00:6a 10226810                   /home/ubuntu/.local/lib/python3.10/site-packages/scipy/sparse/_sparsetools.cpython-310-x86_64-linux-gnu.so
73b5f3f9a000-73b5f3f9b000 rw-p 0040c000 00:6a 10226810                   /home/ubuntu/.local/lib/python3.10/site-packages/scipy/sparse/_sparsetools.cpython-310-x86_64-linux-gnu.so
73b5f3f9b000-73b5f409b000 rw-p 00000000 00:00 0 
73b5f409b000-73b5f40e8000 r--p 00000000 00:6a 10235024                   /home/ubuntu/.local/lib/python3.10/site-packages/tiktoken/_tiktoken.cpython-310-x86_64-linux-gnu.so
73b5f40e8000-73b5f4247000 r-xp 0004d000 00:6a 10235024                   /home/ubuntu/.local/lib/python3.10/site-packages/tiktoken/_tiktoken.cpython-310-x86_64-linux-gnu.so
73b5f4247000-73b5f42cb000 r--p 001ac000 00:6a 10235024                   /home/ubuntu/.local/lib/python3.10/site-packages/tiktoken/_tiktoken.cpython-310-x86_64-linux-gnu.so
73b5f42cb000-73b5f42cc000 ---p 00230000 00:6a 10235024                   /home/ubuntu/.local/lib/python3.10/site-packages/tiktoken/_tiktoken.cpython-310-x86_64-linux-gnu.so
73b5f42cc000-73b5f430b000 r--p 00230000 00:6a 10235024                   /home/ubuntu/.local/lib/python3.10/site-packages/tiktoken/_tiktoken.cpython-310-x86_64-linux-gnu.so
73b5f430b000-73b5f430c000 rw-p 0026f000 00:6a 10235024                   /home/ubuntu/.local/lib/python3.10/site-packages/tiktoken/_tiktoken.cpython-310-x86_64-linux-gnu.so
73b5f430c000-73b5f480c000 rw-p 00000000 00:00 0 
73b5f480c000-73b5f48a3000 r--p 00000000 00:6a 10238461                   /home/ubuntu/.local/lib/python3.10/site-packages/tokenizers/tokenizers.cpython-310-x86_64-linux-gnu.so
73b5f48a3000-73b5f4c4f000 r-xp 00097000 00:6a 10238461                   /home/ubuntu/.local/lib/python3.10/site-packages/tokenizers/tokenizers.cpython-310-x86_64-linux-gnu.so
73b5f4c4f000-73b5f4dd1000 r--p 00443000 00:6a 10238461                   /home/ubuntu/.local/lib/python3.10/site-packages/tokenizers/tokenizers.cpython-310-x86_64-linux-gnu.so
73b5f4dd1000-73b5f4e4b000 r--p 005c4000 00:6a 10238461                   /home/ubuntu/.local/lib/python3.10/site-packages/tokenizers/tokenizers.cpython-310-x86_64-linux-gnu.so
73b5f4e4b000-73b5f4e52000 rw-p 0063e000 00:6a 10238461                   /home/ubuntu/.local/lib/python3.10/site-packages/tokenizers/tokenizers.cpython-310-x86_64-linux-gnu.so
73b5f4e52000-73b5f4ea7000 r--p 00000000 00:6a 10172736                   /home/ubuntu/.local/lib/python3.10/site-packages/sentencepiece/_sentencepiece.cpython-310-x86_64-linux-gnu.so
73b5f4ea7000-73b5f4fe5000 r-xp 00055000 00:6a 10172736                   /home/ubuntu/.local/lib/python3.10/site-packages/sentencepiece/_sentencepiece.cpython-310-x86_64-linux-gnu.so
73b5f4fe5000-73b5f5035000 r--p 00193000 00:6a 10172736                   /home/ubuntu/.local/lib/python3.10/site-packages/sentencepiece/_sentencepiece.cpython-310-x86_64-linux-gnu.so
73b5f5035000-73b5f5038000 r--p 001e3000 00:6a 10172736                   /home/ubuntu/.local/lib/python3.10/site-packages/sentencepiece/_sentencepiece.cpython-310-x86_64-linux-gnu.so
73b5f5038000-73b5f503b000 rw-p 001e6000 00:6a 10172736                   /home/ubuntu/.local/lib/python3.10/site-packages/sentencepiece/_sentencepiece.cpython-310-x86_64-linux-gnu.so
73b5f503b000-73b5f613b000 rw-p 00000000 00:00 0 
73b5f613c000-73b5f613e000 r--p 00000000 00:6a 10553178                   /usr/lib/jvm/java-17-openjdk-amd64/lib/libmanagement_ext.so
73b5f613e000-73b5f6141000 r-xp 00002000 00:6a 10553178                   /usr/lib/jvm/java-17-openjdk-amd64/lib/libmanagement_ext.so
73b5f6141000-73b5f6143000 r--p 00005000 00:6a 10553178                   /usr/lib/jvm/java-17-openjdk-amd64/lib/libmanagement_ext.so
73b5f6143000-73b5f6144000 r--p 00006000 00:6a 10553178                   /usr/lib/jvm/java-17-openjdk-amd64/lib/libmanagement_ext.so
73b5f6144000-73b5f6145000 rw-p 00007000 00:6a 10553178                   /usr/lib/jvm/java-17-openjdk-amd64/lib/libmanagement_ext.so
73b5f6145000-73b5f6149000 r--p 00000000 00:6a 10229401                   /home/ubuntu/.local/lib/python3.10/site-packages/pandas/_libs/properties.cpython-310-x86_64-linux-gnu.so
73b5f6149000-73b5f6155000 r-xp 00004000 00:6a 10229401                   /home/ubuntu/.local/lib/python3.10/site-packages/pandas/_libs/properties.cpython-310-x86_64-linux-gnu.so
73b5f6155000-73b5f6158000 r--p 00010000 00:6a 10229401                   /home/ubuntu/.local/lib/python3.10/site-packages/pandas/_libs/properties.cpython-310-x86_64-linux-gnu.so
73b5f6158000-73b5f6159000 r--p 00012000 00:6a 10229401                   /home/ubuntu/.local/lib/python3.10/site-packages/pandas/_libs/properties.cpython-310-x86_64-linux-gnu.so
73b5f6159000-73b5f615a000 rw-p 00013000 00:6a 10229401                   /home/ubuntu/.local/lib/python3.10/site-packages/pandas/_libs/properties.cpython-310-x86_64-linux-gnu.so
73b5f615a000-73b5f615b000 rw-p 00000000 00:00 0 
73b5f615b000-73b5f6161000 r--p 00000000 00:6a 10229426                   /home/ubuntu/.local/lib/python3.10/site-packages/pandas/_libs/tslibs/nattype.cpython-310-x86_64-linux-gnu.so
73b5f6161000-73b5f6182000 r-xp 00006000 00:6a 10229426                   /home/ubuntu/.local/lib/python3.10/site-packages/pandas/_libs/tslibs/nattype.cpython-310-x86_64-linux-gnu.so
73b5f6182000-73b5f6190000 r--p 00027000 00:6a 10229426                   /home/ubuntu/.local/lib/python3.10/site-packages/pandas/_libs/tslibs/nattype.cpython-310-x86_64-linux-gnu.so
73b5f6190000-73b5f6192000 r--p 00034000 00:6a 10229426                   /home/ubuntu/.local/lib/python3.10/site-packages/pandas/_libs/tslibs/nattype.cpython-310-x86_64-linux-gnu.so
73b5f6192000-73b5f6194000 rw-p 00036000 00:6a 10229426                   /home/ubuntu/.local/lib/python3.10/site-packages/pandas/_libs/tslibs/nattype.cpython-310-x86_64-linux-gnu.so
73b5f6194000-73b5f6195000 rw-p 00000000 00:00 0 
73b5f6195000-73b5f61a0000 r--p 00000000 00:6a 10229440                   /home/ubuntu/.local/lib/python3.10/site-packages/pandas/_libs/tslibs/timestamps.cpython-310-x86_64-linux-gnu.so
73b5f61a0000-73b5f6207000 r-xp 0000b000 00:6a 10229440                   /home/ubuntu/.local/lib/python3.10/site-packages/pandas/_libs/tslibs/timestamps.cpython-310-x86_64-linux-gnu.so
73b5f6207000-73b5f6228000 r--p 00072000 00:6a 10229440                   /home/ubuntu/.local/lib/python3.10/site-packages/pandas/_libs/tslibs/timestamps.cpython-310-x86_64-linux-gnu.so
73b5f6228000-73b5f622b000 r--p 00092000 00:6a 10229440                   /home/ubuntu/.local/lib/python3.10/site-packages/pandas/_libs/tslibs/timestamps.cpython-310-x86_64-linux-gnu.so
73b5f622b000-73b5f622e000 rw-p 00095000 00:6a 10229440                   /home/ubuntu/.local/lib/python3.10/site-packages/pandas/_libs/tslibs/timestamps.cpython-310-x86_64-linux-gnu.so
73b5f622e000-73b5f6230000 rw-p 00000000 00:00 0 
73b5f6230000-73b5f6240000 r--p 00000000 00:6a 10229430                   /home/ubuntu/.local/lib/python3.10/site-packages/pandas/_libs/tslibs/offsets.cpython-310-x86_64-linux-gnu.so
73b5f6240000-73b5f62ff000 r-xp 00010000 00:6a 10229430                   /home/ubuntu/.local/lib/python3.10/site-packages/pandas/_libs/tslibs/offsets.cpython-310-x86_64-linux-gnu.so
73b5f62ff000-73b5f6324000 r--p 000cf000 00:6a 10229430                   /home/ubuntu/.local/lib/python3.10/site-packages/pandas/_libs/tslibs/offsets.cpython-310-x86_64-linux-gnu.so
73b5f6324000-73b5f6328000 r--p 000f3000 00:6a 10229430                   /home/ubuntu/.local/lib/python3.10/site-packages/pandas/_libs/tslibs/offsets.cpython-310-x86_64-linux-gnu.so
73b5f6328000-73b5f6332000 rw-p 000f7000 00:6a 10229430                   /home/ubuntu/.local/lib/python3.10/site-packages/pandas/_libs/tslibs/offsets.cpython-310-x86_64-linux-gnu.so
73b5f6332000-73b5f6336000 rw-p 00000000 00:00 0 
73b5f6336000-73b5f633d000 r--p 00000000 00:6a 10229420                   /home/ubuntu/.local/lib/python3.10/site-packages/pandas/_libs/tslibs/conversion.cpython-310-x86_64-linux-gnu.so
73b5f633d000-73b5f6373000 r-xp 00007000 00:6a 10229420                   /home/ubuntu/.local/lib/python3.10/site-packages/pandas/_libs/tslibs/conversion.cpython-310-x86_64-linux-gnu.so
73b5f6373000-73b5f637d000 r--p 0003d000 00:6a 10229420                   /home/ubuntu/.local/lib/python3.10/site-packages/pandas/_libs/tslibs/conversion.cpython-310-x86_64-linux-gnu.so
73b5f637d000-73b5f637f000 r--p 00046000 00:6a 10229420                   /home/ubuntu/.local/lib/python3.10/site-packages/pandas/_libs/tslibs/conversion.cpython-310-x86_64-linux-gnu.so
73b5f637f000-73b5f6381000 rw-p 00048000 00:6a 10229420                   /home/ubuntu/.local/lib/python3.10/site-packages/pandas/_libs/tslibs/conversion.cpython-310-x86_64-linux-gnu.so
73b5f6381000-73b5f6382000 rw-p 00000000 00:00 0 
73b5f6382000-73b5f6386000 r--p 00000000 00:6a 10229428                   /home/ubuntu/.local/lib/python3.10/site-packages/pandas/_libs/tslibs/np_datetime.cpython-310-x86_64-linux-gnu.so
73b5f6386000-73b5f639d000 r-xp 00004000 00:6a 10229428                   /home/ubuntu/.local/lib/python3.10/site-packages/pandas/_libs/tslibs/np_datetime.cpython-310-x86_64-linux-gnu.so
73b5f639d000-73b5f63a2000 r--p 0001b000 00:6a 10229428                   /home/ubuntu/.local/lib/python3.10/site-packages/pandas/_libs/tslibs/np_datetime.cpython-310-x86_64-linux-gnu.so
73b5f63a2000-73b5f63a3000 r--p 00020000 00:6a 10229428                   /home/ubuntu/.local/lib/python3.10/site-packages/pandas/_libs/tslibs/np_datetime.cpython-310-x86_64-linux-gnu.so
73b5f63a3000-73b5f63a4000 rw-p 00021000 00:6a 10229428                   /home/ubuntu/.local/lib/python3.10/site-packages/pandas/_libs/tslibs/np_datetime.cpython-310-x86_64-linux-gnu.so
73b5f63a4000-73b5f63a5000 rw-p 00000000 00:00 0 
73b5f63a5000-73b5f63a9000 r--p 00000000 00:6a 10229418                   /home/ubuntu/.local/lib/python3.10/site-packages/pandas/_libs/tslibs/ccalendar.cpython-310-x86_64-linux-gnu.so
73b5f63a9000-73b5f63b7000 r-xp 00004000 00:6a 10229418                   /home/ubuntu/.local/lib/python3.10/site-packages/pandas/_libs/tslibs/ccalendar.cpython-310-x86_64-linux-gnu.so
73b5f63b7000-73b5f63ba000 r--p 00012000 00:6a 10229418                   /home/ubuntu/.local/lib/python3.10/site-packages/pandas/_libs/tslibs/ccalendar.cpython-310-x86_64-linux-gnu.so
73b5f63ba000-73b5f63bb000 r--p 00015000 00:6a 10229418                   /home/ubuntu/.local/lib/python3.10/site-packages/pandas/_libs/tslibs/ccalendar.cpython-310-x86_64-linux-gnu.so
73b5f63bb000-73b5f63bc000 rw-p 00016000 00:6a 10229418                   /home/ubuntu/.local/lib/python3.10/site-packages/pandas/_libs/tslibs/ccalendar.cpython-310-x86_64-linux-gnu.so
73b5f63bc000-73b5f6bbc000 rw-p 00000000 00:00 0 
73b5f6bbc000-73b5f6c6e000 r--p 00000000 00:6a 25773368                   /usr/lib/x86_64-linux-gnu/libcrypto.so.3
73b5f6c6e000-73b5f6ecd000 r-xp 000b2000 00:6a 25773368                   /usr/lib/x86_64-linux-gnu/libcrypto.so.3
73b5f6ecd000-73b5f6f9f000 r--p 00311000 00:6a 25773368                   /usr/lib/x86_64-linux-gnu/libcrypto.so.3
73b5f6f9f000-73b5f6ffa000 r--p 003e2000 00:6a 25773368                   /usr/lib/x86_64-linux-gnu/libcrypto.so.3
73b5f6ffa000-73b5f6ffd000 rw-p 0043d000 00:6a 25773368                   /usr/lib/x86_64-linux-gnu/libcrypto.so.3
73b5f6ffd000-73b5fb000000 rw-p 00000000 00:00 0 
73b5fb000000-73b5fb004000 r--p 00000000 00:6a 10229379                   /home/ubuntu/.local/lib/python3.10/site-packages/pandas/_libs/indexing.cpython-310-x86_64-linux-gnu.so
73b5fb004000-73b5fb00c000 r-xp 00004000 00:6a 10229379                   /home/ubuntu/.local/lib/python3.10/site-packages/pandas/_libs/indexing.cpython-310-x86_64-linux-gnu.so
73b5fb00c000-73b5fb00f000 r--p 0000c000 00:6a 10229379                   /home/ubuntu/.local/lib/python3.10/site-packages/pandas/_libs/indexing.cpython-310-x86_64-linux-gnu.so
73b5fb00f000-73b5fb010000 r--p 0000e000 00:6a 10229379                   /home/ubuntu/.local/lib/python3.10/site-packages/pandas/_libs/indexing.cpython-310-x86_64-linux-gnu.so
73b5fb010000-73b5fb011000 rw-p 0000f000 00:6a 10229379                   /home/ubuntu/.local/lib/python3.10/site-packages/pandas/_libs/indexing.cpython-310-x86_64-linux-gnu.so
73b5fb011000-73b5fb018000 r--p 00000000 00:6a 10227608                   /home/ubuntu/.local/lib/python3.10/site-packages/scipy/spatial/transform/_rotation.cpython-310-x86_64-linux-gnu.so
73b5fb018000-73b5fb0c5000 r-xp 00007000 00:6a 10227608                   /home/ubuntu/.local/lib/python3.10/site-packages/scipy/spatial/transform/_rotation.cpython-310-x86_64-linux-gnu.so
73b5fb0c5000-73b5fb0f8000 r--p 000b4000 00:6a 10227608                   /home/ubuntu/.local/lib/python3.10/site-packages/scipy/spatial/transform/_rotation.cpython-310-x86_64-linux-gnu.so
73b5fb0f8000-73b5fb0f9000 r--p 000e6000 00:6a 10227608                   /home/ubuntu/.local/lib/python3.10/site-packages/scipy/spatial/transform/_rotation.cpython-310-x86_64-linux-gnu.so
73b5fb0f9000-73b5fb0fd000 rw-p 000e7000 00:6a 10227608                   /home/ubuntu/.local/lib/python3.10/site-packages/scipy/spatial/transform/_rotation.cpython-310-x86_64-linux-gnu.so
73b5fb0fd000-73b5fb1ff000 rw-p 00000000 00:00 0 
73b5fb1ff000-73b5fb200000 ---p 00000000 00:00 0 
73b5fb200000-73b5fba00000 rw-p 00000000 00:00 0 
73b5fba00000-73b5fda00000 rw-p 00000000 00:00 0 
73b5fda01000-73b5fda09000 rw-s 00000000 00:6a 10176869                   /tmp/hsperfdata_ubuntu/25175 (deleted)
73b5fda09000-73b5fda0c000 r--p 00000000 00:6a 10226101                   /home/ubuntu/.local/lib/python3.10/site-packages/scipy/integrate/_dop.cpython-310-x86_64-linux-gnu.so
73b5fda0c000-73b5fda1a000 r-xp 00003000 00:6a 10226101                   /home/ubuntu/.local/lib/python3.10/site-packages/scipy/integrate/_dop.cpython-310-x86_64-linux-gnu.so
73b5fda1a000-73b5fda1e000 r--p 00011000 00:6a 10226101                   /home/ubuntu/.local/lib/python3.10/site-packages/scipy/integrate/_dop.cpython-310-x86_64-linux-gnu.so
73b5fda1e000-73b5fda1f000 r--p 00014000 00:6a 10226101                   /home/ubuntu/.local/lib/python3.10/site-packages/scipy/integrate/_dop.cpython-310-x86_64-linux-gnu.so
73b5fda1f000-73b5fda21000 rw-p 00015000 00:6a 10226101                   /home/ubuntu/.local/lib/python3.10/site-packages/scipy/integrate/_dop.cpython-310-x86_64-linux-gnu.so
73b5fda21000-73b5fda23000 rw-p 0001a000 00:6a 10226101                   /home/ubuntu/.local/lib/python3.10/site-packages/scipy/integrate/_dop.cpython-310-x86_64-linux-gnu.so
73b5fda23000-73b5fda24000 rw-p 0001c000 00:6a 10226101                   /home/ubuntu/.local/lib/python3.10/site-packages/scipy/integrate/_dop.cpython-310-x86_64-linux-gnu.so
73b5fda24000-73b5fda29000 r--p 00000000 00:6a 10226218                   /home/ubuntu/.local/lib/python3.10/site-packages/scipy/optimize/_pava_pybind.cpython-310-x86_64-linux-gnu.so
73b5fda29000-73b5fda42000 r-xp 00005000 00:6a 10226218                   /home/ubuntu/.local/lib/python3.10/site-packages/scipy/optimize/_pava_pybind.cpython-310-x86_64-linux-gnu.so
73b5fda42000-73b5fda4b000 r--p 0001e000 00:6a 10226218                   /home/ubuntu/.local/lib/python3.10/site-packages/scipy/optimize/_pava_pybind.cpython-310-x86_64-linux-gnu.so
73b5fda4b000-73b5fda4c000 r--p 00026000 00:6a 10226218                   /home/ubuntu/.local/lib/python3.10/site-packages/scipy/optimize/_pava_pybind.cpython-310-x86_64-linux-gnu.so
73b5fda4c000-73b5fda4d000 rw-p 00027000 00:6a 10226218                   /home/ubuntu/.local/lib/python3.10/site-packages/scipy/optimize/_pava_pybind.cpython-310-x86_64-linux-gnu.so
73b5fda4d000-73b5fda52000 r--p 00000000 00:6a 10226229                   /home/ubuntu/.local/lib/python3.10/site-packages/scipy/optimize/_lsq/givens_elimination.cpython-310-x86_64-linux-gnu.so
73b5fda52000-73b5fda75000 r-xp 00005000 00:6a 10226229                   /home/ubuntu/.local/lib/python3.10/site-packages/scipy/optimize/_lsq/givens_elimination.cpython-310-x86_64-linux-gnu.so
73b5fda75000-73b5fda7c000 r--p 00028000 00:6a 10226229                   /home/ubuntu/.local/lib/python3.10/site-packages/scipy/optimize/_lsq/givens_elimination.cpython-310-x86_64-linux-gnu.so
73b5fda7c000-73b5fda7d000 ---p 0002f000 00:6a 10226229                   /home/ubuntu/.local/lib/python3.10/site-packages/scipy/optimize/_lsq/givens_elimination.cpython-310-x86_64-linux-gnu.so
73b5fda7d000-73b5fda7e000 r--p 0002f000 00:6a 10226229                   /home/ubuntu/.local/lib/python3.10/site-packages/scipy/optimize/_lsq/givens_elimination.cpython-310-x86_64-linux-gnu.so
73b5fda7e000-73b5fda80000 rw-p 00030000 00:6a 10226229                   /home/ubuntu/.local/lib/python3.10/site-packages/scipy/optimize/_lsq/givens_elimination.cpython-310-x86_64-linux-gnu.so
73b5fda80000-73b5fda86000 r--p 00000000 00:6a 10227543                   /home/ubuntu/.local/lib/python3.10/site-packages/scipy/spatial/_distance_pybind.cpython-310-x86_64-linux-gnu.so
73b5fda86000-73b5fdaec000 r-xp 00006000 00:6a 10227543                   /home/ubuntu/.local/lib/python3.10/site-packages/scipy/spatial/_distance_pybind.cpython-310-x86_64-linux-gnu.so
73b5fdaec000-73b5fdafd000 r--p 0006c000 00:6a 10227543                   /home/ubuntu/.local/lib/python3.10/site-packages/scipy/spatial/_distance_pybind.cpython-310-x86_64-linux-gnu.so
73b5fdafd000-73b5fdafe000 r--p 0007c000 00:6a 10227543                   /home/ubuntu/.local/lib/python3.10/site-packages/scipy/spatial/_distance_pybind.cpython-310-x86_64-linux-gnu.so
73b5fdafe000-73b5fdaff000 rw-p 0007d000 00:6a 10227543                   /home/ubuntu/.local/lib/python3.10/site-packages/scipy/spatial/_distance_pybind.cpython-310-x86_64-linux-gnu.so
73b5fdaff000-73b5fdbff000 rw-p 00000000 00:00 0 
73b5fdbff000-73b5fdc00000 ---p 00000000 00:00 0 
73b5fdc00000-73b5fe400000 rw-p 00000000 00:00 0 
73b5fe400000-73b602400000 rw-p 00000000 00:00 0 
73b602403000-73b602405000 r--p 00000000 00:6a 10553170                   /usr/lib/jvm/java-17-openjdk-amd64/lib/libjimage.so
73b602405000-73b602408000 r-xp 00002000 00:6a 10553170                   /usr/lib/jvm/java-17-openjdk-amd64/lib/libjimage.so
73b602408000-73b602409000 r--p 00005000 00:6a 10553170                   /usr/lib/jvm/java-17-openjdk-amd64/lib/libjimage.so
73b602409000-73b60240a000 ---p 00006000 00:6a 10553170                   /usr/lib/jvm/java-17-openjdk-amd64/lib/libjimage.so
73b60240a000-73b60240b000 r--p 00006000 00:6a 10553170                   /usr/lib/jvm/java-17-openjdk-amd64/lib/libjimage.so
73b60240b000-73b60240c000 rw-p 00007000 00:6a 10553170                   /usr/lib/jvm/java-17-openjdk-amd64/lib/libjimage.so
73b60240c000-73b60240e000 r--p 00000000 00:6a 10226112                   /home/ubuntu/.local/lib/python3.10/site-packages/scipy/integrate/_quadpack.cpython-310-x86_64-linux-gnu.so
73b60240e000-73b602422000 r-xp 00002000 00:6a 10226112                   /home/ubuntu/.local/lib/python3.10/site-packages/scipy/integrate/_quadpack.cpython-310-x86_64-linux-gnu.so
73b602422000-73b602425000 r--p 00016000 00:6a 10226112                   /home/ubuntu/.local/lib/python3.10/site-packages/scipy/integrate/_quadpack.cpython-310-x86_64-linux-gnu.so
73b602425000-73b602426000 r--p 00018000 00:6a 10226112                   /home/ubuntu/.local/lib/python3.10/site-packages/scipy/integrate/_quadpack.cpython-310-x86_64-linux-gnu.so
73b602426000-73b602427000 rw-p 00019000 00:6a 10226112                   /home/ubuntu/.local/lib/python3.10/site-packages/scipy/integrate/_quadpack.cpython-310-x86_64-linux-gnu.so
73b602427000-73b60242f000 r--p 00000000 00:6a 10227558                   /home/ubuntu/.local/lib/python3.10/site-packages/scipy/spatial/_ckdtree.cpython-310-x86_64-linux-gnu.so
73b60242f000-73b6024d9000 r-xp 00008000 00:6a 10227558                   /home/ubuntu/.local/lib/python3.10/site-packages/scipy/spatial/_ckdtree.cpython-310-x86_64-linux-gnu.so
73b6024d9000-73b6024f8000 r--p 000b2000 00:6a 10227558                   /home/ubuntu/.local/lib/python3.10/site-packages/scipy/spatial/_ckdtree.cpython-310-x86_64-linux-gnu.so
73b6024f8000-73b6024f9000 ---p 000d1000 00:6a 10227558                   /home/ubuntu/.local/lib/python3.10/site-packages/scipy/spatial/_ckdtree.cpython-310-x86_64-linux-gnu.so
73b6024f9000-73b6024fa000 r--p 000d1000 00:6a 10227558                   /home/ubuntu/.local/lib/python3.10/site-packages/scipy/spatial/_ckdtree.cpython-310-x86_64-linux-gnu.so
73b6024fa000-73b6024fe000 rw-p 000d2000 00:6a 10227558                   /home/ubuntu/.local/lib/python3.10/site-packages/scipy/spatial/_ckdtree.cpython-310-x86_64-linux-gnu.so
73b6024fe000-73b6025ff000 rw-p 00000000 00:00 0 
73b6025ff000-73b602600000 ---p 00000000 00:00 0 
73b602600000-73b602e00000 rw-p 00000000 00:00 0 
73b602e00000-73b604e00000 rw-p 00000000 00:00 0 
73b604e00000-73b604e04000 r--p 00000000 00:6a 10229395                   /home/ubuntu/.local/lib/python3.10/site-packages/pandas/_libs/ops_dispatch.cpython-310-x86_64-linux-gnu.so
73b604e04000-73b604e0b000 r-xp 00004000 00:6a 10229395                   /home/ubuntu/.local/lib/python3.10/site-packages/pandas/_libs/ops_dispatch.cpython-310-x86_64-linux-gnu.so
73b604e0b000-73b604e0d000 r--p 0000b000 00:6a 10229395                   /home/ubuntu/.local/lib/python3.10/site-packages/pandas/_libs/ops_dispatch.cpython-310-x86_64-linux-gnu.so
73b604e0d000-73b604e0e000 r--p 0000d000 00:6a 10229395                   /home/ubuntu/.local/lib/python3.10/site-packages/pandas/_libs/ops_dispatch.cpython-310-x86_64-linux-gnu.so
73b604e0e000-73b604e0f000 rw-p 0000e000 00:6a 10229395                   /home/ubuntu/.local/lib/python3.10/site-packages/pandas/_libs/ops_dispatch.cpython-310-x86_64-linux-gnu.so
73b604e0f000-73b604e2a000 r--p 00000000 00:6a 10226211                   /home/ubuntu/.local/lib/python3.10/site-packages/scipy/optimize/_lbfgsb.cpython-310-x86_64-linux-gnu.so
73b604e2a000-73b604e3f000 r-xp 0001b000 00:6a 10226211                   /home/ubuntu/.local/lib/python3.10/site-packages/scipy/optimize/_lbfgsb.cpython-310-x86_64-linux-gnu.so
73b604e3f000-73b604e4b000 r--p 00030000 00:6a 10226211                   /home/ubuntu/.local/lib/python3.10/site-packages/scipy/optimize/_lbfgsb.cpython-310-x86_64-linux-gnu.so
73b604e4b000-73b604e4c000 ---p 0003c000 00:6a 10226211                   /home/ubuntu/.local/lib/python3.10/site-packages/scipy/optimize/_lbfgsb.cpython-310-x86_64-linux-gnu.so
73b604e4c000-73b604e4d000 r--p 0003c000 00:6a 10226211                   /home/ubuntu/.local/lib/python3.10/site-packages/scipy/optimize/_lbfgsb.cpython-310-x86_64-linux-gnu.so
73b604e4d000-73b604e51000 rw-p 0003d000 00:6a 10226211                   /home/ubuntu/.local/lib/python3.10/site-packages/scipy/optimize/_lbfgsb.cpython-310-x86_64-linux-gnu.so
73b604e51000-73b604e61000 rw-p 0005b000 00:6a 10226211                   /home/ubuntu/.local/lib/python3.10/site-packages/scipy/optimize/_lbfgsb.cpython-310-x86_64-linux-gnu.so
73b604e61000-73b604e67000 rw-p 0006b000 00:6a 10226211                   /home/ubuntu/.local/lib/python3.10/site-packages/scipy/optimize/_lbfgsb.cpython-310-x86_64-linux-gnu.so
73b604e67000-73b604e69000 r--p 00000000 00:6a 10226444                   /home/ubuntu/.local/lib/python3.10/site-packages/scipy/special/_gufuncs.cpython-310-x86_64-linux-gnu.so
73b604e69000-73b604eef000 r-xp 00002000 00:6a 10226444                   /home/ubuntu/.local/lib/python3.10/site-packages/scipy/special/_gufuncs.cpython-310-x86_64-linux-gnu.so
73b604eef000-73b604efc000 r--p 00088000 00:6a 10226444                   /home/ubuntu/.local/lib/python3.10/site-packages/scipy/special/_gufuncs.cpython-310-x86_64-linux-gnu.so
73b604efc000-73b604efd000 r--p 00094000 00:6a 10226444                   /home/ubuntu/.local/lib/python3.10/site-packages/scipy/special/_gufuncs.cpython-310-x86_64-linux-gnu.so
73b604efd000-73b604efe000 rw-p 00095000 00:6a 10226444                   /home/ubuntu/.local/lib/python3.10/site-packages/scipy/special/_gufuncs.cpython-310-x86_64-linux-gnu.so
73b604efe000-73b604ffe000 rw-p 00000000 00:00 0 
73b604ffe000-73b604fff000 ---p 00000000 00:00 0 
73b604fff000-73b6057ff000 rw-p 00000000 00:00 0 
73b6057ff000-73b605800000 ---p 00000000 00:00 0 
73b605800000-73b606000000 rw-p 00000000 00:00 0 
73b606000000-73b608000000 rw-p 00000000 00:00 0 
73b608004000-73b608006000 r--p 00000000 00:6a 10045286                   /usr/lib/python3.10/lib-dynload/_zoneinfo.cpython-310-x86_64-linux-gnu.so
73b608006000-73b60800c000 r-xp 00002000 00:6a 10045286                   /usr/lib/python3.10/lib-dynload/_zoneinfo.cpython-310-x86_64-linux-gnu.so
73b60800c000-73b60800e000 r--p 00008000 00:6a 10045286                   /usr/lib/python3.10/lib-dynload/_zoneinfo.cpython-310-x86_64-linux-gnu.so
73b60800e000-73b60800f000 r--p 00009000 00:6a 10045286                   /usr/lib/python3.10/lib-dynload/_zoneinfo.cpython-310-x86_64-linux-gnu.so
73b60800f000-73b608010000 rw-p 0000a000 00:6a 10045286                   /usr/lib/python3.10/lib-dynload/_zoneinfo.cpython-310-x86_64-linux-gnu.so
73b608010000-73b608015000 r--p 00000000 00:6a 10226308                   /home/ubuntu/.local/lib/python3.10/site-packages/scipy/optimize/_trlib/_trlib.cpython-310-x86_64-linux-gnu.so
73b608015000-73b608054000 r-xp 00005000 00:6a 10226308                   /home/ubuntu/.local/lib/python3.10/site-packages/scipy/optimize/_trlib/_trlib.cpython-310-x86_64-linux-gnu.so
73b608054000-73b60805e000 r--p 00044000 00:6a 10226308                   /home/ubuntu/.local/lib/python3.10/site-packages/scipy/optimize/_trlib/_trlib.cpython-310-x86_64-linux-gnu.so
73b60805e000-73b60805f000 r--p 0004d000 00:6a 10226308                   /home/ubuntu/.local/lib/python3.10/site-packages/scipy/optimize/_trlib/_trlib.cpython-310-x86_64-linux-gnu.so
73b60805f000-73b608061000 rw-p 0004e000 00:6a 10226308                   /home/ubuntu/.local/lib/python3.10/site-packages/scipy/optimize/_trlib/_trlib.cpython-310-x86_64-linux-gnu.so
73b608061000-73b608062000 rw-p 00000000 00:00 0 
73b608062000-73b608065000 rw-p 00059000 00:6a 10226308                   /home/ubuntu/.local/lib/python3.10/site-packages/scipy/optimize/_trlib/_trlib.cpython-310-x86_64-linux-gnu.so
73b608065000-73b608067000 rw-p 0005c000 00:6a 10226308                   /home/ubuntu/.local/lib/python3.10/site-packages/scipy/optimize/_trlib/_trlib.cpython-310-x86_64-linux-gnu.so
73b608067000-73b60806c000 r--p 00000000 00:6a 10226853                   /home/ubuntu/.local/lib/python3.10/site-packages/scipy/sparse/csgraph/_traversal.cpython-310-x86_64-linux-gnu.so
73b60806c000-73b6080ea000 r-xp 00005000 00:6a 10226853                   /home/ubuntu/.local/lib/python3.10/site-packages/scipy/sparse/csgraph/_traversal.cpython-310-x86_64-linux-gnu.so
73b6080ea000-73b6080fb000 r--p 00083000 00:6a 10226853                   /home/ubuntu/.local/lib/python3.10/site-packages/scipy/sparse/csgraph/_traversal.cpython-310-x86_64-linux-gnu.so
73b6080fb000-73b6080fc000 r--p 00093000 00:6a 10226853                   /home/ubuntu/.local/lib/python3.10/site-packages/scipy/sparse/csgraph/_traversal.cpython-310-x86_64-linux-gnu.so
73b6080fc000-73b6080fe000 rw-p 00094000 00:6a 10226853                   /home/ubuntu/.local/lib/python3.10/site-packages/scipy/sparse/csgraph/_traversal.cpython-310-x86_64-linux-gnu.so
73b6080fe000-73b6081ff000 rw-p 00000000 00:00 0 
73b6081ff000-73b608200000 ---p 00000000 00:00 0 
73b608200000-73b608a00000 rw-p 00000000 00:00 0 
73b608a00000-73b60aa00000 rw-p 00000000 00:00 0 
73b60aa00000-73b60aa03000 r--p 00000000 00:6a 10229417                   /home/ubuntu/.local/lib/python3.10/site-packages/pandas/_libs/tslibs/base.cpython-310-x86_64-linux-gnu.so
73b60aa03000-73b60aa0a000 r-xp 00003000 00:6a 10229417                   /home/ubuntu/.local/lib/python3.10/site-packages/pandas/_libs/tslibs/base.cpython-310-x86_64-linux-gnu.so
73b60aa0a000-73b60aa0c000 r--p 0000a000 00:6a 10229417                   /home/ubuntu/.local/lib/python3.10/site-packages/pandas/_libs/tslibs/base.cpython-310-x86_64-linux-gnu.so
73b60aa0c000-73b60aa0d000 r--p 0000c000 00:6a 10229417                   /home/ubuntu/.local/lib/python3.10/site-packages/pandas/_libs/tslibs/base.cpython-310-x86_64-linux-gnu.so
73b60aa0d000-73b60aa0e000 rw-p 0000d000 00:6a 10229417                   /home/ubuntu/.local/lib/python3.10/site-packages/pandas/_libs/tslibs/base.cpython-310-x86_64-linux-gnu.so
73b60aa0e000-73b60aa13000 r--p 00000000 00:6a 10227557                   /home/ubuntu/.local/lib/python3.10/site-packages/scipy/spatial/_hausdorff.cpython-310-x86_64-linux-gnu.so
73b60aa13000-73b60aa3a000 r-xp 00005000 00:6a 10227557                   /home/ubuntu/.local/lib/python3.10/site-packages/scipy/spatial/_hausdorff.cpython-310-x86_64-linux-gnu.so
73b60aa3a000-73b60aa41000 r--p 0002c000 00:6a 10227557                   /home/ubuntu/.local/lib/python3.10/site-packages/scipy/spatial/_hausdorff.cpython-310-x86_64-linux-gnu.so
73b60aa41000-73b60aa42000 ---p 00033000 00:6a 10227557                   /home/ubuntu/.local/lib/python3.10/site-packages/scipy/spatial/_hausdorff.cpython-310-x86_64-linux-gnu.so
73b60aa42000-73b60aa43000 r--p 00033000 00:6a 10227557                   /home/ubuntu/.local/lib/python3.10/site-packages/scipy/spatial/_hausdorff.cpython-310-x86_64-linux-gnu.so
73b60aa43000-73b60aa45000 rw-p 00034000 00:6a 10227557                   /home/ubuntu/.local/lib/python3.10/site-packages/scipy/spatial/_hausdorff.cpython-310-x86_64-linux-gnu.so
73b60aa45000-73b60aa46000 rw-p 00000000 00:00 0 
73b60aa46000-73b60aa4b000 r--p 00000000 00:6a 10227550                   /home/ubuntu/.local/lib/python3.10/site-packages/scipy/spatial/_voronoi.cpython-310-x86_64-linux-gnu.so
73b60aa4b000-73b60aa70000 r-xp 00005000 00:6a 10227550                   /home/ubuntu/.local/lib/python3.10/site-packages/scipy/spatial/_voronoi.cpython-310-x86_64-linux-gnu.so
73b60aa70000-73b60aa77000 r--p 0002a000 00:6a 10227550                   /home/ubuntu/.local/lib/python3.10/site-packages/scipy/spatial/_voronoi.cpython-310-x86_64-linux-gnu.so
73b60aa77000-73b60aa78000 ---p 00031000 00:6a 10227550                   /home/ubuntu/.local/lib/python3.10/site-packages/scipy/spatial/_voronoi.cpython-310-x86_64-linux-gnu.so
73b60aa78000-73b60aa79000 r--p 00031000 00:6a 10227550                   /home/ubuntu/.local/lib/python3.10/site-packages/scipy/spatial/_voronoi.cpython-310-x86_64-linux-gnu.so
73b60aa79000-73b60aa7b000 rw-p 00032000 00:6a 10227550                   /home/ubuntu/.local/lib/python3.10/site-packages/scipy/spatial/_voronoi.cpython-310-x86_64-linux-gnu.so
73b60aa7b000-73b60aa7c000 rw-p 00000000 00:00 0 
73b60aa7c000-73b60aa81000 r--p 00000000 00:6a 10226849                   /home/ubuntu/.local/lib/python3.10/site-packages/scipy/sparse/csgraph/_shortest_path.cpython-310-x86_64-linux-gnu.so
73b60aa81000-73b60aae4000 r-xp 00005000 00:6a 10226849                   /home/ubuntu/.local/lib/python3.10/site-packages/scipy/sparse/csgraph/_shortest_path.cpython-310-x86_64-linux-gnu.so
73b60aae4000-73b60aaf9000 r--p 00068000 00:6a 10226849                   /home/ubuntu/.local/lib/python3.10/site-packages/scipy/sparse/csgraph/_shortest_path.cpython-310-x86_64-linux-gnu.so
73b60aaf9000-73b60aafa000 ---p 0007d000 00:6a 10226849                   /home/ubuntu/.local/lib/python3.10/site-packages/scipy/sparse/csgraph/_shortest_path.cpython-310-x86_64-linux-gnu.so
73b60aafa000-73b60aafb000 r--p 0007d000 00:6a 10226849                   /home/ubuntu/.local/lib/python3.10/site-packages/scipy/sparse/csgraph/_shortest_path.cpython-310-x86_64-linux-gnu.so
73b60aafb000-73b60aafd000 rw-p 0007e000 00:6a 10226849                   /home/ubuntu/.local/lib/python3.10/site-packages/scipy/sparse/csgraph/_shortest_path.cpython-310-x86_64-linux-gnu.so
73b60aafd000-73b60abff000 rw-p 00000000 00:00 0 
73b60abff000-73b60ac00000 ---p 00000000 00:00 0 
73b60ac00000-73b60b400000 rw-p 00000000 00:00 0 
73b60b400000-73b60d400000 rw-p 00000000 00:00 0 
73b60d403000-73b60d406000 r--p 00000000 00:6a 10227390                   /home/ubuntu/.local/lib/python3.10/site-packages/scipy/stats/_levy_stable/levyst.cpython-310-x86_64-linux-gnu.so
73b60d406000-73b60d40d000 r-xp 00003000 00:6a 10227390                   /home/ubuntu/.local/lib/python3.10/site-packages/scipy/stats/_levy_stable/levyst.cpython-310-x86_64-linux-gnu.so
73b60d40d000-73b60d40f000 r--p 0000a000 00:6a 10227390                   /home/ubuntu/.local/lib/python3.10/site-packages/scipy/stats/_levy_stable/levyst.cpython-310-x86_64-linux-gnu.so
73b60d40f000-73b60d410000 r--p 0000b000 00:6a 10227390                   /home/ubuntu/.local/lib/python3.10/site-packages/scipy/stats/_levy_stable/levyst.cpython-310-x86_64-linux-gnu.so
73b60d410000-73b60d411000 rw-p 0000c000 00:6a 10227390                   /home/ubuntu/.local/lib/python3.10/site-packages/scipy/stats/_levy_stable/levyst.cpython-310-x86_64-linux-gnu.so
73b60d411000-73b60d416000 r--p 00000000 00:6a 10226848                   /home/ubuntu/.local/lib/python3.10/site-packages/scipy/sparse/csgraph/_reordering.cpython-310-x86_64-linux-gnu.so
73b60d416000-73b60d44d000 r-xp 00005000 00:6a 10226848                   /home/ubuntu/.local/lib/python3.10/site-packages/scipy/sparse/csgraph/_reordering.cpython-310-x86_64-linux-gnu.so
73b60d44d000-73b60d457000 r--p 0003c000 00:6a 10226848                   /home/ubuntu/.local/lib/python3.10/site-packages/scipy/sparse/csgraph/_reordering.cpython-310-x86_64-linux-gnu.so
73b60d457000-73b60d458000 r--p 00045000 00:6a 10226848                   /home/ubuntu/.local/lib/python3.10/site-packages/scipy/sparse/csgraph/_reordering.cpython-310-x86_64-linux-gnu.so
73b60d458000-73b60d45a000 rw-p 00046000 00:6a 10226848                   /home/ubuntu/.local/lib/python3.10/site-packages/scipy/sparse/csgraph/_reordering.cpython-310-x86_64-linux-gnu.so
73b60d45a000-73b60d45b000 rw-p 00000000 00:00 0 
73b60d45b000-73b60d478000 r--p 00000000 00:6a 10226963                   /home/ubuntu/.local/lib/python3.10/site-packages/scipy/sparse/linalg/_propack/_zpropack.cpython-310-x86_64-linux-gnu.so
73b60d478000-73b60d497000 r-xp 0001d000 00:6a 10226963                   /home/ubuntu/.local/lib/python3.10/site-packages/scipy/sparse/linalg/_propack/_zpropack.cpython-310-x86_64-linux-gnu.so
73b60d497000-73b60d4a7000 r--p 0003c000 00:6a 10226963                   /home/ubuntu/.local/lib/python3.10/site-packages/scipy/sparse/linalg/_propack/_zpropack.cpython-310-x86_64-linux-gnu.so
73b60d4a7000-73b60d4a8000 ---p 0004c000 00:6a 10226963                   /home/ubuntu/.local/lib/python3.10/site-packages/scipy/sparse/linalg/_propack/_zpropack.cpython-310-x86_64-linux-gnu.so
73b60d4a8000-73b60d4a9000 r--p 0004c000 00:6a 10226963                   /home/ubuntu/.local/lib/python3.10/site-packages/scipy/sparse/linalg/_propack/_zpropack.cpython-310-x86_64-linux-gnu.so
73b60d4a9000-73b60d4b1000 rw-p 0004d000 00:6a 10226963                   /home/ubuntu/.local/lib/python3.10/site-packages/scipy/sparse/linalg/_propack/_zpropack.cpython-310-x86_64-linux-gnu.so
73b60d4b1000-73b60d4e7000 rw-p 00000000 00:00 0 
73b60d4e7000-73b60d4f8000 rw-p 00071000 00:6a 10226963                   /home/ubuntu/.local/lib/python3.10/site-packages/scipy/sparse/linalg/_propack/_zpropack.cpython-310-x86_64-linux-gnu.so
73b60d4f8000-73b60d4ff000 rw-p 00082000 00:6a 10226963                   /home/ubuntu/.local/lib/python3.10/site-packages/scipy/sparse/linalg/_propack/_zpropack.cpython-310-x86_64-linux-gnu.so
73b60d4ff000-73b60d5ff000 rw-p 00000000 00:00 0 
73b60d5ff000-73b60d600000 ---p 00000000 00:00 0 
73b60d600000-73b60de00000 rw-p 00000000 00:00 0 
73b60de00000-73b60fe00000 rw-p 00000000 00:00 0 
73b60fe02000-73b60fe03000 r-xp 00000000 00:00 0 
73b60fe03000-73b60fe05000 r--p 00000000 00:00 0 
73b60fe05000-73b60fe09000 r--p 00000000 00:6a 10226661                   /home/ubuntu/.local/lib/python3.10/site-packages/scipy/_lib/_uarray/_uarray.cpython-310-x86_64-linux-gnu.so
73b60fe09000-73b60fe1c000 r-xp 00004000 00:6a 10226661                   /home/ubuntu/.local/lib/python3.10/site-packages/scipy/_lib/_uarray/_uarray.cpython-310-x86_64-linux-gnu.so
73b60fe1c000-73b60fe22000 r--p 00017000 00:6a 10226661                   /home/ubuntu/.local/lib/python3.10/site-packages/scipy/_lib/_uarray/_uarray.cpython-310-x86_64-linux-gnu.so
73b60fe22000-73b60fe23000 r--p 0001c000 00:6a 10226661                   /home/ubuntu/.local/lib/python3.10/site-packages/scipy/_lib/_uarray/_uarray.cpython-310-x86_64-linux-gnu.so
73b60fe23000-73b60fe24000 rw-p 0001d000 00:6a 10226661                   /home/ubuntu/.local/lib/python3.10/site-packages/scipy/_lib/_uarray/_uarray.cpython-310-x86_64-linux-gnu.so
73b60fe24000-73b60fe29000 r--p 00000000 00:6a 10226851                   /home/ubuntu/.local/lib/python3.10/site-packages/scipy/sparse/csgraph/_matching.cpython-310-x86_64-linux-gnu.so
73b60fe29000-73b60fe62000 r-xp 00005000 00:6a 10226851                   /home/ubuntu/.local/lib/python3.10/site-packages/scipy/sparse/csgraph/_matching.cpython-310-x86_64-linux-gnu.so
73b60fe62000-73b60fe70000 r--p 0003e000 00:6a 10226851                   /home/ubuntu/.local/lib/python3.10/site-packages/scipy/sparse/csgraph/_matching.cpython-310-x86_64-linux-gnu.so
73b60fe70000-73b60fe71000 r--p 0004b000 00:6a 10226851                   /home/ubuntu/.local/lib/python3.10/site-packages/scipy/sparse/csgraph/_matching.cpython-310-x86_64-linux-gnu.so
73b60fe71000-73b60fe73000 rw-p 0004c000 00:6a 10226851                   /home/ubuntu/.local/lib/python3.10/site-packages/scipy/sparse/csgraph/_matching.cpython-310-x86_64-linux-gnu.so
73b60fe73000-73b60fe74000 rw-p 00000000 00:00 0 
73b60fe74000-73b60fe91000 r--p 00000000 00:6a 10226962                   /home/ubuntu/.local/lib/python3.10/site-packages/scipy/sparse/linalg/_propack/_cpropack.cpython-310-x86_64-linux-gnu.so
73b60fe91000-73b60feb2000 r-xp 0001d000 00:6a 10226962                   /home/ubuntu/.local/lib/python3.10/site-packages/scipy/sparse/linalg/_propack/_cpropack.cpython-310-x86_64-linux-gnu.so
73b60feb2000-73b60fec2000 r--p 0003e000 00:6a 10226962                   /home/ubuntu/.local/lib/python3.10/site-packages/scipy/sparse/linalg/_propack/_cpropack.cpython-310-x86_64-linux-gnu.so
73b60fec2000-73b60fec3000 ---p 0004e000 00:6a 10226962                   /home/ubuntu/.local/lib/python3.10/site-packages/scipy/sparse/linalg/_propack/_cpropack.cpython-310-x86_64-linux-gnu.so
73b60fec3000-73b60fec4000 r--p 0004e000 00:6a 10226962                   /home/ubuntu/.local/lib/python3.10/site-packages/scipy/sparse/linalg/_propack/_cpropack.cpython-310-x86_64-linux-gnu.so
73b60fec4000-73b60fecc000 rw-p 0004f000 00:6a 10226962                   /home/ubuntu/.local/lib/python3.10/site-packages/scipy/sparse/linalg/_propack/_cpropack.cpython-310-x86_64-linux-gnu.so
73b60fecc000-73b60fee7000 rw-p 00000000 00:00 0 
73b60fee7000-73b60fef8000 rw-p 00073000 00:6a 10226962                   /home/ubuntu/.local/lib/python3.10/site-packages/scipy/sparse/linalg/_propack/_cpropack.cpython-310-x86_64-linux-gnu.so
73b60fef8000-73b60feff000 rw-p 00084000 00:6a 10226962                   /home/ubuntu/.local/lib/python3.10/site-packages/scipy/sparse/linalg/_propack/_cpropack.cpython-310-x86_64-linux-gnu.so
73b60feff000-73b60ffff000 rw-p 00000000 00:00 0 
73b60ffff000-73b610000000 ---p 00000000 00:00 0 
73b610000000-73b610800000 rw-p 00000000 00:00 0 
73b610800000-73b612800000 rw-p 00000000 00:00 0 
73b612800000-73b612801000 r-xp 00000000 00:00 0 
73b612801000-73b612802000 r--p 00000000 00:00 0 
73b612802000-73b612805000 r--p 00000000 00:6a 10045293                   /usr/lib/python3.10/lib-dynload/termios.cpython-310-x86_64-linux-gnu.so
73b612805000-73b612806000 r-xp 00003000 00:6a 10045293                   /usr/lib/python3.10/lib-dynload/termios.cpython-310-x86_64-linux-gnu.so
73b612806000-73b612808000 r--p 00004000 00:6a 10045293                   /usr/lib/python3.10/lib-dynload/termios.cpython-310-x86_64-linux-gnu.so
73b612808000-73b612809000 r--p 00005000 00:6a 10045293                   /usr/lib/python3.10/lib-dynload/termios.cpython-310-x86_64-linux-gnu.so
73b612809000-73b61280b000 rw-p 00006000 00:6a 10045293                   /usr/lib/python3.10/lib-dynload/termios.cpython-310-x86_64-linux-gnu.so
73b61280b000-73b61280e000 r--p 00000000 00:6a 10226206                   /home/ubuntu/.local/lib/python3.10/site-packages/scipy/optimize/_moduleTNC.cpython-310-x86_64-linux-gnu.so
73b61280e000-73b612827000 r-xp 00003000 00:6a 10226206                   /home/ubuntu/.local/lib/python3.10/site-packages/scipy/optimize/_moduleTNC.cpython-310-x86_64-linux-gnu.so
73b612827000-73b61282b000 r--p 0001c000 00:6a 10226206                   /home/ubuntu/.local/lib/python3.10/site-packages/scipy/optimize/_moduleTNC.cpython-310-x86_64-linux-gnu.so
73b61282b000-73b61282c000 r--p 0001f000 00:6a 10226206                   /home/ubuntu/.local/lib/python3.10/site-packages/scipy/optimize/_moduleTNC.cpython-310-x86_64-linux-gnu.so
73b61282c000-73b61282d000 rw-p 00020000 00:6a 10226206                   /home/ubuntu/.local/lib/python3.10/site-packages/scipy/optimize/_moduleTNC.cpython-310-x86_64-linux-gnu.so
73b61282d000-73b61284a000 r--p 00000000 00:6a 10226961                   /home/ubuntu/.local/lib/python3.10/site-packages/scipy/sparse/linalg/_propack/_dpropack.cpython-310-x86_64-linux-gnu.so
73b61284a000-73b612865000 r-xp 0001d000 00:6a 10226961                   /home/ubuntu/.local/lib/python3.10/site-packages/scipy/sparse/linalg/_propack/_dpropack.cpython-310-x86_64-linux-gnu.so
73b612865000-73b612875000 r--p 00038000 00:6a 10226961                   /home/ubuntu/.local/lib/python3.10/site-packages/scipy/sparse/linalg/_propack/_dpropack.cpython-310-x86_64-linux-gnu.so
73b612875000-73b612876000 r--p 00047000 00:6a 10226961                   /home/ubuntu/.local/lib/python3.10/site-packages/scipy/sparse/linalg/_propack/_dpropack.cpython-310-x86_64-linux-gnu.so
73b612876000-73b61287e000 rw-p 00048000 00:6a 10226961                   /home/ubuntu/.local/lib/python3.10/site-packages/scipy/sparse/linalg/_propack/_dpropack.cpython-310-x86_64-linux-gnu.so
73b61287e000-73b61288f000 rw-p 0006b000 00:6a 10226961                   /home/ubuntu/.local/lib/python3.10/site-packages/scipy/sparse/linalg/_propack/_dpropack.cpython-310-x86_64-linux-gnu.so
73b61288f000-73b612896000 rw-p 0007c000 00:6a 10226961                   /home/ubuntu/.local/lib/python3.10/site-packages/scipy/sparse/linalg/_propack/_dpropack.cpython-310-x86_64-linux-gnu.so
73b612896000-73b6128b3000 r--p 00000000 00:6a 10226964                   /home/ubuntu/.local/lib/python3.10/site-packages/scipy/sparse/linalg/_propack/_spropack.cpython-310-x86_64-linux-gnu.so
73b6128b3000-73b6128ce000 r-xp 0001d000 00:6a 10226964                   /home/ubuntu/.local/lib/python3.10/site-packages/scipy/sparse/linalg/_propack/_spropack.cpython-310-x86_64-linux-gnu.so
73b6128ce000-73b6128de000 r--p 00038000 00:6a 10226964                   /home/ubuntu/.local/lib/python3.10/site-packages/scipy/sparse/linalg/_propack/_spropack.cpython-310-x86_64-linux-gnu.so
73b6128de000-73b6128df000 r--p 00047000 00:6a 10226964                   /home/ubuntu/.local/lib/python3.10/site-packages/scipy/sparse/linalg/_propack/_spropack.cpython-310-x86_64-linux-gnu.so
73b6128df000-73b6128e7000 rw-p 00048000 00:6a 10226964                   /home/ubuntu/.local/lib/python3.10/site-packages/scipy/sparse/linalg/_propack/_spropack.cpython-310-x86_64-linux-gnu.so
73b6128e7000-73b6128f8000 rw-p 0006b000 00:6a 10226964                   /home/ubuntu/.local/lib/python3.10/site-packages/scipy/sparse/linalg/_propack/_spropack.cpython-310-x86_64-linux-gnu.so
73b6128f8000-73b6128ff000 rw-p 0007c000 00:6a 10226964                   /home/ubuntu/.local/lib/python3.10/site-packages/scipy/sparse/linalg/_propack/_spropack.cpython-310-x86_64-linux-gnu.so
73b6128ff000-73b6129ff000 rw-p 00000000 00:00 0 
73b6129ff000-73b612a00000 ---p 00000000 00:00 0 
73b612a00000-73b613200000 rw-p 00000000 00:00 0 
73b613200000-73b615200000 rw-p 00000000 00:00 0 
73b615200000-73b615204000 r-xp 00000000 00:00 0 
73b615204000-73b615209000 r--p 00000000 00:6a 10226451                   /home/ubuntu/.local/lib/python3.10/site-packages/scipy/special/_specfun.cpython-310-x86_64-linux-gnu.so
73b615209000-73b61523c000 r-xp 00005000 00:6a 10226451                   /home/ubuntu/.local/lib/python3.10/site-packages/scipy/special/_specfun.cpython-310-x86_64-linux-gnu.so
73b61523c000-73b615243000 r--p 00038000 00:6a 10226451                   /home/ubuntu/.local/lib/python3.10/site-packages/scipy/special/_specfun.cpython-310-x86_64-linux-gnu.so
73b615243000-73b615244000 r--p 0003e000 00:6a 10226451                   /home/ubuntu/.local/lib/python3.10/site-packages/scipy/special/_specfun.cpython-310-x86_64-linux-gnu.so
73b615244000-73b615246000 rw-p 0003f000 00:6a 10226451                   /home/ubuntu/.local/lib/python3.10/site-packages/scipy/special/_specfun.cpython-310-x86_64-linux-gnu.so
73b615246000-73b615264000 r--p 00000000 00:6a 10226926                   /home/ubuntu/.local/lib/python3.10/site-packages/scipy/sparse/linalg/_eigen/arpack/_arpack.cpython-310-x86_64-linux-gnu.so
73b615264000-73b6152bb000 r-xp 0001e000 00:6a 10226926                   /home/ubuntu/.local/lib/python3.10/site-packages/scipy/sparse/linalg/_eigen/arpack/_arpack.cpython-310-x86_64-linux-gnu.so
73b6152bb000-73b6152d7000 r--p 00075000 00:6a 10226926                   /home/ubuntu/.local/lib/python3.10/site-packages/scipy/sparse/linalg/_eigen/arpack/_arpack.cpython-310-x86_64-linux-gnu.so
73b6152d7000-73b6152d8000 r--p 00090000 00:6a 10226926                   /home/ubuntu/.local/lib/python3.10/site-packages/scipy/sparse/linalg/_eigen/arpack/_arpack.cpython-310-x86_64-linux-gnu.so
73b6152d8000-73b6152e6000 rw-p 00091000 00:6a 10226926                   /home/ubuntu/.local/lib/python3.10/site-packages/scipy/sparse/linalg/_eigen/arpack/_arpack.cpython-310-x86_64-linux-gnu.so
73b6152e6000-73b6152e7000 rw-p 00000000 00:00 0 
73b6152e7000-73b6152f8000 rw-p 000bf000 00:6a 10226926                   /home/ubuntu/.local/lib/python3.10/site-packages/scipy/sparse/linalg/_eigen/arpack/_arpack.cpython-310-x86_64-linux-gnu.so
73b6152f8000-73b6152ff000 rw-p 000d0000 00:6a 10226926                   /home/ubuntu/.local/lib/python3.10/site-packages/scipy/sparse/linalg/_eigen/arpack/_arpack.cpython-310-x86_64-linux-gnu.so
73b6152ff000-73b6153ff000 rw-p 00000000 00:00 0 
73b6153ff000-73b615400000 ---p 00000000 00:00 0 
73b615400000-73b615c00000 rw-p 00000000 00:00 0 
73b615c00000-73b617c00000 rw-p 00000000 00:00 0 
73b617c00000-73b617c01000 r-xp 00000000 00:00 0 
73b617c01000-73b617c02000 r--p 00000000 00:00 0 
73b617c02000-73b617c03000 r--p 00000000 00:6a 10237028                   /home/ubuntu/.local/lib/python3.10/site-packages/onnxruntime/capi/libonnxruntime_providers_shared.so
73b617c03000-73b617c04000 r-xp 00001000 00:6a 10237028                   /home/ubuntu/.local/lib/python3.10/site-packages/onnxruntime/capi/libonnxruntime_providers_shared.so
73b617c04000-73b617c05000 r--p 00002000 00:6a 10237028                   /home/ubuntu/.local/lib/python3.10/site-packages/onnxruntime/capi/libonnxruntime_providers_shared.so
73b617c05000-73b617c06000 r--p 00002000 00:6a 10237028                   /home/ubuntu/.local/lib/python3.10/site-packages/onnxruntime/capi/libonnxruntime_providers_shared.so
73b617c06000-73b617c07000 rw-p 00000000 00:00 0 
73b617c07000-73b617c0c000 r--p 00000000 00:6a 10226844                   /home/ubuntu/.local/lib/python3.10/site-packages/scipy/sparse/csgraph/_flow.cpython-310-x86_64-linux-gnu.so
73b617c0c000-73b617c45000 r-xp 00005000 00:6a 10226844                   /home/ubuntu/.local/lib/python3.10/site-packages/scipy/sparse/csgraph/_flow.cpython-310-x86_64-linux-gnu.so
73b617c45000-73b617c51000 r--p 0003e000 00:6a 10226844                   /home/ubuntu/.local/lib/python3.10/site-packages/scipy/sparse/csgraph/_flow.cpython-310-x86_64-linux-gnu.so
73b617c51000-73b617c52000 ---p 0004a000 00:6a 10226844                   /home/ubuntu/.local/lib/python3.10/site-packages/scipy/sparse/csgraph/_flow.cpython-310-x86_64-linux-gnu.so
73b617c52000-73b617c53000 r--p 0004a000 00:6a 10226844                   /home/ubuntu/.local/lib/python3.10/site-packages/scipy/sparse/csgraph/_flow.cpython-310-x86_64-linux-gnu.so
73b617c53000-73b617c55000 rw-p 0004b000 00:6a 10226844                   /home/ubuntu/.local/lib/python3.10/site-packages/scipy/sparse/csgraph/_flow.cpython-310-x86_64-linux-gnu.so
73b617c55000-73b617c56000 rw-p 00000000 00:00 0 
73b617c56000-73b617c72000 r--p 00000000 00:6a 10226934                   /home/ubuntu/.local/lib/python3.10/site-packages/scipy/sparse/linalg/_dsolve/_superlu.cpython-310-x86_64-linux-gnu.so
73b617c72000-73b617ccb000 r-xp 0001c000 00:6a 10226934                   /home/ubuntu/.local/lib/python3.10/site-packages/scipy/sparse/linalg/_dsolve/_superlu.cpython-310-x86_64-linux-gnu.so
73b617ccb000-73b617ce1000 r--p 00075000 00:6a 10226934                   /home/ubuntu/.local/lib/python3.10/site-packages/scipy/sparse/linalg/_dsolve/_superlu.cpython-310-x86_64-linux-gnu.so
73b617ce1000-73b617ce2000 r--p 0008a000 00:6a 10226934                   /home/ubuntu/.local/lib/python3.10/site-packages/scipy/sparse/linalg/_dsolve/_superlu.cpython-310-x86_64-linux-gnu.so
73b617ce2000-73b617ce7000 rw-p 0008b000 00:6a 10226934                   /home/ubuntu/.local/lib/python3.10/site-packages/scipy/sparse/linalg/_dsolve/_superlu.cpython-310-x86_64-linux-gnu.so
73b617ce7000-73b617cf8000 rw-p 000af000 00:6a 10226934                   /home/ubuntu/.local/lib/python3.10/site-packages/scipy/sparse/linalg/_dsolve/_superlu.cpython-310-x86_64-linux-gnu.so
73b617cf8000-73b617cff000 rw-p 000c0000 00:6a 10226934                   /home/ubuntu/.local/lib/python3.10/site-packages/scipy/sparse/linalg/_dsolve/_superlu.cpython-310-x86_64-linux-gnu.so
73b617cff000-73b617dff000 rw-p 00000000 00:00 0 
73b617dff000-73b617e00000 ---p 00000000 00:00 0 
73b617e00000-73b618600000 rw-p 00000000 00:00 0 
73b618600000-73b61a600000 rw-p 00000000 00:00 0 
73b61a600000-73b61a601000 r--p 00000000 00:6a 10893202                   /home/ubuntu/.local/lib/python3.10/site-packages/h5py.libs/libaec-187855bc.so.0.1.3
73b61a601000-73b61a606000 r-xp 00001000 00:6a 10893202                   /home/ubuntu/.local/lib/python3.10/site-packages/h5py.libs/libaec-187855bc.so.0.1.3
73b61a606000-73b61a607000 r--p 00006000 00:6a 10893202                   /home/ubuntu/.local/lib/python3.10/site-packages/h5py.libs/libaec-187855bc.so.0.1.3
73b61a607000-73b61a608000 r--p 00007000 00:6a 10893202                   /home/ubuntu/.local/lib/python3.10/site-packages/h5py.libs/libaec-187855bc.so.0.1.3
73b61a608000-73b61a609000 rw-p 00008000 00:6a 10893202                   /home/ubuntu/.local/lib/python3.10/site-packages/h5py.libs/libaec-187855bc.so.0.1.3
73b61a609000-73b61a60a000 rw-p 00021000 00:6a 10893202                   /home/ubuntu/.local/lib/python3.10/site-packages/h5py.libs/libaec-187855bc.so.0.1.3
73b61a60a000-73b61a60f000 r--p 00000000 00:6a 10226846                   /home/ubuntu/.local/lib/python3.10/site-packages/scipy/sparse/csgraph/_min_spanning_tree.cpython-310-x86_64-linux-gnu.so
73b61a60f000-73b61a639000 r-xp 00005000 00:6a 10226846                   /home/ubuntu/.local/lib/python3.10/site-packages/scipy/sparse/csgraph/_min_spanning_tree.cpython-310-x86_64-linux-gnu.so
73b61a639000-73b61a642000 r--p 0002f000 00:6a 10226846                   /home/ubuntu/.local/lib/python3.10/site-packages/scipy/sparse/csgraph/_min_spanning_tree.cpython-310-x86_64-linux-gnu.so
73b61a642000-73b61a643000 r--p 00037000 00:6a 10226846                   /home/ubuntu/.local/lib/python3.10/site-packages/scipy/sparse/csgraph/_min_spanning_tree.cpython-310-x86_64-linux-gnu.so
73b61a643000-73b61a645000 rw-p 00038000 00:6a 10226846                   /home/ubuntu/.local/lib/python3.10/site-packages/scipy/sparse/csgraph/_min_spanning_tree.cpython-310-x86_64-linux-gnu.so
73b61a645000-73b61a646000 rw-p 00000000 00:00 0 
73b61a646000-73b61a64a000 r--p 00000000 00:6a 10226393                   /home/ubuntu/.local/lib/python3.10/site-packages/scipy/linalg/_decomp_update.cpython-310-x86_64-linux-gnu.so
73b61a64a000-73b61a688000 r-xp 00004000 00:6a 10226393                   /home/ubuntu/.local/lib/python3.10/site-packages/scipy/linalg/_decomp_update.cpython-310-x86_64-linux-gnu.so
73b61a688000-73b61a698000 r--p 00042000 00:6a 10226393                   /home/ubuntu/.local/lib/python3.10/site-packages/scipy/linalg/_decomp_update.cpython-310-x86_64-linux-gnu.so
73b61a698000-73b61a699000 r--p 00051000 00:6a 10226393                   /home/ubuntu/.local/lib/python3.10/site-packages/scipy/linalg/_decomp_update.cpython-310-x86_64-linux-gnu.so
73b61a699000-73b61a69a000 rw-p 00052000 00:6a 10226393                   /home/ubuntu/.local/lib/python3.10/site-packages/scipy/linalg/_decomp_update.cpython-310-x86_64-linux-gnu.so
73b61a69a000-73b61a69b000 rw-p 00000000 00:00 0 
73b61a69b000-73b61a6b6000 r--p 00000000 00:6a 10226363                   /home/ubuntu/.local/lib/python3.10/site-packages/scipy/linalg/_matfuncs_expm.cpython-310-x86_64-linux-gnu.so
73b61a6b6000-73b61a6d6000 r-xp 0001b000 00:6a 10226363                   /home/ubuntu/.local/lib/python3.10/site-packages/scipy/linalg/_matfuncs_expm.cpython-310-x86_64-linux-gnu.so
73b61a6d6000-73b61a6e4000 r--p 0003b000 00:6a 10226363                   /home/ubuntu/.local/lib/python3.10/site-packages/scipy/linalg/_matfuncs_expm.cpython-310-x86_64-linux-gnu.so
73b61a6e4000-73b61a6e5000 r--p 00048000 00:6a 10226363                   /home/ubuntu/.local/lib/python3.10/site-packages/scipy/linalg/_matfuncs_expm.cpython-310-x86_64-linux-gnu.so
73b61a6e5000-73b61a6e9000 rw-p 00049000 00:6a 10226363                   /home/ubuntu/.local/lib/python3.10/site-packages/scipy/linalg/_matfuncs_expm.cpython-310-x86_64-linux-gnu.so
73b61a6e9000-73b61a6f9000 rw-p 00067000 00:6a 10226363                   /home/ubuntu/.local/lib/python3.10/site-packages/scipy/linalg/_matfuncs_expm.cpython-310-x86_64-linux-gnu.so
73b61a6f9000-73b61a6ff000 rw-p 00077000 00:6a 10226363                   /home/ubuntu/.local/lib/python3.10/site-packages/scipy/linalg/_matfuncs_expm.cpython-310-x86_64-linux-gnu.so
73b61a6ff000-73b61a7ff000 rw-p 00000000 00:00 0 
73b61a7ff000-73b61a800000 ---p 00000000 00:00 0 
73b61a800000-73b61b000000 rw-p 00000000 00:00 0 
73b61b000000-73b61f000000 rw-p 00000000 00:00 0 
73b61f000000-73b61f002000 r--p 00000000 00:6a 10553176                   /usr/lib/jvm/java-17-openjdk-amd64/lib/libmanagement.so
73b61f002000-73b61f003000 r-xp 00002000 00:6a 10553176                   /usr/lib/jvm/java-17-openjdk-amd64/lib/libmanagement.so
73b61f003000-73b61f004000 r--p 00003000 00:6a 10553176                   /usr/lib/jvm/java-17-openjdk-amd64/lib/libmanagement.so
73b61f004000-73b61f005000 r--p 00003000 00:6a 10553176                   /usr/lib/jvm/java-17-openjdk-amd64/lib/libmanagement.so
73b61f005000-73b61f006000 rw-p 00004000 00:6a 10553176                   /usr/lib/jvm/java-17-openjdk-amd64/lib/libmanagement.so
73b61f006000-73b61f009000 r--p 00000000 00:6a 10226186                   /home/ubuntu/.local/lib/python3.10/site-packages/scipy/optimize/_cython_nnls.cpython-310-x86_64-linux-gnu.so
73b61f009000-73b61f01b000 r-xp 00003000 00:6a 10226186                   /home/ubuntu/.local/lib/python3.10/site-packages/scipy/optimize/_cython_nnls.cpython-310-x86_64-linux-gnu.so
73b61f01b000-73b61f01f000 r--p 00015000 00:6a 10226186                   /home/ubuntu/.local/lib/python3.10/site-packages/scipy/optimize/_cython_nnls.cpython-310-x86_64-linux-gnu.so
73b61f01f000-73b61f020000 r--p 00018000 00:6a 10226186                   /home/ubuntu/.local/lib/python3.10/site-packages/scipy/optimize/_cython_nnls.cpython-310-x86_64-linux-gnu.so
73b61f020000-73b61f021000 rw-p 00019000 00:6a 10226186                   /home/ubuntu/.local/lib/python3.10/site-packages/scipy/optimize/_cython_nnls.cpython-310-x86_64-linux-gnu.so
73b61f021000-73b61f024000 r--p 00000000 00:6a 10226847                   /home/ubuntu/.local/lib/python3.10/site-packages/scipy/sparse/csgraph/_tools.cpython-310-x86_64-linux-gnu.so
73b61f024000-73b61f045000 r-xp 00003000 00:6a 10226847                   /home/ubuntu/.local/lib/python3.10/site-packages/scipy/sparse/csgraph/_tools.cpython-310-x86_64-linux-gnu.so
73b61f045000-73b61f04f000 r--p 00024000 00:6a 10226847                   /home/ubuntu/.local/lib/python3.10/site-packages/scipy/sparse/csgraph/_tools.cpython-310-x86_64-linux-gnu.so
73b61f04f000-73b61f050000 r--p 0002d000 00:6a 10226847                   /home/ubuntu/.local/lib/python3.10/site-packages/scipy/sparse/csgraph/_tools.cpython-310-x86_64-linux-gnu.so
73b61f050000-73b61f051000 rw-p 0002e000 00:6a 10226847                   /home/ubuntu/.local/lib/python3.10/site-packages/scipy/sparse/csgraph/_tools.cpython-310-x86_64-linux-gnu.so
73b61f051000-73b61f052000 rw-p 00000000 00:00 0 
73b61f052000-73b61f06c000 r--p 00000000 00:6a 10226353                   /home/ubuntu/.local/lib/python3.10/site-packages/scipy/linalg/cython_lapack.cpython-310-x86_64-linux-gnu.so
73b61f06c000-73b61f08b000 r-xp 0001a000 00:6a 10226353                   /home/ubuntu/.local/lib/python3.10/site-packages/scipy/linalg/cython_lapack.cpython-310-x86_64-linux-gnu.so
73b61f08b000-73b61f0e3000 r--p 00039000 00:6a 10226353                   /home/ubuntu/.local/lib/python3.10/site-packages/scipy/linalg/cython_lapack.cpython-310-x86_64-linux-gnu.so
73b61f0e3000-73b61f0e4000 ---p 00091000 00:6a 10226353                   /home/ubuntu/.local/lib/python3.10/site-packages/scipy/linalg/cython_lapack.cpython-310-x86_64-linux-gnu.so
73b61f0e4000-73b61f0e5000 r--p 00091000 00:6a 10226353                   /home/ubuntu/.local/lib/python3.10/site-packages/scipy/linalg/cython_lapack.cpython-310-x86_64-linux-gnu.so
73b61f0e5000-73b61f0e9000 rw-p 00092000 00:6a 10226353                   /home/ubuntu/.local/lib/python3.10/site-packages/scipy/linalg/cython_lapack.cpython-310-x86_64-linux-gnu.so
73b61f0e9000-73b61f0f9000 rw-p 000c1000 00:6a 10226353                   /home/ubuntu/.local/lib/python3.10/site-packages/scipy/linalg/cython_lapack.cpython-310-x86_64-linux-gnu.so
73b61f0f9000-73b61f0ff000 rw-p 000d1000 00:6a 10226353                   /home/ubuntu/.local/lib/python3.10/site-packages/scipy/linalg/cython_lapack.cpython-310-x86_64-linux-gnu.so
73b61f0ff000-73b61f1ff000 rw-p 00000000 00:00 0 
73b61f1ff000-73b61f200000 ---p 00000000 00:00 0 
73b61f200000-73b61fa00000 rw-p 00000000 00:00 0 
73b61fa00000-73b621a00000 rw-p 00000000 00:00 0 
73b621a00000-73b621a01000 r--s 00000000 08:00 45646499                   /home/ubuntu/tbazzocchi/FRAG/MedRAG/corpus/wikipedia/index/bm25/_a.fdx
73b621a01000-73b621a02000 r--p 00000000 00:6a 10893205                   /home/ubuntu/.local/lib/python3.10/site-packages/h5py.libs/libsz-daeb5235.so.2.0.1
73b621a02000-73b621a03000 r-xp 00001000 00:6a 10893205                   /home/ubuntu/.local/lib/python3.10/site-packages/h5py.libs/libsz-daeb5235.so.2.0.1
73b621a03000-73b621a04000 r--p 00002000 00:6a 10893205                   /home/ubuntu/.local/lib/python3.10/site-packages/h5py.libs/libsz-daeb5235.so.2.0.1
73b621a04000-73b621a05000 r--p 00002000 00:6a 10893205                   /home/ubuntu/.local/lib/python3.10/site-packages/h5py.libs/libsz-daeb5235.so.2.0.1
73b621a05000-73b621a06000 rw-p 00003000 00:6a 10893205                   /home/ubuntu/.local/lib/python3.10/site-packages/h5py.libs/libsz-daeb5235.so.2.0.1
73b621a06000-73b621a07000 rw-p 00008000 00:6a 10893205                   /home/ubuntu/.local/lib/python3.10/site-packages/h5py.libs/libsz-daeb5235.so.2.0.1
73b621a07000-73b621a08000 rw-p 00009000 00:6a 10893205                   /home/ubuntu/.local/lib/python3.10/site-packages/h5py.libs/libsz-daeb5235.so.2.0.1
73b621a08000-73b621a0a000 r--p 00000000 00:6a 10226217                   /home/ubuntu/.local/lib/python3.10/site-packages/scipy/optimize/_minpack.cpython-310-x86_64-linux-gnu.so
73b621a0a000-73b621a1c000 r-xp 00002000 00:6a 10226217                   /home/ubuntu/.local/lib/python3.10/site-packages/scipy/optimize/_minpack.cpython-310-x86_64-linux-gnu.so
73b621a1c000-73b621a1e000 r--p 00014000 00:6a 10226217                   /home/ubuntu/.local/lib/python3.10/site-packages/scipy/optimize/_minpack.cpython-310-x86_64-linux-gnu.so
73b621a1e000-73b621a1f000 r--p 00015000 00:6a 10226217                   /home/ubuntu/.local/lib/python3.10/site-packages/scipy/optimize/_minpack.cpython-310-x86_64-linux-gnu.so
73b621a1f000-73b621a20000 rw-p 00016000 00:6a 10226217                   /home/ubuntu/.local/lib/python3.10/site-packages/scipy/optimize/_minpack.cpython-310-x86_64-linux-gnu.so
73b621a20000-73b621a47000 r--p 00000000 00:6a 10226386                   /home/ubuntu/.local/lib/python3.10/site-packages/scipy/linalg/_fblas.cpython-310-x86_64-linux-gnu.so
73b621a47000-73b621a8f000 r-xp 00027000 00:6a 10226386                   /home/ubuntu/.local/lib/python3.10/site-packages/scipy/linalg/_fblas.cpython-310-x86_64-linux-gnu.so
73b621a8f000-73b621abc000 r--p 0006f000 00:6a 10226386                   /home/ubuntu/.local/lib/python3.10/site-packages/scipy/linalg/_fblas.cpython-310-x86_64-linux-gnu.so
73b621abc000-73b621abd000 r--p 0009b000 00:6a 10226386                   /home/ubuntu/.local/lib/python3.10/site-packages/scipy/linalg/_fblas.cpython-310-x86_64-linux-gnu.so
73b621abd000-73b621ae6000 rw-p 0009c000 00:6a 10226386                   /home/ubuntu/.local/lib/python3.10/site-packages/scipy/linalg/_fblas.cpython-310-x86_64-linux-gnu.so
73b621ae6000-73b621af7000 rw-p 000e5000 00:6a 10226386                   /home/ubuntu/.local/lib/python3.10/site-packages/scipy/linalg/_fblas.cpython-310-x86_64-linux-gnu.so
73b621af7000-73b621afe000 rw-p 000f6000 00:6a 10226386                   /home/ubuntu/.local/lib/python3.10/site-packages/scipy/linalg/_fblas.cpython-310-x86_64-linux-gnu.so
73b621afe000-73b621bfe000 rw-p 00000000 00:00 0 
73b621bfe000-73b621bff000 ---p 00000000 00:00 0 
73b621bff000-73b6223ff000 rw-p 00000000 00:00 0 
73b6223ff000-73b622400000 ---p 00000000 00:00 0 
73b622400000-73b622c00000 rw-p 00000000 00:00 0 
73b622c00000-73b624c00000 rw-p 00000000 00:00 0 
73b624c00000-73b624c02000 r--p 00000000 00:6a 10226204                   /home/ubuntu/.local/lib/python3.10/site-packages/scipy/optimize/_cobyla.cpython-310-x86_64-linux-gnu.so
73b624c02000-73b624c10000 r-xp 00002000 00:6a 10226204                   /home/ubuntu/.local/lib/python3.10/site-packages/scipy/optimize/_cobyla.cpython-310-x86_64-linux-gnu.so
73b624c10000-73b624c13000 r--p 00010000 00:6a 10226204                   /home/ubuntu/.local/lib/python3.10/site-packages/scipy/optimize/_cobyla.cpython-310-x86_64-linux-gnu.so
73b624c13000-73b624c14000 r--p 00012000 00:6a 10226204                   /home/ubuntu/.local/lib/python3.10/site-packages/scipy/optimize/_cobyla.cpython-310-x86_64-linux-gnu.so
73b624c14000-73b624c15000 rw-p 00013000 00:6a 10226204                   /home/ubuntu/.local/lib/python3.10/site-packages/scipy/optimize/_cobyla.cpython-310-x86_64-linux-gnu.so
73b624c15000-73b624c16000 rw-p 00017000 00:6a 10226204                   /home/ubuntu/.local/lib/python3.10/site-packages/scipy/optimize/_cobyla.cpython-310-x86_64-linux-gnu.so
73b624c16000-73b624c17000 rw-p 00019000 00:6a 10226204                   /home/ubuntu/.local/lib/python3.10/site-packages/scipy/optimize/_cobyla.cpython-310-x86_64-linux-gnu.so
73b624c17000-73b624c1a000 r--p 00000000 00:6a 10226192                   /home/ubuntu/.local/lib/python3.10/site-packages/scipy/optimize/_group_columns.cpython-310-x86_64-linux-gnu.so
73b624c1a000-73b624c27000 r-xp 00003000 00:6a 10226192                   /home/ubuntu/.local/lib/python3.10/site-packages/scipy/optimize/_group_columns.cpython-310-x86_64-linux-gnu.so
73b624c27000-73b624c2a000 r--p 00010000 00:6a 10226192                   /home/ubuntu/.local/lib/python3.10/site-packages/scipy/optimize/_group_columns.cpython-310-x86_64-linux-gnu.so
73b624c2a000-73b624c2b000 r--p 00012000 00:6a 10226192                   /home/ubuntu/.local/lib/python3.10/site-packages/scipy/optimize/_group_columns.cpython-310-x86_64-linux-gnu.so
73b624c2b000-73b624c2c000 rw-p 00013000 00:6a 10226192                   /home/ubuntu/.local/lib/python3.10/site-packages/scipy/optimize/_group_columns.cpython-310-x86_64-linux-gnu.so
73b624c2c000-73b624c3c000 r--p 00000000 00:6a 10172787                   /home/ubuntu/.local/lib/python3.10/site-packages/regex/_regex.cpython-310-x86_64-linux-gnu.so
73b624c3c000-73b624c76000 r-xp 00010000 00:6a 10172787                   /home/ubuntu/.local/lib/python3.10/site-packages/regex/_regex.cpython-310-x86_64-linux-gnu.so
73b624c76000-73b624cf5000 r--p 0004a000 00:6a 10172787                   /home/ubuntu/.local/lib/python3.10/site-packages/regex/_regex.cpython-310-x86_64-linux-gnu.so
73b624cf5000-73b624cf6000 r--p 000c8000 00:6a 10172787                   /home/ubuntu/.local/lib/python3.10/site-packages/regex/_regex.cpython-310-x86_64-linux-gnu.so
73b624cf6000-73b624cff000 rw-p 000c9000 00:6a 10172787                   /home/ubuntu/.local/lib/python3.10/site-packages/regex/_regex.cpython-310-x86_64-linux-gnu.so
73b624cff000-73b624dff000 rw-p 00000000 00:00 0 
73b624dff000-73b624e00000 ---p 00000000 00:00 0 
73b624e00000-73b625600000 rw-p 00000000 00:00 0 
73b625600000-73b627600000 rw-p 00000000 00:00 0 
73b627600000-73b627601000 r--s 00000000 08:00 45646512                   /home/ubuntu/tbazzocchi/FRAG/MedRAG/corpus/wikipedia/index/bm25/_6.fdx
73b627601000-73b627602000 r--s 00000000 08:00 45646534                   /home/ubuntu/tbazzocchi/FRAG/MedRAG/corpus/wikipedia/index/bm25/_8.fdx
73b627602000-73b627604000 r--p 00000000 00:6a 10236007                   /home/ubuntu/.local/lib/python3.10/site-packages/sklearn/utils/_sorting.cpython-310-x86_64-linux-gnu.so
73b627604000-73b627606000 r-xp 00002000 00:6a 10236007                   /home/ubuntu/.local/lib/python3.10/site-packages/sklearn/utils/_sorting.cpython-310-x86_64-linux-gnu.so
73b627606000-73b627607000 r--p 00004000 00:6a 10236007                   /home/ubuntu/.local/lib/python3.10/site-packages/sklearn/utils/_sorting.cpython-310-x86_64-linux-gnu.so
73b627607000-73b627608000 r--p 00004000 00:6a 10236007                   /home/ubuntu/.local/lib/python3.10/site-packages/sklearn/utils/_sorting.cpython-310-x86_64-linux-gnu.so
73b627608000-73b627609000 rw-p 00005000 00:6a 10236007                   /home/ubuntu/.local/lib/python3.10/site-packages/sklearn/utils/_sorting.cpython-310-x86_64-linux-gnu.so
73b627609000-73b62760b000 r--p 00000000 00:6a 10227561                   /home/ubuntu/.local/lib/python3.10/site-packages/scipy/spatial/_distance_wrap.cpython-310-x86_64-linux-gnu.so
73b62760b000-73b62761f000 r-xp 00002000 00:6a 10227561                   /home/ubuntu/.local/lib/python3.10/site-packages/scipy/spatial/_distance_wrap.cpython-310-x86_64-linux-gnu.so
73b62761f000-73b627621000 r--p 00016000 00:6a 10227561                   /home/ubuntu/.local/lib/python3.10/site-packages/scipy/spatial/_distance_wrap.cpython-310-x86_64-linux-gnu.so
73b627621000-73b627622000 ---p 00018000 00:6a 10227561                   /home/ubuntu/.local/lib/python3.10/site-packages/scipy/spatial/_distance_wrap.cpython-310-x86_64-linux-gnu.so
73b627622000-73b627623000 r--p 00018000 00:6a 10227561                   /home/ubuntu/.local/lib/python3.10/site-packages/scipy/spatial/_distance_wrap.cpython-310-x86_64-linux-gnu.so
73b627623000-73b627624000 rw-p 00019000 00:6a 10227561                   /home/ubuntu/.local/lib/python3.10/site-packages/scipy/spatial/_distance_wrap.cpython-310-x86_64-linux-gnu.so
73b627624000-73b627632000 r--p 00000000 00:6a 10172773                   /home/ubuntu/.local/lib/python3.10/site-packages/safetensors/_safetensors_rust.abi3.so
73b627632000-73b6276c8000 r-xp 0000e000 00:6a 10172773                   /home/ubuntu/.local/lib/python3.10/site-packages/safetensors/_safetensors_rust.abi3.so
73b6276c8000-73b6276f3000 r--p 000a4000 00:6a 10172773                   /home/ubuntu/.local/lib/python3.10/site-packages/safetensors/_safetensors_rust.abi3.so
73b6276f3000-73b6276fc000 r--p 000ce000 00:6a 10172773                   /home/ubuntu/.local/lib/python3.10/site-packages/safetensors/_safetensors_rust.abi3.so
73b6276fc000-73b6276fe000 rw-p 000d7000 00:6a 10172773                   /home/ubuntu/.local/lib/python3.10/site-packages/safetensors/_safetensors_rust.abi3.so
73b6276fe000-73b6277fe000 rw-p 00000000 00:00 0 
73b6277fe000-73b6277ff000 ---p 00000000 00:00 0 
73b6277ff000-73b627fff000 rw-p 00000000 00:00 0 
73b627fff000-73b628000000 ---p 00000000 00:00 0 
73b628000000-73b628800000 rw-p 00000000 00:00 0 
73b628800000-73b62883b000 r-xp 00000000 00:6a 10175842                   /home/ubuntu/.local/lib/python3.10/site-packages/numpy.libs/libquadmath-96973f99.so.0.0.0
73b62883b000-73b628a3a000 ---p 0003b000 00:6a 10175842                   /home/ubuntu/.local/lib/python3.10/site-packages/numpy.libs/libquadmath-96973f99.so.0.0.0
73b628a3a000-73b628a3b000 r--p 0003a000 00:6a 10175842                   /home/ubuntu/.local/lib/python3.10/site-packages/numpy.libs/libquadmath-96973f99.so.0.0.0
73b628a3b000-73b628a3c000 rw-p 0003b000 00:6a 10175842                   /home/ubuntu/.local/lib/python3.10/site-packages/numpy.libs/libquadmath-96973f99.so.0.0.0
73b628a3c000-73b628a3d000 rw-p 0003c000 00:6a 10175842                   /home/ubuntu/.local/lib/python3.10/site-packages/numpy.libs/libquadmath-96973f99.so.0.0.0
73b628a3d000-73b628a3e000 r--s 00000000 08:00 45646547                   /home/ubuntu/tbazzocchi/FRAG/MedRAG/corpus/wikipedia/index/bm25/_2.fdx
73b628a3e000-73b628a3f000 r--s 00000000 08:00 45646660                   /home/ubuntu/tbazzocchi/FRAG/MedRAG/corpus/wikipedia/index/bm25/_o.fdx
73b628a3f000-73b628a40000 r--s 00000000 08:00 45646683                   /home/ubuntu/tbazzocchi/FRAG/MedRAG/corpus/wikipedia/index/bm25/_q.fdx
73b628a40000-73b628a41000 r--s 00000000 08:00 45646304                   /home/ubuntu/tbazzocchi/FRAG/MedRAG/corpus/wikipedia/index/bm25/_r.fdx
73b628a41000-73b628a47000 r--p 00000000 00:6a 10226838                   /home/ubuntu/.local/lib/python3.10/site-packages/scipy/sparse/_csparsetools.cpython-310-x86_64-linux-gnu.so
73b628a47000-73b628aeb000 r-xp 00006000 00:6a 10226838                   /home/ubuntu/.local/lib/python3.10/site-packages/scipy/sparse/_csparsetools.cpython-310-x86_64-linux-gnu.so
73b628aeb000-73b628afa000 r--p 000aa000 00:6a 10226838                   /home/ubuntu/.local/lib/python3.10/site-packages/scipy/sparse/_csparsetools.cpython-310-x86_64-linux-gnu.so
73b628afa000-73b628afb000 r--p 000b8000 00:6a 10226838                   /home/ubuntu/.local/lib/python3.10/site-packages/scipy/sparse/_csparsetools.cpython-310-x86_64-linux-gnu.so
73b628afb000-73b628afe000 rw-p 000b9000 00:6a 10226838                   /home/ubuntu/.local/lib/python3.10/site-packages/scipy/sparse/_csparsetools.cpython-310-x86_64-linux-gnu.so
73b628afe000-73b628c00000 rw-p 00000000 00:00 0 
73b628c00000-73b628e76000 r-xp 00000000 00:6a 10175843                   /home/ubuntu/.local/lib/python3.10/site-packages/numpy.libs/libgfortran-040039e1.so.5.0.0
73b628e76000-73b629075000 ---p 00276000 00:6a 10175843                   /home/ubuntu/.local/lib/python3.10/site-packages/numpy.libs/libgfortran-040039e1.so.5.0.0
73b629075000-73b629076000 r--p 00275000 00:6a 10175843                   /home/ubuntu/.local/lib/python3.10/site-packages/numpy.libs/libgfortran-040039e1.so.5.0.0
73b629076000-73b629078000 rw-p 00276000 00:6a 10175843                   /home/ubuntu/.local/lib/python3.10/site-packages/numpy.libs/libgfortran-040039e1.so.5.0.0
73b629078000-73b629084000 rw-p 0027b000 00:6a 10175843                   /home/ubuntu/.local/lib/python3.10/site-packages/numpy.libs/libgfortran-040039e1.so.5.0.0
73b629084000-73b62908d000 rw-p 00287000 00:6a 10175843                   /home/ubuntu/.local/lib/python3.10/site-packages/numpy.libs/libgfortran-040039e1.so.5.0.0
73b62908d000-73b62908f000 r--p 00000000 00:6a 10226156                   /home/ubuntu/.local/lib/python3.10/site-packages/scipy/optimize/_slsqp.cpython-310-x86_64-linux-gnu.so
73b62908f000-73b62909c000 r-xp 00002000 00:6a 10226156                   /home/ubuntu/.local/lib/python3.10/site-packages/scipy/optimize/_slsqp.cpython-310-x86_64-linux-gnu.so
73b62909c000-73b62909f000 r--p 0000f000 00:6a 10226156                   /home/ubuntu/.local/lib/python3.10/site-packages/scipy/optimize/_slsqp.cpython-310-x86_64-linux-gnu.so
73b62909f000-73b6290a0000 r--p 00011000 00:6a 10226156                   /home/ubuntu/.local/lib/python3.10/site-packages/scipy/optimize/_slsqp.cpython-310-x86_64-linux-gnu.so
73b6290a0000-73b6290a1000 rw-p 00012000 00:6a 10226156                   /home/ubuntu/.local/lib/python3.10/site-packages/scipy/optimize/_slsqp.cpython-310-x86_64-linux-gnu.so
73b6290a1000-73b6290a4000 r--p 00000000 00:6a 10226654                   /home/ubuntu/.local/lib/python3.10/site-packages/scipy/_lib/messagestream.cpython-310-x86_64-linux-gnu.so
73b6290a4000-73b6290ae000 r-xp 00003000 00:6a 10226654                   /home/ubuntu/.local/lib/python3.10/site-packages/scipy/_lib/messagestream.cpython-310-x86_64-linux-gnu.so
73b6290ae000-73b6290b1000 r--p 0000d000 00:6a 10226654                   /home/ubuntu/.local/lib/python3.10/site-packages/scipy/_lib/messagestream.cpython-310-x86_64-linux-gnu.so
73b6290b1000-73b6290b2000 r--p 0000f000 00:6a 10226654                   /home/ubuntu/.local/lib/python3.10/site-packages/scipy/_lib/messagestream.cpython-310-x86_64-linux-gnu.so
73b6290b2000-73b6290b3000 rw-p 00010000 00:6a 10226654                   /home/ubuntu/.local/lib/python3.10/site-packages/scipy/_lib/messagestream.cpython-310-x86_64-linux-gnu.so
73b6290b3000-73b6291bd000 r--p 00000000 00:6a 10175841                   /home/ubuntu/.local/lib/python3.10/site-packages/numpy.libs/libopenblas64_p-r0-0cf96a72.3.23.dev.so
73b6291bd000-73b6291c5000 r-xp 0010a000 00:6a 10175841                   /home/ubuntu/.local/lib/python3.10/site-packages/numpy.libs/libopenblas64_p-r0-0cf96a72.3.23.dev.so
73b6291c5000-73b6291cb000 ---p 00112000 00:6a 10175841                   /home/ubuntu/.local/lib/python3.10/site-packages/numpy.libs/libopenblas64_p-r0-0cf96a72.3.23.dev.so
73b6291cb000-73b62ae4c000 r-xp 00118000 00:6a 10175841                   /home/ubuntu/.local/lib/python3.10/site-packages/numpy.libs/libopenblas64_p-r0-0cf96a72.3.23.dev.so
73b62ae4c000-73b62b05c000 r--p 01d99000 00:6a 10175841                   /home/ubuntu/.local/lib/python3.10/site-packages/numpy.libs/libopenblas64_p-r0-0cf96a72.3.23.dev.so
73b62b05c000-73b62b05d000 ---p 01fa9000 00:6a 10175841                   /home/ubuntu/.local/lib/python3.10/site-packages/numpy.libs/libopenblas64_p-r0-0cf96a72.3.23.dev.so
73b62b05d000-73b62b063000 r--p 01fa9000 00:6a 10175841                   /home/ubuntu/.local/lib/python3.10/site-packages/numpy.libs/libopenblas64_p-r0-0cf96a72.3.23.dev.so
73b62b063000-73b62b07a000 rw-p 01faf000 00:6a 10175841                   /home/ubuntu/.local/lib/python3.10/site-packages/numpy.libs/libopenblas64_p-r0-0cf96a72.3.23.dev.so
73b62b07a000-73b62b086000 rw-p 00000000 00:00 0 
73b62b086000-73b62b0e9000 rw-p 020d4000 00:6a 10175841                   /home/ubuntu/.local/lib/python3.10/site-packages/numpy.libs/libopenblas64_p-r0-0cf96a72.3.23.dev.so
73b62b0e9000-73b62b132000 rw-p 02137000 00:6a 10175841                   /home/ubuntu/.local/lib/python3.10/site-packages/numpy.libs/libopenblas64_p-r0-0cf96a72.3.23.dev.so
73b62b132000-73b62b15d000 r--p 00000000 00:6a 10175524                   /home/ubuntu/.local/lib/python3.10/site-packages/numpy/core/_multiarray_umath.cpython-310-x86_64-linux-gnu.so
73b62b15d000-73b62b63b000 r-xp 0002b000 00:6a 10175524                   /home/ubuntu/.local/lib/python3.10/site-packages/numpy/core/_multiarray_umath.cpython-310-x86_64-linux-gnu.so
73b62b63b000-73b62b7af000 r--p 00509000 00:6a 10175524                   /home/ubuntu/.local/lib/python3.10/site-packages/numpy/core/_multiarray_umath.cpython-310-x86_64-linux-gnu.so
73b62b7af000-73b62b7b0000 ---p 0067d000 00:6a 10175524                   /home/ubuntu/.local/lib/python3.10/site-packages/numpy/core/_multiarray_umath.cpython-310-x86_64-linux-gnu.so
73b62b7b0000-73b62b7b2000 r--p 0067d000 00:6a 10175524                   /home/ubuntu/.local/lib/python3.10/site-packages/numpy/core/_multiarray_umath.cpython-310-x86_64-linux-gnu.so
73b62b7b2000-73b62b7d5000 rw-p 0067f000 00:6a 10175524                   /home/ubuntu/.local/lib/python3.10/site-packages/numpy/core/_multiarray_umath.cpython-310-x86_64-linux-gnu.so
73b62b7d5000-73b62b7f5000 rw-p 00000000 00:00 0 
73b62b7f5000-73b62b7fb000 rw-p 0070b000 00:6a 10175524                   /home/ubuntu/.local/lib/python3.10/site-packages/numpy/core/_multiarray_umath.cpython-310-x86_64-linux-gnu.so
73b62b7fb000-73b62b800000 rw-p 00711000 00:6a 10175524                   /home/ubuntu/.local/lib/python3.10/site-packages/numpy/core/_multiarray_umath.cpython-310-x86_64-linux-gnu.so
73b62b800000-73b62b966000 r--p 00000000 103:03 106299480                 /usr/lib/x86_64-linux-gnu/libcuda.so.580.95.05
73b62b966000-73b62c8e8000 r-xp 00166000 103:03 106299480                 /usr/lib/x86_64-linux-gnu/libcuda.so.580.95.05
73b62c8e8000-73b631293000 r--p 010e8000 103:03 106299480                 /usr/lib/x86_64-linux-gnu/libcuda.so.580.95.05
73b631293000-73b631294000 ---p 05a93000 103:03 106299480                 /usr/lib/x86_64-linux-gnu/libcuda.so.580.95.05
73b631294000-73b6313c9000 r--p 05a93000 103:03 106299480                 /usr/lib/x86_64-linux-gnu/libcuda.so.580.95.05
73b6313c9000-73b6313d2000 rw-p 05bc8000 103:03 106299480                 /usr/lib/x86_64-linux-gnu/libcuda.so.580.95.05
73b6313d2000-73b631449000 rw-p 00000000 00:00 0 
73b631449000-73b63144a000 r--p 00000000 00:6a 10229397                   /home/ubuntu/.local/lib/python3.10/site-packages/pandas/_libs/pandas_datetime.cpython-310-x86_64-linux-gnu.so
73b63144a000-73b631450000 r-xp 00001000 00:6a 10229397                   /home/ubuntu/.local/lib/python3.10/site-packages/pandas/_libs/pandas_datetime.cpython-310-x86_64-linux-gnu.so
73b631450000-73b631451000 r--p 00007000 00:6a 10229397                   /home/ubuntu/.local/lib/python3.10/site-packages/pandas/_libs/pandas_datetime.cpython-310-x86_64-linux-gnu.so
73b631451000-73b631452000 r--p 00008000 00:6a 10229397                   /home/ubuntu/.local/lib/python3.10/site-packages/pandas/_libs/pandas_datetime.cpython-310-x86_64-linux-gnu.so
73b631452000-73b631453000 rw-p 00009000 00:6a 10229397                   /home/ubuntu/.local/lib/python3.10/site-packages/pandas/_libs/pandas_datetime.cpython-310-x86_64-linux-gnu.so
73b631453000-73b631456000 r--p 00000000 00:6a 10226463                   /home/ubuntu/.local/lib/python3.10/site-packages/scipy/special/_ellip_harm_2.cpython-310-x86_64-linux-gnu.so
73b631456000-73b63146a000 r-xp 00003000 00:6a 10226463                   /home/ubuntu/.local/lib/python3.10/site-packages/scipy/special/_ellip_harm_2.cpython-310-x86_64-linux-gnu.so
73b63146a000-73b63146d000 r--p 00017000 00:6a 10226463                   /home/ubuntu/.local/lib/python3.10/site-packages/scipy/special/_ellip_harm_2.cpython-310-x86_64-linux-gnu.so
73b63146d000-73b63146e000 r--p 00019000 00:6a 10226463                   /home/ubuntu/.local/lib/python3.10/site-packages/scipy/special/_ellip_harm_2.cpython-310-x86_64-linux-gnu.so
73b63146e000-73b63146f000 rw-p 0001a000 00:6a 10226463                   /home/ubuntu/.local/lib/python3.10/site-packages/scipy/special/_ellip_harm_2.cpython-310-x86_64-linux-gnu.so
73b63146f000-73b631471000 rw-p 0001f000 00:6a 10226463                   /home/ubuntu/.local/lib/python3.10/site-packages/scipy/special/_ellip_harm_2.cpython-310-x86_64-linux-gnu.so
73b631471000-73b631472000 rw-p 00021000 00:6a 10226463                   /home/ubuntu/.local/lib/python3.10/site-packages/scipy/special/_ellip_harm_2.cpython-310-x86_64-linux-gnu.so
73b631472000-73b631478000 r--p 00000000 00:6a 10226385                   /home/ubuntu/.local/lib/python3.10/site-packages/scipy/linalg/_cythonized_array_utils.cpython-310-x86_64-linux-gnu.so
73b631478000-73b6314ec000 r-xp 00006000 00:6a 10226385                   /home/ubuntu/.local/lib/python3.10/site-packages/scipy/linalg/_cythonized_array_utils.cpython-310-x86_64-linux-gnu.so
73b6314ec000-73b6314fa000 r--p 0007a000 00:6a 10226385                   /home/ubuntu/.local/lib/python3.10/site-packages/scipy/linalg/_cythonized_array_utils.cpython-310-x86_64-linux-gnu.so
73b6314fa000-73b6314fb000 ---p 00088000 00:6a 10226385                   /home/ubuntu/.local/lib/python3.10/site-packages/scipy/linalg/_cythonized_array_utils.cpython-310-x86_64-linux-gnu.so
73b6314fb000-73b6314fc000 r--p 00088000 00:6a 10226385                   /home/ubuntu/.local/lib/python3.10/site-packages/scipy/linalg/_cythonized_array_utils.cpython-310-x86_64-linux-gnu.so
73b6314fc000-73b6314ff000 rw-p 00089000 00:6a 10226385                   /home/ubuntu/.local/lib/python3.10/site-packages/scipy/linalg/_cythonized_array_utils.cpython-310-x86_64-linux-gnu.so
73b6314ff000-73b631600000 rw-p 00000000 00:00 0 
73b631600000-73b639e43000 r-xp 00000000 00:6a 10100322                   /home/ubuntu/.local/lib/python3.10/site-packages/nvidia/nvshmem/lib/libnvshmem_host.so.3
73b639e43000-73b63a043000 ---p 08843000 00:6a 10100322                   /home/ubuntu/.local/lib/python3.10/site-packages/nvidia/nvshmem/lib/libnvshmem_host.so.3
73b63a043000-73b63a048000 r--p 08843000 00:6a 10100322                   /home/ubuntu/.local/lib/python3.10/site-packages/nvidia/nvshmem/lib/libnvshmem_host.so.3
73b63a048000-73b63a04f000 rw-p 08848000 00:6a 10100322                   /home/ubuntu/.local/lib/python3.10/site-packages/nvidia/nvshmem/lib/libnvshmem_host.so.3
73b63a04f000-73b63a075000 rw-p 00000000 00:00 0 
73b63a075000-73b63a07c000 r--p 00000000 00:6a 10226373                   /home/ubuntu/.local/lib/python3.10/site-packages/scipy/linalg/cython_blas.cpython-310-x86_64-linux-gnu.so
73b63a07c000-73b63a0a8000 r-xp 00007000 00:6a 10226373                   /home/ubuntu/.local/lib/python3.10/site-packages/scipy/linalg/cython_blas.cpython-310-x86_64-linux-gnu.so
73b63a0a8000-73b63a0b6000 r--p 00033000 00:6a 10226373                   /home/ubuntu/.local/lib/python3.10/site-packages/scipy/linalg/cython_blas.cpython-310-x86_64-linux-gnu.so
73b63a0b6000-73b63a0b7000 ---p 00041000 00:6a 10226373                   /home/ubuntu/.local/lib/python3.10/site-packages/scipy/linalg/cython_blas.cpython-310-x86_64-linux-gnu.so
73b63a0b7000-73b63a0b8000 r--p 00041000 00:6a 10226373                   /home/ubuntu/.local/lib/python3.10/site-packages/scipy/linalg/cython_blas.cpython-310-x86_64-linux-gnu.so
73b63a0b8000-73b63a0ba000 rw-p 00042000 00:6a 10226373                   /home/ubuntu/.local/lib/python3.10/site-packages/scipy/linalg/cython_blas.cpython-310-x86_64-linux-gnu.so
73b63a0ba000-73b63a0bb000 rw-p 00000000 00:00 0 
73b63a0bb000-73b63a0bf000 rw-p 00051000 00:6a 10226373                   /home/ubuntu/.local/lib/python3.10/site-packages/scipy/linalg/cython_blas.cpython-310-x86_64-linux-gnu.so
73b63a0bf000-73b63a0c1000 rw-p 00055000 00:6a 10226373                   /home/ubuntu/.local/lib/python3.10/site-packages/scipy/linalg/cython_blas.cpython-310-x86_64-linux-gnu.so
73b63a0c1000-73b63a0c6000 r--p 00000000 00:6a 10226359                   /home/ubuntu/.local/lib/python3.10/site-packages/scipy/linalg/_matfuncs_sqrtm_triu.cpython-310-x86_64-linux-gnu.so
73b63a0c6000-73b63a0f4000 r-xp 00005000 00:6a 10226359                   /home/ubuntu/.local/lib/python3.10/site-packages/scipy/linalg/_matfuncs_sqrtm_triu.cpython-310-x86_64-linux-gnu.so
73b63a0f4000-73b63a0fc000 r--p 00033000 00:6a 10226359                   /home/ubuntu/.local/lib/python3.10/site-packages/scipy/linalg/_matfuncs_sqrtm_triu.cpython-310-x86_64-linux-gnu.so
73b63a0fc000-73b63a0fd000 r--p 0003a000 00:6a 10226359                   /home/ubuntu/.local/lib/python3.10/site-packages/scipy/linalg/_matfuncs_sqrtm_triu.cpython-310-x86_64-linux-gnu.so
73b63a0fd000-73b63a0ff000 rw-p 0003b000 00:6a 10226359                   /home/ubuntu/.local/lib/python3.10/site-packages/scipy/linalg/_matfuncs_sqrtm_triu.cpython-310-x86_64-linux-gnu.so
73b63a0ff000-73b63a200000 rw-p 00000000 00:00 0 
73b63a200000-73b653a69000 r-xp 00000000 00:6a 10100646                   /home/ubuntu/.local/lib/python3.10/site-packages/nvidia/cublas/lib/libcublasLt.so.12
73b653a69000-73b653c69000 ---p 19869000 00:6a 10100646                   /home/ubuntu/.local/lib/python3.10/site-packages/nvidia/cublas/lib/libcublasLt.so.12
73b653c69000-73b653ea7000 r--p 19869000 00:6a 10100646                   /home/ubuntu/.local/lib/python3.10/site-packages/nvidia/cublas/lib/libcublasLt.so.12
73b653ea7000-73b65785b000 rw-p 19aa7000 00:6a 10100646                   /home/ubuntu/.local/lib/python3.10/site-packages/nvidia/cublas/lib/libcublasLt.so.12
73b65785b000-73b65ba2c000 rw-p 00000000 00:00 0 
73b65ba2c000-73b65ba2d000 r--s 00000000 08:00 45646321                   /home/ubuntu/tbazzocchi/FRAG/MedRAG/corpus/wikipedia/index/bm25/_x.fdx
73b65ba2d000-73b65ba2e000 r--s 00000000 08:00 45646338                   /home/ubuntu/tbazzocchi/FRAG/MedRAG/corpus/wikipedia/index/bm25/_12.fdx
73b65ba2e000-73b65ba2f000 r--s 00000000 08:00 45646352                   /home/ubuntu/tbazzocchi/FRAG/MedRAG/corpus/wikipedia/index/bm25/_10.fdx
73b65ba2f000-73b65ba31000 r--p 00000000 00:6a 10235981                   /home/ubuntu/.local/lib/python3.10/site-packages/sklearn/utils/_heap.cpython-310-x86_64-linux-gnu.so
73b65ba31000-73b65ba32000 r-xp 00002000 00:6a 10235981                   /home/ubuntu/.local/lib/python3.10/site-packages/sklearn/utils/_heap.cpython-310-x86_64-linux-gnu.so
73b65ba32000-73b65ba33000 r--p 00003000 00:6a 10235981                   /home/ubuntu/.local/lib/python3.10/site-packages/sklearn/utils/_heap.cpython-310-x86_64-linux-gnu.so
73b65ba33000-73b65ba34000 r--p 00003000 00:6a 10235981                   /home/ubuntu/.local/lib/python3.10/site-packages/sklearn/utils/_heap.cpython-310-x86_64-linux-gnu.so
73b65ba34000-73b65ba35000 rw-p 00004000 00:6a 10235981                   /home/ubuntu/.local/lib/python3.10/site-packages/sklearn/utils/_heap.cpython-310-x86_64-linux-gnu.so
73b65ba35000-73b65ba3a000 r--p 00000000 00:6a 10226354                   /home/ubuntu/.local/lib/python3.10/site-packages/scipy/linalg/_decomp_lu_cython.cpython-310-x86_64-linux-gnu.so
73b65ba3a000-73b65ba66000 r-xp 00005000 00:6a 10226354                   /home/ubuntu/.local/lib/python3.10/site-packages/scipy/linalg/_decomp_lu_cython.cpython-310-x86_64-linux-gnu.so
73b65ba66000-73b65ba6e000 r--p 00031000 00:6a 10226354                   /home/ubuntu/.local/lib/python3.10/site-packages/scipy/linalg/_decomp_lu_cython.cpython-310-x86_64-linux-gnu.so
73b65ba6e000-73b65ba6f000 r--p 00038000 00:6a 10226354                   /home/ubuntu/.local/lib/python3.10/site-packages/scipy/linalg/_decomp_lu_cython.cpython-310-x86_64-linux-gnu.so
73b65ba6f000-73b65ba71000 rw-p 00039000 00:6a 10226354                   /home/ubuntu/.local/lib/python3.10/site-packages/scipy/linalg/_decomp_lu_cython.cpython-310-x86_64-linux-gnu.so
73b65ba71000-73b65ba72000 rw-p 00000000 00:00 0 
73b65ba72000-73b65ba77000 r--p 00000000 00:6a 10226382                   /home/ubuntu/.local/lib/python3.10/site-packages/scipy/linalg/_solve_toeplitz.cpython-310-x86_64-linux-gnu.so
73b65ba77000-73b65baa8000 r-xp 00005000 00:6a 10226382                   /home/ubuntu/.local/lib/python3.10/site-packages/scipy/linalg/_solve_toeplitz.cpython-310-x86_64-linux-gnu.so
73b65baa8000-73b65bab0000 r--p 00036000 00:6a 10226382                   /home/ubuntu/.local/lib/python3.10/site-packages/scipy/linalg/_solve_toeplitz.cpython-310-x86_64-linux-gnu.so
73b65bab0000-73b65bab1000 ---p 0003e000 00:6a 10226382                   /home/ubuntu/.local/lib/python3.10/site-packages/scipy/linalg/_solve_toeplitz.cpython-310-x86_64-linux-gnu.so
73b65bab1000-73b65bab2000 r--p 0003e000 00:6a 10226382                   /home/ubuntu/.local/lib/python3.10/site-packages/scipy/linalg/_solve_toeplitz.cpython-310-x86_64-linux-gnu.so
73b65bab2000-73b65bab4000 rw-p 0003f000 00:6a 10226382                   /home/ubuntu/.local/lib/python3.10/site-packages/scipy/linalg/_solve_toeplitz.cpython-310-x86_64-linux-gnu.so
73b65bab4000-73b65bab5000 rw-p 00000000 00:00 0 
73b65bab5000-73b65babf000 r--p 00000000 00:6a 10238240                   /home/ubuntu/.local/lib/python3.10/site-packages/aiohttp/_http_parser.cpython-310-x86_64-linux-gnu.so
73b65babf000-73b65bb0d000 r-xp 0000a000 00:6a 10238240                   /home/ubuntu/.local/lib/python3.10/site-packages/aiohttp/_http_parser.cpython-310-x86_64-linux-gnu.so
73b65bb0d000-73b65bb19000 r--p 00058000 00:6a 10238240                   /home/ubuntu/.local/lib/python3.10/site-packages/aiohttp/_http_parser.cpython-310-x86_64-linux-gnu.so
73b65bb19000-73b65bb1b000 r--p 00063000 00:6a 10238240                   /home/ubuntu/.local/lib/python3.10/site-packages/aiohttp/_http_parser.cpython-310-x86_64-linux-gnu.so
73b65bb1b000-73b65bb1e000 rw-p 00065000 00:6a 10238240                   /home/ubuntu/.local/lib/python3.10/site-packages/aiohttp/_http_parser.cpython-310-x86_64-linux-gnu.so
73b65bb1e000-73b65bb20000 rw-p 00000000 00:00 0 
73b65bb20000-73b65bb27000 r--p 00000000 00:6a 10175431                   /home/ubuntu/.local/lib/python3.10/site-packages/numpy/random/_generator.cpython-310-x86_64-linux-gnu.so
73b65bb27000-73b65bba7000 r-xp 00007000 00:6a 10175431                   /home/ubuntu/.local/lib/python3.10/site-packages/numpy/random/_generator.cpython-310-x86_64-linux-gnu.so
73b65bba7000-73b65bbfb000 r--p 00087000 00:6a 10175431                   /home/ubuntu/.local/lib/python3.10/site-packages/numpy/random/_generator.cpython-310-x86_64-linux-gnu.so
73b65bbfb000-73b65bbfc000 r--p 000da000 00:6a 10175431                   /home/ubuntu/.local/lib/python3.10/site-packages/numpy/random/_generator.cpython-310-x86_64-linux-gnu.so
73b65bbfc000-73b65bbfe000 rw-p 000db000 00:6a 10175431                   /home/ubuntu/.local/lib/python3.10/site-packages/numpy/random/_generator.cpython-310-x86_64-linux-gnu.so
73b65bbfe000-73b65bc00000 rw-p 00000000 00:00 0 
73b65bc00000-73b662328000 r-xp 00000000 00:6a 10100645                   /home/ubuntu/.local/lib/python3.10/site-packages/nvidia/cublas/lib/libcublas.so.12
73b662328000-73b662528000 ---p 06728000 00:6a 10100645                   /home/ubuntu/.local/lib/python3.10/site-packages/nvidia/cublas/lib/libcublas.so.12
73b662528000-73b662534000 r--p 06728000 00:6a 10100645                   /home/ubuntu/.local/lib/python3.10/site-packages/nvidia/cublas/lib/libcublas.so.12
73b662534000-73b66253b000 rw-p 06734000 00:6a 10100645                   /home/ubuntu/.local/lib/python3.10/site-packages/nvidia/cublas/lib/libcublas.so.12
73b66253b000-73b662547000 rw-p 00000000 00:00 0 
73b662547000-73b662549000 r--p 00000000 00:6a 10229398                   /home/ubuntu/.local/lib/python3.10/site-packages/pandas/_libs/pandas_parser.cpython-310-x86_64-linux-gnu.so
73b662549000-73b66254f000 r-xp 00002000 00:6a 10229398                   /home/ubuntu/.local/lib/python3.10/site-packages/pandas/_libs/pandas_parser.cpython-310-x86_64-linux-gnu.so
73b66254f000-73b662551000 r--p 00008000 00:6a 10229398                   /home/ubuntu/.local/lib/python3.10/site-packages/pandas/_libs/pandas_parser.cpython-310-x86_64-linux-gnu.so
73b662551000-73b662552000 r--p 00009000 00:6a 10229398                   /home/ubuntu/.local/lib/python3.10/site-packages/pandas/_libs/pandas_parser.cpython-310-x86_64-linux-gnu.so
73b662552000-73b662553000 rw-p 0000a000 00:6a 10229398                   /home/ubuntu/.local/lib/python3.10/site-packages/pandas/_libs/pandas_parser.cpython-310-x86_64-linux-gnu.so
73b662553000-73b662556000 r--p 00000000 00:6a 10226400                   /home/ubuntu/.local/lib/python3.10/site-packages/scipy/linalg/_linalg_pythran.cpython-310-x86_64-linux-gnu.so
73b662556000-73b66256a000 r-xp 00003000 00:6a 10226400                   /home/ubuntu/.local/lib/python3.10/site-packages/scipy/linalg/_linalg_pythran.cpython-310-x86_64-linux-gnu.so
73b66256a000-73b66256e000 r--p 00017000 00:6a 10226400                   /home/ubuntu/.local/lib/python3.10/site-packages/scipy/linalg/_linalg_pythran.cpython-310-x86_64-linux-gnu.so
73b66256e000-73b66256f000 r--p 0001a000 00:6a 10226400                   /home/ubuntu/.local/lib/python3.10/site-packages/scipy/linalg/_linalg_pythran.cpython-310-x86_64-linux-gnu.so
73b66256f000-73b662570000 rw-p 0001b000 00:6a 10226400                   /home/ubuntu/.local/lib/python3.10/site-packages/scipy/linalg/_linalg_pythran.cpython-310-x86_64-linux-gnu.so
73b662570000-73b662576000 r--p 00000000 00:6a 10238305                   /home/ubuntu/.local/lib/python3.10/site-packages/aiohttp/_websocket/reader_c.cpython-310-x86_64-linux-gnu.so
73b662576000-73b66259a000 r-xp 00006000 00:6a 10238305                   /home/ubuntu/.local/lib/python3.10/site-packages/aiohttp/_websocket/reader_c.cpython-310-x86_64-linux-gnu.so
73b66259a000-73b6625a0000 r--p 0002a000 00:6a 10238305                   /home/ubuntu/.local/lib/python3.10/site-packages/aiohttp/_websocket/reader_c.cpython-310-x86_64-linux-gnu.so
73b6625a0000-73b6625a2000 r--p 0002f000 00:6a 10238305                   /home/ubuntu/.local/lib/python3.10/site-packages/aiohttp/_websocket/reader_c.cpython-310-x86_64-linux-gnu.so
73b6625a2000-73b6625a4000 rw-p 00031000 00:6a 10238305                   /home/ubuntu/.local/lib/python3.10/site-packages/aiohttp/_websocket/reader_c.cpython-310-x86_64-linux-gnu.so
73b6625a4000-73b6625a5000 rw-p 00000000 00:00 0 
73b6625a5000-73b6625ac000 r--p 00000000 00:6a 10172809                   /home/ubuntu/.local/lib/python3.10/site-packages/yaml/_yaml.cpython-310-x86_64-linux-gnu.so
73b6625ac000-73b6625f2000 r-xp 00007000 00:6a 10172809                   /home/ubuntu/.local/lib/python3.10/site-packages/yaml/_yaml.cpython-310-x86_64-linux-gnu.so
73b6625f2000-73b6625fb000 r--p 0004d000 00:6a 10172809                   /home/ubuntu/.local/lib/python3.10/site-packages/yaml/_yaml.cpython-310-x86_64-linux-gnu.so
73b6625fb000-73b6625fd000 r--p 00055000 00:6a 10172809                   /home/ubuntu/.local/lib/python3.10/site-packages/yaml/_yaml.cpython-310-x86_64-linux-gnu.so
73b6625fd000-73b6625ff000 rw-p 00057000 00:6a 10172809                   /home/ubuntu/.local/lib/python3.10/site-packages/yaml/_yaml.cpython-310-x86_64-linux-gnu.so
73b6625ff000-73b662600000 rw-p 00000000 00:00 0 
73b662600000-73b666dcf000 r-xp 00000000 00:6a 10100399                   /home/ubuntu/.local/lib/python3.10/site-packages/nvidia/curand/lib/libcurand.so.10
73b666dcf000-73b666fcf000 ---p 047cf000 00:6a 10100399                   /home/ubuntu/.local/lib/python3.10/site-packages/nvidia/curand/lib/libcurand.so.10
73b666fcf000-73b666fd5000 r--p 047cf000 00:6a 10100399                   /home/ubuntu/.local/lib/python3.10/site-packages/nvidia/curand/lib/libcurand.so.10
73b666fd5000-73b668401000 rw-p 047d5000 00:6a 10100399                   /home/ubuntu/.local/lib/python3.10/site-packages/nvidia/curand/lib/libcurand.so.10
73b668401000-73b668a39000 rw-p 00000000 00:00 0 
73b668a39000-73b668a3a000 r--s 00000000 08:00 45646363                   /home/ubuntu/tbazzocchi/FRAG/MedRAG/corpus/wikipedia/index/bm25/_u.fdx
73b668a3a000-73b668a3b000 r--s 00000000 08:00 45646378                   /home/ubuntu/tbazzocchi/FRAG/MedRAG/corpus/wikipedia/index/bm25/_11.fdx
73b668a3b000-73b668a3c000 r--s 00000000 08:00 45646397                   /home/ubuntu/tbazzocchi/FRAG/MedRAG/corpus/wikipedia/index/bm25/_w.fdx
73b668a3c000-73b668a3d000 r--s 00000000 08:00 45646408                   /home/ubuntu/tbazzocchi/FRAG/MedRAG/corpus/wikipedia/index/bm25/_p.fdx
73b668a3d000-73b668a3e000 r--p 00000000 00:6a 10226763                   /home/ubuntu/.local/lib/python3.10/site-packages/scipy/ndimage/_rank_filter_1d.cpython-310-x86_64-linux-gnu.so
73b668a3e000-73b668a41000 r-xp 00001000 00:6a 10226763                   /home/ubuntu/.local/lib/python3.10/site-packages/scipy/ndimage/_rank_filter_1d.cpython-310-x86_64-linux-gnu.so
73b668a41000-73b668a42000 r--p 00004000 00:6a 10226763                   /home/ubuntu/.local/lib/python3.10/site-packages/scipy/ndimage/_rank_filter_1d.cpython-310-x86_64-linux-gnu.so
73b668a42000-73b668a43000 r--p 00004000 00:6a 10226763                   /home/ubuntu/.local/lib/python3.10/site-packages/scipy/ndimage/_rank_filter_1d.cpython-310-x86_64-linux-gnu.so
73b668a43000-73b668a44000 rw-p 00005000 00:6a 10226763                   /home/ubuntu/.local/lib/python3.10/site-packages/scipy/ndimage/_rank_filter_1d.cpython-310-x86_64-linux-gnu.so
73b668a44000-73b668a48000 r--p 00000000 00:6a 10226637                   /home/ubuntu/.local/lib/python3.10/site-packages/scipy/_lib/_ccallback_c.cpython-310-x86_64-linux-gnu.so
73b668a48000-73b668a56000 r-xp 00004000 00:6a 10226637                   /home/ubuntu/.local/lib/python3.10/site-packages/scipy/_lib/_ccallback_c.cpython-310-x86_64-linux-gnu.so
73b668a56000-73b668a59000 r--p 00012000 00:6a 10226637                   /home/ubuntu/.local/lib/python3.10/site-packages/scipy/_lib/_ccallback_c.cpython-310-x86_64-linux-gnu.so
73b668a59000-73b668a5a000 r--p 00014000 00:6a 10226637                   /home/ubuntu/.local/lib/python3.10/site-packages/scipy/_lib/_ccallback_c.cpython-310-x86_64-linux-gnu.so
73b668a5a000-73b668a5b000 rw-p 00015000 00:6a 10226637                   /home/ubuntu/.local/lib/python3.10/site-packages/scipy/_lib/_ccallback_c.cpython-310-x86_64-linux-gnu.so
73b668a5b000-73b668a5c000 rw-p 00000000 00:00 0 
73b668a5c000-73b668a7a000 r--p 00000000 00:6a 25773465                   /usr/lib/x86_64-linux-gnu/libssl.so.3
73b668a7a000-73b668ad5000 r-xp 0001e000 00:6a 25773465                   /usr/lib/x86_64-linux-gnu/libssl.so.3
73b668ad5000-73b668af2000 r--p 00079000 00:6a 25773465                   /usr/lib/x86_64-linux-gnu/libssl.so.3
73b668af2000-73b668afc000 r--p 00095000 00:6a 25773465                   /usr/lib/x86_64-linux-gnu/libssl.so.3
73b668afc000-73b668b00000 rw-p 0009f000 00:6a 25773465                   /usr/lib/x86_64-linux-gnu/libssl.so.3
73b668b00000-73b668c00000 rw-p 00000000 00:00 0 
73b668c00000-73b681450000 r-xp 00000000 00:6a 10100367                   /home/ubuntu/.local/lib/python3.10/site-packages/nvidia/nccl/lib/libnccl.so.2
73b681450000-73b681650000 ---p 18850000 00:6a 10100367                   /home/ubuntu/.local/lib/python3.10/site-packages/nvidia/nccl/lib/libnccl.so.2
73b681650000-73b681659000 r--p 18850000 00:6a 10100367                   /home/ubuntu/.local/lib/python3.10/site-packages/nvidia/nccl/lib/libnccl.so.2
73b681659000-73b68166e000 rw-p 18859000 00:6a 10100367                   /home/ubuntu/.local/lib/python3.10/site-packages/nvidia/nccl/lib/libnccl.so.2
73b68166e000-73b6816a6000 rw-p 00000000 00:00 0 
73b6816a6000-73b6816a7000 r--p 00000000 00:6a 10103491                   /home/ubuntu/.local/lib/python3.10/site-packages/markupsafe/_speedups.cpython-310-x86_64-linux-gnu.so
73b6816a7000-73b6816a8000 r-xp 00001000 00:6a 10103491                   /home/ubuntu/.local/lib/python3.10/site-packages/markupsafe/_speedups.cpython-310-x86_64-linux-gnu.so
73b6816a8000-73b6816a9000 r--p 00002000 00:6a 10103491                   /home/ubuntu/.local/lib/python3.10/site-packages/markupsafe/_speedups.cpython-310-x86_64-linux-gnu.so
73b6816a9000-73b6816aa000 r--p 00002000 00:6a 10103491                   /home/ubuntu/.local/lib/python3.10/site-packages/markupsafe/_speedups.cpython-310-x86_64-linux-gnu.so
73b6816aa000-73b6816ab000 rw-p 00003000 00:6a 10103491                   /home/ubuntu/.local/lib/python3.10/site-packages/markupsafe/_speedups.cpython-310-x86_64-linux-gnu.so
73b6816ab000-73b6816ac000 r--p 00000000 00:6a 10226176                   /home/ubuntu/.local/lib/python3.10/site-packages/scipy/optimize/_direct.cpython-310-x86_64-linux-gnu.so
73b6816ac000-73b6816b2000 r-xp 00001000 00:6a 10226176                   /home/ubuntu/.local/lib/python3.10/site-packages/scipy/optimize/_direct.cpython-310-x86_64-linux-gnu.so
73b6816b2000-73b6816b4000 r--p 00007000 00:6a 10226176                   /home/ubuntu/.local/lib/python3.10/site-packages/scipy/optimize/_direct.cpython-310-x86_64-linux-gnu.so
73b6816b4000-73b6816b5000 r--p 00008000 00:6a 10226176                   /home/ubuntu/.local/lib/python3.10/site-packages/scipy/optimize/_direct.cpython-310-x86_64-linux-gnu.so
73b6816b5000-73b6816b6000 rw-p 00009000 00:6a 10226176                   /home/ubuntu/.local/lib/python3.10/site-packages/scipy/optimize/_direct.cpython-310-x86_64-linux-gnu.so
73b6816b6000-73b6816bb000 r--p 00000000 00:6a 10224197                   /home/ubuntu/.local/lib/python3.10/site-packages/frozenlist/_frozenlist.cpython-310-x86_64-linux-gnu.so
73b6816bb000-73b6816c7000 r-xp 00005000 00:6a 10224197                   /home/ubuntu/.local/lib/python3.10/site-packages/frozenlist/_frozenlist.cpython-310-x86_64-linux-gnu.so
73b6816c7000-73b6816cb000 r--p 00011000 00:6a 10224197                   /home/ubuntu/.local/lib/python3.10/site-packages/frozenlist/_frozenlist.cpython-310-x86_64-linux-gnu.so
73b6816cb000-73b6816cc000 r--p 00014000 00:6a 10224197                   /home/ubuntu/.local/lib/python3.10/site-packages/frozenlist/_frozenlist.cpython-310-x86_64-linux-gnu.so
73b6816cc000-73b6816ce000 rw-p 00015000 00:6a 10224197                   /home/ubuntu/.local/lib/python3.10/site-packages/frozenlist/_frozenlist.cpython-310-x86_64-linux-gnu.so
73b6816ce000-73b6816d1000 r--p 00000000 00:6a 10238242                   /home/ubuntu/.local/lib/python3.10/site-packages/aiohttp/_http_writer.cpython-310-x86_64-linux-gnu.so
73b6816d1000-73b6816db000 r-xp 00003000 00:6a 10238242                   /home/ubuntu/.local/lib/python3.10/site-packages/aiohttp/_http_writer.cpython-310-x86_64-linux-gnu.so
73b6816db000-73b6816dd000 r--p 0000d000 00:6a 10238242                   /home/ubuntu/.local/lib/python3.10/site-packages/aiohttp/_http_writer.cpython-310-x86_64-linux-gnu.so
73b6816dd000-73b6816de000 r--p 0000e000 00:6a 10238242                   /home/ubuntu/.local/lib/python3.10/site-packages/aiohttp/_http_writer.cpython-310-x86_64-linux-gnu.so
73b6816de000-73b6816df000 rw-p 0000f000 00:6a 10238242                   /home/ubuntu/.local/lib/python3.10/site-packages/aiohttp/_http_writer.cpython-310-x86_64-linux-gnu.so
73b6816df000-73b6816e4000 r--p 00000000 00:6a 10225146                   /home/ubuntu/.local/lib/python3.10/site-packages/yarl/_quoting_c.cpython-310-x86_64-linux-gnu.so
73b6816e4000-73b6816f9000 r-xp 00005000 00:6a 10225146                   /home/ubuntu/.local/lib/python3.10/site-packages/yarl/_quoting_c.cpython-310-x86_64-linux-gnu.so
73b6816f9000-73b6816fd000 r--p 0001a000 00:6a 10225146                   /home/ubuntu/.local/lib/python3.10/site-packages/yarl/_quoting_c.cpython-310-x86_64-linux-gnu.so
73b6816fd000-73b6816fe000 r--p 0001d000 00:6a 10225146                   /home/ubuntu/.local/lib/python3.10/site-packages/yarl/_quoting_c.cpython-310-x86_64-linux-gnu.so
73b6816fe000-73b6816ff000 rw-p 0001e000 00:6a 10225146                   /home/ubuntu/.local/lib/python3.10/site-packages/yarl/_quoting_c.cpython-310-x86_64-linux-gnu.so
73b6816ff000-73b681800000 rw-p 00000000 00:00 0 
73b681800000-73b681d7a000 r-xp 00000000 00:6a 10103692                   /home/ubuntu/.local/lib/python3.10/site-packages/nvidia/cufft/lib/libcufft.so.11
73b681d7a000-73b681f79000 ---p 0057a000 00:6a 10103692                   /home/ubuntu/.local/lib/python3.10/site-packages/nvidia/cufft/lib/libcufft.so.11
73b681f79000-73b681f86000 r--p 00579000 00:6a 10103692                   /home/ubuntu/.local/lib/python3.10/site-packages/nvidia/cufft/lib/libcufft.so.11
73b681f86000-73b692363000 rw-p 00586000 00:6a 10103692                   /home/ubuntu/.local/lib/python3.10/site-packages/nvidia/cufft/lib/libcufft.so.11
73b692363000-73b6926aa000 rw-p 00000000 00:00 0 
73b6926aa000-73b692800000 ---p 10eaa000 00:6a 10103692                   /home/ubuntu/.local/lib/python3.10/site-packages/nvidia/cufft/lib/libcufft.so.11
73b692800000-73b692801000 rw-p 10a00000 00:6a 10103692                   /home/ubuntu/.local/lib/python3.10/site-packages/nvidia/cufft/lib/libcufft.so.11
73b692801000-73b692802000 r--s 00000000 08:00 45646427                   /home/ubuntu/tbazzocchi/FRAG/MedRAG/corpus/wikipedia/index/bm25/_z.fdx
73b692802000-73b692805000 r--p 00000000 00:6a 10226445                   /home/ubuntu/.local/lib/python3.10/site-packages/scipy/special/_comb.cpython-310-x86_64-linux-gnu.so
73b692805000-73b69280c000 r-xp 00003000 00:6a 10226445                   /home/ubuntu/.local/lib/python3.10/site-packages/scipy/special/_comb.cpython-310-x86_64-linux-gnu.so
73b69280c000-73b69280e000 r--p 0000a000 00:6a 10226445                   /home/ubuntu/.local/lib/python3.10/site-packages/scipy/special/_comb.cpython-310-x86_64-linux-gnu.so
73b69280e000-73b69280f000 r--p 0000b000 00:6a 10226445                   /home/ubuntu/.local/lib/python3.10/site-packages/scipy/special/_comb.cpython-310-x86_64-linux-gnu.so
73b69280f000-73b692810000 rw-p 0000c000 00:6a 10226445                   /home/ubuntu/.local/lib/python3.10/site-packages/scipy/special/_comb.cpython-310-x86_64-linux-gnu.so
73b692810000-73b69281e000 r--p 00000000 00:6a 10224959                   /home/ubuntu/.local/lib/python3.10/site-packages/charset_normalizer/md__mypyc.cpython-310-x86_64-linux-gnu.so
73b69281e000-73b69283d000 r-xp 0000e000 00:6a 10224959                   /home/ubuntu/.local/lib/python3.10/site-packages/charset_normalizer/md__mypyc.cpython-310-x86_64-linux-gnu.so
73b69283d000-73b692847000 r--p 0002d000 00:6a 10224959                   /home/ubuntu/.local/lib/python3.10/site-packages/charset_normalizer/md__mypyc.cpython-310-x86_64-linux-gnu.so
73b692847000-73b692848000 r--p 00036000 00:6a 10224959                   /home/ubuntu/.local/lib/python3.10/site-packages/charset_normalizer/md__mypyc.cpython-310-x86_64-linux-gnu.so
73b692848000-73b69284c000 rw-p 00037000 00:6a 10224959                   /home/ubuntu/.local/lib/python3.10/site-packages/charset_normalizer/md__mypyc.cpython-310-x86_64-linux-gnu.so
73b69284c000-73b69284d000 rw-p 00000000 00:00 0 
73b69284d000-73b692852000 r--p 00000000 00:6a 10175422                   /home/ubuntu/.local/lib/python3.10/site-packages/numpy/random/mtrand.cpython-310-x86_64-linux-gnu.so
73b692852000-73b6928ab000 r-xp 00005000 00:6a 10175422                   /home/ubuntu/.local/lib/python3.10/site-packages/numpy/random/mtrand.cpython-310-x86_64-linux-gnu.so
73b6928ab000-73b6928fb000 r--p 0005e000 00:6a 10175422                   /home/ubuntu/.local/lib/python3.10/site-packages/numpy/random/mtrand.cpython-310-x86_64-linux-gnu.so
73b6928fb000-73b6928fc000 ---p 000ae000 00:6a 10175422                   /home/ubuntu/.local/lib/python3.10/site-packages/numpy/random/mtrand.cpython-310-x86_64-linux-gnu.so
73b6928fc000-73b6928fd000 r--p 000ae000 00:6a 10175422                   /home/ubuntu/.local/lib/python3.10/site-packages/numpy/random/mtrand.cpython-310-x86_64-linux-gnu.so
73b6928fd000-73b6928fe000 rw-p 000af000 00:6a 10175422                   /home/ubuntu/.local/lib/python3.10/site-packages/numpy/random/mtrand.cpython-310-x86_64-linux-gnu.so
73b6928fe000-73b692a00000 rw-p 00000000 00:00 0 
73b692a00000-73b6a41ba000 r-xp 00000000 00:6a 10103668                   /home/ubuntu/.local/lib/python3.10/site-packages/nvidia/cusparse/lib/libcusparse.so.12
73b6a41ba000-73b6a43ba000 ---p 117ba000 00:6a 10103668                   /home/ubuntu/.local/lib/python3.10/site-packages/nvidia/cusparse/lib/libcusparse.so.12
73b6a43ba000-73b6a43c9000 r--p 117ba000 00:6a 10103668                   /home/ubuntu/.local/lib/python3.10/site-packages/nvidia/cusparse/lib/libcusparse.so.12
73b6a43c9000-73b6a43e5000 rw-p 117c9000 00:6a 10103668                   /home/ubuntu/.local/lib/python3.10/site-packages/nvidia/cusparse/lib/libcusparse.so.12
73b6a43e5000-73b6a43ea000 rw-p 00000000 00:00 0 
73b6a43ea000-73b6a4400000 ---p 119ea000 00:6a 10103668                   /home/ubuntu/.local/lib/python3.10/site-packages/nvidia/cusparse/lib/libcusparse.so.12
73b6a4400000-73b6a4405000 rw-p 11800000 00:6a 10103668                   /home/ubuntu/.local/lib/python3.10/site-packages/nvidia/cusparse/lib/libcusparse.so.12
73b6a4405000-73b6a4409000 r--p 00000000 00:6a 10176417                   /home/ubuntu/.local/lib/python3.10/site-packages/multidict/_multidict.cpython-310-x86_64-linux-gnu.so
73b6a4409000-73b6a441a000 r-xp 00004000 00:6a 10176417                   /home/ubuntu/.local/lib/python3.10/site-packages/multidict/_multidict.cpython-310-x86_64-linux-gnu.so
73b6a441a000-73b6a441e000 r--p 00015000 00:6a 10176417                   /home/ubuntu/.local/lib/python3.10/site-packages/multidict/_multidict.cpython-310-x86_64-linux-gnu.so
73b6a441e000-73b6a441f000 r--p 00018000 00:6a 10176417                   /home/ubuntu/.local/lib/python3.10/site-packages/multidict/_multidict.cpython-310-x86_64-linux-gnu.so
73b6a441f000-73b6a4421000 rw-p 00019000 00:6a 10176417                   /home/ubuntu/.local/lib/python3.10/site-packages/multidict/_multidict.cpython-310-x86_64-linux-gnu.so
73b6a4421000-73b6a4433000 r--p 00000000 00:6a 10045508                   /usr/lib/python3.10/lib-dynload/_ssl.cpython-310-x86_64-linux-gnu.so
73b6a4433000-73b6a4440000 r-xp 00012000 00:6a 10045508                   /usr/lib/python3.10/lib-dynload/_ssl.cpython-310-x86_64-linux-gnu.so
73b6a4440000-73b6a444e000 r--p 0001f000 00:6a 10045508                   /usr/lib/python3.10/lib-dynload/_ssl.cpython-310-x86_64-linux-gnu.so
73b6a444e000-73b6a444f000 ---p 0002d000 00:6a 10045508                   /usr/lib/python3.10/lib-dynload/_ssl.cpython-310-x86_64-linux-gnu.so
73b6a444f000-73b6a4450000 r--p 0002d000 00:6a 10045508                   /usr/lib/python3.10/lib-dynload/_ssl.cpython-310-x86_64-linux-gnu.so
73b6a4450000-73b6a4459000 rw-p 0002e000 00:6a 10045508                   /usr/lib/python3.10/lib-dynload/_ssl.cpython-310-x86_64-linux-gnu.so
73b6a4459000-73b6a4559000 rw-p 00000000 00:00 0 
73b6a4559000-73b6a4574000 r--p 00000000 00:6a 10159921                   /home/ubuntu/.local/lib/python3.10/site-packages/torch/lib/libtorch_nvshmem.so
73b6a4574000-73b6a4610000 r-xp 0001b000 00:6a 10159921                   /home/ubuntu/.local/lib/python3.10/site-packages/torch/lib/libtorch_nvshmem.so
73b6a4610000-73b6a4dad000 r--p 000b7000 00:6a 10159921                   /home/ubuntu/.local/lib/python3.10/site-packages/torch/lib/libtorch_nvshmem.so
73b6a4dad000-73b6a4db3000 r--p 00854000 00:6a 10159921                   /home/ubuntu/.local/lib/python3.10/site-packages/torch/lib/libtorch_nvshmem.so
73b6a4db3000-73b6a4db5000 rw-p 0085a000 00:6a 10159921                   /home/ubuntu/.local/lib/python3.10/site-packages/torch/lib/libtorch_nvshmem.so
73b6a4db5000-73b6a4db9000 rw-p 00000000 00:00 0 
73b6a4db9000-73b6a4dc4000 rw-p 008b1000 00:6a 10159921                   /home/ubuntu/.local/lib/python3.10/site-packages/torch/lib/libtorch_nvshmem.so
73b6a4dc4000-73b6a4e7f000 r--p 00000000 00:6a 10100616                   /home/ubuntu/.local/lib/python3.10/site-packages/nvidia/cuda_cupti/lib/libcupti.so.12
73b6a4e7f000-73b6a531c000 r-xp 000bb000 00:6a 10100616                   /home/ubuntu/.local/lib/python3.10/site-packages/nvidia/cuda_cupti/lib/libcupti.so.12
73b6a531c000-73b6a5473000 r--p 00558000 00:6a 10100616                   /home/ubuntu/.local/lib/python3.10/site-packages/nvidia/cuda_cupti/lib/libcupti.so.12
73b6a5473000-73b6a54c0000 r--p 006ae000 00:6a 10100616                   /home/ubuntu/.local/lib/python3.10/site-packages/nvidia/cuda_cupti/lib/libcupti.so.12
73b6a54c0000-73b6a5577000 rw-p 006fb000 00:6a 10100616                   /home/ubuntu/.local/lib/python3.10/site-packages/nvidia/cuda_cupti/lib/libcupti.so.12
73b6a5577000-73b6a55b8000 rw-p 00000000 00:00 0 
73b6a55b8000-73b6a55e6000 r--p 00000000 00:6a 10100420                   /home/ubuntu/.local/lib/python3.10/site-packages/nvidia/cufile/lib/libcufile.so.0
73b6a55e6000-73b6a57c9000 r-xp 0002e000 00:6a 10100420                   /home/ubuntu/.local/lib/python3.10/site-packages/nvidia/cufile/lib/libcufile.so.0
73b6a57c9000-73b6a586b000 r--p 00211000 00:6a 10100420                   /home/ubuntu/.local/lib/python3.10/site-packages/nvidia/cufile/lib/libcufile.so.0
73b6a586b000-73b6a586c000 ---p 002b3000 00:6a 10100420                   /home/ubuntu/.local/lib/python3.10/site-packages/nvidia/cufile/lib/libcufile.so.0
73b6a586c000-73b6a5871000 r--p 002b3000 00:6a 10100420                   /home/ubuntu/.local/lib/python3.10/site-packages/nvidia/cufile/lib/libcufile.so.0
73b6a5871000-73b6a5879000 rw-p 002b8000 00:6a 10100420                   /home/ubuntu/.local/lib/python3.10/site-packages/nvidia/cufile/lib/libcufile.so.0
73b6a5879000-73b6a5884000 rw-p 00000000 00:00 0 
73b6a5884000-73b6a5890000 rw-p 002db000 00:6a 10100420                   /home/ubuntu/.local/lib/python3.10/site-packages/nvidia/cufile/lib/libcufile.so.0
73b6a5890000-73b6a7837000 r--p 00000000 00:6a 10095764                   /home/ubuntu/.local/lib/python3.10/site-packages/nvidia/cusparselt/lib/libcusparseLt.so.0
73b6a7837000-73b6aa845000 r-xp 01fa7000 00:6a 10095764                   /home/ubuntu/.local/lib/python3.10/site-packages/nvidia/cusparselt/lib/libcusparseLt.so.0
73b6aa845000-73b6bec81000 r--p 04fb5000 00:6a 10095764                   /home/ubuntu/.local/lib/python3.10/site-packages/nvidia/cusparselt/lib/libcusparseLt.so.0
73b6bec81000-73b6bec82000 ---p 193f1000 00:6a 10095764                   /home/ubuntu/.local/lib/python3.10/site-packages/nvidia/cusparselt/lib/libcusparseLt.so.0
73b6bec82000-73b6beda5000 r--p 193f1000 00:6a 10095764                   /home/ubuntu/.local/lib/python3.10/site-packages/nvidia/cusparselt/lib/libcusparseLt.so.0
73b6beda5000-73b6bedd2000 rw-p 19514000 00:6a 10095764                   /home/ubuntu/.local/lib/python3.10/site-packages/nvidia/cusparselt/lib/libcusparseLt.so.0
73b6bedd2000-73b6bf037000 rw-p 00000000 00:00 0 
73b6bf037000-73b6c0a00000 rw-p 19542000 00:6a 10095764                   /home/ubuntu/.local/lib/python3.10/site-packages/nvidia/cusparselt/lib/libcusparseLt.so.0
73b6c0a00000-73b6c0a1e000 r-xp 00000000 00:6a 10103724                   /home/ubuntu/.local/lib/python3.10/site-packages/nvidia/cudnn/lib/libcudnn.so.9
73b6c0a1e000-73b6c0c1d000 ---p 0001e000 00:6a 10103724                   /home/ubuntu/.local/lib/python3.10/site-packages/nvidia/cudnn/lib/libcudnn.so.9
73b6c0c1d000-73b6c0c1e000 r--p 0001d000 00:6a 10103724                   /home/ubuntu/.local/lib/python3.10/site-packages/nvidia/cudnn/lib/libcudnn.so.9
73b6c0c1e000-73b6c0c1f000 rw-p 0001e000 00:6a 10103724                   /home/ubuntu/.local/lib/python3.10/site-packages/nvidia/cudnn/lib/libcudnn.so.9
73b6c0c1f000-73b6c0c20000 r--s 00000000 08:00 45646444                   /home/ubuntu/tbazzocchi/FRAG/MedRAG/corpus/wikipedia/index/bm25/_t.fdx
73b6c0c20000-73b6c0c21000 r--s 00000000 08:00 45646459                   /home/ubuntu/tbazzocchi/FRAG/MedRAG/corpus/wikipedia/index/bm25/_v.fdx
73b6c0c21000-73b6c0c25000 r--p 00000000 00:6a 10174777                   /home/ubuntu/.local/lib/python3.10/site-packages/propcache/_helpers_c.cpython-310-x86_64-linux-gnu.so
73b6c0c25000-73b6c0c31000 r-xp 00004000 00:6a 10174777                   /home/ubuntu/.local/lib/python3.10/site-packages/propcache/_helpers_c.cpython-310-x86_64-linux-gnu.so
73b6c0c31000-73b6c0c35000 r--p 00010000 00:6a 10174777                   /home/ubuntu/.local/lib/python3.10/site-packages/propcache/_helpers_c.cpython-310-x86_64-linux-gnu.so
73b6c0c35000-73b6c0c36000 r--p 00013000 00:6a 10174777                   /home/ubuntu/.local/lib/python3.10/site-packages/propcache/_helpers_c.cpython-310-x86_64-linux-gnu.so
73b6c0c36000-73b6c0c37000 rw-p 00014000 00:6a 10174777                   /home/ubuntu/.local/lib/python3.10/site-packages/propcache/_helpers_c.cpython-310-x86_64-linux-gnu.so
73b6c0c37000-73b6c0c38000 rw-p 00000000 00:00 0 
73b6c0c38000-73b6c0c3c000 r--p 00000000 00:6a 10045253                   /usr/lib/python3.10/lib-dynload/_asyncio.cpython-310-x86_64-linux-gnu.so
73b6c0c3c000-73b6c0c44000 r-xp 00004000 00:6a 10045253                   /usr/lib/python3.10/lib-dynload/_asyncio.cpython-310-x86_64-linux-gnu.so
73b6c0c44000-73b6c0c48000 r--p 0000c000 00:6a 10045253                   /usr/lib/python3.10/lib-dynload/_asyncio.cpython-310-x86_64-linux-gnu.so
73b6c0c48000-73b6c0c49000 ---p 00010000 00:6a 10045253                   /usr/lib/python3.10/lib-dynload/_asyncio.cpython-310-x86_64-linux-gnu.so
73b6c0c49000-73b6c0c4a000 r--p 00010000 00:6a 10045253                   /usr/lib/python3.10/lib-dynload/_asyncio.cpython-310-x86_64-linux-gnu.so
73b6c0c4a000-73b6c0c4c000 rw-p 00011000 00:6a 10045253                   /usr/lib/python3.10/lib-dynload/_asyncio.cpython-310-x86_64-linux-gnu.so
73b6c0c4c000-73b6c1a58000 r--p 00000000 00:6a 10159918                   /home/ubuntu/.local/lib/python3.10/site-packages/torch/lib/libtorch_cuda.so
73b6c1a58000-73b6c4a28000 r-xp 00e0c000 00:6a 10159918                   /home/ubuntu/.local/lib/python3.10/site-packages/torch/lib/libtorch_cuda.so
73b6c4a28000-73b6f8eb5000 r--p 03ddc000 00:6a 10159918                   /home/ubuntu/.local/lib/python3.10/site-packages/torch/lib/libtorch_cuda.so
73b6f8eb5000-73b6f8f2f000 r--p 38268000 00:6a 10159918                   /home/ubuntu/.local/lib/python3.10/site-packages/torch/lib/libtorch_cuda.so
73b6f8f2f000-73b6f8f55000 rw-p 382e2000 00:6a 10159918                   /home/ubuntu/.local/lib/python3.10/site-packages/torch/lib/libtorch_cuda.so
73b6f8f55000-73b6f9c9f000 rw-p 00000000 00:00 0 
73b6f9c9f000-73b6fa7b3000 rw-p 39cdf000 00:6a 10159918                   /home/ubuntu/.local/lib/python3.10/site-packages/torch/lib/libtorch_cuda.so
73b6fa7b3000-73b6fb6e3000 r--p 00000000 00:6a 10159917                   /home/ubuntu/.local/lib/python3.10/site-packages/torch/lib/libtorch_cpu.so
73b6fb6e3000-73b70bc8f000 r-xp 00f30000 00:6a 10159917                   /home/ubuntu/.local/lib/python3.10/site-packages/torch/lib/libtorch_cpu.so
73b70bc8f000-73b70e758000 r--p 114dc000 00:6a 10159917                   /home/ubuntu/.local/lib/python3.10/site-packages/torch/lib/libtorch_cpu.so
73b70e758000-73b70e9c0000 r--p 13fa4000 00:6a 10159917                   /home/ubuntu/.local/lib/python3.10/site-packages/torch/lib/libtorch_cpu.so
73b70e9c0000-73b70ea33000 rw-p 1420c000 00:6a 10159917                   /home/ubuntu/.local/lib/python3.10/site-packages/torch/lib/libtorch_cpu.so
73b70ea33000-73b70eb43000 rw-p 00000000 00:00 0 
73b70eb43000-73b70f10a000 rw-p 19aed000 00:6a 10159917                   /home/ubuntu/.local/lib/python3.10/site-packages/torch/lib/libtorch_cpu.so
73b70f10a000-73b70f2b4000 r--p 00000000 00:6a 10159922                   /home/ubuntu/.local/lib/python3.10/site-packages/torch/lib/libtorch_python.so
73b70f2b4000-73b70ffb3000 r-xp 001aa000 00:6a 10159922                   /home/ubuntu/.local/lib/python3.10/site-packages/torch/lib/libtorch_python.so
73b70ffb3000-73b710460000 r--p 00ea9000 00:6a 10159922                   /home/ubuntu/.local/lib/python3.10/site-packages/torch/lib/libtorch_python.so
73b710460000-73b710489000 r--p 01355000 00:6a 10159922                   /home/ubuntu/.local/lib/python3.10/site-packages/torch/lib/libtorch_python.so
73b710489000-73b7104f1000 rw-p 0137e000 00:6a 10159922                   /home/ubuntu/.local/lib/python3.10/site-packages/torch/lib/libtorch_python.so
73b7104f1000-73b710565000 rw-p 00000000 00:00 0 
73b710565000-73b710600000 rw-p 01da9000 00:6a 10159922                   /home/ubuntu/.local/lib/python3.10/site-packages/torch/lib/libtorch_python.so
73b710600000-73b713077000 r-xp 00000000 00:6a 10100349                   /home/ubuntu/.local/lib/python3.10/site-packages/nvidia/nvjitlink/lib/libnvJitLink.so.12
73b713077000-73b713277000 ---p 02a77000 00:6a 10100349                   /home/ubuntu/.local/lib/python3.10/site-packages/nvidia/nvjitlink/lib/libnvJitLink.so.12
73b713277000-73b7137a2000 r--p 02a77000 00:6a 10100349                   /home/ubuntu/.local/lib/python3.10/site-packages/nvidia/nvjitlink/lib/libnvJitLink.so.12
73b7137a2000-73b713815000 rw-p 02fa2000 00:6a 10100349                   /home/ubuntu/.local/lib/python3.10/site-packages/nvidia/nvjitlink/lib/libnvJitLink.so.12
73b713815000-73b713889000 rw-p 00000000 00:00 0 
73b713889000-73b71388a000 r--p 00000000 00:6a 10226175                   /home/ubuntu/.local/lib/python3.10/site-packages/scipy/optimize/_lsap.cpython-310-x86_64-linux-gnu.so
73b71388a000-73b71388c000 r-xp 00001000 00:6a 10226175                   /home/ubuntu/.local/lib/python3.10/site-packages/scipy/optimize/_lsap.cpython-310-x86_64-linux-gnu.so
73b71388c000-73b71388e000 r--p 00003000 00:6a 10226175                   /home/ubuntu/.local/lib/python3.10/site-packages/scipy/optimize/_lsap.cpython-310-x86_64-linux-gnu.so
73b71388e000-73b71388f000 r--p 00004000 00:6a 10226175                   /home/ubuntu/.local/lib/python3.10/site-packages/scipy/optimize/_lsap.cpython-310-x86_64-linux-gnu.so
73b71388f000-73b713890000 rw-p 00005000 00:6a 10226175                   /home/ubuntu/.local/lib/python3.10/site-packages/scipy/optimize/_lsap.cpython-310-x86_64-linux-gnu.so
73b713890000-73b713894000 r--p 00000000 00:6a 10175416                   /home/ubuntu/.local/lib/python3.10/site-packages/numpy/random/_bounded_integers.cpython-310-x86_64-linux-gnu.so
73b713894000-73b7138d9000 r-xp 00004000 00:6a 10175416                   /home/ubuntu/.local/lib/python3.10/site-packages/numpy/random/_bounded_integers.cpython-310-x86_64-linux-gnu.so
73b7138d9000-73b7138e2000 r--p 00049000 00:6a 10175416                   /home/ubuntu/.local/lib/python3.10/site-packages/numpy/random/_bounded_integers.cpython-310-x86_64-linux-gnu.so
73b7138e2000-73b7138e3000 r--p 00051000 00:6a 10175416                   /home/ubuntu/.local/lib/python3.10/site-packages/numpy/random/_bounded_integers.cpython-310-x86_64-linux-gnu.so
73b7138e3000-73b7138e4000 rw-p 00052000 00:6a 10175416                   /home/ubuntu/.local/lib/python3.10/site-packages/numpy/random/_bounded_integers.cpython-310-x86_64-linux-gnu.so
73b7138e4000-73b7138e5000 rw-p 00000000 00:00 0 
73b7138e5000-73b7138e9000 r--p 00000000 00:6a 10175412                   /home/ubuntu/.local/lib/python3.10/site-packages/numpy/random/_common.cpython-310-x86_64-linux-gnu.so
73b7138e9000-73b71391b000 r-xp 00004000 00:6a 10175412                   /home/ubuntu/.local/lib/python3.10/site-packages/numpy/random/_common.cpython-310-x86_64-linux-gnu.so
73b71391b000-73b71391f000 r--p 00036000 00:6a 10175412                   /home/ubuntu/.local/lib/python3.10/site-packages/numpy/random/_common.cpython-310-x86_64-linux-gnu.so
73b71391f000-73b713920000 ---p 0003a000 00:6a 10175412                   /home/ubuntu/.local/lib/python3.10/site-packages/numpy/random/_common.cpython-310-x86_64-linux-gnu.so
73b713920000-73b713921000 r--p 0003a000 00:6a 10175412                   /home/ubuntu/.local/lib/python3.10/site-packages/numpy/random/_common.cpython-310-x86_64-linux-gnu.so
73b713921000-73b713922000 rw-p 0003b000 00:6a 10175412                   /home/ubuntu/.local/lib/python3.10/site-packages/numpy/random/_common.cpython-310-x86_64-linux-gnu.so
73b713922000-73b7139d4000 rw-p 00000000 00:00 0 
73b7139d4000-73b713a6e000 r--p 00000000 00:6a 25773467                   /usr/lib/x86_64-linux-gnu/libstdc++.so.6.0.30
73b713a6e000-73b713b7f000 r-xp 0009a000 00:6a 25773467                   /usr/lib/x86_64-linux-gnu/libstdc++.so.6.0.30
73b713b7f000-73b713bee000 r--p 001ab000 00:6a 25773467                   /usr/lib/x86_64-linux-gnu/libstdc++.so.6.0.30
73b713bee000-73b713bef000 ---p 0021a000 00:6a 25773467                   /usr/lib/x86_64-linux-gnu/libstdc++.so.6.0.30
73b713bef000-73b713bfa000 r--p 0021a000 00:6a 25773467                   /usr/lib/x86_64-linux-gnu/libstdc++.so.6.0.30
73b713bfa000-73b713bfd000 rw-p 00225000 00:6a 25773467                   /usr/lib/x86_64-linux-gnu/libstdc++.so.6.0.30
73b713bfd000-73b713c00000 rw-p 00000000 00:00 0 
73b713c00000-73b714113000 r-xp 00000000 00:6a 10100555                   /home/ubuntu/.local/lib/python3.10/site-packages/nvidia/cuda_nvrtc/lib/libnvrtc-builtins.so.12.6
73b714113000-73b714312000 ---p 00513000 00:6a 10100555                   /home/ubuntu/.local/lib/python3.10/site-packages/nvidia/cuda_nvrtc/lib/libnvrtc-builtins.so.12.6
73b714312000-73b714313000 r--p 00512000 00:6a 10100555                   /home/ubuntu/.local/lib/python3.10/site-packages/nvidia/cuda_nvrtc/lib/libnvrtc-builtins.so.12.6
73b714313000-73b714314000 rw-p 00513000 00:6a 10100555                   /home/ubuntu/.local/lib/python3.10/site-packages/nvidia/cuda_nvrtc/lib/libnvrtc-builtins.so.12.6
73b714314000-73b714315000 r--s 00000000 08:00 45646370                   /home/ubuntu/tbazzocchi/FRAG/MedRAG/corpus/wikipedia/index/bm25/_y.fdx
73b714315000-73b714316000 r--p 00000000 00:6a 11010630                   /home/ubuntu/.local/lib/python3.10/site-packages/tensorflow/lite/python/analyzer_wrapper/_pywrap_analyzer_wrapper.so
73b714316000-73b714317000 r-xp 00000000 00:6a 11010630                   /home/ubuntu/.local/lib/python3.10/site-packages/tensorflow/lite/python/analyzer_wrapper/_pywrap_analyzer_wrapper.so
73b714317000-73b714318000 r--p 00000000 00:6a 11010630                   /home/ubuntu/.local/lib/python3.10/site-packages/tensorflow/lite/python/analyzer_wrapper/_pywrap_analyzer_wrapper.so
73b714318000-73b714319000 rw-p 00000000 00:6a 11010630                   /home/ubuntu/.local/lib/python3.10/site-packages/tensorflow/lite/python/analyzer_wrapper/_pywrap_analyzer_wrapper.so
73b714319000-73b71431c000 r--p 00000000 00:6a 10554495                   /home/ubuntu/.local/lib/python3.10/site-packages/psutil/_psutil_linux.abi3.so
73b71431c000-73b71431f000 r-xp 00003000 00:6a 10554495                   /home/ubuntu/.local/lib/python3.10/site-packages/psutil/_psutil_linux.abi3.so
73b71431f000-73b714320000 r--p 00006000 00:6a 10554495                   /home/ubuntu/.local/lib/python3.10/site-packages/psutil/_psutil_linux.abi3.so
73b714320000-73b714321000 r--p 00007000 00:6a 10554495                   /home/ubuntu/.local/lib/python3.10/site-packages/psutil/_psutil_linux.abi3.so
73b714321000-73b714322000 rw-p 00008000 00:6a 10554495                   /home/ubuntu/.local/lib/python3.10/site-packages/psutil/_psutil_linux.abi3.so
73b714322000-73b714325000 r--p 00000000 00:6a 10175414                   /home/ubuntu/.local/lib/python3.10/site-packages/numpy/random/_sfc64.cpython-310-x86_64-linux-gnu.so
73b714325000-73b71432e000 r-xp 00003000 00:6a 10175414                   /home/ubuntu/.local/lib/python3.10/site-packages/numpy/random/_sfc64.cpython-310-x86_64-linux-gnu.so
73b71432e000-73b714331000 r--p 0000c000 00:6a 10175414                   /home/ubuntu/.local/lib/python3.10/site-packages/numpy/random/_sfc64.cpython-310-x86_64-linux-gnu.so
73b714331000-73b714332000 r--p 0000e000 00:6a 10175414                   /home/ubuntu/.local/lib/python3.10/site-packages/numpy/random/_sfc64.cpython-310-x86_64-linux-gnu.so
73b714332000-73b714333000 rw-p 0000f000 00:6a 10175414                   /home/ubuntu/.local/lib/python3.10/site-packages/numpy/random/_sfc64.cpython-310-x86_64-linux-gnu.so
73b714333000-73b714336000 r--p 00000000 00:6a 10175411                   /home/ubuntu/.local/lib/python3.10/site-packages/numpy/random/_pcg64.cpython-310-x86_64-linux-gnu.so
73b714336000-73b714348000 r-xp 00003000 00:6a 10175411                   /home/ubuntu/.local/lib/python3.10/site-packages/numpy/random/_pcg64.cpython-310-x86_64-linux-gnu.so
73b714348000-73b71434d000 r--p 00015000 00:6a 10175411                   /home/ubuntu/.local/lib/python3.10/site-packages/numpy/random/_pcg64.cpython-310-x86_64-linux-gnu.so
73b71434d000-73b71434e000 r--p 00019000 00:6a 10175411                   /home/ubuntu/.local/lib/python3.10/site-packages/numpy/random/_pcg64.cpython-310-x86_64-linux-gnu.so
73b71434e000-73b71434f000 rw-p 0001a000 00:6a 10175411                   /home/ubuntu/.local/lib/python3.10/site-packages/numpy/random/_pcg64.cpython-310-x86_64-linux-gnu.so
73b71434f000-73b714400000 rw-p 00000000 00:00 0 
73b714400000-73b7174ef000 r-xp 00000000 00:6a 10100556                   /home/ubuntu/.local/lib/python3.10/site-packages/nvidia/cuda_nvrtc/lib/libnvrtc.so.12
73b7174ef000-73b7176ee000 ---p 030ef000 00:6a 10100556                   /home/ubuntu/.local/lib/python3.10/site-packages/nvidia/cuda_nvrtc/lib/libnvrtc.so.12
73b7176ee000-73b717c77000 r--p 030ee000 00:6a 10100556                   /home/ubuntu/.local/lib/python3.10/site-packages/nvidia/cuda_nvrtc/lib/libnvrtc.so.12
73b717c77000-73b717d5e000 rw-p 03677000 00:6a 10100556                   /home/ubuntu/.local/lib/python3.10/site-packages/nvidia/cuda_nvrtc/lib/libnvrtc.so.12
73b717d5e000-73b71803a000 rw-p 00000000 00:00 0 
73b71803a000-73b718200000 ---p 03c3a000 00:6a 10100556                   /home/ubuntu/.local/lib/python3.10/site-packages/nvidia/cuda_nvrtc/lib/libnvrtc.so.12
73b718200000-73b718202000 rw-p 03800000 00:6a 10100556                   /home/ubuntu/.local/lib/python3.10/site-packages/nvidia/cuda_nvrtc/lib/libnvrtc.so.12
73b718202000-73b718203000 rw-s 00000000 00:71 5                          /dev/shm/sem.xJW1bP (deleted)
73b718203000-73b718204000 r--p 00000000 00:6a 10226173                   /home/ubuntu/.local/lib/python3.10/site-packages/scipy/optimize/_zeros.cpython-310-x86_64-linux-gnu.so
73b718204000-73b718206000 r-xp 00001000 00:6a 10226173                   /home/ubuntu/.local/lib/python3.10/site-packages/scipy/optimize/_zeros.cpython-310-x86_64-linux-gnu.so
73b718206000-73b718207000 r--p 00003000 00:6a 10226173                   /home/ubuntu/.local/lib/python3.10/site-packages/scipy/optimize/_zeros.cpython-310-x86_64-linux-gnu.so
73b718207000-73b718208000 r--p 00003000 00:6a 10226173                   /home/ubuntu/.local/lib/python3.10/site-packages/scipy/optimize/_zeros.cpython-310-x86_64-linux-gnu.so
73b718208000-73b718209000 rw-p 00004000 00:6a 10226173                   /home/ubuntu/.local/lib/python3.10/site-packages/scipy/optimize/_zeros.cpython-310-x86_64-linux-gnu.so
73b718209000-73b71820b000 r--p 00000000 00:6a 10235070                   /home/ubuntu/.local/lib/python3.10/site-packages/sklearn/__check_build/_check_build.cpython-310-x86_64-linux-gnu.so
73b71820b000-73b71820e000 r-xp 00002000 00:6a 10235070                   /home/ubuntu/.local/lib/python3.10/site-packages/sklearn/__check_build/_check_build.cpython-310-x86_64-linux-gnu.so
73b71820e000-73b71820f000 r--p 00005000 00:6a 10235070                   /home/ubuntu/.local/lib/python3.10/site-packages/sklearn/__check_build/_check_build.cpython-310-x86_64-linux-gnu.so
73b71820f000-73b718210000 ---p 00006000 00:6a 10235070                   /home/ubuntu/.local/lib/python3.10/site-packages/sklearn/__check_build/_check_build.cpython-310-x86_64-linux-gnu.so
73b718210000-73b718211000 r--p 00006000 00:6a 10235070                   /home/ubuntu/.local/lib/python3.10/site-packages/sklearn/__check_build/_check_build.cpython-310-x86_64-linux-gnu.so
73b718211000-73b718212000 rw-p 00007000 00:6a 10235070                   /home/ubuntu/.local/lib/python3.10/site-packages/sklearn/__check_build/_check_build.cpython-310-x86_64-linux-gnu.so
73b718212000-73b718215000 r--p 00000000 00:6a 10175418                   /home/ubuntu/.local/lib/python3.10/site-packages/numpy/random/_philox.cpython-310-x86_64-linux-gnu.so
73b718215000-73b718224000 r-xp 00003000 00:6a 10175418                   /home/ubuntu/.local/lib/python3.10/site-packages/numpy/random/_philox.cpython-310-x86_64-linux-gnu.so
73b718224000-73b718228000 r--p 00012000 00:6a 10175418                   /home/ubuntu/.local/lib/python3.10/site-packages/numpy/random/_philox.cpython-310-x86_64-linux-gnu.so
73b718228000-73b718229000 r--p 00015000 00:6a 10175418                   /home/ubuntu/.local/lib/python3.10/site-packages/numpy/random/_philox.cpython-310-x86_64-linux-gnu.so
73b718229000-73b71822a000 rw-p 00016000 00:6a 10175418                   /home/ubuntu/.local/lib/python3.10/site-packages/numpy/random/_philox.cpython-310-x86_64-linux-gnu.so
73b71822a000-73b718286000 rw-p 00000000 00:00 0 
73b718286000-73b718287000 ---p 00000000 00:00 0 
73b718287000-73b718288000 r--p 00000000 00:00 0 
73b718288000-73b71828a000 r--p 00000000 00:6a 10045292                   /usr/lib/python3.10/lib-dynload/resource.cpython-310-x86_64-linux-gnu.so
73b71828a000-73b71828b000 r-xp 00002000 00:6a 10045292                   /usr/lib/python3.10/lib-dynload/resource.cpython-310-x86_64-linux-gnu.so
73b71828b000-73b71828c000 r--p 00003000 00:6a 10045292                   /usr/lib/python3.10/lib-dynload/resource.cpython-310-x86_64-linux-gnu.so
73b71828c000-73b71828d000 r--p 00003000 00:6a 10045292                   /usr/lib/python3.10/lib-dynload/resource.cpython-310-x86_64-linux-gnu.so
73b71828d000-73b71828e000 rw-p 00004000 00:6a 10045292                   /usr/lib/python3.10/lib-dynload/resource.cpython-310-x86_64-linux-gnu.so
73b71828e000-73b718291000 r--p 00000000 00:6a 10175421                   /home/ubuntu/.local/lib/python3.10/site-packages/numpy/random/_mt19937.cpython-310-x86_64-linux-gnu.so
73b718291000-73b7182a2000 r-xp 00003000 00:6a 10175421                   /home/ubuntu/.local/lib/python3.10/site-packages/numpy/random/_mt19937.cpython-310-x86_64-linux-gnu.so
73b7182a2000-73b7182a7000 r--p 00014000 00:6a 10175421                   /home/ubuntu/.local/lib/python3.10/site-packages/numpy/random/_mt19937.cpython-310-x86_64-linux-gnu.so
73b7182a7000-73b7182a8000 r--p 00018000 00:6a 10175421                   /home/ubuntu/.local/lib/python3.10/site-packages/numpy/random/_mt19937.cpython-310-x86_64-linux-gnu.so
73b7182a8000-73b7182a9000 rw-p 00019000 00:6a 10175421                   /home/ubuntu/.local/lib/python3.10/site-packages/numpy/random/_mt19937.cpython-310-x86_64-linux-gnu.so
73b7182a9000-73b7182ae000 r--p 00000000 00:6a 10175433                   /home/ubuntu/.local/lib/python3.10/site-packages/numpy/random/bit_generator.cpython-310-x86_64-linux-gnu.so
73b7182ae000-73b7182d1000 r-xp 00005000 00:6a 10175433                   /home/ubuntu/.local/lib/python3.10/site-packages/numpy/random/bit_generator.cpython-310-x86_64-linux-gnu.so
73b7182d1000-73b7182db000 r--p 00028000 00:6a 10175433                   /home/ubuntu/.local/lib/python3.10/site-packages/numpy/random/bit_generator.cpython-310-x86_64-linux-gnu.so
73b7182db000-73b7182dc000 r--p 00031000 00:6a 10175433                   /home/ubuntu/.local/lib/python3.10/site-packages/numpy/random/bit_generator.cpython-310-x86_64-linux-gnu.so
73b7182dc000-73b7182de000 rw-p 00032000 00:6a 10175433                   /home/ubuntu/.local/lib/python3.10/site-packages/numpy/random/bit_generator.cpython-310-x86_64-linux-gnu.so
73b7182de000-73b7182df000 rw-p 00000000 00:00 0 
73b7182df000-73b718308000 r--p 00000000 00:6a 10159912                   /home/ubuntu/.local/lib/python3.10/site-packages/torch/lib/libc10.so
73b718308000-73b7183aa000 r-xp 00029000 00:6a 10159912                   /home/ubuntu/.local/lib/python3.10/site-packages/torch/lib/libc10.so
73b7183aa000-73b7183df000 r--p 000cb000 00:6a 10159912                   /home/ubuntu/.local/lib/python3.10/site-packages/torch/lib/libc10.so
73b7183df000-73b7183e2000 r--p 000ff000 00:6a 10159912                   /home/ubuntu/.local/lib/python3.10/site-packages/torch/lib/libc10.so
73b7183e2000-73b7183e9000 rw-p 00102000 00:6a 10159912                   /home/ubuntu/.local/lib/python3.10/site-packages/torch/lib/libc10.so
73b7183e9000-73b7183eb000 rw-p 00000000 00:00 0 
73b7183eb000-73b718400000 rw-p 0014f000 00:6a 10159912                   /home/ubuntu/.local/lib/python3.10/site-packages/torch/lib/libc10.so
73b718400000-73b718437000 r-xp 00000000 00:6a 10159930                   /home/ubuntu/.local/lib/python3.10/site-packages/torch/lib/libgomp.so.1
73b718437000-73b718636000 ---p 00037000 00:6a 10159930                   /home/ubuntu/.local/lib/python3.10/site-packages/torch/lib/libgomp.so.1
73b718636000-73b718637000 r--p 00036000 00:6a 10159930                   /home/ubuntu/.local/lib/python3.10/site-packages/torch/lib/libgomp.so.1
73b718637000-73b718638000 rw-p 00037000 00:6a 10159930                   /home/ubuntu/.local/lib/python3.10/site-packages/torch/lib/libgomp.so.1
73b718638000-73b71863d000 rw-p 0003a000 00:6a 10159930                   /home/ubuntu/.local/lib/python3.10/site-packages/torch/lib/libgomp.so.1
73b71863d000-73b71863e000 r--p 00000000 00:6a 10226471                   /home/ubuntu/.local/lib/python3.10/site-packages/scipy/special/libsf_error_state.so
73b71863e000-73b71863f000 r-xp 00001000 00:6a 10226471                   /home/ubuntu/.local/lib/python3.10/site-packages/scipy/special/libsf_error_state.so
73b71863f000-73b718640000 r--p 00002000 00:6a 10226471                   /home/ubuntu/.local/lib/python3.10/site-packages/scipy/special/libsf_error_state.so
73b718640000-73b718641000 r--p 00002000 00:6a 10226471                   /home/ubuntu/.local/lib/python3.10/site-packages/scipy/special/libsf_error_state.so
73b718641000-73b718642000 rw-p 00003000 00:6a 10226471                   /home/ubuntu/.local/lib/python3.10/site-packages/scipy/special/libsf_error_state.so
73b718642000-73b718645000 r--p 00000000 00:6a 10238300                   /home/ubuntu/.local/lib/python3.10/site-packages/aiohttp/_websocket/mask.cpython-310-x86_64-linux-gnu.so
73b718645000-73b718649000 r-xp 00003000 00:6a 10238300                   /home/ubuntu/.local/lib/python3.10/site-packages/aiohttp/_websocket/mask.cpython-310-x86_64-linux-gnu.so
73b718649000-73b71864b000 r--p 00007000 00:6a 10238300                   /home/ubuntu/.local/lib/python3.10/site-packages/aiohttp/_websocket/mask.cpython-310-x86_64-linux-gnu.so
73b71864b000-73b71864c000 r--p 00008000 00:6a 10238300                   /home/ubuntu/.local/lib/python3.10/site-packages/aiohttp/_websocket/mask.cpython-310-x86_64-linux-gnu.so
73b71864c000-73b71864d000 rw-p 00009000 00:6a 10238300                   /home/ubuntu/.local/lib/python3.10/site-packages/aiohttp/_websocket/mask.cpython-310-x86_64-linux-gnu.so
73b71864d000-73b718650000 r--p 00000000 00:6a 10045272                   /usr/lib/python3.10/lib-dynload/_multibytecodec.cpython-310-x86_64-linux-gnu.so
73b718650000-73b718656000 r-xp 00003000 00:6a 10045272                   /usr/lib/python3.10/lib-dynload/_multibytecodec.cpython-310-x86_64-linux-gnu.so
73b718656000-73b718658000 r--p 00009000 00:6a 10045272                   /usr/lib/python3.10/lib-dynload/_multibytecodec.cpython-310-x86_64-linux-gnu.so
73b718658000-73b718659000 r--p 0000a000 00:6a 10045272                   /usr/lib/python3.10/lib-dynload/_multibytecodec.cpython-310-x86_64-linux-gnu.so
73b718659000-73b71865a000 rw-p 0000b000 00:6a 10045272                   /usr/lib/python3.10/lib-dynload/_multibytecodec.cpython-310-x86_64-linux-gnu.so
73b71865a000-73b71865b000 r--p 00000000 00:6a 10224957                   /home/ubuntu/.local/lib/python3.10/site-packages/charset_normalizer/md.cpython-310-x86_64-linux-gnu.so
73b71865b000-73b71865c000 r-xp 00001000 00:6a 10224957                   /home/ubuntu/.local/lib/python3.10/site-packages/charset_normalizer/md.cpython-310-x86_64-linux-gnu.so
73b71865c000-73b71865d000 r--p 00002000 00:6a 10224957                   /home/ubuntu/.local/lib/python3.10/site-packages/charset_normalizer/md.cpython-310-x86_64-linux-gnu.so
73b71865d000-73b71865e000 r--p 00002000 00:6a 10224957                   /home/ubuntu/.local/lib/python3.10/site-packages/charset_normalizer/md.cpython-310-x86_64-linux-gnu.so
73b71865e000-73b71865f000 rw-p 00003000 00:6a 10224957                   /home/ubuntu/.local/lib/python3.10/site-packages/charset_normalizer/md.cpython-310-x86_64-linux-gnu.so
73b71865f000-73b718661000 r--p 00000000 00:6a 10045273                   /usr/lib/python3.10/lib-dynload/_multiprocessing.cpython-310-x86_64-linux-gnu.so
73b718661000-73b718663000 r-xp 00002000 00:6a 10045273                   /usr/lib/python3.10/lib-dynload/_multiprocessing.cpython-310-x86_64-linux-gnu.so
73b718663000-73b718664000 r--p 00004000 00:6a 10045273                   /usr/lib/python3.10/lib-dynload/_multiprocessing.cpython-310-x86_64-linux-gnu.so
73b718664000-73b718665000 r--p 00004000 00:6a 10045273                   /usr/lib/python3.10/lib-dynload/_multiprocessing.cpython-310-x86_64-linux-gnu.so
73b718665000-73b718666000 rw-p 00005000 00:6a 10045273                   /usr/lib/python3.10/lib-dynload/_multiprocessing.cpython-310-x86_64-linux-gnu.so
73b718666000-73b71866b000 r--p 00000000 00:6a 42012583                   /usr/lib/x86_64-linux-gnu/libmpdec.so.2.5.1
73b71866b000-73b71868c000 r-xp 00005000 00:6a 42012583                   /usr/lib/x86_64-linux-gnu/libmpdec.so.2.5.1
73b71868c000-73b718693000 r--p 00026000 00:6a 42012583                   /usr/lib/x86_64-linux-gnu/libmpdec.so.2.5.1
73b718693000-73b718694000 r--p 0002c000 00:6a 42012583                   /usr/lib/x86_64-linux-gnu/libmpdec.so.2.5.1
73b718694000-73b718695000 rw-p 0002d000 00:6a 42012583                   /usr/lib/x86_64-linux-gnu/libmpdec.so.2.5.1
73b718695000-73b71869d000 r--p 00000000 00:6a 10045268                   /usr/lib/python3.10/lib-dynload/_decimal.cpython-310-x86_64-linux-gnu.so
73b71869d000-73b7186b2000 r-xp 00008000 00:6a 10045268                   /usr/lib/python3.10/lib-dynload/_decimal.cpython-310-x86_64-linux-gnu.so
73b7186b2000-73b7186be000 r--p 0001d000 00:6a 10045268                   /usr/lib/python3.10/lib-dynload/_decimal.cpython-310-x86_64-linux-gnu.so
73b7186be000-73b7186bf000 r--p 00028000 00:6a 10045268                   /usr/lib/python3.10/lib-dynload/_decimal.cpython-310-x86_64-linux-gnu.so
73b7186bf000-73b7186c2000 rw-p 00029000 00:6a 10045268                   /usr/lib/python3.10/lib-dynload/_decimal.cpython-310-x86_64-linux-gnu.so
73b7186c2000-73b7186c4000 r--p 00000000 00:6a 25773485                   /usr/lib/x86_64-linux-gnu/libuuid.so.1.3.0
73b7186c4000-73b7186c8000 r-xp 00002000 00:6a 25773485                   /usr/lib/x86_64-linux-gnu/libuuid.so.1.3.0
73b7186c8000-73b7186c9000 r--p 00006000 00:6a 25773485                   /usr/lib/x86_64-linux-gnu/libuuid.so.1.3.0
73b7186c9000-73b7186ca000 r--p 00006000 00:6a 25773485                   /usr/lib/x86_64-linux-gnu/libuuid.so.1.3.0
73b7186ca000-73b7186cb000 rw-p 00007000 00:6a 25773485                   /usr/lib/x86_64-linux-gnu/libuuid.so.1.3.0
73b7186cb000-73b7186cc000 r--p 00000000 00:6a 10045274                   /usr/lib/python3.10/lib-dynload/_posixshmem.cpython-310-x86_64-linux-gnu.so
73b7186cc000-73b7186cd000 r-xp 00001000 00:6a 10045274                   /usr/lib/python3.10/lib-dynload/_posixshmem.cpython-310-x86_64-linux-gnu.so
73b7186cd000-73b7186ce000 r--p 00002000 00:6a 10045274                   /usr/lib/python3.10/lib-dynload/_posixshmem.cpython-310-x86_64-linux-gnu.so
73b7186ce000-73b7186cf000 r--p 00002000 00:6a 10045274                   /usr/lib/python3.10/lib-dynload/_posixshmem.cpython-310-x86_64-linux-gnu.so
73b7186cf000-73b7186d0000 rw-p 00003000 00:6a 10045274                   /usr/lib/python3.10/lib-dynload/_posixshmem.cpython-310-x86_64-linux-gnu.so
73b7186d0000-73b7186d1000 r--p 00000000 00:6a 10045283                   /usr/lib/python3.10/lib-dynload/_uuid.cpython-310-x86_64-linux-gnu.so
73b7186d1000-73b7186d2000 r-xp 00001000 00:6a 10045283                   /usr/lib/python3.10/lib-dynload/_uuid.cpython-310-x86_64-linux-gnu.so
73b7186d2000-73b7186d3000 r--p 00002000 00:6a 10045283                   /usr/lib/python3.10/lib-dynload/_uuid.cpython-310-x86_64-linux-gnu.so
73b7186d3000-73b7186d4000 r--p 00002000 00:6a 10045283                   /usr/lib/python3.10/lib-dynload/_uuid.cpython-310-x86_64-linux-gnu.so
73b7186d4000-73b7186d5000 rw-p 00003000 00:6a 10045283                   /usr/lib/python3.10/lib-dynload/_uuid.cpython-310-x86_64-linux-gnu.so
73b7186d5000-73b718755000 rw-p 00000000 00:00 0 
73b718755000-73b718765000 r--p 00000000 00:6a 10159913                   /home/ubuntu/.local/lib/python3.10/site-packages/torch/lib/libc10_cuda.so
73b718765000-73b7187b8000 r-xp 00010000 00:6a 10159913                   /home/ubuntu/.local/lib/python3.10/site-packages/torch/lib/libc10_cuda.so
73b7187b8000-73b7187cf000 r--p 00063000 00:6a 10159913                   /home/ubuntu/.local/lib/python3.10/site-packages/torch/lib/libc10_cuda.so
73b7187cf000-73b7187d1000 r--p 00079000 00:6a 10159913                   /home/ubuntu/.local/lib/python3.10/site-packages/torch/lib/libc10_cuda.so
73b7187d1000-73b7187d2000 rw-p 0007b000 00:6a 10159913                   /home/ubuntu/.local/lib/python3.10/site-packages/torch/lib/libc10_cuda.so
73b7187d2000-73b7187f8000 rw-p 00000000 00:00 0 
73b7187f8000-73b718800000 rw-p 000a3000 00:6a 10159913                   /home/ubuntu/.local/lib/python3.10/site-packages/torch/lib/libc10_cuda.so
73b718800000-73b7188a9000 r-xp 00000000 00:6a 10100534                   /home/ubuntu/.local/lib/python3.10/site-packages/nvidia/cuda_runtime/lib/libcudart.so.12
73b7188a9000-73b718aa9000 ---p 000a9000 00:6a 10100534                   /home/ubuntu/.local/lib/python3.10/site-packages/nvidia/cuda_runtime/lib/libcudart.so.12
73b718aa9000-73b718aae000 r--p 000a9000 00:6a 10100534                   /home/ubuntu/.local/lib/python3.10/site-packages/nvidia/cuda_runtime/lib/libcudart.so.12
73b718aae000-73b718aaf000 rw-p 000ae000 00:6a 10100534                   /home/ubuntu/.local/lib/python3.10/site-packages/nvidia/cuda_runtime/lib/libcudart.so.12
73b718aaf000-73b718ab1000 rw-p 00000000 00:00 0 
73b718ab1000-73b718ab2000 r--p 00000000 00:6a 11010646                   /home/ubuntu/.local/lib/python3.10/site-packages/tensorflow/lite/python/interpreter_wrapper/_pywrap_tensorflow_interpreter_wrapper.so
73b718ab2000-73b718ab3000 r-xp 00000000 00:6a 11010646                   /home/ubuntu/.local/lib/python3.10/site-packages/tensorflow/lite/python/interpreter_wrapper/_pywrap_tensorflow_interpreter_wrapper.so
73b718ab3000-73b718ab4000 r--p 00000000 00:6a 11010646                   /home/ubuntu/.local/lib/python3.10/site-packages/tensorflow/lite/python/interpreter_wrapper/_pywrap_tensorflow_interpreter_wrapper.so
73b718ab4000-73b718ab5000 rw-p 00000000 00:6a 11010646                   /home/ubuntu/.local/lib/python3.10/site-packages/tensorflow/lite/python/interpreter_wrapper/_pywrap_tensorflow_interpreter_wrapper.so
73b718ab5000-73b718ab7000 r--p 00000000 00:6a 10045275                   /usr/lib/python3.10/lib-dynload/_queue.cpython-310-x86_64-linux-gnu.so
73b718ab7000-73b718ab9000 r-xp 00002000 00:6a 10045275                   /usr/lib/python3.10/lib-dynload/_queue.cpython-310-x86_64-linux-gnu.so
73b718ab9000-73b718aba000 r--p 00004000 00:6a 10045275                   /usr/lib/python3.10/lib-dynload/_queue.cpython-310-x86_64-linux-gnu.so
73b718aba000-73b718abb000 r--p 00004000 00:6a 10045275                   /usr/lib/python3.10/lib-dynload/_queue.cpython-310-x86_64-linux-gnu.so
73b718abb000-73b718abc000 rw-p 00005000 00:6a 10045275                   /usr/lib/python3.10/lib-dynload/_queue.cpython-310-x86_64-linux-gnu.so
73b718abc000-73b718ac0000 r--p 00000000 00:6a 10045506                   /usr/lib/python3.10/lib-dynload/_hashlib.cpython-310-x86_64-linux-gnu.so
73b718ac0000-73b718ac6000 r-xp 00004000 00:6a 10045506                   /usr/lib/python3.10/lib-dynload/_hashlib.cpython-310-x86_64-linux-gnu.so
73b718ac6000-73b718aca000 r--p 0000a000 00:6a 10045506                   /usr/lib/python3.10/lib-dynload/_hashlib.cpython-310-x86_64-linux-gnu.so
73b718aca000-73b718acb000 r--p 0000d000 00:6a 10045506                   /usr/lib/python3.10/lib-dynload/_hashlib.cpython-310-x86_64-linux-gnu.so
73b718acb000-73b718acd000 rw-p 0000e000 00:6a 10045506                   /usr/lib/python3.10/lib-dynload/_hashlib.cpython-310-x86_64-linux-gnu.so
73b718acd000-73b718ad3000 r--p 00000000 00:6a 10175371                   /home/ubuntu/.local/lib/python3.10/site-packages/numpy/linalg/_umath_linalg.cpython-310-x86_64-linux-gnu.so
73b718ad3000-73b718af3000 r-xp 00006000 00:6a 10175371                   /home/ubuntu/.local/lib/python3.10/site-packages/numpy/linalg/_umath_linalg.cpython-310-x86_64-linux-gnu.so
73b718af3000-73b718af8000 r--p 00026000 00:6a 10175371                   /home/ubuntu/.local/lib/python3.10/site-packages/numpy/linalg/_umath_linalg.cpython-310-x86_64-linux-gnu.so
73b718af8000-73b718af9000 r--p 0002a000 00:6a 10175371                   /home/ubuntu/.local/lib/python3.10/site-packages/numpy/linalg/_umath_linalg.cpython-310-x86_64-linux-gnu.so
73b718af9000-73b718afa000 rw-p 0002b000 00:6a 10175371                   /home/ubuntu/.local/lib/python3.10/site-packages/numpy/linalg/_umath_linalg.cpython-310-x86_64-linux-gnu.so
73b718afa000-73b718afb000 rw-p 00000000 00:00 0 
73b718afb000-73b718afd000 rw-p 00032000 00:6a 10175371                   /home/ubuntu/.local/lib/python3.10/site-packages/numpy/linalg/_umath_linalg.cpython-310-x86_64-linux-gnu.so
73b718afd000-73b718afe000 rw-p 00034000 00:6a 10175371                   /home/ubuntu/.local/lib/python3.10/site-packages/numpy/linalg/_umath_linalg.cpython-310-x86_64-linux-gnu.so
73b718afe000-73b718aff000 r--p 00000000 00:6a 42020368                   /usr/lib/x86_64-linux-gnu/libutil.so.1
73b718aff000-73b718b00000 r-xp 00001000 00:6a 42020368                   /usr/lib/x86_64-linux-gnu/libutil.so.1
73b718b00000-73b718b01000 r--p 00002000 00:6a 42020368                   /usr/lib/x86_64-linux-gnu/libutil.so.1
73b718b01000-73b718b02000 r--p 00002000 00:6a 42020368                   /usr/lib/x86_64-linux-gnu/libutil.so.1
73b718b02000-73b718b03000 rw-p 00003000 00:6a 42020368                   /usr/lib/x86_64-linux-gnu/libutil.so.1
73b718b03000-73b718b06000 r--p 00000000 00:6a 10159915                   /home/ubuntu/.local/lib/python3.10/site-packages/torch/lib/libshm.so
73b718b06000-73b718b09000 r-xp 00003000 00:6a 10159915                   /home/ubuntu/.local/lib/python3.10/site-packages/torch/lib/libshm.so
73b718b09000-73b718b0a000 r--p 00006000 00:6a 10159915                   /home/ubuntu/.local/lib/python3.10/site-packages/torch/lib/libshm.so
73b718b0a000-73b718b0b000 r--p 00006000 00:6a 10159915                   /home/ubuntu/.local/lib/python3.10/site-packages/torch/lib/libshm.so
73b718b0b000-73b718b0c000 rw-p 00007000 00:6a 10159915                   /home/ubuntu/.local/lib/python3.10/site-packages/torch/lib/libshm.so
73b718b0c000-73b718b0e000 rw-p 0000b000 00:6a 10159915                   /home/ubuntu/.local/lib/python3.10/site-packages/torch/lib/libshm.so
73b718b0e000-73b718b19000 r--p 00000000 00:6a 10159916                   /home/ubuntu/.local/lib/python3.10/site-packages/torch/lib/libtorch.so
73b718b19000-73b718b41000 r-xp 0000b000 00:6a 10159916                   /home/ubuntu/.local/lib/python3.10/site-packages/torch/lib/libtorch.so
73b718b41000-73b718b4b000 r--p 00033000 00:6a 10159916                   /home/ubuntu/.local/lib/python3.10/site-packages/torch/lib/libtorch.so
73b718b4b000-73b718b4c000 r--p 0003c000 00:6a 10159916                   /home/ubuntu/.local/lib/python3.10/site-packages/torch/lib/libtorch.so
73b718b4c000-73b718b4d000 rw-p 0003d000 00:6a 10159916                   /home/ubuntu/.local/lib/python3.10/site-packages/torch/lib/libtorch.so
73b718b4d000-73b718b53000 rw-p 0004e000 00:6a 10159916                   /home/ubuntu/.local/lib/python3.10/site-packages/torch/lib/libtorch.so
73b718b53000-73b718b54000 r--p 00000000 00:6a 10103858                   /home/ubuntu/.local/lib/python3.10/site-packages/torch/_C.cpython-310-x86_64-linux-gnu.so
73b718b54000-73b718b55000 r-xp 00001000 00:6a 10103858                   /home/ubuntu/.local/lib/python3.10/site-packages/torch/_C.cpython-310-x86_64-linux-gnu.so
73b718b55000-73b718b56000 r--p 00002000 00:6a 10103858                   /home/ubuntu/.local/lib/python3.10/site-packages/torch/_C.cpython-310-x86_64-linux-gnu.so
73b718b56000-73b718b57000 r--p 00002000 00:6a 10103858                   /home/ubuntu/.local/lib/python3.10/site-packages/torch/_C.cpython-310-x86_64-linux-gnu.so
73b718b57000-73b718b58000 rw-p 00003000 00:6a 10103858                   /home/ubuntu/.local/lib/python3.10/site-packages/torch/_C.cpython-310-x86_64-linux-gnu.so
73b718b58000-73b718b59000 rw-p 00006000 00:6a 10103858                   /home/ubuntu/.local/lib/python3.10/site-packages/torch/_C.cpython-310-x86_64-linux-gnu.so
73b718b59000-73b718b5c000 r--p 00000000 00:6a 25773383                   /usr/lib/x86_64-linux-gnu/libgcc_s.so.1
73b718b5c000-73b718b73000 r-xp 00003000 00:6a 25773383                   /usr/lib/x86_64-linux-gnu/libgcc_s.so.1
73b718b73000-73b718b77000 r--p 0001a000 00:6a 25773383                   /usr/lib/x86_64-linux-gnu/libgcc_s.so.1
73b718b77000-73b718b78000 r--p 0001d000 00:6a 25773383                   /usr/lib/x86_64-linux-gnu/libgcc_s.so.1
73b718b78000-73b718b79000 rw-p 0001e000 00:6a 25773383                   /usr/lib/x86_64-linux-gnu/libgcc_s.so.1
73b718b79000-73b718b7a000 r--p 00000000 00:6a 42020364                   /usr/lib/x86_64-linux-gnu/librt.so.1
73b718b7a000-73b718b7b000 r-xp 00001000 00:6a 42020364                   /usr/lib/x86_64-linux-gnu/librt.so.1
73b718b7b000-73b718b7c000 r--p 00002000 00:6a 42020364                   /usr/lib/x86_64-linux-gnu/librt.so.1
73b718b7c000-73b718b7d000 r--p 00002000 00:6a 42020364                   /usr/lib/x86_64-linux-gnu/librt.so.1
73b718b7d000-73b718b7e000 rw-p 00003000 00:6a 42020364                   /usr/lib/x86_64-linux-gnu/librt.so.1
73b718b7e000-73b718b7f000 r--p 00000000 00:6a 42020340                   /usr/lib/x86_64-linux-gnu/libdl.so.2
73b718b7f000-73b718b80000 r-xp 00001000 00:6a 42020340                   /usr/lib/x86_64-linux-gnu/libdl.so.2
73b718b80000-73b718b81000 r--p 00002000 00:6a 42020340                   /usr/lib/x86_64-linux-gnu/libdl.so.2
73b718b81000-73b718b82000 r--p 00002000 00:6a 42020340                   /usr/lib/x86_64-linux-gnu/libdl.so.2
73b718b82000-73b718b83000 rw-p 00003000 00:6a 42020340                   /usr/lib/x86_64-linux-gnu/libdl.so.2
73b718b83000-73b718b84000 r--p 00000000 00:6a 42020360                   /usr/lib/x86_64-linux-gnu/libpthread.so.0
73b718b84000-73b718b85000 r-xp 00001000 00:6a 42020360                   /usr/lib/x86_64-linux-gnu/libpthread.so.0
73b718b85000-73b718b86000 r--p 00002000 00:6a 42020360                   /usr/lib/x86_64-linux-gnu/libpthread.so.0
73b718b86000-73b718b87000 r--p 00002000 00:6a 42020360                   /usr/lib/x86_64-linux-gnu/libpthread.so.0
73b718b87000-73b718b88000 rw-p 00003000 00:6a 42020360                   /usr/lib/x86_64-linux-gnu/libpthread.so.0
73b718b88000-73b718b89000 r--p 00000000 00:6a 10159920                   /home/ubuntu/.local/lib/python3.10/site-packages/torch/lib/libtorch_global_deps.so
73b718b89000-73b718b8a000 r-xp 00001000 00:6a 10159920                   /home/ubuntu/.local/lib/python3.10/site-packages/torch/lib/libtorch_global_deps.so
73b718b8a000-73b718b8b000 r--p 00002000 00:6a 10159920                   /home/ubuntu/.local/lib/python3.10/site-packages/torch/lib/libtorch_global_deps.so
73b718b8b000-73b718b8c000 r--p 00002000 00:6a 10159920                   /home/ubuntu/.local/lib/python3.10/site-packages/torch/lib/libtorch_global_deps.so
73b718b8c000-73b718b8d000 rw-p 00003000 00:6a 10159920                   /home/ubuntu/.local/lib/python3.10/site-packages/torch/lib/libtorch_global_deps.so
73b718b8d000-73b718b8e000 rw-p 00004000 00:6a 10159920                   /home/ubuntu/.local/lib/python3.10/site-packages/torch/lib/libtorch_global_deps.so
73b718b8e000-73b718c8e000 rw-p 00000000 00:00 0 
73b718c8e000-73b718c91000 r--p 00000000 00:6a 25773409                   /usr/lib/x86_64-linux-gnu/liblzma.so.5.2.5
73b718c91000-73b718cac000 r-xp 00003000 00:6a 25773409                   /usr/lib/x86_64-linux-gnu/liblzma.so.5.2.5
73b718cac000-73b718cb7000 r--p 0001e000 00:6a 25773409                   /usr/lib/x86_64-linux-gnu/liblzma.so.5.2.5
73b718cb7000-73b718cb8000 r--p 00028000 00:6a 25773409                   /usr/lib/x86_64-linux-gnu/liblzma.so.5.2.5
73b718cb8000-73b718cb9000 rw-p 00029000 00:6a 25773409                   /usr/lib/x86_64-linux-gnu/liblzma.so.5.2.5
73b718cb9000-73b718cbc000 r--p 00000000 00:6a 10045271                   /usr/lib/python3.10/lib-dynload/_lzma.cpython-310-x86_64-linux-gnu.so
73b718cbc000-73b718cc0000 r-xp 00003000 00:6a 10045271                   /usr/lib/python3.10/lib-dynload/_lzma.cpython-310-x86_64-linux-gnu.so
73b718cc0000-73b718cc3000 r--p 00007000 00:6a 10045271                   /usr/lib/python3.10/lib-dynload/_lzma.cpython-310-x86_64-linux-gnu.so
73b718cc3000-73b718cc4000 r--p 00009000 00:6a 10045271                   /usr/lib/python3.10/lib-dynload/_lzma.cpython-310-x86_64-linux-gnu.so
73b718cc4000-73b718cc5000 rw-p 0000a000 00:6a 10045271                   /usr/lib/python3.10/lib-dynload/_lzma.cpython-310-x86_64-linux-gnu.so
73b718cc5000-73b718ec5000 rw-p 00000000 00:00 0 
73b718ec5000-73b718ec6000 r--s 00000000 00:05 1197                       /dev/nvidiactl
73b718ec6000-73b718ec8000 r--p 00000000 00:6a 10045288                   /usr/lib/python3.10/lib-dynload/mmap.cpython-310-x86_64-linux-gnu.so
73b718ec8000-73b718ecb000 r-xp 00002000 00:6a 10045288                   /usr/lib/python3.10/lib-dynload/mmap.cpython-310-x86_64-linux-gnu.so
73b718ecb000-73b718ecd000 r--p 00005000 00:6a 10045288                   /usr/lib/python3.10/lib-dynload/mmap.cpython-310-x86_64-linux-gnu.so
73b718ecd000-73b718ece000 r--p 00006000 00:6a 10045288                   /usr/lib/python3.10/lib-dynload/mmap.cpython-310-x86_64-linux-gnu.so
73b718ece000-73b718ecf000 rw-p 00007000 00:6a 10045288                   /usr/lib/python3.10/lib-dynload/mmap.cpython-310-x86_64-linux-gnu.so
73b718ecf000-73b718ed0000 r--p 00000000 00:6a 10174975                   /home/ubuntu/.local/lib/python3.10/site-packages/numpy/fft/_pocketfft_internal.cpython-310-x86_64-linux-gnu.so
73b718ed0000-73b718ee3000 r-xp 00001000 00:6a 10174975                   /home/ubuntu/.local/lib/python3.10/site-packages/numpy/fft/_pocketfft_internal.cpython-310-x86_64-linux-gnu.so
73b718ee3000-73b718ee5000 r--p 00014000 00:6a 10174975                   /home/ubuntu/.local/lib/python3.10/site-packages/numpy/fft/_pocketfft_internal.cpython-310-x86_64-linux-gnu.so
73b718ee5000-73b718ee6000 r--p 00015000 00:6a 10174975                   /home/ubuntu/.local/lib/python3.10/site-packages/numpy/fft/_pocketfft_internal.cpython-310-x86_64-linux-gnu.so
73b718ee6000-73b718ee7000 rw-p 00016000 00:6a 10174975                   /home/ubuntu/.local/lib/python3.10/site-packages/numpy/fft/_pocketfft_internal.cpython-310-x86_64-linux-gnu.so
73b718ee7000-73b718eee000 r--p 00000000 00:6a 10175495                   /home/ubuntu/.local/lib/python3.10/site-packages/numpy/core/_multiarray_tests.cpython-310-x86_64-linux-gnu.so
73b718eee000-73b718f05000 r-xp 00007000 00:6a 10175495                   /home/ubuntu/.local/lib/python3.10/site-packages/numpy/core/_multiarray_tests.cpython-310-x86_64-linux-gnu.so
73b718f05000-73b718f0b000 r--p 0001e000 00:6a 10175495                   /home/ubuntu/.local/lib/python3.10/site-packages/numpy/core/_multiarray_tests.cpython-310-x86_64-linux-gnu.so
73b718f0b000-73b718f0c000 r--p 00023000 00:6a 10175495                   /home/ubuntu/.local/lib/python3.10/site-packages/numpy/core/_multiarray_tests.cpython-310-x86_64-linux-gnu.so
73b718f0c000-73b718f0e000 rw-p 00024000 00:6a 10175495                   /home/ubuntu/.local/lib/python3.10/site-packages/numpy/core/_multiarray_tests.cpython-310-x86_64-linux-gnu.so
73b718f0e000-73b718f10000 r--p 00000000 00:6a 25773378                   /usr/lib/x86_64-linux-gnu/libffi.so.8.1.0
73b718f10000-73b718f17000 r-xp 00002000 00:6a 25773378                   /usr/lib/x86_64-linux-gnu/libffi.so.8.1.0
73b718f17000-73b718f18000 r--p 00009000 00:6a 25773378                   /usr/lib/x86_64-linux-gnu/libffi.so.8.1.0
73b718f18000-73b718f19000 ---p 0000a000 00:6a 25773378                   /usr/lib/x86_64-linux-gnu/libffi.so.8.1.0
73b718f19000-73b718f1a000 r--p 0000a000 00:6a 25773378                   /usr/lib/x86_64-linux-gnu/libffi.so.8.1.0
73b718f1a000-73b718f1b000 rw-p 0000b000 00:6a 25773378                   /usr/lib/x86_64-linux-gnu/libffi.so.8.1.0
73b718f1b000-73b718f21000 r--p 00000000 00:6a 10045263                   /usr/lib/python3.10/lib-dynload/_ctypes.cpython-310-x86_64-linux-gnu.so
73b718f21000-73b718f31000 r-xp 00006000 00:6a 10045263                   /usr/lib/python3.10/lib-dynload/_ctypes.cpython-310-x86_64-linux-gnu.so
73b718f31000-73b718f37000 r--p 00016000 00:6a 10045263                   /usr/lib/python3.10/lib-dynload/_ctypes.cpython-310-x86_64-linux-gnu.so
73b718f37000-73b718f38000 r--p 0001b000 00:6a 10045263                   /usr/lib/python3.10/lib-dynload/_ctypes.cpython-310-x86_64-linux-gnu.so
73b718f38000-73b718f3c000 rw-p 0001c000 00:6a 10045263                   /usr/lib/python3.10/lib-dynload/_ctypes.cpython-310-x86_64-linux-gnu.so
73b718f3c000-73b718f3e000 r--p 00000000 00:6a 10045269                   /usr/lib/python3.10/lib-dynload/_json.cpython-310-x86_64-linux-gnu.so
73b718f3e000-73b718f45000 r-xp 00002000 00:6a 10045269                   /usr/lib/python3.10/lib-dynload/_json.cpython-310-x86_64-linux-gnu.so
73b718f45000-73b718f47000 r--p 00009000 00:6a 10045269                   /usr/lib/python3.10/lib-dynload/_json.cpython-310-x86_64-linux-gnu.so
73b718f47000-73b718f48000 r--p 0000a000 00:6a 10045269                   /usr/lib/python3.10/lib-dynload/_json.cpython-310-x86_64-linux-gnu.so
73b718f48000-73b718f49000 rw-p 0000b000 00:6a 10045269                   /usr/lib/python3.10/lib-dynload/_json.cpython-310-x86_64-linux-gnu.so
73b718f49000-73b719049000 rw-p 00000000 00:00 0 
73b719049000-73b71904a000 r--p 00000000 00:6a 11010632                   /home/ubuntu/.local/lib/python3.10/site-packages/tensorflow/lite/python/metrics/_pywrap_tensorflow_lite_metrics_wrapper.so
73b71904a000-73b71904b000 r-xp 00000000 00:6a 11010632                   /home/ubuntu/.local/lib/python3.10/site-packages/tensorflow/lite/python/metrics/_pywrap_tensorflow_lite_metrics_wrapper.so
73b71904b000-73b71904c000 r--p 00000000 00:6a 11010632                   /home/ubuntu/.local/lib/python3.10/site-packages/tensorflow/lite/python/metrics/_pywrap_tensorflow_lite_metrics_wrapper.so
73b71904c000-73b71904d000 rw-p 00000000 00:6a 11010632                   /home/ubuntu/.local/lib/python3.10/site-packages/tensorflow/lite/python/metrics/_pywrap_tensorflow_lite_metrics_wrapper.so
73b71904d000-73b71904f000 r--p 00000000 00:6a 25773357                   /usr/lib/x86_64-linux-gnu/libbz2.so.1.0.4
73b71904f000-73b71905c000 r-xp 00002000 00:6a 25773357                   /usr/lib/x86_64-linux-gnu/libbz2.so.1.0.4
73b71905c000-73b71905e000 r--p 0000f000 00:6a 25773357                   /usr/lib/x86_64-linux-gnu/libbz2.so.1.0.4
73b71905e000-73b71905f000 r--p 00010000 00:6a 25773357                   /usr/lib/x86_64-linux-gnu/libbz2.so.1.0.4
73b71905f000-73b719060000 rw-p 00011000 00:6a 25773357                   /usr/lib/x86_64-linux-gnu/libbz2.so.1.0.4
73b719060000-73b719061000 r--p 00000000 00:6a 10045261                   /usr/lib/python3.10/lib-dynload/_contextvars.cpython-310-x86_64-linux-gnu.so
73b719061000-73b719062000 r-xp 00001000 00:6a 10045261                   /usr/lib/python3.10/lib-dynload/_contextvars.cpython-310-x86_64-linux-gnu.so
73b719062000-73b719063000 r--p 00002000 00:6a 10045261                   /usr/lib/python3.10/lib-dynload/_contextvars.cpython-310-x86_64-linux-gnu.so
73b719063000-73b719064000 r--p 00002000 00:6a 10045261                   /usr/lib/python3.10/lib-dynload/_contextvars.cpython-310-x86_64-linux-gnu.so
73b719064000-73b719065000 rw-p 00003000 00:6a 10045261                   /usr/lib/python3.10/lib-dynload/_contextvars.cpython-310-x86_64-linux-gnu.so
73b719065000-73b719067000 r--p 00000000 00:6a 10045254                   /usr/lib/python3.10/lib-dynload/_bz2.cpython-310-x86_64-linux-gnu.so
73b719067000-73b71906a000 r-xp 00002000 00:6a 10045254                   /usr/lib/python3.10/lib-dynload/_bz2.cpython-310-x86_64-linux-gnu.so
73b71906a000-73b71906c000 r--p 00005000 00:6a 10045254                   /usr/lib/python3.10/lib-dynload/_bz2.cpython-310-x86_64-linux-gnu.so
73b71906c000-73b71906d000 r--p 00006000 00:6a 10045254                   /usr/lib/python3.10/lib-dynload/_bz2.cpython-310-x86_64-linux-gnu.so
73b71906d000-73b71906e000 rw-p 00007000 00:6a 10045254                   /usr/lib/python3.10/lib-dynload/_bz2.cpython-310-x86_64-linux-gnu.so
73b71906e000-73b7192d0000 rw-p 00000000 00:00 0 
73b7192d0000-73b7192d7000 r--s 00000000 00:6a 42020870                   /usr/lib/x86_64-linux-gnu/gconv/gconv-modules.cache
73b7192d7000-73b71932e000 r--p 00000000 00:6a 25642035                   /usr/lib/locale/C.utf8/LC_CTYPE
73b71932e000-73b719330000 rw-p 00000000 00:00 0 
73b719330000-73b719358000 r--p 00000000 00:6a 42020336                   /usr/lib/x86_64-linux-gnu/libc.so.6
73b719358000-73b7194ed000 r-xp 00028000 00:6a 42020336                   /usr/lib/x86_64-linux-gnu/libc.so.6
73b7194ed000-73b719545000 r--p 001bd000 00:6a 42020336                   /usr/lib/x86_64-linux-gnu/libc.so.6
73b719545000-73b719546000 ---p 00215000 00:6a 42020336                   /usr/lib/x86_64-linux-gnu/libc.so.6
73b719546000-73b71954a000 r--p 00215000 00:6a 42020336                   /usr/lib/x86_64-linux-gnu/libc.so.6
73b71954a000-73b71954c000 rw-p 00219000 00:6a 42020336                   /usr/lib/x86_64-linux-gnu/libc.so.6
73b71954c000-73b719559000 rw-p 00000000 00:00 0 
73b719559000-73b71955b000 r--p 00000000 00:6a 25773489                   /usr/lib/x86_64-linux-gnu/libz.so.1.2.11
73b71955b000-73b71956c000 r-xp 00002000 00:6a 25773489                   /usr/lib/x86_64-linux-gnu/libz.so.1.2.11
73b71956c000-73b719572000 r--p 00013000 00:6a 25773489                   /usr/lib/x86_64-linux-gnu/libz.so.1.2.11
73b719572000-73b719573000 ---p 00019000 00:6a 25773489                   /usr/lib/x86_64-linux-gnu/libz.so.1.2.11
73b719573000-73b719574000 r--p 00019000 00:6a 25773489                   /usr/lib/x86_64-linux-gnu/libz.so.1.2.11
73b719574000-73b719575000 rw-p 0001a000 00:6a 25773489                   /usr/lib/x86_64-linux-gnu/libz.so.1.2.11
73b719575000-73b719579000 r--p 00000000 00:6a 9914585                    /usr/lib/x86_64-linux-gnu/libexpat.so.1.8.7
73b719579000-73b719598000 r-xp 00004000 00:6a 9914585                    /usr/lib/x86_64-linux-gnu/libexpat.so.1.8.7
73b719598000-73b7195a2000 r--p 00023000 00:6a 9914585                    /usr/lib/x86_64-linux-gnu/libexpat.so.1.8.7
73b7195a2000-73b7195a3000 ---p 0002d000 00:6a 9914585                    /usr/lib/x86_64-linux-gnu/libexpat.so.1.8.7
73b7195a3000-73b7195a5000 r--p 0002d000 00:6a 9914585                    /usr/lib/x86_64-linux-gnu/libexpat.so.1.8.7
73b7195a5000-73b7195a6000 rw-p 0002f000 00:6a 9914585                    /usr/lib/x86_64-linux-gnu/libexpat.so.1.8.7
73b7195a6000-73b7195b4000 r--p 00000000 00:6a 42020342                   /usr/lib/x86_64-linux-gnu/libm.so.6
73b7195b4000-73b719630000 r-xp 0000e000 00:6a 42020342                   /usr/lib/x86_64-linux-gnu/libm.so.6
73b719630000-73b71968b000 r--p 0008a000 00:6a 42020342                   /usr/lib/x86_64-linux-gnu/libm.so.6
73b71968b000-73b71968c000 r--p 000e4000 00:6a 42020342                   /usr/lib/x86_64-linux-gnu/libm.so.6
73b71968c000-73b71968d000 rw-p 000e5000 00:6a 42020342                   /usr/lib/x86_64-linux-gnu/libm.so.6
73b71968d000-73b71968e000 r--p 00000000 00:6a 10045507                   /usr/lib/python3.10/lib-dynload/_opcode.cpython-310-x86_64-linux-gnu.so
73b71968e000-73b71968f000 r-xp 00001000 00:6a 10045507                   /usr/lib/python3.10/lib-dynload/_opcode.cpython-310-x86_64-linux-gnu.so
73b71968f000-73b719690000 r--p 00002000 00:6a 10045507                   /usr/lib/python3.10/lib-dynload/_opcode.cpython-310-x86_64-linux-gnu.so
73b719690000-73b719691000 r--p 00002000 00:6a 10045507                   /usr/lib/python3.10/lib-dynload/_opcode.cpython-310-x86_64-linux-gnu.so
73b719691000-73b719692000 rw-p 00003000 00:6a 10045507                   /usr/lib/python3.10/lib-dynload/_opcode.cpython-310-x86_64-linux-gnu.so
73b719692000-73b719694000 rw-p 00000000 00:00 0 
73b719694000-73b719696000 r--p 00000000 00:6a 42020330                   /usr/lib/x86_64-linux-gnu/ld-linux-x86-64.so.2
73b719696000-73b7196c0000 r-xp 00002000 00:6a 42020330                   /usr/lib/x86_64-linux-gnu/ld-linux-x86-64.so.2
73b7196c0000-73b7196cb000 r--p 0002c000 00:6a 42020330                   /usr/lib/x86_64-linux-gnu/ld-linux-x86-64.so.2
73b7196cb000-73b7196cc000 ---p 00000000 00:00 0 
73b7196cc000-73b7196ce000 r--p 00037000 00:6a 42020330                   /usr/lib/x86_64-linux-gnu/ld-linux-x86-64.so.2
73b7196ce000-73b7196d0000 rw-p 00039000 00:6a 42020330                   /usr/lib/x86_64-linux-gnu/ld-linux-x86-64.so.2
7ffe5cc57000-7ffe5cc5b000 ---p 00000000 00:00 0 
7ffe5cc5b000-7ffe5cd57000 rw-p 00000000 00:00 0                          [stack]
7ffe5cdcf000-7ffe5cdd3000 r--p 00000000 00:00 0                          [vvar]
7ffe5cdd3000-7ffe5cdd5000 r-xp 00000000 00:00 0                          [vdso]
ffffffffff600000-ffffffffff601000 --xp 00000000 00:00 0                  [vsyscall]


VM Arguments:
java_command: <unknown>
java_class_path (initial): /home/ubuntu/.local/lib/python3.10/site-packages/pyserini/resources/jars/anserini-0.22.1-fatjar.jar:/home/ubuntu/.local/lib/python3.10/site-packages/jnius/src
Launcher Type: generic

[Global flags]
     intx CICompilerCount                          = 12                                        {product} {ergonomic}
     uint ConcGCThreads                            = 4                                         {product} {ergonomic}
     uint G1ConcRefinementThreads                  = 15                                        {product} {ergonomic}
   size_t G1HeapRegionSize                         = 16777216                                  {product} {ergonomic}
    uintx GCDrainStackTargetSize                   = 64                                        {product} {ergonomic}
   size_t InitialHeapSize                          = 2147483648                                {product} {ergonomic}
   size_t MarkStackSize                            = 4194304                                   {product} {ergonomic}
   size_t MaxHeapSize                              = 32178700288                               {product} {ergonomic}
   size_t MaxNewSize                               = 19293798400                               {product} {ergonomic}
   size_t MinHeapDeltaBytes                        = 16777216                                  {product} {ergonomic}
   size_t MinHeapSize                              = 16777216                                  {product} {ergonomic}
    uintx NonNMethodCodeHeapSize                   = 7602480                                {pd product} {ergonomic}
    uintx NonProfiledCodeHeapSize                  = 122027880                              {pd product} {ergonomic}
    uintx ProfiledCodeHeapSize                     = 122027880                              {pd product} {ergonomic}
    uintx ReservedCodeCacheSize                    = 251658240                              {pd product} {ergonomic}
     bool SegmentedCodeCache                       = true                                      {product} {ergonomic}
   size_t SoftMaxHeapSize                          = 32178700288                            {manageable} {ergonomic}
     bool UseCompressedClassPointers               = true                           {product lp64_product} {ergonomic}
     bool UseCompressedOops                        = true                           {product lp64_product} {ergonomic}
     bool UseG1GC                                  = true                                      {product} {ergonomic}

Logging:
Log output configuration:
 #0: stdout all=off uptime,level,tags
 #1: stderr all=off uptime,level,tags

Environment Variables:
PATH=/home/ubuntu/.local/bin:/usr/local/sbin:/usr/local/bin:/usr/sbin:/usr/bin:/sbin:/bin:/usr/games:/usr/local/games:/snap/bin
SHELL=/bin/bash
LC_CTYPE=C.UTF-8
TERM=xterm-256color

Active Locale:
LC_ALL=LC_CTYPE=C.UTF-8;LC_NUMERIC=C;LC_TIME=C;LC_COLLATE=C;LC_MONETARY=C;LC_MESSAGES=C;LC_PAPER=C;LC_NAME=C;LC_ADDRESS=C;LC_TELEPHONE=C;LC_MEASUREMENT=C;LC_IDENTIFICATION=C
LC_COLLATE=C
LC_CTYPE=C.UTF-8
LC_MESSAGES=C
LC_MONETARY=C
LC_NUMERIC=C
LC_TIME=C

Signal Handlers:
   SIGSEGV: crash_handler in libjvm.so, mask=11100100010111111101111111111110, flags=SA_RESTART|SA_SIGINFO, unblocked
    SIGBUS: crash_handler in libjvm.so, mask=11100100010111111101111111111110, flags=SA_RESTART|SA_SIGINFO, unblocked
    SIGFPE: crash_handler in libjvm.so, mask=11100100010111111101111111111110, flags=SA_RESTART|SA_SIGINFO, unblocked
   SIGPIPE: javaSignalHandler in libjvm.so, mask=11100100010111111101111111111110, flags=SA_RESTART|SA_SIGINFO, blocked
   SIGXFSZ: javaSignalHandler in libjvm.so, mask=11100100010111111101111111111110, flags=SA_RESTART|SA_SIGINFO, blocked
    SIGILL: crash_handler in libjvm.so, mask=11100100010111111101111111111110, flags=SA_RESTART|SA_SIGINFO, unblocked
   SIGUSR2: SR_handler in libjvm.so, mask=00100000000000000000000000000000, flags=SA_RESTART|SA_SIGINFO, blocked
    SIGHUP: UserHandler in libjvm.so, mask=11100100010111111101111111111110, flags=SA_RESTART|SA_SIGINFO, blocked
    SIGINT: UserHandler in libjvm.so, mask=11100100010111111101111111111110, flags=SA_RESTART|SA_SIGINFO, blocked
   SIGTERM: UserHandler in libjvm.so, mask=11100100010111111101111111111110, flags=SA_RESTART|SA_SIGINFO, blocked
   SIGQUIT: UserHandler in libjvm.so, mask=11100100010111111101111111111110, flags=SA_RESTART|SA_SIGINFO, blocked
   SIGTRAP: crash_handler in libjvm.so, mask=11100100010111111101111111111110, flags=SA_RESTART|SA_SIGINFO, unblocked


Periodic native trim disabled


---------------  S Y S T E M  ---------------

OS:
DISTRIB_ID=Ubuntu
DISTRIB_RELEASE=22.04
DISTRIB_CODENAME=jammy
DISTRIB_DESCRIPTION="Ubuntu 22.04.4 LTS"
uname: Linux 6.8.0-88-generic #89-Ubuntu SMP PREEMPT_DYNAMIC Sat Oct 11 01:02:46 UTC 2025 x86_64
OS uptime: 8 days 1:48 hours
libc: glibc 2.35 NPTL 2.35 
rlimit (soft/hard): STACK 8192k/infinity , CORE infinity/infinity , NPROC infinity/infinity , NOFILE 1048576/1048576 , AS infinity/infinity , CPU infinity/infinity , DATA infinity/infinity , FSIZE infinity/infinity , MEMLOCK 8192k/8192k
load average: 12.13 12.66 12.33

/proc/meminfo:
MemTotal:       395724324 kB
MemFree:        114863252 kB
MemAvailable:   232659868 kB
Buffers:         3545320 kB
Cached:         112531280 kB
SwapCached:          116 kB
Active:         98140640 kB
Inactive:       80489360 kB
Active(anon):   62153828 kB
Inactive(anon):   416884 kB
Active(file):   35986812 kB
Inactive(file): 80072476 kB
Unevictable:           0 kB
Mlocked:               0 kB
SwapTotal:      268435452 kB
SwapFree:       268400636 kB
Zswap:                 0 kB
Zswapped:              0 kB
Dirty:              5012 kB
Writeback:             0 kB
AnonPages:      62553484 kB
Mapped:         17632324 kB
Shmem:             17380 kB
KReclaimable:    4816812 kB
Slab:            6053404 kB
SReclaimable:    4816812 kB
SUnreclaim:      1236592 kB
KernelStack:       25936 kB
PageTables:       339192 kB
SecPageTables:         0 kB
NFS_Unstable:          0 kB
Bounce:                0 kB
WritebackTmp:          0 kB
CommitLimit:    466297612 kB
Committed_AS:   83154672 kB
VmallocTotal:   34359738367 kB
VmallocUsed:      326000 kB
VmallocChunk:          0 kB
Percpu:            58400 kB
HardwareCorrupted: 94904292 kB
AnonHugePages:      6144 kB
ShmemHugePages:        0 kB
ShmemPmdMapped:        0 kB
FileHugePages:         0 kB
FilePmdMapped:         0 kB
Unaccepted:            0 kB
HugePages_Total:       0
HugePages_Free:        0
HugePages_Rsvd:        0
HugePages_Surp:        0
Hugepagesize:       2048 kB
Hugetlb:               0 kB
DirectMap4k:     7910320 kB
DirectMap2M:    184702976 kB
DirectMap1G:    209715200 kB

/sys/kernel/mm/transparent_hugepage/enabled: always [madvise] never
/sys/kernel/mm/transparent_hugepage/hpage_pmd_size: 2097152
/sys/kernel/mm/transparent_hugepage/defrag (defrag/compaction efforts parameter): always defer defer+madvise [madvise] never

Process Memory:
Virtual Size: 173047980K (peak: 178459412K)
Resident Set Size: 67323928K (peak: 74236340K) (anon: 50992664K, file: 16319104K, shmem: 12160K)
Swapped out: 0K
C-Heap outstanding allocations: 30546898K, retained: 2363069K
glibc malloc tunables: (default)

/proc/sys/kernel/threads-max (system-wide limit on the number of threads): 3090908
/proc/sys/vm/max_map_count (maximum number of memory map areas a process may have): 1048576
/proc/sys/vm/swappiness (control to define how aggressively the kernel swaps out anonymous memory): 60
/proc/sys/kernel/pid_max (system-wide limit on number of process identifiers): 4194304

container (cgroup) information:
container_type: cgroupv2
cpu_cpuset_cpus: not supported
cpu_memory_nodes: not supported
active_processor_count: 20
cpu_quota: no quota
cpu_period: 100000
cpu_shares: no shares
memory_limit_in_bytes: unlimited
memory_and_swap_limit_in_bytes: unlimited
memory_soft_limit_in_bytes: 0
memory_usage_in_bytes: 55168400 k
memory_max_usage_in_bytes: not supported
memory_swap_current_in_bytes: 0
memory_swap_max_limit_in_bytes: unlimited
maximum number of tasks: 463636
current number of tasks: 287

Steal ticks since vm start: 0
Steal ticks percentage since vm start:  0.000

CPU: total 20 (initial active 20) (10 cores per cpu, 2 threads per core) family 6 model 85 stepping 7 microcode 0x5003901, cx8, cmov, fxsr, ht, mmx, 3dnowpref, sse, sse2, sse3, ssse3, sse4.1, sse4.2, popcnt, lzcnt, tsc, tscinvbit, avx, avx2, aes, erms, clmul, bmi1, bmi2, adx, avx512f, avx512dq, avx512cd, avx512bw, avx512vl, fma, vzeroupper, avx512_vnni, clflush, clflushopt, clwb
CPU Model and flags from /proc/cpuinfo:
model name	: Intel(R) Xeon(R) W-2255 CPU @ 3.70GHz
flags		: fpu vme de pse tsc msr pae mce cx8 apic sep mtrr pge mca cmov pat pse36 clflush dts acpi mmx fxsr sse sse2 ss ht tm pbe syscall nx pdpe1gb rdtscp lm constant_tsc art arch_perfmon pebs bts rep_good nopl xtopology nonstop_tsc cpuid aperfmperf pni pclmulqdq dtes64 monitor ds_cpl vmx smx est tm2 ssse3 sdbg fma cx16 xtpr pdcm pcid dca sse4_1 sse4_2 x2apic movbe popcnt tsc_deadline_timer aes xsave avx f16c rdrand lahf_lm abm 3dnowprefetch cpuid_fault epb cat_l3 cdp_l3 intel_ppin ssbd mba ibrs ibpb stibp ibrs_enhanced tpr_shadow flexpriority ept vpid ept_ad fsgsbase tsc_adjust bmi1 avx2 smep bmi2 erms invpcid cqm mpx rdt_a avx512f avx512dq rdseed adx smap clflushopt clwb intel_pt avx512cd avx512bw avx512vl xsaveopt xsavec xgetbv1 xsaves cqm_llc cqm_occup_llc cqm_mbm_total cqm_mbm_local dtherm ida arat pln pts hwp hwp_act_window hwp_epp hwp_pkg_req vnmi avx512_vnni md_clear flush_l1d arch_capabilities ibpb_exit_to_user

Online cpus: 0-19
Offline cpus: 
BIOS frequency limitation: <Not Available>
Frequency switch latency (ns): 0
Available cpu frequencies: <Not Available>
Current governor: powersave
Core performance/turbo boost: <Not Available>

Memory: 4k page, physical 395724324k(114983496k free), swap 268435452k(268400636k free)
Page Sizes: 4k

vm_info: OpenJDK 64-Bit Server VM (17.0.16+8-Ubuntu-0ubuntu122.04.1) for linux-amd64 JRE (17.0.16+8-Ubuntu-0ubuntu122.04.1), built on Jul 17 2025 00:00:46 by "buildd" with gcc 11.4.0

END.
